method,return,on_time,on_time_rate,weighted_on_time,completion_rate,miss_rate,mean_attention,mean_fatigue,high_fatigue_frac,break_frac,effort,seed
FIFO,5.079164524074274,6,0.5,0.5504164840987459,0.5,0.5,0.5117533237998927,0.611164924147628,0.4583333333333333,0.0,16.659092443531723,20000000
FIFO,5.991673699042971,6,0.5,0.5501741709087654,0.5833333333333334,0.5,0.5714866167618186,0.5322263570071137,0.2916666666666667,0.0,19.327000182818995,20000001
FIFO,3.779108599419967,5,0.4166666666666667,0.3840022562417976,0.5833333333333334,0.5833333333333333,0.6215378190513948,0.5788815155271912,0.3541666666666667,0.0,19.273481383098176,20000002
FIFO,2.3647272183887287,5,0.4166666666666667,0.3653829234625084,0.4166666666666667,0.5833333333333333,0.3998057782215214,0.5215928639448607,0.3333333333333333,0.0,13.853187193019448,20000003
FIFO,4.427827442724562,6,0.5,0.4378312718285678,0.5,0.5,0.3745219292795867,0.466942152310146,0.25,0.0,13.455220172008847,20000004
FIFO,3.0501634810675364,5,0.4166666666666667,0.3341082811118222,0.5,0.5833333333333333,0.4825106948100517,0.5179580738835371,0.2916666666666667,0.0,16.346886587828152,20000005
FIFO,3.0707441207558466,5,0.4166666666666667,0.39848432067738343,0.4166666666666667,0.5833333333333333,0.45104913522603757,0.5778928437253463,0.4166666666666667,0.0,14.529812972390536,20000006
FIFO,-3.758329345998974,2,0.16666666666666666,0.22881336409751413,0.16666666666666666,0.8333333333333334,0.28743897492802767,0.6573157829183381,0.5208333333333334,0.0,9.24324001948841,20000007
FIFO,-1.5027117432970716,3,0.25,0.26715425435024137,0.25,0.75,0.27228983261056733,0.588119487069558,0.4375,0.0,9.773221580752054,20000008
FIFO,4.924557463829688,6,0.5,0.4085076204049187,0.5833333333333334,0.5,0.4844001155031335,0.5360171605765205,0.2708333333333333,0.0,17.022115809562095,20000009
FIFO,2.9574360358000273,5,0.4166666666666667,0.38718322999123306,0.4166666666666667,0.5833333333333333,0.40817293786593467,0.5240158455247426,0.3125,0.0,14.063577222624305,20000010
FIFO,7.294397207581014,7,0.5833333333333334,0.6566750529275442,0.5833333333333334,0.41666666666666663,0.546016136348197,0.5187351854586516,0.1875,0.0,18.566168821061495,20000011
FIFO,6.98740762061475,7,0.5833333333333334,0.4651054601091934,0.6666666666666666,0.41666666666666663,0.5644553692370219,0.507648082098216,0.25,0.0,18.225419935010752,20000012
FIFO,3.680080331204644,5,0.4166666666666667,0.47126171074263995,0.5,0.5833333333333333,0.4293888871822437,0.5385847056693973,0.20833333333333334,0.0,15.702521597825392,20000013
FIFO,0.34681203855429454,4,0.3333333333333333,0.3292961928635785,0.3333333333333333,0.6666666666666667,0.34805288218010727,0.596599370943213,0.3958333333333333,0.0,11.18702332814272,20000014
FIFO,6.058742385728164,6,0.5,0.44725084584812647,0.6666666666666666,0.5,0.6586264024973314,0.5531520223416883,0.3333333333333333,0.0,20.290049629537442,20000015
FIFO,2.0545896188458497,5,0.4166666666666667,0.3615537286463142,0.4166666666666667,0.5833333333333333,0.35783874906604934,0.5572336990575305,0.3541666666666667,0.0,12.464040280869261,20000016
FIFO,2.711288891227939,5,0.4166666666666667,0.46216607555489414,0.4166666666666667,0.5833333333333333,0.3983944958293469,0.5619726889861497,0.3333333333333333,0.0,13.359801770829911,20000017
FIFO,1.4430755688709742,4,0.3333333333333333,0.3261267982303081,0.4166666666666667,0.6666666666666667,0.47447710636401563,0.6163502687076967,0.4583333333333333,0.0,14.54853352461173,20000018
FIFO,9.67104794523119,8,0.6666666666666666,0.6058114349679268,0.75,0.33333333333333337,0.6720282546350699,0.49556645091379686,0.25,0.0,21.787140807075783,20000019
FIFO,1.8246145854466624,4,0.3333333333333333,0.3570636836513467,0.5,0.6666666666666667,0.4586337300213219,0.5561742700949108,0.3541666666666667,0.0,15.522920064237724,20000020
FIFO,9.2744941978966,8,0.6666666666666666,0.5996996594939108,0.75,0.33333333333333337,0.5605831563890783,0.42747258625730994,0.125,0.0,20.307155733247324,20000021
FIFO,0.5787563862763225,4,0.3333333333333333,0.36784021317625787,0.3333333333333333,0.6666666666666667,0.2679853339514297,0.5377535588697099,0.20833333333333334,0.0,10.301563725528467,20000022
FIFO,3.352265895745177,5,0.4166666666666667,0.40358190579165065,0.5,0.5833333333333333,0.47586587937076436,0.5596250076105069,0.3333333333333333,0.0,16.233425315850237,20000023
FIFO,10.087905559965883,8,0.6666666666666666,0.6556846953895026,0.75,0.33333333333333337,0.6516139683154523,0.4989549102033821,0.3125,0.0,21.936661803041844,20000024
FIFO,-1.7035639913064924,3,0.25,0.25539602878391043,0.25,0.75,0.32599195326971925,0.6304901781351092,0.5,0.0,10.809283196615818,20000025
FIFO,2.479333004205367,5,0.4166666666666667,0.4230164792477814,0.4166666666666667,0.5833333333333333,0.4465004880331979,0.5705138639187591,0.375,0.0,14.522497429775159,20000026
FIFO,3.0476173284635384,5,0.4166666666666667,0.3258962345534274,0.5833333333333334,0.5833333333333333,0.4623470057172237,0.490660175696823,0.20833333333333334,0.0,15.546923961777415,20000027
FIFO,1.948285333157689,4,0.3333333333333333,0.4269307002922557,0.5,0.6666666666666667,0.47097128111047537,0.5256660621347932,0.22916666666666666,0.0,16.12859049197391,20000028
FIFO,2.9943731113160243,5,0.4166666666666667,0.4063365952751841,0.5,0.5833333333333333,0.40707965669688234,0.49034086495391294,0.14583333333333334,0.0,15.058266085469521,20000029
FIFO,-1.4753287246097178,3,0.25,0.22299888470806686,0.25,0.75,0.2878278109374472,0.5659338184248354,0.375,0.0,10.02175777571378,20000030
FIFO,5.289374628445489,6,0.5,0.47610118195278156,0.5,0.5,0.4894462004930345,0.5210062587871613,0.25,0.0,16.91036543749819,20000031
FIFO,4.680184913361995,6,0.5,0.42341689959336154,0.5,0.5,0.5351673662416173,0.536383945730407,0.3125,0.0,16.140348341218388,20000032
FIFO,2.8426503810203787,5,0.4166666666666667,0.3808080843502738,0.4166666666666667,0.5833333333333333,0.4972134812487859,0.571004585711585,0.3958333333333333,0.0,14.83459808186249,20000033
FIFO,4.744570970813543,6,0.5,0.4327370573846626,0.5,0.5,0.43369203564896197,0.5003099571422404,0.25,0.0,15.98782770267625,20000034
FIFO,1.347383779048593,4,0.3333333333333333,0.37716868612243737,0.4166666666666667,0.6666666666666667,0.44556400619512954,0.5770844352549503,0.3333333333333333,0.0,15.248719471140218,20000035
FIFO,6.733867311625169,7,0.5833333333333334,0.4911901876599787,0.6666666666666666,0.41666666666666663,0.504039482369825,0.442224747512537,0.22916666666666666,0.0,17.535658573460317,20000036
FIFO,3.4967609943723317,5,0.4166666666666667,0.3935542753198222,0.5,0.5833333333333333,0.5184287222057987,0.5772365883694057,0.375,0.0,16.673283046620263,20000037
FIFO,5.008509528131885,6,0.5,0.5308049414860532,0.5,0.5,0.46965228671823195,0.5529408645303152,0.22916666666666666,0.0,16.041269207458047,20000038
FIFO,3.064643812941176,5,0.4166666666666667,0.42270300177758596,0.4166666666666667,0.5833333333333333,0.44278419801627117,0.5537648672780985,0.2916666666666667,0.0,14.941071301852539,20000039
FIFO,1.2093854542436897,4,0.3333333333333333,0.3574274707479454,0.3333333333333333,0.6666666666666667,0.3579190008776481,0.5678529052265154,0.375,0.0,11.830845940402027,20000040
FIFO,7.669354338018247,7,0.5833333333333334,0.5815105622696664,0.5833333333333334,0.41666666666666663,0.607272150590211,0.5190983955013573,0.2916666666666667,0.0,19.492246941282655,20000041
FIFO,3.5257710804081372,5,0.4166666666666667,0.4673605356078565,0.5,0.5833333333333333,0.4887293772646823,0.5676563036148125,0.4166666666666667,0.0,16.575873533037626,20000042
FIFO,6.947559705435352,7,0.5833333333333334,0.5487367877800823,0.5833333333333334,0.41666666666666663,0.47870820757942695,0.4777462955945584,0.20833333333333334,0.0,16.26386373159295,20000043
FIFO,1.6324197848621989,4,0.3333333333333333,0.3162512658840989,0.5,0.6666666666666667,0.463063975160104,0.541530521646405,0.2708333333333333,0.0,15.512623983825202,20000044
FIFO,0.9973229196721327,4,0.3333333333333333,0.3596107280952166,0.3333333333333333,0.6666666666666667,0.35199135557965305,0.5862493302852488,0.3958333333333333,0.0,12.372834133540266,20000045
FIFO,-0.8627917060621848,3,0.25,0.30622755469057683,0.3333333333333333,0.75,0.3590900767212108,0.6306665260139485,0.4583333333333333,0.0,12.189651426331514,20000046
FIFO,5.012571067118623,6,0.5,0.45268349873807506,0.5833333333333334,0.5,0.5180390744986131,0.45233726568082755,0.20833333333333334,0.0,17.514883676533053,20000047
FIFO,2.675581267482755,5,0.4166666666666667,0.416777837695158,0.4166666666666667,0.5833333333333333,0.3682826731665972,0.5770967821270868,0.3125,0.0,12.965864680847499,20000048
FIFO,1.3711699637307175,4,0.3333333333333333,0.30625357285294663,0.5,0.6666666666666667,0.4515550503985435,0.5086471473174061,0.22916666666666666,0.0,15.314785817037004,20000049
FIFO,2.9336005566436194,5,0.4166666666666667,0.36227504919955644,0.5,0.5833333333333333,0.4231124622082518,0.521477032756107,0.3125,0.0,14.51766759747195,20000050
FIFO,5.050548452671805,6,0.5,0.4678984389121423,0.5,0.5,0.5137923882766083,0.546739016617705,0.3333333333333333,0.0,17.0912395619663,20000051
FIFO,3.4680154102921614,5,0.4166666666666667,0.426531582363131,0.5,0.5833333333333333,0.4914832741784645,0.5754638151771174,0.3333333333333333,0.0,16.577690464608054,20000052
FIFO,1.7924399237234199,4,0.3333333333333333,0.38761689762883483,0.5,0.6666666666666667,0.4621132368830099,0.5686096856845935,0.3541666666666667,0.0,16.07487262404127,20000053
FIFO,5.663037449237983,6,0.5,0.5851790259606138,0.5,0.5,0.501631499759239,0.5357885984422183,0.3333333333333333,0.0,16.87277854662129,20000054
FIFO,5.003276985806856,6,0.5,0.42823995304649703,0.5833333333333334,0.5,0.5245961601642519,0.5534061033118564,0.3125,0.0,17.4564537966258,20000055
FIFO,4.693981808698807,6,0.5,0.460515692279248,0.5,0.5,0.4603803534560578,0.5306703529138468,0.3125,0.0,15.681953901310909,20000056
FIFO,-0.990452921902458,3,0.25,0.24152741246206408,0.3333333333333333,0.75,0.348176874130454,0.6216177364406504,0.4791666666666667,0.0,11.857317788491805,20000057
FIFO,2.527730684490723,5,0.4166666666666667,0.32416299814528693,0.5,0.5833333333333333,0.4041670395477568,0.5179258323773355,0.3125,0.0,15.06430132842196,20000058
FIFO,1.2043537436383194,4,0.3333333333333333,0.38021999609340795,0.3333333333333333,0.6666666666666667,0.39751256451011824,0.6114385359228954,0.4375,0.0,12.894516957538858,20000059
FIFO,2.074417627127647,4,0.3333333333333333,0.35007624833030593,0.5,0.6666666666666667,0.5618224037135948,0.5336701954441425,0.2916666666666667,0.0,17.838865402352,20000060
FIFO,0.6684589969791617,4,0.3333333333333333,0.32639784177003606,0.3333333333333333,0.6666666666666667,0.3554297742642039,0.6080886182889281,0.4375,0.0,12.450587221353027,20000061
FIFO,2.9576706371722166,4,0.3333333333333333,0.37436575842360703,0.5833333333333334,0.6666666666666667,0.6337924223407324,0.5778321952035732,0.3333333333333333,0.0,20.662884661719627,20000062
FIFO,-1.1018746128372787,3,0.25,0.3201951548592368,0.25,0.75,0.32256507444903443,0.6047261356301655,0.4583333333333333,0.0,10.856338236799635,20000063
FIFO,5.468468035560907,6,0.5,0.3704078385084945,0.6666666666666666,0.5,0.5870474544612511,0.47225790430353504,0.25,0.0,19.23873647310819,20000064
FIFO,0.8763136467968331,4,0.3333333333333333,0.36388216331269846,0.3333333333333333,0.6666666666666667,0.3909801114147052,0.5933142703531016,0.3958333333333333,0.0,13.09785111209878,20000065
FIFO,9.588569236851205,8,0.6666666666666666,0.5976296125990771,0.6666666666666666,0.33333333333333337,0.6263120233620718,0.5208416224689457,0.3125,0.0,20.427604050967886,20000066
FIFO,3.9643928527934444,5,0.4166666666666667,0.5110112606295558,0.5,0.5833333333333333,0.5792682440212382,0.5983567637332127,0.3958333333333333,0.0,18.443053273173835,20000067
FIFO,0.009127311257506765,3,0.25,0.2942426992774245,0.4166666666666667,0.75,0.4170991623903184,0.5555623030080131,0.375,0.0,13.94182477101604,20000068
FIFO,6.331397476396866,6,0.5,0.5172416905638197,0.75,0.5,0.6683970263668687,0.5435029305425215,0.22916666666666666,0.0,21.40278608605194,20000069
FIFO,2.9279811792170305,4,0.3333333333333333,0.41930984537214316,0.5833333333333334,0.6666666666666667,0.5810990912689058,0.557844139235532,0.3541666666666667,0.0,18.974596196593144,20000070
FIFO,2.428051443255771,5,0.4166666666666667,0.3384743791975188,0.4166666666666667,0.5833333333333333,0.38098049463431466,0.5543001929984466,0.2916666666666667,0.0,13.585442044038707,20000071
FIFO,9.078279247144636,8,0.6666666666666666,0.5386612791844115,0.75,0.33333333333333337,0.5127916133544939,0.4190322767822388,0.020833333333333332,0.0,19.341821304080156,20000072
FIFO,3.1452166046071532,5,0.4166666666666667,0.38875708929538105,0.5,0.5833333333333333,0.449536268633675,0.5484451088472359,0.20833333333333334,0.0,16.217580881533404,20000073
FIFO,3.508219155334819,5,0.4166666666666667,0.3394373811783554,0.5833333333333334,0.5833333333333333,0.4470374813673912,0.482630000583594,0.08333333333333333,0.0,15.902316993021385,20000074
FIFO,-1.0444159339299635,3,0.25,0.301482516555838,0.25,0.75,0.355996573224122,0.6218176542271974,0.4791666666666667,0.0,11.447310407176044,20000075
FIFO,-1.5937450789190808,3,0.25,0.25963354830238433,0.25,0.75,0.3129678739164345,0.6349264393716273,0.4791666666666667,0.0,10.396067171254385,20000076
FIFO,11.052793336494984,9,0.75,0.6744876574340876,0.75,0.25,0.6352939454580485,0.49922229635525467,0.1875,0.0,21.001195740982414,20000077
FIFO,3.3496181005368175,5,0.4166666666666667,0.39950884238155093,0.5,0.5833333333333333,0.4387120537921543,0.47366055536214996,0.16666666666666666,0.0,14.937035509804097,20000078
FIFO,1.1152887384979402,4,0.3333333333333333,0.42045743787566514,0.3333333333333333,0.6666666666666667,0.3710921143373547,0.577488996554439,0.4166666666666667,0.0,12.364119076960469,20000079
FIFO,5.915581307176248,6,0.5,0.5572825852417174,0.5,0.5,0.5481286102404127,0.5969202529755103,0.4166666666666667,0.0,17.631843223394103,20000080
FIFO,2.778803591765267,5,0.4166666666666667,0.3602134934163215,0.4166666666666667,0.5833333333333333,0.3731920308639765,0.5500343948599264,0.2708333333333333,0.0,12.73003478876516,20000081
FIFO,9.875534822938803,8,0.6666666666666666,0.5689380944472753,0.8333333333333334,0.33333333333333337,0.6620041365334445,0.4335761516949714,0.08333333333333333,0.0,22.798933587895423,20000082
FIFO,1.7396342340245834,4,0.3333333333333333,0.3440378813960257,0.5,0.6666666666666667,0.48324958932309664,0.5569775701718683,0.3125,0.0,16.93879381408889,20000083
FIFO,0.489975047768068,4,0.3333333333333333,0.3377663059486427,0.3333333333333333,0.6666666666666667,0.343102898523703,0.5746186246058617,0.4166666666666667,0.0,11.496531277044852,20000084
FIFO,5.241111698910615,6,0.5,0.46377248474576377,0.5,0.5,0.4894162415610525,0.5600660044919986,0.2916666666666667,0.0,16.45690155385934,20000085
FIFO,3.199148339158192,5,0.4166666666666667,0.37630869351179336,0.5,0.5833333333333333,0.4848212726995464,0.5671466014350272,0.3958333333333333,0.0,15.208275991372167,20000086
FIFO,6.083109487076487,6,0.5,0.5209289643634825,0.5833333333333334,0.5,0.5735228413020212,0.516838506939321,0.22916666666666666,0.0,19.468120348886323,20000087
FIFO,3.5528781106590452,5,0.4166666666666667,0.4448382418589479,0.4166666666666667,0.5833333333333333,0.5123062378489823,0.5762846565006675,0.4166666666666667,0.0,16.520739999766594,20000088
FIFO,0.21201575059589306,4,0.3333333333333333,0.33651634125504293,0.3333333333333333,0.6666666666666667,0.2834863062348176,0.5498605459593543,0.3541666666666667,0.0,10.741136368014912,20000089
FIFO,0.39760223832646746,4,0.3333333333333333,0.35316171488631465,0.3333333333333333,0.6666666666666667,0.3269199117666612,0.5832045862661485,0.4166666666666667,0.0,11.033170842378548,20000090
FIFO,4.653276136112055,6,0.5,0.47144394310336707,0.5,0.5,0.46557947192835786,0.5646818208884506,0.25,0.0,16.435659683038825,20000091
FIFO,3.2150045463988715,5,0.4166666666666667,0.4046902222330267,0.4166666666666667,0.5833333333333333,0.4470567535885393,0.5731534736208802,0.375,0.0,14.85524640599236,20000092
FIFO,2.0211112578876844,5,0.4166666666666667,0.3346289850804186,0.4166666666666667,0.5833333333333333,0.32990107404743096,0.49267321458870866,0.2708333333333333,0.0,12.020414286174441,20000093
FIFO,2.512899874711927,5,0.4166666666666667,0.4434033290921592,0.4166666666666667,0.5833333333333333,0.364202808472668,0.5722663464029824,0.3958333333333333,0.0,12.344193148299956,20000094
FIFO,1.5554494550271862,4,0.3333333333333333,0.35715480323897825,0.4166666666666667,0.6666666666666667,0.4318041627076387,0.5965070143053736,0.3333333333333333,0.0,14.52934439565279,20000095
FIFO,2.9205532352910852,5,0.4166666666666667,0.34659044751078055,0.5,0.5833333333333333,0.4868306948527456,0.5421982900738018,0.2916666666666667,0.0,15.823245477958773,20000096
FIFO,-1.2415113387359715,3,0.25,0.29064074949448565,0.25,0.75,0.3174803377822576,0.5737685090579103,0.375,0.0,11.144801754374251,20000097
FIFO,5.136254878644935,6,0.5,0.4689340413390592,0.5,0.5,0.5266077673874284,0.5825416063354435,0.4166666666666667,0.0,17.35483586002198,20000098
FIFO,9.512725862389882,8,0.6666666666666666,0.5721937522886825,0.75,0.33333333333333337,0.5928922928282899,0.4509788688998387,0.041666666666666664,0.0,20.548576920604102,20000099
FIFO,2.2985955450072053,4,0.3333333333333333,0.34987134709500417,0.5833333333333334,0.6666666666666667,0.5519828039753994,0.5656678370954636,0.375,0.0,18.699803619165134,20000100
FIFO,4.967348076358084,6,0.5,0.4029897703878298,0.5,0.5,0.5800259080603455,0.5459499982783681,0.3541666666666667,0.0,17.215066952041614,20000101
FIFO,0.4335924053107785,4,0.3333333333333333,0.3557709766060369,0.3333333333333333,0.6666666666666667,0.35544578531328197,0.5663097195034802,0.3958333333333333,0.0,11.487632447106922,20000102
FIFO,5.616836699627119,6,0.5,0.47975235453327786,0.5833333333333334,0.5,0.47952849332420594,0.4738780575811013,0.10416666666666667,0.0,17.207408787256043,20000103
FIFO,3.476408968292092,5,0.4166666666666667,0.41462025962044763,0.5,0.5833333333333333,0.42540438868149516,0.5097005753452735,0.25,0.0,15.133375727432531,20000104
FIFO,6.573100127357291,7,0.5833333333333334,0.5761012972995371,0.5833333333333334,0.41666666666666663,0.5321834651576858,0.5528422290594669,0.2708333333333333,0.0,17.877959792935812,20000105
FIFO,1.6430289191739735,4,0.3333333333333333,0.362499820458701,0.4166666666666667,0.6666666666666667,0.42058924599706726,0.5422937866165897,0.3541666666666667,0.0,15.06191487179449,20000106
FIFO,4.795722386105446,6,0.5,0.44832978285481395,0.5833333333333334,0.5,0.48755696259072917,0.5442646834387921,0.22916666666666666,0.0,16.44746932010404,20000107
FIFO,4.908337504323137,6,0.5,0.5476606003603357,0.5,0.5,0.49125194891930174,0.5563780228680911,0.3958333333333333,0.0,15.913983368495684,20000108
FIFO,-1.0813258648487964,3,0.25,0.2714224065240212,0.25,0.75,0.33526645305862984,0.5785248762140378,0.3958333333333333,0.0,11.641247144994797,20000109
FIFO,0.9683059917603387,4,0.3333333333333333,0.3470926929465112,0.3333333333333333,0.6666666666666667,0.4162230062493541,0.5668221348850637,0.3958333333333333,0.0,13.344281257473176,20000110
FIFO,5.467591023449489,6,0.5,0.5309579962590755,0.5,0.5,0.4716706396803454,0.5266206065870764,0.22916666666666666,0.0,17.59279899629692,20000111
FIFO,3.8908171885425498,5,0.4166666666666667,0.4630467414794912,0.4166666666666667,0.5833333333333333,0.553471544509807,0.6142635467559733,0.4583333333333333,0.0,16.955618590225868,20000112
FIFO,3.736533216313704,5,0.4166666666666667,0.36749592506534895,0.6666666666666666,0.5833333333333333,0.42371940824303844,0.46227920433137104,0.0,0.0,17.134466495737616,20000113
FIFO,-1.5820426564660197,3,0.25,0.25883923116546176,0.25,0.75,0.2975964852860081,0.5910184987715613,0.4375,0.0,10.472538407308583,20000114
FIFO,1.0494714641988503,4,0.3333333333333333,0.2971021632044635,0.4166666666666667,0.6666666666666667,0.4476293747761271,0.5908817194103511,0.3958333333333333,0.0,13.970611502115291,20000115
FIFO,3.588691163282837,5,0.4166666666666667,0.38300629987725937,0.5833333333333334,0.5833333333333333,0.5192136850762372,0.5167545821945521,0.2708333333333333,0.0,17.330166988272655,20000116
FIFO,3.4708047724289575,5,0.4166666666666667,0.5037891026197061,0.5,0.5833333333333333,0.4385686555121455,0.5797918315968668,0.2916666666666667,0.0,15.537048999813331,20000117
FIFO,0.5129898062788911,4,0.3333333333333333,0.3256592089679537,0.3333333333333333,0.6666666666666667,0.37295568357646575,0.5773580678300169,0.4166666666666667,0.0,12.056485083110836,20000118
FIFO,5.263974555645588,6,0.5,0.4471225717199878,0.5,0.5,0.4942237096084831,0.5330127079308414,0.2916666666666667,0.0,16.383116564451033,20000119
FIFO,2.025254861665626,4,0.3333333333333333,0.32630679602154067,0.5,0.6666666666666667,0.5494361043772816,0.5663426686538097,0.375,0.0,17.860825138550975,20000120
FIFO,0.1789193998849409,4,0.3333333333333333,0.2545841435015272,0.3333333333333333,0.6666666666666667,0.2988535527197294,0.5553015083145575,0.3541666666666667,0.0,10.728219295902099,20000121
FIFO,-1.3877178831918258,3,0.25,0.2940026199298034,0.25,0.75,0.31293205343019986,0.5762701553669026,0.3958333333333333,0.0,10.897284665833375,20000122
FIFO,6.72211100359891,7,0.5833333333333334,0.5146737776485297,0.6666666666666666,0.41666666666666663,0.48609893505377927,0.5289895894021416,0.14583333333333334,0.0,17.24353409588588,20000123
FIFO,1.2475090903733477,4,0.3333333333333333,0.2989438735877536,0.5,0.6666666666666667,0.5009077273316352,0.5441232685626024,0.25,0.0,16.121636581413686,20000124
FIFO,6.3186466205752385,7,0.5833333333333334,0.46134042196114555,0.5833333333333334,0.41666666666666663,0.5125541429100527,0.49773907549076707,0.22916666666666666,0.0,17.487951571654992,20000125
FIFO,0.5540280470565146,4,0.3333333333333333,0.31157065899261827,0.3333333333333333,0.6666666666666667,0.35023936684876933,0.5859500641145872,0.4166666666666667,0.0,12.142713845009196,20000126
FIFO,3.3736911749887826,5,0.4166666666666667,0.45144358730931267,0.4166666666666667,0.5833333333333333,0.4781605142411875,0.5675357816955903,0.3333333333333333,0.0,15.64663379020768,20000127
FIFO,-0.23600018971455955,4,0.3333333333333333,0.27219261101467934,0.3333333333333333,0.6666666666666667,0.3166134528503023,0.5652342274351314,0.375,0.0,11.173512983705495,20000128
FIFO,5.232143950242643,6,0.5,0.4568627026812646,0.5833333333333334,0.5,0.4811901953989466,0.5332818949211049,0.20833333333333334,0.0,16.838201015181912,20000129
FIFO,2.5460014546461283,5,0.4166666666666667,0.4202505704250209,0.4166666666666667,0.5833333333333333,0.43076151749989067,0.5954388399819455,0.4166666666666667,0.0,14.653389745858366,20000130
FIFO,5.253606028832168,6,0.5,0.43701763051559106,0.5,0.5,0.5247099973675627,0.5245319766755755,0.3125,0.0,17.44835857614297,20000131
FIFO,3.1734751323693793,5,0.4166666666666667,0.3559721081238888,0.5,0.5833333333333333,0.44213430515154933,0.47695338315349983,0.16666666666666666,0.0,15.586177543852717,20000132
FIFO,5.307749623261647,6,0.5,0.48789256878721643,0.5833333333333334,0.5,0.4870116075858659,0.45842789625002506,0.16666666666666666,0.0,16.427368345203885,20000133
FIFO,0.7747530791905288,4,0.3333333333333333,0.3984913609611477,0.3333333333333333,0.6666666666666667,0.33776278605580007,0.581350383714105,0.4166666666666667,0.0,11.635556104361799,20000134
FIFO,10.365775394008033,8,0.6666666666666666,0.6101812837462369,0.8333333333333334,0.33333333333333337,0.7298882680833367,0.5454862440524835,0.3125,0.0,23.78321906984674,20000135
FIFO,5.348227802536469,6,0.5,0.48573822949571555,0.5833333333333334,0.5,0.5144320688867345,0.5575786841666323,0.3333333333333333,0.0,17.427655419807692,20000136
FIFO,7.286057578351174,7,0.5833333333333334,0.49256278771461054,0.6666666666666666,0.41666666666666663,0.5482289576901528,0.4846614594263099,0.1875,0.0,17.993305901744765,20000137
FIFO,-1.334598998108239,3,0.25,0.3113950145226874,0.25,0.75,0.2904314027731944,0.6017160768622069,0.4166666666666667,0.0,9.978614338112827,20000138
FIFO,0.08173765724552462,4,0.3333333333333333,0.27887888174411013,0.3333333333333333,0.6666666666666667,0.3153010772083684,0.5373748767597236,0.3541666666666667,0.0,10.777580222048403,20000139
FIFO,0.3619290226281653,4,0.3333333333333333,0.3849184049340221,0.3333333333333333,0.6666666666666667,0.32671380908155245,0.5390049316338604,0.375,0.0,10.688485646255705,20000140
FIFO,1.2677831835330138,4,0.3333333333333333,0.35615878990747185,0.3333333333333333,0.6666666666666667,0.4557728149038676,0.5678868800174491,0.3958333333333333,0.0,14.400109700690516,20000141
FIFO,0.17298418910537716,4,0.3333333333333333,0.2772616158327328,0.3333333333333333,0.6666666666666667,0.3333027948964431,0.5608715879550322,0.3541666666666667,0.0,11.66683913121386,20000142
FIFO,-3.703570316581253,2,0.16666666666666666,0.1917616299923487,0.16666666666666666,0.8333333333333334,0.26709561704081286,0.6274350915801806,0.5,0.0,8.406174629047097,20000143
FIFO,7.738903555893722,7,0.5833333333333334,0.5869712148241362,0.6666666666666666,0.41666666666666663,0.5855000602619406,0.528384043125902,0.20833333333333334,0.0,20.19921785519998,20000144
FIFO,3.2937783404458028,5,0.4166666666666667,0.5078825537474716,0.4166666666666667,0.5833333333333333,0.4647585700475971,0.576196588863482,0.3958333333333333,0.0,16.037758111025305,20000145
FIFO,2.8209317620629406,5,0.4166666666666667,0.3861597802952851,0.4166666666666667,0.5833333333333333,0.3662142504776984,0.5224926007742751,0.2916666666666667,0.0,12.937023015250547,20000146
FIFO,2.6477064090478746,5,0.4166666666666667,0.41921631338687076,0.4166666666666667,0.5833333333333333,0.3567687723407709,0.5218552744643029,0.2708333333333333,0.0,13.71132970244402,20000147
FIFO,0.8795351253158983,4,0.3333333333333333,0.2812957985109647,0.4166666666666667,0.6666666666666667,0.3758368881888802,0.5503864123086837,0.3958333333333333,0.0,13.10518943127483,20000148
FIFO,7.7818502270533,7,0.5833333333333334,0.5100579414349947,0.6666666666666666,0.41666666666666663,0.6878265626158591,0.53131514332733,0.2916666666666667,0.0,22.037221399744293,20000149
FIFO,-1.5303664817207179,3,0.25,0.29729840993998646,0.25,0.75,0.29049813711338757,0.5646687061347527,0.3541666666666667,0.0,10.237817822368731,20000150
FIFO,6.801436581877561,7,0.5833333333333334,0.5732759594104204,0.5833333333333334,0.41666666666666663,0.4894638538686326,0.49985731001515993,0.2708333333333333,0.0,17.15798364726272,20000151
FIFO,-0.9061759196302765,3,0.25,0.34120341487334305,0.25,0.75,0.3507858712130931,0.6072105575138369,0.4375,0.0,11.933102090178403,20000152
FIFO,2.8504887702030377,5,0.4166666666666667,0.41839755266917716,0.4166666666666667,0.5833333333333333,0.44775544152562863,0.5413195425539818,0.375,0.0,14.955254839112587,20000153
FIFO,6.570047696178114,6,0.5,0.5046119288692903,0.75,0.5,0.6545673561859225,0.5178684241738319,0.20833333333333334,0.0,21.12905786352462,20000154
FIFO,-1.180428956425926,3,0.25,0.30882768274371586,0.25,0.75,0.3177427684750675,0.5576637194077974,0.3125,0.0,10.819494666585799,20000155
FIFO,0.6834265620937496,4,0.3333333333333333,0.2858800789815952,0.4166666666666667,0.6666666666666667,0.39861093656319485,0.5962369671824987,0.3958333333333333,0.0,13.033826381753965,20000156
FIFO,3.968238076609352,5,0.4166666666666667,0.3499214284620098,0.6666666666666666,0.5833333333333333,0.560086538781579,0.5142050763747906,0.25,0.0,18.391439043765786,20000157
FIFO,3.849102466442153,5,0.4166666666666667,0.3886880886288164,0.5833333333333334,0.5833333333333333,0.5208645355294079,0.5352698567836435,0.25,0.0,17.13322329024165,20000158
FIFO,-3.583630646076831,2,0.16666666666666666,0.22167649297860634,0.16666666666666666,0.8333333333333334,0.28436624511684044,0.641320019001367,0.5208333333333334,0.0,9.618586473286442,20000159
FIFO,5.222295802158062,6,0.5,0.5221545096023956,0.5,0.5,0.4901987076316572,0.529071631542407,0.3333333333333333,0.0,17.111556868908348,20000160
FIFO,0.6500359367546784,4,0.3333333333333333,0.41361160090777865,0.3333333333333333,0.6666666666666667,0.3502594227876578,0.5785932472717228,0.4166666666666667,0.0,12.198357943260572,20000161
FIFO,-2.9785858979555444,2,0.16666666666666666,0.23542090068723226,0.25,0.8333333333333334,0.2923907647416083,0.6144546344630807,0.4166666666666667,0.0,9.67170788907013,20000162
FIFO,2.9809275404289615,5,0.4166666666666667,0.4331164538700529,0.4166666666666667,0.5833333333333333,0.4052803708178489,0.543126008411064,0.2916666666666667,0.0,14.47446933975184,20000163
FIFO,5.131076963144468,6,0.5,0.40104299616114286,0.5,0.5,0.49583186070908863,0.5204255750504528,0.2916666666666667,0.0,16.132759301344926,20000164
FIFO,7.4796411057047,7,0.5833333333333334,0.5232611206307994,0.75,0.41666666666666663,0.6233835518212935,0.5121114255698803,0.125,0.0,20.530998564819065,20000165
FIFO,5.417631792311377,6,0.5,0.561484224218373,0.5,0.5,0.5408796495714915,0.5984512929607333,0.3958333333333333,0.0,17.54547151260283,20000166
FIFO,5.373048341052116,6,0.5,0.5180627662852474,0.5833333333333334,0.5,0.48211062574975233,0.4843353153893164,0.125,0.0,17.020893571221638,20000167
FIFO,0.09460427222921441,4,0.3333333333333333,0.2623928486172593,0.3333333333333333,0.6666666666666667,0.3234145034551425,0.5603916622873899,0.3958333333333333,0.0,11.178534466385765,20000168
FIFO,8.755956711776795,8,0.6666666666666666,0.5683606350134389,0.6666666666666666,0.33333333333333337,0.5767651726662624,0.5212758988651632,0.22916666666666666,0.0,19.353229829523688,20000169
FIFO,-0.8853474860759272,3,0.25,0.32447851650625414,0.25,0.75,0.36218310682936067,0.578608547545372,0.4166666666666667,0.0,11.636968305868107,20000170
FIFO,6.9438277406981905,7,0.5833333333333334,0.5500149796122384,0.5833333333333334,0.41666666666666663,0.5458266363998092,0.5070639540056754,0.20833333333333334,0.0,18.24012714635268,20000171
FIFO,4.1807319333518,5,0.4166666666666667,0.4466535088041824,0.6666666666666666,0.5833333333333333,0.5777452432121803,0.5585546218624725,0.2916666666666667,0.0,19.541759676210514,20000172
FIFO,1.4580854466184086,4,0.3333333333333333,0.35144097232182875,0.4166666666666667,0.6666666666666667,0.46233835510337445,0.5643016696509937,0.375,0.0,14.99280392639589,20000173
FIFO,5.455793120949949,6,0.5,0.44304019238979436,0.5833333333333334,0.5,0.5744561014374022,0.530213554295098,0.3125,0.0,17.888555049070412,20000174
FIFO,4.341113898170649,6,0.5,0.41916957594423637,0.5,0.5,0.3601283383696625,0.49686314823212746,0.125,0.0,13.531175716719357,20000175
FIFO,4.567685885388127,6,0.5,0.42843767862560633,0.5,0.5,0.4595413974910842,0.5172151111269933,0.2708333333333333,0.0,15.37604345243747,20000176
FIFO,7.295513209288978,7,0.5833333333333334,0.5507944353001049,0.5833333333333334,0.41666666666666663,0.569475620549016,0.5037069518204843,0.2708333333333333,0.0,18.90287179239602,20000177
FIFO,6.076962553753983,6,0.5,0.5445564181385631,0.5833333333333334,0.5,0.5803956148765684,0.5527176884047932,0.3333333333333333,0.0,19.077456276045517,20000178
FIFO,0.37190899003516786,3,0.25,0.2902875976159536,0.5,0.75,0.4898401261036634,0.5492965565854324,0.3125,0.0,16.879319078398137,20000179
FIFO,3.4768670596330273,5,0.4166666666666667,0.36598821674638826,0.5,0.5833333333333333,0.4636278529732631,0.5229513978853856,0.2708333333333333,0.0,15.87440308043389,20000180
FIFO,3.92881009059906,5,0.4166666666666667,0.48619275023976355,0.5833333333333334,0.5833333333333333,0.5162350292765286,0.5355414013781493,0.20833333333333334,0.0,17.190847209368226,20000181
FIFO,0.9983377006292069,4,0.3333333333333333,0.3691207245279053,0.3333333333333333,0.6666666666666667,0.41541357317114774,0.6058041917687397,0.4375,0.0,13.811376008542716,20000182
FIFO,-1.5904403050313598,3,0.25,0.25620611368804286,0.25,0.75,0.27168114888680844,0.5968927670015902,0.4375,0.0,9.882832480386844,20000183
FIFO,2.5876677396275767,5,0.4166666666666667,0.4226778873935647,0.4166666666666667,0.5833333333333333,0.3478738449026126,0.556822506415379,0.3125,0.0,12.882870706768243,20000184
FIFO,3.5011600740437325,5,0.4166666666666667,0.4367929521104042,0.5,0.5833333333333333,0.4740543281559236,0.5467712505143248,0.2708333333333333,0.0,15.84858462791013,20000185
FIFO,4.779313355967251,6,0.5,0.4577449160337676,0.5,0.5,0.4395206491632493,0.48054604911154436,0.20833333333333334,0.0,14.895890035920178,20000186
FIFO,0.9842183226008288,4,0.3333333333333333,0.33963432627887197,0.3333333333333333,0.6666666666666667,0.38935053297361777,0.5968930942386419,0.4583333333333333,0.0,12.834689637144724,20000187
FIFO,5.494390223423204,6,0.5,0.4743955327942656,0.5833333333333334,0.5,0.5834428019871366,0.5558370143305096,0.25,0.0,18.81631183398851,20000188
FIFO,0.17998466674131786,4,0.3333333333333333,0.29217945789075933,0.3333333333333333,0.6666666666666667,0.3136990297664538,0.5710539505750999,0.3958333333333333,0.0,10.819786734755455,20000189
FIFO,6.71139176093795,7,0.5833333333333334,0.5169600136526119,0.5833333333333334,0.41666666666666663,0.5791106918369913,0.5612168641425649,0.3125,0.0,18.577589822879638,20000190
FIFO,15.786574323683723,12,1.0,1.0,1.0,0.0,0.6439461092912521,0.41997833233368187,0.0,0.041666666666666664,22.64249914146598,20000191
FIFO,3.1797449653646117,5,0.4166666666666667,0.40176575922513147,0.5,0.5833333333333333,0.4933784404184116,0.5779322778537664,0.375,0.0,15.919225912436197,20000192
FIFO,4.321504463926111,5,0.4166666666666667,0.39369157325025056,0.5833333333333334,0.5833333333333333,0.6450846390749385,0.5448709280817364,0.3125,0.0,20.290501973367373,20000193
FIFO,3.3944759660181827,5,0.4166666666666667,0.45851925060022347,0.4166666666666667,0.5833333333333333,0.48094742797299844,0.5953819303953968,0.4375,0.0,15.549967672737061,20000194
FIFO,2.9330304417280133,5,0.4166666666666667,0.4272274738546216,0.4166666666666667,0.5833333333333333,0.41028150385031853,0.5829896177199348,0.4166666666666667,0.0,13.892023714830884,20000195
FIFO,2.3812614991672927,4,0.3333333333333333,0.3502099562425312,0.5833333333333334,0.6666666666666667,0.5473417991222269,0.5570345580976294,0.3125,0.0,18.5547131328373,20000196
FIFO,3.0667170412974087,5,0.4166666666666667,0.4181641897938097,0.4166666666666667,0.5833333333333333,0.42232947496982537,0.5532219326324129,0.375,0.0,14.74715702966702,20000197
FIFO,-2.285892791477077,2,0.16666666666666666,0.25883543223283445,0.3333333333333333,0.8333333333333334,0.3551624797201942,0.5790259960149128,0.3541666666666667,0.0,12.32773054285226,20000198
FIFO,0.277333560553104,4,0.3333333333333333,0.29061961726802343,0.3333333333333333,0.6666666666666667,0.36226213260459234,0.5915475054376823,0.4375,0.0,11.487118102425839,20000199
FIFO,1.7925701619775747,4,0.3333333333333333,0.4037277281455887,0.4166666666666667,0.6666666666666667,0.4889164272381599,0.5946102050132684,0.4375,0.0,15.397871070203877,20000200
FIFO,2.759902611291145,5,0.4166666666666667,0.3659296624688238,0.4166666666666667,0.5833333333333333,0.3676671871848802,0.5391829881918064,0.3958333333333333,0.0,12.652258199579853,20000201
FIFO,-1.6768426590232968,3,0.25,0.27417299398452255,0.25,0.75,0.34787811456901924,0.63481457657038,0.4791666666666667,0.0,11.040813204087792,20000202
FIFO,1.3551138928147202,4,0.3333333333333333,0.4649051983100761,0.4166666666666667,0.6666666666666667,0.41859470678410143,0.6103368615975499,0.4791666666666667,0.0,13.778832546099473,20000203
FIFO,0.043866291601408314,4,0.3333333333333333,0.23656196040439267,0.3333333333333333,0.6666666666666667,0.32117130260882715,0.5305499619014901,0.375,0.0,11.03987709624151,20000204
FIFO,9.685583766515872,8,0.6666666666666666,0.6404439809455803,0.75,0.33333333333333337,0.60634798029089,0.455553911832304,0.08333333333333333,0.0,20.79912043413582,20000205
FIFO,0.8863743428311837,4,0.3333333333333333,0.34501493218886986,0.3333333333333333,0.6666666666666667,0.3478742670798567,0.5941518292072504,0.4166666666666667,0.0,12.023673422115506,20000206
FIFO,0.5679808894488356,4,0.3333333333333333,0.2843028215647624,0.3333333333333333,0.6666666666666667,0.3675365527299157,0.5442805561137961,0.3125,0.0,12.135077254884509,20000207
FIFO,1.6614482357013773,4,0.3333333333333333,0.353307138314229,0.4166666666666667,0.6666666666666667,0.46790191917922536,0.5314403561878316,0.2916666666666667,0.0,15.168355937208597,20000208
FIFO,5.2075663994664065,6,0.5,0.4411436233621408,0.5,0.5,0.5194993884068712,0.5168672376346009,0.2916666666666667,0.0,17.14298853687374,20000209
FIFO,15.492765336299582,11,0.9166666666666666,0.8964834784118206,0.9166666666666666,0.08333333333333337,0.7182985258346983,0.4374017741942837,0.14583333333333334,0.0,24.77820631692731,20000210
FIFO,2.3916815963358884,5,0.4166666666666667,0.36929113555787435,0.4166666666666667,0.5833333333333333,0.3544844920906909,0.4996905350742102,0.20833333333333334,0.0,13.730265039412405,20000211
FIFO,5.263927193680375,6,0.5,0.5803507841308632,0.5,0.5,0.4697572498836027,0.5124792923151972,0.2708333333333333,0.0,16.776137014613514,20000212
FIFO,6.268784954093084,6,0.5,0.42571913179063414,0.75,0.5,0.6348198120694464,0.4883542281155213,0.20833333333333334,0.0,21.39409787289529,20000213
FIFO,1.0098457300450492,4,0.3333333333333333,0.32338924113434975,0.4166666666666667,0.6666666666666667,0.35637247118160326,0.555844873602202,0.2916666666666667,0.0,13.085351863315951,20000214
FIFO,5.934610508230593,6,0.5,0.5811002228644356,0.5,0.5,0.5601715639400492,0.628098944591457,0.4791666666666667,0.0,18.367210416127328,20000215
FIFO,3.002993767365246,5,0.4166666666666667,0.37195549776631703,0.5,0.5833333333333333,0.4288473719263166,0.48958162595863913,0.22916666666666666,0.0,14.86283771099294,20000216
FIFO,9.902487145899578,8,0.6666666666666666,0.5746505541985121,0.8333333333333334,0.33333333333333337,0.6964359121841895,0.4629816580212441,0.20833333333333334,0.0,22.624324822516257,20000217
FIFO,4.217049987688375,6,0.5,0.4738166046862892,0.5,0.5,0.3980606298681306,0.5512229235248631,0.2916666666666667,0.0,13.991652267318967,20000218
FIFO,1.0046817517934208,4,0.3333333333333333,0.3392636124458794,0.4166666666666667,0.6666666666666667,0.3866833883316761,0.538372782249922,0.22916666666666666,0.0,14.032458225285303,20000219
FIFO,6.504159096665039,7,0.5833333333333334,0.46550326557727306,0.5833333333333334,0.41666666666666663,0.4096672040053557,0.42785191019050045,0.10416666666666667,0.0,14.752523018569724,20000220
FIFO,9.033338951650842,8,0.6666666666666666,0.5891742132315155,0.6666666666666666,0.33333333333333337,0.621182120032274,0.47248925334583586,0.25,0.0,20.492169861877482,20000221
FIFO,2.5166610304053076,5,0.4166666666666667,0.38537853625819857,0.4166666666666667,0.5833333333333333,0.4340442113558824,0.551688485091871,0.375,0.0,13.668783475618675,20000222
FIFO,4.731339812652437,6,0.5,0.4994004387380245,0.5,0.5,0.49751474122330713,0.5749805859550913,0.375,0.0,15.914526012481348,20000223
FIFO,1.5792710224494912,4,0.3333333333333333,0.36363524544521536,0.4166666666666667,0.6666666666666667,0.4600056945280457,0.5322809599055065,0.2708333333333333,0.0,15.15586057561592,20000224
FIFO,7.264039510932289,7,0.5833333333333334,0.5253303255219294,0.6666666666666666,0.41666666666666663,0.6148031419773474,0.5249481971438956,0.16666666666666666,0.0,20.16976368337113,20000225
FIFO,4.398329127474403,5,0.4166666666666667,0.42642194292672286,0.5833333333333334,0.5833333333333333,0.5408987120762743,0.5347599440466172,0.3125,0.0,18.981587402016846,20000226
FIFO,1.1569455384826421,4,0.3333333333333333,0.44472433289448643,0.3333333333333333,0.6666666666666667,0.4505090327340038,0.5751590701586552,0.375,0.0,14.016365779037445,20000227
FIFO,5.33667921815116,6,0.5,0.4887570084237042,0.5833333333333334,0.5,0.5285436310993824,0.539161416669923,0.3125,0.0,18.22520016944143,20000228
FIFO,3.9632230453159956,5,0.4166666666666667,0.393973595921058,0.5,0.5833333333333333,0.5776909292803376,0.5376978695863969,0.3541666666666667,0.0,18.932706037874404,20000229
FIFO,7.471173058350551,7,0.5833333333333334,0.47269354173202477,0.6666666666666666,0.41666666666666663,0.573188487321767,0.48844036939540864,0.22916666666666666,0.0,19.300420438276994,20000230
FIFO,4.561686544914163,6,0.5,0.44995873310520984,0.5,0.5,0.5194210180737927,0.5728950230410489,0.3541666666666667,0.0,16.496194239388046,20000231
FIFO,-1.4775920556717188,3,0.25,0.19252465881066902,0.3333333333333333,0.75,0.30227867989629736,0.559537074564096,0.375,0.0,11.144512746985303,20000232
FIFO,1.2535630210529076,4,0.3333333333333333,0.310446070405331,0.4166666666666667,0.6666666666666667,0.39542584251680307,0.509729660479588,0.22916666666666666,0.0,13.968180741891919,20000233
FIFO,0.33478968454898905,4,0.3333333333333333,0.2841427386606046,0.3333333333333333,0.6666666666666667,0.2900133164436975,0.5459629503023584,0.375,0.0,10.150484769416378,20000234
FIFO,0.8493112038652464,4,0.3333333333333333,0.3847192321392223,0.4166666666666667,0.6666666666666667,0.3134549329918007,0.5342849160800283,0.1875,0.0,11.939726795443848,20000235
FIFO,11.617476387342323,9,0.75,0.7268915611215374,0.75,0.25,0.6789828237004093,0.49152794230713126,0.22916666666666666,0.0,22.46397841075442,20000236
FIFO,6.611780328371249,6,0.5,0.5269566285586668,0.5833333333333334,0.5,0.6131124756838983,0.5663600361613749,0.375,0.0,20.824394997270076,20000237
FIFO,5.2793306967849345,6,0.5,0.41648199890242793,0.5833333333333334,0.5,0.5405640748723649,0.5547580784764218,0.3125,0.0,18.383027596745823,20000238
FIFO,2.1028931076292734,4,0.3333333333333333,0.40247763710513373,0.4166666666666667,0.6666666666666667,0.5323782232348225,0.5991431663016891,0.4166666666666667,0.0,16.597461786361325,20000239
FIFO,0.9919215225900277,4,0.3333333333333333,0.3585262469254129,0.3333333333333333,0.6666666666666667,0.42346682344552833,0.6079832076748141,0.4166666666666667,0.0,13.897002702117533,20000240
FIFO,1.2812361659557983,4,0.3333333333333333,0.41056635326621443,0.3333333333333333,0.6666666666666667,0.4055933052532355,0.617140773824906,0.4791666666666667,0.0,13.029808384895217,20000241
FIFO,7.568405598943475,7,0.5833333333333334,0.6541264088881327,0.75,0.41666666666666663,0.5744637753160956,0.49344701161503907,0.08333333333333333,0.0,19.937805782240158,20000242
FIFO,0.6955973561832751,4,0.3333333333333333,0.29062996803428304,0.3333333333333333,0.6666666666666667,0.38363589005303217,0.5493298402967279,0.3541666666666667,0.0,12.4807037297886,20000243
FIFO,8.109623976673157,7,0.5833333333333334,0.6300068081526413,0.6666666666666666,0.41666666666666663,0.6008732392697391,0.5263266297433574,0.22916666666666666,0.0,20.576231601700403,20000244
FIFO,6.0703332527064955,6,0.5,0.541771831921406,0.5833333333333334,0.5,0.5358142297054448,0.5444953777365198,0.25,0.0,18.678457955450778,20000245
FIFO,5.665097060947462,6,0.5,0.5178068515936378,0.5833333333333334,0.5,0.5725460782844771,0.5355352405343082,0.2708333333333333,0.0,18.90110061900183,20000246
FIFO,3.3104349951671557,5,0.4166666666666667,0.39940676761289906,0.5,0.5833333333333333,0.5010989515111336,0.5639966904828665,0.3958333333333333,0.0,16.828150576489254,20000247
FIFO,17.68206527842438,12,1.0,1.0,1.0,0.0,0.797075922178486,0.4012907856953543,0.0,0.0625,26.23819709133429,20000248
FIFO,7.4725700283658085,7,0.5833333333333334,0.4817268913492333,0.6666666666666666,0.41666666666666663,0.6066514795545379,0.5439445361381307,0.2916666666666667,0.0,19.270234530522096,20000249
FIFO,1.2681724183942953,4,0.3333333333333333,0.3937047369934993,0.4166666666666667,0.6666666666666667,0.4187673141935595,0.5782210541742946,0.4375,0.0,14.647778841692404,20000250
FIFO,3.4935730293106095,5,0.4166666666666667,0.46453844624558943,0.5,0.5833333333333333,0.45969520814409776,0.5434890280387067,0.3958333333333333,0.0,15.260299769033303,20000251
FIFO,3.2055499364182403,5,0.4166666666666667,0.4009374981854122,0.5,0.5833333333333333,0.4802571118449932,0.5297294581232007,0.3333333333333333,0.0,15.332641007001419,20000252
FIFO,2.5773717430049383,5,0.4166666666666667,0.3242647821570437,0.4166666666666667,0.5833333333333333,0.40355010633602023,0.5099488846041277,0.3333333333333333,0.0,13.706229920163548,20000253
FIFO,-0.6176704449038984,3,0.25,0.3158525891942755,0.3333333333333333,0.75,0.4776347016623659,0.6367151016809084,0.4791666666666667,0.0,14.262373961937742,20000254
FIFO,1.3623479615237002,4,0.3333333333333333,0.32779673962170797,0.4166666666666667,0.6666666666666667,0.421572819269505,0.5769391522888433,0.375,0.0,13.831820193209891,20000255
FIFO,-0.6882033884546297,3,0.25,0.34863704281865204,0.25,0.75,0.38178284474155677,0.6113797913041342,0.5,0.0,11.722840091073381,20000256
FIFO,-1.0379224028723417,3,0.25,0.29891135569174476,0.3333333333333333,0.75,0.33999464992536427,0.5677971039493326,0.3541666666666667,0.0,11.748412834265986,20000257
FIFO,-1.8825694505335422,3,0.25,0.270131975502229,0.25,0.75,0.30685503904943834,0.6115574537139383,0.4375,0.0,10.269010884092426,20000258
FIFO,1.006254376127313,4,0.3333333333333333,0.34623353431500303,0.4166666666666667,0.6666666666666667,0.39814371007588073,0.5842629431106688,0.375,0.0,13.301549059205817,20000259
FIFO,-0.3074466443927366,3,0.25,0.2521093233151514,0.4166666666666667,0.75,0.42705128346042875,0.5763006614473111,0.3541666666666667,0.0,13.942219887195836,20000260
FIFO,-0.7795951350147305,3,0.25,0.2425945395186477,0.3333333333333333,0.75,0.47627404254519384,0.640944909658983,0.5208333333333334,0.0,13.847100712314845,20000261
FIFO,1.0196945777903343,4,0.3333333333333333,0.394048645977066,0.3333333333333333,0.6666666666666667,0.44462070652124236,0.6222943582684319,0.4791666666666667,0.0,13.510749251135502,20000262
FIFO,6.95964105739022,7,0.5833333333333334,0.5918722301540047,0.5833333333333334,0.41666666666666663,0.4748248999786064,0.45974323738985684,0.25,0.0,16.392070548488263,20000263
FIFO,-0.7111676156145617,3,0.25,0.29561993282977206,0.3333333333333333,0.75,0.3907503987307172,0.6092730350103365,0.4583333333333333,0.0,12.140450732081002,20000264
FIFO,6.354886195284526,7,0.5833333333333334,0.5495213541518219,0.5833333333333334,0.41666666666666663,0.40346782065283215,0.4626474214137053,0.16666666666666666,0.0,15.192100346157874,20000265
FIFO,8.861412891207852,8,0.6666666666666666,0.5540156382072172,0.75,0.33333333333333337,0.6035583219581818,0.4997035898649031,0.0625,0.0,20.060267040227885,20000266
FIFO,0.8005499155551212,4,0.3333333333333333,0.3078335005526833,0.3333333333333333,0.6666666666666667,0.3751679409548947,0.5837836954625794,0.4166666666666667,0.0,12.49817564258097,20000267
FIFO,-1.5221050441288315,3,0.25,0.2755372978856628,0.25,0.75,0.3186562281722855,0.6080766296890691,0.4583333333333333,0.0,10.572400416804527,20000268
FIFO,5.7688043221403555,6,0.5,0.43820015206106333,0.5833333333333334,0.5,0.6013373765704343,0.531033237977141,0.3333333333333333,0.0,19.05272808961795,20000269
FIFO,3.69635144758078,5,0.4166666666666667,0.47076892908605933,0.5,0.5833333333333333,0.4453955873209369,0.5105469023363581,0.2708333333333333,0.0,15.851904808253598,20000270
FIFO,9.75533537093454,8,0.6666666666666666,0.6629663141653261,0.6666666666666666,0.33333333333333337,0.5994906549386073,0.4962110129656005,0.2708333333333333,0.0,20.51340437112598,20000271
FIFO,2.109421388394223,5,0.4166666666666667,0.3288873327734466,0.4166666666666667,0.5833333333333333,0.35864158803449087,0.49763444382054517,0.3333333333333333,0.0,13.015799128354137,20000272
FIFO,8.939214310685406,8,0.6666666666666666,0.5334232317309807,0.6666666666666666,0.33333333333333337,0.6273594790432492,0.4728861797786105,0.22916666666666666,0.0,20.357193812284706,20000273
FIFO,0.8782879638035692,4,0.3333333333333333,0.38309098779015466,0.3333333333333333,0.6666666666666667,0.43173873561739945,0.6043246883726655,0.3958333333333333,0.0,13.469030138814729,20000274
FIFO,4.800121535352002,6,0.5,0.4420039841385672,0.5833333333333334,0.5,0.4843135411882576,0.5323233944590425,0.22916666666666666,0.0,17.214146307906955,20000275
FIFO,5.038659865185014,6,0.5,0.4340398643095711,0.5,0.5,0.4455743949242987,0.5042835234196629,0.25,0.0,15.335792716815641,20000276
FIFO,4.480645489673124,6,0.5,0.4236790353457331,0.5,0.5,0.4022355992522007,0.5528671099172316,0.2916666666666667,0.0,14.317346586249101,20000277
FIFO,2.0281008353460717,5,0.4166666666666667,0.304207316499351,0.4166666666666667,0.5833333333333333,0.339195423781995,0.5402498489431203,0.3541666666666667,0.0,12.111390620174392,20000278
FIFO,2.4944884360253523,5,0.4166666666666667,0.39867654007595293,0.4166666666666667,0.5833333333333333,0.3514267572306046,0.5560025739757003,0.3125,0.0,13.059326779329954,20000279
FIFO,8.715767688572143,8,0.6666666666666666,0.7394923065997587,0.6666666666666666,0.33333333333333337,0.4943229862130572,0.5015572116301318,0.08333333333333333,0.0,18.073036986500764,20000280
FIFO,0.5208090252910949,4,0.3333333333333333,0.36900678271260495,0.3333333333333333,0.6666666666666667,0.39058786638266113,0.5833297839280274,0.3958333333333333,0.0,12.777742481557524,20000281
FIFO,7.207183762973388,7,0.5833333333333334,0.5187102843336032,0.5833333333333334,0.41666666666666663,0.5585579275194705,0.5304933407774582,0.2916666666666667,0.0,18.730366679614285,20000282
FIFO,6.257632520578715,7,0.5833333333333334,0.515094350441309,0.5833333333333334,0.41666666666666663,0.4624159788189046,0.5170283906895679,0.25,0.0,15.8212409480224,20000283
FIFO,-1.0594451460500813,3,0.25,0.25479104162970806,0.3333333333333333,0.75,0.3344084203022029,0.5747726031396078,0.4166666666666667,0.0,11.242397774751034,20000284
FIFO,-3.1884286394479506,2,0.16666666666666666,0.2256450767298873,0.25,0.8333333333333334,0.23630308354001983,0.5766656680765581,0.375,0.0,8.691964512628955,20000285
FIFO,-0.2674127286411505,3,0.25,0.24528664520511137,0.4166666666666667,0.75,0.4265147457264938,0.5702694772441889,0.2916666666666667,0.0,14.054956180268299,20000286
FIFO,9.049243928180795,8,0.6666666666666666,0.7347127548875763,0.6666666666666666,0.33333333333333337,0.543952835631769,0.4906024586836697,0.20833333333333334,0.0,19.96665742819712,20000287
FIFO,1.5783737617009015,4,0.3333333333333333,0.41984863344774137,0.4166666666666667,0.6666666666666667,0.4160168258584996,0.5349179569186008,0.3125,0.0,14.098412898980001,20000288
FIFO,3.2003503904147594,5,0.4166666666666667,0.4301543159013219,0.5,0.5833333333333333,0.4315244159010761,0.49840622907979437,0.2708333333333333,0.0,15.863710203905718,20000289
FIFO,7.049703822722684,7,0.5833333333333334,0.47723798679013274,0.5833333333333334,0.41666666666666663,0.5032275189646399,0.5089399113361076,0.1875,0.0,16.85040963663009,20000290
FIFO,5.5489405095860915,6,0.5,0.467254503549306,0.6666666666666666,0.5,0.5496553570016449,0.5058505680925757,0.25,0.0,19.224631090742783,20000291
FIFO,-1.6369155966852005,3,0.25,0.27390835289695287,0.25,0.75,0.30006031492823587,0.6132281590140892,0.4375,0.0,9.630358565836241,20000292
FIFO,2.7511695807432752,5,0.4166666666666667,0.34869050538266627,0.5,0.5833333333333333,0.41370275031063725,0.5331296466159668,0.2708333333333333,0.0,14.815567248695409,20000293
FIFO,3.552753583201013,5,0.4166666666666667,0.4475236919913711,0.4166666666666667,0.5833333333333333,0.4696563470315251,0.5763886058084169,0.4166666666666667,0.0,15.954642954128825,20000294
FIFO,1.4174475883959021,4,0.3333333333333333,0.35795540855474195,0.4166666666666667,0.6666666666666667,0.4161135800889287,0.5227934989060735,0.1875,0.0,14.65336430747353,20000295
FIFO,3.4298080416829633,5,0.4166666666666667,0.44639343663290343,0.4166666666666667,0.5833333333333333,0.507892398434583,0.5911553262342014,0.4166666666666667,0.0,16.38507207081794,20000296
FIFO,4.183588595980729,6,0.5,0.4408396183908955,0.5,0.5,0.3871096445935674,0.541333554668742,0.25,0.0,13.437413273019565,20000297
FIFO,0.3302074995798736,4,0.3333333333333333,0.30806007892460263,0.3333333333333333,0.6666666666666667,0.356770777725183,0.5762602469750195,0.3541666666666667,0.0,12.24987727556446,20000298
FIFO,4.574336665461883,6,0.5,0.4485934701064739,0.5833333333333334,0.5,0.43119094520324036,0.512267595117164,0.25,0.0,15.487272195233258,20000299
FIFO,5.890176473313165,6,0.5,0.5212296977296778,0.5,0.5,0.5460529470668632,0.5745497573748962,0.3958333333333333,0.0,17.555007645733703,20000300
FIFO,5.015899739511104,6,0.5,0.456308519210552,0.5833333333333334,0.5,0.5390584040979685,0.540061379841898,0.2916666666666667,0.0,18.09272143476015,20000301
FIFO,0.9939674097162365,4,0.3333333333333333,0.3380325490963656,0.3333333333333333,0.6666666666666667,0.34960441857580066,0.5687553154166414,0.4166666666666667,0.0,11.846618548537524,20000302
FIFO,3.288264110992799,5,0.4166666666666667,0.40155292434144785,0.5,0.5833333333333333,0.4909435194644374,0.5117403687330769,0.22916666666666666,0.0,16.03465769833446,20000303
FIFO,11.747648134563915,9,0.75,0.7981192443547285,0.8333333333333334,0.25,0.6877039561096416,0.4764248050188143,0.125,0.0,23.05990373321155,20000304
FIFO,12.41433115035101,10,0.8333333333333334,0.7239989884314109,0.8333333333333334,0.16666666666666663,0.6278824231545173,0.4094431589546102,0.10416666666666667,0.0,22.04204513485201,20000305
FIFO,3.1642932850245855,5,0.4166666666666667,0.44326112017206476,0.5,0.5833333333333333,0.4625129977988425,0.5185310275223288,0.2916666666666667,0.0,15.935337028675303,20000306
FIFO,2.7226105102620695,5,0.4166666666666667,0.42939769934801336,0.4166666666666667,0.5833333333333333,0.3890155469725765,0.5989752807084697,0.3541666666666667,0.0,13.208231937787007,20000307
FIFO,3.2298196264772185,5,0.4166666666666667,0.41772417743713375,0.4166666666666667,0.5833333333333333,0.5099040156819338,0.572385742854587,0.375,0.0,15.615877642052483,20000308
FIFO,3.934845989767295,5,0.4166666666666667,0.4327927290790719,0.5,0.5833333333333333,0.5273469337385529,0.602599815049473,0.4375,0.0,17.275550540205632,20000309
FIFO,3.9261349053118955,5,0.4166666666666667,0.5655031803661251,0.5833333333333334,0.5833333333333333,0.5090546107484087,0.5631841181984761,0.3333333333333333,0.0,17.733312740382434,20000310
FIFO,5.018793722899308,6,0.5,0.4656209562957448,0.5833333333333334,0.5,0.4623998304558124,0.539817813724572,0.1875,0.0,16.306325757388606,20000311
FIFO,2.586680751074665,5,0.4166666666666667,0.40139373654147276,0.4166666666666667,0.5833333333333333,0.3601955490112534,0.5481869589354126,0.2916666666666667,0.0,12.96948550555601,20000312
FIFO,3.092416514534156,5,0.4166666666666667,0.34971171017815844,0.5,0.5833333333333333,0.5041003680693369,0.5620367201777715,0.3541666666666667,0.0,16.698327804918954,20000313
FIFO,0.7052166618425468,4,0.3333333333333333,0.3861864920274531,0.3333333333333333,0.6666666666666667,0.40878913225486424,0.6018500072173961,0.4375,0.0,13.05412289043972,20000314
FIFO,-1.287126489998898,3,0.25,0.33672136136893716,0.25,0.75,0.33954881982852064,0.6349442916487408,0.5,0.0,10.821639234099258,20000315
FIFO,4.811538274590801,6,0.5,0.3840501170293662,0.5,0.5,0.4868647549711292,0.5540272104628928,0.3125,0.0,15.289870388951796,20000316
FIFO,7.675169748645677,7,0.5833333333333334,0.5727452185696105,0.6666666666666666,0.41666666666666663,0.55558979901164,0.5232056801546537,0.1875,0.0,19.898454591050537,20000317
FIFO,3.6552131639547927,5,0.4166666666666667,0.3933917250854718,0.5,0.5833333333333333,0.5503571033646283,0.580382473258597,0.3958333333333333,0.0,18.152620282916644,20000318
FIFO,-0.7617154414236285,3,0.25,0.2712741011119863,0.3333333333333333,0.75,0.3842097105841062,0.6078351235839468,0.4583333333333333,0.0,13.211523037304252,20000319
FIFO,0.7103914917399796,4,0.3333333333333333,0.2917618321391388,0.3333333333333333,0.6666666666666667,0.39036112771646225,0.5576998634978159,0.3541666666666667,0.0,12.967837081016821,20000320
FIFO,9.31276455828965,8,0.6666666666666666,0.6023090673013349,0.75,0.33333333333333337,0.5821662062272881,0.4438581372275457,0.125,0.0,20.783004009089815,20000321
FIFO,1.0008656300026435,4,0.3333333333333333,0.36232395358582026,0.3333333333333333,0.6666666666666667,0.34573045209104897,0.5590292732496313,0.3333333333333333,0.0,11.935180031085157,20000322
FIFO,0.6150580163649513,4,0.3333333333333333,0.31263921159361147,0.3333333333333333,0.6666666666666667,0.40830991974995695,0.5649154618532729,0.4166666666666667,0.0,13.163072443570869,20000323
FIFO,4.339601720041414,5,0.4166666666666667,0.4238305177785342,0.5833333333333334,0.5833333333333333,0.5830461541527899,0.5139267448154057,0.25,0.0,19.246679689367852,20000324
FIFO,5.3711771162315305,6,0.5,0.4896774774693065,0.5833333333333334,0.5,0.5368602313819756,0.5021431333516361,0.16666666666666666,0.0,17.843236262594598,20000325
FIFO,-0.8257014968411919,3,0.25,0.2568969333206256,0.3333333333333333,0.75,0.36628373517679486,0.6151470523890394,0.4375,0.0,12.297548167486061,20000326
FIFO,4.347010018395004,6,0.5,0.39578887155821013,0.5,0.5,0.42021936733451914,0.4876786814940986,0.2708333333333333,0.0,14.908767993087572,20000327
FIFO,4.69722979828647,6,0.5,0.4219123341653012,0.5,0.5,0.49716070591831985,0.5460073730017372,0.3333333333333333,0.0,15.92867111025024,20000328
FIFO,-1.437813776249229,3,0.25,0.26901755680334843,0.25,0.75,0.3214359994280873,0.6085478978700033,0.4375,0.0,10.81877593758831,20000329
FIFO,3.0488726901458496,5,0.4166666666666667,0.45545875093450555,0.4166666666666667,0.5833333333333333,0.4110941903777247,0.5346464113780333,0.3333333333333333,0.0,14.149640687950757,20000330
FIFO,9.343677181831005,8,0.6666666666666666,0.6439490441783715,0.75,0.33333333333333337,0.6971873894353294,0.53755898175062,0.20833333333333334,0.0,22.248306996618364,20000331
FIFO,3.4141800163387375,5,0.4166666666666667,0.4342066832760749,0.5,0.5833333333333333,0.4640314446051488,0.5074423071470323,0.2916666666666667,0.0,15.432886211312509,20000332
FIFO,0.3250445916197735,4,0.3333333333333333,0.3531933895655246,0.3333333333333333,0.6666666666666667,0.3283686497185991,0.5809525492611004,0.3958333333333333,0.0,11.042621424296572,20000333
FIFO,2.894858283687725,5,0.4166666666666667,0.36222058512508853,0.4166666666666667,0.5833333333333333,0.4343618976936931,0.5249285494660394,0.3333333333333333,0.0,14.925373146673488,20000334
FIFO,0.6843800283928161,4,0.3333333333333333,0.36511951691801453,0.3333333333333333,0.6666666666666667,0.3635277249635891,0.5872900760509858,0.4166666666666667,0.0,12.699725543327899,20000335
FIFO,1.165010797198835,4,0.3333333333333333,0.3159343556168435,0.4166666666666667,0.6666666666666667,0.48299447413563273,0.622282831123145,0.4375,0.0,14.117885189601756,20000336
FIFO,4.9820178936535555,6,0.5,0.35688533981877163,0.5833333333333334,0.5,0.5785581541448402,0.5305277059438595,0.2916666666666667,0.0,17.98523302226206,20000337
FIFO,6.087137418666133,6,0.5,0.479059936524719,0.6666666666666666,0.5,0.6118397260609797,0.48706720823561817,0.1875,0.0,21.38179344664682,20000338
FIFO,3.6707058790037346,5,0.4166666666666667,0.3895979501131781,0.5833333333333334,0.5833333333333333,0.5450321219762487,0.5226243655563252,0.2916666666666667,0.0,17.636098966899493,20000339
FIFO,-1.8854639562342927,3,0.25,0.23482379071942422,0.25,0.75,0.28754297688864217,0.6084625524688608,0.4375,0.0,10.187901448088311,20000340
FIFO,7.125814188743836,7,0.5833333333333334,0.5634927736789417,0.5833333333333334,0.41666666666666663,0.552295736283275,0.5428000539371528,0.3125,0.0,18.105244027241994,20000341
FIFO,6.839664878128149,7,0.5833333333333334,0.5897764015890049,0.5833333333333334,0.41666666666666663,0.5236632943602074,0.5375531893740471,0.3333333333333333,0.0,16.352670889322646,20000342
FIFO,2.7084622654085093,5,0.4166666666666667,0.3632189058203959,0.4166666666666667,0.5833333333333333,0.38959385171020383,0.5281636990120564,0.3125,0.0,13.208538884184877,20000343
FIFO,-1.6701390912617775,3,0.25,0.2744063941393467,0.25,0.75,0.2935526324962984,0.5953939298352487,0.4583333333333333,0.0,10.08137257194564,20000344
FIFO,1.2556868375857109,4,0.3333333333333333,0.28352207401483626,0.4166666666666667,0.6666666666666667,0.4390257137460904,0.5626241104832711,0.4166666666666667,0.0,14.430032018674908,20000345
FIFO,3.068672951806568,5,0.4166666666666667,0.4183738148520028,0.4166666666666667,0.5833333333333333,0.3944472414433641,0.5302619109091601,0.25,0.0,14.662168897110188,20000346
FIFO,4.99497775149966,6,0.5,0.463909214440042,0.5,0.5,0.5246015949482857,0.5425553964628277,0.3125,0.0,16.900194112785574,20000347
FIFO,4.421583525200004,5,0.4166666666666667,0.442924158903296,0.5833333333333334,0.5833333333333333,0.5836875149717988,0.5668261425182738,0.2916666666666667,0.0,19.431137794226505,20000348
FIFO,14.913306650141832,11,0.9166666666666666,0.9219269724194963,0.9166666666666666,0.08333333333333337,0.6908819744327115,0.47722178818582744,0.020833333333333332,0.0,23.959699207369955,20000349
FIFO,0.8679511028528148,4,0.3333333333333333,0.3567376735212594,0.3333333333333333,0.6666666666666667,0.4118631409086298,0.6183035227483258,0.4166666666666667,0.0,12.595078156578175,20000350
FIFO,3.3315376213056243,5,0.4166666666666667,0.4519394636883647,0.4166666666666667,0.5833333333333333,0.4793000123717073,0.5581365184095206,0.3541666666666667,0.0,15.423731209310919,20000351
FIFO,2.7426680805046084,5,0.4166666666666667,0.4539033671278032,0.4166666666666667,0.5833333333333333,0.38685039406393734,0.5624809898603661,0.3333333333333333,0.0,13.650171483997754,20000352
FIFO,2.10925761698714,4,0.3333333333333333,0.3444818884072137,0.5,0.6666666666666667,0.4975371161548492,0.5310343237099456,0.2916666666666667,0.0,17.858978922152712,20000353
FIFO,0.14604968206115476,4,0.3333333333333333,0.27658925757874137,0.3333333333333333,0.6666666666666667,0.311583615092539,0.52350055494681,0.3125,0.0,11.630376308307952,20000354
FIFO,2.6525305800137517,5,0.4166666666666667,0.4526529946366857,0.4166666666666667,0.5833333333333333,0.4465466834175422,0.5585671569270114,0.3541666666666667,0.0,14.345271830945734,20000355
FIFO,3.7689357548864577,5,0.4166666666666667,0.5288177163607889,0.5,0.5833333333333333,0.4754646306269721,0.5958450738830946,0.4166666666666667,0.0,16.397993163118606,20000356
FIFO,1.3218273814330772,4,0.3333333333333333,0.4028148402020256,0.4166666666666667,0.6666666666666667,0.37983369421206264,0.5923150759679844,0.3125,0.0,13.424268695181027,20000357
FIFO,12.734346539848254,10,0.8333333333333334,0.8390516884220678,0.8333333333333334,0.16666666666666663,0.6098533865912114,0.4348559110970089,0.0,0.0,22.79537438442097,20000358
FIFO,11.073442763573366,9,0.75,0.6788754769191809,0.75,0.25,0.6399569004084967,0.47443849576789904,0.1875,0.0,22.44657443323576,20000359
FIFO,3.3582999156688036,5,0.4166666666666667,0.4440238478283251,0.5,0.5833333333333333,0.4362670431040654,0.500226693924766,0.1875,0.0,15.482178832633926,20000360
FIFO,1.0409833109570252,4,0.3333333333333333,0.3538400837271441,0.3333333333333333,0.6666666666666667,0.39776321340687043,0.5545122244834237,0.3541666666666667,0.0,12.857011812329532,20000361
FIFO,-3.5707106086757694,2,0.16666666666666666,0.246761060361836,0.16666666666666666,0.8333333333333334,0.3158383875045679,0.6679174816656048,0.5416666666666666,0.0,9.903681104762157,20000362
FIFO,-0.6125750943103526,3,0.25,0.22561657070105712,0.4166666666666667,0.75,0.39788358806043905,0.5909416052114351,0.4166666666666667,0.0,13.530993246918936,20000363
FIFO,2.3811944539359575,5,0.4166666666666667,0.32404159681234435,0.4166666666666667,0.5833333333333333,0.34887945521257363,0.5269304503307375,0.3333333333333333,0.0,12.538966084059437,20000364
FIFO,-1.3571912709690017,3,0.25,0.1995184659685517,0.3333333333333333,0.75,0.2982950392639447,0.5609406651362373,0.3541666666666667,0.0,10.709601429878491,20000365
FIFO,1.826639171084601,4,0.3333333333333333,0.342378211419088,0.4166666666666667,0.6666666666666667,0.4587989743204728,0.5850550621492793,0.375,0.0,15.176283652957286,20000366
FIFO,3.0741077190330843,5,0.4166666666666667,0.45235950981829276,0.4166666666666667,0.5833333333333333,0.44912633322813605,0.5536226362170417,0.3541666666666667,0.0,14.593406458880759,20000367
FIFO,1.1645976373379168,4,0.3333333333333333,0.3021593734150113,0.5,0.6666666666666667,0.39517233225213383,0.5175672628534036,0.25,0.0,14.14313763314132,20000368
FIFO,1.0363044929446064,4,0.3333333333333333,0.3478224639782159,0.3333333333333333,0.6666666666666667,0.45741395568142734,0.6213425001005769,0.4791666666666667,0.0,14.317520256374932,20000369
FIFO,0.26728788190322206,4,0.3333333333333333,0.3269661149939366,0.3333333333333333,0.6666666666666667,0.3254820537924243,0.5656400258605925,0.3541666666666667,0.0,11.25500819599159,20000370
FIFO,-2.396163417859526,2,0.16666666666666666,0.22987911944546102,0.3333333333333333,0.8333333333333334,0.40382461759954497,0.6101729515394577,0.4166666666666667,0.0,12.373915366389491,20000371
FIFO,-2.3295240641264847,2,0.16666666666666666,0.2144087635845074,0.3333333333333333,0.8333333333333334,0.37232481765529596,0.6013269638021878,0.4166666666666667,0.0,12.659887936678594,20000372
FIFO,6.753446387589617,7,0.5833333333333334,0.515023283135007,0.6666666666666666,0.41666666666666663,0.5499514035817966,0.48701806126443814,0.20833333333333334,0.0,19.015291040844456,20000373
FIFO,4.944473295190814,6,0.5,0.4822150142770169,0.5,0.5,0.48455745328457994,0.5353603574816387,0.2708333333333333,0.0,16.64717873021358,20000374
FIFO,6.411402483803952,6,0.5,0.5810400581668439,0.5833333333333334,0.5,0.6204566169286065,0.5431935157384237,0.3125,0.0,19.092255920401918,20000375
FIFO,2.8390432702226587,5,0.4166666666666667,0.4765069597863616,0.4166666666666667,0.5833333333333333,0.3655097302153008,0.5453507393607315,0.2708333333333333,0.0,13.30423668539745,20000376
FIFO,0.13094859000077763,4,0.3333333333333333,0.2927332611668368,0.3333333333333333,0.6666666666666667,0.2973740087428198,0.5519903122293498,0.3125,0.0,10.564021100284938,20000377
FIFO,3.3104674234545284,5,0.4166666666666667,0.4618616657267609,0.4166666666666667,0.5833333333333333,0.4141270207055046,0.5537754728833536,0.375,0.0,14.204793517708694,20000378
FIFO,4.426800915775397,5,0.4166666666666667,0.502899729183351,0.6666666666666666,0.5833333333333333,0.5532546586645523,0.5211742500574471,0.14583333333333334,0.0,18.92662215030835,20000379
FIFO,5.103963359919288,6,0.5,0.43725298204738794,0.5833333333333334,0.5,0.5472708105110667,0.5247623340938847,0.2708333333333333,0.0,18.051555093913223,20000380
FIFO,-3.1590033323550575,2,0.16666666666666666,0.16004906159263693,0.25,0.8333333333333334,0.3362987262622335,0.5900128354544495,0.4583333333333333,0.0,10.601504391508987,20000381
FIFO,11.465903864185147,9,0.75,0.6915815296458206,0.9166666666666666,0.25,0.7022609876681924,0.49058239321420194,0.0625,0.0,23.772279936495174,20000382
FIFO,2.243826889489608,5,0.4166666666666667,0.3614655195280769,0.4166666666666667,0.5833333333333333,0.3858945992725973,0.5546481812109323,0.3333333333333333,0.0,12.861018848552648,20000383
FIFO,5.183569803196832,6,0.5,0.49539425966271716,0.5,0.5,0.45315693811597973,0.5250755447201161,0.3333333333333333,0.0,15.738016988046375,20000384
FIFO,2.6878638238730517,5,0.4166666666666667,0.33904264955843216,0.5,0.5833333333333333,0.4078564004384155,0.5049385261802511,0.20833333333333334,0.0,13.831334562183061,20000385
FIFO,0.7986914409029147,4,0.3333333333333333,0.3219314541845166,0.3333333333333333,0.6666666666666667,0.3892400376240078,0.5640016753188489,0.3958333333333333,0.0,12.673650830955937,20000386
FIFO,7.915041311467302,7,0.5833333333333334,0.5931560139536081,0.6666666666666666,0.41666666666666663,0.6537668779527314,0.5037844875336752,0.25,0.0,21.438596343876863,20000387
FIFO,11.088839661409876,9,0.75,0.6934972301702103,0.8333333333333334,0.25,0.6670090836704313,0.48049953771541015,0.08333333333333333,0.0,22.575213826069096,20000388
FIFO,7.455896545478799,7,0.5833333333333334,0.5143239075767503,0.6666666666666666,0.41666666666666663,0.6463081619098489,0.5670887907718695,0.3333333333333333,0.0,21.1132598411246,20000389
FIFO,6.43346495172304,6,0.5,0.5445290389715159,0.6666666666666666,0.5,0.5857467710795377,0.5264709194454008,0.2916666666666667,0.0,19.540967133848643,20000390
FIFO,5.2262604856430634,6,0.5,0.49386802596453633,0.5833333333333334,0.5,0.5532536594278464,0.5619739893307789,0.3541666666666667,0.0,18.824391652099365,20000391
FIFO,5.806459296229437,6,0.5,0.42209781696007975,0.6666666666666666,0.5,0.5967218596124221,0.48528410881240913,0.20833333333333334,0.0,19.669004751262644,20000392
FIFO,0.9880816510685695,4,0.3333333333333333,0.35593793455702627,0.3333333333333333,0.6666666666666667,0.39625085485889433,0.5835704623644913,0.3958333333333333,0.0,12.445164522497766,20000393
FIFO,1.0261631737962764,4,0.3333333333333333,0.3137119494773412,0.3333333333333333,0.6666666666666667,0.4290784231589937,0.5873402572857044,0.4375,0.0,13.732256927278096,20000394
FIFO,5.875899219295222,6,0.5,0.4801776271753039,0.6666666666666666,0.5,0.5856773420784985,0.546532242073299,0.22916666666666666,0.0,18.86543093445013,20000395
FIFO,-1.6682034428782377,3,0.25,0.2817521798499156,0.25,0.75,0.28637352118546217,0.5653324525333047,0.4166666666666667,0.0,10.208698121592906,20000396
FIFO,10.884877902807174,9,0.75,0.6843279683119,0.8333333333333334,0.25,0.5593004800215436,0.47708792814247064,0.14583333333333334,0.0,20.926480550584778,20000397
FIFO,8.338527764480693,8,0.6666666666666666,0.528596576151424,0.75,0.33333333333333337,0.5513068868203109,0.4827304997997399,0.10416666666666667,0.0,19.00397678238318,20000398
FIFO,-2.157363929511941,3,0.25,0.2431509489318674,0.25,0.75,0.2949135235536911,0.6226049783803748,0.4791666666666667,0.0,10.178129730623667,20000399
FIFO,2.254746585081211,5,0.4166666666666667,0.39818773210904584,0.4166666666666667,0.5833333333333333,0.3752019404985272,0.5411822441697844,0.3125,0.0,12.320430323964148,20000400
FIFO,3.3324229815303505,5,0.4166666666666667,0.4112488246968895,0.4166666666666667,0.5833333333333333,0.42036632893401693,0.5784872719144335,0.4166666666666667,0.0,14.353261648910973,20000401
FIFO,-2.9332848055601404,2,0.16666666666666666,0.20410072210536756,0.25,0.8333333333333334,0.29914492905171836,0.6104531868354103,0.4583333333333333,0.0,9.99678790587637,20000402
FIFO,0.7230819859563649,4,0.3333333333333333,0.30517314099253373,0.3333333333333333,0.6666666666666667,0.3985598312068843,0.5816054258406448,0.4166666666666667,0.0,12.944533552733159,20000403
FIFO,-1.5077051884399522,3,0.25,0.31674030669877185,0.25,0.75,0.27130556870097605,0.6162842202610349,0.4583333333333333,0.0,8.770567895098473,20000404
FIFO,-1.4424971930345873,3,0.25,0.24797362582589905,0.25,0.75,0.26958746606225853,0.5819804945871058,0.4375,0.0,9.801626831970738,20000405
FIFO,7.847298455471925,7,0.5833333333333334,0.5660012275838145,0.6666666666666666,0.41666666666666663,0.6254703055801211,0.5556496363860233,0.25,0.0,20.11316864894288,20000406
FIFO,5.567376757843973,6,0.5,0.45639395204293026,0.5833333333333334,0.5,0.603641029024209,0.5243889161154492,0.2708333333333333,0.0,19.142687010454477,20000407
FIFO,2.666426334984635,5,0.4166666666666667,0.42563893402044234,0.4166666666666667,0.5833333333333333,0.36606465493024537,0.5101272330708222,0.20833333333333334,0.0,14.074508329602825,20000408
FIFO,5.285445236651138,6,0.5,0.42130684815854774,0.5833333333333334,0.5,0.5822360699933476,0.541405991032356,0.3541666666666667,0.0,17.73393115562555,20000409
FIFO,7.0979069290670305,7,0.5833333333333334,0.5993931215742342,0.5833333333333334,0.41666666666666663,0.512594635008853,0.5019690790817254,0.25,0.0,18.07350891799498,20000410
FIFO,3.2413484335553306,5,0.4166666666666667,0.37525514126899634,0.5,0.5833333333333333,0.4495734011646288,0.5140998791247332,0.25,0.0,15.444131258334524,20000411
FIFO,3.0652282533647788,5,0.4166666666666667,0.42217627874380903,0.4166666666666667,0.5833333333333333,0.43920203598577706,0.5734833352025814,0.3333333333333333,0.0,14.964843498557002,20000412
FIFO,3.1161889845665067,5,0.4166666666666667,0.4139944646448978,0.5,0.5833333333333333,0.4373908795171781,0.5097202451345618,0.20833333333333334,0.0,15.555959431805409,20000413
FIFO,2.1481205776782066,5,0.4166666666666667,0.32368789727558656,0.4166666666666667,0.5833333333333333,0.42115276239098764,0.5630828064819355,0.3958333333333333,0.0,13.889023833881035,20000414
FIFO,5.155710959219787,6,0.5,0.507195391650082,0.5,0.5,0.5392658399355015,0.5639443390820493,0.3125,0.0,17.08311467970609,20000415
FIFO,0.7225407246171572,4,0.3333333333333333,0.3962695966305475,0.3333333333333333,0.6666666666666667,0.3555612926002267,0.5984702968546421,0.3958333333333333,0.0,12.200945759510697,20000416
FIFO,0.6934079932100938,4,0.3333333333333333,0.3566065944753734,0.3333333333333333,0.6666666666666667,0.4090387474190001,0.5777861558414391,0.3958333333333333,0.0,13.214012905495482,20000417
FIFO,7.166486641085388,7,0.5833333333333334,0.5541553052116788,0.6666666666666666,0.41666666666666663,0.5499401187625667,0.4616625158900076,0.14583333333333334,0.0,19.1606794787641,20000418
FIFO,-3.096094828330163,2,0.16666666666666666,0.2472033648981628,0.25,0.8333333333333334,0.26062983166997283,0.6244954994136759,0.4375,0.0,8.7408907998164,20000419
FIFO,13.119573071511082,10,0.8333333333333334,0.7204615349111363,0.9166666666666666,0.16666666666666663,0.7211775728039552,0.4928938058817877,0.16666666666666666,0.0,23.834390687486128,20000420
FIFO,-0.8043532835703149,3,0.25,0.2816991448528993,0.3333333333333333,0.75,0.3337361703691155,0.5977711500079982,0.3958333333333333,0.0,11.446234231079165,20000421
FIFO,5.094664346441216,6,0.5,0.42529660799996244,0.5833333333333334,0.5,0.4439107274050573,0.4590892766650116,0.08333333333333333,0.0,16.728328073532246,20000422
FIFO,1.5809809967069146,4,0.3333333333333333,0.42896114210271874,0.5,0.6666666666666667,0.4273987713274227,0.545503593297136,0.16666666666666666,0.0,15.486449298893705,20000423
FIFO,1.71499216963377,4,0.3333333333333333,0.3551593247751601,0.5,0.6666666666666667,0.41414764680446553,0.5514838842713831,0.3541666666666667,0.0,14.913276019528059,20000424
FIFO,-1.5459618881683934,3,0.25,0.23687064632571414,0.25,0.75,0.3221755354152243,0.5641234866646903,0.375,0.0,10.538203753835262,20000425
FIFO,6.451099736150375,7,0.5833333333333334,0.45420122155881976,0.5833333333333334,0.41666666666666663,0.5524975074949855,0.5240300923412997,0.3125,0.0,17.501176005026853,20000426
FIFO,11.146333014645897,9,0.75,0.6671671072217922,0.75,0.25,0.6136285380838529,0.49386200319806184,0.20833333333333334,0.0,20.9645503485244,20000427
FIFO,9.74343812550844,8,0.6666666666666666,0.5901318185334194,0.75,0.33333333333333337,0.6645023621674608,0.5150956826625017,0.22916666666666666,0.0,21.899634870372637,20000428
FIFO,8.531132962904756,8,0.6666666666666666,0.5386537195531376,0.75,0.33333333333333337,0.5848964722735769,0.49651864905609805,0.16666666666666666,0.0,18.78236982557245,20000429
FIFO,4.209250615217126,6,0.5,0.49317847579300944,0.5,0.5,0.4319057205700005,0.5532217611987386,0.375,0.0,13.57959681371868,20000430
FIFO,4.808989683034558,6,0.5,0.4391548553557244,0.5,0.5,0.4442302455307896,0.5112492337676657,0.20833333333333334,0.0,16.043175526807527,20000431
FIFO,5.8031327584061305,6,0.5,0.4901152507008994,0.6666666666666666,0.5,0.5855035743445471,0.5332001535002368,0.2708333333333333,0.0,19.301711250260563,20000432
FIFO,1.227893811648113,4,0.3333333333333333,0.3211635549695533,0.4166666666666667,0.6666666666666667,0.45297692885588403,0.5778639821626598,0.375,0.0,14.864437027114317,20000433
FIFO,4.632854677913676,6,0.5,0.43384476438361136,0.5,0.5,0.47744716909620816,0.5562286642053633,0.3333333333333333,0.0,15.753443594297336,20000434
FIFO,10.21352806478699,8,0.6666666666666666,0.7049662863119643,0.75,0.33333333333333337,0.6699857571098337,0.5231231987610264,0.2708333333333333,0.0,22.126465453175236,20000435
FIFO,11.870694919066526,9,0.75,0.7885806441349171,0.8333333333333334,0.25,0.6605780530451167,0.5001320359287016,0.14583333333333334,0.0,23.307976295814324,20000436
FIFO,5.364094310395982,6,0.5,0.5200764369062464,0.5833333333333334,0.5,0.5258000103789494,0.5705056093247642,0.375,0.0,17.767255930853075,20000437
FIFO,-0.06464086181721096,4,0.3333333333333333,0.24402609864210809,0.3333333333333333,0.6666666666666667,0.281899587689302,0.5354854860950202,0.3541666666666667,0.0,9.847665746749051,20000438
FIFO,0.9927259891196805,4,0.3333333333333333,0.3089200687388645,0.3333333333333333,0.6666666666666667,0.38533092593138135,0.5652094971203384,0.375,0.0,12.917356583197135,20000439
FIFO,6.163484393685039,7,0.5833333333333334,0.5670215153263057,0.5833333333333334,0.41666666666666663,0.45252230658467757,0.5124338235949505,0.14583333333333334,0.0,16.234776892930203,20000440
FIFO,-1.7895783853914726,3,0.25,0.24184579241544354,0.25,0.75,0.26426717015460577,0.6122713221251478,0.4791666666666667,0.0,8.441423629340342,20000441
FIFO,10.693141415823737,9,0.75,0.6645083343087866,0.75,0.25,0.6206972453738455,0.4770914823416243,0.16666666666666666,0.0,20.084373378247477,20000442
FIFO,7.952902352580443,7,0.5833333333333334,0.553466132461795,0.6666666666666666,0.41666666666666663,0.6335647808308864,0.5647601183463352,0.3125,0.0,21.02792226169839,20000443
FIFO,1.1199718810846386,4,0.3333333333333333,0.285101550989497,0.4166666666666667,0.6666666666666667,0.4111540198124977,0.5269619647393702,0.3333333333333333,0.0,14.510617031625511,20000444
FIFO,3.586404203799993,5,0.4166666666666667,0.41345445523084423,0.5,0.5833333333333333,0.4597258555751518,0.5281186912217772,0.20833333333333334,0.0,15.744058454486796,20000445
FIFO,1.7673320597730655,4,0.3333333333333333,0.3963115587598782,0.4166666666666667,0.6666666666666667,0.4751518298673387,0.5815272184657335,0.375,0.0,14.601704437670426,20000446
FIFO,1.2583744267421175,4,0.3333333333333333,0.3539726897189089,0.3333333333333333,0.6666666666666667,0.3977523191724061,0.6111847680932461,0.4791666666666667,0.0,12.733059414289784,20000447
FIFO,5.4990762119403325,6,0.5,0.48228574751223385,0.5833333333333334,0.5,0.5807183835522245,0.568244024415204,0.3541666666666667,0.0,18.4589859969808,20000448
FIFO,2.8571602508047924,5,0.4166666666666667,0.4218489573760686,0.4166666666666667,0.5833333333333333,0.41758247692587386,0.515942537402279,0.2916666666666667,0.0,13.952019510056108,20000449
FIFO,3.0828937779343413,5,0.4166666666666667,0.394869874193894,0.4166666666666667,0.5833333333333333,0.5032465041716571,0.6090481998577358,0.4583333333333333,0.0,15.69922709259156,20000450
FIFO,4.936231249051139,6,0.5,0.4774197688430184,0.5,0.5,0.48600054254620845,0.5214400442582557,0.3125,0.0,15.817060100676986,20000451
FIFO,4.36848942470801,5,0.4166666666666667,0.4465279065882935,0.5,0.5833333333333333,0.598494020308087,0.5737562238829615,0.3541666666666667,0.0,18.83177007749509,20000452
FIFO,-3.6086484461535253,2,0.16666666666666666,0.20995310806147044,0.16666666666666666,0.8333333333333334,0.24483252543807962,0.6459367472821654,0.5208333333333334,0.0,8.02022623776628,20000453
FIFO,0.7974462491595324,4,0.3333333333333333,0.3670044133663657,0.3333333333333333,0.6666666666666667,0.37478972375590164,0.5868919553708594,0.4166666666666667,0.0,12.435965431048338,20000454
FIFO,3.166923419719132,5,0.4166666666666667,0.39346603425353954,0.5,0.5833333333333333,0.47896153296383276,0.551922027950432,0.3333333333333333,0.0,15.69758954762992,20000455
FIFO,6.904300402389691,7,0.5833333333333334,0.5812553297569331,0.5833333333333334,0.41666666666666663,0.5064903730966891,0.552414498353558,0.2708333333333333,0.0,17.159857231373802,20000456
FIFO,-0.5865332049651626,3,0.25,0.20046903617228126,0.4166666666666667,0.75,0.3699042558371937,0.5261124276850303,0.2708333333333333,0.0,12.861563604814368,20000457
FIFO,-1.2260749657991292,3,0.25,0.27442629669540836,0.25,0.75,0.3727450000483908,0.6455701093648203,0.5,0.0,11.738848897231602,20000458
FIFO,6.234963848632402,6,0.5,0.5071408156879009,0.6666666666666666,0.5,0.6614995732012575,0.5557393265896529,0.3125,0.0,20.69011956651687,20000459
FIFO,9.128233487532846,8,0.6666666666666666,0.6153408219607238,0.6666666666666666,0.33333333333333337,0.6043507582179394,0.4632051298445015,0.22916666666666666,0.0,20.454963757701712,20000460
FIFO,3.5609600118789686,5,0.4166666666666667,0.3685511013713021,0.5,0.5833333333333333,0.5575133600855114,0.5742228765145648,0.375,0.0,16.413973501675372,20000461
FIFO,11.39164799856126,9,0.75,0.6439030152677974,0.8333333333333334,0.25,0.6893039191458187,0.4911252425291052,0.16666666666666666,0.0,23.450416791880414,20000462
FIFO,7.792547208934918,7,0.5833333333333334,0.4987285163881384,0.6666666666666666,0.41666666666666663,0.5885682707496093,0.4945785584637714,0.14583333333333334,0.0,19.744065846851672,20000463
FIFO,-0.9637732014451105,3,0.25,0.2855633923989517,0.3333333333333333,0.75,0.3523442739689176,0.5852054106113961,0.4375,0.0,12.602336473841339,20000464
FIFO,4.876261417059489,6,0.5,0.47130215835346173,0.5,0.5,0.49770231453842567,0.5095629334513746,0.2916666666666667,0.0,16.5254800008224,20000465
FIFO,0.9053584185062538,4,0.3333333333333333,0.3254030250092399,0.3333333333333333,0.6666666666666667,0.3542651824315512,0.5233493720737242,0.2916666666666667,0.0,13.184884447467695,20000466
FIFO,5.463705899066014,6,0.5,0.4550804429299565,0.6666666666666666,0.5,0.4939029771328542,0.4423437944524155,0.08333333333333333,0.0,17.50173658643996,20000467
FIFO,2.3812192564211023,5,0.4166666666666667,0.41262897550347394,0.4166666666666667,0.5833333333333333,0.37764959077660537,0.5495593445430673,0.3541666666666667,0.0,13.259514745760377,20000468
FIFO,2.7554745822495166,5,0.4166666666666667,0.4253512445259679,0.4166666666666667,0.5833333333333333,0.36051621257159283,0.5587861090042305,0.2708333333333333,0.0,13.079034042655653,20000469
FIFO,6.4647667962725315,7,0.5833333333333334,0.49383125089694857,0.6666666666666666,0.41666666666666663,0.5104384681198152,0.504590291074881,0.10416666666666667,0.0,18.44345358661961,20000470
FIFO,6.2432039232454635,6,0.5,0.5688538421991964,0.5833333333333334,0.5,0.6201077785476382,0.5563004434162098,0.3541666666666667,0.0,19.763930628702457,20000471
FIFO,6.971262564766199,7,0.5833333333333334,0.4961069526370731,0.5833333333333334,0.41666666666666663,0.5118776142616519,0.5085579605508559,0.20833333333333334,0.0,16.745668323284914,20000472
FIFO,7.5512375992817,7,0.5833333333333334,0.5182849105257306,0.75,0.41666666666666663,0.5783965464430317,0.4959387685750376,0.041666666666666664,0.0,20.881541586872874,20000473
FIFO,3.5861159390904125,5,0.4166666666666667,0.3941320528139591,0.5,0.5833333333333333,0.5325362614505743,0.5292181720258294,0.25,0.0,17.455280873952812,20000474
FIFO,3.787099755508372,5,0.4166666666666667,0.45267862691094307,0.5,0.5833333333333333,0.516398486657724,0.5647647827602063,0.4166666666666667,0.0,16.35465158353196,20000475
FIFO,1.8724411560265408,4,0.3333333333333333,0.45398160762556294,0.5,0.6666666666666667,0.42651821385346417,0.5450389921968385,0.20833333333333334,0.0,15.867870758207305,20000476
FIFO,3.3551033581373937,5,0.4166666666666667,0.4741597098765435,0.4166666666666667,0.5833333333333333,0.43529859924803654,0.5616959429764546,0.2916666666666667,0.0,15.335884579851268,20000477
FIFO,1.8075150134699531,4,0.3333333333333333,0.36316441265581123,0.4166666666666667,0.6666666666666667,0.5059789845448769,0.5639821393202599,0.375,0.0,16.539365970012295,20000478
FIFO,0.2907676090856417,4,0.3333333333333333,0.26929784663273393,0.3333333333333333,0.6666666666666667,0.3611527658779415,0.5509009097262193,0.3541666666666667,0.0,11.91452492167141,20000479
FIFO,7.353117054690912,7,0.5833333333333334,0.426162996085342,0.6666666666666666,0.41666666666666663,0.6437966414138738,0.539404748003435,0.2916666666666667,0.0,21.32085210243291,20000480
FIFO,10.747751188751263,9,0.75,0.658871905901925,0.75,0.25,0.556719084684207,0.4345801416610313,0.041666666666666664,0.0,20.759507643193018,20000481
FIFO,1.1606964530373534,4,0.3333333333333333,0.3762638613002907,0.3333333333333333,0.6666666666666667,0.3725654565568381,0.6109809436472561,0.5,0.0,12.633027855403173,20000482
FIFO,9.501984450123972,8,0.6666666666666666,0.5932334296776478,0.75,0.33333333333333337,0.5896147984492947,0.43979887579102944,0.125,0.0,20.572447541785532,20000483
FIFO,-1.2393712692456476,3,0.25,0.2177127328778456,0.3333333333333333,0.75,0.34624109558226435,0.5928583860457218,0.4166666666666667,0.0,11.653581597614615,20000484
FIFO,0.4229270020973095,4,0.3333333333333333,0.3054004439745119,0.3333333333333333,0.6666666666666667,0.3253283066033133,0.5460922714622929,0.3125,0.0,11.676331921272563,20000485
FIFO,4.585219923793949,6,0.5,0.4430838328208123,0.5,0.5,0.4794221517358653,0.5538480804796463,0.3333333333333333,0.0,16.53964575752737,20000486
FIFO,2.6544869424900064,4,0.3333333333333333,0.38640284131217034,0.5833333333333334,0.6666666666666667,0.5205639076832401,0.5306864425070306,0.25,0.0,17.971074958332345,20000487
FIFO,5.9253576770245475,6,0.5,0.4997231481083647,0.5833333333333334,0.5,0.5229952951369544,0.5260643508576114,0.2916666666666667,0.0,18.544995659967267,20000488
FIFO,3.3819059991154936,5,0.4166666666666667,0.3783606623678341,0.5,0.5833333333333333,0.4597239973605178,0.5264861285935708,0.2708333333333333,0.0,14.870226483259344,20000489
FIFO,1.6747886925549682,4,0.3333333333333333,0.40002445746222903,0.5,0.6666666666666667,0.4228655636888143,0.581521242426294,0.22916666666666666,0.0,15.62253246021454,20000490
FIFO,6.710488458924648,7,0.5833333333333334,0.43184582816923767,0.5833333333333334,0.41666666666666663,0.5204278352477058,0.5241277700478278,0.2708333333333333,0.0,17.693045903796797,20000491
FIFO,7.197637753534243,7,0.5833333333333334,0.5734318370277468,0.5833333333333334,0.41666666666666663,0.5413636129882323,0.5574947738594579,0.3541666666666667,0.0,18.379486490184703,20000492
FIFO,-1.6160529261824947,3,0.25,0.28145930826905396,0.25,0.75,0.29489772900058603,0.6293244436409481,0.4583333333333333,0.0,9.68289820697031,20000493
FIFO,3.3436748911148446,5,0.4166666666666667,0.34410033280604907,0.5833333333333334,0.5833333333333333,0.5078354128499082,0.5075036108943003,0.22916666666666666,0.0,16.62208391055504,20000494
FIFO,0.9434115304825044,4,0.3333333333333333,0.31284466114896226,0.4166666666666667,0.6666666666666667,0.34889352556578396,0.5434497507528121,0.22916666666666666,0.0,12.208391046564104,20000495
FIFO,9.865258022869817,8,0.6666666666666666,0.6784883997068463,0.75,0.33333333333333337,0.6680666004914664,0.49214859472654365,0.20833333333333334,0.0,21.758787682219765,20000496
FIFO,6.320578609492156,7,0.5833333333333334,0.4868292631624351,0.5833333333333334,0.41666666666666663,0.44943255359732115,0.5101944503280184,0.1875,0.0,15.51089564488224,20000497
FIFO,0.5769895534378022,4,0.3333333333333333,0.3286749308867677,0.3333333333333333,0.6666666666666667,0.3185291088860691,0.5620724427737546,0.375,0.0,10.66206609185262,20000498
FIFO,-0.975818559379912,3,0.25,0.28989057136558755,0.3333333333333333,0.75,0.3314576610040191,0.5875811477952058,0.375,0.0,11.474145621759442,20000499
EDF,1.7771098979400421,4,0.3333333333333333,0.47766505069886805,0.4166666666666667,0.6666666666666667,0.4792046139602684,0.630417183429261,0.5,0.0,15.375772604433404,20000000
EDF,5.261644412227037,6,0.5,0.4995985058522727,0.5,0.5,0.5572233650640197,0.5315304215752664,0.3125,0.0,17.829213858254636,20000001
EDF,9.011360716345123,8,0.6666666666666666,0.5812218443470323,0.6666666666666666,0.33333333333333337,0.6707839651831752,0.5519053382188175,0.25,0.0,21.421154597375427,20000002
EDF,-0.6777253208247522,3,0.25,0.347761324803409,0.3333333333333333,0.75,0.35660223912594985,0.5754148294783107,0.3958333333333333,0.0,12.288458105762142,20000003
EDF,3.2766303421354106,5,0.4166666666666667,0.43454278446024885,0.5,0.5833333333333333,0.39765757838168075,0.4743890405512126,0.020833333333333332,0.0,14.680891783919666,20000004
EDF,5.521302962896765,6,0.5,0.47346947646932513,0.5833333333333334,0.5,0.49471544983965016,0.5238875965634301,0.25,0.0,16.86296503984876,20000005
EDF,1.3956675426353788,4,0.3333333333333333,0.3241569101709085,0.4166666666666667,0.6666666666666667,0.44018257158741275,0.5835884136611185,0.4166666666666667,0.0,14.158843028993871,20000006
EDF,-1.5481461889036354,3,0.25,0.2998453018333063,0.25,0.75,0.30979823038679244,0.6309350974212135,0.4791666666666667,0.0,10.471273528453336,20000007
EDF,-1.5108153362768744,3,0.25,0.2627025602466154,0.25,0.75,0.2717369472101771,0.5820092806991003,0.4166666666666667,0.0,10.123430639176004,20000008
EDF,6.806429483101429,7,0.5833333333333334,0.5247992697611118,0.5833333333333334,0.41666666666666663,0.4893259881584691,0.5326108589111109,0.20833333333333334,0.0,16.747347182120386,20000009
EDF,4.7588045097476765,6,0.5,0.4012906788711948,0.5,0.5,0.43751509410044537,0.4986219912771787,0.2708333333333333,0.0,15.16524625755354,20000010
EDF,9.06378001169877,8,0.6666666666666666,0.6935535006205038,0.6666666666666666,0.33333333333333337,0.5549581511549077,0.5135787239296671,0.20833333333333334,0.0,19.17588703547596,20000011
EDF,4.852992175908231,6,0.5,0.49831388017641126,0.5,0.5,0.4990227624476263,0.5594347809779634,0.3125,0.0,16.340148346367727,20000012
EDF,2.947124072164006,5,0.4166666666666667,0.4361444813122128,0.4166666666666667,0.5833333333333333,0.39511027049690345,0.5541111708747751,0.3125,0.0,13.560432337889734,20000013
EDF,0.8752792774452414,4,0.3333333333333333,0.3225803743451916,0.4166666666666667,0.6666666666666667,0.3811571400948062,0.5788745523195384,0.3333333333333333,0.0,13.158528437341516,20000014
EDF,8.26611157409019,7,0.5833333333333334,0.6402934704415915,0.6666666666666666,0.41666666666666663,0.6333346869639,0.5590464455892207,0.3958333333333333,0.0,21.1898654816586,20000015
EDF,2.8374881948342816,5,0.4166666666666667,0.38991957505390845,0.5,0.5833333333333333,0.3955758282759927,0.5322992360612778,0.22916666666666666,0.0,14.40336378999432,20000016
EDF,2.8176394428016254,5,0.4166666666666667,0.4822242784662905,0.4166666666666667,0.5833333333333333,0.39673589803540343,0.565683809559571,0.3125,0.0,13.927853763869544,20000017
EDF,1.3087293282803085,4,0.3333333333333333,0.37021668323574364,0.3333333333333333,0.6666666666666667,0.4690319188272752,0.6286913761345507,0.4583333333333333,0.0,14.082622953427244,20000018
EDF,13.182371384036108,10,0.8333333333333334,0.7396780880466102,0.8333333333333334,0.16666666666666663,0.6776384515195196,0.49207777216171783,0.22916666666666666,0.0,23.187777330742712,20000019
EDF,2.9577191899960504,5,0.4166666666666667,0.41915906954344834,0.4166666666666667,0.5833333333333333,0.4493401237481464,0.5587476102191052,0.3333333333333333,0.0,14.779671476765984,20000020
EDF,11.033075852347999,9,0.75,0.7184121853642539,0.75,0.25,0.5622328249915116,0.4323007249841047,0.0625,0.0,20.568661055702233,20000021
EDF,-3.735013805190428,2,0.16666666666666666,0.23752505706580673,0.16666666666666666,0.8333333333333334,0.22225688796022766,0.6028346738130974,0.4583333333333333,0.0,7.401506702453195,20000022
EDF,4.938981460034018,6,0.5,0.4733585102469664,0.5,0.5,0.46477877757598174,0.5576990699243147,0.3541666666666667,0.0,15.533605761092872,20000023
EDF,11.687703406316672,9,0.75,0.7185850339755308,0.75,0.25,0.6905428645226278,0.5003746944287095,0.22916666666666666,0.0,22.43120857021454,20000024
EDF,0.5861504900339893,4,0.3333333333333333,0.3239837220828751,0.3333333333333333,0.6666666666666667,0.36402851487985294,0.5991430090800335,0.4166666666666667,0.0,11.952628231060414,20000025
EDF,4.573354572867517,6,0.5,0.49070610319293706,0.5,0.5,0.47505178610862747,0.549250738215931,0.3541666666666667,0.0,15.082947592624125,20000026
EDF,1.8003108395160665,5,0.4166666666666667,0.2930756051336161,0.4166666666666667,0.5833333333333333,0.38631500564924176,0.5337454005571562,0.3333333333333333,0.0,12.650245294816832,20000027
EDF,6.653830218197548,7,0.5833333333333334,0.5300564240483335,0.5833333333333334,0.41666666666666663,0.5039991091200092,0.48589528981018854,0.20833333333333334,0.0,17.420692554227468,20000028
EDF,6.286999011253235,7,0.5833333333333334,0.489024430334291,0.5833333333333334,0.41666666666666663,0.4130146207577841,0.46623987544654,0.22916666666666666,0.0,15.163339549733442,20000029
EDF,-1.3234634602406588,3,0.25,0.2629204131633358,0.25,0.75,0.2662221955653472,0.5999630681681603,0.4583333333333333,0.0,9.08915435921414,20000030
EDF,3.574133561412193,5,0.4166666666666667,0.3995114481816428,0.5,0.5833333333333333,0.4908696895992663,0.5265194744797751,0.22916666666666666,0.0,16.57067363673057,20000031
EDF,4.879005350450813,6,0.5,0.46500341008192186,0.5,0.5,0.5225121797962402,0.5494155852096427,0.3125,0.0,16.11159483943092,20000032
EDF,7.116449763987091,7,0.5833333333333334,0.464415447395059,0.6666666666666666,0.41666666666666663,0.5633384375016107,0.5583999859021578,0.22916666666666666,0.0,19.103190860387876,20000033
EDF,4.846694922314234,6,0.5,0.46693895201391106,0.5,0.5,0.4147194459409613,0.5206776422050627,0.3125,0.0,14.825181428234396,20000034
EDF,2.8941357306220166,5,0.4166666666666667,0.4380850915586342,0.4166666666666667,0.5833333333333333,0.4399896143718589,0.577603300543169,0.3541666666666667,0.0,14.857793406073986,20000035
EDF,12.213589963608172,10,0.8333333333333334,0.7194564760372266,0.8333333333333334,0.16666666666666663,0.5534375346525058,0.4212762599736682,0.0,0.0,20.47013533281757,20000036
EDF,3.3974329744797642,5,0.4166666666666667,0.46111846725202466,0.4166666666666667,0.5833333333333333,0.4868576625976159,0.5999759280155882,0.3958333333333333,0.0,15.68540884549645,20000037
EDF,0.8194842581859756,4,0.3333333333333333,0.39121585529049907,0.3333333333333333,0.6666666666666667,0.407247349747973,0.5757557403156383,0.3958333333333333,0.0,13.290619832460605,20000038
EDF,3.5235179940888695,5,0.4166666666666667,0.41098673337896524,0.5,0.5833333333333333,0.4701784362110157,0.5344756260988666,0.25,0.0,15.79921965345404,20000039
EDF,-0.6541370299837648,3,0.25,0.2734551385291194,0.3333333333333333,0.75,0.3472040553663307,0.5812966066464575,0.3958333333333333,0.0,11.955140369767475,20000040
EDF,7.660871396055805,7,0.5833333333333334,0.5910678503048732,0.5833333333333334,0.41666666666666663,0.6013364653593322,0.5322909367761791,0.2708333333333333,0.0,19.380352217242798,20000041
EDF,6.785863864253708,7,0.5833333333333334,0.5212665863299756,0.5833333333333334,0.41666666666666663,0.5396353011507449,0.5412088243764559,0.22916666666666666,0.0,18.075405992005685,20000042
EDF,8.949051029649128,8,0.6666666666666666,0.6053808103802913,0.6666666666666666,0.33333333333333337,0.5089796297172862,0.4656488733279387,0.08333333333333333,0.0,18.13618909085053,20000043
EDF,2.6947581181641933,5,0.4166666666666667,0.3788574609917122,0.4166666666666667,0.5833333333333333,0.42478177633887965,0.5585437106554179,0.3333333333333333,0.0,13.791703470082101,20000044
EDF,2.5365070525352547,5,0.4166666666666667,0.349584382236779,0.4166666666666667,0.5833333333333333,0.3655887956457183,0.567653348205157,0.3541666666666667,0.0,13.265730381333565,20000045
EDF,0.7139023506697911,4,0.3333333333333333,0.3678407924871709,0.3333333333333333,0.6666666666666667,0.3643991425538267,0.6277549705535331,0.4583333333333333,0.0,12.392500689372781,20000046
EDF,10.79379131616986,9,0.75,0.697287197085811,0.75,0.25,0.5504979342821926,0.4292680006248975,0.0625,0.0,20.421499419532072,20000047
EDF,3.2074864299926737,5,0.4166666666666667,0.4064294001126873,0.5,0.5833333333333333,0.40275978510332644,0.5447323680378995,0.20833333333333334,0.0,14.772797133117106,20000048
EDF,4.545042993121697,6,0.5,0.45169668724591455,0.5,0.5,0.43742515696803713,0.5007436839994961,0.2916666666666667,0.0,14.728438147484788,20000049
EDF,0.8357741467190241,4,0.3333333333333333,0.3953760375854308,0.3333333333333333,0.6666666666666667,0.3606757772613127,0.5656504816219187,0.4166666666666667,0.0,11.9877492045406,20000050
EDF,5.801885408928348,6,0.5,0.5254779035997292,0.5833333333333334,0.5,0.5329762295371986,0.5540231017308734,0.20833333333333334,0.0,18.495334311491085,20000051
EDF,4.727656306108438,6,0.5,0.4550556710403909,0.5,0.5,0.47716609610072824,0.5753074153497227,0.3333333333333333,0.0,15.821807752186984,20000052
EDF,2.527060243626104,5,0.4166666666666667,0.3931878573510057,0.4166666666666667,0.5833333333333333,0.45476079062319846,0.558596162100235,0.375,0.0,14.55588307086877,20000053
EDF,5.092615269243456,6,0.5,0.483906870364904,0.5,0.5,0.519317099627578,0.5181368149852819,0.3125,0.0,17.50044217823655,20000054
EDF,4.552108234518981,6,0.5,0.4266934555460394,0.5,0.5,0.5187228400044624,0.557990885772104,0.3125,0.0,16.406306587568587,20000055
EDF,6.405888621122912,7,0.5833333333333334,0.44827676090919794,0.5833333333333334,0.41666666666666663,0.5082804978717074,0.4931082208772044,0.25,0.0,16.99614661655143,20000056
EDF,-1.1602865272148866,3,0.25,0.295354397797862,0.25,0.75,0.326947878592888,0.6454762437914635,0.5,0.0,10.897168256504697,20000057
EDF,4.288364032207289,6,0.5,0.4043311939557171,0.5,0.5,0.41227937709963064,0.5052197277248789,0.2916666666666667,0.0,14.192712991925841,20000058
EDF,0.5782059199605563,4,0.3333333333333333,0.3028018237355075,0.3333333333333333,0.6666666666666667,0.39177122879684756,0.60389916158899,0.4375,0.0,13.066711250613023,20000059
EDF,7.5754942104151555,7,0.5833333333333334,0.6037303233351194,0.5833333333333334,0.41666666666666663,0.5752228116635117,0.5261350241809262,0.2916666666666667,0.0,18.732470256800422,20000060
EDF,2.870578537346987,5,0.4166666666666667,0.3907584638157365,0.4166666666666667,0.5833333333333333,0.3955838661966631,0.594214201028619,0.3958333333333333,0.0,13.884346863899692,20000061
EDF,5.327103265008223,6,0.5,0.43937260349704593,0.5,0.5,0.5936819791821725,0.5654864880437348,0.375,0.0,18.422161913297117,20000062
EDF,0.7519085232266027,4,0.3333333333333333,0.3235128437651688,0.3333333333333333,0.6666666666666667,0.36740348128986877,0.5588946499046544,0.3541666666666667,0.0,12.513275131324635,20000063
EDF,7.70268080497413,7,0.5833333333333334,0.5647414981037416,0.6666666666666666,0.41666666666666663,0.5747604780119756,0.4913892526468444,0.22916666666666666,0.0,19.30635632107081,20000064
EDF,0.1290566065397587,4,0.3333333333333333,0.2678665378271353,0.3333333333333333,0.6666666666666667,0.3802110765855609,0.590464038092529,0.4166666666666667,0.0,12.457410638464644,20000065
EDF,9.724697831995366,8,0.6666666666666666,0.619035167839742,0.6666666666666666,0.33333333333333337,0.6254710385210515,0.526277544919825,0.2916666666666667,0.0,20.094367283148845,20000066
EDF,7.472040105250653,7,0.5833333333333334,0.6153514030825713,0.5833333333333334,0.41666666666666663,0.6139982711825192,0.5729157913710102,0.3125,0.0,19.606624226371437,20000067
EDF,1.5277332776106354,4,0.3333333333333333,0.3287362744126909,0.4166666666666667,0.6666666666666667,0.42689925956200464,0.5452011163446838,0.3541666666666667,0.0,14.014744745217904,20000068
EDF,12.950369921046093,10,0.8333333333333334,0.7580147344064616,0.8333333333333334,0.16666666666666663,0.6940418538752869,0.5230918313189129,0.16666666666666666,0.0,23.075964666711155,20000069
EDF,5.689741606137441,6,0.5,0.5324435011193004,0.5,0.5,0.5800973819455939,0.5373670591342677,0.3333333333333333,0.0,18.458036167586016,20000070
EDF,0.316433634363783,4,0.3333333333333333,0.2884164251742807,0.3333333333333333,0.6666666666666667,0.34475779865067163,0.5812101073389787,0.375,0.0,12.180311599823028,20000071
EDF,7.087831782334823,7,0.5833333333333334,0.4764841222816494,0.6666666666666666,0.41666666666666663,0.5045859837762617,0.4298343762237458,0.08333333333333333,0.0,17.506127414614372,20000072
EDF,2.170641141418332,5,0.4166666666666667,0.32272690793275427,0.4166666666666667,0.5833333333333333,0.40841319695814,0.558712382686114,0.3541666666666667,0.0,13.55026160886867,20000073
EDF,6.5793948554336374,7,0.5833333333333334,0.44631332935900836,0.5833333333333334,0.41666666666666663,0.43642990135116305,0.4838401545689288,0.16666666666666666,0.0,16.01469255170984,20000074
EDF,1.7656334710951374,4,0.3333333333333333,0.3551216219570952,0.4166666666666667,0.6666666666666667,0.45137905690915175,0.565478670984504,0.3333333333333333,0.0,15.226696676161362,20000075
EDF,-1.3589742218248628,3,0.25,0.29095120086711146,0.25,0.75,0.3087692551677566,0.6392716896125475,0.5,0.0,10.2261584061268,20000076
EDF,11.142193003705167,9,0.75,0.6744876574340876,0.75,0.25,0.6429367205714219,0.4844187532431537,0.20833333333333334,0.0,20.558404969074378,20000077
EDF,5.330773853472599,6,0.5,0.47650243496937794,0.5833333333333334,0.5,0.4415721274047219,0.4762702634548719,0.14583333333333334,0.0,15.944134968740629,20000078
EDF,3.213377297265921,5,0.4166666666666667,0.4686768212580992,0.4166666666666667,0.5833333333333333,0.4173123530007444,0.547593422353407,0.3958333333333333,0.0,14.668386604825418,20000079
EDF,3.831947855159588,5,0.4166666666666667,0.5090067501547868,0.4166666666666667,0.5833333333333333,0.517946729696719,0.6228330321854552,0.4791666666666667,0.0,16.17646238847556,20000080
EDF,-3.8548109949916456,2,0.16666666666666666,0.18911420783163227,0.16666666666666666,0.8333333333333334,0.26553350051505165,0.6415303798392064,0.5208333333333334,0.0,8.71865702252248,20000081
EDF,13.172621385607153,10,0.8333333333333334,0.7584094256891747,0.8333333333333334,0.16666666666666663,0.6602890646029376,0.44491579238680073,0.020833333333333332,0.0,23.861832342030592,20000082
EDF,2.888054762782187,5,0.4166666666666667,0.4408801509253338,0.4166666666666667,0.5833333333333333,0.451249212313017,0.5707867743742855,0.375,0.0,15.616094261455647,20000083
EDF,6.624801721720898,7,0.5833333333333334,0.49022511123822704,0.5833333333333334,0.41666666666666663,0.43744107003571636,0.509208094855964,0.14583333333333334,0.0,16.27831089958897,20000084
EDF,2.936536907412087,5,0.4166666666666667,0.38393538958882173,0.4166666666666667,0.5833333333333333,0.4534964893280853,0.5750627366304407,0.3541666666666667,0.0,14.635719540832486,20000085
EDF,0.750364842931933,4,0.3333333333333333,0.3511845822164892,0.3333333333333333,0.6666666666666667,0.42405839931125416,0.6031788685892473,0.4375,0.0,13.119062816984181,20000086
EDF,5.5706660467755915,6,0.5,0.5322006419700528,0.5,0.5,0.5285595461929495,0.5348935692190618,0.3125,0.0,17.384560322935535,20000087
EDF,5.964888208661437,6,0.5,0.5347627418807982,0.5,0.5,0.5648232654283406,0.5637125186591567,0.3541666666666667,0.0,18.746731608135402,20000088
EDF,-1.8086683060066677,3,0.25,0.2696769499813777,0.25,0.75,0.2750496044167375,0.5642840355844431,0.3958333333333333,0.0,9.423288647237632,20000089
EDF,2.5703335621421903,5,0.4166666666666667,0.41185246612115073,0.4166666666666667,0.5833333333333333,0.3799093935433266,0.5530687779217799,0.25,0.0,13.371593826182878,20000090
EDF,4.618761327985522,6,0.5,0.46739093126915626,0.5,0.5,0.44703295066244514,0.5567847707385077,0.3125,0.0,14.955976269274602,20000091
EDF,4.915629487107834,6,0.5,0.39245506789042794,0.5,0.5,0.5020188746764148,0.5374651578702277,0.25,0.0,16.15484399796244,20000092
EDF,2.588817528451189,5,0.4166666666666667,0.41437439084878314,0.4166666666666667,0.5833333333333333,0.33672902350526357,0.48178669314209516,0.10416666666666667,0.0,13.095871427554282,20000093
EDF,4.097201687498865,6,0.5,0.4279480700094597,0.5,0.5,0.3938260333556897,0.5485601606732943,0.2916666666666667,0.0,14.243915451788823,20000094
EDF,3.1202550292207953,5,0.4166666666666667,0.3982146453259235,0.4166666666666667,0.5833333333333333,0.4318747310587587,0.5875261254463495,0.3958333333333333,0.0,13.769701688008912,20000095
EDF,3.141632343383114,5,0.4166666666666667,0.3933912891384672,0.5,0.5833333333333333,0.47236710117367836,0.5530207612717213,0.3125,0.0,15.890636491519716,20000096
EDF,-1.3331962643918454,3,0.25,0.2801199861933835,0.25,0.75,0.318040635435993,0.5761769194852706,0.3958333333333333,0.0,10.750721480457267,20000097
EDF,5.051817428686853,6,0.5,0.44332269047138023,0.5,0.5,0.5411576760363898,0.5656651082179797,0.3125,0.0,17.155021358050906,20000098
EDF,8.863933150613958,8,0.6666666666666666,0.5097767051704207,0.6666666666666666,0.33333333333333337,0.5968113509217167,0.43145285948744605,0.125,0.0,19.772009714545423,20000099
EDF,5.5768859174154874,6,0.5,0.49500969670571,0.5833333333333334,0.5,0.551251431648212,0.5707216114797696,0.3125,0.0,17.460060651278518,20000100
EDF,5.619400383464406,6,0.5,0.42665895146214405,0.5833333333333334,0.5,0.574584861181879,0.5487303600721098,0.3541666666666667,0.0,18.017659305724262,20000101
EDF,8.288301257114528,8,0.6666666666666666,0.5381455491890316,0.6666666666666666,0.33333333333333337,0.4648293092355449,0.48010604196067125,0.020833333333333332,0.0,17.462011934793885,20000102
EDF,0.9316921476948674,4,0.3333333333333333,0.3869559911708966,0.3333333333333333,0.6666666666666667,0.36735607543853477,0.5577547237279364,0.3958333333333333,0.0,12.403973333302735,20000103
EDF,0.2372041839336092,4,0.3333333333333333,0.2376568959538857,0.3333333333333333,0.6666666666666667,0.40738981230999993,0.516517281994156,0.3125,0.0,14.700295391878681,20000104
EDF,4.847018806515041,6,0.5,0.5718254748032422,0.5,0.5,0.4882227331674973,0.5726283466449399,0.3958333333333333,0.0,16.01020195414973,20000105
EDF,1.3097744739848292,4,0.3333333333333333,0.418887935670015,0.3333333333333333,0.6666666666666667,0.3627990446450704,0.5835999779173945,0.4375,0.0,12.46244568882694,20000106
EDF,2.7512870603102395,5,0.4166666666666667,0.45692297587756836,0.4166666666666667,0.5833333333333333,0.42951486376090037,0.5684739788856163,0.3958333333333333,0.0,13.777287925878053,20000107
EDF,5.279126828516349,6,0.5,0.5476606003603357,0.5833333333333334,0.5,0.5064292826780583,0.5571110692122001,0.3958333333333333,0.0,17.006689417501224,20000108
EDF,1.0455178942294903,4,0.3333333333333333,0.34472629521556103,0.3333333333333333,0.6666666666666667,0.3364510757265409,0.5830523117366767,0.375,0.0,11.76443089068764,20000109
EDF,1.2027943647784904,4,0.3333333333333333,0.3991747740184693,0.3333333333333333,0.6666666666666667,0.3925577227568015,0.5902332558795557,0.4166666666666667,0.0,13.175154313821954,20000110
EDF,5.323432439061407,6,0.5,0.5136534163135729,0.5,0.5,0.4575000166942839,0.5233367273955314,0.3125,0.0,15.460632976952526,20000111
EDF,5.9864114727938045,6,0.5,0.5186380757466937,0.5,0.5,0.5781015260230994,0.6028165815016441,0.3958333333333333,0.0,18.750706244429598,20000112
EDF,5.221241301545043,6,0.5,0.48352073606940393,0.5833333333333334,0.5,0.4184582841206656,0.4620869825204459,0.0,0.0,16.777109880677724,20000113
EDF,-1.3261740278327536,3,0.25,0.28928391889133387,0.25,0.75,0.2861843858930866,0.5820100728810349,0.3541666666666667,0.0,9.953814859456413,20000114
EDF,1.6996188658373554,4,0.3333333333333333,0.32202177433412926,0.5,0.6666666666666667,0.4801714386391582,0.5775070071670366,0.375,0.0,15.519557580192636,20000115
EDF,4.908428885281378,6,0.5,0.5010980101471534,0.5,0.5,0.5082669229984782,0.5312851702319855,0.2708333333333333,0.0,16.8541241084325,20000116
EDF,1.2770184109216,4,0.3333333333333333,0.4008077151808889,0.4166666666666667,0.6666666666666667,0.43090165569126926,0.5866137509532089,0.3541666666666667,0.0,14.639164047652493,20000117
EDF,4.860026861032371,6,0.5,0.4457854058913751,0.5,0.5,0.45654936654420064,0.5221288112982214,0.22916666666666666,0.0,15.37401750326385,20000118
EDF,3.9054462072103284,5,0.4166666666666667,0.4277701906437842,0.5,0.5833333333333333,0.487038614540758,0.5443437300349964,0.3333333333333333,0.0,16.393344142134808,20000119
EDF,5.543787336635512,6,0.5,0.50788176411267,0.5,0.5,0.562473739804927,0.567715065640259,0.3125,0.0,18.079569947420726,20000120
EDF,-1.9536977781342086,3,0.25,0.2131620147211729,0.25,0.75,0.2734450235380456,0.6022898049992472,0.4375,0.0,9.162487741137207,20000121
EDF,0.6877148874419059,4,0.3333333333333333,0.35161962410080305,0.3333333333333333,0.6666666666666667,0.3321388350202858,0.5528468612671786,0.3541666666666667,0.0,11.740237203521787,20000122
EDF,3.7979259079566603,5,0.4166666666666667,0.435980830246255,0.6666666666666666,0.5833333333333333,0.48191202294862734,0.5388481556375729,0.10416666666666667,0.0,17.2759416555387,20000123
EDF,3.0904673038170567,5,0.4166666666666667,0.43825828812524126,0.5,0.5833333333333333,0.4692961382351708,0.5581903125343132,0.3333333333333333,0.0,15.41340178582624,20000124
EDF,6.737840927391188,7,0.5833333333333334,0.5439417138558913,0.5833333333333334,0.41666666666666663,0.48972507320555164,0.5100631727471865,0.2916666666666667,0.0,16.4732702941852,20000125
EDF,0.8235508159646594,4,0.3333333333333333,0.35642552218480733,0.3333333333333333,0.6666666666666667,0.3375215071321229,0.5992018678007659,0.4375,0.0,11.889799629798643,20000126
EDF,3.579089252322137,5,0.4166666666666667,0.47543663991375745,0.4166666666666667,0.5833333333333333,0.4774090760680482,0.5625715644784074,0.375,0.0,16.12366091088395,20000127
EDF,2.822211543539792,5,0.4166666666666667,0.41432302489955014,0.5,0.5833333333333333,0.3746461761788173,0.5283228072912898,0.0625,0.0,14.874932791760656,20000128
EDF,5.153505656441734,6,0.5,0.526822372338183,0.5,0.5,0.4442715173731549,0.560907292122506,0.25,0.0,16.070481089866174,20000129
EDF,6.806553368721451,7,0.5833333333333334,0.5159271895956767,0.5833333333333334,0.41666666666666663,0.5343022987293465,0.5207326270022382,0.2708333333333333,0.0,17.269668758084084,20000130
EDF,4.921308475466423,6,0.5,0.4086031442276091,0.5,0.5,0.49736573972837084,0.5325154558145364,0.3541666666666667,0.0,16.588140370767128,20000131
EDF,2.828523226524754,5,0.4166666666666667,0.3977213883998836,0.4166666666666667,0.5833333333333333,0.40662017856580474,0.5004103821598181,0.25,0.0,13.864835116742602,20000132
EDF,8.847970396237503,8,0.6666666666666666,0.6252038511651697,0.6666666666666666,0.33333333333333337,0.5003770508744921,0.4572240248798251,0.0625,0.0,18.35801637192756,20000133
EDF,2.213193863131329,5,0.4166666666666667,0.3409979540696006,0.4166666666666667,0.5833333333333333,0.38295627834891693,0.5339744887723076,0.3541666666666667,0.0,13.691440914608572,20000134
EDF,9.971273821174346,8,0.6666666666666666,0.6251787214909135,0.75,0.33333333333333337,0.7154704731422484,0.5672805564957967,0.25,0.0,23.34019125184325,20000135
EDF,6.691977982311158,7,0.5833333333333334,0.48926574913774784,0.5833333333333334,0.41666666666666663,0.5284786404465635,0.5228475737132234,0.2916666666666667,0.0,17.15510987100673,20000136
EDF,8.790105634461339,8,0.6666666666666666,0.5362614586873642,0.6666666666666666,0.33333333333333337,0.5553764613050386,0.47511081523492354,0.1875,0.0,18.6724650602316,20000137
EDF,-1.8157621753756932,3,0.25,0.24885570079437133,0.25,0.75,0.29418649862474594,0.605233752516524,0.4375,0.0,9.548546185722962,20000138
EDF,2.6270565565988973,5,0.4166666666666667,0.39433831661366386,0.4166666666666667,0.5833333333333333,0.3501422430521088,0.5012815279897392,0.125,0.0,13.21323192197871,20000139
EDF,1.2116502628204537,4,0.3333333333333333,0.4157649067192968,0.4166666666666667,0.6666666666666667,0.3870409215462765,0.5093111772381504,0.25,0.0,13.64418454223767,20000140
EDF,1.4419379380078141,4,0.3333333333333333,0.3921079297196312,0.3333333333333333,0.6666666666666667,0.4347364245509175,0.5820639233247702,0.4375,0.0,14.198163455719582,20000141
EDF,-1.4941880687855997,3,0.25,0.29088888364354765,0.25,0.75,0.30018385689493027,0.6002866628681366,0.4375,0.0,9.695619804726164,20000142
EDF,1.3926006591097357,4,0.3333333333333333,0.31851301177468694,0.4166666666666667,0.6666666666666667,0.35877622694124583,0.5345060701541973,0.22916666666666666,0.0,12.842534142429583,20000143
EDF,7.29165115386309,7,0.5833333333333334,0.598843015978493,0.5833333333333334,0.41666666666666663,0.5572909928790515,0.542355716127994,0.3125,0.0,18.653346537350508,20000144
EDF,6.791770199125087,7,0.5833333333333334,0.5355026951474451,0.5833333333333334,0.41666666666666663,0.5141959520539204,0.5361878771210163,0.3125,0.0,17.345736749724804,20000145
EDF,2.8722216237447373,5,0.4166666666666667,0.36437754746264384,0.4166666666666667,0.5833333333333333,0.40122678853898047,0.4946467029060851,0.22916666666666666,0.0,13.899978153567323,20000146
EDF,2.583785265855166,5,0.4166666666666667,0.39605584004635774,0.4166666666666667,0.5833333333333333,0.36754227407138146,0.508373291094704,0.25,0.0,13.649305944854442,20000147
EDF,2.8397181309747035,5,0.4166666666666667,0.39594904736178604,0.4166666666666667,0.5833333333333333,0.4017214310242405,0.5464509855054994,0.3125,0.0,14.38654662489869,20000148
EDF,10.216766408651923,8,0.6666666666666666,0.6617323157906522,0.75,0.33333333333333337,0.6990443574743376,0.5546082875418455,0.2916666666666667,0.0,22.443112580240275,20000149
EDF,-1.8504519117722218,3,0.25,0.2615738635777991,0.25,0.75,0.2839245891408996,0.5784274824471235,0.4166666666666667,0.0,9.561879578562268,20000150
EDF,4.676998336689767,6,0.5,0.48881625359340775,0.5,0.5,0.4750743857868461,0.5145278695725589,0.2708333333333333,0.0,16.090289798021054,20000151
EDF,-1.2347112030225573,3,0.25,0.3050413200838762,0.25,0.75,0.34575443971401265,0.6142623108515014,0.4375,0.0,11.758332626220701,20000152
EDF,3.1117010631872635,5,0.4166666666666667,0.4419542859556526,0.4166666666666667,0.5833333333333333,0.473478728150579,0.5334754017300473,0.3541666666666667,0.0,15.357821051541364,20000153
EDF,9.501828094025765,8,0.6666666666666666,0.6624821144706485,0.6666666666666666,0.33333333333333337,0.6290782037595564,0.52640516355457,0.2708333333333333,0.0,20.358120918666177,20000154
EDF,0.6216606606305908,4,0.3333333333333333,0.3495535838613373,0.3333333333333333,0.6666666666666667,0.3170587929419972,0.5557558860093904,0.3958333333333333,0.0,10.539612769514273,20000155
EDF,0.5551702681222226,4,0.3333333333333333,0.3426070159534154,0.3333333333333333,0.6666666666666667,0.3766603506958939,0.610396686521052,0.4375,0.0,11.9785453617154,20000156
EDF,4.6906617925595295,6,0.5,0.4645839011915167,0.5,0.5,0.4672201565318533,0.5615957045152952,0.3958333333333333,0.0,15.663972049902931,20000157
EDF,3.56532602959117,5,0.4166666666666667,0.4302871127178123,0.5,0.5833333333333333,0.48799098950307457,0.5596188079607798,0.3541666666666667,0.0,16.050933595262077,20000158
EDF,-1.196278495596173,3,0.25,0.30986803096230037,0.25,0.75,0.30569273752818454,0.6173211980360521,0.4791666666666667,0.0,10.66973481638863,20000159
EDF,5.591880375885124,6,0.5,0.4982764478679884,0.5833333333333334,0.5,0.5181439440757748,0.5114698647731779,0.25,0.0,18.28207656737408,20000160
EDF,3.291042189779228,5,0.4166666666666667,0.4731353079950529,0.5,0.5833333333333333,0.4343399288701491,0.5318985437204122,0.125,0.0,15.432401298123633,20000161
EDF,0.6667631818757558,4,0.3333333333333333,0.3168043855779764,0.3333333333333333,0.6666666666666667,0.3418566119653028,0.5591321710006649,0.3541666666666667,0.0,11.57069679997529,20000162
EDF,4.970876035732369,6,0.5,0.4699843578129332,0.5,0.5,0.44200637275980975,0.5146618866717915,0.22916666666666666,0.0,15.993609891281967,20000163
EDF,3.858309899050746,5,0.4166666666666667,0.4078324902974024,0.5,0.5833333333333333,0.46763655953367733,0.5509602887250011,0.3541666666666667,0.0,16.134650817470504,20000164
EDF,8.606069755516925,8,0.6666666666666666,0.5763099237816818,0.6666666666666666,0.33333333333333337,0.6017788404313169,0.5086408302069371,0.2708333333333333,0.0,18.80209242629814,20000165
EDF,5.56387072851002,6,0.5,0.5000124981837331,0.5833333333333334,0.5,0.5718377832904581,0.5841304688772891,0.3541666666666667,0.0,18.93889878793384,20000166
EDF,6.587746101181329,7,0.5833333333333334,0.535769553812413,0.5833333333333334,0.41666666666666663,0.46715680970064205,0.4825319336055696,0.22916666666666666,0.0,16.630496218751528,20000167
EDF,-1.806671963525899,3,0.25,0.2237277394237343,0.25,0.75,0.3138555583611504,0.5775586751702982,0.3958333333333333,0.0,10.921984018044736,20000168
EDF,6.903762157643963,7,0.5833333333333334,0.546352132471355,0.5833333333333334,0.41666666666666663,0.5238630776850773,0.5369474618435317,0.3541666666666667,0.0,17.959629187310398,20000169
EDF,1.0745438202774225,4,0.3333333333333333,0.3701986977888436,0.3333333333333333,0.6666666666666667,0.38051353234026264,0.5660177044375915,0.375,0.0,12.360993451477094,20000170
EDF,9.139848333471537,8,0.6666666666666666,0.6680800463016316,0.6666666666666666,0.33333333333333337,0.5444608213517598,0.520927992373687,0.10416666666666667,0.0,19.767840812864858,20000171
EDF,9.088706973777327,8,0.6666666666666666,0.6824210678031337,0.6666666666666666,0.33333333333333337,0.5783119391011221,0.5537125995287027,0.3125,0.0,19.389499534937947,20000172
EDF,9.346358719757124,8,0.6666666666666666,0.5853555406083368,0.6666666666666666,0.33333333333333337,0.5708043678761543,0.5046582084372383,0.1875,0.0,19.68564027821525,20000173
EDF,9.296832513570118,8,0.6666666666666666,0.6250828283738441,0.6666666666666666,0.33333333333333337,0.5928502355419725,0.529507678653684,0.3333333333333333,0.0,20.27052771019023,20000174
EDF,0.8303128737394646,4,0.3333333333333333,0.32547055728845614,0.4166666666666667,0.6666666666666667,0.3239165846832744,0.5292680869597348,0.20833333333333334,0.0,11.940142435030479,20000175
EDF,2.8181860170706075,5,0.4166666666666667,0.3372674028308605,0.5,0.5833333333333333,0.43981416323847994,0.5266457402814866,0.3125,0.0,14.182442021765322,20000176
EDF,9.523844562154578,8,0.6666666666666666,0.644339095692721,0.6666666666666666,0.33333333333333337,0.5933478595526595,0.5000083699322249,0.1875,0.0,20.352798397998498,20000177
EDF,7.3466476165968295,7,0.5833333333333334,0.5480549649498815,0.5833333333333334,0.41666666666666663,0.5746732597924668,0.539347024056648,0.3333333333333333,0.0,19.668682939259934,20000178
EDF,3.060843166051713,5,0.4166666666666667,0.4088707184579637,0.4166666666666667,0.5833333333333333,0.479843640477517,0.5444356089273813,0.3333333333333333,0.0,15.555523777103907,20000179
EDF,3.5282633296725567,5,0.4166666666666667,0.3784245859600821,0.5,0.5833333333333333,0.4532169982378644,0.5282097685338248,0.2916666666666667,0.0,15.59899994235369,20000180
EDF,0.8667956926065465,4,0.3333333333333333,0.45035968442345187,0.3333333333333333,0.6666666666666667,0.39573761640516364,0.5971022008003543,0.4166666666666667,0.0,12.571479240718539,20000181
EDF,3.0784614655417277,5,0.4166666666666667,0.40608245758343947,0.4166666666666667,0.5833333333333333,0.46869293526452255,0.572274738861764,0.4166666666666667,0.0,16.0499913730884,20000182
EDF,1.1840859051601376,4,0.3333333333333333,0.30179786064726005,0.4166666666666667,0.6666666666666667,0.3528869817724205,0.5237013179439645,0.14583333333333334,0.0,12.712095467795844,20000183
EDF,0.8759027652400204,4,0.3333333333333333,0.38865407088348813,0.3333333333333333,0.6666666666666667,0.35054928073105973,0.5532170717968888,0.3125,0.0,12.446478064844623,20000184
EDF,5.166082139018547,6,0.5,0.5159837255136385,0.5,0.5,0.4677704030910877,0.5375371688635023,0.3125,0.0,15.384868584261246,20000185
EDF,6.665822982870495,7,0.5833333333333334,0.47983321772451304,0.5833333333333334,0.41666666666666663,0.4711654327908586,0.4463172294482729,0.1875,0.0,16.177996131428248,20000186
EDF,0.9631564630767284,4,0.3333333333333333,0.33963432627887197,0.3333333333333333,0.6666666666666667,0.397422990956155,0.6053172106307653,0.4166666666666667,0.0,13.055431735384778,20000187
EDF,9.571975140849592,8,0.6666666666666666,0.6032567965635902,0.75,0.33333333333333337,0.6205185179843652,0.5311610176714224,0.16666666666666666,0.0,21.116236855410815,20000188
EDF,0.26380083500840357,4,0.3333333333333333,0.3062738617362002,0.3333333333333333,0.6666666666666667,0.31088679396094093,0.5739756837057501,0.3958333333333333,0.0,11.020738424354185,20000189
EDF,7.349668041071355,7,0.5833333333333334,0.5169600136526119,0.6666666666666666,0.41666666666666663,0.6096098002975853,0.5330158792518097,0.2708333333333333,0.0,18.845100956587917,20000190
EDF,15.88813897017761,12,1.0,1.0,1.0,0.0,0.6551087815017745,0.4044003670860496,0.0,0.0625,22.642499141465983,20000191
EDF,3.559903105460606,5,0.4166666666666667,0.475148022234256,0.5,0.5833333333333333,0.49808301684164985,0.5900106391729907,0.3958333333333333,0.0,15.563529789052458,20000192
EDF,4.212701189093298,5,0.4166666666666667,0.45645761281511943,0.5,0.5833333333333333,0.5924007666823016,0.5637052866997982,0.4166666666666667,0.0,19.240105105603558,20000193
EDF,3.3128796030669414,5,0.4166666666666667,0.4528922940537069,0.4166666666666667,0.5833333333333333,0.4809264088660974,0.6031716723645126,0.4166666666666667,0.0,15.813240387296918,20000194
EDF,7.137952987146717,7,0.5833333333333334,0.46902024478739396,0.6666666666666666,0.41666666666666663,0.5130489295366468,0.5264999028751062,0.125,0.0,18.1730164799325,20000195
EDF,5.239375406377729,6,0.5,0.4930508950170575,0.5,0.5,0.5445911385984943,0.5427733381306433,0.3125,0.0,17.79611187037066,20000196
EDF,3.0414505269453587,5,0.4166666666666667,0.4059199135897737,0.4166666666666667,0.5833333333333333,0.43385021583941236,0.5446730662564896,0.375,0.0,14.644669591349205,20000197
EDF,2.975675588517282,5,0.4166666666666667,0.42224034142161754,0.4166666666666667,0.5833333333333333,0.4168129224507647,0.532373959859238,0.25,0.0,14.944885789516285,20000198
EDF,0.20446009952053923,4,0.3333333333333333,0.2753865786973725,0.3333333333333333,0.6666666666666667,0.36780591966962417,0.5849606271984228,0.4375,0.0,11.589114544411112,20000199
EDF,5.335549809949888,6,0.5,0.4998318218804246,0.5,0.5,0.5235278246943261,0.5627464211891321,0.3333333333333333,0.0,16.69145244803595,20000200
EDF,2.620730550876176,5,0.4166666666666667,0.319486203976639,0.4166666666666667,0.5833333333333333,0.3979025617412098,0.5048805490530398,0.3125,0.0,13.953229048565142,20000201
EDF,1.0256006421167996,4,0.3333333333333333,0.3384529144266729,0.4166666666666667,0.6666666666666667,0.42425048852486075,0.6042751122213901,0.375,0.0,13.42538320367976,20000202
EDF,2.872407262683313,5,0.4166666666666667,0.4892216404954235,0.4166666666666667,0.5833333333333333,0.44542979002623473,0.5755749307970522,0.4375,0.0,14.978724883804338,20000203
EDF,4.341412043446935,6,0.5,0.36053310041315656,0.5,0.5,0.3810471729610824,0.48883620979593423,0.25,0.0,14.027964929944561,20000204
EDF,9.292374047953317,8,0.6666666666666666,0.6787707106531258,0.6666666666666666,0.33333333333333337,0.5593323080353306,0.48819342615072014,0.25,0.0,19.00974089506385,20000205
EDF,-3.438108887951329,2,0.16666666666666666,0.22078657664582896,0.16666666666666666,0.8333333333333334,0.3034417902302455,0.6300739428629184,0.5,0.0,9.984223666938176,20000206
EDF,0.5776195812424609,4,0.3333333333333333,0.2997925428748298,0.3333333333333333,0.6666666666666667,0.3436426324921473,0.5564143491886796,0.3333333333333333,0.0,11.560021319439642,20000207
EDF,3.417383184604524,5,0.4166666666666667,0.4356164722208905,0.4166666666666667,0.5833333333333333,0.4626497035897403,0.5398587536944606,0.3333333333333333,0.0,15.600943419199307,20000208
EDF,3.546015055791379,5,0.4166666666666667,0.3670402709944031,0.5,0.5833333333333333,0.4991916133428243,0.5209586049157248,0.3541666666666667,0.0,15.905533458663927,20000209
EDF,13.196150446898143,10,0.8333333333333334,0.7594177971228545,0.8333333333333334,0.16666666666666663,0.7220720086291168,0.4342530497147374,0.16666666666666666,0.0,23.568627070259144,20000210
EDF,0.332978692745835,4,0.3333333333333333,0.3395401890315364,0.3333333333333333,0.6666666666666667,0.3097596240660685,0.5527815422833384,0.3541666666666667,0.0,11.021399781781025,20000211
EDF,3.271300353031701,5,0.4166666666666667,0.5232432881642274,0.4166666666666667,0.5833333333333333,0.44537574019043485,0.5291914524565399,0.2708333333333333,0.0,15.38488587477702,20000212
EDF,13.16100858800528,10,0.8333333333333334,0.7255036175628686,0.8333333333333334,0.16666666666666663,0.6403210834922398,0.4870018562653986,0.08333333333333333,0.0,22.54009826029238,20000213
EDF,0.32255376818704695,4,0.3333333333333333,0.2868481091023813,0.3333333333333333,0.6666666666666667,0.3497104112980505,0.5649906733653841,0.3541666666666667,0.0,12.054172967775907,20000214
EDF,7.702888004522275,7,0.5833333333333334,0.5690566997434044,0.5833333333333334,0.41666666666666663,0.6242611770903832,0.584368876191804,0.3541666666666667,0.0,20.283894848485982,20000215
EDF,0.22526413103069154,4,0.3333333333333333,0.32790952256062333,0.3333333333333333,0.6666666666666667,0.31918913812121374,0.5747399607007826,0.4375,0.0,11.394261815391655,20000216
EDF,13.192857906524818,10,0.8333333333333334,0.7466153244720782,0.8333333333333334,0.16666666666666663,0.7180011736176232,0.46254946529181956,0.08333333333333333,0.0,24.08717857153143,20000217
EDF,4.141330807493221,6,0.5,0.4298102898052446,0.5,0.5,0.42888218048009646,0.5261492258655255,0.22916666666666666,0.0,15.059966294813572,20000218
EDF,-1.845271505684142,3,0.25,0.27843758244761646,0.25,0.75,0.3177933389142824,0.6158825856806767,0.4583333333333333,0.0,10.276927414502715,20000219
EDF,3.196582810596112,5,0.4166666666666667,0.396962271889616,0.5,0.5833333333333333,0.37810813895599127,0.4592250662259038,0.10416666666666667,0.0,13.792652522805437,20000220
EDF,11.573668998840336,9,0.75,0.7393744184767675,0.75,0.25,0.6558831518327635,0.4754816706338236,0.20833333333333334,0.0,20.954653633710144,20000221
EDF,8.476157816966708,8,0.6666666666666666,0.5219207567960442,0.6666666666666666,0.33333333333333337,0.5395853434925066,0.49401550527745997,0.16666666666666666,0.0,19.127355481596776,20000222
EDF,6.435991198914442,7,0.5833333333333334,0.49087772032899074,0.5833333333333334,0.41666666666666663,0.5419287347345683,0.5428289854778632,0.2708333333333333,0.0,17.409018258795477,20000223
EDF,1.1679622194714236,4,0.3333333333333333,0.30124931014543566,0.4166666666666667,0.6666666666666667,0.42481759298049965,0.5387019756828638,0.375,0.0,13.718259763426612,20000224
EDF,4.891473461778281,6,0.5,0.42976581566415495,0.5833333333333334,0.5,0.5377662865376894,0.5633384631426681,0.3333333333333333,0.0,16.9039239415983,20000225
EDF,5.538480227730625,6,0.5,0.49362362057763437,0.5,0.5,0.5284650713905973,0.5317262483790114,0.3333333333333333,0.0,17.49884058790916,20000226
EDF,-0.001161490258044795,3,0.25,0.3713034259098195,0.4166666666666667,0.75,0.4600392005346887,0.5751299855860738,0.4375,0.0,15.356797648746802,20000227
EDF,6.820087848565464,7,0.5833333333333334,0.5458094243403838,0.5833333333333334,0.41666666666666663,0.5307169858836751,0.5325468489079221,0.2916666666666667,0.0,17.686540098835454,20000228
EDF,4.740837499739714,5,0.4166666666666667,0.4299185312520539,0.5833333333333334,0.5833333333333333,0.6205465334270662,0.52708103743495,0.2708333333333333,0.0,20.78387718146228,20000229
EDF,7.501154598645341,7,0.5833333333333334,0.47269354173202477,0.6666666666666666,0.41666666666666663,0.5798589824752167,0.4855294627440518,0.22916666666666666,0.0,19.18354667033098,20000230
EDF,4.98839953833041,6,0.5,0.525081530241603,0.5,0.5,0.5140890462754285,0.58793716466456,0.3541666666666667,0.0,16.530127974098097,20000231
EDF,-1.4762119364426471,3,0.25,0.2617256997112918,0.25,0.75,0.287155587370257,0.5746542646673618,0.3958333333333333,0.0,9.852569222613294,20000232
EDF,4.772574872813335,6,0.5,0.42279616639644646,0.5,0.5,0.4116059192502484,0.4957362349763072,0.20833333333333334,0.0,15.07220542565116,20000233
EDF,0.5613537965454385,4,0.3333333333333333,0.28190054908099693,0.3333333333333333,0.6666666666666667,0.30633063193509585,0.5032063931354578,0.22916666666666666,0.0,11.27370437305541,20000234
EDF,2.0471128141046697,5,0.4166666666666667,0.3703270987533061,0.4166666666666667,0.5833333333333333,0.3287775718615567,0.5142673647444694,0.25,0.0,12.143677838688443,20000235
EDF,11.53634611758074,9,0.75,0.7268915611215374,0.75,0.25,0.6717174728956795,0.5047974064384295,0.22916666666666666,0.0,22.46397841075441,20000236
EDF,5.643495754764283,6,0.5,0.4555535125379535,0.5,0.5,0.5669016006772774,0.5524576930559161,0.375,0.0,18.243220644383417,20000237
EDF,5.29088040758041,6,0.5,0.47290669405429053,0.5,0.5,0.5317298684696756,0.5430305840431107,0.3125,0.0,17.18329431090704,20000238
EDF,3.872185101782509,5,0.4166666666666667,0.5005916506569627,0.4166666666666667,0.5833333333333333,0.4998152809687271,0.6063791529481753,0.4375,0.0,16.66097018954556,20000239
EDF,2.95928635773681,5,0.4166666666666667,0.3948374225788121,0.4166666666666667,0.5833333333333333,0.45339748587508,0.5866419785515833,0.375,0.0,14.196191996997227,20000240
EDF,-1.1475214305830495,3,0.25,0.30860886291167966,0.25,0.75,0.3824457557591769,0.6298762341093846,0.4791666666666667,0.0,11.770100403943106,20000241
EDF,9.131855848043973,8,0.6666666666666666,0.7363790203115372,0.75,0.33333333333333337,0.5822590086926617,0.49525463867958,0.0625,0.0,19.857819411258617,20000242
EDF,0.701333432318084,4,0.3333333333333333,0.30272535453359584,0.3333333333333333,0.6666666666666667,0.3678382460088237,0.5611459623321472,0.375,0.0,12.75397720427323,20000243
EDF,6.060972700028375,6,0.5,0.5448430389922366,0.5833333333333334,0.5,0.5789100634416259,0.5254809308917181,0.2916666666666667,0.0,19.65892077286737,20000244
EDF,5.472551901973201,6,0.5,0.5201578077540587,0.5,0.5,0.5013338411822564,0.5478572876807426,0.3541666666666667,0.0,16.82524401558859,20000245
EDF,7.732038747294365,7,0.5833333333333334,0.5860963272628684,0.6666666666666666,0.41666666666666663,0.5935508782338647,0.5287011813687159,0.25,0.0,19.880808582294588,20000246
EDF,2.935075682198374,5,0.4166666666666667,0.42939996188443424,0.4166666666666667,0.5833333333333333,0.4707543719354528,0.5683755914440677,0.4166666666666667,0.0,14.84320350502271,20000247
EDF,15.350165680144025,11,0.9166666666666666,0.9156848060827795,0.9166666666666666,0.08333333333333337,0.769235605303901,0.46064168116751425,0.0625,0.0,26.020760558733706,20000248
EDF,5.72337145962873,6,0.5,0.4926503380650501,0.5833333333333334,0.5,0.5518926276484176,0.5767841304115766,0.4166666666666667,0.0,18.049980580049134,20000249
EDF,6.9993297541465775,7,0.5833333333333334,0.593194920753209,0.5833333333333334,0.41666666666666663,0.523325796637622,0.5396315611741543,0.22916666666666666,0.0,17.951386773388183,20000250
EDF,6.56559530231021,7,0.5833333333333334,0.4478344483533856,0.5833333333333334,0.41666666666666663,0.5332086965174716,0.47833850549317697,0.25,0.0,17.56502525291004,20000251
EDF,7.3927874978762755,7,0.5833333333333334,0.5665351201557793,0.6666666666666666,0.41666666666666663,0.5369646702020875,0.5117981616559514,0.14583333333333334,0.0,18.76275454320894,20000252
EDF,3.0627437758834613,5,0.4166666666666667,0.36943166143818407,0.4166666666666667,0.5833333333333333,0.4369598347763301,0.499724151603067,0.22916666666666666,0.0,14.577090857352866,20000253
EDF,1.5854987061051697,4,0.3333333333333333,0.397007991985038,0.4166666666666667,0.6666666666666667,0.48952657294166535,0.6331479058563058,0.4791666666666667,0.0,14.79116737862791,20000254
EDF,3.2577884941733144,5,0.4166666666666667,0.35833882193714667,0.5,0.5833333333333333,0.4504283750963108,0.5606579755729454,0.2916666666666667,0.0,15.875998108493306,20000255
EDF,2.9696678087969097,5,0.4166666666666667,0.3582698521430529,0.4166666666666667,0.5833333333333333,0.47916907659138724,0.5393073512770256,0.3333333333333333,0.0,15.14984507488944,20000256
EDF,2.374968319745798,5,0.4166666666666667,0.35840040634449766,0.4166666666666667,0.5833333333333333,0.39050076735685674,0.5249023272740665,0.2708333333333333,0.0,13.447855386492162,20000257
EDF,2.227923038338824,5,0.4166666666666667,0.38294553857379776,0.4166666666666667,0.5833333333333333,0.3548035346429512,0.5622196539328809,0.2916666666666667,0.0,12.156923046015777,20000258
EDF,0.7446558416601392,4,0.3333333333333333,0.3934747111668443,0.3333333333333333,0.6666666666666667,0.37164160144837166,0.6068892911876703,0.4166666666666667,0.0,12.134112909194423,20000259
EDF,1.3459328119964526,4,0.3333333333333333,0.3129690886592934,0.4166666666666667,0.6666666666666667,0.43158512105230823,0.5705804362670496,0.3541666666666667,0.0,13.615861583830712,20000260
EDF,-0.8370030640236672,3,0.25,0.32115569375600067,0.25,0.75,0.43356933748041043,0.6734105738748603,0.5625,0.0,12.55276671758228,20000261
EDF,1.1564999920962524,4,0.3333333333333333,0.3328160647089589,0.4166666666666667,0.6666666666666667,0.4588663663433649,0.6080860046377913,0.4375,0.0,13.942730722671786,20000262
EDF,9.043309072421753,8,0.6666666666666666,0.6705428816842274,0.6666666666666666,0.33333333333333337,0.5021261599055117,0.4494588847723189,0.125,0.0,18.4118447620565,20000263
EDF,1.1848654709014432,4,0.3333333333333333,0.41305519823991493,0.3333333333333333,0.6666666666666667,0.39357074695280825,0.6152006003166915,0.4166666666666667,0.0,12.54167899096444,20000264
EDF,2.340966080188474,5,0.4166666666666667,0.40455322529932203,0.4166666666666667,0.5833333333333333,0.3798834402862277,0.4913129723566816,0.22916666666666666,0.0,14.83176861680334,20000265
EDF,10.465374984088792,9,0.75,0.6012676963231065,0.75,0.25,0.6057648915474805,0.473535843829068,0.20833333333333334,0.0,19.0242000411269,20000266
EDF,-2.98758661920798,2,0.16666666666666666,0.19673942749255252,0.25,0.8333333333333334,0.3254172204694312,0.6224992470461839,0.5,0.0,10.535001505638316,20000267
EDF,-1.7046673736048046,3,0.25,0.25366472812440627,0.25,0.75,0.3207103697972691,0.6118807486590151,0.4583333333333333,0.0,10.90241998804414,20000268
EDF,7.812516893374417,7,0.5833333333333334,0.5628199842249796,0.5833333333333334,0.41666666666666663,0.6154141217447381,0.5238618163876071,0.3125,0.0,20.094929532841,20000269
EDF,3.0081998674441044,5,0.4166666666666667,0.4469349066451797,0.4166666666666667,0.5833333333333333,0.4148389734572495,0.5265333912466744,0.3333333333333333,0.0,14.758636313491785,20000270
EDF,8.0185870053845,7,0.5833333333333334,0.5901312097669127,0.6666666666666666,0.41666666666666663,0.6024714994372322,0.5107726108010128,0.22916666666666666,0.0,19.672731067717276,20000271
EDF,4.849787467182252,6,0.5,0.4825296982099085,0.5,0.5,0.41413205130255576,0.47498454921133143,0.08333333333333333,0.0,15.519368730666363,20000272
EDF,10.858759928344988,9,0.75,0.586867309155765,0.75,0.25,0.6431491086633941,0.47067711030835585,0.16666666666666666,0.0,22.165569168871695,20000273
EDF,2.6487111895803737,5,0.4166666666666667,0.39210553663075487,0.4166666666666667,0.5833333333333333,0.4546874969459713,0.5729073148334063,0.3958333333333333,0.0,14.376373250429697,20000274
EDF,2.6647172532818066,5,0.4166666666666667,0.3545614146763618,0.5,0.5833333333333333,0.4403998090702778,0.5435780799898047,0.3541666666666667,0.0,14.127847370169993,20000275
EDF,2.5711371044774265,5,0.4166666666666667,0.334333423395904,0.4166666666666667,0.5833333333333333,0.4045305762233807,0.5230986036536683,0.3125,0.0,13.941343240726795,20000276
EDF,2.299248321751985,5,0.4166666666666667,0.35571981131138797,0.4166666666666667,0.5833333333333333,0.37272576506016253,0.5741693853207971,0.3958333333333333,0.0,13.129178247519413,20000277
EDF,-1.5914506742765813,3,0.25,0.29506812521986575,0.25,0.75,0.27442499083841615,0.6224971727997746,0.5,0.0,8.916923107766113,20000278
EDF,2.523276331248998,5,0.4166666666666667,0.38093112965684284,0.4166666666666667,0.5833333333333333,0.3647968564576993,0.5305411969059389,0.22916666666666666,0.0,13.966594476949226,20000279
EDF,7.190413593011481,7,0.5833333333333334,0.6674877317589362,0.6666666666666666,0.41666666666666663,0.4909467796656493,0.5037231126191738,0.125,0.0,18.253519046371498,20000280
EDF,2.918891843269033,5,0.4166666666666667,0.49772764794056507,0.4166666666666667,0.5833333333333333,0.41393030721815743,0.581107982405909,0.3125,0.0,14.374490952014897,20000281
EDF,5.16379932585165,6,0.5,0.4897799749786871,0.5,0.5,0.4919405483728969,0.5649225383867832,0.375,0.0,16.2720244654343,20000282
EDF,8.229453694611259,8,0.6666666666666666,0.5699052027642557,0.6666666666666666,0.33333333333333337,0.49389922281538157,0.5038521723963932,0.1875,0.0,17.794664321753807,20000283
EDF,0.7922903090857147,4,0.3333333333333333,0.3502728408140182,0.3333333333333333,0.6666666666666667,0.359036946343316,0.5642968453988325,0.3333333333333333,0.0,12.364636879840734,20000284
EDF,0.2813950089167432,4,0.3333333333333333,0.3124949280086582,0.3333333333333333,0.6666666666666667,0.26926024119994824,0.5381553455775127,0.3541666666666667,0.0,10.176956071647997,20000285
EDF,0.7469094607812323,4,0.3333333333333333,0.29356501690314285,0.3333333333333333,0.6666666666666667,0.37671489458593266,0.5825721720472239,0.4166666666666667,0.0,11.697761602774559,20000286
EDF,9.456669218356199,8,0.6666666666666666,0.7347127548875763,0.75,0.33333333333333337,0.5623043769421829,0.48141111478823007,0.16666666666666666,0.0,20.644086825028122,20000287
EDF,3.509089858553081,5,0.4166666666666667,0.4532589751982898,0.5,0.5833333333333333,0.4551022672151524,0.5145213753435024,0.25,0.0,15.130730335441102,20000288
EDF,6.786942373975137,7,0.5833333333333334,0.5795159259345719,0.5833333333333334,0.41666666666666663,0.4479745119589502,0.4917919013659231,0.1875,0.0,16.572377108526656,20000289
EDF,0.7625375181990202,4,0.3333333333333333,0.32015816649968126,0.3333333333333333,0.6666666666666667,0.3922607098474629,0.5662483505074921,0.4166666666666667,0.0,13.590133745744003,20000290
EDF,9.021600807590968,8,0.6666666666666666,0.6866625005960114,0.6666666666666666,0.33333333333333337,0.5557224488185939,0.5135969748658303,0.125,0.0,19.905100141282905,20000291
EDF,0.4196631797358519,4,0.3333333333333333,0.31641788084315625,0.3333333333333333,0.6666666666666667,0.33852084975047353,0.5839642431086177,0.375,0.0,10.982380393391995,20000292
EDF,1.8488650848822799,5,0.4166666666666667,0.2952551922697472,0.4166666666666667,0.5833333333333333,0.3953065080703578,0.5465341201550572,0.375,0.0,13.363297288577224,20000293
EDF,1.637796497447273,4,0.3333333333333333,0.42264213662330885,0.3333333333333333,0.6666666666666667,0.4361575932339636,0.6033214423226152,0.4791666666666667,0.0,14.730689198883564,20000294
EDF,0.8924282526572251,4,0.3333333333333333,0.3931700982707552,0.3333333333333333,0.6666666666666667,0.34435145262757166,0.5707703965829808,0.3958333333333333,0.0,11.84157611373535,20000295
EDF,5.734364779766159,6,0.5,0.5271326594861834,0.5,0.5,0.5456609518233632,0.5761322794059545,0.3958333333333333,0.0,18.025399655478775,20000296
EDF,6.001473974671423,7,0.5833333333333334,0.46353261854810135,0.5833333333333334,0.41666666666666663,0.4112669657618548,0.5177818124384777,0.20833333333333334,0.0,15.379787318150122,20000297
EDF,0.28263973417561084,4,0.3333333333333333,0.3052580733071553,0.3333333333333333,0.6666666666666667,0.34607841059602856,0.5765793665236477,0.375,0.0,12.041818662715363,20000298
EDF,3.9631475027238494,6,0.5,0.4164040607078489,0.5,0.5,0.4267282066250697,0.5133097184336393,0.2708333333333333,0.0,14.627882134773373,20000299
EDF,3.8796079818112057,5,0.4166666666666667,0.48498237587503823,0.4166666666666667,0.5833333333333333,0.5069147092488238,0.5985079646652552,0.4375,0.0,15.90243385075099,20000300
EDF,8.784252179038036,8,0.6666666666666666,0.6470455377911905,0.6666666666666666,0.33333333333333337,0.563846507168687,0.5423199921951646,0.20833333333333334,0.0,19.685719324569266,20000301
EDF,0.870002681415786,4,0.3333333333333333,0.31587551592574287,0.3333333333333333,0.6666666666666667,0.3585592289600284,0.5596629909001519,0.375,0.0,12.919335891675718,20000302
EDF,5.071338619238092,6,0.5,0.5336822293650523,0.5,0.5,0.45318678871511836,0.5368070155154122,0.2708333333333333,0.0,15.387458466152081,20000303
EDF,15.079139463478443,11,0.9166666666666666,0.8918879750027561,0.9166666666666666,0.08333333333333337,0.7002645788568888,0.4595863508102658,0.125,0.0,24.246067312281642,20000304
EDF,10.771378272849718,9,0.75,0.749005610729453,0.75,0.25,0.586482872721497,0.4463924909857669,0.16666666666666666,0.0,20.081285626665036,20000305
EDF,6.6168918149236955,7,0.5833333333333334,0.5599439452162591,0.5833333333333334,0.41666666666666663,0.46631795563131845,0.5029894722882333,0.3125,0.0,17.519813721193557,20000306
EDF,-1.5449205464739242,3,0.25,0.3090816386225436,0.25,0.75,0.3295570054783992,0.6486150992581744,0.5208333333333334,0.0,10.698440221265965,20000307
EDF,2.99567065005431,5,0.4166666666666667,0.38819250724263094,0.4166666666666667,0.5833333333333333,0.5051755204075051,0.5708834843107478,0.3958333333333333,0.0,15.871916769069045,20000308
EDF,3.8994712876577506,5,0.4166666666666667,0.4307633512867215,0.5,0.5833333333333333,0.5270073272726853,0.5995309282140967,0.4375,0.0,16.8145285916229,20000309
EDF,8.998213443416944,8,0.6666666666666666,0.6534873038780793,0.75,0.33333333333333337,0.5795365833077649,0.505664612435288,0.125,0.0,20.066096152786198,20000310
EDF,2.8778833397992756,5,0.4166666666666667,0.4610468715026317,0.4166666666666667,0.5833333333333333,0.41230842437215354,0.5694945913348243,0.375,0.0,14.179667404055062,20000311
EDF,-1.2864503622772527,3,0.25,0.33471892538576653,0.25,0.75,0.29224679880515797,0.5973666992618442,0.4375,0.0,10.008180882970214,20000312
EDF,0.8333383299817694,4,0.3333333333333333,0.35174164440547506,0.3333333333333333,0.6666666666666667,0.43818781469122925,0.6034336193585804,0.4375,0.0,13.511942720890186,20000313
EDF,3.026690215944294,5,0.4166666666666667,0.49927670372034255,0.4166666666666667,0.5833333333333333,0.42455561926781704,0.5980069684521206,0.375,0.0,14.366295368248341,20000314
EDF,-3.0807841087670145,2,0.16666666666666666,0.25973852583220114,0.25,0.8333333333333334,0.3280688248660155,0.648606453172199,0.4791666666666667,0.0,10.140620643927706,20000315
EDF,2.661365981162786,5,0.4166666666666667,0.334115746763933,0.4166666666666667,0.5833333333333333,0.453011752870081,0.5830993755495403,0.375,0.0,15.152648153776738,20000316
EDF,7.222003351063194,7,0.5833333333333334,0.561225675038225,0.5833333333333334,0.41666666666666663,0.5499663117052238,0.5139070026241834,0.22916666666666666,0.0,18.932890624539844,20000317
EDF,3.3799557533873865,5,0.4166666666666667,0.44055248783326906,0.4166666666666667,0.5833333333333333,0.5105253240961587,0.6008531244394634,0.3958333333333333,0.0,16.018852431548137,20000318
EDF,1.0548883293770426,4,0.3333333333333333,0.34746262313368315,0.3333333333333333,0.6666666666666667,0.41434233096499584,0.5928248014907701,0.4166666666666667,0.0,13.871859455099742,20000319
EDF,0.40640685148528344,4,0.3333333333333333,0.26671751780461217,0.3333333333333333,0.6666666666666667,0.37090253361256725,0.5674787875284127,0.4166666666666667,0.0,12.873468102459166,20000320
EDF,10.889025298984098,9,0.75,0.6669768879543069,0.75,0.25,0.5864966076764246,0.44007085351924485,0.10416666666666667,0.0,20.823386221221522,20000321
EDF,1.02540180345291,4,0.3333333333333333,0.3489996802435937,0.3333333333333333,0.6666666666666667,0.3713086876446133,0.5448377269949374,0.2708333333333333,0.0,12.81792940218462,20000322
EDF,3.558870942575845,5,0.4166666666666667,0.4176690101182614,0.5,0.5833333333333333,0.48728056141934406,0.546237354316419,0.22916666666666666,0.0,16.542968288471133,20000323
EDF,7.706424626864183,7,0.5833333333333334,0.5805091966233288,0.5833333333333334,0.41666666666666663,0.5784630696337899,0.5117544836901121,0.25,0.0,19.831505975595995,20000324
EDF,7.209050121379146,7,0.5833333333333334,0.5334165468041078,0.6666666666666666,0.41666666666666663,0.5419058264936251,0.5033120565181712,0.1875,0.0,18.86842858784553,20000325
EDF,1.065252152163869,4,0.3333333333333333,0.33437304174892335,0.3333333333333333,0.6666666666666667,0.38647665105579915,0.5964327891332385,0.4166666666666667,0.0,13.02725502486168,20000326
EDF,6.776444209942641,7,0.5833333333333334,0.5051528153582551,0.5833333333333334,0.41666666666666663,0.4557189528291128,0.4660364766232769,0.20833333333333334,0.0,16.39901348298668,20000327
EDF,5.5827143860044055,6,0.5,0.48914469646645015,0.5833333333333334,0.5,0.5160064819258968,0.5482262222574029,0.3333333333333333,0.0,17.813361482948995,20000328
EDF,-1.8971448870842846,3,0.25,0.21906038477730008,0.25,0.75,0.31606392392089994,0.6159869521268205,0.4583333333333333,0.0,10.684522180999778,20000329
EDF,1.8289534925308923,4,0.3333333333333333,0.46469401408843186,0.4166666666666667,0.6666666666666667,0.3971168267790722,0.5501944846617022,0.375,0.0,13.885146270910864,20000330
EDF,9.386493886209056,8,0.6666666666666666,0.6688406839690578,0.75,0.33333333333333337,0.6772617771318208,0.5540781714271522,0.22916666666666666,0.0,21.304680164133806,20000331
EDF,3.1885983261289486,5,0.4166666666666667,0.5140724900091304,0.4166666666666667,0.5833333333333333,0.42881531804033113,0.551031865678942,0.2916666666666667,0.0,15.032133114146124,20000332
EDF,0.08620363594924818,4,0.3333333333333333,0.3193158462658975,0.3333333333333333,0.6666666666666667,0.33249440115383017,0.586303126508596,0.4166666666666667,0.0,11.140906438553756,20000333
EDF,4.942252527811264,6,0.5,0.4159662523264177,0.5,0.5,0.45444980763035603,0.5097131531023323,0.2916666666666667,0.0,16.401135271872725,20000334
EDF,0.9401475789668177,4,0.3333333333333333,0.39678357620527155,0.3333333333333333,0.6666666666666667,0.3637827034765086,0.5816657012393174,0.3958333333333333,0.0,12.66441870830703,20000335
EDF,-0.2889940246361806,3,0.25,0.27501434195167046,0.4166666666666667,0.75,0.4846051642138764,0.6281127536269734,0.5,0.0,15.050846514674491,20000336
EDF,6.9872682776641994,7,0.5833333333333334,0.5096682389784705,0.5833333333333334,0.41666666666666663,0.5543099994298881,0.5528038089301917,0.3333333333333333,0.0,17.879138269739897,20000337
EDF,9.470792527717967,8,0.6666666666666666,0.6541239757689091,0.6666666666666666,0.33333333333333337,0.6051042973562478,0.48045304051524385,0.22916666666666666,0.0,20.796365889106614,20000338
EDF,7.081767709416294,7,0.5833333333333334,0.5435586073687146,0.5833333333333334,0.41666666666666663,0.5645999330902317,0.5183798772026773,0.25,0.0,17.880048358717612,20000339
EDF,-2.2759140660692214,3,0.25,0.19512509596336763,0.25,0.75,0.27774081623442803,0.6199219426958952,0.4166666666666667,0.0,9.639104865333037,20000340
EDF,7.128334505634155,7,0.5833333333333334,0.5711091761525391,0.5833333333333334,0.41666666666666663,0.5493806216683326,0.55181569478412,0.3125,0.0,17.345613036230723,20000341
EDF,8.456586310654894,8,0.6666666666666666,0.5848967372074355,0.6666666666666666,0.33333333333333337,0.5645173064879341,0.5273074346443836,0.16666666666666666,0.0,18.041680365743186,20000342
EDF,6.794266116467158,7,0.5833333333333334,0.45303009274182704,0.5833333333333334,0.41666666666666663,0.44432197430243164,0.47400051228718504,0.1875,0.0,16.54137824342749,20000343
EDF,2.692218136722039,5,0.4166666666666667,0.40266040969086486,0.4166666666666667,0.5833333333333333,0.3453390421284037,0.5305739710137329,0.1875,0.0,12.455532956645028,20000344
EDF,1.1125193168246357,4,0.3333333333333333,0.34571616812733913,0.3333333333333333,0.6666666666666667,0.41703058467399573,0.5878030429028783,0.4166666666666667,0.0,13.940827536944278,20000345
EDF,1.1971318011419545,4,0.3333333333333333,0.3272835930106491,0.4166666666666667,0.6666666666666667,0.3764332602629234,0.5465707245351531,0.3333333333333333,0.0,13.089808947386262,20000346
EDF,3.576419821063335,5,0.4166666666666667,0.43137659684354146,0.5,0.5833333333333333,0.5162271365659666,0.5596087941663054,0.3333333333333333,0.0,17.199614017229834,20000347
EDF,5.6870597184357505,6,0.5,0.4212245382526094,0.5833333333333334,0.5,0.5842829577897158,0.5348626537594491,0.3333333333333333,0.0,17.9643152098855,20000348
EDF,13.061193552934514,10,0.8333333333333334,0.8605140733676698,0.8333333333333334,0.16666666666666663,0.7044650035968303,0.4873446424011465,0.020833333333333332,0.0,23.701218825636552,20000349
EDF,1.2629701234824127,4,0.3333333333333333,0.33413738611408933,0.4166666666666667,0.6666666666666667,0.4469455589458365,0.6036296786703772,0.375,0.0,13.92597582310651,20000350
EDF,3.2707943242121713,5,0.4166666666666667,0.4397885195659936,0.4166666666666667,0.5833333333333333,0.4794978272431365,0.5520683964989602,0.3541666666666667,0.0,15.644589854676157,20000351
EDF,1.2113459222120295,4,0.3333333333333333,0.39496244237313954,0.4166666666666667,0.6666666666666667,0.38384594203179684,0.5706417235903936,0.3333333333333333,0.0,13.34982871400334,20000352
EDF,0.4526260012399348,3,0.25,0.2935119809695874,0.5,0.75,0.47708456874803584,0.5450012320309406,0.3333333333333333,0.0,16.043204381220225,20000353
EDF,0.5340788136199075,4,0.3333333333333333,0.32022918494781205,0.3333333333333333,0.6666666666666667,0.32572003964133134,0.5125467569192418,0.2708333333333333,0.0,11.981617217122766,20000354
EDF,4.77683869253582,6,0.5,0.5334114354602041,0.5,0.5,0.4876764252027758,0.551726516476747,0.22916666666666666,0.0,16.575970933124193,20000355
EDF,4.7339642407540525,6,0.5,0.4507584953219004,0.5,0.5,0.5169239933743847,0.5405109283356221,0.3333333333333333,0.0,16.42511133155793,20000356
EDF,0.7595072831370269,4,0.3333333333333333,0.3764742170658307,0.3333333333333333,0.6666666666666667,0.36275709654811,0.5902953564999313,0.3958333333333333,0.0,12.64728435944567,20000357
EDF,14.707266515942795,11,0.9166666666666666,0.9295829565302051,0.9166666666666666,0.08333333333333337,0.6131737963464,0.4359528750152634,0.0,0.0,23.568837787614882,20000358
EDF,13.161618295205896,10,0.8333333333333334,0.7267707823621701,0.8333333333333334,0.16666666666666663,0.6860157595011155,0.4383515245648,0.125,0.0,22.575659593965593,20000359
EDF,2.6357377138507063,5,0.4166666666666667,0.41047522356603333,0.4166666666666667,0.5833333333333333,0.398480754425878,0.5228276900339147,0.3125,0.0,14.096791091992289,20000360
EDF,2.118281454339306,4,0.3333333333333333,0.3538400837271441,0.5,0.6666666666666667,0.4733666524198566,0.5177622866431908,0.16666666666666666,0.0,16.172792791745934,20000361
EDF,2.722491524975741,5,0.4166666666666667,0.39372334003827847,0.4166666666666667,0.5833333333333333,0.43409443730140573,0.5863873913853654,0.3333333333333333,0.0,14.62568492165605,20000362
EDF,1.327129586358946,4,0.3333333333333333,0.342213104064684,0.4166666666666667,0.6666666666666667,0.39443021385770943,0.5991356728085866,0.3333333333333333,0.0,13.734583078880316,20000363
EDF,2.494999921961641,5,0.4166666666666667,0.34486509059966797,0.4166666666666667,0.5833333333333333,0.3419408960883203,0.534200703655119,0.3333333333333333,0.0,12.717870148546037,20000364
EDF,-3.4343867574684364,2,0.16666666666666666,0.2280113963579546,0.16666666666666666,0.8333333333333334,0.26296915215235367,0.609839820141945,0.4583333333333333,0.0,8.928399730501432,20000365
EDF,3.5862074129047317,5,0.4166666666666667,0.3958792849021715,0.4166666666666667,0.5833333333333333,0.4994459115972088,0.5641738146544543,0.3333333333333333,0.0,16.579245000036337,20000366
EDF,3.05641174306818,5,0.4166666666666667,0.42055056771840077,0.4166666666666667,0.5833333333333333,0.4749989100936256,0.5240468676676918,0.3333333333333333,0.0,14.514468887279826,20000367
EDF,2.584270490720077,5,0.4166666666666667,0.4243698912376888,0.4166666666666667,0.5833333333333333,0.384032059799953,0.532276330859988,0.20833333333333334,0.0,13.48284317508701,20000368
EDF,5.3076845952377525,6,0.5,0.4720795174442634,0.5,0.5,0.5046793635928929,0.5974980985999707,0.4375,0.0,16.547778866012198,20000369
EDF,3.990724511464885,6,0.5,0.3880760943203878,0.5,0.5,0.36235662347182734,0.519070708455667,0.2708333333333333,0.0,12.93361130749499,20000370
EDF,0.623089961234482,4,0.3333333333333333,0.3266769663071261,0.3333333333333333,0.6666666666666667,0.41295855455256586,0.5917359851335793,0.4375,0.0,13.07398406790539,20000371
EDF,-0.1416768557517989,3,0.25,0.298361637160826,0.4166666666666667,0.75,0.3881735817336221,0.5909037229281343,0.2916666666666667,0.0,13.708363345561121,20000372
EDF,8.489904658178716,8,0.6666666666666666,0.6131220484405392,0.6666666666666666,0.33333333333333337,0.5564861838313497,0.48590878866204545,0.1875,0.0,18.94548973166105,20000373
EDF,1.1460432713199573,4,0.3333333333333333,0.3366157733065209,0.4166666666666667,0.6666666666666667,0.42989749617612477,0.565429986143099,0.4166666666666667,0.0,14.237063845014838,20000374
EDF,6.588890792548514,6,0.5,0.5313092267385348,0.6666666666666666,0.5,0.6536655501719381,0.5267521371580304,0.2916666666666667,0.0,20.6168446948379,20000375
EDF,4.524669545800228,6,0.5,0.48338816592496786,0.5,0.5,0.3822970457031452,0.5243370292914926,0.2916666666666667,0.0,14.123030938946602,20000376
EDF,3.9075506628061363,6,0.5,0.3393785191248262,0.5,0.5,0.36358950144395646,0.49191693374102147,0.1875,0.0,13.03237771411743,20000377
EDF,5.192007803924289,6,0.5,0.4789184639383491,0.5,0.5,0.4597799101055499,0.5238480818038976,0.2708333333333333,0.0,15.860244975651643,20000378
EDF,2.8514422137350666,5,0.4166666666666667,0.46693593073945017,0.4166666666666667,0.5833333333333333,0.46499107049321386,0.5571635789852061,0.3958333333333333,0.0,14.469850753604225,20000379
EDF,6.696593022953137,7,0.5833333333333334,0.5389119683688057,0.5833333333333334,0.41666666666666663,0.5364013871332406,0.5487060784110239,0.22916666666666666,0.0,17.954631431482767,20000380
EDF,-3.235308482478327,2,0.16666666666666666,0.23039744435021406,0.16666666666666666,0.8333333333333334,0.3122114782903911,0.6160947547298218,0.4791666666666667,0.0,9.669190339683047,20000381
EDF,14.515812810664626,11,0.9166666666666666,0.8247587964879989,0.9166666666666666,0.08333333333333337,0.6970415252132492,0.4921192203356326,0.041666666666666664,0.0,23.354325103949087,20000382
EDF,3.0098306353847484,5,0.4166666666666667,0.41646762337321935,0.5,0.5833333333333333,0.40788196060725923,0.5597768892768847,0.25,0.0,14.459859106462174,20000383
EDF,3.9193131533918724,5,0.4166666666666667,0.48701431402813283,0.5,0.5833333333333333,0.46610132171247126,0.5353966974791823,0.3125,0.0,16.003060718590913,20000384
EDF,2.9411672148724026,5,0.4166666666666667,0.4009833826995772,0.5,0.5833333333333333,0.395377886369319,0.5094937659715376,0.16666666666666666,0.0,13.563820966631036,20000385
EDF,-0.6764487450935679,3,0.25,0.2758642503726284,0.3333333333333333,0.75,0.37657178112796713,0.5724040045299085,0.4375,0.0,12.810036380616367,20000386
EDF,9.487479253161002,8,0.6666666666666666,0.6434889711436459,0.6666666666666666,0.33333333333333337,0.6678304500350051,0.4957590278532138,0.25,0.0,21.81697612899108,20000387
EDF,12.645128724860088,10,0.8333333333333334,0.7580781877798212,0.8333333333333334,0.16666666666666663,0.6681324241043488,0.4747606317094073,0.08333333333333333,0.0,22.204909032752873,20000388
EDF,8.268349244885774,7,0.5833333333333334,0.5872279158724307,0.75,0.41666666666666663,0.6801393625270062,0.5684375004984352,0.2708333333333333,0.0,21.844808240379773,20000389
EDF,7.261310908757424,7,0.5833333333333334,0.5354997542718047,0.5833333333333334,0.41666666666666663,0.599986540513476,0.5170919861343075,0.22916666666666666,0.0,19.49510793795443,20000390
EDF,2.0801814314056597,4,0.3333333333333333,0.4608824605558886,0.5,0.6666666666666667,0.5022993675588996,0.596052556099011,0.3958333333333333,0.0,16.50357316132916,20000391
EDF,11.182913494042756,9,0.75,0.6887282864904639,0.75,0.25,0.5952512395384253,0.4958111046470246,0.16666666666666666,0.0,20.90589910202393,20000392
EDF,1.0970357856727184,4,0.3333333333333333,0.38245303337004294,0.3333333333333333,0.6666666666666667,0.37691666632143334,0.5952523126398342,0.4375,0.0,12.231514338881357,20000393
EDF,5.220990776940209,6,0.5,0.41818009159993963,0.5,0.5,0.4738593153698432,0.5561449618117243,0.3333333333333333,0.0,16.236393113193724,20000394
EDF,8.680127684520707,8,0.6666666666666666,0.5279605577252484,0.6666666666666666,0.33333333333333337,0.6011230172525336,0.5079148234241478,0.25,0.0,19.884965333262688,20000395
EDF,0.7010421300796794,4,0.3333333333333333,0.39470467648374,0.3333333333333333,0.6666666666666667,0.30088445749506887,0.5466821269201434,0.3541666666666667,0.0,10.528426521020268,20000396
EDF,10.634834766286236,9,0.75,0.6894551506932916,0.75,0.25,0.5675867414695643,0.4729493319562838,0.10416666666666667,0.0,19.43822443714905,20000397
EDF,10.313945466507715,9,0.75,0.7130514639618807,0.75,0.25,0.5343970580311824,0.4967166458018344,0.10416666666666667,0.0,19.117558208350363,20000398
EDF,-0.021057977397094252,4,0.3333333333333333,0.3042385303946499,0.3333333333333333,0.6666666666666667,0.3241822259869212,0.5896419908511387,0.375,0.0,11.003679553398811,20000399
EDF,2.5622844538231115,5,0.4166666666666667,0.4357459530663081,0.4166666666666667,0.5833333333333333,0.3921247674437465,0.5337553049806725,0.25,0.0,13.244452320150184,20000400
EDF,1.8956025897869115,4,0.3333333333333333,0.3786177424747659,0.4166666666666667,0.6666666666666667,0.42705202310928075,0.5826784427102442,0.4166666666666667,0.0,14.699757082529473,20000401
EDF,-1.0930002702532349,3,0.25,0.2842842584503796,0.25,0.75,0.29823981986540643,0.6015111188292184,0.4791666666666667,0.0,9.784896484736283,20000402
EDF,5.012561451960362,6,0.5,0.4236733725202319,0.5,0.5,0.45937370322676974,0.5503247430828115,0.2708333333333333,0.0,15.852401790792673,20000403
EDF,-2.840798799958575,2,0.16666666666666666,0.19840243448167652,0.3333333333333333,0.8333333333333334,0.308703565192621,0.5783664611952297,0.2916666666666667,0.0,10.385097633238766,20000404
EDF,-1.1685788100221388,3,0.25,0.2598686706532034,0.25,0.75,0.2734871226902113,0.5488897478104745,0.3333333333333333,0.0,10.318835763846538,20000405
EDF,7.297514012774256,7,0.5833333333333334,0.5545989984316994,0.5833333333333334,0.41666666666666663,0.5810827728409135,0.554978087329578,0.3541666666666667,0.0,18.20575178911722,20000406
EDF,5.1040165936972155,6,0.5,0.49425897948652703,0.5,0.5,0.535806558609664,0.5563527634367468,0.3541666666666667,0.0,17.062408792147284,20000407
EDF,3.168538976693966,5,0.4166666666666667,0.3590897053691358,0.5833333333333334,0.5833333333333333,0.3926148011979498,0.49183707226045,0.10416666666666667,0.0,15.556094989420407,20000408
EDF,1.3526701101749314,4,0.3333333333333333,0.350818843947508,0.4166666666666667,0.6666666666666667,0.5123428195718583,0.5943859281152961,0.4583333333333333,0.0,16.058266783045063,20000409
EDF,8.973631027572484,8,0.6666666666666666,0.6469055020827383,0.6666666666666666,0.33333333333333337,0.5344660370170614,0.49700469192799135,0.10416666666666667,0.0,18.591094059093052,20000410
EDF,1.0027469559363613,4,0.3333333333333333,0.3840954151591872,0.3333333333333333,0.6666666666666667,0.37354596585227434,0.5536887725843226,0.3958333333333333,0.0,11.835583439676755,20000411
EDF,1.0860869785238982,4,0.3333333333333333,0.38358605433170506,0.3333333333333333,0.6666666666666667,0.4079907459204171,0.5955440553623946,0.4166666666666667,0.0,13.209074340481914,20000412
EDF,0.727363480808682,4,0.3333333333333333,0.39890507654370905,0.3333333333333333,0.6666666666666667,0.37527997675808944,0.5650106325229259,0.375,0.0,13.030026182008495,20000413
EDF,4.808819207785561,6,0.5,0.46118093765521334,0.5,0.5,0.45488247174397234,0.5452244203904223,0.3333333333333333,0.0,15.397520621953731,20000414
EDF,7.3898151159866785,7,0.5833333333333334,0.6100464350816202,0.5833333333333334,0.41666666666666663,0.5545677243479029,0.5694100664201657,0.3125,0.0,18.23310403742961,20000415
EDF,3.055064896178126,5,0.4166666666666667,0.3921369066440097,0.5,0.5833333333333333,0.4410516951922185,0.5367936677907209,0.22916666666666666,0.0,14.542831046776085,20000416
EDF,5.090880258623406,6,0.5,0.5012181624390462,0.5,0.5,0.47406586013917335,0.5291088914311101,0.2916666666666667,0.0,15.543830947413236,20000417
EDF,7.2834062055376,7,0.5833333333333334,0.7055249150008058,0.5833333333333334,0.41666666666666663,0.4987274981582083,0.5058230455769605,0.22916666666666666,0.0,17.491327441428425,20000418
EDF,-2.024481987602075,3,0.25,0.225568784044378,0.25,0.75,0.2810991185399753,0.6192547678962372,0.4791666666666667,0.0,8.847504067092851,20000419
EDF,10.619975516090161,9,0.75,0.6463560851814316,0.75,0.25,0.6570849621346371,0.48128956285417424,0.22916666666666666,0.0,21.07169923518175,20000420
EDF,-1.2521088193677108,3,0.25,0.2901023323844606,0.25,0.75,0.3059487511590921,0.6135560369526946,0.5,0.0,10.32590383223658,20000421
EDF,8.618706922477765,8,0.6666666666666666,0.5354674424801596,0.6666666666666666,0.33333333333333337,0.46599325764373023,0.44346050777349316,0.0625,0.0,17.820277623594443,20000422
EDF,10.151846210050143,9,0.75,0.6360579832199457,0.75,0.25,0.5062247427506984,0.4716196394577447,0.08333333333333333,0.0,18.63300172039938,20000423
EDF,1.870021081639752,4,0.3333333333333333,0.37476090833259806,0.5,0.6666666666666667,0.4348287705948412,0.5453763322300041,0.1875,0.0,14.949357682567555,20000424
EDF,0.46035580604486626,4,0.3333333333333333,0.29200626216614234,0.3333333333333333,0.6666666666666667,0.3355653159132217,0.5569200140386974,0.3333333333333333,0.0,11.377433804403761,20000425
EDF,6.4738488066573865,7,0.5833333333333334,0.45420122155881976,0.5833333333333334,0.41666666666666663,0.561639236922919,0.5238615673663047,0.2708333333333333,0.0,17.66008006565251,20000426
EDF,11.199220349157454,9,0.75,0.6671671072217922,0.75,0.25,0.6116366749003456,0.4818478769163997,0.22916666666666666,0.0,20.659635440373965,20000427
EDF,11.659664880146712,9,0.75,0.693057984916168,0.75,0.25,0.6760419980583232,0.496211810428074,0.1875,0.0,23.547379058340677,20000428
EDF,4.542354638946268,6,0.5,0.5373091343480335,0.5,0.5,0.4926086348300969,0.5598839998623274,0.3125,0.0,15.610534926494697,20000429
EDF,3.8146125152981103,6,0.5,0.38876191157314044,0.5,0.5,0.46302625487552734,0.5262527217958075,0.3333333333333333,0.0,14.848606024311923,20000430
EDF,2.636051612646125,5,0.4166666666666667,0.39231378912873716,0.4166666666666667,0.5833333333333333,0.3797699913555472,0.5481770080438113,0.3541666666666667,0.0,13.147438766705566,20000431
EDF,7.480487566900335,7,0.5833333333333334,0.5616977721155416,0.6666666666666666,0.41666666666666663,0.6051400271395811,0.5236527561935086,0.16666666666666666,0.0,20.145401243781013,20000432
EDF,1.089336999829447,4,0.3333333333333333,0.297774458441008,0.4166666666666667,0.6666666666666667,0.4493560526939582,0.5760739327797889,0.375,0.0,13.807416886206491,20000433
EDF,5.561613560900838,6,0.5,0.5092632555119149,0.5833333333333334,0.5,0.497753397563967,0.5563793285910399,0.3125,0.0,17.132683607208342,20000434
EDF,9.963905552651282,8,0.6666666666666666,0.728477131224268,0.6666666666666666,0.33333333333333337,0.6581228905224233,0.5233675001683076,0.3125,0.0,21.149872603791184,20000435
EDF,13.326955399119607,10,0.8333333333333334,0.8301642378986454,0.8333333333333334,0.16666666666666663,0.6690962814204932,0.501560275958961,0.125,0.0,22.8215341207836,20000436
EDF,2.8809785572906303,5,0.4166666666666667,0.44823501196364046,0.4166666666666667,0.5833333333333333,0.49521585999628925,0.5703066677573496,0.3958333333333333,0.0,15.336946323593818,20000437
EDF,-0.16651534173105587,4,0.3333333333333333,0.21903323799561944,0.3333333333333333,0.6666666666666667,0.29277773146310276,0.5231197933249885,0.3125,0.0,10.943965462888915,20000438
EDF,0.865017658655282,4,0.3333333333333333,0.30104522301867503,0.3333333333333333,0.6666666666666667,0.3742005034482288,0.5714813645905571,0.3958333333333333,0.0,12.243842467677583,20000439
EDF,9.778955211929498,9,0.75,0.6051829383398557,0.75,0.25,0.5161087552154809,0.45858779536081934,0.041666666666666664,0.0,18.001875273741174,20000440
EDF,0.1740269419519489,4,0.3333333333333333,0.2762307048708143,0.3333333333333333,0.6666666666666667,0.2762926392247064,0.5813867900015858,0.3333333333333333,0.0,9.776146146644395,20000441
EDF,12.627272217421945,10,0.8333333333333334,0.7337190744667499,0.8333333333333334,0.16666666666666663,0.6240639590596078,0.47498445823588004,0.1875,0.0,21.47010683084801,20000442
EDF,5.646964415788928,6,0.5,0.443109219170377,0.5833333333333334,0.5,0.5969864610958749,0.5606060316473978,0.375,0.0,18.24532252087379,20000443
EDF,2.8110958465704274,5,0.4166666666666667,0.3791440073111821,0.4166666666666667,0.5833333333333333,0.4028239505094709,0.5450530748714767,0.3333333333333333,0.0,13.490818902072,20000444
EDF,0.6706747918247205,4,0.3333333333333333,0.3153313136169823,0.3333333333333333,0.6666666666666667,0.389712314079363,0.5652504154306053,0.4166666666666667,0.0,12.157732205281574,20000445
EDF,4.0660718941719765,5,0.4166666666666667,0.38435072868932996,0.5833333333333334,0.5833333333333333,0.5583607631081132,0.515098973754446,0.2916666666666667,0.0,18.421031290104732,20000446
EDF,3.376423713130492,5,0.4166666666666667,0.3888843746312408,0.4166666666666667,0.5833333333333333,0.46948710986386716,0.5848136440700045,0.375,0.0,15.843631263943525,20000447
EDF,5.8031932541210525,6,0.5,0.5321219622621474,0.5833333333333334,0.5,0.5770464342818394,0.572446258196051,0.3541666666666667,0.0,19.550061879238577,20000448
EDF,6.745091133516002,7,0.5833333333333334,0.5139305990430153,0.5833333333333334,0.41666666666666663,0.46627355628330314,0.4840649554612451,0.20833333333333334,0.0,16.816755627157526,20000449
EDF,7.603392683663158,7,0.5833333333333334,0.481014903375523,0.6666666666666666,0.41666666666666663,0.6048875662385761,0.5797262389422233,0.25,0.0,19.707409082512424,20000450
EDF,4.641839873058165,6,0.5,0.42331201303202726,0.5,0.5,0.4934438441535942,0.5092198930303682,0.3125,0.0,16.208265585311413,20000451
EDF,7.925061881051377,7,0.5833333333333334,0.5319766505703135,0.5833333333333334,0.41666666666666663,0.62471708773781,0.558710949082117,0.3541666666666667,0.0,20.45568337150141,20000452
EDF,-3.710511075192916,2,0.16666666666666666,0.20995310806147044,0.16666666666666666,0.8333333333333334,0.2371469714647476,0.6633153513453726,0.5416666666666666,0.0,7.62988948620858,20000453
EDF,-1.271742764766302,3,0.25,0.3304775017688371,0.25,0.75,0.32592939102019,0.624747106871772,0.5,0.0,10.575118767787572,20000454
EDF,5.08561576720574,6,0.5,0.5100856223137241,0.5,0.5,0.4979267839320607,0.5478482589249726,0.2708333333333333,0.0,15.932339726739945,20000455
EDF,6.643490622309166,7,0.5833333333333334,0.5343558880817414,0.5833333333333334,0.41666666666666663,0.5085884711471055,0.5432444778281204,0.25,0.0,16.875561766937068,20000456
EDF,0.65610790356931,4,0.3333333333333333,0.29220328834618275,0.3333333333333333,0.6666666666666667,0.33426048437141537,0.5621721803914818,0.375,0.0,11.321750182147246,20000457
EDF,-3.0290873730698804,2,0.16666666666666666,0.20639932808269387,0.25,0.8333333333333334,0.34725711799606973,0.6692303550919031,0.5416666666666666,0.0,10.775817975524149,20000458
EDF,11.300090763424585,9,0.75,0.7044890681446524,0.75,0.25,0.6816063546820165,0.5521399713736149,0.2916666666666667,0.0,22.469775321415604,20000459
EDF,11.35216869900496,9,0.75,0.7343466868599648,0.75,0.25,0.60212346543379,0.4684551555217793,0.22916666666666666,0.0,20.63914282117101,20000460
EDF,2.006116553570312,4,0.3333333333333333,0.3360473107823956,0.5,0.6666666666666667,0.5402176159664503,0.5980667437286639,0.4375,0.0,16.804273714186277,20000461
EDF,9.32527681904094,8,0.6666666666666666,0.6807940787169485,0.6666666666666666,0.33333333333333337,0.6267533518981513,0.544143665360854,0.2708333333333333,0.0,20.82975480863909,20000462
EDF,7.3537488197034175,7,0.5833333333333334,0.5039676809942278,0.5833333333333334,0.41666666666666663,0.5650339999950136,0.5066795352896164,0.25,0.0,19.092748154023514,20000463
EDF,1.6681171177350156,4,0.3333333333333333,0.4349791117660502,0.4166666666666667,0.6666666666666667,0.3784503199997265,0.5574696937759983,0.375,0.0,13.748052814044406,20000464
EDF,4.955477900377272,6,0.5,0.48369564183734154,0.5,0.5,0.5045142380329469,0.5136000920752113,0.2708333333333333,0.0,16.62226530220334,20000465
EDF,1.0208399753072246,4,0.3333333333333333,0.35538686770191225,0.3333333333333333,0.6666666666666667,0.34096255096917577,0.5419209075918482,0.3541666666666667,0.0,11.98932766304705,20000466
EDF,7.099875951049036,7,0.5833333333333334,0.537646909276237,0.6666666666666666,0.41666666666666663,0.4926461455733606,0.4402366028200082,0.0625,0.0,17.611083707143482,20000467
EDF,2.4997190611174007,5,0.4166666666666667,0.4458050451462474,0.4166666666666667,0.5833333333333333,0.3722014176371986,0.5659122023839896,0.3125,0.0,13.559110032354855,20000468
EDF,-1.4847056083354495,3,0.25,0.2884331858022019,0.25,0.75,0.3202001768714546,0.5909593084104633,0.4166666666666667,0.0,10.901342330133652,20000469
EDF,6.429309894495945,7,0.5833333333333334,0.6008787735277311,0.5833333333333334,0.41666666666666663,0.46905161279671265,0.5354093979507669,0.20833333333333334,0.0,16.408169605811864,20000470
EDF,8.148755316024658,7,0.5833333333333334,0.6151485043940995,0.6666666666666666,0.41666666666666663,0.6357974367136174,0.5387393422694929,0.3333333333333333,0.0,19.73368168434436,20000471
EDF,4.937431478291195,6,0.5,0.44902833144736554,0.5,0.5,0.4644799502969634,0.5232444438222063,0.3333333333333333,0.0,15.946059373134457,20000472
EDF,8.73768750193034,8,0.6666666666666666,0.5877245660651064,0.6666666666666666,0.33333333333333337,0.5718448628739591,0.4986208198860078,0.125,0.0,18.99808021631436,20000473
EDF,5.8768407585639135,6,0.5,0.5188225414924715,0.5833333333333334,0.5,0.5184626090314266,0.5433837328174169,0.3125,0.0,17.754257219220285,20000474
EDF,5.884159246995347,6,0.5,0.509009805333872,0.5833333333333334,0.5,0.5469584879058721,0.5539675964499043,0.3541666666666667,0.0,18.10316362386868,20000475
EDF,2.9597485645367234,5,0.4166666666666667,0.42690234429042573,0.5,0.5833333333333333,0.42724783281402745,0.5412594895641544,0.2708333333333333,0.0,14.640052757661127,20000476
EDF,0.7878260641913224,4,0.3333333333333333,0.3437608498686751,0.3333333333333333,0.6666666666666667,0.4022829783366997,0.5666351679920548,0.3958333333333333,0.0,13.588457761668751,20000477
EDF,5.675196089392538,6,0.5,0.5133534805451442,0.5,0.5,0.5225985313593186,0.5515072082802746,0.3333333333333333,0.0,17.105465059100165,20000478
EDF,2.731550747576309,5,0.4166666666666667,0.38011260492182,0.4166666666666667,0.5833333333333333,0.38045765960463535,0.5418705879180222,0.2708333333333333,0.0,12.882398535902993,20000479
EDF,9.331326806837763,8,0.6666666666666666,0.5390922519191726,0.6666666666666666,0.33333333333333337,0.662167702055037,0.5385069042238613,0.22916666666666666,0.0,21.016678091245694,20000480
EDF,7.360624756820705,7,0.5833333333333334,0.5587265394132058,0.6666666666666666,0.41666666666666663,0.5261324772663588,0.46277858600648125,0.125,0.0,18.544470923961743,20000481
EDF,3.2125508022550155,5,0.4166666666666667,0.40662714811148776,0.4166666666666667,0.5833333333333333,0.4307470778140219,0.578887315580099,0.3541666666666667,0.0,14.440119484200745,20000482
EDF,11.187561528583272,9,0.75,0.6863095583142139,0.75,0.25,0.5919759528515433,0.4433652687656939,0.10416666666666667,0.0,20.80835038831304,20000483
EDF,0.9780686467440876,4,0.3333333333333333,0.35900590065177923,0.3333333333333333,0.6666666666666667,0.35164427011988875,0.5911419830903681,0.3958333333333333,0.0,12.336969752828727,20000484
EDF,2.379757586478506,5,0.4166666666666667,0.36336436499274505,0.4166666666666667,0.5833333333333333,0.3336689583010979,0.5445857817328079,0.20833333333333334,0.0,12.25181537773346,20000485
EDF,4.840011157979644,6,0.5,0.46736035939979753,0.5,0.5,0.4968103658209193,0.544766818545142,0.2916666666666667,0.0,16.824739314761644,20000486
EDF,5.2585110531218895,6,0.5,0.4902934675768159,0.5,0.5,0.4967463344427079,0.5283513803264356,0.3125,0.0,16.573615109177638,20000487
EDF,6.103894555640024,6,0.5,0.5281342508775182,0.5833333333333334,0.5,0.5256846792470086,0.5258865142410879,0.2708333333333333,0.0,18.59817258208725,20000488
EDF,4.9644916604570515,6,0.5,0.44499361680447286,0.5,0.5,0.4522724556644547,0.5340099290562974,0.25,0.0,15.068503997037983,20000489
EDF,0.14460741787103548,4,0.3333333333333333,0.32500622595243966,0.3333333333333333,0.6666666666666667,0.343682218718994,0.6100072943769,0.4375,0.0,11.205088120716434,20000490
EDF,2.7815863100960296,5,0.4166666666666667,0.3644653535724186,0.4166666666666667,0.5833333333333333,0.4479468896738246,0.5683761306948212,0.3958333333333333,0.0,16.224157025430767,20000491
EDF,5.4207628466559985,6,0.5,0.5667992215608707,0.5,0.5,0.5193370471491334,0.5943458531776117,0.375,0.0,16.686930876183812,20000492
EDF,-1.6434016526458417,3,0.25,0.28145930826905396,0.25,0.75,0.2919505607823513,0.6335485108783612,0.4583333333333333,0.0,9.554835801657768,20000493
EDF,6.600873622059255,7,0.5833333333333334,0.5159691976636296,0.5833333333333334,0.41666666666666663,0.5068294366437692,0.5269236792086951,0.16666666666666666,0.0,18.019137546266325,20000494
EDF,0.15368602934596076,4,0.3333333333333333,0.27162571698966714,0.3333333333333333,0.6666666666666667,0.3241484446581696,0.559418612436869,0.3541666666666667,0.0,11.302027175232404,20000495
EDF,13.330550724752149,10,0.8333333333333334,0.7749005052239533,0.8333333333333334,0.16666666666666663,0.7068422932436956,0.45142567714577014,0.16666666666666666,0.0,24.858878636742553,20000496
EDF,6.331788545922892,7,0.5833333333333334,0.4868292631624351,0.5833333333333334,0.41666666666666663,0.44942736705744296,0.5078564536350099,0.20833333333333334,0.0,15.485744910697948,20000497
EDF,3.031507283933432,5,0.4166666666666667,0.34703661212713455,0.5,0.5833333333333333,0.3944259781512692,0.5114641984996795,0.16666666666666666,0.0,14.075207230971355,20000498
EDF,0.645797399470619,4,0.3333333333333333,0.3531619769184442,0.3333333333333333,0.6666666666666667,0.339985931995572,0.5784916108000796,0.375,0.0,11.50071073987334,20000499
SPT,10.668207071836322,9,0.75,0.6018244027602682,0.75,0.25,0.6294804664309773,0.5167842262315929,0.20833333333333334,0.0,20.96690135120318,20000000
SPT,7.668014220256003,7,0.5833333333333334,0.4485183439527583,0.75,0.41666666666666663,0.6180188390270179,0.4816131992497969,0.16666666666666666,0.0,20.87444861848222,20000001
SPT,9.460513363952646,8,0.6666666666666666,0.5435791840091532,0.75,0.33333333333333337,0.7112347692369617,0.5143629715573996,0.22916666666666666,0.0,22.74876581947806,20000002
SPT,10.741139285433363,9,0.75,0.6214860929545634,0.75,0.25,0.5234611590190056,0.44008402266683894,0.08333333333333333,0.0,19.243089531471437,20000003
SPT,8.269324293392092,8,0.6666666666666666,0.48628242058236903,0.6666666666666666,0.33333333333333337,0.45507527944538695,0.3957748513098309,0.08333333333333333,0.0,17.762454368141654,20000004
SPT,3.4061160793555314,5,0.4166666666666667,0.2925884422133976,0.5833333333333334,0.5833333333333333,0.5308999717671411,0.48875063902535976,0.1875,0.0,18.069224837558533,20000005
SPT,7.184559714602597,7,0.5833333333333334,0.4674437175432769,0.5833333333333334,0.41666666666666663,0.5465004262061824,0.5111823759753286,0.2708333333333333,0.0,17.921290757725394,20000006
SPT,4.604749152468432,6,0.5,0.32135585289066754,0.5833333333333334,0.5,0.47829304544849355,0.49565525592202747,0.1875,0.0,16.01222763217149,20000007
SPT,0.37051110170047896,4,0.3333333333333333,0.27175037233213845,0.3333333333333333,0.6666666666666667,0.3012269638582716,0.5325993380567652,0.3125,0.0,11.137029363774172,20000008
SPT,5.173932504400145,6,0.5,0.35249258332735145,0.6666666666666666,0.5,0.5202207779834368,0.4959367218037068,0.22916666666666666,0.0,17.83591929138921,20000009
SPT,6.8450700525737105,7,0.5833333333333334,0.4299865229985015,0.5833333333333334,0.41666666666666663,0.4960560883416317,0.4519687346049663,0.14583333333333334,0.0,17.050059061229206,20000010
SPT,9.534008541643493,8,0.6666666666666666,0.5608761296554909,0.8333333333333334,0.33333333333333337,0.6219602344821108,0.44794760620845236,0.08333333333333333,0.0,21.458343498419726,20000011
SPT,8.80690981807301,8,0.6666666666666666,0.45925979800858796,0.75,0.33333333333333337,0.6132421272777889,0.45731423728604215,0.1875,0.0,20.299990566316,20000012
SPT,7.308013102432401,7,0.5833333333333334,0.4901908242684329,0.6666666666666666,0.41666666666666663,0.4980520688248314,0.4771626814396515,0.08333333333333333,0.0,18.362283431834477,20000013
SPT,4.89671174093797,6,0.5,0.37584189195480205,0.5833333333333334,0.5,0.48942022863655693,0.49039387290613545,0.125,0.0,16.71194625142681,20000014
SPT,13.610620913251386,10,0.8333333333333334,0.7389424274111321,0.8333333333333334,0.16666666666666663,0.7122624209742877,0.5081801021948696,0.25,0.0,23.35113898362118,20000015
SPT,4.985048557978747,6,0.5,0.3598806058763358,0.6666666666666666,0.5,0.4635760850914195,0.471215455561544,0.10416666666666667,0.0,16.73405994971152,20000016
SPT,8.41355798098654,8,0.6666666666666666,0.5638217378640892,0.6666666666666666,0.33333333333333337,0.49110478262961443,0.49315532690464653,0.041666666666666664,0.0,18.453500912698416,20000017
SPT,5.4092317928152625,6,0.5,0.45108056153070897,0.5,0.5,0.5392035977510646,0.5801563727897189,0.3958333333333333,0.0,17.234038529719207,20000018
SPT,13.351916426440948,10,0.8333333333333334,0.7303747128313246,0.8333333333333334,0.16666666666666663,0.7058945424325614,0.4579971018090118,0.16666666666666666,0.0,23.78147306089781,20000019
SPT,7.100094866911486,7,0.5833333333333334,0.4171760025102818,0.6666666666666666,0.41666666666666663,0.564319263172548,0.4644050283083194,0.16666666666666666,0.0,18.964946405141056,20000020
SPT,11.215354533907895,9,0.75,0.64440025454073,0.8333333333333334,0.25,0.5930853018043108,0.4014019349935462,0.0,0.0,21.156337377048242,20000021
SPT,2.3046941338217923,5,0.4166666666666667,0.3268132296972518,0.4166666666666667,0.5833333333333333,0.3282200529493693,0.4623189410416075,0.1875,0.0,12.934872713916047,20000022
SPT,6.799544758842672,7,0.5833333333333334,0.4601539343612127,0.5833333333333334,0.41666666666666663,0.5433102739454395,0.5015042705496418,0.20833333333333334,0.0,17.862581319618457,20000023
SPT,11.8790102755549,9,0.75,0.6561813250393703,0.8333333333333334,0.25,0.705151049557878,0.4645299855733538,0.16666666666666666,0.0,23.314121464242966,20000024
SPT,3.2434490558082087,5,0.4166666666666667,0.3750126995070118,0.5,0.5833333333333333,0.4414430214822664,0.5590335215625833,0.2708333333333333,0.0,14.810898273338239,20000025
SPT,10.417798095517597,9,0.75,0.6010975489531183,0.75,0.25,0.5963541020671692,0.4736758692744605,0.08333333333333333,0.0,20.074705290896414,20000026
SPT,8.334473803126754,8,0.6666666666666666,0.49848385916764604,0.6666666666666666,0.33333333333333337,0.5110386779821322,0.4548813758308452,0.08333333333333333,0.0,17.83029291018907,20000027
SPT,6.8992435974368505,7,0.5833333333333334,0.4581989024656305,0.6666666666666666,0.41666666666666663,0.5498718907795933,0.4492203702817698,0.10416666666666667,0.0,18.76251857613695,20000028
SPT,8.042764231899868,8,0.6666666666666666,0.45191212944841064,0.6666666666666666,0.33333333333333337,0.490860335557681,0.4039137024323751,0.0625,0.0,17.676849250462755,20000029
SPT,0.732725565750556,4,0.3333333333333333,0.2772785387778201,0.3333333333333333,0.6666666666666667,0.3089120862058447,0.5329386369350301,0.3125,0.0,10.840207355465727,20000030
SPT,7.1624624943108826,7,0.5833333333333334,0.4876997090080693,0.5833333333333334,0.41666666666666663,0.5315343769356132,0.4826736533129428,0.1875,0.0,17.615943670483635,20000031
SPT,6.979685517618073,7,0.5833333333333334,0.43423997102097245,0.6666666666666666,0.41666666666666663,0.5845145690403845,0.4991746986531191,0.22916666666666666,0.0,19.17599141994354,20000032
SPT,7.101578412767751,7,0.5833333333333334,0.42794062817535744,0.6666666666666666,0.41666666666666663,0.5778164931070632,0.5190681842209052,0.2916666666666667,0.0,18.354618323334503,20000033
SPT,8.642424985794145,8,0.6666666666666666,0.5018888747589305,0.6666666666666666,0.33333333333333337,0.49218867791975285,0.44588322243208695,0.16666666666666666,0.0,17.76761037307497,20000034
SPT,8.605913473734999,8,0.6666666666666666,0.5204916881295139,0.6666666666666666,0.33333333333333337,0.5360951304511109,0.4951053421104583,0.22916666666666666,0.0,18.679649911568337,20000035
SPT,12.272011776629538,10,0.8333333333333334,0.6743699580680451,0.8333333333333334,0.16666666666666663,0.5885564465335749,0.3756497114503084,0.0625,0.0,21.209471925396574,20000036
SPT,9.351204139447143,8,0.6666666666666666,0.5680891989410942,0.6666666666666666,0.33333333333333337,0.596310345223435,0.5262471923516235,0.25,0.0,19.624421332170947,20000037
SPT,10.782554742072461,9,0.75,0.6162550224034812,0.75,0.25,0.5676764300029548,0.45509887442214064,0.08333333333333333,0.0,20.35415460293243,20000038
SPT,7.121803403174264,7,0.5833333333333334,0.48401919888710526,0.5833333333333334,0.41666666666666663,0.5359748432841284,0.47561572856551965,0.14583333333333334,0.0,17.934436036686968,20000039
SPT,5.2448376819438085,6,0.5,0.4100535567076007,0.5,0.5,0.4565224476840218,0.4957912263798216,0.20833333333333334,0.0,15.680540776483229,20000040
SPT,11.357584315894643,9,0.75,0.6080376190668283,0.75,0.25,0.6836849357383539,0.45387281430198395,0.1875,0.0,22.852824596057086,20000041
SPT,8.96644775939031,8,0.6666666666666666,0.4902329077329876,0.75,0.33333333333333337,0.6053358111092634,0.47732936596145276,0.16666666666666666,0.0,20.631963405139363,20000042
SPT,8.794195922440968,8,0.6666666666666666,0.5568272014885948,0.6666666666666666,0.33333333333333337,0.52716453672917,0.44079130344330814,0.020833333333333332,0.0,18.71589676349596,20000043
SPT,3.44723050554604,5,0.4166666666666667,0.31717491083002725,0.5833333333333334,0.5833333333333333,0.4961445711872036,0.5083242322307658,0.22916666666666666,0.0,16.21711968783525,20000044
SPT,4.680813932204768,6,0.5,0.3830191401836617,0.5,0.5,0.4096361209651063,0.512907596385726,0.22916666666666666,0.0,14.753116655128386,20000045
SPT,4.312229680345008,6,0.5,0.36507702417126947,0.5,0.5,0.4501148359808476,0.5414961351054253,0.2708333333333333,0.0,15.707518065526529,20000046
SPT,12.609365291172754,10,0.8333333333333334,0.689469139428535,0.8333333333333334,0.16666666666666663,0.5971067842918653,0.3774071498596617,0.0625,0.0,20.594310671968955,20000047
SPT,6.535772032282276,7,0.5833333333333334,0.4630711032812445,0.5833333333333334,0.41666666666666663,0.4394947814663588,0.5043471290812537,0.20833333333333334,0.0,16.12921258542039,20000048
SPT,10.7048055341945,9,0.75,0.6154782980950892,0.75,0.25,0.5415650538667317,0.42600454756048595,0.0625,0.0,19.008757366486712,20000049
SPT,10.855711304830722,9,0.75,0.5997988631372276,0.75,0.25,0.545175698089297,0.42215896519430424,0.125,0.0,19.184131655872676,20000050
SPT,8.929513372593203,8,0.6666666666666666,0.5331911874683997,0.6666666666666666,0.33333333333333337,0.5810189669951792,0.49729380611783713,0.20833333333333334,0.0,20.156429682604905,20000051
SPT,5.461560135299388,6,0.5,0.37874749221425474,0.6666666666666666,0.5,0.5611154101948931,0.5198560125606524,0.22916666666666666,0.0,18.808929367816653,20000052
SPT,9.080702364784289,8,0.6666666666666666,0.5249647616205179,0.75,0.33333333333333337,0.5870555616768197,0.4664705845310298,0.125,0.0,20.40733487550082,20000053
SPT,10.953547430566,9,0.75,0.6144546027491897,0.75,0.25,0.6025391459167687,0.46356531666249584,0.125,0.0,21.579779895666732,20000054
SPT,7.414616389757244,7,0.5833333333333334,0.41459790825273696,0.75,0.41666666666666663,0.6172881453164416,0.4797551230403907,0.1875,0.0,20.063769007994562,20000055
SPT,9.036037302260922,8,0.6666666666666666,0.5060396671148923,0.75,0.33333333333333337,0.557912000909778,0.4575739887445868,0.14583333333333334,0.0,19.75362179165518,20000056
SPT,2.807538472587307,5,0.4166666666666667,0.3183075093371349,0.4166666666666667,0.5833333333333333,0.4375656676783093,0.5421132472656155,0.3333333333333333,0.0,14.756364706100554,20000057
SPT,8.432279764111653,8,0.6666666666666666,0.502770912203083,0.6666666666666666,0.33333333333333337,0.4794364248178054,0.4386451462575387,0.125,0.0,17.40210776717978,20000058
SPT,7.2001396197648395,7,0.5833333333333334,0.47992467866798943,0.5833333333333334,0.41666666666666663,0.5159152604685936,0.5330301338826863,0.25,0.0,17.149021435735012,20000059
SPT,11.141222654609686,9,0.75,0.6088002805754497,0.75,0.25,0.6596828860583831,0.4578886759931233,0.14583333333333334,0.0,22.418123726215835,20000060
SPT,2.961441585133008,5,0.4166666666666667,0.2937704977467842,0.5,0.5833333333333333,0.459467848414634,0.5335082157347967,0.2708333333333333,0.0,15.94684862806648,20000061
SPT,9.585314803409245,8,0.6666666666666666,0.5550341192767443,0.6666666666666666,0.33333333333333337,0.6399935532507758,0.5248571715105582,0.2708333333333333,0.0,20.493101159136252,20000062
SPT,6.830507067343563,7,0.5833333333333334,0.4490116384941528,0.5833333333333334,0.41666666666666663,0.4639957053293897,0.4846304212679682,0.16666666666666666,0.0,16.499708378000065,20000063
SPT,11.512007298208992,9,0.75,0.603943946462186,0.8333333333333334,0.25,0.6485316628848726,0.41509198298154965,0.14583333333333334,0.0,22.38902530874632,20000064
SPT,6.386743049778284,7,0.5833333333333334,0.414739488768574,0.5833333333333334,0.41666666666666663,0.4901238200143509,0.5134970847385172,0.20833333333333334,0.0,16.74689808202477,20000065
SPT,9.946879931432413,8,0.6666666666666666,0.5543647206695951,0.75,0.33333333333333337,0.6688531299444417,0.4854210253818784,0.22916666666666666,0.0,22.17341796614977,20000066
SPT,9.803176373334482,8,0.6666666666666666,0.5414671940302918,0.8333333333333334,0.33333333333333337,0.7013363443071611,0.5105349529925628,0.16666666666666666,0.0,23.73097564128682,20000067
SPT,5.550495977746517,6,0.5,0.3935428391239667,0.5833333333333334,0.5,0.5195066426108281,0.48562750812614225,0.1875,0.0,18.39020921644206,20000068
SPT,9.426940564742408,8,0.6666666666666666,0.4917418976229022,0.8333333333333334,0.33333333333333337,0.7357173257782632,0.4719087345679227,0.16666666666666666,0.0,23.46603092686384,20000069
SPT,11.577443619565909,9,0.75,0.6777677982160152,0.75,0.25,0.6408138132325899,0.49906793389357434,0.16666666666666666,0.0,22.03578178477931,20000070
SPT,2.717281029279656,5,0.4166666666666667,0.3082891861899211,0.5,0.5833333333333333,0.3933345981651599,0.538361349077745,0.2916666666666667,0.0,13.942415442179906,20000071
SPT,5.4357656325354515,6,0.5,0.3751222733362928,0.6666666666666666,0.5,0.5168358468373037,0.41284233946470117,0.020833333333333332,0.0,19.027222000519735,20000072
SPT,6.27951001268814,7,0.5833333333333334,0.40420792218498647,0.5833333333333334,0.41666666666666663,0.4882534106689565,0.492397838836365,0.22916666666666666,0.0,16.92051567011397,20000073
SPT,4.9989287455493985,6,0.5,0.3732791390494325,0.5833333333333334,0.5,0.45028720964026475,0.4738488205268383,0.125,0.0,15.876896560082477,20000074
SPT,3.284098651951764,5,0.4166666666666667,0.29953482884114085,0.5,0.5833333333333333,0.5037356988986531,0.5082075181117115,0.2916666666666667,0.0,15.79533366112889,20000075
SPT,4.814778569296262,6,0.5,0.3986866521439332,0.5,0.5,0.42555111579040134,0.539390673546855,0.2708333333333333,0.0,15.325955074441959,20000076
SPT,11.364603106242038,9,0.75,0.6227492790477936,0.8333333333333334,0.25,0.6569208601622406,0.46485267015265036,0.20833333333333334,0.0,22.224111889044575,20000077
SPT,8.706264323376093,8,0.6666666666666666,0.5249526298360363,0.6666666666666666,0.33333333333333337,0.4910937493232,0.42586793542944695,0.041666666666666664,0.0,18.046988639953938,20000078
SPT,6.941412731211228,7,0.5833333333333334,0.40284672994241116,0.6666666666666666,0.41666666666666663,0.5379192336101184,0.4512093313900454,0.14583333333333334,0.0,18.996018084135205,20000079
SPT,9.433281561241042,8,0.6666666666666666,0.5546413241420809,0.6666666666666666,0.33333333333333337,0.6495070970121449,0.535346234300452,0.20833333333333334,0.0,21.442651618774804,20000080
SPT,4.806353203950781,6,0.5,0.38464919423959276,0.5,0.5,0.41099887450399697,0.5017589967676197,0.22916666666666666,0.0,14.439819389811706,20000081
SPT,11.409304241992427,9,0.75,0.6053794308438661,0.8333333333333334,0.25,0.6926918174045612,0.3989626253082903,0.08333333333333333,0.0,23.4029486583347,20000082
SPT,9.083137519680498,8,0.6666666666666666,0.5195404789713137,0.75,0.33333333333333337,0.5718662143934788,0.4730799924301006,0.08333333333333333,0.0,20.189516792818775,20000083
SPT,8.593599014251069,8,0.6666666666666666,0.49773726531267015,0.6666666666666666,0.33333333333333337,0.48778562573720924,0.4479490479118425,0.08333333333333333,0.0,17.079101550665644,20000084
SPT,6.997473945973844,7,0.5833333333333334,0.42573465136693633,0.5833333333333334,0.41666666666666663,0.5730060773686835,0.4842927966086003,0.22916666666666666,0.0,18.658308988154623,20000085
SPT,9.023757404519188,8,0.6666666666666666,0.5419335711647914,0.6666666666666666,0.33333333333333337,0.5825221674292821,0.5061535231518312,0.22916666666666666,0.0,19.5682518067646,20000086
SPT,9.658175667248608,8,0.6666666666666666,0.5362906636339961,0.75,0.33333333333333337,0.6278728767016999,0.45285194286401365,0.16666666666666666,0.0,22.281580266605364,20000087
SPT,9.708317420936014,8,0.6666666666666666,0.5598602234600362,0.6666666666666666,0.33333333333333337,0.6498342607344959,0.49352813230715875,0.20833333333333334,0.0,21.361487523713006,20000088
SPT,4.487227821408163,6,0.5,0.34413159975820573,0.5833333333333334,0.5,0.3868707973505258,0.42659402261498663,0.041666666666666664,0.0,14.5597753952663,20000089
SPT,6.400382039006528,7,0.5833333333333334,0.45529272403595894,0.5833333333333334,0.41666666666666663,0.4569647735125492,0.48048879411857426,0.125,0.0,15.860993069862591,20000090
SPT,6.754514597302636,7,0.5833333333333334,0.43804361615826576,0.6666666666666666,0.41666666666666663,0.5192048300711264,0.5061288495440893,0.20833333333333334,0.0,17.688279279604725,20000091
SPT,7.104200181656521,7,0.5833333333333334,0.45250388420337145,0.5833333333333334,0.41666666666666663,0.507490397768335,0.5016426804752862,0.3125,0.0,16.668475732195272,20000092
SPT,6.478505048878194,7,0.5833333333333334,0.4076236684980079,0.6666666666666666,0.41666666666666663,0.4100030622636471,0.4039101954666546,0.0,0.0,16.162929910152943,20000093
SPT,8.166907406951271,8,0.6666666666666666,0.4991784508472287,0.6666666666666666,0.33333333333333337,0.48682226627839364,0.46878020436689943,0.10416666666666667,0.0,17.096747023441655,20000094
SPT,4.838518899409854,6,0.5,0.379603859243622,0.5,0.5,0.5013181603414542,0.5436340541617325,0.2708333333333333,0.0,16.091607646132385,20000095
SPT,8.475135689841451,8,0.6666666666666666,0.5020921214023156,0.6666666666666666,0.33333333333333337,0.5564366588213153,0.4884100695556837,0.10416666666666667,0.0,18.852606593064746,20000096
SPT,2.911163422480941,5,0.4166666666666667,0.29525197549442406,0.5,0.5833333333333333,0.42871672172910436,0.4864414527857086,0.1875,0.0,15.224717232403963,20000097
SPT,7.554551100829411,7,0.5833333333333334,0.47859064677599616,0.6666666666666666,0.41666666666666663,0.5898181517617168,0.5273635071971194,0.2708333333333333,0.0,19.122257627374264,20000098
SPT,7.632843536352206,7,0.5833333333333334,0.4030028486863422,0.75,0.41666666666666663,0.6175052648785998,0.4059213725599715,0.10416666666666667,0.0,20.569714295487177,20000099
SPT,11.159229260683958,9,0.75,0.6318378306697141,0.75,0.25,0.6206696473035243,0.5043636125382903,0.22916666666666666,0.0,20.874174347200814,20000100
SPT,7.402580491767152,7,0.5833333333333334,0.4116897054561909,0.6666666666666666,0.41666666666666663,0.6363353061100104,0.49464430689703615,0.3125,0.0,20.414416787131305,20000101
SPT,8.275274822708214,8,0.6666666666666666,0.47983953332654505,0.6666666666666666,0.33333333333333337,0.4982885744558525,0.4210612851738836,0.10416666666666667,0.0,17.454488398197398,20000102
SPT,8.929984315479384,8,0.6666666666666666,0.5334858933828045,0.6666666666666666,0.33333333333333337,0.5163207539870411,0.4310804938407859,0.10416666666666667,0.0,19.095296800475186,20000103
SPT,5.221530813795123,6,0.5,0.4033833753571723,0.5833333333333334,0.5,0.46095795629834946,0.4737171666937822,0.22916666666666666,0.0,16.879889355341014,20000104
SPT,12.339312329146281,10,0.8333333333333334,0.7015178699506479,0.8333333333333334,0.16666666666666663,0.6086703163125935,0.4837399097404558,0.16666666666666666,0.0,21.043719531224227,20000105
SPT,9.234649866095353,8,0.6666666666666666,0.5470484562796436,0.6666666666666666,0.33333333333333337,0.5190833135284079,0.4672669453343777,0.10416666666666667,0.0,19.241718625729625,20000106
SPT,8.730744249215359,8,0.6666666666666666,0.48491523536495995,0.75,0.33333333333333337,0.579277163668221,0.45905243239337223,0.125,0.0,19.105555529938382,20000107
SPT,10.522213284127826,9,0.75,0.6087704269723471,0.75,0.25,0.6209900210308713,0.4682266154703563,0.125,0.0,20.330094756538884,20000108
SPT,2.9453966434832224,5,0.4166666666666667,0.3407112985773947,0.4166666666666667,0.5833333333333333,0.4006904535038475,0.5244955908362042,0.2916666666666667,0.0,14.407228839559702,20000109
SPT,7.104127828389097,7,0.5833333333333334,0.3923561708466012,0.6666666666666666,0.41666666666666663,0.5504598615344667,0.46453860144744774,0.22916666666666666,0.0,18.294499507990622,20000110
SPT,9.03841048007076,8,0.6666666666666666,0.5391461306701056,0.6666666666666666,0.33333333333333337,0.5408896702066998,0.4547216022679832,0.14583333333333334,0.0,19.47389173417337,20000111
SPT,7.829356135230885,7,0.5833333333333334,0.5162181299196543,0.5833333333333334,0.41666666666666663,0.6405980775199489,0.5582510155187549,0.3125,0.0,20.263705115945516,20000112
SPT,6.633536240777027,7,0.5833333333333334,0.38547890937126705,0.6666666666666666,0.41666666666666663,0.47153199582333966,0.3910881534794255,0.0625,0.0,17.16507673305364,20000113
SPT,4.665128064829065,6,0.5,0.39290710150178443,0.5,0.5,0.3836883676798268,0.4902690395719979,0.0625,0.0,14.117314823280973,20000114
SPT,6.985949994661582,7,0.5833333333333334,0.4559140745820772,0.5833333333333334,0.41666666666666663,0.5594588637422108,0.5079630995215257,0.22916666666666666,0.0,18.491768103013698,20000115
SPT,8.774342372396024,8,0.6666666666666666,0.5556273180552664,0.6666666666666666,0.33333333333333337,0.5887767635803628,0.4645665304213234,0.14583333333333334,0.0,19.412862748433085,20000116
SPT,8.465666435378122,8,0.6666666666666666,0.5311557997913378,0.6666666666666666,0.33333333333333337,0.5333835033655756,0.49901374807294047,0.14583333333333334,0.0,18.65037606630294,20000117
SPT,8.690162667736866,8,0.6666666666666666,0.4976670097110679,0.6666666666666666,0.33333333333333337,0.5222460955724539,0.46133053943683183,0.14583333333333334,0.0,18.046902882115234,20000118
SPT,7.319980933049727,7,0.5833333333333334,0.4672380136858411,0.5833333333333334,0.41666666666666663,0.5564150375961,0.48235541331339,0.20833333333333334,0.0,18.51339693079997,20000119
SPT,7.411210547414393,7,0.5833333333333334,0.4395217907821117,0.6666666666666666,0.41666666666666663,0.619333861148581,0.5059553731157018,0.20833333333333334,0.0,21.213551175447577,20000120
SPT,0.33315600602288276,4,0.3333333333333333,0.2529966767049299,0.3333333333333333,0.6666666666666667,0.3100804495060205,0.5260190582264944,0.25,0.0,11.395235447155411,20000121
SPT,4.840596558495901,6,0.5,0.4552111443560567,0.5,0.5,0.3938196316875248,0.4996633154246295,0.1875,0.0,14.89531614098453,20000122
SPT,6.876363381748135,7,0.5833333333333334,0.39778421794801294,0.75,0.41666666666666663,0.5518491377754701,0.4569539233434252,0.10416666666666667,0.0,19.495593474482316,20000123
SPT,10.3143954486645,9,0.75,0.5818047891872653,0.75,0.25,0.585794557058235,0.463370253143478,0.125,0.0,20.111837988732173,20000124
SPT,8.837261743060013,8,0.6666666666666666,0.4955808936130427,0.75,0.33333333333333337,0.5694846859624826,0.4422180525093795,0.14583333333333334,0.0,19.12638234109218,20000125
SPT,4.8157728971951475,6,0.5,0.4144562669237452,0.5,0.5,0.41203701591662206,0.5277624878287911,0.20833333333333334,0.0,15.198314877645624,20000126
SPT,7.6322466715575725,7,0.5833333333333334,0.46950071682809574,0.6666666666666666,0.41666666666666663,0.5825894542311258,0.47190855190243525,0.1875,0.0,20.400227643306703,20000127
SPT,7.918252148641846,8,0.6666666666666666,0.47532089377908726,0.6666666666666666,0.33333333333333337,0.4410060645065769,0.44561293206009217,0.10416666666666667,0.0,16.12064409307709,20000128
SPT,8.96781097651632,8,0.6666666666666666,0.5576988863426392,0.6666666666666666,0.33333333333333337,0.5280545603783814,0.47930165793275953,0.16666666666666666,0.0,18.02791334011905,20000129
SPT,10.685955940752205,9,0.75,0.6033090990720328,0.75,0.25,0.5885649701307186,0.4889909194595609,0.125,0.0,19.892556630315216,20000130
SPT,7.2118509254687995,7,0.5833333333333334,0.47304228490994227,0.5833333333333334,0.41666666666666663,0.5500802453179353,0.5020638123268005,0.2708333333333333,0.0,18.990207738216164,20000131
SPT,5.367516306344181,6,0.5,0.35719617017956334,0.6666666666666666,0.5,0.48045415959961285,0.4356936818890469,0.10416666666666667,0.0,17.563309455469323,20000132
SPT,8.959291319127766,8,0.6666666666666666,0.5316628642605303,0.75,0.33333333333333337,0.5414012445460078,0.41529140912766493,0.0,0.0,18.884556769298314,20000133
SPT,8.752879918149473,8,0.6666666666666666,0.5370908991419924,0.6666666666666666,0.33333333333333337,0.4938277551845389,0.44687325218772606,0.08333333333333333,0.0,18.011548018757537,20000134
SPT,10.09514155583743,8,0.6666666666666666,0.5231331548242332,0.8333333333333334,0.33333333333333337,0.7558549837201355,0.5136928259865692,0.25,0.0,23.902553148309504,20000135
SPT,9.188220864471983,8,0.6666666666666666,0.5179622587634923,0.75,0.33333333333333337,0.6019772605940196,0.47346187255506217,0.14583333333333334,0.0,20.158370493076724,20000136
SPT,8.854855640442203,8,0.6666666666666666,0.54255049657557,0.6666666666666666,0.33333333333333337,0.5572880857425049,0.4717092296305961,0.20833333333333334,0.0,17.97246030192498,20000137
SPT,4.438072250159118,6,0.5,0.367823192329912,0.5,0.5,0.4195751717142864,0.4901152362428087,0.14583333333333334,0.0,15.103984127774797,20000138
SPT,6.189654070981764,7,0.5833333333333334,0.4206163463801997,0.5833333333333334,0.41666666666666663,0.3999993348705894,0.4463872605184216,0.14583333333333334,0.0,15.181354484446166,20000139
SPT,10.498728653781798,9,0.75,0.5820700824771015,0.8333333333333334,0.25,0.516898058823528,0.3980869381732856,0.0,0.0,20.020638087899382,20000140
SPT,6.06455320955938,6,0.5,0.3951155136731298,0.6666666666666666,0.5,0.5766899280247437,0.4894007169036101,0.16666666666666666,0.0,19.758044343711077,20000141
SPT,0.5476031388484071,4,0.3333333333333333,0.2250508274423047,0.4166666666666667,0.6666666666666667,0.36835379548021036,0.5122378594815485,0.25,0.0,13.337261552562314,20000142
SPT,2.6083278192454733,5,0.4166666666666667,0.30380057814736966,0.4166666666666667,0.5833333333333333,0.3804382291898884,0.5095475782301141,0.25,0.0,13.532213251564368,20000143
SPT,11.180762549837667,9,0.75,0.6557638311510289,0.75,0.25,0.6380425016020256,0.47784720502829153,0.16666666666666666,0.0,21.646239902039824,20000144
SPT,7.3461473048971495,7,0.5833333333333334,0.42495230139892864,0.75,0.41666666666666663,0.5957610662953668,0.476054146370515,0.16666666666666666,0.0,20.287973523919835,20000145
SPT,5.3342201314142415,6,0.5,0.39458109409453207,0.5833333333333334,0.5,0.451677877266184,0.45005407826902194,0.125,0.0,16.232998266699163,20000146
SPT,8.339744918285911,8,0.6666666666666666,0.4806027543664048,0.6666666666666666,0.33333333333333337,0.4693406556738415,0.4151073493948049,0.08333333333333333,0.0,16.7353039582156,20000147
SPT,7.041777247610905,7,0.5833333333333334,0.49218671935319747,0.5833333333333334,0.41666666666666663,0.4778478428079304,0.4859216690567895,0.16666666666666666,0.0,16.92820631265887,20000148
SPT,9.605387323534876,8,0.6666666666666666,0.5245171277167621,0.75,0.33333333333333337,0.7088704886788854,0.4928845220268414,0.22916666666666666,0.0,22.75048642353514,20000149
SPT,6.742269422125373,7,0.5833333333333334,0.4287845146410583,0.6666666666666666,0.41666666666666663,0.44214387465945576,0.43407114425375903,0.08333333333333333,0.0,16.774864935740297,20000150
SPT,8.75930907828664,8,0.6666666666666666,0.5099611516378894,0.75,0.33333333333333337,0.5634773889278741,0.44764761562644767,0.08333333333333333,0.0,20.685620694098176,20000151
SPT,4.849459025675343,6,0.5,0.41949815709655336,0.5,0.5,0.4486180710898829,0.5220117734337951,0.2916666666666667,0.0,15.628290409550088,20000152
SPT,5.334987470557336,6,0.5,0.4459226543882845,0.5833333333333334,0.5,0.5192622532767652,0.5057373433241908,0.3333333333333333,0.0,18.263372591251642,20000153
SPT,9.542952735736314,8,0.6666666666666666,0.5600787000709778,0.75,0.33333333333333337,0.6781365758327803,0.48323312004578617,0.1875,0.0,22.03682888655645,20000154
SPT,6.887616866064639,7,0.5833333333333334,0.46320328939441985,0.5833333333333334,0.41666666666666663,0.4502372616957029,0.42569528873526413,0.020833333333333332,0.0,16.83701367217493,20000155
SPT,6.688672356723858,7,0.5833333333333334,0.462936396985404,0.5833333333333334,0.41666666666666663,0.5080964869620364,0.5246606347301755,0.20833333333333334,0.0,17.635307247059554,20000156
SPT,8.551531980413746,8,0.6666666666666666,0.4888921717756274,0.6666666666666666,0.33333333333333337,0.5895388638915485,0.47899734068522354,0.22916666666666666,0.0,19.649565231770723,20000157
SPT,9.114656945424711,8,0.6666666666666666,0.537217821588921,0.6666666666666666,0.33333333333333337,0.5726620953645464,0.4790040642956579,0.20833333333333334,0.0,19.11234209907568,20000158
SPT,4.5783437052452305,6,0.5,0.33790120352350206,0.5,0.5,0.45940931358899745,0.47637774784388015,0.25,0.0,15.689282351664964,20000159
SPT,7.169943239139797,7,0.5833333333333334,0.3815027243115575,0.75,0.41666666666666663,0.5770698497988986,0.4524900567657279,0.16666666666666666,0.0,19.784511612411993,20000160
SPT,10.525372672087183,9,0.75,0.5745665090385498,0.75,0.25,0.5558491711602374,0.3962317797430857,0.020833333333333332,0.0,19.050052797486806,20000161
SPT,4.60738563508819,6,0.5,0.3817871885236635,0.5,0.5,0.4113579768866244,0.5060410450845848,0.22916666666666666,0.0,14.267089593526556,20000162
SPT,8.863152235885128,8,0.6666666666666666,0.5413968159552247,0.6666666666666666,0.33333333333333337,0.5035706265251285,0.46656262754308137,0.08333333333333333,0.0,18.19666819763658,20000163
SPT,7.36719248404458,7,0.5833333333333334,0.4754082259060818,0.5833333333333334,0.41666666666666663,0.5104606627969576,0.5072398971225197,0.2916666666666667,0.0,17.609033806466936,20000164
SPT,10.561315667480429,9,0.75,0.6101197733165016,0.75,0.25,0.6442429044562092,0.47906957697907293,0.1875,0.0,21.037000755900486,20000165
SPT,9.531066996317339,8,0.6666666666666666,0.5733261387752155,0.75,0.33333333333333337,0.6538071259008235,0.5251406968223118,0.20833333333333334,0.0,21.24700349740444,20000166
SPT,10.477000911744046,9,0.75,0.586631542442043,0.75,0.25,0.5522914569921843,0.4047622932742195,0.08333333333333333,0.0,20.528175811422578,20000167
SPT,0.6424593356198269,4,0.3333333333333333,0.23535204455843564,0.4166666666666667,0.6666666666666667,0.3638377807230704,0.5222074039099099,0.3333333333333333,0.0,13.236413596026438,20000168
SPT,10.850811868535146,9,0.75,0.6030741194638038,0.75,0.25,0.6187298780462016,0.4676219506042405,0.22916666666666666,0.0,19.86181319899625,20000169
SPT,5.132822391972771,6,0.5,0.34843063584101874,0.5833333333333334,0.5,0.5080144395384973,0.4597934021050025,0.16666666666666666,0.0,16.920769406948903,20000170
SPT,10.732584965179937,9,0.75,0.6143360353394014,0.75,0.25,0.5783378225200049,0.4459175675865292,0.10416666666666667,0.0,21.235237074068756,20000171
SPT,9.151971817971333,8,0.6666666666666666,0.5818586450819122,0.75,0.33333333333333337,0.620211879661831,0.5161961703629957,0.20833333333333334,0.0,20.946394842728353,20000172
SPT,11.352852324493796,9,0.75,0.6157293323045168,0.75,0.25,0.6053376228306967,0.46395758100715306,0.14583333333333334,0.0,20.968568644892954,20000173
SPT,11.293454005033988,9,0.75,0.6408015851114838,0.75,0.25,0.6490661309610927,0.47728581494572775,0.1875,0.0,22.077817300104076,20000174
SPT,4.455272760849753,6,0.5,0.34225766407888053,0.5833333333333334,0.5,0.39065874725616584,0.4611089731297237,0.125,0.0,14.605364908266795,20000175
SPT,8.539792712170637,8,0.6666666666666666,0.5000556585550514,0.6666666666666666,0.33333333333333337,0.5340876904761981,0.45461035478496675,0.14583333333333334,0.0,18.8421940163608,20000176
SPT,11.33025254678034,9,0.75,0.6474880699559009,0.75,0.25,0.6328539307810833,0.46050794804129386,0.10416666666666667,0.0,21.736607607097945,20000177
SPT,11.523830833647251,9,0.75,0.65093338565582,0.75,0.25,0.6538117608556382,0.4923010170952326,0.20833333333333334,0.0,22.497992766796738,20000178
SPT,7.43651872991443,7,0.5833333333333334,0.44133267134416526,0.6666666666666666,0.41666666666666663,0.5919395042268886,0.45214972894767574,0.1875,0.0,19.886326834943883,20000179
SPT,3.427991734213026,5,0.4166666666666667,0.34983123599079546,0.5,0.5833333333333333,0.4684803658667973,0.5123308454480466,0.2916666666666667,0.0,15.889169279384054,20000180
SPT,10.7488730163669,9,0.75,0.554694581043458,0.8333333333333334,0.25,0.6126438973939693,0.43611015217059074,0.10416666666666667,0.0,21.724404333326653,20000181
SPT,7.372611352693337,7,0.5833333333333334,0.526035649146759,0.5833333333333334,0.41666666666666663,0.5310695614196308,0.5308077968698407,0.3125,0.0,18.04410955393534,20000182
SPT,2.654853394997686,5,0.4166666666666667,0.2547030773943752,0.5,0.5833333333333333,0.3727503685202485,0.4765063204093584,0.22916666666666666,0.0,13.356237479611277,20000183
SPT,6.08319807702687,7,0.5833333333333334,0.3932698050322462,0.5833333333333334,0.41666666666666663,0.4480735576205827,0.46128170708035326,0.14583333333333334,0.0,15.717610852218943,20000184
SPT,10.881855045493936,9,0.75,0.5987364907525622,0.75,0.25,0.5754395637077935,0.4591586180141977,0.14583333333333334,0.0,19.913235413273995,20000185
SPT,7.404715737622725,7,0.5833333333333334,0.4058142838745782,0.75,0.41666666666666663,0.5377333404139651,0.39076758393552646,0.0625,0.0,19.219355960142856,20000186
SPT,5.028879225594363,6,0.5,0.38661186259073443,0.5,0.5,0.5049275790120007,0.521039367950325,0.2916666666666667,0.0,17.251790827271464,20000187
SPT,11.109127373121748,9,0.75,0.6322397577430893,0.75,0.25,0.6412459477555557,0.5028008280674341,0.16666666666666666,0.0,21.769996780943337,20000188
SPT,4.82194324131491,6,0.5,0.3447300498789262,0.5833333333333334,0.5,0.42542784483768115,0.45275152066529717,0.14583333333333334,0.0,15.368758535470567,20000189
SPT,9.098725116571028,8,0.6666666666666666,0.5366519573707776,0.75,0.33333333333333337,0.6288480702345779,0.5186453529020408,0.25,0.0,20.250722190533253,20000190
SPT,15.798347709911717,12,1.0,1.0,1.0,0.0,0.6337600795847403,0.4124325286829272,0.0,0.020833333333333332,22.642499141465983,20000191
SPT,9.380703742061938,8,0.6666666666666666,0.5614560830935417,0.75,0.33333333333333337,0.6111621178248224,0.502242462066757,0.1875,0.0,20.851991206806517,20000192
SPT,11.975773602778656,9,0.75,0.6610332304616348,0.75,0.25,0.7176830979442959,0.4827737230637473,0.22916666666666666,0.0,24.08203632781996,20000193
SPT,9.088532891357278,8,0.6666666666666666,0.5400908989116694,0.6666666666666666,0.33333333333333337,0.5831533899311606,0.5310769942963555,0.22916666666666666,0.0,19.59492831962141,20000194
SPT,6.493599738540771,7,0.5833333333333334,0.4145057120843987,0.5833333333333334,0.41666666666666663,0.5205472300316364,0.5011958095704924,0.22916666666666666,0.0,17.663357750925393,20000195
SPT,11.399761328966411,9,0.75,0.6493968202221952,0.75,0.25,0.635060597588572,0.47580080429498217,0.14583333333333334,0.0,21.543040391726592,20000196
SPT,5.741566559922134,6,0.5,0.3722304175629767,0.6666666666666666,0.5,0.5357579465162959,0.46453804832708806,0.20833333333333334,0.0,18.751565955667573,20000197
SPT,8.732126983959247,8,0.6666666666666666,0.5153492591592281,0.6666666666666666,0.33333333333333337,0.5015649404423721,0.4522203030922376,0.10416666666666667,0.0,18.787428259862374,20000198
SPT,6.647328621205742,7,0.5833333333333334,0.4313721411888959,0.5833333333333334,0.41666666666666663,0.4908981730409246,0.4930384727641152,0.1875,0.0,16.386924458369013,20000199
SPT,9.528740009971646,8,0.6666666666666666,0.5245646793145973,0.75,0.33333333333333337,0.6341949845705487,0.49510983001222164,0.14583333333333334,0.0,21.480747367010046,20000200
SPT,4.57712429381285,6,0.5,0.34019276585381536,0.5,0.5,0.4428888713463217,0.4672522632564557,0.22916666666666666,0.0,15.602400175729757,20000201
SPT,7.069574974574397,7,0.5833333333333334,0.456748425643784,0.6666666666666666,0.41666666666666663,0.5388364392716535,0.5149382479524337,0.1875,0.0,18.021835406550625,20000202
SPT,12.634994059701707,10,0.8333333333333334,0.6965775822443484,0.8333333333333334,0.16666666666666663,0.6095911271263917,0.45702864715417685,0.10416666666666667,0.0,21.156296836158997,20000203
SPT,5.031011282569752,6,0.5,0.34873736614820156,0.5833333333333334,0.5,0.44704660929096285,0.43911832673183354,0.10416666666666667,0.0,15.924954980272513,20000204
SPT,11.430958877222512,9,0.75,0.6413273286041786,0.8333333333333334,0.25,0.6212504993558423,0.42526575597925526,0.10416666666666667,0.0,21.888799538906,20000205
SPT,5.035381588331804,6,0.5,0.33114292752142194,0.5833333333333334,0.5,0.4810154707846048,0.4926536474039825,0.22916666666666666,0.0,16.19206513665865,20000206
SPT,2.6147665202307593,5,0.4166666666666667,0.3251581724555625,0.4166666666666667,0.5833333333333333,0.3965874927740242,0.5137036394770863,0.2708333333333333,0.0,13.749937762028113,20000207
SPT,7.158351639527038,7,0.5833333333333334,0.4611858378825413,0.5833333333333334,0.41666666666666663,0.5454368578408163,0.46844069389765536,0.16666666666666666,0.0,18.59311372307392,20000208
SPT,9.451480366156478,8,0.6666666666666666,0.5310132450175141,0.6666666666666666,0.33333333333333337,0.6036187325107721,0.44585069417846857,0.1875,0.0,20.045656733269,20000209
SPT,15.320056656813641,11,0.9166666666666666,0.8542140547004792,0.9166666666666666,0.08333333333333337,0.7149196307179654,0.4189598937140044,0.14583333333333334,0.0,24.602288224981383,20000210
SPT,4.610203582764324,6,0.5,0.34889725091169677,0.5833333333333334,0.5,0.41450294472244287,0.4390313025541633,0.041666666666666664,0.0,16.630098748836236,20000211
SPT,10.740925093710144,9,0.75,0.6286045128169919,0.75,0.25,0.5630681701039086,0.41789069201144863,0.0625,0.0,20.375525930279096,20000212
SPT,9.013877109539637,8,0.6666666666666666,0.45836511147150627,0.75,0.33333333333333337,0.6496000218937225,0.44735477521009787,0.20833333333333334,0.0,21.471787381013733,20000213
SPT,4.383997161253356,6,0.5,0.38274338228523397,0.5,0.5,0.3887824109235533,0.5162825552560228,0.22916666666666666,0.0,13.831332240984567,20000214
SPT,9.570389881982857,8,0.6666666666666666,0.5920933704267647,0.6666666666666666,0.33333333333333337,0.6577455044912927,0.5625814495905899,0.375,0.0,21.981286622025976,20000215
SPT,8.590861734754437,8,0.6666666666666666,0.4995910867132653,0.6666666666666666,0.33333333333333337,0.5045832094555079,0.4165301364126686,0.0625,0.0,18.178991862117048,20000216
SPT,11.507674599533905,9,0.75,0.6190130503429747,0.8333333333333334,0.25,0.7238701844326968,0.42822726292142804,0.16666666666666666,0.0,23.988112208995954,20000217
SPT,6.1670647979156135,7,0.5833333333333334,0.39709049419101355,0.6666666666666666,0.41666666666666663,0.4672187542556645,0.48037855981789973,0.1875,0.0,17.06449525115455,20000218
SPT,6.554298035311032,7,0.5833333333333334,0.41830703775875444,0.6666666666666666,0.41666666666666663,0.4696504903496163,0.4704962843170453,0.020833333333333332,0.0,17.27793430223566,20000219
SPT,6.443403898500325,7,0.5833333333333334,0.4401437463786182,0.5833333333333334,0.41666666666666663,0.4225848851773375,0.4120723524199546,0.0625,0.0,16.028025165907252,20000220
SPT,11.334274625199242,9,0.75,0.5924621621805523,0.8333333333333334,0.25,0.6631339631725535,0.4262330917825072,0.1875,0.0,22.72619504615831,20000221
SPT,8.648462238747005,8,0.6666666666666666,0.4478683373317784,0.75,0.33333333333333337,0.5533564588245412,0.4561953955660849,0.20833333333333334,0.0,18.965826283426487,20000222
SPT,10.457487108374094,9,0.75,0.5669797319433824,0.75,0.25,0.6224205952435252,0.4749406258062832,0.16666666666666666,0.0,20.279857670880165,20000223
SPT,9.121469953667225,8,0.6666666666666666,0.5405422606666327,0.6666666666666666,0.33333333333333337,0.5404109961097427,0.455230121460443,0.14583333333333334,0.0,19.724541369415718,20000224
SPT,10.649750902046119,9,0.75,0.6094703839476108,0.75,0.25,0.6425634651810949,0.4937736901539263,0.16666666666666666,0.0,21.27773988476651,20000225
SPT,7.929644843711425,7,0.5833333333333334,0.500787805847425,0.6666666666666666,0.41666666666666663,0.6058187894335502,0.48628486758804373,0.16666666666666666,0.0,21.037728362360443,20000226
SPT,9.546778734355225,8,0.6666666666666666,0.48772766678675045,0.8333333333333334,0.33333333333333337,0.6474876468913309,0.41353796188373554,0.125,0.0,21.755510107397107,20000227
SPT,7.0549976991221035,7,0.5833333333333334,0.38225299114328604,0.75,0.41666666666666663,0.6034438568460762,0.47329026740062674,0.1875,0.0,20.232077710512804,20000228
SPT,9.893732286010934,8,0.6666666666666666,0.573464216035302,0.6666666666666666,0.33333333333333337,0.6616535140718067,0.48569061701145616,0.22916666666666666,0.0,21.892668258720786,20000229
SPT,9.240941822230084,8,0.6666666666666666,0.5604096388888157,0.6666666666666666,0.33333333333333337,0.5811859607695951,0.4751423286816039,0.22916666666666666,0.0,20.296122915800343,20000230
SPT,8.81498627936972,8,0.6666666666666666,0.47994074649170354,0.75,0.33333333333333337,0.6148252604436389,0.5027462235829367,0.20833333333333334,0.0,20.355169032511657,20000231
SPT,2.7346464030839788,5,0.4166666666666667,0.26328736786055223,0.5,0.5833333333333333,0.37472449826429305,0.461100248616318,0.16666666666666666,0.0,14.36085904778098,20000232
SPT,6.875850151350697,7,0.5833333333333334,0.47222352611833457,0.5833333333333334,0.41666666666666663,0.44698252410540834,0.46480885054194476,0.14583333333333334,0.0,16.97041874800378,20000233
SPT,4.5568772518641,6,0.5,0.3552107085687263,0.5,0.5,0.3632126923510695,0.4456905804593186,0.125,0.0,13.71279671441939,20000234
SPT,6.355170017328006,7,0.5833333333333334,0.4296885163052655,0.6666666666666666,0.41666666666666663,0.40497606560549304,0.4305697458854501,0.0,0.0,15.679531709550899,20000235
SPT,13.429013790670952,10,0.8333333333333334,0.7186106700264444,0.8333333333333334,0.16666666666666663,0.7289266866319063,0.4400919060912137,0.16666666666666666,0.0,23.71402651519157,20000236
SPT,7.6846584274122645,7,0.5833333333333334,0.49335464568672455,0.5833333333333334,0.41666666666666663,0.6084624878522433,0.5285162832140469,0.3125,0.0,20.449532559862813,20000237
SPT,5.3381457411527045,6,0.5,0.327734334116546,0.6666666666666666,0.5,0.5672771061431473,0.5097377647443507,0.3333333333333333,0.0,19.147784410370015,20000238
SPT,9.577734516429798,8,0.6666666666666666,0.5773742105912917,0.6666666666666666,0.33333333333333337,0.6177417199132119,0.5446661232118148,0.2708333333333333,0.0,20.881950775260503,20000239
SPT,3.2157171367808877,5,0.4166666666666667,0.34861007760875,0.5,0.5833333333333333,0.49167702164026555,0.5649275337171487,0.3333333333333333,0.0,16.714604120531416,20000240
SPT,9.129242302874571,8,0.6666666666666666,0.5408385989798276,0.6666666666666666,0.33333333333333337,0.5519335941610694,0.5214753181922672,0.22916666666666666,0.0,18.84012393113722,20000241
SPT,12.707527251981581,10,0.8333333333333334,0.7226583725751561,0.9166666666666666,0.16666666666666663,0.6570147510573597,0.4099362744732999,0.0,0.0,22.988452537285433,20000242
SPT,1.0989959420802913,4,0.3333333333333333,0.278307658700669,0.4166666666666667,0.6666666666666667,0.3891221234238656,0.5400118932499196,0.3541666666666667,0.0,12.946834249053307,20000243
SPT,11.511683867274343,9,0.75,0.6700919068561599,0.75,0.25,0.660454347822518,0.45021180573765135,0.10416666666666667,0.0,22.56631167142477,20000244
SPT,7.888661918538657,7,0.5833333333333334,0.5316280571528136,0.6666666666666666,0.41666666666666663,0.581618839205272,0.4949278075265033,0.20833333333333334,0.0,19.296458067278135,20000245
SPT,13.146289354290097,10,0.8333333333333334,0.7281419856309699,0.8333333333333334,0.16666666666666663,0.6479616198579599,0.4844380886806688,0.125,0.0,22.952222369159575,20000246
SPT,11.03111130092166,9,0.75,0.6129356844303889,0.75,0.25,0.6253393757175162,0.4791140359138755,0.16666666666666666,0.0,21.01382018417957,20000247
SPT,15.229819430005353,11,0.9166666666666666,0.8675997003669181,0.9166666666666666,0.08333333333333337,0.7679320027288039,0.428008247630516,0.0625,0.0,26.091114377099256,20000248
SPT,7.3510394713322125,7,0.5833333333333334,0.45318205207818024,0.6666666666666666,0.41666666666666663,0.6148460965087246,0.5253764122786873,0.2916666666666667,0.0,20.39833947034418,20000249
SPT,12.969445877781613,10,0.8333333333333334,0.6965656247409149,0.8333333333333334,0.16666666666666663,0.6296602352340664,0.42570024124846867,0.10416666666666667,0.0,21.545455317281963,20000250
SPT,8.73659557738153,8,0.6666666666666666,0.5012799119231333,0.6666666666666666,0.33333333333333337,0.5855525918068608,0.4413442377568358,0.14583333333333334,0.0,19.60583499267915,20000251
SPT,10.86251619610059,9,0.75,0.6276558897266921,0.75,0.25,0.5975651641203589,0.4527781082273153,0.0625,0.0,21.155340944413584,20000252
SPT,6.913552740826752,7,0.5833333333333334,0.4250258153752915,0.5833333333333334,0.41666666666666663,0.49009881498560787,0.4403588362197164,0.1875,0.0,16.838674002923703,20000253
SPT,9.62009140603588,8,0.6666666666666666,0.565493911583922,0.75,0.33333333333333337,0.6566125462107856,0.5399811526408115,0.20833333333333334,0.0,20.98710170656874,20000254
SPT,7.207205493347498,7,0.5833333333333334,0.4803401299305577,0.5833333333333334,0.41666666666666663,0.5161407863968984,0.506762071300806,0.20833333333333334,0.0,17.2525442011523,20000255
SPT,9.520536967941993,8,0.6666666666666666,0.5366458614528008,0.6666666666666666,0.33333333333333337,0.5861865439607561,0.4672200050342661,0.14583333333333334,0.0,18.890863216501632,20000256
SPT,6.376026265196059,7,0.5833333333333334,0.44797318873789316,0.5833333333333334,0.41666666666666663,0.45642417292246784,0.47725552140121924,0.125,0.0,15.706508756313639,20000257
SPT,6.2283105494764746,7,0.5833333333333334,0.45011645948326995,0.5833333333333334,0.41666666666666663,0.4399717236347935,0.49048944681392204,0.10416666666666667,0.0,15.484922694776635,20000258
SPT,8.601184138417631,8,0.6666666666666666,0.5464672160067006,0.6666666666666666,0.33333333333333337,0.5026704064612529,0.509669483673154,0.20833333333333334,0.0,17.681287450908098,20000259
SPT,5.178919929794478,6,0.5,0.444937870669122,0.5,0.5,0.46317781811644726,0.5504323848269198,0.3125,0.0,15.757682874430103,20000260
SPT,3.636359673303007,5,0.4166666666666667,0.28204791979546534,0.5833333333333334,0.5833333333333333,0.6105065189608606,0.5811903718995715,0.3333333333333333,0.0,18.071709240335164,20000261
SPT,8.986006894636713,8,0.6666666666666666,0.5421598918481275,0.6666666666666666,0.33333333333333337,0.6064085618635678,0.5237306148747319,0.22916666666666666,0.0,19.26950352479824,20000262
SPT,8.923651470292034,8,0.6666666666666666,0.5109427964095239,0.75,0.33333333333333337,0.5640470344212049,0.3893390951248524,0.0,0.0,19.897722517226633,20000263
SPT,9.078380903449224,8,0.6666666666666666,0.5184666437872427,0.6666666666666666,0.33333333333333337,0.565335455753185,0.4763750981399622,0.20833333333333334,0.0,18.599596507341197,20000264
SPT,5.847548557562043,7,0.5833333333333334,0.4234369889680607,0.5833333333333334,0.41666666666666663,0.42520673514781865,0.4306820889477813,0.16666666666666666,0.0,15.879794369856624,20000265
SPT,10.432092572050987,9,0.75,0.5731865993493647,0.75,0.25,0.6220484482049659,0.4517888312264166,0.16666666666666666,0.0,20.547710072384472,20000266
SPT,2.8839518439928757,5,0.4166666666666667,0.33119277623881355,0.4166666666666667,0.5833333333333333,0.4485534201990508,0.5416549521914618,0.3125,0.0,14.692161109527245,20000267
SPT,6.64518063612509,7,0.5833333333333334,0.43225645040468413,0.5833333333333334,0.41666666666666663,0.4851615309975406,0.49242972195027335,0.16666666666666666,0.0,16.990299887725023,20000268
SPT,11.859840873142051,9,0.75,0.6475751487256022,0.75,0.25,0.6785118640906557,0.47369241883648977,0.20833333333333334,0.0,22.18916739818789,20000269
SPT,9.08981447841563,8,0.6666666666666666,0.49152758977982214,0.75,0.33333333333333337,0.5442362901989625,0.4165959698696204,0.10416666666666667,0.0,19.31160863540854,20000270
SPT,9.66296941732933,8,0.6666666666666666,0.5632438009869858,0.75,0.33333333333333337,0.6217811047695384,0.4684972966347227,0.1875,0.0,20.936158567790645,20000271
SPT,8.436772815512043,8,0.6666666666666666,0.5031217505118957,0.6666666666666666,0.33333333333333337,0.47156879958511794,0.4092936307210275,0.041666666666666664,0.0,18.266634331693496,20000272
SPT,9.090149762885268,8,0.6666666666666666,0.4676770988964442,0.75,0.33333333333333337,0.651363077118539,0.453530440706054,0.1875,0.0,21.16654071521902,20000273
SPT,8.707668409665924,8,0.6666666666666666,0.5143486781156442,0.6666666666666666,0.33333333333333337,0.5810967390492179,0.4936713473180285,0.1875,0.0,19.078505183101974,20000274
SPT,8.78204459971726,8,0.6666666666666666,0.5145779044948791,0.75,0.33333333333333337,0.5611577515297649,0.4612909705425938,0.125,0.0,19.535415210596675,20000275
SPT,6.750659503315813,7,0.5833333333333334,0.42285288097101553,0.5833333333333334,0.41666666666666663,0.48896290992061414,0.4636090844197689,0.16666666666666666,0.0,17.370209178025295,20000276
SPT,6.460619047809468,7,0.5833333333333334,0.4094439597109183,0.5833333333333334,0.41666666666666663,0.48810189668521514,0.4736233135078434,0.20833333333333334,0.0,16.512285035609445,20000277
SPT,2.573427990940253,5,0.4166666666666667,0.25098097231220173,0.5,0.5833333333333333,0.4223768938067998,0.46758780429282193,0.16666666666666666,0.0,14.745298535603888,20000278
SPT,2.3071719939922426,5,0.4166666666666667,0.33097978539544426,0.4166666666666667,0.5833333333333333,0.38174112802889654,0.5104287061529035,0.2916666666666667,0.0,13.783687584216993,20000279
SPT,8.789240642932414,8,0.6666666666666666,0.5111648241724635,0.8333333333333334,0.33333333333333337,0.5573671695265235,0.43185110567962676,0.0625,0.0,20.617601828899787,20000280
SPT,8.496463851249416,8,0.6666666666666666,0.559698986511095,0.6666666666666666,0.33333333333333337,0.5207303062919205,0.49340281696734184,0.10416666666666667,0.0,18.420686404179307,20000281
SPT,7.412277500772101,7,0.5833333333333334,0.4683755159414303,0.6666666666666666,0.41666666666666663,0.573357805023654,0.5077453363157228,0.2708333333333333,0.0,19.459434866723406,20000282
SPT,10.156090138427139,9,0.75,0.5718538682572857,0.75,0.25,0.5494512080140428,0.4452121457018223,0.125,0.0,19.247801731677328,20000283
SPT,6.737217007291507,7,0.5833333333333334,0.4441553487263528,0.5833333333333334,0.41666666666666663,0.4777356825381222,0.46999136524039614,0.125,0.0,17.14660647648143,20000284
SPT,4.29515102552142,6,0.5,0.35616917236854656,0.5,0.5,0.36365014189452033,0.43874102673703846,0.020833333333333332,0.0,14.158774661977175,20000285
SPT,5.120680611193508,6,0.5,0.40237298785205305,0.5,0.5,0.4501648425448375,0.5368823623436069,0.3125,0.0,15.487050083235589,20000286
SPT,14.608164047470867,11,0.9166666666666666,0.8331260482561131,0.9166666666666666,0.08333333333333337,0.6271830965444015,0.42598543226673485,0.020833333333333332,0.0,23.090397603511153,20000287
SPT,9.09475334286501,8,0.6666666666666666,0.5161630537818345,0.75,0.33333333333333337,0.557203177460064,0.4256502188253403,0.0,0.0,19.886578203713825,20000288
SPT,10.480377611333662,9,0.75,0.6100121556374858,0.75,0.25,0.5112371825883849,0.41812274755645484,0.0625,0.0,19.42323587152368,20000289
SPT,5.172898323307905,6,0.5,0.3200932899468235,0.5833333333333334,0.5,0.5522608329494711,0.4433652956203053,0.1875,0.0,17.76052469686344,20000290
SPT,10.662168297126009,9,0.75,0.6462561013497853,0.75,0.25,0.6062561498181435,0.45866444614931695,0.10416666666666667,0.0,21.176964298657975,20000291
SPT,4.634557148063532,6,0.5,0.4018152909554281,0.5,0.5,0.44582122807116575,0.5200314014794186,0.16666666666666666,0.0,15.819002828808326,20000292
SPT,6.439343891400989,7,0.5833333333333334,0.3770791896208048,0.6666666666666666,0.41666666666666663,0.4797785530492035,0.46333085259452006,0.1875,0.0,16.658479309408357,20000293
SPT,3.4993612895845025,5,0.4166666666666667,0.33515645545657874,0.5,0.5833333333333333,0.5340839653339838,0.5275912807377766,0.3333333333333333,0.0,17.438659020268286,20000294
SPT,8.901343504905295,8,0.6666666666666666,0.535064211071937,0.6666666666666666,0.33333333333333337,0.49221441508551983,0.4371286821747413,0.125,0.0,18.035855073946465,20000295
SPT,9.448610458975953,8,0.6666666666666666,0.5485528376658452,0.6666666666666666,0.33333333333333337,0.6353887034554931,0.5076679837667215,0.22916666666666666,0.0,20.500143663685847,20000296
SPT,6.171834947726667,7,0.5833333333333334,0.3901491055727227,0.6666666666666666,0.41666666666666663,0.44037841972156366,0.4886711822934104,0.10416666666666667,0.0,16.717768932981695,20000297
SPT,4.363202178344364,6,0.5,0.29304891146125167,0.5833333333333334,0.5,0.45942126701440716,0.4814673325343726,0.25,0.0,15.381385485402275,20000298
SPT,8.167373432562883,8,0.6666666666666666,0.44857143672141375,0.75,0.33333333333333337,0.5262786231426614,0.4362356190517103,0.0625,0.0,18.222797053718352,20000299
SPT,9.690593029606397,8,0.6666666666666666,0.5579619991983538,0.6666666666666666,0.33333333333333337,0.6323751485323682,0.5146393158948719,0.25,0.0,21.23332935753831,20000300
SPT,12.737164685943213,10,0.8333333333333334,0.7246974777084646,0.8333333333333334,0.16666666666666663,0.6266839471798468,0.4760775972638092,0.14583333333333334,0.0,21.390867588365293,20000301
SPT,5.233529620253723,6,0.5,0.41400822452376784,0.5,0.5,0.43349045149041965,0.48754270365339897,0.22916666666666666,0.0,15.190302174961161,20000302
SPT,5.416747366032986,6,0.5,0.3870773359424015,0.6666666666666666,0.5,0.5400968940879184,0.4700707709707624,0.14583333333333334,0.0,18.218133445998173,20000303
SPT,13.381187820789746,10,0.8333333333333334,0.760098675084581,0.9166666666666666,0.16666666666666663,0.7229162650775786,0.43710729814765176,0.08333333333333333,0.0,24.722709418722175,20000304
SPT,13.041766405677526,10,0.8333333333333334,0.7421160390139029,0.9166666666666666,0.16666666666666663,0.6522106057518208,0.38761657007358563,0.020833333333333332,0.0,22.69965093342154,20000305
SPT,12.646261184877654,10,0.8333333333333334,0.6977029879231809,0.8333333333333334,0.16666666666666663,0.5881699849515417,0.42018216583823387,0.041666666666666664,0.0,21.518279767223508,20000306
SPT,6.365308679521199,7,0.5833333333333334,0.4267744592637493,0.5833333333333334,0.41666666666666663,0.48957758462425566,0.5113338529705254,0.20833333333333334,0.0,17.198001037113812,20000307
SPT,9.289606466490945,8,0.6666666666666666,0.5157794449064204,0.6666666666666666,0.33333333333333337,0.6486488179163002,0.475910215511433,0.20833333333333334,0.0,20.72275125939988,20000308
SPT,7.323868277438086,7,0.5833333333333334,0.46801293235444447,0.5833333333333334,0.41666666666666663,0.6054633865820328,0.5394815969817036,0.2916666666666667,0.0,19.495883079498366,20000309
SPT,12.348500414217872,10,0.8333333333333334,0.7254845942423319,0.8333333333333334,0.16666666666666663,0.6149021167635896,0.47019084706720493,0.125,0.0,21.240943858042034,20000310
SPT,8.373780806910759,8,0.6666666666666666,0.5089903279733133,0.6666666666666666,0.33333333333333337,0.5227968226611734,0.4848940465451356,0.14583333333333334,0.0,18.44391255580163,20000311
SPT,8.741201640993483,8,0.6666666666666666,0.5039040462034934,0.6666666666666666,0.33333333333333337,0.4959501183488211,0.42319447201991567,0.10416666666666667,0.0,17.39318513919802,20000312
SPT,9.105069758782394,8,0.6666666666666666,0.5337317904687405,0.6666666666666666,0.33333333333333337,0.5943959294206264,0.496943034481862,0.22916666666666666,0.0,19.059689855561487,20000313
SPT,10.704697540916495,9,0.75,0.6151103606027896,0.75,0.25,0.5720601397172498,0.4854556215829014,0.10416666666666667,0.0,20.08131969943829,20000314
SPT,8.473834427644556,8,0.6666666666666666,0.4973831307783105,0.6666666666666666,0.33333333333333337,0.5406531328061268,0.5075723841861783,0.14583333333333334,0.0,18.31519221487168,20000315
SPT,4.932861227990942,6,0.5,0.3840501170293662,0.5,0.5,0.5056459337668613,0.5381421845690627,0.3125,0.0,16.297234950458076,20000316
SPT,11.161975828007918,9,0.75,0.6453480105640452,0.75,0.25,0.6108135607427713,0.46931586330308006,0.10416666666666667,0.0,21.280423720596737,20000317
SPT,5.459234770381186,6,0.5,0.387979611237583,0.5833333333333334,0.5,0.5972629896942494,0.5271482390063871,0.2708333333333333,0.0,19.334942810110405,20000318
SPT,5.013602697205814,6,0.5,0.40821905275503445,0.5,0.5,0.49680715982547463,0.5401876120753888,0.2916666666666667,0.0,16.73069242410783,20000319
SPT,4.775232390419565,6,0.5,0.3496092751257488,0.5,0.5,0.47497436442765295,0.47938463102122747,0.2708333333333333,0.0,16.052385629788784,20000320
SPT,12.924784131266193,10,0.8333333333333334,0.7177903355620265,0.8333333333333334,0.16666666666666663,0.6175931716235273,0.4089783353569402,0.0625,0.0,21.227897123663894,20000321
SPT,6.929193455968016,7,0.5833333333333334,0.45288622277168733,0.5833333333333334,0.41666666666666663,0.4600862032254509,0.46727755816758165,0.125,0.0,16.773466594810454,20000322
SPT,5.439389324727666,6,0.5,0.409321306943568,0.5833333333333334,0.5,0.5370752843733605,0.48716554095246933,0.22916666666666666,0.0,18.570661279756184,20000323
SPT,7.743433562233411,7,0.5833333333333334,0.4940728213747882,0.6666666666666666,0.41666666666666663,0.6183052289347828,0.47861736177109665,0.16666666666666666,0.0,21.249183905254835,20000324
SPT,10.860754602545455,9,0.75,0.6214747940289866,0.75,0.25,0.6062277107050424,0.4329995871783849,0.10416666666666667,0.0,20.529655829230137,20000325
SPT,2.9368485527971098,5,0.4166666666666667,0.34468718294377015,0.4166666666666667,0.5833333333333333,0.43196938865752127,0.5610458857227266,0.3333333333333333,0.0,14.7915600666279,20000326
SPT,6.6329105070402345,7,0.5833333333333334,0.3646034466128438,0.6666666666666666,0.41666666666666663,0.511971288146791,0.4131246214084157,0.125,0.0,18.604962768762825,20000327
SPT,8.974514231941617,8,0.6666666666666666,0.5454790038955339,0.6666666666666666,0.33333333333333337,0.5700202260490282,0.5070012881538754,0.1875,0.0,19.785534532813195,20000328
SPT,4.39976459983122,6,0.5,0.34972226379395466,0.5,0.5,0.44003731534420815,0.5274210432963561,0.22916666666666666,0.0,15.715164407188533,20000329
SPT,9.044947400370829,8,0.6666666666666666,0.5595375254287981,0.6666666666666666,0.33333333333333337,0.5365025787883071,0.43460959181629955,0.0,0.0,19.473211434581756,20000330
SPT,11.504460754385365,9,0.75,0.6204120714928565,0.9166666666666666,0.25,0.7375881115232267,0.48973586380832296,0.20833333333333334,0.0,23.942631514461056,20000331
SPT,8.975209163891193,8,0.6666666666666666,0.48192956005046156,0.75,0.33333333333333337,0.5829559927933635,0.40976450089029104,0.08333333333333333,0.0,20.150958846882325,20000332
SPT,6.383637789955037,7,0.5833333333333334,0.39109077345011656,0.6666666666666666,0.41666666666666663,0.476855690358513,0.4665173773381451,0.10416666666666667,0.0,16.71485660158383,20000333
SPT,4.884175720504143,6,0.5,0.3942641377697514,0.5,0.5,0.4691859375064446,0.49333137556817147,0.2708333333333333,0.0,16.19908433581918,20000334
SPT,6.835436809229355,7,0.5833333333333334,0.48818295022816793,0.5833333333333334,0.41666666666666663,0.4889081676620435,0.4907489052109945,0.08333333333333333,0.0,17.60613277367939,20000335
SPT,7.269958218447331,7,0.5833333333333334,0.4333572415970699,0.6666666666666666,0.41666666666666663,0.6167404332921996,0.5385949386088507,0.25,0.0,19.30631279161092,20000336
SPT,9.02597715746273,8,0.6666666666666666,0.5344478806385173,0.6666666666666666,0.33333333333333337,0.6076502807107337,0.5058382661656703,0.2708333333333333,0.0,19.419744723291224,20000337
SPT,13.349582804975892,10,0.8333333333333334,0.725929209018952,0.8333333333333334,0.16666666666666663,0.6695992705595857,0.42852290284373096,0.10416666666666667,0.0,23.05136167619613,20000338
SPT,10.933277841990447,9,0.75,0.6174283134466156,0.75,0.25,0.6133291585327358,0.47052623381870323,0.16666666666666666,0.0,20.280487418374513,20000339
SPT,2.2713393607749652,5,0.4166666666666667,0.3065352847433025,0.4166666666666667,0.5833333333333333,0.36737329828562326,0.5247624859328657,0.1875,0.0,13.244764384401025,20000340
SPT,10.883875757122087,9,0.75,0.6190377058252131,0.75,0.25,0.6133573243801334,0.49560954201467794,0.20833333333333334,0.0,21.08457415246599,20000341
SPT,10.394916893692978,9,0.75,0.6134779951653502,0.75,0.25,0.5949118655654518,0.4881690727315222,0.20833333333333334,0.0,19.969625515883873,20000342
SPT,6.767723089987834,7,0.5833333333333334,0.4456644513005699,0.5833333333333334,0.41666666666666663,0.44452314315259445,0.46776516821300324,0.22916666666666666,0.0,16.400247965795284,20000343
SPT,0.21273649529542515,4,0.3333333333333333,0.2648411687317163,0.3333333333333333,0.6666666666666667,0.34034565366565045,0.5246223939100726,0.3333333333333333,0.0,11.884465664374723,20000344
SPT,7.403035138715745,7,0.5833333333333334,0.4705206016392564,0.5833333333333334,0.41666666666666663,0.5428775255532421,0.49829757050545576,0.20833333333333334,0.0,18.599814114975693,20000345
SPT,6.554356378961069,7,0.5833333333333334,0.44120130039743205,0.5833333333333334,0.41666666666666663,0.4404107002992965,0.48806233794287873,0.1875,0.0,16.112829646910964,20000346
SPT,7.416778293991269,7,0.5833333333333334,0.4819107495017886,0.6666666666666666,0.41666666666666663,0.5875227844291598,0.4964477519389295,0.20833333333333334,0.0,19.390143154200373,20000347
SPT,11.839807332511917,9,0.75,0.6473625935241364,0.75,0.25,0.6505510307043029,0.4953849436535162,0.22916666666666666,0.0,21.988439299560987,20000348
SPT,13.087458287932089,10,0.8333333333333334,0.7182085894177094,0.9166666666666666,0.16666666666666663,0.7258348843267068,0.42115094889515986,0.08333333333333333,0.0,24.716145402734302,20000349
SPT,7.257368261768624,7,0.5833333333333334,0.44272640529704776,0.6666666666666666,0.41666666666666663,0.550776877873187,0.525654276313455,0.22916666666666666,0.0,18.583963497590855,20000350
SPT,9.193208204507938,8,0.6666666666666666,0.5515828673267406,0.6666666666666666,0.33333333333333337,0.5814412495361179,0.479873975547157,0.14583333333333334,0.0,20.182830287396104,20000351
SPT,6.7690012941835525,7,0.5833333333333334,0.4299121630874829,0.6666666666666666,0.41666666666666663,0.509904880550171,0.4616769267772846,0.125,0.0,18.141605283174204,20000352
SPT,9.212450235510003,8,0.6666666666666666,0.5255290636126706,0.6666666666666666,0.33333333333333337,0.5793523681121934,0.4524342918402766,0.14583333333333334,0.0,19.990428810655658,20000353
SPT,6.530806603031137,7,0.5833333333333334,0.44974220259900327,0.5833333333333334,0.41666666666666663,0.41990776874497876,0.4342495444994426,0.020833333333333332,0.0,15.712508496782286,20000354
SPT,10.544399532366702,9,0.75,0.6405016905952914,0.75,0.25,0.5774207520894638,0.4686547128979585,0.08333333333333333,0.0,21.013707419771208,20000355
SPT,9.285892147481386,8,0.6666666666666666,0.5373571873572922,0.75,0.33333333333333337,0.621727115320933,0.4779651122676498,0.14583333333333334,0.0,21.077858647594727,20000356
SPT,6.526591556927567,7,0.5833333333333334,0.4612342073440364,0.5833333333333334,0.41666666666666663,0.46871160236878956,0.5069851867918783,0.20833333333333334,0.0,16.590782520319262,20000357
SPT,14.621293428794017,11,0.9166666666666666,0.9094687318918627,0.9166666666666666,0.08333333333333337,0.6104884014372691,0.4307561084029244,0.0,0.0,22.809376464196525,20000358
SPT,13.083895857530386,10,0.8333333333333334,0.7267707823621701,0.8333333333333334,0.16666666666666663,0.6753752438026054,0.4492234412312767,0.10416666666666667,0.0,23.319864903419106,20000359
SPT,8.307993662313178,8,0.6666666666666666,0.4937178965529217,0.6666666666666666,0.33333333333333337,0.48740985859022135,0.4366783550044688,0.14583333333333334,0.0,17.232377525306457,20000360
SPT,5.317831265992074,6,0.5,0.36558605149743956,0.5833333333333334,0.5,0.5268283915726085,0.46128500055279487,0.16666666666666666,0.0,18.17254434173629,20000361
SPT,6.60928347553771,7,0.5833333333333334,0.4442297071585239,0.5833333333333334,0.41666666666666663,0.5127981113744166,0.5210402150219055,0.22916666666666666,0.0,16.630070557396518,20000362
SPT,1.1182941244157105,4,0.3333333333333333,0.2829878200646169,0.4166666666666667,0.6666666666666667,0.4227202645536927,0.570941863768839,0.4166666666666667,0.0,14.535161957559062,20000363
SPT,4.472531944336557,6,0.5,0.3522021678431081,0.5,0.5,0.3987756875887212,0.47527023480258057,0.16666666666666666,0.0,14.490235298954177,20000364
SPT,2.86977621372315,5,0.4166666666666667,0.34896325553819585,0.4166666666666667,0.5833333333333333,0.3474900272288335,0.4819777168009642,0.20833333333333334,0.0,12.39036349926886,20000365
SPT,6.078261749661827,6,0.5,0.42730496171449955,0.5833333333333334,0.5,0.5506193807142551,0.5260767383441401,0.2708333333333333,0.0,18.501788320113345,20000366
SPT,9.204225901820461,8,0.6666666666666666,0.48404816089635333,0.75,0.33333333333333337,0.5986256885241076,0.43089668810340803,0.14583333333333334,0.0,20.114317063362414,20000367
SPT,6.659282937262034,7,0.5833333333333334,0.4375693184533894,0.6666666666666666,0.41666666666666663,0.4718071073765094,0.45422841950702847,0.0625,0.0,16.801145491637705,20000368
SPT,7.095153749923747,7,0.5833333333333334,0.4616979616900563,0.5833333333333334,0.41666666666666663,0.5713447639192527,0.552778355597629,0.3333333333333333,0.0,18.24305249365312,20000369
SPT,3.6742864563591717,6,0.5,0.3243294530851052,0.5,0.5,0.3714712372471795,0.5001452167016723,0.2916666666666667,0.0,14.464248859319069,20000370
SPT,8.826773723047072,8,0.6666666666666666,0.5201977264341517,0.6666666666666666,0.33333333333333337,0.5574639437204355,0.5100094386062437,0.16666666666666666,0.0,19.260487324488754,20000371
SPT,4.810748146455174,6,0.5,0.37980313337746247,0.5,0.5,0.4535231845572345,0.5291045667084571,0.2708333333333333,0.0,15.712349117853014,20000372
SPT,12.324576387998109,10,0.8333333333333334,0.7042719922954915,0.8333333333333334,0.16666666666666663,0.5932509033252059,0.43839102441006056,0.16666666666666666,0.0,20.98753350243064,20000373
SPT,7.111858494423563,7,0.5833333333333334,0.45126794273393084,0.6666666666666666,0.41666666666666663,0.5588817909398791,0.4797987485601856,0.10416666666666667,0.0,19.82027788392906,20000374
SPT,9.860510221087157,8,0.6666666666666666,0.5558482135747256,0.75,0.33333333333333337,0.7115302855222332,0.47411942394804313,0.16666666666666666,0.0,23.013363996398756,20000375
SPT,8.267237723190014,8,0.6666666666666666,0.48973977486678333,0.6666666666666666,0.33333333333333337,0.4789645344525771,0.4265207996986493,0.0625,0.0,18.2224614955356,20000376
SPT,6.014905583086437,7,0.5833333333333334,0.39427511714178254,0.5833333333333334,0.41666666666666663,0.3985908323009571,0.4636332758981885,0.10416666666666667,0.0,14.6542114098529,20000377
SPT,5.67678829335622,6,0.5,0.3810055910976901,0.6666666666666666,0.5,0.5309070809753285,0.47046217120995243,0.10416666666666667,0.0,18.559753087407767,20000378
SPT,10.997300885109533,9,0.75,0.5814916690051282,0.8333333333333334,0.25,0.63527567052048,0.43762707985829435,0.125,0.0,21.60961667238222,20000379
SPT,10.668485130345182,9,0.75,0.5984155390833663,0.75,0.25,0.6237630611485766,0.47140935897224673,0.125,0.0,21.396331102086013,20000380
SPT,5.366337407552535,6,0.5,0.3494034568336468,0.5833333333333334,0.5,0.4954918453636454,0.46963463948004813,0.20833333333333334,0.0,16.66616401357867,20000381
SPT,12.94450692194796,10,0.8333333333333334,0.6813536295775539,0.9166666666666666,0.16666666666666663,0.719727433354613,0.4425730818378799,0.125,0.0,23.011185743740825,20000382
SPT,8.278628204111714,8,0.6666666666666666,0.5014081643506231,0.6666666666666666,0.33333333333333337,0.4849644462947032,0.48446142846916646,0.16666666666666666,0.0,17.34160718045386,20000383
SPT,7.399509852544716,7,0.5833333333333334,0.4555529053387176,0.6666666666666666,0.41666666666666663,0.5483809056481608,0.45203663641061986,0.16666666666666666,0.0,19.412891762845902,20000384
SPT,6.361447118242752,7,0.5833333333333334,0.3592972628664708,0.6666666666666666,0.41666666666666663,0.4804047559122408,0.4285976340915629,0.125,0.0,16.938949249384073,20000385
SPT,5.10681556378123,6,0.5,0.4174985372921428,0.5,0.5,0.4811260151636179,0.4964667044001385,0.1875,0.0,16.631155475384322,20000386
SPT,13.272040525368809,10,0.8333333333333334,0.7040582759570827,0.8333333333333334,0.16666666666666663,0.731142862337534,0.4475870553861169,0.14583333333333334,0.0,24.815390650071006,20000387
SPT,10.939515711523953,9,0.75,0.6416471817224616,0.8333333333333334,0.25,0.6683762048388631,0.46199443156070735,0.14583333333333334,0.0,23.264731648172596,20000388
SPT,13.492146945187036,10,0.8333333333333334,0.7295953109410926,0.8333333333333334,0.16666666666666663,0.7244934280038583,0.49987973773081484,0.22916666666666666,0.0,23.263706937550587,20000389
SPT,11.298886837533134,9,0.75,0.633914602783333,0.75,0.25,0.6509235456834627,0.4720219715272958,0.14583333333333334,0.0,22.295849603174528,20000390
SPT,10.708057503646575,9,0.75,0.6452056696549036,0.75,0.25,0.6197975986060343,0.5027819273683344,0.1875,0.0,21.382503912590792,20000391
SPT,9.413531174007149,8,0.6666666666666666,0.5378041102327873,0.75,0.33333333333333337,0.6392620792986258,0.4479990469375439,0.125,0.0,21.251592737979028,20000392
SPT,4.798343174304108,6,0.5,0.4025817764434497,0.5,0.5,0.48300224112492063,0.5356279000829195,0.22916666666666666,0.0,16.335510619443053,20000393
SPT,5.275506930446811,6,0.5,0.3868188125770908,0.5,0.5,0.5192251459922935,0.5088303821175153,0.2916666666666667,0.0,17.013311697869643,20000394
SPT,10.9396245951717,9,0.75,0.6128503798305939,0.75,0.25,0.6340075646032353,0.4892462208986645,0.1875,0.0,21.530169129615025,20000395
SPT,8.413289476688826,8,0.6666666666666666,0.5301042524779067,0.6666666666666666,0.33333333333333337,0.4205471819144002,0.43582268591556134,0.0,0.0,17.309523399946055,20000396
SPT,10.738840709482192,9,0.75,0.6257364847032089,0.8333333333333334,0.25,0.575272780932449,0.461816458702484,0.08333333333333333,0.0,21.216512197135597,20000397
SPT,10.35484639465896,9,0.75,0.5639039519462097,0.8333333333333334,0.25,0.5953769842746547,0.4370885214826807,0.08333333333333333,0.0,20.87151803311754,20000398
SPT,8.09019151262721,8,0.6666666666666666,0.4875341493856373,0.6666666666666666,0.33333333333333337,0.4603724327489112,0.47283837942617085,0.041666666666666664,0.0,17.233041128826777,20000399
SPT,6.5333715193379716,7,0.5833333333333334,0.45647154839607323,0.6666666666666666,0.41666666666666663,0.4689100839117685,0.47155202358919857,0.0625,0.0,16.74204206196188,20000400
SPT,7.355609592876677,7,0.5833333333333334,0.4890334577775028,0.5833333333333334,0.41666666666666663,0.4827391371670637,0.538377817378529,0.3541666666666667,0.0,17.70312296773164,20000401
SPT,2.738454816949142,5,0.4166666666666667,0.29485497814788536,0.4166666666666667,0.5833333333333333,0.4096150297541767,0.5039533192750211,0.25,0.0,14.091407017125572,20000402
SPT,5.070570043210816,6,0.5,0.4106384305238165,0.5,0.5,0.4739164256082467,0.5227461938433735,0.3333333333333333,0.0,16.07858534803724,20000403
SPT,6.418448020169537,7,0.5833333333333334,0.4471599224076285,0.5833333333333334,0.41666666666666663,0.4228694651981992,0.48802599691183124,0.0625,0.0,15.459851843618733,20000404
SPT,0.9300315921929498,4,0.3333333333333333,0.2837966855451839,0.3333333333333333,0.6666666666666667,0.30535720238054087,0.4844211892872365,0.125,0.0,11.988386703965032,20000405
SPT,11.17291360518182,9,0.75,0.6086274329806268,0.75,0.25,0.6714732648678811,0.5003368033870735,0.22916666666666666,0.0,21.43751082076655,20000406
SPT,11.229782388960095,9,0.75,0.6343936220375929,0.75,0.25,0.6533947226958253,0.4825075186719201,0.16666666666666666,0.0,21.645596207449195,20000407
SPT,4.328309253964076,6,0.5,0.3245574226313276,0.5833333333333334,0.5,0.4140310077193689,0.4505599413504158,0.1875,0.0,15.691731315422992,20000408
SPT,9.264986005999098,8,0.6666666666666666,0.5067151105727264,0.75,0.33333333333333337,0.6576353240710584,0.4909763473017308,0.20833333333333334,0.0,21.85243195224767,20000409
SPT,10.701368814194856,9,0.75,0.5995095388508235,0.75,0.25,0.6021651958346714,0.42118596973321115,0.10416666666666667,0.0,21.08153690273506,20000410
SPT,8.943422766409826,8,0.6666666666666666,0.5256967144648111,0.6666666666666666,0.33333333333333337,0.5265425222904252,0.4381629343887228,0.10416666666666667,0.0,19.21917026955976,20000411
SPT,5.154381043171713,6,0.5,0.4622350289761504,0.5,0.5,0.48030014962015594,0.5358122190622623,0.2708333333333333,0.0,16.661544315462418,20000412
SPT,6.871814465614596,7,0.5833333333333334,0.47419373813981497,0.6666666666666666,0.41666666666666663,0.48887735032806695,0.4636440316808123,0.10416666666666667,0.0,17.347777668945227,20000413
SPT,8.835458477636692,8,0.6666666666666666,0.5476523482521644,0.6666666666666666,0.33333333333333337,0.5292513168685392,0.4987669862209616,0.1875,0.0,18.307194761491118,20000414
SPT,11.099345319055399,9,0.75,0.608479560636881,0.75,0.25,0.6600049232845974,0.4720132390314298,0.14583333333333334,0.0,22.316679496287232,20000415
SPT,6.276088785760912,7,0.5833333333333334,0.42699717999841713,0.5833333333333334,0.41666666666666663,0.4945035425085713,0.4927457703843107,0.1875,0.0,16.987583403823063,20000416
SPT,8.51415464659219,8,0.6666666666666666,0.49279140572141156,0.6666666666666666,0.33333333333333337,0.5547494154388292,0.4690344136423237,0.14583333333333334,0.0,19.16316869625077,20000417
SPT,12.648916195134765,10,0.8333333333333334,0.7483886284983456,0.8333333333333334,0.16666666666666663,0.589574798210836,0.4217431465157599,0.041666666666666664,0.0,21.225881386861683,20000418
SPT,3.7907376427876236,6,0.5,0.29861331803801716,0.5,0.5,0.38227090299047745,0.5154694177256861,0.22916666666666666,0.0,13.177264654949836,20000419
SPT,12.585827956904856,10,0.8333333333333334,0.6947725173759026,0.8333333333333334,0.16666666666666663,0.6796596470874,0.4556551045278532,0.1875,0.0,22.660121051032977,20000420
SPT,0.5486694099297782,4,0.3333333333333333,0.27815851161575234,0.3333333333333333,0.6666666666666667,0.3682186075792018,0.5609399603706535,0.375,0.0,12.756983603871317,20000421
SPT,8.45081080591114,8,0.6666666666666666,0.4981063810021194,0.6666666666666666,0.33333333333333337,0.46783694052132824,0.42661053069696714,0.125,0.0,17.884922351091628,20000422
SPT,10.064683529620131,9,0.75,0.5745486926002403,0.75,0.25,0.5366780097491984,0.4304488496570027,0.0625,0.0,18.54846021918383,20000423
SPT,5.007710245057474,6,0.5,0.3682393060890271,0.5833333333333334,0.5,0.48850345650694366,0.48451287009802035,0.20833333333333334,0.0,17.076958850558366,20000424
SPT,2.67549305555681,5,0.4166666666666667,0.2624705458999091,0.5,0.5833333333333333,0.4135158781547354,0.48812285415975953,0.25,0.0,14.448390551048512,20000425
SPT,8.49471325334254,8,0.6666666666666666,0.49587549889096605,0.6666666666666666,0.33333333333333337,0.5961386838118737,0.4926281553083644,0.25,0.0,18.849267586495234,20000426
SPT,11.023338416648237,9,0.75,0.6268169727452524,0.75,0.25,0.6267517493165344,0.4687912279957536,0.1875,0.0,21.730373955301626,20000427
SPT,13.765393903995236,10,0.8333333333333334,0.7317906207525001,0.8333333333333334,0.16666666666666663,0.7100869032590845,0.4443125870933377,0.20833333333333334,0.0,24.493282015575573,20000428
SPT,10.484430455114055,9,0.75,0.5678122975403304,0.8333333333333334,0.25,0.6286067472293985,0.45255842066679935,0.08333333333333333,0.0,20.5303403364419,20000429
SPT,9.815948599914366,9,0.75,0.5516133599003091,0.75,0.25,0.5740061413023915,0.4635215483258617,0.10416666666666667,0.0,19.79731885415883,20000430
SPT,6.830250385770947,7,0.5833333333333334,0.457972078377264,0.5833333333333334,0.41666666666666663,0.4978710777342294,0.4580112153245781,0.14583333333333334,0.0,17.000743963327537,20000431
SPT,10.99834959911413,9,0.75,0.6506068270847556,0.75,0.25,0.6469311356989994,0.474984849747651,0.14583333333333334,0.0,22.228775788241702,20000432
SPT,7.112392355271473,7,0.5833333333333334,0.5027043533549648,0.5833333333333334,0.41666666666666663,0.5241769151032718,0.5301482222440003,0.25,0.0,17.15525820705019,20000433
SPT,8.641082371943597,8,0.6666666666666666,0.5159160907718634,0.6666666666666666,0.33333333333333337,0.5535289924061851,0.5086374417435637,0.16666666666666666,0.0,18.82018568438042,20000434
SPT,13.498641084379296,10,0.8333333333333334,0.7523544985120016,0.8333333333333334,0.16666666666666663,0.7223065998525904,0.47749268417305896,0.1875,0.0,24.250496998242077,20000435
SPT,12.920987770682434,10,0.8333333333333334,0.7038379920950366,0.8333333333333334,0.16666666666666663,0.6927105398347958,0.4353560593122358,0.125,0.0,23.12249857467414,20000436
SPT,10.695513260246928,9,0.75,0.6099524370845643,0.75,0.25,0.6335008445331848,0.4816465026655388,0.16666666666666666,0.0,21.05735793987447,20000437
SPT,3.9217515875798057,6,0.5,0.3075712273293847,0.5,0.5,0.32959098262297787,0.4530642281351461,0.16666666666666666,0.0,12.757629805077972,20000438
SPT,3.5490064746212022,5,0.4166666666666667,0.340795186458741,0.5,0.5833333333333333,0.44909469898932447,0.51983169569412,0.2916666666666667,0.0,15.15460454392561,20000439
SPT,9.823442147032218,9,0.75,0.6051829383398557,0.75,0.25,0.5160176392550185,0.44927412590085497,0.08333333333333333,0.0,18.62485557330196,20000440
SPT,1.838392030009436,5,0.4166666666666667,0.23841250264384306,0.4166666666666667,0.5833333333333333,0.3342957884511746,0.5104987727420804,0.2916666666666667,0.0,11.95260554837086,20000441
SPT,12.57590558975635,10,0.8333333333333334,0.6902001739106723,0.8333333333333334,0.16666666666666663,0.6568745262683163,0.4476043968496455,0.10416666666666667,0.0,21.816122614347705,20000442
SPT,9.823498428199203,8,0.6666666666666666,0.5447220484271117,0.75,0.33333333333333337,0.6784372015062189,0.5090920722796742,0.2708333333333333,0.0,22.007964454883552,20000443
SPT,4.960509039340035,6,0.5,0.3521542524881313,0.5833333333333334,0.5,0.45703344213957875,0.4854774143024813,0.25,0.0,16.401608566566352,20000444
SPT,6.74434427170206,7,0.5833333333333334,0.4036010283154215,0.5833333333333334,0.41666666666666663,0.5275878297225267,0.44913615997025724,0.20833333333333334,0.0,17.436093926375317,20000445
SPT,11.53511334508246,9,0.75,0.6392410417685618,0.75,0.25,0.626166068680806,0.4685634910781868,0.125,0.0,21.49322286141282,20000446
SPT,5.326417821551538,6,0.5,0.40019399645896475,0.5,0.5,0.5232630692543471,0.5395025363960327,0.3333333333333333,0.0,16.676661913242558,20000447
SPT,9.50696897896898,8,0.6666666666666666,0.5624634965385761,0.75,0.33333333333333337,0.6550155986408619,0.5092802617587656,0.22916666666666666,0.0,21.047273314293623,20000448
SPT,8.591485506678733,8,0.6666666666666666,0.4932881394615709,0.6666666666666666,0.33333333333333337,0.5401438794828503,0.41996921344444554,0.0625,0.0,18.119203345048017,20000449
SPT,7.522814574817867,7,0.5833333333333334,0.4395467848784124,0.6666666666666666,0.41666666666666663,0.6201386034185798,0.5417240402211853,0.3125,0.0,19.30951759669442,20000450
SPT,8.804481408083118,8,0.6666666666666666,0.4712663668551752,0.75,0.33333333333333337,0.5622970534404078,0.4636438623865156,0.1875,0.0,20.09554996046075,20000451
SPT,9.99922911285919,8,0.6666666666666666,0.5735882788802543,0.6666666666666666,0.33333333333333337,0.6533877740302995,0.5285127899361634,0.3125,0.0,21.340212818467904,20000452
SPT,2.5720663525347724,5,0.4166666666666667,0.31412740946259726,0.4166666666666667,0.5833333333333333,0.35750400984728065,0.5489670321198674,0.22916666666666666,0.0,12.636202701977767,20000453
SPT,8.481369409537784,8,0.6666666666666666,0.4868264941755349,0.6666666666666666,0.33333333333333337,0.5116231460282936,0.4891626103293043,0.14583333333333334,0.0,17.71370356808561,20000454
SPT,8.70385993182535,8,0.6666666666666666,0.5386932843562758,0.6666666666666666,0.33333333333333337,0.5704265124919575,0.49642862543753147,0.125,0.0,19.412423825151777,20000455
SPT,8.89408461825964,8,0.6666666666666666,0.5098879479335462,0.75,0.33333333333333337,0.5875137991629475,0.4797623744685917,0.16666666666666666,0.0,19.221382818273202,20000456
SPT,2.7234885664379793,5,0.4166666666666667,0.29944795854361067,0.4166666666666667,0.5833333333333333,0.4003209602001805,0.49018145711299477,0.2708333333333333,0.0,13.119076188128748,20000457
SPT,4.948563029875445,6,0.5,0.38957607753522033,0.5,0.5,0.49353061318875885,0.5737058837734645,0.3333333333333333,0.0,15.84825882751388,20000458
SPT,9.872690270545961,8,0.6666666666666666,0.5531869634785339,0.8333333333333334,0.33333333333333337,0.7160320672183266,0.516367899739388,0.22916666666666666,0.0,22.97402318949959,20000459
SPT,13.190729173149231,10,0.8333333333333334,0.7364602879579821,0.8333333333333334,0.16666666666666663,0.6482333061294444,0.4237682980578111,0.16666666666666666,0.0,21.9812880396554,20000460
SPT,9.48195922453556,8,0.6666666666666666,0.5367403725498399,0.6666666666666666,0.33333333333333337,0.6556574036779826,0.5091582573795317,0.2708333333333333,0.0,20.640536755998134,20000461
SPT,13.106142187715792,10,0.8333333333333334,0.7372620912027931,0.8333333333333334,0.16666666666666663,0.6835718241068399,0.48647444679216484,0.1875,0.0,23.39563960307338,20000462
SPT,7.640447390117732,7,0.5833333333333334,0.4645053178928758,0.6666666666666666,0.41666666666666663,0.5836597693628452,0.4821151802987633,0.22916666666666666,0.0,19.362144743126084,20000463
SPT,8.841509851312718,8,0.6666666666666666,0.5251989953600795,0.6666666666666666,0.33333333333333337,0.518828026541463,0.4442949307906912,0.020833333333333332,0.0,19.1992383637093,20000464
SPT,10.882020653902888,9,0.75,0.6320268809614144,0.75,0.25,0.5767736033811565,0.45760896550145497,0.14583333333333334,0.0,20.38849495856554,20000465
SPT,5.1527868210074965,6,0.5,0.43813609183307645,0.5,0.5,0.4010758602951718,0.47216210708607703,0.0625,0.0,15.877157933191471,20000466
SPT,8.888373776127919,8,0.6666666666666666,0.543358412865939,0.75,0.33333333333333337,0.5210601595437657,0.40329359285699434,0.041666666666666664,0.0,19.335973718315046,20000467
SPT,8.045792776655176,8,0.6666666666666666,0.47461511566519,0.6666666666666666,0.33333333333333337,0.49823179460677663,0.449000337581171,0.125,0.0,17.36864013991788,20000468
SPT,6.27280898791892,7,0.5833333333333334,0.42989781109554065,0.5833333333333334,0.41666666666666663,0.4300995462796459,0.49264162607144285,0.16666666666666666,0.0,15.884252815487756,20000469
SPT,8.374176269150194,8,0.6666666666666666,0.5236329384325143,0.75,0.33333333333333337,0.5349286241669032,0.4681504234630227,0.125,0.0,18.99562438187109,20000470
SPT,11.394165681029598,9,0.75,0.6450315493186644,0.75,0.25,0.6992810351315351,0.4953069191853566,0.1875,0.0,23.283420024072772,20000471
SPT,9.140097025799774,8,0.6666666666666666,0.5401938221113463,0.6666666666666666,0.33333333333333337,0.5552763653813891,0.45911814989161287,0.16666666666666666,0.0,18.616745440858306,20000472
SPT,12.873036320342184,10,0.8333333333333334,0.6990568540904074,0.8333333333333334,0.16666666666666663,0.6246482226851918,0.4368241465810996,0.08333333333333333,0.0,22.036762118939492,20000473
SPT,9.14508145663808,8,0.6666666666666666,0.5259530204595426,0.6666666666666666,0.33333333333333337,0.5994714062780656,0.4689018401528728,0.14583333333333334,0.0,20.047983272582314,20000474
SPT,11.472299436663286,9,0.75,0.6193171508359767,0.75,0.25,0.6451314539800543,0.47326155038764545,0.16666666666666666,0.0,21.16290075744336,20000475
SPT,8.579784213688345,8,0.6666666666666666,0.5989276836852466,0.6666666666666666,0.33333333333333337,0.5003804792497397,0.47652565012777703,0.041666666666666664,0.0,17.78919197628917,20000476
SPT,9.050985796486831,8,0.6666666666666666,0.5503867361263526,0.6666666666666666,0.33333333333333337,0.5295138876539086,0.47710256634952386,0.125,0.0,18.517188393915056,20000477
SPT,9.334986102545075,8,0.6666666666666666,0.5374153936228409,0.6666666666666666,0.33333333333333337,0.5992261685937924,0.4920907050815417,0.22916666666666666,0.0,20.83452021425382,20000478
SPT,4.830053051829117,6,0.5,0.3244896041678657,0.5833333333333334,0.5,0.46785014988317314,0.46365765776630985,0.16666666666666666,0.0,16.842620455502015,20000479
SPT,7.403280721712807,7,0.5833333333333334,0.426162996085342,0.6666666666666666,0.41666666666666663,0.6453458358082599,0.5297285812377323,0.3125,0.0,20.585847745479697,20000480
SPT,7.509473021266858,7,0.5833333333333334,0.4562035017548192,0.75,0.41666666666666663,0.5788029700768859,0.4022040584971373,0.0625,0.0,19.798248442361253,20000481
SPT,5.328245361968728,6,0.5,0.35774982456475724,0.5833333333333334,0.5,0.5261430698905526,0.5051300014601521,0.2708333333333333,0.0,17.847796545834417,20000482
SPT,9.328681316482818,8,0.6666666666666666,0.5482297706581079,0.75,0.33333333333333337,0.605034006768224,0.4245120388665446,0.08333333333333333,0.0,21.817094368981085,20000483
SPT,4.6936134422013165,6,0.5,0.38014790658711123,0.5,0.5,0.43418546860604623,0.5197988714929157,0.2708333333333333,0.0,14.868116740100723,20000484
SPT,6.321991570302301,7,0.5833333333333334,0.41825302107601486,0.5833333333333334,0.41666666666666663,0.39504135747510355,0.46372125224308897,0.20833333333333334,0.0,15.61648396161282,20000485
SPT,8.675614389482876,8,0.6666666666666666,0.5402573923527973,0.6666666666666666,0.33333333333333337,0.543542712036436,0.5000654989194405,0.1875,0.0,18.55214881085849,20000486
SPT,9.259952511742835,8,0.6666666666666666,0.5596575861450708,0.6666666666666666,0.33333333333333337,0.5844193844504617,0.4697312172556458,0.14583333333333334,0.0,20.775091134488118,20000487
SPT,9.09059844293095,8,0.6666666666666666,0.510122351395607,0.6666666666666666,0.33333333333333337,0.6004675127044418,0.4592642853342876,0.1875,0.0,20.152115751732005,20000488
SPT,6.680916912119261,7,0.5833333333333334,0.4253900179506222,0.5833333333333334,0.41666666666666663,0.503082010806423,0.4827333453869023,0.20833333333333334,0.0,17.427394766899184,20000489
SPT,8.346264649459517,8,0.6666666666666666,0.49147077428891034,0.6666666666666666,0.33333333333333337,0.5222359873699252,0.48045987966526854,0.10416666666666667,0.0,17.781116403611012,20000490
SPT,6.638982963651947,7,0.5833333333333334,0.42071075256805845,0.5833333333333334,0.41666666666666663,0.49872784462412856,0.5094953824231796,0.3125,0.0,16.76858061754657,20000491
SPT,9.181059307559309,8,0.6666666666666666,0.5315443141994275,0.75,0.33333333333333337,0.6088523727195296,0.5153530456912038,0.1875,0.0,20.201878614690905,20000492
SPT,2.9251734264604483,5,0.4166666666666667,0.251809307618552,0.5833333333333334,0.5833333333333333,0.44554598867094675,0.5074751241422177,0.1875,0.0,15.708280710178622,20000493
SPT,8.630232961978768,8,0.6666666666666666,0.543102024654278,0.6666666666666666,0.33333333333333337,0.5489988971893305,0.4751239993116618,0.14583333333333334,0.0,19.210563969699933,20000494
SPT,2.3191589553911487,5,0.4166666666666667,0.31622360169705294,0.4166666666666667,0.5833333333333333,0.36672110492247906,0.5125612075634308,0.2708333333333333,0.0,13.362527216947697,20000495
SPT,13.72747357415525,10,0.8333333333333334,0.7294936101257704,0.9166666666666666,0.16666666666666663,0.7430605698991172,0.4158522998584458,0.10416666666666667,0.0,25.22460320900296,20000496
SPT,8.145358713031266,8,0.6666666666666666,0.5197624548503046,0.6666666666666666,0.33333333333333337,0.46569654469776117,0.49563419924803825,0.14583333333333334,0.0,16.78807633450406,20000497
SPT,3.191763332540973,5,0.4166666666666667,0.2819848611817368,0.5833333333333334,0.5833333333333333,0.42980542290162277,0.47636591318345206,0.125,0.0,15.792796869421117,20000498
SPT,2.346633679464186,5,0.4166666666666667,0.34459453593491435,0.4166666666666667,0.5833333333333333,0.3755450082563318,0.5412565254292726,0.3125,0.0,14.006768619364056,20000499
Random,9.661351564885141,7,0.5833333333333334,0.48446329311030156,0.6666666666666666,0.41666666666666663,0.8861065007341938,0.1585493921764887,0.0,0.3958333333333333,20.803500792487583,20000000
Random,11.880489098133303,8,0.6666666666666666,0.6133739754706738,0.75,0.33333333333333337,0.8884478717139922,0.20975654433473925,0.0,0.2916666666666667,23.441334624077424,20000001
Random,7.89711364706209,6,0.5,0.45054202592799897,0.75,0.5,0.8638844119541357,0.3232648554933761,0.0,0.1875,24.117893511574543,20000002
Random,9.559328219352164,7,0.5833333333333334,0.5000920206791998,0.6666666666666666,0.41666666666666663,0.8758762492373787,0.1659648712761521,0.0,0.3541666666666667,22.45702223678679,20000003
Random,8.685526721557068,7,0.5833333333333334,0.565817671819846,0.5833333333333334,0.41666666666666663,0.7447548610932007,0.24624845460547637,0.0,0.2916666666666667,18.89126994650907,20000004
Random,7.012622616678048,5,0.4166666666666667,0.4142513103132267,0.6666666666666666,0.5833333333333333,0.8792853959912111,0.1669829248629171,0.0,0.3958333333333333,20.478795671839453,20000005
Random,6.063919856451985,5,0.4166666666666667,0.2945222342219214,0.5833333333333334,0.5833333333333333,0.8742296332344447,0.16862664919794226,0.0,0.3958333333333333,19.46056974269972,20000006
Random,6.26619370294332,5,0.4166666666666667,0.38356457423293555,0.5833333333333334,0.5833333333333333,0.8490439866052767,0.22075249103723737,0.0,0.3333333333333333,21.218967187411444,20000007
Random,6.1059903139087615,5,0.4166666666666667,0.32654892069656793,0.5833333333333334,0.5833333333333333,0.8296481315767282,0.19945976491964976,0.0,0.3125,21.76521352951034,20000008
Random,6.9994122248223505,5,0.4166666666666667,0.5138213481761261,0.5833333333333334,0.5833333333333333,0.8612444150407637,0.18467794689086828,0.0,0.3958333333333333,19.55607912500378,20000009
Random,9.71355780874366,7,0.5833333333333334,0.45939405104230174,0.6666666666666666,0.41666666666666663,0.8543645237405197,0.17987743694212802,0.0,0.3125,21.734313796894355,20000010
Random,11.216058672526128,8,0.6666666666666666,0.6703578790017298,0.6666666666666666,0.33333333333333337,0.8579236783322481,0.18742656855403098,0.0,0.3541666666666667,20.732742309202035,20000011
Random,9.478771252421886,7,0.5833333333333334,0.41664933218212863,0.75,0.41666666666666663,0.8915151526929069,0.17191861635229136,0.0,0.3333333333333333,22.015928151827293,20000012
Random,9.66931460025123,7,0.5833333333333334,0.5683474644918488,0.6666666666666666,0.41666666666666663,0.7966013506699076,0.2688842967106045,0.0,0.22916666666666666,22.892825910419024,20000013
Random,6.816531661324801,5,0.4166666666666667,0.48887334633228735,0.6666666666666666,0.5833333333333333,0.8148487821809356,0.2746887871633772,0.0,0.2708333333333333,22.21553693031958,20000014
Random,13.3495289254011,9,0.75,0.6592060311890503,0.75,0.25,0.907323208811912,0.22754888092141715,0.0,0.2708333333333333,24.514776147451826,20000015
Random,6.591611135656228,5,0.4166666666666667,0.4899491480569273,0.6666666666666666,0.5833333333333333,0.8007402238817128,0.24507003407553105,0.0,0.2916666666666667,21.247462776116095,20000016
Random,11.07023638513748,8,0.6666666666666666,0.5864299824734205,0.75,0.33333333333333337,0.8169054776081414,0.22468046242014883,0.0,0.3125,20.28263513967659,20000017
Random,8.525112564726037,6,0.5,0.4653285210056405,0.5833333333333334,0.5,0.8884781793637405,0.2249405271296497,0.0,0.3541666666666667,22.08313044458218,20000018
Random,13.495286253644394,9,0.75,0.6176553370937907,0.8333333333333334,0.25,0.9124514625958433,0.1571095778114906,0.0,0.3541666666666667,22.295031016913764,20000019
Random,9.503834640021678,7,0.5833333333333334,0.5453039458487206,0.5833333333333334,0.41666666666666663,0.8596915704222866,0.21708428490077658,0.0,0.3333333333333333,21.079910108933536,20000020
Random,10.28344557405315,7,0.5833333333333334,0.6219409684896582,0.75,0.41666666666666663,0.8713472191528057,0.15967889414859665,0.0,0.3333333333333333,21.69381242225909,20000021
Random,5.172251387109831,5,0.4166666666666667,0.2661431386980199,0.6666666666666666,0.5833333333333333,0.7254194514695662,0.2656741654627521,0.0,0.20833333333333334,20.306564796706443,20000022
Random,8.104404879507884,6,0.5,0.482353918221595,0.5833333333333334,0.5,0.8532881344759877,0.18228086999661994,0.0,0.375,20.212542901368163,20000023
Random,13.363096797339908,9,0.75,0.6800745057692189,0.75,0.25,0.8893147179474349,0.1956521585291672,0.0,0.3333333333333333,21.564384736325582,20000024
Random,6.303501381703929,5,0.4166666666666667,0.3847146909738625,0.5,0.5833333333333333,0.8831600120086586,0.17558602946261267,0.0,0.4375,18.839211481495326,20000025
Random,9.117149660214142,7,0.5833333333333334,0.6694935254759234,0.75,0.41666666666666663,0.7126618669145874,0.4073740008593358,0.0,0.14583333333333334,21.21121514059407,20000026
Random,13.414296733531536,9,0.75,0.7607200849142444,0.75,0.25,0.8393424219544866,0.23396703552752654,0.0,0.2916666666666667,21.557291728432226,20000027
Random,6.987527739102183,5,0.4166666666666667,0.532646242120963,0.75,0.5833333333333333,0.8348002566149132,0.23641880790673211,0.0,0.2708333333333333,22.40634024049994,20000028
Random,8.363501782020075,6,0.5,0.49304196981529225,0.75,0.5,0.8329749257688818,0.19063659568876146,0.0,0.3125,22.16689506490817,20000029
Random,6.149480972924915,5,0.4166666666666667,0.3921240071029139,0.5,0.5833333333333333,0.7730848506848247,0.27080505721350195,0.0,0.3125,18.16312024701226,20000030
Random,9.95227315794026,7,0.5833333333333334,0.5893819045365803,0.5833333333333334,0.41666666666666663,0.8467527359570601,0.21994293753056238,0.0,0.3125,20.798983428637747,20000031
Random,11.398448440871617,8,0.6666666666666666,0.5428556821446905,0.75,0.33333333333333337,0.8800694166238241,0.20635863791381662,0.0,0.3125,21.581361219486627,20000032
Random,6.144726291453187,5,0.4166666666666667,0.26241291302531733,0.6666666666666666,0.5833333333333333,0.8958298719659482,0.16670674499280227,0.0,0.3958333333333333,19.316928620741123,20000033
Random,9.901640920200194,7,0.5833333333333334,0.47394719161501864,0.75,0.41666666666666663,0.8363917075419574,0.19686791710406992,0.0,0.2916666666666667,23.264663684840308,20000034
Random,6.513857314369679,5,0.4166666666666667,0.4380850915586342,0.5833333333333334,0.5833333333333333,0.8588559217329927,0.20149263826958286,0.0,0.375,19.484667702681882,20000035
Random,11.352078633482433,8,0.6666666666666666,0.7118994180604955,0.75,0.33333333333333337,0.8466924318852498,0.19216716772615916,0.0,0.2916666666666667,21.69079176461313,20000036
Random,6.681624002265525,5,0.4166666666666667,0.2981232725221208,0.75,0.5833333333333333,0.8871572080342794,0.21962753104450305,0.0,0.2916666666666667,23.254822561565167,20000037
Random,11.240990103305178,8,0.6666666666666666,0.6436299349207799,0.75,0.33333333333333337,0.7952981047497446,0.29170147623546416,0.0,0.20833333333333334,23.093398007809196,20000038
Random,4.620533541903875,4,0.3333333333333333,0.2770667099992227,0.5833333333333334,0.6666666666666667,0.8769857361986532,0.17343833228383496,0.0,0.3541666666666667,21.98578238010789,20000039
Random,2.9185731392005425,3,0.25,0.21224422830998427,0.5,0.75,0.8572193786045377,0.16191276343820374,0.0,0.4166666666666667,17.840994474520954,20000040
Random,10.05749025391587,7,0.5833333333333334,0.44978814627258956,0.75,0.41666666666666663,0.9053810444631969,0.15557046950668565,0.0,0.3541666666666667,22.34448318121742,20000041
Random,11.800358038399999,8,0.6666666666666666,0.6026966400792778,0.75,0.33333333333333337,0.8838797791109979,0.1875015082418754,0.0,0.3333333333333333,21.977502449972583,20000042
Random,12.876710016834672,9,0.75,0.6479253082223488,0.75,0.25,0.846502999680571,0.18666527887903625,0.0,0.2916666666666667,21.858157172658444,20000043
Random,7.137010444837269,5,0.4166666666666667,0.48061686289087047,0.6666666666666666,0.5833333333333333,0.8555517896440342,0.23097032092146605,0.0,0.2916666666666667,22.32039080485816,20000044
Random,9.438966438796458,7,0.5833333333333334,0.5443274502821023,0.5833333333333334,0.41666666666666663,0.7462084653171589,0.2796374733944779,0.0,0.25,19.748649982219668,20000045
Random,7.515561509112438,6,0.5,0.36507702417126947,0.6666666666666666,0.5,0.7964045368538972,0.24647157535950448,0.0,0.2708333333333333,20.578183722839324,20000046
Random,11.33759519241325,8,0.6666666666666666,0.7042941158824352,0.6666666666666666,0.33333333333333337,0.8738080998731125,0.17357389093561681,0.0,0.3541666666666667,21.426266118841056,20000047
Random,4.533402452321901,4,0.3333333333333333,0.31262895419021225,0.6666666666666666,0.6666666666666667,0.7851638153281536,0.25294920511669217,0.0,0.2708333333333333,21.23018975175649,20000048
Random,8.347583250451542,6,0.5,0.5824664614604065,0.6666666666666666,0.5,0.8403037846642766,0.2324441065485594,0.0,0.2708333333333333,22.46826823777611,20000049
Random,9.19297176991861,7,0.5833333333333334,0.3670131948930864,0.8333333333333334,0.41666666666666663,0.8186684378356898,0.2487471912503411,0.0,0.22916666666666666,23.026719860731745,20000050
Random,10.049710321388591,7,0.5833333333333334,0.45046884416621147,0.75,0.41666666666666663,0.889376208246647,0.1602423042501663,0.0,0.375,21.735914044444005,20000051
Random,6.078587934526265,5,0.4166666666666667,0.31553596047001564,0.6666666666666666,0.5833333333333333,0.8607093304907304,0.22483546663361012,0.0,0.3333333333333333,21.28293748218613,20000052
Random,11.59765154775078,8,0.6666666666666666,0.5384360423848504,0.8333333333333334,0.33333333333333337,0.8652721250199426,0.20124762435207053,0.0,0.2916666666666667,22.99281171136196,20000053
Random,13.358116080913113,9,0.75,0.6838186225832273,0.75,0.25,0.8798542652686078,0.2008132332126694,0.0,0.2916666666666667,23.24890547185101,20000054
Random,7.731027132713852,6,0.5,0.3462483444431151,0.6666666666666666,0.5,0.8899658401646415,0.14648438861105964,0.0,0.4166666666666667,20.338593585138117,20000055
Random,9.617102073914568,7,0.5833333333333334,0.5941385570332512,0.6666666666666666,0.41666666666666663,0.8097409808358158,0.2622384408089122,0.0,0.2708333333333333,20.956522573738063,20000056
Random,8.49768746180918,6,0.5,0.4049717539914575,0.6666666666666666,0.5,0.8368538006006864,0.2276673556702987,0.0,0.3333333333333333,21.534852964682123,20000057
Random,7.900149442348045,6,0.5,0.5431814320695206,0.5833333333333334,0.5,0.8030508032851297,0.22514595443190286,0.0,0.2916666666666667,21.262833817713602,20000058
Random,10.38576456387513,7,0.5833333333333334,0.5503261566996978,0.6666666666666666,0.41666666666666663,0.847471162104616,0.2560416892373841,0.0,0.2708333333333333,24.238547330563584,20000059
Random,10.302562858499615,7,0.5833333333333334,0.5193950952396551,0.75,0.41666666666666663,0.8991029987674665,0.16311697721690757,0.0,0.3541666666666667,21.045337491744636,20000060
Random,7.944291065098264,6,0.5,0.4099997964945376,0.5833333333333334,0.5,0.8516467145573184,0.21028962776530605,0.0,0.3333333333333333,20.595841336993875,20000061
Random,5.6638945120644095,4,0.3333333333333333,0.418585280557585,0.5833333333333334,0.6666666666666667,0.8808195938655464,0.21337904521636522,0.0,0.3541666666666667,20.923489592294448,20000062
Random,8.17488209951143,6,0.5,0.4468822366664721,0.5833333333333334,0.5,0.8491777686356397,0.17367251695316957,0.0,0.375,20.077284586970375,20000063
Random,11.32121162437734,8,0.6666666666666666,0.5017377520643657,0.75,0.33333333333333337,0.9000828074313997,0.13571917137450293,0.0,0.3958333333333333,21.356810574519024,20000064
Random,8.099159017890026,6,0.5,0.3491002544272489,0.75,0.5,0.8556707835400702,0.21080850392021602,0.0,0.2916666666666667,22.563076250348786,20000065
Random,9.730672503115583,7,0.5833333333333334,0.48976102843085717,0.5833333333333334,0.41666666666666663,0.9004670183763043,0.14338755648098533,0.0,0.4583333333333333,18.656983860644157,20000066
Random,8.427439231303692,6,0.5,0.45364547512794484,0.75,0.5,0.8759349227476011,0.2339504317309511,0.0,0.2916666666666667,22.49151380388659,20000067
Random,8.403793924278721,6,0.5,0.41924800019780334,0.6666666666666666,0.5,0.8630754326238445,0.19861591311806115,0.0,0.3125,22.708614779397724,20000068
Random,5.644851319581265,4,0.3333333333333333,0.4614842050677962,0.6666666666666666,0.6666666666666667,0.9093353602165438,0.18041783413898868,0.0,0.3958333333333333,21.08960015938862,20000069
Random,10.194874346001846,7,0.5833333333333334,0.5551120734034208,0.6666666666666666,0.41666666666666663,0.8966027913375223,0.19072598294415247,0.0,0.3333333333333333,21.554897333371287,20000070
Random,7.87069876592605,6,0.5,0.45367974884389584,0.5833333333333334,0.5,0.8256525833555077,0.2357893067887853,0.0,0.3125,20.946888492018367,20000071
Random,10.645876402999855,7,0.5833333333333334,0.661745028052563,0.75,0.41666666666666663,0.8683685877760206,0.1804121699978456,0.0,0.3333333333333333,21.302437335887294,20000072
Random,9.94132458092272,7,0.5833333333333334,0.5833410978883462,0.6666666666666666,0.41666666666666663,0.8255608570814088,0.24873981046041016,0.0,0.2708333333333333,22.196948288255964,20000073
Random,3.5695169717802298,3,0.25,0.3381295474692165,0.5,0.75,0.8898248284794722,0.15020001150516263,0.0,0.4583333333333333,18.194418876916988,20000074
Random,6.834388732621188,5,0.4166666666666667,0.34366785275190903,0.6666666666666666,0.5833333333333333,0.8627634605863997,0.206623803045315,0.0,0.3125,22.34985247561279,20000075
Random,6.50692497577309,5,0.4166666666666667,0.31693613055005315,0.5833333333333334,0.5833333333333333,0.8872205544470373,0.14554412493162042,0.0,0.4375,19.260514391249192,20000076
Random,17.323446192345315,11,0.9166666666666666,0.8528703519891024,0.9166666666666666,0.08333333333333337,0.8962301806871009,0.19207842912999049,0.0,0.2916666666666667,24.986175546300583,20000077
Random,15.35537650606559,10,0.8333333333333334,0.7593990630868832,0.8333333333333334,0.16666666666666663,0.8564150350979354,0.18062727202059747,0.0,0.2916666666666667,22.917478318823523,20000078
Random,7.386908074120182,6,0.5,0.37160583686138793,0.5833333333333334,0.5,0.8792089337885861,0.17015620663900835,0.0,0.3958333333333333,19.47433447786284,20000079
Random,4.918862280310485,4,0.3333333333333333,0.36929591299296544,0.5,0.6666666666666667,0.8829612799907114,0.21654632921384787,0.0,0.375,20.317923762184837,20000080
Random,6.412636996430531,5,0.4166666666666667,0.348201539015662,0.5833333333333334,0.5833333333333333,0.8316708968168193,0.1945856041662383,0.0,0.375,19.21356284009069,20000081
Random,14.08856929559075,9,0.75,0.7833072947351879,0.8333333333333334,0.25,0.903069607077386,0.1699704026069456,0.0,0.3125,24.07429226630726,20000082
Random,2.92289477639426,3,0.25,0.34343773325370736,0.5833333333333334,0.75,0.782505613185954,0.30155461488411495,0.0,0.25,21.379527799663737,20000083
Random,6.590023220142788,5,0.4166666666666667,0.40754952305933906,0.6666666666666666,0.5833333333333333,0.8412915581611408,0.2042280801352749,0.0,0.3333333333333333,20.749985280179764,20000084
Random,6.290711880787715,5,0.4166666666666667,0.3269120066037267,0.5833333333333334,0.5833333333333333,0.9015627396413247,0.18022867903827777,0.0,0.3958333333333333,20.089526654074106,20000085
Random,12.161403115557224,8,0.6666666666666666,0.6279436868073205,0.75,0.33333333333333337,0.88568752439037,0.2270673179563767,0.0,0.2916666666666667,22.5154076598148,20000086
Random,8.120385401508251,6,0.5,0.40445823477552817,0.6666666666666666,0.5,0.888206301511468,0.18585407842369026,0.0,0.3541666666666667,22.76232965833552,20000087
Random,9.736678707373182,7,0.5833333333333334,0.4496734826308494,0.5833333333333334,0.41666666666666663,0.9216399506416822,0.12578821157742515,0.0,0.4791666666666667,18.64859653787399,20000088
Random,11.843681593734724,8,0.6666666666666666,0.7520645153252935,0.6666666666666666,0.33333333333333337,0.8199120080018929,0.20331800621445242,0.0,0.3125,22.632714018971285,20000089
Random,4.808945164393856,4,0.3333333333333333,0.3183756812714785,0.5833333333333334,0.6666666666666667,0.8761576996068193,0.12989560467062464,0.0,0.4791666666666667,17.408062812679518,20000090
Random,11.362589981715077,8,0.6666666666666666,0.6327690003381001,0.6666666666666666,0.33333333333333337,0.8567820755872377,0.21894329759359696,0.0,0.3125,22.189471113085233,20000091
Random,10.227147592891923,7,0.5833333333333334,0.5012097827396363,0.6666666666666666,0.41666666666666663,0.8694350602990347,0.21983184182954849,0.0,0.3333333333333333,21.74052393528637,20000092
Random,9.954525012817099,7,0.5833333333333334,0.6524417390907025,0.6666666666666666,0.41666666666666663,0.8097641121614253,0.19748901988627288,0.0,0.2916666666666667,20.838074022159535,20000093
Random,4.795607686817976,4,0.3333333333333333,0.2967021414878477,0.6666666666666666,0.6666666666666667,0.8652850843663172,0.1535828512227804,0.0,0.3958333333333333,19.705776617961664,20000094
Random,9.029981777467421,7,0.5833333333333334,0.4853188576071651,0.5833333333333334,0.41666666666666663,0.7811154004157217,0.3110688423579755,0.0,0.2916666666666667,19.622282967604885,20000095
Random,4.747221017718699,4,0.3333333333333333,0.4350269323767605,0.6666666666666666,0.6666666666666667,0.7888516690075497,0.33139719726742506,0.0,0.16666666666666666,23.075809029213186,20000096
Random,4.90299016967353,4,0.3333333333333333,0.278263797339211,0.6666666666666666,0.6666666666666667,0.8395907253753393,0.2068023189963243,0.0,0.2916666666666667,22.053215443223692,20000097
Random,8.134261555092847,6,0.5,0.4070663422965187,0.6666666666666666,0.5,0.8598317185933321,0.20533670126960135,0.0,0.3125,21.899039886602395,20000098
Random,10.038773598248872,7,0.5833333333333334,0.5396168275598265,0.6666666666666666,0.41666666666666663,0.9051796237058776,0.13775341454574283,0.0,0.4166666666666667,21.190017903644954,20000099
Random,7.935019318147522,6,0.5,0.43649977855425026,0.5833333333333334,0.5,0.8733552047925809,0.16579651768133521,0.0,0.3958333333333333,20.468199015967095,20000100
Random,7.85319437044817,6,0.5,0.33156944191691645,0.6666666666666666,0.5,0.8774454954959471,0.1799795124036863,0.0,0.3541666666666667,20.92577110570264,20000101
Random,14.271748409861672,10,0.8333333333333334,0.7285235683870515,0.8333333333333334,0.16666666666666663,0.7777863503110276,0.2713090932190633,0.0,0.16666666666666666,23.792975506953734,20000102
Random,9.81139449765172,7,0.5833333333333334,0.5557711324029487,0.5833333333333334,0.41666666666666663,0.8681135672026982,0.14357187144475989,0.0,0.3958333333333333,19.97439073514178,20000103
Random,7.779890172307187,6,0.5,0.4485597476481547,0.5833333333333334,0.5,0.8450409910993907,0.20162559994954807,0.0,0.3333333333333333,22.462969524433174,20000104
Random,6.5607502339310795,5,0.4166666666666667,0.5037837538682938,0.5833333333333334,0.5833333333333333,0.8897468753960366,0.16253720146141654,0.0,0.4375,18.742998114633426,20000105
Random,6.1749953847884615,5,0.4166666666666667,0.32078388035506056,0.5833333333333334,0.5833333333333333,0.8770943745271668,0.16696888913641975,0.0,0.3958333333333333,20.08209174048154,20000106
Random,11.33423161872285,8,0.6666666666666666,0.6085488075559059,0.75,0.33333333333333337,0.8461260639010387,0.22239837810901086,0.0,0.3125,21.367038696669404,20000107
Random,6.665089913908728,5,0.4166666666666667,0.509566509782286,0.6666666666666666,0.5833333333333333,0.8484147013881582,0.22702764305235057,0.0,0.3333333333333333,21.2344084616561,20000108
Random,3.944046046505556,4,0.3333333333333333,0.23848427414401957,0.5833333333333334,0.6666666666666667,0.7717781856541205,0.30092790803549746,0.0,0.25,19.90295360776492,20000109
Random,8.107781886227981,6,0.5,0.4546980936780484,0.5833333333333334,0.5,0.8720770180551151,0.19751738866480253,0.0,0.3125,22.086231305479178,20000110
Random,7.703443068256276,6,0.5,0.4147911444066214,0.6666666666666666,0.5,0.8010821499591986,0.2367395238501396,0.0,0.2708333333333333,21.235262705742194,20000111
Random,12.427881882227759,8,0.6666666666666666,0.6532964488848012,0.6666666666666666,0.33333333333333337,0.8756946136951539,0.2776447803146738,0.0,0.25,25.096170907150555,20000112
Random,6.030319859296764,5,0.4166666666666667,0.43690742269605964,0.5833333333333334,0.5833333333333333,0.8091407719768551,0.2004159478947248,0.0,0.3333333333333333,20.196523026779296,20000113
Random,6.167959781108498,5,0.4166666666666667,0.3859417418854139,0.5,0.5833333333333333,0.850167560651681,0.1847213130007206,0.0,0.3958333333333333,19.487678449531305,20000114
Random,8.184450209176973,6,0.5,0.4029699925190053,0.75,0.5,0.8530341682365509,0.283222628979635,0.0,0.22916666666666666,23.44759867263418,20000115
Random,6.927271914222261,5,0.4166666666666667,0.41648874852943657,0.75,0.5833333333333333,0.8843850766132898,0.18183811629747745,0.0,0.3333333333333333,22.891722918104662,20000116
Random,5.909007802075631,5,0.4166666666666667,0.4431000187676526,0.5833333333333334,0.5833333333333333,0.793009985084263,0.2751561786021769,0.0,0.2916666666666667,20.81901251335659,20000117
Random,4.7600325483282235,4,0.3333333333333333,0.3255644601062429,0.6666666666666666,0.6666666666666667,0.8180307314921725,0.24609119405794957,0.0,0.2708333333333333,21.39432932418771,20000118
Random,8.364897543521545,6,0.5,0.4171918664435551,0.6666666666666666,0.5,0.8652537840299407,0.20220766960386483,0.0,0.3125,22.487189760545593,20000119
Random,9.66200110171861,7,0.5833333333333334,0.4482034387007302,0.75,0.41666666666666663,0.8552134676137939,0.2663433246164079,0.0,0.20833333333333334,24.813162659822723,20000120
Random,2.516868850471348,3,0.25,0.27531229810818864,0.5,0.75,0.7570770563244918,0.27028651657529346,0.0,0.2916666666666667,18.76815118530821,20000121
Random,10.108429514018098,7,0.5833333333333334,0.5018473263412675,0.75,0.41666666666666663,0.8434543608608897,0.19013548147331014,0.0,0.3125,21.73342041916183,20000122
Random,6.560921788738604,5,0.4166666666666667,0.49194478540358316,0.5833333333333334,0.5833333333333333,0.8914879678135135,0.1768615025787783,0.0,0.375,20.484835929714617,20000123
Random,9.131110212492313,7,0.5833333333333334,0.5452344955788947,0.5833333333333334,0.41666666666666663,0.8804120080177779,0.18462649486012847,0.0,0.3958333333333333,20.061805938478383,20000124
Random,8.159085357706973,6,0.5,0.5880237242435677,0.6666666666666666,0.5,0.8310846006412262,0.2688683758062426,0.0,0.25,22.43042069568464,20000125
Random,7.893017677613442,6,0.5,0.45299991094031106,0.5833333333333334,0.5,0.8003228613297448,0.23788546761220922,0.0,0.2916666666666667,20.373839101135562,20000126
Random,9.88218363272584,7,0.5833333333333334,0.5150129816705135,0.6666666666666666,0.41666666666666663,0.8539901772967857,0.22452276728398135,0.0,0.2916666666666667,22.357113066001496,20000127
Random,7.790473239519508,6,0.5,0.402692637789045,0.75,0.5,0.8380707079668109,0.18809613897160785,0.0,0.3333333333333333,20.86571387913897,20000128
Random,10.257200189503171,7,0.5833333333333334,0.5899871773728865,0.6666666666666666,0.41666666666666663,0.8531486960465644,0.20226591301220656,0.0,0.3541666666666667,21.31811203789045,20000129
Random,6.2783596741299075,5,0.4166666666666667,0.42381638619025713,0.5833333333333334,0.5833333333333333,0.859728162036521,0.20784935435759566,0.0,0.3333333333333333,20.988947187344376,20000130
Random,8.662611182286005,6,0.5,0.4860793184359404,0.6666666666666666,0.5,0.8592594771985237,0.22783354824624893,0.0,0.2916666666666667,22.811690744045528,20000131
Random,9.700816722563836,7,0.5833333333333334,0.4819526247337425,0.75,0.41666666666666663,0.8204341101503982,0.20275822924117137,0.0,0.2708333333333333,23.194410620967346,20000132
Random,8.479798908171112,6,0.5,0.5515121329027375,0.6666666666666666,0.5,0.8742281817993293,0.1387223412770936,0.0,0.375,20.46621511944184,20000133
Random,9.456483962095632,7,0.5833333333333334,0.44757559850317363,0.6666666666666666,0.41666666666666663,0.8717924127582499,0.15025720417968813,0.0,0.375,21.185002004821413,20000134
Random,8.289217283370911,6,0.5,0.40603988917509953,0.6666666666666666,0.5,0.9233059657195711,0.16180480102958483,0.0,0.3958333333333333,20.08401580801715,20000135
Random,6.333880580244347,5,0.4166666666666667,0.4585700972857658,0.5,0.5833333333333333,0.8868577057539184,0.175648169102841,0.0,0.4583333333333333,17.570074942307656,20000136
Random,11.966565812121036,8,0.6666666666666666,0.6312110627981988,0.8333333333333334,0.33333333333333337,0.8282164482208675,0.23301670752422313,0.0,0.22916666666666666,22.976780523953355,20000137
Random,4.862184824692177,4,0.3333333333333333,0.3731971054447636,0.5833333333333334,0.6666666666666667,0.8184182487460947,0.22841203342552988,0.0,0.3125,20.58856614514839,20000138
Random,6.295262095112683,5,0.4166666666666667,0.4787484074711345,0.5833333333333334,0.5833333333333333,0.7996402292276293,0.23596954280516355,0.0,0.2708333333333333,21.839413038156387,20000139
Random,5.299247796330842,4,0.3333333333333333,0.4662235130200691,0.75,0.6666666666666667,0.820219625859765,0.21222642397134073,0.0,0.3125,20.326419762864493,20000140
Random,9.917256459731,7,0.5833333333333334,0.4699278810590689,0.6666666666666666,0.41666666666666663,0.8600548096326692,0.19941359486375695,0.0,0.3125,22.0495131002427,20000141
Random,9.988504084609382,7,0.5833333333333334,0.5645008374497199,0.6666666666666666,0.41666666666666663,0.8067662000494513,0.23251047749646628,0.0,0.3125,21.5377664810147,20000142
Random,7.894732071167626,6,0.5,0.3867437835695187,0.5833333333333334,0.5,0.8417497267483611,0.20380760461267358,0.0,0.3333333333333333,20.9097131978377,20000143
Random,11.954787982413837,8,0.6666666666666666,0.6501171949880544,0.75,0.33333333333333337,0.8833077989746978,0.21252009636409105,0.0,0.2916666666666667,23.645624257752328,20000144
Random,12.188240691713837,8,0.6666666666666666,0.763215129715453,0.6666666666666666,0.33333333333333337,0.8548876760764758,0.21647429973150614,0.0,0.3125,22.43135208412873,20000145
Random,6.345820780111292,5,0.4166666666666667,0.33457122488285884,0.6666666666666666,0.5833333333333333,0.8263766863358457,0.20632475702307382,0.0,0.3125,21.885688841162363,20000146
Random,9.814376065613194,7,0.5833333333333334,0.5601362413815392,0.6666666666666666,0.41666666666666663,0.8528888413547483,0.17286200991517275,0.0,0.3541666666666667,22.50129633464228,20000147
Random,9.923317366430558,7,0.5833333333333334,0.5233230201559897,0.6666666666666666,0.41666666666666663,0.8462270538404063,0.2079538144907865,0.0,0.3333333333333333,20.429879828613053,20000148
Random,6.661348339674129,5,0.4166666666666667,0.3697832892623031,0.6666666666666666,0.5833333333333333,0.8905149159388707,0.19996280214885612,0.0,0.3333333333333333,22.838719620456413,20000149
Random,3.164286418413561,3,0.25,0.23289593712249804,0.5833333333333334,0.75,0.8810455806554124,0.12703776484230866,0.0,0.4791666666666667,17.796415366599756,20000150
Random,11.501876194036749,8,0.6666666666666666,0.6942043473422743,0.6666666666666666,0.33333333333333337,0.8701627650694087,0.17840520504048965,0.0,0.3333333333333333,21.01263249907707,20000151
Random,7.857609720863188,6,0.5,0.41360853002238157,0.6666666666666666,0.5,0.8150903579474585,0.2591552349718926,0.0,0.2916666666666667,20.21035010029532,20000152
Random,11.46273783403172,8,0.6666666666666666,0.6740697103930411,0.6666666666666666,0.33333333333333337,0.842129457252673,0.24769564303198996,0.0,0.3125,20.412081712778225,20000153
Random,11.221084981722083,8,0.6666666666666666,0.6209410629935557,0.75,0.33333333333333337,0.8478073577789601,0.2965397534272122,0.0,0.20833333333333334,23.412799403704334,20000154
Random,11.615979164414746,8,0.6666666666666666,0.6290191189881292,0.6666666666666666,0.33333333333333337,0.8351412298693778,0.19543816466057207,0.0,0.3125,21.655954099249136,20000155
Random,11.432538825212035,8,0.6666666666666666,0.617538644509432,0.6666666666666666,0.33333333333333337,0.8278378946142899,0.2513764308517466,0.0,0.2916666666666667,21.260678912626858,20000156
Random,5.332411887969148,4,0.3333333333333333,0.45442481965873843,0.5833333333333334,0.6666666666666667,0.8798390375062115,0.21795952554981946,0.0,0.3541666666666667,22.501910768262604,20000157
Random,8.066645854304493,6,0.5,0.3523721315662943,0.75,0.5,0.8885611360138729,0.22534397301440076,0.0,0.2708333333333333,24.117660824076257,20000158
Random,8.25759560902151,6,0.5,0.3915858773101815,0.6666666666666666,0.5,0.8688214116152695,0.1804277644287573,0.0,0.3541666666666667,21.51516283913975,20000159
Random,6.641996904538363,5,0.4166666666666667,0.4182705384498253,0.6666666666666666,0.5833333333333333,0.8593555574215618,0.21698398118422524,0.0,0.3125,21.66603293000836,20000160
Random,9.508442187904288,7,0.5833333333333334,0.5320884510564599,0.75,0.41666666666666663,0.8132871350591776,0.23924181301894346,0.0,0.25,22.40386504059104,20000161
Random,8.421207946508876,6,0.5,0.42222249816462504,0.6666666666666666,0.5,0.8523879153424012,0.186453003414508,0.0,0.3541666666666667,20.414078641809343,20000162
Random,11.318543617904147,8,0.6666666666666666,0.5765935313388495,0.6666666666666666,0.33333333333333337,0.8561290504766745,0.18404322135122997,0.0,0.3541666666666667,20.545305603398774,20000163
Random,10.246204662734645,7,0.5833333333333334,0.4996700648820873,0.6666666666666666,0.41666666666666663,0.8590168094011581,0.21036645774582197,0.0,0.2916666666666667,21.56340753693472,20000164
Random,11.929043453641672,8,0.6666666666666666,0.7151409926198145,0.75,0.33333333333333337,0.8743536337991973,0.21603019035185422,0.0,0.2916666666666667,22.398138590559977,20000165
Random,8.191235257909847,6,0.5,0.4261402410961459,0.6666666666666666,0.5,0.9027957977605338,0.18056696728328955,0.0,0.3958333333333333,20.838656274836094,20000166
Random,10.238443897205107,7,0.5833333333333334,0.6757688629163312,0.6666666666666666,0.41666666666666663,0.8548533886794609,0.1708917462760057,0.0,0.375,21.08842315427359,20000167
Random,7.771916704699765,6,0.5,0.3341269458366973,0.6666666666666666,0.5,0.8633290019723384,0.1683362017137834,0.0,0.375,20.44197256685677,20000168
Random,10.495471390592446,7,0.5833333333333334,0.6652931215686139,0.6666666666666666,0.41666666666666663,0.8731181929980245,0.203099347362265,0.0,0.3541666666666667,22.387246057407303,20000169
Random,7.930109773257935,6,0.5,0.38060298616410115,0.6666666666666666,0.5,0.8570652040326809,0.19741386029382935,0.0,0.3333333333333333,22.260557145927518,20000170
Random,7.95003341045121,6,0.5,0.41706872713813053,0.6666666666666666,0.5,0.8861058410091139,0.16438577704401605,0.0,0.3541666666666667,21.868580878214846,20000171
Random,9.21910311313377,7,0.5833333333333334,0.474944856629898,0.75,0.41666666666666663,0.858878603209035,0.2572038664392571,0.0,0.25,23.335250428437355,20000172
Random,11.386837354089671,8,0.6666666666666666,0.5853555406083368,0.6666666666666666,0.33333333333333337,0.8502186018678078,0.21926560994711797,0.0,0.3125,22.600241660294156,20000173
Random,13.552660634900864,9,0.75,0.674279336687592,0.8333333333333334,0.25,0.8541993922720427,0.24873096539402226,0.0,0.25,23.741234420502348,20000174
Random,4.2453580345160615,4,0.3333333333333333,0.32547055728845614,0.5833333333333334,0.6666666666666667,0.7738244388483436,0.22822349570449538,0.0,0.2916666666666667,19.113253234783024,20000175
Random,9.623911489583195,7,0.5833333333333334,0.5177206991953232,0.6666666666666666,0.41666666666666663,0.8566703293626463,0.1894306403197237,0.0,0.3541666666666667,22.069083336455762,20000176
Random,9.534912741873427,7,0.5833333333333334,0.496518693861627,0.6666666666666666,0.41666666666666663,0.8712192008624635,0.19547863644548105,0.0,0.3333333333333333,22.272224712073392,20000177
Random,10.178523264201495,7,0.5833333333333334,0.5018089655277428,0.75,0.41666666666666663,0.8804187690585872,0.20822843871722374,0.0,0.3333333333333333,22.620689344409016,20000178
Random,6.986510330669841,5,0.4166666666666667,0.358199217786172,0.75,0.5833333333333333,0.8882720919580297,0.18985306463082877,0.0,0.3333333333333333,23.426306932185803,20000179
Random,7.077119765496237,5,0.4166666666666667,0.3784245859600821,0.6666666666666666,0.5833333333333333,0.8686741555017559,0.16413618723277404,0.0,0.3541666666666667,21.785946550995725,20000180
Random,8.234429615982448,6,0.5,0.4597638581389073,0.6666666666666666,0.5,0.9070586576135007,0.1367697054112507,0.0,0.4166666666666667,21.301334745191593,20000181
Random,12.01305026705492,8,0.6666666666666666,0.6597461877549865,0.6666666666666666,0.33333333333333337,0.8344550512126553,0.24779086328478359,0.0,0.2708333333333333,23.031109131180724,20000182
Random,1.723386221566951,3,0.25,0.19682062269450099,0.5,0.75,0.7175441016924112,0.31361246906364043,0.0,0.20833333333333334,20.681518231722382,20000183
Random,8.186934148638496,6,0.5,0.4753767037030107,0.6666666666666666,0.5,0.8380227550741749,0.20140114082144558,0.0,0.3125,21.124338638493473,20000184
Random,13.130265755145686,9,0.75,0.6238134750869394,0.75,0.25,0.8799153365594061,0.17966693030342493,0.0,0.3333333333333333,20.854022936502307,20000185
Random,5.97733093969638,5,0.4166666666666667,0.3758756305203322,0.5833333333333334,0.5833333333333333,0.873362665461418,0.18924217161808285,0.0,0.3541666666666667,20.110169101416652,20000186
Random,7.935402257793181,6,0.5,0.41423109009574943,0.6666666666666666,0.5,0.7962124338744611,0.3051951257162965,0.0,0.20833333333333334,21.83744536633003,20000187
Random,10.312851393047294,7,0.5833333333333334,0.6901791762127218,0.6666666666666666,0.41666666666666663,0.8326309505374755,0.30066307891999516,0.0,0.25,22.19070735628588,20000188
Random,7.705028101687004,6,0.5,0.4208965623088798,0.5833333333333334,0.5,0.8398319930271946,0.1942429194247912,0.0,0.3125,21.729734461796035,20000189
Random,9.61059995129314,7,0.5833333333333334,0.5505466645019534,0.6666666666666666,0.41666666666666663,0.8651189300422321,0.22542917481247401,0.0,0.3333333333333333,20.367333110955347,20000190
Random,15.982214710705469,11,0.9166666666666666,0.9223599923569041,0.9166666666666666,0.08333333333333337,0.8957112753936896,0.12374552519828295,0.0,0.375,22.582810024004864,20000191
Random,5.473687770567628,4,0.3333333333333333,0.36441510177460895,0.6666666666666666,0.6666666666666667,0.8971806378823698,0.17701522954062607,0.0,0.3958333333333333,20.6026524352539,20000192
Random,10.4317928918696,7,0.5833333333333334,0.4942674061910156,0.75,0.41666666666666663,0.8979598391141085,0.20655349965915706,0.0,0.3125,23.24579439127624,20000193
Random,5.99948481865893,5,0.4166666666666667,0.3165424224775324,0.5,0.5833333333333333,0.8908216005264301,0.12397209518134601,0.0,0.5208333333333334,17.216960126153072,20000194
Random,8.540947016287898,6,0.5,0.5015394962466517,0.6666666666666666,0.5,0.8587138689166366,0.2069434386831697,0.0,0.3333333333333333,21.975211918993473,20000195
Random,11.570118804723554,8,0.6666666666666666,0.5645881697249936,0.6666666666666666,0.33333333333333337,0.906843425968927,0.13692879148440631,0.0,0.4166666666666667,19.699187341955433,20000196
Random,8.690447239720946,6,0.5,0.4106652885650479,0.75,0.5,0.8724100312817594,0.1788584749447637,0.0,0.3333333333333333,22.418947014498258,20000197
Random,7.56861456084806,6,0.5,0.3417713343471794,0.6666666666666666,0.5,0.8520970987565945,0.17401370973906502,0.0,0.3541666666666667,20.739669913276995,20000198
Random,8.209394389104279,6,0.5,0.4048765993144296,0.6666666666666666,0.5,0.8651573634324795,0.18006840435007251,0.0,0.375,20.90659553167584,20000199
Random,9.39032331254988,7,0.5833333333333334,0.4941104615052712,0.6666666666666666,0.41666666666666663,0.8250812759231495,0.274754682137476,0.0,0.22916666666666666,23.162912322191,20000200
Random,3.95668834195432,4,0.3333333333333333,0.16280240304452762,0.5833333333333334,0.6666666666666667,0.8548515706557792,0.1557473300351111,0.0,0.4166666666666667,16.835477651325316,20000201
Random,5.900822520337746,5,0.4166666666666667,0.3508629602844501,0.5,0.5833333333333333,0.8933417023446935,0.1724065577565501,0.0,0.4375,19.031233535467578,20000202
Random,13.032748062293958,9,0.75,0.6183489634683421,0.8333333333333334,0.25,0.8821186299523652,0.19889936451788662,0.0,0.3125,22.913296646864552,20000203
Random,9.780914011670594,7,0.5833333333333334,0.48941519668038275,0.75,0.41666666666666663,0.8112262566968602,0.2656820065588259,0.0,0.20833333333333334,23.026455324766932,20000204
Random,10.960210945507578,7,0.5833333333333334,0.7381654238085427,0.8333333333333334,0.41666666666666663,0.8280504583083829,0.24774320971633731,0.0,0.20833333333333334,24.808133271509643,20000205
Random,5.715112699313371,5,0.4166666666666667,0.2569095418791492,0.5833333333333334,0.5833333333333333,0.851448766680211,0.20185731136654014,0.0,0.3541666666666667,20.12372962764524,20000206
Random,8.407976731962227,6,0.5,0.4361027758863621,0.6666666666666666,0.5,0.841749871850729,0.21700327178827494,0.0,0.2916666666666667,23.143322241404462,20000207
Random,8.455566167096636,6,0.5,0.4323181504932799,0.6666666666666666,0.5,0.8748991201600126,0.18448934874807668,0.0,0.3333333333333333,21.68063442880889,20000208
Random,10.48655601475707,7,0.5833333333333334,0.4754874079498781,0.75,0.41666666666666663,0.8880183358325272,0.16173021803141338,0.0,0.3541666666666667,22.493606444212087,20000209
Random,11.217498621226426,8,0.6666666666666666,0.5365059700810683,0.8333333333333334,0.33333333333333337,0.8831324328571452,0.19759807685416908,0.0,0.2708333333333333,24.332680926877693,20000210
Random,9.20364928081419,7,0.5833333333333334,0.42284199816202794,0.75,0.41666666666666663,0.822288074387334,0.19569612295775518,0.0,0.2708333333333333,22.402153584229897,20000211
Random,13.344028951537073,9,0.75,0.7263272675701106,0.8333333333333334,0.25,0.831484588255624,0.22389698091582697,0.0,0.20833333333333334,24.336679601390806,20000212
Random,8.363872264066435,6,0.5,0.582127347852003,0.6666666666666666,0.5,0.8380519485087365,0.2756632057539667,0.0,0.2708333333333333,22.767503669290775,20000213
Random,7.729347629860672,6,0.5,0.39144110605598853,0.6666666666666666,0.5,0.8061263629263394,0.21985253865864765,0.0,0.3333333333333333,19.0320806766828,20000214
Random,10.386157262165089,7,0.5833333333333334,0.6062425921870865,0.6666666666666666,0.41666666666666663,0.8601111305096297,0.28548654411381685,0.0,0.25,24.039291085022498,20000215
Random,9.544821771152533,7,0.5833333333333334,0.41489374670234486,0.75,0.41666666666666663,0.8542110463773861,0.16479519480834137,0.0,0.3333333333333333,21.546963475689168,20000216
Random,9.962908459532395,7,0.5833333333333334,0.635965477277344,0.8333333333333334,0.41666666666666663,0.8223876008265453,0.3364580816503327,0.0,0.16666666666666666,23.580460309444877,20000217
Random,9.2549287275067,7,0.5833333333333334,0.5217659453203624,0.75,0.41666666666666663,0.7895819302826076,0.2474413951641726,0.0,0.2708333333333333,20.95425026769624,20000218
Random,6.352043918994108,5,0.4166666666666667,0.42028720216674664,0.5833333333333334,0.5833333333333333,0.8531467773785902,0.17935864458320694,0.0,0.4166666666666667,18.591449189884262,20000219
Random,9.688234655725052,7,0.5833333333333334,0.5694462808035528,0.75,0.41666666666666663,0.7608087997101712,0.2414368283341469,0.0,0.22916666666666666,21.70906629653428,20000220
Random,5.474228964405859,4,0.3333333333333333,0.4697735537047575,0.5833333333333334,0.6666666666666667,0.896049995165192,0.1587502666275933,0.0,0.3958333333333333,19.840506169179076,20000221
Random,8.400474308124624,6,0.5,0.4103884478144563,0.75,0.5,0.8948327022129169,0.125610319148084,0.0,0.4375,20.684711794756517,20000222
Random,8.058345805277986,6,0.5,0.5101103678269717,0.6666666666666666,0.5,0.8553893133821161,0.2232798175814095,0.0,0.3125,20.865257517795996,20000223
Random,4.798551903209258,4,0.3333333333333333,0.3050318296307708,0.5833333333333334,0.6666666666666667,0.8880688315548996,0.16438246309562204,0.0,0.3958333333333333,20.76457049062584,20000224
Random,8.248677547709063,6,0.5,0.5766966965961721,0.6666666666666666,0.5,0.8560111715469368,0.25934733539427773,0.0,0.2916666666666667,21.41635746955688,20000225
Random,10.374869320287933,7,0.5833333333333334,0.6127411274075047,0.6666666666666666,0.41666666666666663,0.8398404074158057,0.25831024907220507,0.0,0.25,24.07038242187875,20000226
Random,11.699713577621822,8,0.6666666666666666,0.5822878515486277,0.8333333333333334,0.33333333333333337,0.8653526079234529,0.2168365008081373,0.0,0.2708333333333333,23.78273624219533,20000227
Random,11.524367268344214,8,0.6666666666666666,0.5942212155429752,0.8333333333333334,0.33333333333333337,0.846930887459731,0.24965218718666424,0.0,0.22916666666666666,23.208308512608998,20000228
Random,5.243326029722689,4,0.3333333333333333,0.2818356619086754,0.6666666666666666,0.6666666666666667,0.8946162463172872,0.1747902749952374,0.0,0.375,21.84699980539588,20000229
Random,6.704553144228619,5,0.4166666666666667,0.32803024510612444,0.75,0.5833333333333333,0.8821966099079687,0.2012641489763969,0.0,0.2916666666666667,23.66726723701047,20000230
Random,7.428017422547032,6,0.5,0.3074598460890812,0.6666666666666666,0.5,0.8898413379025595,0.16338235059075448,0.0,0.4375,18.058963101861334,20000231
Random,6.238699377359125,5,0.4166666666666667,0.26328736786055223,0.6666666666666666,0.5833333333333333,0.8500892962865315,0.16434444726332256,0.0,0.3541666666666667,21.083447577766787,20000232
Random,6.7695493580076995,5,0.4166666666666667,0.44906445693071345,0.5833333333333334,0.5833333333333333,0.848331814658707,0.179374437289064,0.0,0.3333333333333333,21.459611964922217,20000233
Random,5.311544228112272,4,0.3333333333333333,0.33229078980050625,0.5833333333333334,0.6666666666666667,0.8737653294965977,0.13026196659866685,0.0,0.4791666666666667,18.080906386467063,20000234
Random,7.617795414814475,6,0.5,0.5627634238892956,0.6666666666666666,0.5,0.7410647587712589,0.2666309667948421,0.0,0.22916666666666666,20.599574138342266,20000235
Random,9.45917386059738,7,0.5833333333333334,0.4944767411286446,0.6666666666666666,0.41666666666666663,0.8896833420793776,0.2020133405188814,0.0,0.3333333333333333,22.457532650988163,20000236
Random,6.775404805251215,5,0.4166666666666667,0.3575215834105232,0.5833333333333334,0.5833333333333333,0.8856499625783156,0.17952633160128859,0.0,0.3958333333333333,20.429872163474823,20000237
Random,8.013320749106253,6,0.5,0.35140823729621284,0.6666666666666666,0.5,0.9026342279959918,0.14841359573147414,0.0,0.3958333333333333,19.95486832683228,20000238
Random,8.83947694047315,6,0.5,0.43175887701066235,0.6666666666666666,0.5,0.9118112875751572,0.15686899473920898,0.0,0.4166666666666667,20.627584384484486,20000239
Random,8.317404114913316,6,0.5,0.434198196140891,0.5833333333333334,0.5,0.8919836107915108,0.1552542272134867,0.0,0.4583333333333333,19.07417556417615,20000240
Random,6.666207452930886,5,0.4166666666666667,0.38808382099254757,0.5833333333333334,0.5833333333333333,0.8791850561648721,0.19702129061941065,0.0,0.375,20.418594378572955,20000241
Random,11.450253473601382,8,0.6666666666666666,0.6761022709001043,0.75,0.33333333333333337,0.9071278984882708,0.1262542951339796,0.0,0.4166666666666667,20.874340959181044,20000242
Random,10.216500094892886,7,0.5833333333333334,0.5618412458621649,0.5833333333333334,0.41666666666666663,0.8514699632319388,0.20608332629201778,0.0,0.375,20.224723616280684,20000243
Random,15.436482327037687,10,0.8333333333333334,0.8475478319947377,0.8333333333333334,0.16666666666666663,0.8454091018350937,0.29062822759994433,0.0,0.16666666666666666,25.84611865706801,20000244
Random,9.984686417878969,7,0.5833333333333334,0.585055375359172,0.5833333333333334,0.41666666666666663,0.8713348155138352,0.20667715021073504,0.0,0.3333333333333333,23.502814225399835,20000245
Random,5.799632843237511,4,0.3333333333333333,0.4660953256567068,0.6666666666666666,0.6666666666666667,0.8950314025783412,0.1938214683143931,0.0,0.3541666666666667,21.74140755051888,20000246
Random,11.17464547178918,8,0.6666666666666666,0.5093301694506963,0.75,0.33333333333333337,0.8845761954817911,0.21690782194190325,0.0,0.3125,21.951489628246193,20000247
Random,15.430448771954872,10,0.8333333333333334,0.8698569814027801,0.8333333333333334,0.16666666666666663,0.9210115409057553,0.15292853816943688,0.0,0.375,22.38519514248589,20000248
Random,6.482777799788371,5,0.4166666666666667,0.31484166243742984,0.6666666666666666,0.5833333333333333,0.8942491847076776,0.18592104925910716,0.0,0.3958333333333333,20.382489389715193,20000249
Random,13.369051089664664,9,0.75,0.7368034605107614,0.75,0.25,0.8758332192125599,0.20721083305281854,0.0,0.3125,22.60217029927701,20000250
Random,10.044604374685813,7,0.5833333333333334,0.6425694540958479,0.6666666666666666,0.41666666666666663,0.8285308792355432,0.26276506207441686,0.0,0.25,22.05497181012882,20000251
Random,9.913924259488297,7,0.5833333333333334,0.4948578934424915,0.75,0.41666666666666663,0.8880581131388223,0.1681756647266974,0.0,0.3541666666666667,21.514768780121198,20000252
Random,9.702267118810383,7,0.5833333333333334,0.5581401066024293,0.5833333333333334,0.41666666666666663,0.8042110080790487,0.23508176796389244,0.0,0.3125,19.58186333259534,20000253
Random,3.0073206316156105,3,0.25,0.2611875035106636,0.5,0.75,0.8976317482360917,0.18435946142315654,0.0,0.4375,19.02870839191909,20000254
Random,8.489420163376186,6,0.5,0.4131261694708326,0.6666666666666666,0.5,0.87811822950467,0.17548463019530372,0.0,0.3541666666666667,20.74971683260996,20000255
Random,7.784365558362351,6,0.5,0.47800342332843077,0.5833333333333334,0.5,0.8133019050651363,0.31018029421375526,0.0,0.20833333333333334,22.558383356497888,20000256
Random,7.843870962091873,6,0.5,0.36700981714675157,0.6666666666666666,0.5,0.8791757123447627,0.13347526620382488,0.0,0.4166666666666667,20.259905218106237,20000257
Random,8.112994957995602,6,0.5,0.5034622080652247,0.5833333333333334,0.5,0.8628874769415068,0.1701137820807703,0.0,0.3958333333333333,19.77941256378172,20000258
Random,9.66816372943029,7,0.5833333333333334,0.5144053614648314,0.6666666666666666,0.41666666666666663,0.8538169327964683,0.19811028679094153,0.0,0.3125,21.807050806182723,20000259
Random,6.632147334485379,5,0.4166666666666667,0.3337366405435265,0.5833333333333334,0.5833333333333333,0.8991578733723857,0.14009010424013016,0.0,0.4375,19.934977714771353,20000260
Random,6.540597223033209,5,0.4166666666666667,0.2944330380791356,0.6666666666666666,0.5833333333333333,0.8843328503135436,0.2385945760375111,0.0,0.2916666666666667,22.633823203262313,20000261
Random,8.163189609525219,6,0.5,0.35177614328772044,0.75,0.5,0.8990877711605966,0.21174140659810473,0.0,0.3541666666666667,22.035402106397417,20000262
Random,12.01706527980864,8,0.6666666666666666,0.7433329870484658,0.75,0.33333333333333337,0.8579298900721536,0.17503671313575905,0.0,0.3541666666666667,22.05565921997064,20000263
Random,8.37404555685704,6,0.5,0.3929803749865943,0.6666666666666666,0.5,0.884478302966795,0.15624781627285256,0.0,0.3958333333333333,21.029050615687467,20000264
Random,13.320022170375408,9,0.75,0.8369072900505035,0.8333333333333334,0.25,0.7813743563411646,0.22689792219875846,0.0,0.25,22.34611623669457,20000265
Random,13.496673876168396,9,0.75,0.6964609159337841,0.8333333333333334,0.25,0.8897538630863892,0.18699477725108696,0.0,0.2916666666666667,23.740204607932398,20000266
Random,4.357876592106171,4,0.3333333333333333,0.22707096311084113,0.5,0.6666666666666667,0.8952623338063983,0.16000082341621763,0.0,0.4375,18.49559727449425,20000267
Random,7.57620965191644,6,0.5,0.4028441762279812,0.5833333333333334,0.5,0.839889865936792,0.21374071553302101,0.0,0.375,20.402261872687014,20000268
Random,8.678915609934506,6,0.5,0.4618103869652489,0.6666666666666666,0.5,0.8886033725685083,0.18031197430922127,0.0,0.3541666666666667,21.83759954809248,20000269
Random,10.131668141969355,7,0.5833333333333334,0.5711009258127132,0.6666666666666666,0.41666666666666663,0.8689188910988443,0.16502906831106184,0.0,0.3958333333333333,19.750312277111263,20000270
Random,13.183265372675924,9,0.75,0.6760998404694442,0.75,0.25,0.8491182293522019,0.23876352530159198,0.0,0.22916666666666666,23.65050574532465,20000271
Random,7.109121642201175,5,0.4166666666666667,0.5421566450551888,0.5833333333333334,0.5833333333333333,0.8712985674382345,0.1521685140875455,0.0,0.3958333333333333,20.376320368860167,20000272
Random,10.24195921875631,7,0.5833333333333334,0.5574661279316907,0.6666666666666666,0.41666666666666663,0.9076061856053572,0.1340620659635355,0.0,0.4375,20.072104887437664,20000273
Random,9.48725700600328,7,0.5833333333333334,0.5128969099550339,0.5833333333333334,0.41666666666666663,0.8844520082952604,0.1682691826320981,0.0,0.4166666666666667,19.42909351634159,20000274
Random,10.979893026699488,8,0.6666666666666666,0.5146190645695341,0.8333333333333334,0.33333333333333337,0.8391469244857152,0.2437930604443188,0.0,0.25,23.586367189519418,20000275
Random,13.595537597561961,9,0.75,0.6320493872719308,0.75,0.25,0.8641077135375076,0.19054445059050917,0.0,0.3125,22.161241509879837,20000276
Random,8.14935612385667,6,0.5,0.4236790353457331,0.6666666666666666,0.5,0.8631327918362358,0.19004410250930748,0.0,0.375,20.903451822619957,20000277
Random,9.286555496122844,7,0.5833333333333334,0.41450264437456597,0.75,0.41666666666666663,0.7684432871796675,0.24862278450704892,0.0,0.22916666666666666,21.77864433992835,20000278
Random,9.860705428183858,7,0.5833333333333334,0.5335411245694801,0.6666666666666666,0.41666666666666663,0.8244649481747167,0.17618987081436047,0.0,0.3541666666666667,20.25359539746221,20000279
Random,14.627216875725473,10,0.8333333333333334,0.7679832312033075,0.9166666666666666,0.16666666666666663,0.8464352257504375,0.19304014753294166,0.0,0.2708333333333333,23.059559144140348,20000280
Random,7.67945863664011,6,0.5,0.4808159226420201,0.6666666666666666,0.5,0.8163950381106041,0.26512389544252346,0.0,0.2916666666666667,20.418612620840232,20000281
Random,9.772164458848211,7,0.5833333333333334,0.5000068646252238,0.6666666666666666,0.41666666666666663,0.8478091433426274,0.20201207874287141,0.0,0.3541666666666667,20.07327492372586,20000282
Random,11.979652870455133,8,0.6666666666666666,0.7116221939802551,0.75,0.33333333333333337,0.8753553375979396,0.17424078363869502,0.0,0.375,22.051137515450517,20000283
Random,8.041541049504186,6,0.5,0.4007373484284854,0.6666666666666666,0.5,0.859875153154649,0.18862753657112508,0.0,0.3541666666666667,20.711161759051812,20000284
Random,11.14512668320934,8,0.6666666666666666,0.5818142490984338,0.6666666666666666,0.33333333333333337,0.7922849358591462,0.18468698060056546,0.0,0.3333333333333333,20.35699131245338,20000285
Random,5.993177679488083,5,0.4166666666666667,0.3525734572434811,0.5833333333333334,0.5833333333333333,0.7890739162964513,0.3120559690514147,0.0,0.22916666666666666,20.948047832644534,20000286
Random,16.882849118656445,11,0.9166666666666666,0.9443402803084145,0.9166666666666666,0.08333333333333337,0.8566383207597653,0.19607380880982483,0.0,0.2708333333333333,24.170178577800407,20000287
Random,11.751397631137728,8,0.6666666666666666,0.6712389377562505,0.75,0.33333333333333337,0.8382460563982083,0.23723007494488288,0.0,0.22916666666666666,24.188311102848164,20000288
Random,9.462972036378735,7,0.5833333333333334,0.39218129029776244,0.8333333333333334,0.41666666666666663,0.8377949724051007,0.16337904330810163,0.0,0.2916666666666667,22.88755817569784,20000289
Random,8.28869548033457,6,0.5,0.333193666397213,0.75,0.5,0.8782091932810557,0.17375491834243487,0.0,0.3333333333333333,22.502609612907715,20000290
Random,13.12010035924525,9,0.75,0.7986729481073256,0.8333333333333334,0.25,0.7868526023748084,0.2992924933824166,0.0,0.1875,22.953052089487578,20000291
Random,9.62306564884602,7,0.5833333333333334,0.5336714587888224,0.5833333333333334,0.41666666666666663,0.8517820056543578,0.2054859525990522,0.0,0.3333333333333333,22.067260506235147,20000292
Random,7.6299050041853915,6,0.5,0.3917131915265495,0.6666666666666666,0.5,0.8429617656685527,0.1955618138839447,0.0,0.3541666666666667,20.094642055943986,20000293
Random,6.214205827701079,5,0.4166666666666667,0.3497863333376727,0.5833333333333334,0.5833333333333333,0.8389989867002928,0.24399141615114509,0.0,0.2916666666666667,21.774674685095956,20000294
Random,6.673136774474629,5,0.4166666666666667,0.3840972995976023,0.6666666666666666,0.5833333333333333,0.8446141335484828,0.18257546354886434,0.0,0.3333333333333333,21.711314116134037,20000295
Random,12.3136512077152,8,0.6666666666666666,0.6089377888360855,0.75,0.33333333333333337,0.8809305616853585,0.22194873118251524,0.0,0.3125,22.844057805207907,20000296
Random,10.696512954023202,8,0.6666666666666666,0.49855876302112634,0.75,0.33333333333333337,0.8141106932377027,0.18564764559347355,0.0,0.3125,20.37956197839679,20000297
Random,7.683778307016276,6,0.5,0.3158340875706986,0.75,0.5,0.8532401499011094,0.20494259674286427,0.0,0.3125,21.341098334754218,20000298
Random,12.056773014692045,9,0.75,0.6571092610881432,0.75,0.25,0.8013202070439057,0.2413097503177345,0.0,0.2916666666666667,20.738617252220735,20000299
Random,8.10646141762132,6,0.5,0.4023557104361677,0.5833333333333334,0.5,0.8895137180012641,0.17740522133258352,0.0,0.4375,19.21750570258389,20000300
Random,6.473151547529286,5,0.4166666666666667,0.3636560816071245,0.6666666666666666,0.5833333333333333,0.8850738964012104,0.15455205435454403,0.0,0.3958333333333333,20.979961025006123,20000301
Random,7.90526551031611,6,0.5,0.43277172815681253,0.5833333333333334,0.5,0.8139346496050922,0.24970013555217943,0.0,0.2916666666666667,21.210942524368534,20000302
Random,4.535814478730891,4,0.3333333333333333,0.3184413525673155,0.5833333333333334,0.6666666666666667,0.8719733653109939,0.17958741874143855,0.0,0.3541666666666667,20.821977660001107,20000303
Random,10.38205669647723,7,0.5833333333333334,0.6320239944685908,0.75,0.41666666666666663,0.9071763857972103,0.1348111965381937,0.0,0.4166666666666667,21.224894402842974,20000304
Random,14.674951274965508,10,0.8333333333333334,0.8309511865475614,0.8333333333333334,0.16666666666666663,0.8613146409479331,0.17438374916583535,0.0,0.3125,21.967879744890205,20000305
Random,6.941879304509882,5,0.4166666666666667,0.4603118141358447,0.75,0.5833333333333333,0.8654847115748033,0.18222599051564262,0.0,0.3333333333333333,21.28388547668414,20000306
Random,9.486375582346227,7,0.5833333333333334,0.5585553864683299,0.6666666666666666,0.41666666666666663,0.7778986618031429,0.3099924211160873,0.0,0.20833333333333334,22.37456353177505,20000307
Random,6.7804272387387305,5,0.4166666666666667,0.4097716012775514,0.5833333333333334,0.5833333333333333,0.9004129057844129,0.18235328529427897,0.0,0.3958333333333333,21.36402629268266,20000308
Random,8.344202127230771,6,0.5,0.45850477071399687,0.5833333333333334,0.5,0.8850387569478683,0.2328760570643671,0.0,0.3333333333333333,22.796514484780335,20000309
Random,6.386842051218885,5,0.4166666666666667,0.45499327448718546,0.6666666666666666,0.5833333333333333,0.8752774770843406,0.17421602520115206,0.0,0.3541666666666667,21.953369349964326,20000310
Random,5.551435349199088,5,0.4166666666666667,0.3006644852162465,0.6666666666666666,0.5833333333333333,0.8156498347922829,0.2663131249523991,0.0,0.22916666666666666,22.212677972441224,20000311
Random,6.194501709589595,5,0.4166666666666667,0.48355331737830987,0.5,0.5833333333333333,0.8179102388497693,0.24047902891095144,0.0,0.3125,20.68032600495453,20000312
Random,6.16427460500101,5,0.4166666666666667,0.26494688554953605,0.6666666666666666,0.5833333333333333,0.8930269637092415,0.18215286057956512,0.0,0.375,20.96796331584174,20000313
Random,9.745518485931928,7,0.5833333333333334,0.5656059052406054,0.6666666666666666,0.41666666666666663,0.8502191485001216,0.21937475976527288,0.0,0.3125,22.167677677458418,20000314
Random,9.478592468750767,7,0.5833333333333334,0.48689249004989704,0.6666666666666666,0.41666666666666663,0.8722622963746286,0.23390338321886675,0.0,0.3125,22.458245129873763,20000315
Random,6.416510241876768,5,0.4166666666666667,0.334115746763933,0.5833333333333334,0.5833333333333333,0.8713898828243658,0.19524354581711365,0.0,0.3958333333333333,18.94213663919016,20000316
Random,11.699891543645967,8,0.6666666666666666,0.5547643307070456,0.8333333333333334,0.33333333333333337,0.8675365642707463,0.21794401608093417,0.0,0.25,24.19498145585651,20000317
Random,4.977820331967387,4,0.3333333333333333,0.2398371242477004,0.6666666666666666,0.6666666666666667,0.8865407190258017,0.18261210889446963,0.0,0.3541666666666667,20.817706752909476,20000318
Random,6.486020087687625,5,0.4166666666666667,0.3301451104145307,0.6666666666666666,0.5833333333333333,0.8575378783241656,0.245426608179944,0.0,0.2708333333333333,23.6114341990117,20000319
Random,9.7079549898439,7,0.5833333333333334,0.47288439834663326,0.6666666666666666,0.41666666666666663,0.8147221700687507,0.2522442172625574,0.0,0.2708333333333333,21.804923113588526,20000320
Random,13.01473381055801,9,0.75,0.6669768879543069,0.75,0.25,0.8815416114720126,0.14473741550580885,0.0,0.3541666666666667,23.154414360518018,20000321
Random,10.366231974159,7,0.5833333333333334,0.5150981046523544,0.6666666666666666,0.41666666666666663,0.8814092289899792,0.16476933434574187,0.0,0.3958333333333333,20.482162256954112,20000322
Random,6.737298328939286,5,0.4166666666666667,0.3263927143845573,0.75,0.5833333333333333,0.8636160099295226,0.21826042845681495,0.0,0.2916666666666667,22.74812027966083,20000323
Random,8.70067094115923,6,0.5,0.4266682707999615,0.75,0.5,0.8975572380988655,0.17957822695351547,0.0,0.3125,24.48552176027674,20000324
Random,12.214287404104343,8,0.6666666666666666,0.7489365886039261,0.75,0.33333333333333337,0.8771673260859867,0.20754227774392842,0.0,0.3125,22.41301926967966,20000325
Random,5.849875208570287,5,0.4166666666666667,0.36513558061456286,0.5833333333333334,0.5833333333333333,0.7420698396613147,0.3266226578220719,0.0,0.22916666666666666,20.182328829380303,20000326
Random,4.584241520181459,4,0.3333333333333333,0.3607781978158098,0.5,0.6666666666666667,0.8831974979639714,0.15638940834048734,0.0,0.4166666666666667,19.423267115631564,20000327
Random,7.570589467964093,6,0.5,0.4219123341653012,0.5833333333333334,0.5,0.8571003276221812,0.22682715502483042,0.0,0.3125,21.377868394528807,20000328
Random,6.227159140809161,5,0.4166666666666667,0.26293124179272337,0.6666666666666666,0.5833333333333333,0.8681169097613921,0.18851470012738492,0.0,0.375,20.588606156798978,20000329
Random,9.61173080728929,7,0.5833333333333334,0.5211242577905666,0.6666666666666666,0.41666666666666663,0.8410458094685925,0.20444086330893074,0.0,0.3125,22.302926272521493,20000330
Random,10.175309404993554,7,0.5833333333333334,0.6312956824052754,0.75,0.41666666666666663,0.9123731273048182,0.21169649714892502,0.0,0.3125,23.98919921767032,20000331
Random,6.443123644786342,5,0.4166666666666667,0.4497522386859508,0.5833333333333334,0.5833333333333333,0.8537035207551543,0.16955431090152925,0.0,0.3958333333333333,18.954439541578793,20000332
Random,5.269675528220703,5,0.4166666666666667,0.40916350129796664,0.5833333333333334,0.5833333333333333,0.7266362380410213,0.31054081115506477,0.0,0.2708333333333333,17.69216079633055,20000333
Random,8.091075736232195,6,0.5,0.4159662523264177,0.6666666666666666,0.5,0.8211061522114168,0.22693370965783655,0.0,0.2708333333333333,21.377156657036995,20000334
Random,11.959402343995523,8,0.6666666666666666,0.6180416694353036,0.75,0.33333333333333337,0.8506144448350477,0.19749342192605646,0.0,0.3125,23.318414107551384,20000335
Random,5.04892739611946,4,0.3333333333333333,0.3006811266339526,0.6666666666666666,0.6666666666666667,0.8933855574119227,0.2409131317776566,0.0,0.3125,23.11538374274804,20000336
Random,6.937413510674457,5,0.4166666666666667,0.390610900665688,0.6666666666666666,0.5833333333333333,0.8995994925696231,0.17115729773533725,0.0,0.3958333333333333,20.491721570447545,20000337
Random,15.109338576791723,10,0.8333333333333334,0.750155831514647,0.8333333333333334,0.16666666666666663,0.8846278523298964,0.2027908727328903,0.0,0.2708333333333333,24.790700272766692,20000338
Random,5.837494832989557,5,0.4166666666666667,0.40767501881483753,0.5833333333333334,0.5833333333333333,0.8400252854413148,0.24600170452663309,0.0,0.3125,20.816072381520144,20000339
Random,9.30568055611417,7,0.5833333333333334,0.5126776538273703,0.5833333333333334,0.41666666666666663,0.8055563805049953,0.24080336442517447,0.0,0.2916666666666667,21.2223794831251,20000340
Random,15.007207513780296,10,0.8333333333333334,0.773253063044652,0.8333333333333334,0.16666666666666663,0.8426394993885155,0.2864137804232067,0.0,0.20833333333333334,25.301679158871252,20000341
Random,12.555493699784515,9,0.75,0.6207922905670906,0.75,0.25,0.8718407243457694,0.1859777975638659,0.0,0.3333333333333333,21.560080828949314,20000342
Random,6.180259551870003,5,0.4166666666666667,0.294972991891567,0.6666666666666666,0.5833333333333333,0.8336903219214191,0.17787157347583313,0.0,0.3958333333333333,18.72507488781856,20000343
Random,7.850993616677588,6,0.5,0.41398344913913177,0.6666666666666666,0.5,0.8154593765565105,0.22234781597482614,0.0,0.2916666666666667,21.567517860985223,20000344
Random,4.936068571970706,4,0.3333333333333333,0.34571616812733913,0.5,0.6666666666666667,0.8700592987345542,0.19490066770818437,0.0,0.375,20.521566834714005,20000345
Random,9.77841511022785,7,0.5833333333333334,0.4915378841572251,0.75,0.41666666666666663,0.7984971180771271,0.23763305262224477,0.0,0.2708333333333333,21.974227847361682,20000346
Random,8.484695474725477,6,0.5,0.43978510782111335,0.6666666666666666,0.5,0.9054232723783265,0.13644395399856005,0.0,0.4166666666666667,20.500557915351337,20000347
Random,11.972074344143643,8,0.6666666666666666,0.618788984764431,0.6666666666666666,0.33333333333333337,0.8822893977921357,0.22378334445505432,0.0,0.2916666666666667,23.367610338790513,20000348
Random,11.359227292087468,8,0.6666666666666666,0.6435488707520731,0.75,0.33333333333333337,0.9031518938971873,0.15972744452702362,0.0,0.375,20.526177782467755,20000349
Random,6.518398228215508,5,0.4166666666666667,0.3204116704109605,0.6666666666666666,0.5833333333333333,0.8966656533595989,0.19752334388448156,0.0,0.3541666666666667,21.844734447522214,20000350
Random,10.128930191112302,7,0.5833333333333334,0.49717537325765954,0.75,0.41666666666666663,0.8657055397270401,0.21702334820971658,0.0,0.2916666666666667,22.98719865101506,20000351
Random,1.140184983852727,2,0.16666666666666666,0.12178453837347358,0.5833333333333334,0.8333333333333334,0.8744260671561318,0.1679127730248381,0.0,0.3958333333333333,20.091829523312427,20000352
Random,6.626176594984992,5,0.4166666666666667,0.41047186682042514,0.5833333333333334,0.5833333333333333,0.8687359418905878,0.18909845544691614,0.0,0.375,21.443741368026483,20000353
Random,11.424115106284537,8,0.6666666666666666,0.6016191857574099,0.6666666666666666,0.33333333333333337,0.8613901315482332,0.16667042509236663,0.0,0.3541666666666667,20.57853557876499,20000354
Random,9.548952915403099,7,0.5833333333333334,0.5621180661662736,0.75,0.41666666666666663,0.8323219655857818,0.2502110006028825,0.0,0.3125,20.799972163686007,20000355
Random,6.679294221653671,5,0.4166666666666667,0.4528703718902481,0.6666666666666666,0.5833333333333333,0.861957273902988,0.23481953201565794,0.0,0.2916666666666667,22.903761285385468,20000356
Random,6.098841745448002,5,0.4166666666666667,0.38169376881999545,0.5833333333333334,0.5833333333333333,0.8517972912523574,0.21366041957611684,0.0,0.3125,20.246426377555707,20000357
Random,16.34949888192039,11,0.9166666666666666,0.9295829565302051,0.9166666666666666,0.08333333333333337,0.8457598930302838,0.21011418044520638,0.0,0.25,23.070558011961754,20000358
Random,8.130790345775797,6,0.5,0.4677907447232699,0.6666666666666666,0.5,0.913243661460888,0.15611830593494358,0.0,0.375,20.909955230358705,20000359
Random,11.12288480445072,8,0.6666666666666666,0.508406629183538,0.8333333333333334,0.33333333333333337,0.8031111460781162,0.21612173458491246,0.0,0.25,22.3493516637021,20000360
Random,6.327681236528226,5,0.4166666666666667,0.33710056074173483,0.5833333333333334,0.5833333333333333,0.8741130135001097,0.13254503576343676,0.0,0.4583333333333333,18.441413899622052,20000361
Random,7.644646859329781,6,0.5,0.3617167491108753,0.75,0.5,0.8028737022927178,0.2944617419809192,0.0,0.20833333333333334,22.172951895589485,20000362
Random,6.278738743487203,5,0.4166666666666667,0.28785037193789975,0.6666666666666666,0.5833333333333333,0.8325081264683889,0.2177729726524118,0.0,0.3333333333333333,20.557431862921543,20000363
Random,4.6525629131461415,4,0.3333333333333333,0.34271601107245186,0.5,0.6666666666666667,0.8475995901983046,0.17292794954878907,0.0,0.4375,17.978534005113115,20000364
Random,6.18453211833144,5,0.4166666666666667,0.3261587604870714,0.5833333333333334,0.5833333333333333,0.8242520173965954,0.18654729796253208,0.0,0.3333333333333333,20.81138137906463,20000365
Random,8.892688344577726,6,0.5,0.45124668376316956,0.5833333333333334,0.5,0.892085471349822,0.16337218102563186,0.0,0.4166666666666667,19.98691234026573,20000366
Random,10.32443465956116,7,0.5833333333333334,0.5608260548466562,0.75,0.41666666666666663,0.8752884501386281,0.20159154085794753,0.0,0.2916666666666667,23.277195579848573,20000367
Random,10.934270449985158,8,0.6666666666666666,0.63748109687285,0.6666666666666666,0.33333333333333337,0.8122622512253814,0.22861881436177522,0.0,0.3125,21.301015151871365,20000368
Random,12.138442540841176,8,0.6666666666666666,0.5921791965567506,0.75,0.33333333333333337,0.8583619231600533,0.27580123034650855,0.0,0.2708333333333333,23.224532888786957,20000369
Random,9.736190243942733,7,0.5833333333333334,0.516265669288423,0.6666666666666666,0.41666666666666663,0.867020638988809,0.16428709294552865,0.0,0.375,20.405523579979853,20000370
Random,9.503079980168696,7,0.5833333333333334,0.4391308946368094,0.6666666666666666,0.41666666666666663,0.8818383935064619,0.19377454943252023,0.0,0.3541666666666667,21.664547114510675,20000371
Random,4.284951919989755,4,0.3333333333333333,0.19935996828508296,0.6666666666666666,0.6666666666666667,0.8055906604710464,0.25865103877828516,0.0,0.25,21.539280448292153,20000372
Random,13.08361963154701,9,0.75,0.7559276304543928,0.75,0.25,0.877660417959548,0.1711607467410278,0.0,0.3333333333333333,22.862928955951748,20000373
Random,11.290654271282232,8,0.6666666666666666,0.5176898662069973,0.8333333333333334,0.33333333333333337,0.8266754359964731,0.2531099363504215,0.0,0.22916666666666666,23.232065412978297,20000374
Random,10.262259697459072,7,0.5833333333333334,0.504585390085431,0.75,0.41666666666666663,0.9061282610480035,0.1874109426509166,0.0,0.3333333333333333,21.62958471251127,20000375
Random,10.68009139436627,8,0.6666666666666666,0.5195553343934886,0.75,0.33333333333333337,0.8176788137722367,0.22900355156559185,0.0,0.2916666666666667,20.640662542309503,20000376
Random,6.763824852980156,5,0.4166666666666667,0.4152751395302205,0.6666666666666666,0.5833333333333333,0.8639121540796396,0.1603922598220496,0.0,0.375,20.222116997289394,20000377
Random,6.386867871818123,5,0.4166666666666667,0.37641134993845693,0.5833333333333334,0.5833333333333333,0.8601189761597299,0.19189975319574523,0.0,0.3333333333333333,21.172940059599547,20000378
Random,8.039025233425031,6,0.5,0.39704140697606694,0.75,0.5,0.8916216151408328,0.1633057119171584,0.0,0.3541666666666667,22.718987359161414,20000379
Random,13.549787397431567,9,0.75,0.7892058078710861,0.75,0.25,0.8541662553673728,0.2476584287683273,0.0,0.2708333333333333,23.538622716655325,20000380
Random,6.2163121072034455,5,0.4166666666666667,0.31442590161758244,0.5833333333333334,0.5833333333333333,0.849410336361114,0.19787912755219458,0.0,0.3125,21.286653361428993,20000381
Random,13.136967376582984,9,0.75,0.8416616195694481,0.75,0.25,0.8449014524838264,0.24839766072351963,0.0,0.2708333333333333,22.226936189448825,20000382
Random,9.329824080832545,7,0.5833333333333334,0.5139792368882,0.5833333333333334,0.41666666666666663,0.8655280667980275,0.16121270204335628,0.0,0.4583333333333333,18.360611812817737,20000383
Random,11.699519667953663,8,0.6666666666666666,0.5830174264158692,0.75,0.33333333333333337,0.856959068153404,0.21684143499234332,0.0,0.2916666666666667,23.79220133254529,20000384
Random,6.669518030104689,5,0.4166666666666667,0.45002093717121927,0.6666666666666666,0.5833333333333333,0.8623206384690297,0.18375511883250842,0.0,0.3333333333333333,22.00202752209359,20000385
Random,8.284773288185509,6,0.5,0.4447337234116972,0.6666666666666666,0.5,0.8200489290149902,0.23608817558658282,0.0,0.2708333333333333,21.498134820379548,20000386
Random,5.811219127111854,4,0.3333333333333333,0.49338343779617727,0.5833333333333334,0.6666666666666667,0.9174565972765546,0.15140916454774442,0.0,0.4375,20.78883301017427,20000387
Random,11.940065627641607,8,0.6666666666666666,0.732063913281653,0.8333333333333334,0.33333333333333337,0.8876374500574649,0.2054116493244542,0.0,0.3125,21.66561209804918,20000388
Random,10.328633366646963,7,0.5833333333333334,0.5204865798752089,0.8333333333333334,0.41666666666666663,0.8856758313265402,0.2534786483155107,0.0,0.2708333333333333,24.127465918738068,20000389
Random,13.520635695121266,9,0.75,0.7280131237449886,0.75,0.25,0.8701209768726698,0.25799266430052076,0.0,0.22916666666666666,25.63494333542949,20000390
Random,9.687233902635148,7,0.5833333333333334,0.45630399237339897,0.75,0.41666666666666663,0.9104338797711996,0.16216422506713501,0.0,0.3958333333333333,21.663160486667085,20000391
Random,11.653449429329859,8,0.6666666666666666,0.5888337902404147,0.75,0.33333333333333337,0.8771332272491615,0.17328305320788653,0.0,0.3333333333333333,22.81969113638647,20000392
Random,8.130448849659297,6,0.5,0.44814379439673613,0.5833333333333334,0.5,0.8686870020080585,0.205721443054894,0.0,0.3541666666666667,22.15392358353248,20000393
Random,8.280522773049674,6,0.5,0.41818009159993963,0.6666666666666666,0.5,0.8087651969024542,0.28504623887014563,0.0,0.22916666666666666,21.927900694988402,20000394
Random,10.022820872107033,7,0.5833333333333334,0.5475235921097231,0.6666666666666666,0.41666666666666663,0.9038464457691231,0.16171925228594947,0.0,0.4375,19.97555144244952,20000395
Random,7.475260858465391,6,0.5,0.41047899704313257,0.5833333333333334,0.5,0.8539945012539402,0.15474654154422518,0.0,0.375,20.425276878040638,20000396
Random,9.419018457470214,7,0.5833333333333334,0.5486814774254702,0.6666666666666666,0.41666666666666663,0.8864524100397615,0.15534392569367164,0.0,0.375,20.876769963678147,20000397
Random,15.09684950080658,10,0.8333333333333334,0.8890050263917788,0.8333333333333334,0.16666666666666663,0.8890172280506802,0.19138565215153072,0.0,0.3125,23.060557632879405,20000398
Random,4.1478230193572445,4,0.3333333333333333,0.37806025991262276,0.5833333333333334,0.6666666666666667,0.76039734739748,0.29713195571180945,0.0,0.25,19.438639135155146,20000399
Random,7.129004548061035,6,0.5,0.5075929040475923,0.5833333333333334,0.5,0.7747421596436604,0.26524884260864917,0.0,0.2916666666666667,19.626821149621417,20000400
Random,10.391938146025891,7,0.5833333333333334,0.5395314554678471,0.6666666666666666,0.41666666666666663,0.8217141781483397,0.26651906514376816,0.0,0.25,23.343182602651734,20000401
Random,10.070719029591064,7,0.5833333333333334,0.5181396596412486,0.5833333333333334,0.41666666666666663,0.826731621883523,0.23187474320993676,0.0,0.3333333333333333,21.004131875061915,20000402
Random,10.06462741378405,7,0.5833333333333334,0.5289806479878172,0.6666666666666666,0.41666666666666663,0.8166969531724915,0.2755299256287164,0.0,0.25,22.166925359104845,20000403
Random,7.251947012815841,6,0.5,0.43308447808354383,0.5833333333333334,0.5,0.7951174325932722,0.25484927703103954,0.0,0.2916666666666667,20.533402678679266,20000404
Random,6.879109572116831,5,0.4166666666666667,0.3748652894633961,0.6666666666666666,0.5833333333333333,0.776153599393438,0.23434774583880305,0.0,0.2708333333333333,21.923471234187502,20000405
Random,9.857711706387931,7,0.5833333333333334,0.5545989984316994,0.6666666666666666,0.41666666666666663,0.8656660396213623,0.2662205402849016,0.0,0.2916666666666667,22.025814563651377,20000406
Random,11.539110320695231,8,0.6666666666666666,0.5542740839703876,0.6666666666666666,0.33333333333333337,0.9207743527932862,0.1214417279293001,0.0,0.4375,20.290810458608306,20000407
Random,6.44187369384169,5,0.4166666666666667,0.3199647962708226,0.75,0.5833333333333333,0.8534669383658468,0.152450855795441,0.0,0.3541666666666667,22.05499288352539,20000408
Random,10.043884147583833,7,0.5833333333333334,0.5047834746611092,0.75,0.41666666666666663,0.8881436302711064,0.22843515307633608,0.0,0.2916666666666667,23.85045476822687,20000409
Random,11.778730496219973,8,0.6666666666666666,0.5578790584243509,0.8333333333333334,0.33333333333333337,0.87880101958319,0.13684421831315993,0.0,0.3958333333333333,21.898153000062116,20000410
Random,7.282474224816581,5,0.4166666666666667,0.5337440623488015,0.6666666666666666,0.5833333333333333,0.8350239750056513,0.25229287977553466,0.0,0.2708333333333333,23.009424514796613,20000411
Random,6.04400914303228,5,0.4166666666666667,0.3634325184660272,0.6666666666666666,0.5833333333333333,0.7809369103654077,0.30115023429849697,0.0,0.20833333333333334,23.23132529096005,20000412
Random,6.581911571538226,5,0.4166666666666667,0.4006924630859442,0.6666666666666666,0.5833333333333333,0.8592177105079745,0.1549882853608061,0.0,0.4166666666666667,19.011443386633395,20000413
Random,9.878860296893961,7,0.5833333333333334,0.5034110722505841,0.75,0.41666666666666663,0.8444646196600433,0.22311377916354833,0.0,0.25,23.815343292107066,20000414
Random,10.2481364886644,7,0.5833333333333334,0.5601772508591517,0.6666666666666666,0.41666666666666663,0.9060863620903542,0.17222878994484017,0.0,0.4166666666666667,20.876650267746147,20000415
Random,6.181085047267989,5,0.4166666666666667,0.34208895557093655,0.6666666666666666,0.5833333333333333,0.8506805831460126,0.19988869874048112,0.0,0.3333333333333333,20.43866075393475,20000416
Random,2.912009659267895,3,0.25,0.2361697515770377,0.5,0.75,0.9023899945293703,0.11075633509783883,0.0,0.5208333333333334,17.34830939898388,20000417
Random,11.224310863036797,8,0.6666666666666666,0.6031166230189559,0.75,0.33333333333333337,0.8795387143365958,0.1548141025303687,0.0,0.375,21.06364687960483,20000418
Random,8.116294549955287,6,0.5,0.44001356271931474,0.6666666666666666,0.5,0.8224381476206665,0.24831053244933812,0.0,0.3125,20.399673356236132,20000419
Random,13.281011778109638,9,0.75,0.7647502584741547,0.75,0.25,0.8889466226919044,0.18987748957291659,0.0,0.3541666666666667,22.081551307863517,20000420
Random,5.200117749830595,4,0.3333333333333333,0.349813862671195,0.5833333333333334,0.6666666666666667,0.8570967908782011,0.20887200159956074,0.0,0.3541666666666667,20.36243813712435,20000421
Random,10.118539262729875,7,0.5833333333333334,0.6187174843052134,0.6666666666666666,0.41666666666666663,0.8355562156979325,0.19386283221354295,0.0,0.3125,21.129051700589482,20000422
Random,10.421149877653962,7,0.5833333333333334,0.6933098444099188,0.8333333333333334,0.41666666666666663,0.8260719654065785,0.21915497671382647,0.0,0.2708333333333333,22.15185266061026,20000423
Random,8.080751289264652,6,0.5,0.3899085997700913,0.6666666666666666,0.5,0.8711696858605409,0.156983789021344,0.0,0.3541666666666667,21.2787832511986,20000424
Random,6.025830031916813,5,0.4166666666666667,0.30579042223413083,0.6666666666666666,0.5833333333333333,0.8129299931005834,0.23368066793465836,0.0,0.2708333333333333,20.64393902482508,20000425
Random,10.839525510132002,8,0.6666666666666666,0.5094666868616421,0.75,0.33333333333333337,0.8533007358074295,0.24828618279124082,0.0,0.2708333333333333,22.667116514634312,20000426
Random,11.137379542504219,8,0.6666666666666666,0.5445639415018639,0.6666666666666666,0.33333333333333337,0.878000025469499,0.1414409402209159,0.0,0.3958333333333333,20.835699608848607,20000427
Random,11.59629465496043,8,0.6666666666666666,0.5646905704233629,0.75,0.33333333333333337,0.8881762834574797,0.2127069097986498,0.0,0.3125,23.211185055983552,20000428
Random,16.129429203198562,11,0.9166666666666666,0.903419579601937,0.9166666666666666,0.08333333333333337,0.824437093631285,0.3069334729678976,0.0,0.22916666666666666,23.810152121823474,20000429
Random,8.543708821691055,6,0.5,0.6936590346296411,0.75,0.5,0.8234266694289322,0.2845889455541921,0.0,0.25,22.653216963560958,20000430
Random,9.37965508112257,7,0.5833333333333334,0.5051091053120508,0.6666666666666666,0.41666666666666663,0.8033919621544001,0.25126105739219473,0.0,0.2708333333333333,21.203842844486335,20000431
Random,10.412376057408633,7,0.5833333333333334,0.5445116219946223,0.8333333333333334,0.41666666666666663,0.8892943390848297,0.20162356010936144,0.0,0.2916666666666667,24.178153770995323,20000432
Random,10.443225353356837,7,0.5833333333333334,0.5071361652876738,0.75,0.41666666666666663,0.8867062445919535,0.2130578542397017,0.0,0.2916666666666667,24.124715699487183,20000433
Random,9.828901659935237,7,0.5833333333333334,0.509397256357222,0.6666666666666666,0.41666666666666663,0.8649194686678604,0.179625032891875,0.0,0.375,20.552973503292172,20000434
Random,14.589480711728571,9,0.75,0.8447964862464822,0.8333333333333334,0.25,0.8915854146126749,0.22688414858670206,0.0,0.2708333333333333,25.298944178919637,20000435
Random,13.692887390615775,9,0.75,0.8078072823571596,0.75,0.25,0.8882542648191999,0.1936289624015465,0.0,0.3333333333333333,22.38452956413612,20000436
Random,6.837294848086051,5,0.4166666666666667,0.4194733519513605,0.6666666666666666,0.5833333333333333,0.9124445239258376,0.14127585027871772,0.0,0.4375,20.798002447109468,20000437
Random,11.158356545490939,8,0.6666666666666666,0.5601566263407969,0.6666666666666666,0.33333333333333337,0.8012864827875195,0.20072091380435889,0.0,0.3333333333333333,20.521531776946777,20000438
Random,6.670422790379426,5,0.4166666666666667,0.31900939004465545,0.5833333333333334,0.5833333333333333,0.889345241261044,0.1599027929845748,0.0,0.3958333333333333,20.874129532293363,20000439
Random,12.867422489717871,9,0.75,0.6996718767408947,0.8333333333333334,0.25,0.8680686510126603,0.16331353577311833,0.0,0.3333333333333333,22.31390139557205,20000440
Random,5.780087706767341,5,0.4166666666666667,0.23841250264384306,0.5833333333333334,0.5833333333333333,0.8559128809564497,0.15550325565495454,0.0,0.4375,17.66276231381529,20000441
Random,14.705041016542285,10,0.8333333333333334,0.8078434261974221,0.8333333333333334,0.16666666666666663,0.8451591546850427,0.24546905390882648,0.0,0.22916666666666666,24.097911264685987,20000442
Random,11.68017645304268,8,0.6666666666666666,0.5635601025968995,0.75,0.33333333333333337,0.8789131014670609,0.26301021822111065,0.0,0.2708333333333333,23.089626948584296,20000443
Random,9.418218319387826,7,0.5833333333333334,0.4515827703036765,0.6666666666666666,0.41666666666666663,0.8180815943469324,0.22181226131303147,0.0,0.2916666666666667,22.17508792337551,20000444
Random,8.293498622581364,6,0.5,0.41486014835585505,0.6666666666666666,0.5,0.8739188488481618,0.18844265300893515,0.0,0.3541666666666667,21.382546180945358,20000445
Random,8.651742239606058,6,0.5,0.5480504611795773,0.6666666666666666,0.5,0.8414765945333218,0.2760397167551328,0.0,0.25,23.432891801138034,20000446
Random,6.726394784813602,5,0.4166666666666667,0.3435688706258188,0.5833333333333334,0.5833333333333333,0.88649056142406,0.19316068202937928,0.0,0.3958333333333333,20.402231936560373,20000447
Random,8.42448706451813,6,0.5,0.5005179388050657,0.6666666666666666,0.5,0.8811929764456771,0.2120199032784901,0.0,0.3125,22.12788570623519,20000448
Random,8.408671585951675,6,0.5,0.5372624059236336,0.5833333333333334,0.5,0.8826641707828785,0.1343593674239356,0.0,0.4375,18.42024798540472,20000449
Random,6.858253813102398,5,0.4166666666666667,0.32530866507349765,0.6666666666666666,0.5833333333333333,0.9133708604871208,0.1651394201118994,0.0,0.3958333333333333,20.48058269091404,20000450
Random,9.676037633762625,7,0.5833333333333334,0.4640254845846814,0.75,0.41666666666666663,0.8715599734626732,0.18543362320023274,0.0,0.3333333333333333,20.750422660038797,20000451
Random,8.862250645997886,6,0.5,0.4782410579551698,0.5833333333333334,0.5,0.895285689667315,0.16560991807832948,0.0,0.4166666666666667,20.085138963040517,20000452
Random,4.426077171140468,4,0.3333333333333333,0.284193314903592,0.5,0.6666666666666667,0.8413996789437573,0.23152953393796458,0.0,0.3541666666666667,19.890551515073042,20000453
Random,9.396103584111595,7,0.5833333333333334,0.3929317732522923,0.75,0.41666666666666663,0.8602661964050412,0.21911440068871946,0.0,0.2916666666666667,23.421883742637405,20000454
Random,9.444419068848795,7,0.5833333333333334,0.4407679511042019,0.75,0.41666666666666663,0.8643442394482209,0.2170932547770005,0.0,0.2708333333333333,22.48501552507176,20000455
Random,8.79279550099698,7,0.5833333333333334,0.42112848272188225,0.75,0.41666666666666663,0.7939176122618344,0.27112770957336246,0.0,0.20833333333333334,22.843005728334703,20000456
Random,6.8196599008632415,5,0.4166666666666667,0.329033947185316,0.6666666666666666,0.5833333333333333,0.8544333418517113,0.20176352719406485,0.0,0.3333333333333333,21.31974230742291,20000457
Random,6.5487593324092535,5,0.4166666666666667,0.33863591042097413,0.5833333333333334,0.5833333333333333,0.8745299455449241,0.22550312688322097,0.0,0.375,20.93917103289536,20000458
Random,13.29284597817381,9,0.75,0.6558717038356662,0.8333333333333334,0.25,0.8913190292895857,0.26248460202235124,0.0,0.22916666666666666,23.8092686226463,20000459
Random,11.333021408989183,8,0.6666666666666666,0.5160350287790295,0.75,0.33333333333333337,0.9114738843545572,0.1176515260950755,0.0,0.4166666666666667,20.81667813239549,20000460
Random,3.5278804894910074,3,0.25,0.21895227645194615,0.6666666666666666,0.75,0.8999845154708971,0.22017432597827305,0.0,0.3333333333333333,21.431679016741143,20000461
Random,12.317902444332304,8,0.6666666666666666,0.7392681545914781,0.8333333333333334,0.33333333333333337,0.8617073215087993,0.2660396067947149,0.0,0.2708333333333333,24.165128294910925,20000462
Random,9.834847949909046,7,0.5833333333333334,0.49902628051013365,0.75,0.41666666666666663,0.8204568862841061,0.27807494927538984,0.0,0.1875,24.118027888314916,20000463
Random,9.345734925683898,7,0.5833333333333334,0.6283953782123162,0.5833333333333334,0.41666666666666663,0.7622092128923065,0.3010843223908087,0.0,0.22916666666666666,22.237353839206577,20000464
Random,9.374281305224038,7,0.5833333333333334,0.4618433302728417,0.75,0.41666666666666663,0.8339960468665678,0.22246897324696582,0.0,0.2916666666666667,21.942580868536783,20000465
Random,8.488092885113897,6,0.5,0.39394374970847984,0.75,0.5,0.8194050448767233,0.19042026665853554,0.0,0.3125,22.54585570532981,20000466
Random,6.696568778209776,5,0.4166666666666667,0.4729451338653854,0.6666666666666666,0.5833333333333333,0.8544925042486234,0.13728831265969932,0.0,0.4166666666666667,18.586130272941464,20000467
Random,11.172933649719912,8,0.6666666666666666,0.5998940604074436,0.75,0.33333333333333337,0.8219744642593229,0.2089164975625372,0.0,0.3541666666666667,20.041207617984707,20000468
Random,8.01528575870595,6,0.5,0.35393846891992325,0.75,0.5,0.8512575818176323,0.18208523874884977,0.0,0.3125,22.765961909566983,20000469
Random,9.94267569687746,7,0.5833333333333334,0.6853456566158361,0.75,0.41666666666666663,0.8267477049525994,0.2267331466805418,0.0,0.2708333333333333,22.131626304885724,20000470
Random,13.466707636235391,9,0.75,0.7315228740022885,0.75,0.25,0.8662828914815232,0.2753444040751797,0.0,0.25,23.40724513612817,20000471
Random,8.28951123916766,6,0.5,0.47341448980211204,0.5833333333333334,0.5,0.8822367969786015,0.1616323667138771,0.0,0.3958333333333333,20.801687567567747,20000472
Random,6.283571230132596,5,0.4166666666666667,0.3123708747116816,0.6666666666666666,0.5833333333333333,0.8906017287259423,0.14503511552343096,0.0,0.3958333333333333,20.33621415547258,20000473
Random,13.373441838211898,9,0.75,0.6587093504569925,0.75,0.25,0.8581745976463019,0.23793049426246693,0.0,0.2708333333333333,23.83353130233115,20000474
Random,8.061527734976746,6,0.5,0.4108217432955258,0.6666666666666666,0.5,0.8773789160093418,0.22071071183316696,0.0,0.3541666666666667,19.79103476541291,20000475
Random,7.351081566514614,6,0.5,0.4137163261462096,0.5833333333333334,0.5,0.8607920953046874,0.14897957497147074,0.0,0.3958333333333333,19.146496180527013,20000476
Random,9.892748492255118,7,0.5833333333333334,0.45966995983019654,0.75,0.41666666666666663,0.8546490416801135,0.20003753819903672,0.0,0.2708333333333333,23.403496784140053,20000477
Random,9.920465570924504,7,0.5833333333333334,0.4438850967420167,0.75,0.41666666666666663,0.8704485417085776,0.23132846386097614,0.0,0.2708333333333333,22.73312380562116,20000478
Random,9.612829275938676,7,0.5833333333333334,0.5434559012113169,0.6666666666666666,0.41666666666666663,0.8007266158795487,0.2889543151917039,0.0,0.25,21.91146803058013,20000479
Random,11.452211226144877,8,0.6666666666666666,0.5955024232945383,0.6666666666666666,0.33333333333333337,0.8583444768024906,0.28907130471359815,0.0,0.25,23.79168591217995,20000480
Random,8.41049741992951,6,0.5,0.5538143158351011,0.6666666666666666,0.5,0.8710988572531572,0.15146473056780937,0.0,0.3541666666666667,21.197073770954127,20000481
Random,7.90488133676216,6,0.5,0.3584004778905424,0.6666666666666666,0.5,0.8450579640694134,0.23167225630931035,0.0,0.2708333333333333,22.885733163162747,20000482
Random,13.603524262496657,9,0.75,0.6857103260592092,0.8333333333333334,0.25,0.8907244226350448,0.16068311656526432,0.0,0.3125,23.59318607314044,20000483
Random,6.615387548035037,5,0.4166666666666667,0.32507063744275055,0.6666666666666666,0.5833333333333333,0.8642878813611165,0.19691923683717202,0.0,0.3333333333333333,21.65420463780072,20000484
Random,6.849428171974861,6,0.5,0.34652477711271124,0.6666666666666666,0.5,0.7142253562089472,0.2864813044808364,0.0,0.16666666666666666,20.955119900364334,20000485
Random,6.372012741700215,5,0.4166666666666667,0.3486673164442064,0.6666666666666666,0.5833333333333333,0.8590311280788739,0.18604427965067713,0.0,0.375,20.191621578881332,20000486
Random,10.072141858185148,7,0.5833333333333334,0.5701800800246049,0.6666666666666666,0.41666666666666663,0.8546230596864222,0.23877105556435274,0.0,0.2916666666666667,22.786366718541164,20000487
Random,5.049407136822587,4,0.3333333333333333,0.34565165812700577,0.5833333333333334,0.6666666666666667,0.8594192667743975,0.17619199775744296,0.0,0.3333333333333333,21.56772444878602,20000488
Random,3.0731907873024116,3,0.25,0.27974920211896687,0.4166666666666667,0.75,0.9049281212904984,0.09492146546265805,0.0,0.5625,16.502728776929956,20000489
Random,9.35295584351629,7,0.5833333333333334,0.5681625548825554,0.6666666666666666,0.41666666666666663,0.8019259943715085,0.2933710539898053,0.0,0.25,21.03761874026955,20000490
Random,9.438702600234674,7,0.5833333333333334,0.46631821733556905,0.5833333333333334,0.41666666666666663,0.8556360257321396,0.1811822224784935,0.0,0.4166666666666667,18.689176594207517,20000491
Random,9.090628571335918,7,0.5833333333333334,0.44912338158232235,0.75,0.41666666666666663,0.8341108177736659,0.3039887259937542,0.0,0.22916666666666666,22.988588042514234,20000492
Random,6.376748273347747,5,0.4166666666666667,0.3300253484264896,0.6666666666666666,0.5833333333333333,0.8594603087411435,0.19417995020253512,0.0,0.3333333333333333,21.601111498810106,20000493
Random,7.934675849386321,6,0.5,0.3538103705433249,0.75,0.5,0.8843435796012425,0.16832269178684175,0.0,0.3541666666666667,20.96572414274253,20000494
Random,7.859688069747053,6,0.5,0.36841979886088955,0.6666666666666666,0.5,0.8450479949737777,0.17765598690943354,0.0,0.3333333333333333,20.823988362612155,20000495
Random,9.738808870902506,7,0.5833333333333334,0.5728294520953305,0.6666666666666666,0.41666666666666663,0.9175737115482877,0.18715569941764368,0.0,0.3541666666666667,22.721820405070364,20000496
Random,6.626613538769909,5,0.4166666666666667,0.4926834694024539,0.5833333333333334,0.5833333333333333,0.8524873156015499,0.17999753605788607,0.0,0.3958333333333333,18.04368670911264,20000497
Random,1.6496883761596544,2,0.16666666666666666,0.17936482479153296,0.5833333333333334,0.8333333333333334,0.869459115740609,0.15229518452286805,0.0,0.4375,18.74045219922865,20000498
Random,7.784702055954019,6,0.5,0.33396607825960256,0.6666666666666666,0.5,0.8669159589135814,0.14491290360496054,0.0,0.4166666666666667,19.25957176126566,20000499
EDF-Periodic,9.766233624165148,7,0.5833333333333334,0.6694501006506114,0.6666666666666666,0.41666666666666663,0.8168935142689184,0.3328827369084227,0.0,0.1875,23.149744769265766,20000000
EDF-Periodic,10.376608761871701,7,0.5833333333333334,0.6363648418966075,0.75,0.41666666666666663,0.8301580296321696,0.2858913814204265,0.0,0.1875,24.027250924278505,20000001
EDF-Periodic,11.625626622396137,8,0.6666666666666666,0.5812218443470323,0.8333333333333334,0.33333333333333337,0.8824998493564621,0.30128471280211083,0.0,0.1875,24.877805877711992,20000002
EDF-Periodic,12.952545455927908,9,0.75,0.7383472111656727,0.75,0.25,0.8071586821817474,0.28172808392221144,0.0,0.1875,23.611902766198035,20000003
EDF-Periodic,12.576363901183084,9,0.75,0.6991164139033571,0.75,0.25,0.7694068795879033,0.2486965857314373,0.0,0.1875,22.986737746518894,20000004
EDF-Periodic,12.989320429682216,9,0.75,0.6661054169170676,0.75,0.25,0.7965820087141088,0.2823802001317178,0.0,0.1875,23.434510297737003,20000005
EDF-Periodic,6.300772435716109,5,0.4166666666666667,0.4398664987540353,0.5833333333333334,0.5833333333333333,0.7747230726966358,0.3298680594035179,0.0,0.1875,22.436616254554526,20000006
EDF-Periodic,6.149451517524305,5,0.4166666666666667,0.5005607668355349,0.5833333333333334,0.5833333333333333,0.7416877511919804,0.3514575661256955,0.0,0.1875,20.816986243692103,20000007
EDF-Periodic,3.9397151076724333,4,0.3333333333333333,0.36056501362494786,0.5,0.6666666666666667,0.6957478928733861,0.33877031443714695,0.0,0.1875,19.20575019676856,20000008
EDF-Periodic,11.428314699409924,8,0.6666666666666666,0.655964018482246,0.75,0.33333333333333337,0.7895937099015216,0.28870222978950205,0.0,0.1875,23.00624926244674,20000009
EDF-Periodic,11.479417873178427,8,0.6666666666666666,0.575908041821078,0.75,0.33333333333333337,0.7837725198292347,0.26700059975156104,0.0,0.1875,22.446101033471447,20000010
EDF-Periodic,14.942985563728197,10,0.8333333333333334,0.873594930669756,0.8333333333333334,0.16666666666666663,0.8121931743667975,0.2693462721795238,0.0,0.1875,23.9130746996042,20000011
EDF-Periodic,8.379432444622125,6,0.5,0.49831388017641126,0.8333333333333334,0.5,0.8301823307832311,0.29641482433326444,0.0,0.1875,23.697779379272518,20000012
EDF-Periodic,8.047735482512433,6,0.5,0.5367224505900258,0.6666666666666666,0.5,0.7605534729963193,0.3101332909821605,0.0,0.1875,21.62416171788094,20000013
EDF-Periodic,6.366025914199554,5,0.4166666666666667,0.41262975859793133,0.75,0.5833333333333333,0.7710444027213423,0.31580822986717744,0.0,0.1875,21.992232611892696,20000014
EDF-Periodic,15.413454503880933,10,0.8333333333333334,0.7904297276102032,0.8333333333333334,0.16666666666666663,0.885668983650277,0.2968153411408484,0.0,0.1875,26.57054795547293,20000015
EDF-Periodic,10.819646830811713,8,0.6666666666666666,0.5964252977010891,0.75,0.33333333333333337,0.7611477860833649,0.2872992103277742,0.0,0.1875,21.577336409866277,20000016
EDF-Periodic,14.61648892750326,10,0.8333333333333334,0.8198198340460459,0.8333333333333334,0.16666666666666663,0.7614541276476703,0.3017774590893289,0.0,0.1875,23.093827061944072,20000017
EDF-Periodic,8.431610848431777,6,0.5,0.4916403672968872,0.6666666666666666,0.5,0.8194730176610161,0.3496226871151782,0.0,0.1875,22.551441668905234,20000018
EDF-Periodic,17.04468692462712,11,0.9166666666666666,0.8563257073879647,0.9166666666666666,0.08333333333333337,0.8826001562157156,0.26398728592863985,0.0,0.1875,25.233963805417197,20000019
EDF-Periodic,11.356984794893904,8,0.6666666666666666,0.674072972007522,0.6666666666666666,0.33333333333333337,0.7961878084650168,0.30768721838271595,0.0,0.1875,23.35959373471537,20000020
EDF-Periodic,16.995615761109548,11,0.9166666666666666,0.9513246290030282,0.9166666666666666,0.08333333333333337,0.8186780972757083,0.23097530068161257,0.0,0.1875,25.098674427298967,20000021
EDF-Periodic,4.212629365825515,4,0.3333333333333333,0.397967174974404,0.5833333333333334,0.6666666666666667,0.7172369673992058,0.31322809277065783,0.0,0.1875,20.350773765306037,20000022
EDF-Periodic,13.014697406692026,9,0.75,0.6890459849436612,0.75,0.25,0.782591856010851,0.303956569833665,0.0,0.1875,22.925799686715663,20000023
EDF-Periodic,15.597136241528895,10,0.8333333333333334,0.8486206286167023,0.8333333333333334,0.16666666666666663,0.8669477203499886,0.27255649211488076,0.0,0.1875,24.561832187100872,20000024
EDF-Periodic,8.07378059547969,6,0.5,0.48643728613738946,0.6666666666666666,0.5,0.7677281883605156,0.3313384676705678,0.0,0.1875,22.069765522140063,20000025
EDF-Periodic,10.000102258731863,7,0.5833333333333334,0.6271582411005805,0.8333333333333334,0.41666666666666663,0.8167922105046893,0.2933318990739677,0.0,0.1875,23.242999329695383,20000026
EDF-Periodic,14.766365981613058,10,0.8333333333333334,0.778703669844218,0.8333333333333334,0.16666666666666663,0.8036263236579732,0.27166598074862547,0.0,0.1875,23.5569791011135,20000027
EDF-Periodic,16.77977444627706,11,0.9166666666666666,0.9021027615801543,0.9166666666666666,0.08333333333333337,0.8161799918304004,0.2615378882922873,0.0,0.1875,24.940810824217696,20000028
EDF-Periodic,10.953527342768925,8,0.6666666666666666,0.6484709970123765,0.75,0.33333333333333337,0.7722327574987787,0.25619798852362563,0.0,0.1875,22.636105515382773,20000029
EDF-Periodic,4.05091160315348,4,0.3333333333333333,0.3442519934873874,0.5,0.6666666666666667,0.6966697579875974,0.3406077955123999,0.0,0.1875,19.893755703862507,20000030
EDF-Periodic,11.815024864646668,8,0.6666666666666666,0.6406007485460516,0.75,0.33333333333333337,0.8140386051833213,0.2841012707122584,0.0,0.1875,23.68769046462261,20000031
EDF-Periodic,15.029737886053741,10,0.8333333333333334,0.78056534048071,0.8333333333333334,0.16666666666666663,0.8267582383405155,0.29800760062624937,0.0,0.1875,23.689886492606252,20000032
EDF-Periodic,11.172929931395263,8,0.6666666666666666,0.5540416792994556,0.75,0.33333333333333337,0.8184858703787624,0.311583483774474,0.0,0.1875,23.723146602945715,20000033
EDF-Periodic,9.63183885001349,7,0.5833333333333334,0.5936669964789762,0.6666666666666666,0.41666666666666663,0.7640950340329522,0.29593027902169505,0.0,0.1875,22.568819373827164,20000034
EDF-Periodic,11.836430365322869,8,0.6666666666666666,0.731306844068756,0.75,0.33333333333333337,0.7801634899945095,0.3225814651111769,0.0,0.1875,22.679041380515223,20000035
EDF-Periodic,16.0484059864109,11,0.9166666666666666,0.8431233532732969,0.9166666666666666,0.08333333333333337,0.8356253851428024,0.21587760176815585,0.0,0.1875,25.348290284488407,20000036
EDF-Periodic,13.647322285153216,9,0.75,0.7296314465076025,0.75,0.25,0.8288136577751505,0.3233660572451576,0.0,0.1875,24.81218575646734,20000037
EDF-Periodic,11.770738388770527,8,0.6666666666666666,0.7449371133274786,0.75,0.33333333333333337,0.7884482507308602,0.29946536025316756,0.0,0.1875,23.150334148687126,20000038
EDF-Periodic,13.386740469347851,9,0.75,0.7104035679926417,0.75,0.25,0.80708584497498,0.2835591137278503,0.0,0.1875,23.567295816887874,20000039
EDF-Periodic,4.632218963735723,4,0.3333333333333333,0.3661337609300615,0.5833333333333334,0.6666666666666667,0.7554417237969379,0.3248368038298635,0.0,0.1875,20.90488565394841,20000040
EDF-Periodic,9.912615331903602,7,0.5833333333333334,0.5910678503048732,0.6666666666666666,0.41666666666666663,0.8554137774020156,0.2927049505292907,0.0,0.1875,23.733598864739967,20000041
EDF-Periodic,15.254807243569415,10,0.8333333333333334,0.8251151122097351,0.8333333333333334,0.16666666666666663,0.8253349591275908,0.29298215976714354,0.0,0.1875,24.20079427136372,20000042
EDF-Periodic,15.138703559111988,10,0.8333333333333334,0.8287161500869419,0.8333333333333334,0.16666666666666663,0.8074394478233717,0.2549254007662578,0.0,0.1875,23.56122702003484,20000043
EDF-Periodic,9.803801154393431,7,0.5833333333333334,0.5943815818673922,0.6666666666666666,0.41666666666666663,0.7865652137151652,0.3138480051974524,0.0,0.1875,21.793157912559195,20000044
EDF-Periodic,9.690795822359064,7,0.5833333333333334,0.5443274502821023,0.6666666666666666,0.41666666666666663,0.7397795011660113,0.31340728465168893,0.0,0.1875,21.59114377739198,20000045
EDF-Periodic,4.269930224693049,4,0.3333333333333333,0.3678407924871709,0.5833333333333334,0.6666666666666667,0.7270012812723822,0.35724236727414294,0.0,0.1875,20.504643121570428,20000046
EDF-Periodic,16.516419084547017,11,0.9166666666666666,0.8863104518370807,0.9166666666666666,0.08333333333333337,0.8259619112500426,0.22755739769862973,0.0,0.1875,24.438602299794912,20000047
EDF-Periodic,7.635769124962066,6,0.5,0.4716778883709938,0.6666666666666666,0.5,0.7474655990027167,0.31140477992365534,0.0,0.1875,22.200042162001246,20000048
EDF-Periodic,7.704722365599106,6,0.5,0.45169668724591455,0.75,0.5,0.7973703460068551,0.2688228157676625,0.0,0.1875,23.314616735323515,20000049
EDF-Periodic,9.77013714124453,7,0.5833333333333334,0.5865932072988334,0.75,0.41666666666666663,0.7890237646069228,0.29680328239870923,0.0,0.1875,22.881483249463628,20000050
EDF-Periodic,10.040017275047962,7,0.5833333333333334,0.561755410535662,0.75,0.41666666666666663,0.8151983157631943,0.3044447175207014,0.0,0.1875,24.03504618599914,20000051
EDF-Periodic,9.974461240592785,7,0.5833333333333334,0.5784001511930669,0.75,0.41666666666666663,0.8072621383109801,0.3116182196725427,0.0,0.1875,23.04194064588814,20000052
EDF-Periodic,13.184332303538692,9,0.75,0.7751797447527754,0.75,0.25,0.8060386757406427,0.2936326284466842,0.0,0.1875,23.280514669678187,20000053
EDF-Periodic,13.734425882649692,9,0.75,0.8140136285760645,0.75,0.25,0.8178996325845045,0.2782768669178315,0.0,0.1875,24.197095610614227,20000054
EDF-Periodic,7.797518165793854,6,0.5,0.4266934555460394,0.75,0.5,0.81194472180676,0.31633596573174655,0.0,0.1875,22.781162163092397,20000055
EDF-Periodic,12.703695548046609,9,0.75,0.658152032757246,0.75,0.25,0.8168361920942203,0.2581200957145362,0.0,0.1875,22.71466981240781,20000056
EDF-Periodic,6.843585031622781,5,0.4166666666666667,0.49936959831448424,0.5833333333333334,0.5833333333333333,0.7416178704076862,0.36496054868535727,0.0,0.1875,21.509371593779395,20000057
EDF-Periodic,10.959647964843807,8,0.6666666666666666,0.6691662090160282,0.6666666666666666,0.33333333333333337,0.7540107018715879,0.28293731450125653,0.0,0.1875,21.727285986458014,20000058
EDF-Periodic,8.481955184161675,6,0.5,0.5233024833839132,0.6666666666666666,0.5,0.7954815483389455,0.3369075388184943,0.0,0.1875,22.654637773882772,20000059
EDF-Periodic,15.69711067574984,10,0.8333333333333334,0.864558982012109,0.8333333333333334,0.16666666666666663,0.8423604746263855,0.28506209720624187,0.0,0.1875,25.1093590080912,20000060
EDF-Periodic,11.836538469119649,8,0.6666666666666666,0.6620661952021751,0.6666666666666666,0.33333333333333337,0.7782542387301706,0.3286327311705088,0.0,0.1875,22.4262031353733,20000061
EDF-Periodic,13.624919193974959,9,0.75,0.6828560567393931,0.75,0.25,0.8305341644300434,0.3102388442182205,0.0,0.1875,23.683855621099596,20000062
EDF-Periodic,8.312149248264754,6,0.5,0.5353143077599398,0.6666666666666666,0.5,0.7536457005343501,0.3177188850654764,0.0,0.1875,21.603329683354367,20000063
EDF-Periodic,15.363465243434035,10,0.8333333333333334,0.8425083318908804,0.8333333333333334,0.16666666666666663,0.8502331786220664,0.2602546210856718,0.0,0.1875,24.646003190912424,20000064
EDF-Periodic,7.758570262838789,6,0.5,0.467041322714756,0.6666666666666666,0.5,0.7656853046292226,0.33490526239907786,0.0,0.1875,21.467310342060244,20000065
EDF-Periodic,15.859185093403774,10,0.8333333333333334,0.8105308598217211,0.8333333333333334,0.16666666666666663,0.8562932838734026,0.29477419404353294,0.0,0.1875,25.547493358791414,20000066
EDF-Periodic,13.771633354470241,9,0.75,0.8341607312764548,0.75,0.25,0.8452019515416418,0.3158271194954855,0.0,0.1875,24.075110342306814,20000067
EDF-Periodic,6.691404518765457,5,0.4166666666666667,0.43008568314293805,0.6666666666666666,0.5833333333333333,0.7792079939001663,0.30863537812509306,0.0,0.1875,22.380313856645866,20000068
EDF-Periodic,14.56362092280042,10,0.8333333333333334,0.7580147344064616,0.8333333333333334,0.16666666666666663,0.8767186597734477,0.27833627556917484,0.0,0.1875,25.376222474683114,20000069
EDF-Periodic,13.880719240249661,9,0.75,0.7977913603539827,0.75,0.25,0.8333382436311242,0.2975487828611298,0.0,0.1875,23.52235403317096,20000070
EDF-Periodic,7.739150400043351,6,0.5,0.45367974884389584,0.6666666666666666,0.5,0.7520402547316314,0.32035583144072904,0.0,0.1875,22.15135263996303,20000071
EDF-Periodic,14.779252897338345,10,0.8333333333333334,0.7793681933544311,0.8333333333333334,0.16666666666666663,0.7947496279845353,0.23944075948713425,0.0,0.1875,23.106790607865538,20000072
EDF-Periodic,9.602340774764361,7,0.5833333333333334,0.5134834938147702,0.75,0.41666666666666663,0.7805031115193929,0.296885651080109,0.0,0.1875,22.233368271446107,20000073
EDF-Periodic,11.296747206876493,8,0.6666666666666666,0.5720970499132507,0.75,0.33333333333333337,0.7804732133448247,0.2749065512013078,0.0,0.1875,22.884325987018396,20000074
EDF-Periodic,8.445238035582477,6,0.5,0.4827770946691065,0.6666666666666666,0.5,0.7884409879900774,0.31645192919571535,0.0,0.1875,23.239712005245188,20000075
EDF-Periodic,4.3125395856143935,4,0.3333333333333333,0.4064716368292604,0.5,0.6666666666666667,0.7335037827399017,0.3652054236574595,0.0,0.1875,19.97314196632275,20000076
EDF-Periodic,14.778300724653858,10,0.8333333333333334,0.7658975108473918,0.8333333333333334,0.16666666666666663,0.8513033018076671,0.2684983790731404,0.0,0.1875,25.56060256806188,20000077
EDF-Periodic,12.91964687075549,9,0.75,0.7000755667575339,0.75,0.25,0.7849982185519858,0.2557708290673432,0.0,0.1875,23.5263095864617,20000078
EDF-Periodic,13.262442718304795,9,0.75,0.7332753325456024,0.75,0.25,0.7952106164672847,0.2858628482758668,0.0,0.1875,24.104751033267938,20000079
EDF-Periodic,7.118799772082239,5,0.4166666666666667,0.5090067501547868,0.6666666666666666,0.5833333333333333,0.8262160004721082,0.35153383377788344,0.0,0.1875,23.143880792997827,20000080
EDF-Periodic,6.1433619034193025,5,0.4166666666666667,0.43779667785240556,0.5833333333333334,0.5833333333333333,0.7298836870932139,0.3370570893435776,0.0,0.1875,20.54599135088251,20000081
EDF-Periodic,16.720704780899094,11,0.9166666666666666,0.8413704854718621,0.9166666666666666,0.08333333333333337,0.8703411106974399,0.230903157506115,0.0,0.1875,26.503777536768585,20000082
EDF-Periodic,13.350589301020635,9,0.75,0.7815707570492915,0.75,0.25,0.792492395434496,0.3019007693765555,0.0,0.1875,24.8518456569235,20000083
EDF-Periodic,13.097766644540124,9,0.75,0.707291225179486,0.75,0.25,0.7816709756421426,0.2824212158746184,0.0,0.1875,22.27290338975597,20000084
EDF-Periodic,10.070961368871458,7,0.5833333333333334,0.5810834470633229,0.6666666666666666,0.41666666666666663,0.8078735415123749,0.325562828831849,0.0,0.1875,23.5367780561941,20000085
EDF-Periodic,9.989133682031456,7,0.5833333333333334,0.557547872034184,0.75,0.41666666666666663,0.8252579073772659,0.3159984783885414,0.0,0.1875,23.668958893703063,20000086
EDF-Periodic,13.689903801205066,9,0.75,0.7715534821314881,0.75,0.25,0.8217799003832233,0.2900638257658312,0.0,0.1875,24.360647595598255,20000087
EDF-Periodic,12.27088293667878,8,0.6666666666666666,0.7172632775167916,0.6666666666666666,0.33333333333333337,0.8306444207040095,0.3146745769245381,0.0,0.1875,24.81028608453457,20000088
EDF-Periodic,10.982083418421588,8,0.6666666666666666,0.6347950750888213,0.75,0.33333333333333337,0.7398852869231073,0.27431787421489606,0.0,0.1875,21.686135200015077,20000089
EDF-Periodic,7.902864577118412,6,0.5,0.5037040016948822,0.75,0.5,0.7541603735277946,0.31033863566202674,0.0,0.1875,22.217481579454347,20000090
EDF-Periodic,11.240031568679298,8,0.6666666666666666,0.6327690003381001,0.75,0.33333333333333337,0.7935428771597767,0.30402278911510444,0.0,0.1875,22.428103574660035,20000091
EDF-Periodic,9.682723639882768,7,0.5833333333333334,0.5012097827396363,0.6666666666666666,0.41666666666666663,0.8110161487382438,0.3040440429260608,0.0,0.1875,22.106148874675082,20000092
EDF-Periodic,14.423478612927806,10,0.8333333333333334,0.7652744841452788,0.8333333333333334,0.16666666666666663,0.7518704204762795,0.24380470789360187,0.0,0.1875,23.279998308787924,20000093
EDF-Periodic,11.131852560686447,8,0.6666666666666666,0.6734036603293527,0.75,0.33333333333333337,0.7597790561807356,0.2945455773962047,0.0,0.1875,21.527740070243045,20000094
EDF-Periodic,8.031571263284889,6,0.5,0.5068259914386565,0.5833333333333334,0.5,0.7788463891655756,0.3400775580878726,0.0,0.1875,21.998350636140493,20000095
EDF-Periodic,13.02447842905527,9,0.75,0.72202539772517,0.75,0.25,0.810392314578515,0.2980527445614796,0.0,0.1875,24.184685870086167,20000096
EDF-Periodic,8.09638179365359,6,0.5,0.5029339999074113,0.6666666666666666,0.5,0.7617528719084331,0.2952660003901211,0.0,0.1875,20.645372708376236,20000097
EDF-Periodic,9.743515538582699,7,0.5833333333333334,0.5557695912218976,0.6666666666666666,0.41666666666666663,0.8191883199576706,0.323489878108209,0.0,0.1875,23.332501712044888,20000098
EDF-Periodic,13.206430836198228,9,0.75,0.628890232770223,0.8333333333333334,0.25,0.842756382812261,0.23661092292962968,0.0,0.1875,24.603339751622435,20000099
EDF-Periodic,13.299365051342559,9,0.75,0.7339701961425413,0.75,0.25,0.8161914291079168,0.31085341556211027,0.0,0.1875,23.01771185151586,20000100
EDF-Periodic,11.598564028985159,8,0.6666666666666666,0.5745695854407624,0.75,0.33333333333333337,0.8441111765252144,0.3038117320923877,0.0,0.1875,24.451435976981628,20000101
EDF-Periodic,12.330996482671448,9,0.75,0.6505418831518992,0.75,0.25,0.7803261079804326,0.2594277974829382,0.0,0.1875,22.984898825934987,20000102
EDF-Periodic,11.520707910072504,8,0.6666666666666666,0.7191376456812987,0.6666666666666666,0.33333333333333337,0.7670508968525973,0.28930958109667,0.0,0.1875,22.619496814689278,20000103
EDF-Periodic,9.714862439862408,7,0.5833333333333334,0.5975040162761184,0.6666666666666666,0.41666666666666663,0.7655333305903967,0.2897834154991792,0.0,0.1875,22.218700339346658,20000104
EDF-Periodic,16.333540709868004,11,0.9166666666666666,0.8763481396211382,0.9166666666666666,0.08333333333333337,0.8193227681013958,0.28752384189015484,0.0,0.1875,24.118201268743487,20000105
EDF-Periodic,8.598115312966389,6,0.5,0.5750249687386356,0.6666666666666666,0.5,0.7755787000367174,0.3121590884663166,0.0,0.1875,22.66971409867052,20000106
EDF-Periodic,12.659592547883566,9,0.75,0.728328056869703,0.75,0.25,0.790708731371709,0.2997853687412774,0.0,0.1875,23.134122966002717,20000107
EDF-Periodic,14.706033481135282,10,0.8333333333333334,0.8266793192831409,0.8333333333333334,0.16666666666666663,0.8228601178082394,0.29186712009837595,0.0,0.1875,24.28791307529256,20000108
EDF-Periodic,4.510956124428818,4,0.3333333333333333,0.34472629521556103,0.5833333333333334,0.6666666666666667,0.7473473467025524,0.33127916175730787,0.0,0.1875,21.767328634441817,20000109
EDF-Periodic,6.9303575633621275,5,0.4166666666666667,0.513687715003755,0.6666666666666666,0.5833333333333333,0.7766554471055328,0.3372567575520717,0.0,0.1875,22.49242080340573,20000110
EDF-Periodic,11.373025809675719,8,0.6666666666666666,0.664500382386102,0.6666666666666666,0.33333333333333337,0.7848888967230669,0.2803645864339592,0.0,0.1875,22.12623542588926,20000111
EDF-Periodic,12.446087752889607,8,0.6666666666666666,0.6956609569272469,0.6666666666666666,0.33333333333333337,0.8505068242959557,0.3377090364305615,0.0,0.1875,24.37166343024391,20000112
EDF-Periodic,12.607911208658885,9,0.75,0.6249831648340527,0.8333333333333334,0.25,0.766083758632519,0.24318529698465133,0.0,0.1875,23.539096468100077,20000113
EDF-Periodic,6.090253023207341,5,0.4166666666666667,0.46744689425099434,0.5833333333333334,0.5833333333333333,0.7117429864224297,0.33933986337052113,0.0,0.1875,20.10449247935243,20000114
EDF-Periodic,8.31577313451982,6,0.5,0.46946935879526536,0.75,0.5,0.8108916915710244,0.31641610411532944,0.0,0.1875,23.43546586613216,20000115
EDF-Periodic,11.751668581956284,8,0.6666666666666666,0.6810973471240886,0.8333333333333334,0.33333333333333337,0.8182753190925881,0.27690462266445737,0.0,0.1875,25.340554926404803,20000116
EDF-Periodic,6.270628258146457,5,0.4166666666666667,0.49575601713461664,0.6666666666666666,0.5833333333333333,0.763566871648678,0.32022393066974725,0.0,0.1875,22.513300955674634,20000117
EDF-Periodic,9.654214184074423,7,0.5833333333333334,0.5218106970859104,0.75,0.41666666666666663,0.7914559455556315,0.2847778624600297,0.0,0.1875,22.849874837531754,20000118
EDF-Periodic,10.454952798676095,7,0.5833333333333334,0.5744087126669053,0.75,0.41666666666666663,0.8002887292413806,0.29742125871685965,0.0,0.1875,24.13789118320404,20000119
EDF-Periodic,10.19623599876879,7,0.5833333333333334,0.6179201698659511,0.6666666666666666,0.41666666666666663,0.8281309214265761,0.3153263202203187,0.0,0.1875,23.304835109685126,20000120
EDF-Periodic,4.109290843044496,4,0.3333333333333333,0.3252215051181244,0.5833333333333334,0.6666666666666667,0.7001113812087492,0.3351162259821476,0.0,0.1875,19.49597394550159,20000121
EDF-Periodic,9.579475705615504,7,0.5833333333333334,0.6570521955973244,0.5833333333333334,0.41666666666666663,0.7412118763142465,0.30285960551581104,0.0,0.1875,20.79087605039349,20000122
EDF-Periodic,14.703579581231871,10,0.8333333333333334,0.8160990584281389,0.8333333333333334,0.16666666666666663,0.8148961653828822,0.2852391048375258,0.0,0.1875,23.54663900098216,20000123
EDF-Periodic,11.351875607489173,8,0.6666666666666666,0.7331181344453338,0.75,0.33333333333333337,0.796285585984133,0.30763877635448555,0.0,0.1875,23.39962939431075,20000124
EDF-Periodic,14.333143356756038,10,0.8333333333333334,0.715135728521314,0.8333333333333334,0.16666666666666663,0.8205003634281257,0.26079415039378323,0.0,0.1875,24.26553872211957,20000125
EDF-Periodic,9.619922179625759,7,0.5833333333333334,0.5474633024914225,0.6666666666666666,0.41666666666666663,0.7424714903602712,0.32148833962773454,0.0,0.1875,22.255161525947855,20000126
EDF-Periodic,8.446105112479087,6,0.5,0.5494398841024303,0.6666666666666666,0.5,0.793268907085924,0.3143449752599928,0.0,0.1875,22.676593794781386,20000127
EDF-Periodic,12.45072083318814,9,0.75,0.7092200671302683,0.75,0.25,0.7594920262214467,0.28052079450960077,0.0,0.1875,22.78526392313307,20000128
EDF-Periodic,13.143513598894119,9,0.75,0.7298769834354666,0.75,0.25,0.7766658248391248,0.3035163760860172,0.0,0.1875,22.090985561232763,20000129
EDF-Periodic,11.406225414606352,8,0.6666666666666666,0.6435488276911482,0.75,0.33333333333333337,0.8039923890535952,0.28721564641363456,0.0,0.1875,22.08735691532428,20000130
EDF-Periodic,9.732615745368278,7,0.5833333333333334,0.5308728990000914,0.6666666666666666,0.41666666666666663,0.8048624803949217,0.2943809511021593,0.0,0.1875,22.60622918001924,20000131
EDF-Periodic,14.922472805539421,10,0.8333333333333334,0.7608104880653516,0.8333333333333334,0.16666666666666663,0.7887564510749208,0.2583103965019877,0.0,0.1875,23.83863519276005,20000132
EDF-Periodic,16.49352586227638,11,0.9166666666666666,0.8461341642680034,0.9166666666666666,0.08333333333333337,0.8170297906001055,0.24305309081118623,0.0,0.1875,23.99827300182454,20000133
EDF-Periodic,8.100019471310663,6,0.5,0.4807510563114491,0.75,0.5,0.7744166361283895,0.28960303768228735,0.0,0.1875,22.89090778605809,20000134
EDF-Periodic,15.22937156593216,10,0.8333333333333334,0.7522471245014789,0.8333333333333334,0.16666666666666663,0.8969729916546841,0.2993023420787029,0.0,0.1875,26.709045101772407,20000135
EDF-Periodic,12.90058947140573,9,0.75,0.6845719862368844,0.75,0.25,0.8206137374113037,0.2859776666928513,0.0,0.1875,23.85397408840871,20000136
EDF-Periodic,14.903315365522914,10,0.8333333333333334,0.744723640314481,0.8333333333333334,0.16666666666666663,0.8090584644708994,0.25607024141428875,0.0,0.1875,22.976780523953355,20000137
EDF-Periodic,4.2768277173145,4,0.3333333333333333,0.3731971054447636,0.5833333333333334,0.6666666666666667,0.7356824438516737,0.3319266688981129,0.0,0.1875,20.670316637133357,20000138
EDF-Periodic,9.507703641997447,7,0.5833333333333334,0.5555550011830332,0.75,0.41666666666666663,0.7554866164874957,0.2770475403022088,0.0,0.1875,20.790239404640726,20000139
EDF-Periodic,12.639560007927933,9,0.75,0.8054813452896769,0.75,0.25,0.7864385808784125,0.266345935692928,0.0,0.1875,21.868243691060815,20000140
EDF-Periodic,8.98113963912005,6,0.5,0.6127454570347426,0.6666666666666666,0.5,0.7781521599789323,0.324772511226641,0.0,0.1875,22.30829040833134,20000141
EDF-Periodic,11.221839069734292,8,0.6666666666666666,0.6791585618710888,0.6666666666666666,0.33333333333333337,0.7242391526424594,0.32816446128084004,0.0,0.1875,21.281372886644874,20000142
EDF-Periodic,7.801998964965325,6,0.5,0.46519347432582947,0.5833333333333334,0.5,0.745816124546732,0.3183166982835073,0.0,0.1875,21.1744609232125,20000143
EDF-Periodic,15.133621904616485,10,0.8333333333333334,0.8114912411891161,0.8333333333333334,0.16666666666666663,0.8358073882050249,0.2855362199633738,0.0,0.1875,25.154434401322966,20000144
EDF-Periodic,11.058472817050161,8,0.6666666666666666,0.6738202930599478,0.6666666666666666,0.33333333333333337,0.8013813223390013,0.2987951061859841,0.0,0.1875,22.463221978721492,20000145
EDF-Periodic,9.432464912090627,7,0.5833333333333334,0.5207537373942214,0.6666666666666666,0.41666666666666663,0.7664177930705861,0.276362163324493,0.0,0.1875,22.72210128289461,20000146
EDF-Periodic,9.588952579802577,7,0.5833333333333334,0.5823801740249387,0.75,0.41666666666666663,0.7458530328037005,0.27909286337567885,0.0,0.1875,21.24992237617763,20000147
EDF-Periodic,9.765518322558698,7,0.5833333333333334,0.5794787318371264,0.6666666666666666,0.41666666666666663,0.7784335734375759,0.30375666044751326,0.0,0.1875,23.185124761889202,20000148
EDF-Periodic,13.440915635364496,9,0.75,0.7263445471429958,0.75,0.25,0.8690219747900029,0.3020533009421293,0.0,0.1875,24.93115271045363,20000149
EDF-Periodic,12.761095283401508,9,0.75,0.7149592573026415,0.75,0.25,0.7660775583458368,0.2804062878285016,0.0,0.1875,22.407073318584988,20000150
EDF-Periodic,13.25076088958546,9,0.75,0.7551179197896806,0.8333333333333334,0.25,0.814864604089923,0.2699424076508989,0.0,0.1875,23.574414561439912,20000151
EDF-Periodic,4.880007895569619,4,0.3333333333333333,0.40811667213769726,0.6666666666666666,0.6666666666666667,0.7559550682368243,0.33532866021421154,0.0,0.1875,20.831800041224124,20000152
EDF-Periodic,15.421288397270393,10,0.8333333333333334,0.8515469109309606,0.8333333333333334,0.16666666666666663,0.8164224509145219,0.2891422944954784,0.0,0.1875,24.62439382163459,20000153
EDF-Periodic,15.156697970628738,10,0.8333333333333334,0.7907854490987808,0.8333333333333334,0.16666666666666663,0.8755778061547727,0.2788812439133987,0.0,0.1875,24.305332235825137,20000154
EDF-Periodic,9.656149953754397,7,0.5833333333333334,0.6044590830839204,0.6666666666666666,0.41666666666666663,0.7501211397966303,0.29137221587746653,0.0,0.1875,22.09651357169986,20000155
EDF-Periodic,11.383614617200047,8,0.6666666666666666,0.68155853956262,0.6666666666666666,0.33333333333333337,0.7738140232008174,0.3350372489279356,0.0,0.1875,21.469294602561238,20000156
EDF-Periodic,7.994681776107533,6,0.5,0.4645839011915167,0.75,0.5,0.8110421980623443,0.31217738631108155,0.0,0.1875,23.863613607943257,20000157
EDF-Periodic,12.092707788511422,8,0.6666666666666666,0.69987598043327,0.75,0.33333333333333337,0.8289747144310562,0.30874808648429986,0.0,0.1875,22.882404017387135,20000158
EDF-Periodic,4.822920875088737,4,0.3333333333333333,0.42573618777567274,0.5833333333333334,0.6666666666666667,0.754062328373422,0.3402482312470367,0.0,0.1875,21.305171943984373,20000159
EDF-Periodic,11.392597112013986,8,0.6666666666666666,0.640259152674685,0.75,0.33333333333333337,0.7928440688163558,0.28880207211597014,0.0,0.1875,24.119889292008555,20000160
EDF-Periodic,14.760466590076952,10,0.8333333333333334,0.8362554007243759,0.8333333333333334,0.16666666666666663,0.7861271598842352,0.2825096544476704,0.0,0.1875,23.074519369259,20000161
EDF-Periodic,6.125150598706654,5,0.4166666666666667,0.39193578762857045,0.6666666666666666,0.5833333333333333,0.7469391655336626,0.31835022405684354,0.0,0.1875,20.629466028293763,20000162
EDF-Periodic,15.301332812405665,10,0.8333333333333334,0.7958539887835746,0.8333333333333334,0.16666666666666663,0.7897956319372245,0.274684173920219,0.0,0.1875,24.310768326433447,20000163
EDF-Periodic,10.086925555856984,7,0.5833333333333334,0.5443497317450668,0.6666666666666666,0.41666666666666663,0.791363707830952,0.3055554897353774,0.0,0.1875,22.57151191579161,20000164
EDF-Periodic,14.480114698038072,10,0.8333333333333334,0.7647603172304964,0.8333333333333334,0.16666666666666663,0.8396775241532041,0.2743001775097759,0.0,0.1875,23.911174834256155,20000165
EDF-Periodic,11.84763065392592,8,0.6666666666666666,0.6949974291421073,0.75,0.33333333333333337,0.8326725964221442,0.32066729947099354,0.0,0.1875,24.009212223566138,20000166
EDF-Periodic,13.197072665429552,9,0.75,0.7542713398634269,0.8333333333333334,0.25,0.7932359654317169,0.25780735386707615,0.0,0.1875,23.752447840799817,20000167
EDF-Periodic,7.7261780686063215,6,0.5,0.47085306833085167,0.6666666666666666,0.5,0.7501867702858661,0.31452704788368907,0.0,0.1875,20.933193152057637,20000168
EDF-Periodic,13.395548247542237,9,0.75,0.7891397905821587,0.75,0.25,0.8150125214484154,0.2998161920498266,0.0,0.1875,23.740709752197844,20000169
EDF-Periodic,8.181896484454851,6,0.5,0.5660601819063473,0.5833333333333334,0.5,0.7584247223445617,0.3206835142330901,0.0,0.1875,21.057229607241997,20000170
EDF-Periodic,14.87345268399874,10,0.8333333333333334,0.8017049442099268,0.8333333333333334,0.16666666666666663,0.8232086599091121,0.2713795475029307,0.0,0.1875,24.46808462534021,20000171
EDF-Periodic,14.983144774218744,10,0.8333333333333334,0.839400579894181,0.8333333333333334,0.16666666666666663,0.8429781925241843,0.29191657883505623,0.0,0.1875,24.837108012490635,20000172
EDF-Periodic,13.727246643629599,9,0.75,0.6797649621842211,0.8333333333333334,0.25,0.8240690147415237,0.2820439104564021,0.0,0.1875,25.221052116565605,20000173
EDF-Periodic,15.204305997150195,10,0.8333333333333334,0.7780916426325999,0.8333333333333334,0.16666666666666663,0.852655494678546,0.2788668663081801,0.0,0.1875,25.19420492388707,20000174
EDF-Periodic,9.18744958810812,7,0.5833333333333334,0.5662706587903871,0.6666666666666666,0.41666666666666663,0.7452564292175937,0.29243252029577543,0.0,0.1875,21.580980013871375,20000175
EDF-Periodic,13.207676436101892,9,0.75,0.6820195265876515,0.8333333333333334,0.25,0.8036463399936739,0.28715705065982805,0.0,0.1875,24.616483993866527,20000176
EDF-Periodic,13.476354201336422,9,0.75,0.7575478385694682,0.75,0.25,0.8285520116473006,0.27138181200194095,0.0,0.1875,24.467072264530763,20000177
EDF-Periodic,11.908565059849549,8,0.6666666666666666,0.6709308661973628,0.75,0.33333333333333337,0.8253733228875615,0.296735971399711,0.0,0.1875,24.656501554611012,20000178
EDF-Periodic,6.682316349839913,5,0.4166666666666667,0.4088707184579637,0.75,0.5833333333333333,0.8300679737228215,0.28265298769766195,0.0,0.1875,23.97570589674576,20000179
EDF-Periodic,10.185019616980508,7,0.5833333333333334,0.5317735663090855,0.75,0.41666666666666663,0.7958900540150592,0.28535135859684463,0.0,0.1875,23.7597043687669,20000180
EDF-Periodic,13.270336127683425,9,0.75,0.8616124737335094,0.75,0.25,0.8114328684933104,0.31284653735793133,0.0,0.1875,22.31140155654388,20000181
EDF-Periodic,11.93908237414691,8,0.6666666666666666,0.7105948657828015,0.6666666666666666,0.33333333333333337,0.7916227249395966,0.32527658114972713,0.0,0.1875,22.6005152350707,20000182
EDF-Periodic,5.624045010496058,5,0.4166666666666667,0.35036687656656407,0.5833333333333334,0.5833333333333333,0.7463579266104686,0.3080213155944565,0.0,0.1875,21.60667528268476,20000183
EDF-Periodic,5.9950298116441525,5,0.4166666666666667,0.43718180064355383,0.6666666666666666,0.5833333333333333,0.7409312510990537,0.30777892409296764,0.0,0.1875,21.017260413483548,20000184
EDF-Periodic,11.993764546514992,8,0.6666666666666666,0.791106989958855,0.6666666666666666,0.33333333333333337,0.797556727377637,0.30752043495973574,0.0,0.1875,22.55560128515599,20000185
EDF-Periodic,11.310943072828145,8,0.6666666666666666,0.6279196500660369,0.75,0.33333333333333337,0.8092881534573632,0.25476790810152067,0.0,0.1875,23.872769569188097,20000186
EDF-Periodic,9.872183106900575,7,0.5833333333333334,0.592216699852108,0.5833333333333334,0.41666666666666663,0.7929782710826659,0.3361627874326231,0.0,0.1875,22.311927481461094,20000187
EDF-Periodic,15.28987607849606,10,0.8333333333333334,0.7921594296634855,0.8333333333333334,0.16666666666666663,0.8524567005062451,0.28618433178680464,0.0,0.1875,24.741421656969273,20000188
EDF-Periodic,6.215225132686978,5,0.4166666666666667,0.440205155968784,0.6666666666666666,0.5833333333333333,0.7398009239537485,0.31289899324463405,0.0,0.1875,21.101715177071984,20000189
EDF-Periodic,14.917272730342251,10,0.8333333333333334,0.7798878496221773,0.8333333333333334,0.16666666666666663,0.839587429867198,0.2918819265208423,0.0,0.1875,23.9648819016924,20000190
EDF-Periodic,17.37715558651785,12,1.0,1.0,1.0,0.0,0.8555335450625666,0.19440095379556296,0.0,0.2916666666666667,22.64249914146598,20000191
EDF-Periodic,12.231391296915067,8,0.6666666666666666,0.7214023789716334,0.8333333333333334,0.33333333333333337,0.8302355114147685,0.3190909416246294,0.0,0.1875,24.896668587416755,20000192
EDF-Periodic,12.511500372006154,8,0.6666666666666666,0.7158778541753945,0.75,0.33333333333333337,0.8677049961548193,0.30598057977075105,0.0,0.1875,26.21616668740298,20000193
EDF-Periodic,11.900306619023578,8,0.6666666666666666,0.7144932488662545,0.6666666666666666,0.33333333333333337,0.7915503718126512,0.33460356152692294,0.0,0.1875,22.55838715367215,20000194
EDF-Periodic,12.929648168422396,9,0.75,0.6496821936863892,0.75,0.25,0.7921683179426454,0.29350002701376826,0.0,0.1875,23.633984853018532,20000195
EDF-Periodic,11.812423120649328,8,0.6666666666666666,0.7323458887354033,0.6666666666666666,0.33333333333333337,0.8302323540253173,0.2989080520641758,0.0,0.1875,23.081158401890363,20000196
EDF-Periodic,8.55850972457461,6,0.5,0.5081368564294803,0.75,0.5,0.7882720940845163,0.29499671578530434,0.0,0.1875,23.084241834289976,20000197
EDF-Periodic,13.234681280365377,9,0.75,0.7322132776345226,0.75,0.25,0.7726690337928949,0.28652926223060493,0.0,0.1875,22.812716885496968,20000198
EDF-Periodic,9.784922424249338,7,0.5833333333333334,0.5262222817111463,0.75,0.41666666666666663,0.7734397342784592,0.30349010442660534,0.0,0.1875,22.335013107629305,20000199
EDF-Periodic,10.123649779952698,7,0.5833333333333334,0.6287431141999446,0.6666666666666666,0.41666666666666663,0.8180385758774618,0.31473987736556874,0.0,0.1875,23.52484641686638,20000200
EDF-Periodic,9.756189204727566,7,0.5833333333333334,0.5374234023764888,0.6666666666666666,0.41666666666666663,0.7545070567836785,0.2913608398762822,0.0,0.1875,21.75932547912675,20000201
EDF-Periodic,10.205728824119667,7,0.5833333333333334,0.6287155031007516,0.75,0.41666666666666663,0.7939543545107854,0.33379470018377305,0.0,0.1875,23.019378128370615,20000202
EDF-Periodic,14.99279281630099,10,0.8333333333333334,0.8782891599329655,0.8333333333333334,0.16666666666666663,0.8093147207602565,0.30294374106093214,0.0,0.1875,23.761418608922128,20000203
EDF-Periodic,11.563702868559684,8,0.6666666666666666,0.6062392801103398,0.75,0.33333333333333337,0.7742173443952267,0.2765924764808631,0.0,0.1875,22.46827384710332,20000204
EDF-Periodic,15.391188758243946,10,0.8333333333333334,0.8918850617644597,0.8333333333333334,0.16666666666666663,0.8283584217081769,0.25794788796421525,0.0,0.1875,24.803346693109816,20000205
EDF-Periodic,2.6679859757568396,3,0.25,0.31850326557226194,0.5,0.75,0.740863784650609,0.3617262684338833,0.0,0.1875,20.158234724948667,20000206
EDF-Periodic,6.332042905758049,5,0.4166666666666667,0.3992565033487488,0.6666666666666666,0.5833333333333333,0.7702416071765804,0.30892833541854464,0.0,0.1875,23.014850515185277,20000207
EDF-Periodic,8.28811179704649,6,0.5,0.5037194430997806,0.6666666666666666,0.5,0.8001817413737892,0.30153635442562465,0.0,0.1875,22.95401815156849,20000208
EDF-Periodic,10.085534343000479,7,0.5833333333333334,0.5833697560107336,0.6666666666666666,0.41666666666666663,0.8093421582025139,0.29155307502265637,0.0,0.1875,22.37164047240776,20000209
EDF-Periodic,16.84137804517412,11,0.9166666666666666,0.8964834784118206,0.9166666666666666,0.08333333333333337,0.8649949847708981,0.22978902264685505,0.0,0.1875,25.05213539753119,20000210
EDF-Periodic,6.453394562393215,5,0.4166666666666667,0.46998834781578247,0.75,0.5833333333333333,0.7398561961050042,0.290132084481503,0.0,0.1875,22.080508906705727,20000211
EDF-Periodic,15.101711884076074,10,0.8333333333333334,0.8778787938515089,0.8333333333333334,0.16666666666666663,0.8109953272879468,0.26767841083712335,0.0,0.1875,25.116014923876868,20000212
EDF-Periodic,14.737680717241284,10,0.8333333333333334,0.7255036175628686,0.8333333333333334,0.16666666666666663,0.8438148256046181,0.2602753670640868,0.0,0.1875,25.34197369080651,20000213
EDF-Periodic,10.877172029017279,8,0.6666666666666666,0.5977643379552421,0.6666666666666666,0.33333333333333337,0.7300679914880597,0.3019976579474099,0.0,0.1875,21.931798505962174,20000214
EDF-Periodic,11.794171699938163,8,0.6666666666666666,0.675849988114938,0.6666666666666666,0.33333333333333337,0.8382540018822469,0.32782911380536556,0.0,0.1875,23.89417372961407,20000215
EDF-Periodic,6.623956445129124,5,0.4166666666666667,0.4744913523188409,0.75,0.5833333333333333,0.7717896533330414,0.29667948869063676,0.0,0.1875,22.5926742607536,20000216
EDF-Periodic,15.083868283585621,10,0.8333333333333334,0.7466153244720782,0.9166666666666666,0.16666666666666663,0.8811162623373114,0.24214473435471784,0.0,0.1875,24.640645864462716,20000217
EDF-Periodic,9.146595239844206,7,0.5833333333333334,0.5430413987042293,0.75,0.41666666666666663,0.7635679254005581,0.29449350088281523,0.0,0.1875,21.84792555061125,20000218
EDF-Periodic,7.879260375100861,6,0.5,0.5698309435821654,0.6666666666666666,0.5,0.752907454840155,0.313612077657681,0.0,0.1875,21.857163700486492,20000219
EDF-Periodic,12.907012672731293,9,0.75,0.6588835295684214,0.8333333333333334,0.25,0.7582290807180115,0.24279821624309883,0.0,0.1875,23.091464995243005,20000220
EDF-Periodic,14.931516789981526,10,0.8333333333333334,0.7885939790903718,0.8333333333333334,0.16666666666666663,0.8570562933048573,0.25533425833064577,0.0,0.1875,24.97956434948593,20000221
EDF-Periodic,14.988897509335175,10,0.8333333333333334,0.784333682100492,0.8333333333333334,0.16666666666666663,0.812914579811566,0.2709636034692627,0.0,0.1875,24.38278471858117,20000222
EDF-Periodic,15.045609720851058,10,0.8333333333333334,0.8284387858075574,0.8333333333333334,0.16666666666666663,0.8280661830848214,0.29403817560457046,0.0,0.1875,23.674085310873554,20000223
EDF-Periodic,8.291022935833277,6,0.5,0.5372257447152037,0.6666666666666666,0.5,0.790953037386087,0.2884299957232848,0.0,0.1875,23.375531285460053,20000224
EDF-Periodic,15.07958386068028,10,0.8333333333333334,0.8441171358638737,0.8333333333333334,0.16666666666666663,0.8400541302641694,0.3011837196111318,0.0,0.1875,24.452084811667113,20000225
EDF-Periodic,13.992421007164127,9,0.75,0.7635404579498282,0.75,0.25,0.8209305864864261,0.28966766384702564,0.0,0.1875,24.34178009912595,20000226
EDF-Periodic,9.050148525699909,6,0.5,0.6302901364714083,0.8333333333333334,0.5,0.8285889488243217,0.2914401742131664,0.0,0.1875,24.454171745092363,20000227
EDF-Periodic,9.888061452748511,7,0.5833333333333334,0.5458094243403838,0.8333333333333334,0.41666666666666663,0.819299496126102,0.2844818720927145,0.0,0.1875,24.041107536785287,20000228
EDF-Periodic,8.602320014858735,6,0.5,0.5088503114084207,0.6666666666666666,0.5,0.8580558379905577,0.29115286317685996,0.0,0.1875,24.77678957483249,20000229
EDF-Periodic,9.999510033668807,7,0.5833333333333334,0.47269354173202477,0.8333333333333334,0.41666666666666663,0.8302701738093637,0.2707845418693912,0.0,0.1875,24.459902583515913,20000230
EDF-Periodic,13.5919617666122,9,0.75,0.8329664406560201,0.75,0.25,0.8167608279115671,0.32128335068684005,0.0,0.1875,23.184739657303176,20000231
EDF-Periodic,5.918848270824714,5,0.4166666666666667,0.4869133394393966,0.5,0.5833333333333333,0.6990811646227618,0.3382831868792621,0.0,0.1875,19.01928595897863,20000232
EDF-Periodic,13.333766872588726,9,0.75,0.7063821890014268,0.75,0.25,0.7711993733261737,0.27161588827003436,0.0,0.1875,24.099149473574776,20000233
EDF-Periodic,9.444661981368242,7,0.5833333333333334,0.5085069564101389,0.6666666666666666,0.41666666666666663,0.7324533915909796,0.27944017306053903,0.0,0.1875,21.059660173720033,20000234
EDF-Periodic,12.477055212515811,9,0.75,0.7490796985393128,0.75,0.25,0.7351862025824293,0.2689809541557298,0.0,0.1875,22.496304969913073,20000235
EDF-Periodic,17.12733919722519,11,0.9166666666666666,0.8662887027745553,0.9166666666666666,0.08333333333333337,0.877703812285498,0.2616597498565026,0.0,0.1875,26.154265228501604,20000236
EDF-Periodic,8.28420113738031,6,0.5,0.4555535125379535,0.6666666666666666,0.5,0.8165006930417776,0.3089890883931971,0.0,0.1875,23.387978996969302,20000237
EDF-Periodic,13.583378608336044,9,0.75,0.7219178513079578,0.75,0.25,0.8319217006739527,0.30027249924419425,0.0,0.1875,24.851574012340876,20000238
EDF-Periodic,8.686744629426123,6,0.5,0.6057220246989158,0.5833333333333334,0.5,0.8213382347351214,0.3418592020703652,0.0,0.1875,23.689204232378575,20000239
EDF-Periodic,11.643169122957786,8,0.6666666666666666,0.6604717442374335,0.6666666666666666,0.33333333333333337,0.793749561025659,0.3318682093102003,0.0,0.1875,22.494391433893504,20000240
EDF-Periodic,11.821089506906471,8,0.6666666666666666,0.6963720649108635,0.6666666666666666,0.33333333333333337,0.7950483969060566,0.3403137980083004,0.0,0.1875,22.49559918180293,20000241
EDF-Periodic,16.211530144067556,11,0.9166666666666666,0.9481205041778565,0.9166666666666666,0.08333333333333337,0.8509443467765729,0.2513842946423654,0.0,0.1875,23.9753920484743,20000242
EDF-Periodic,10.244285546597352,7,0.5833333333333334,0.6038452595899048,0.6666666666666666,0.41666666666666663,0.763435591256187,0.31993903306919824,0.0,0.1875,22.39705638412786,20000243
EDF-Periodic,15.499394777005968,10,0.8333333333333334,0.8475478319947377,0.8333333333333334,0.16666666666666663,0.8468799951073706,0.27825691382602397,0.0,0.1875,25.968979860519184,20000244
EDF-Periodic,10.558202064127466,7,0.5833333333333334,0.6399247100960728,0.75,0.41666666666666663,0.8117302993402982,0.3046995665691852,0.0,0.1875,23.74984927144673,20000245
EDF-Periodic,13.458944305171956,9,0.75,0.7145560623066938,0.8333333333333334,0.25,0.8524812978340758,0.29041196271739594,0.0,0.1875,24.384034819441027,20000246
EDF-Periodic,8.631338764189607,6,0.5,0.5672162598304026,0.75,0.5,0.8161203546130654,0.31204512040405646,0.0,0.1875,23.76152079956296,20000247
EDF-Periodic,18.674340981412758,12,1.0,1.0,1.0,0.0,0.887229514151174,0.2396434768924537,0.0,0.1875,26.23819709133429,20000248
EDF-Periodic,12.07199923187498,8,0.6666666666666666,0.68744003623384,0.75,0.33333333333333337,0.8219316514790069,0.3288773261810279,0.0,0.1875,24.48281951616433,20000249
EDF-Periodic,14.901607526396182,10,0.8333333333333334,0.8109729697291113,0.8333333333333334,0.16666666666666663,0.8346561430928706,0.27969962074167043,0.0,0.1875,23.83841861573866,20000250
EDF-Periodic,15.014790490878028,10,0.8333333333333334,0.7603877843715761,0.8333333333333334,0.16666666666666663,0.8375799651160768,0.25588723130059055,0.0,0.1875,25.07587677840897,20000251
EDF-Periodic,14.82777794150556,10,0.8333333333333334,0.7830788680752605,0.8333333333333334,0.16666666666666663,0.8266739480793402,0.2653363284224765,0.0,0.1875,23.536318709733134,20000252
EDF-Periodic,13.419714975409908,9,0.75,0.6685895388534584,0.75,0.25,0.7890069178329968,0.2594318918872404,0.0,0.1875,22.792916415078647,20000253
EDF-Periodic,6.858159177895553,5,0.4166666666666667,0.5120172373775622,0.6666666666666666,0.5833333333333333,0.8249755482121545,0.35308160497255775,0.0,0.1875,23.09319478153867,20000254
EDF-Periodic,8.043413657688317,6,0.5,0.46523881278345974,0.6666666666666666,0.5,0.7792302566114548,0.3139104730360629,0.0,0.1875,22.54194789995119,20000255
EDF-Periodic,8.323116420796762,6,0.5,0.47800342332843077,0.6666666666666666,0.5,0.8176129033058591,0.30012847314829194,0.0,0.1875,21.912356928624398,20000256
EDF-Periodic,12.665524942283659,9,0.75,0.6729462760410914,0.75,0.25,0.7780756648338207,0.27411926370212625,0.0,0.1875,22.581343717820104,20000257
EDF-Periodic,11.061090176890186,8,0.6666666666666666,0.7053679402649007,0.6666666666666666,0.33333333333333337,0.753203432433413,0.3103580879891481,0.0,0.1875,21.808842109253305,20000258
EDF-Periodic,11.369045811680904,8,0.6666666666666666,0.7275501888853666,0.6666666666666666,0.33333333333333337,0.7675698000489423,0.33065958578737703,0.0,0.1875,22.840401812112624,20000259
EDF-Periodic,11.704275402398519,8,0.6666666666666666,0.6413279338928793,0.6666666666666666,0.33333333333333337,0.791931730357144,0.3214580645720448,0.0,0.1875,23.234272475315123,20000260
EDF-Periodic,10.301411501189065,7,0.5833333333333334,0.6308993227353757,0.5833333333333334,0.41666666666666663,0.8296199267649026,0.37454902573201476,0.0,0.1875,23.48039571460881,20000261
EDF-Periodic,6.8543960023344415,5,0.4166666666666667,0.46215219473738334,0.75,0.5833333333333333,0.8197581604867815,0.3339411994405406,0.0,0.1875,23.0413953604924,20000262
EDF-Periodic,12.909477342744443,9,0.75,0.7103567251644397,0.8333333333333334,0.25,0.7835708127657178,0.24609152704950876,0.0,0.1875,22.85508951534362,20000263
EDF-Periodic,6.585681679236526,5,0.4166666666666667,0.5306540042747796,0.5833333333333334,0.5833333333333333,0.7653828709514175,0.3492902696047528,0.0,0.1875,21.822262691155885,20000264
EDF-Periodic,14.574352731952473,10,0.8333333333333334,0.8733650083305914,0.8333333333333334,0.16666666666666663,0.7575865465479253,0.2463128071750779,0.0,0.1875,22.34611623669456,20000265
EDF-Periodic,14.370885432144531,10,0.8333333333333334,0.7249622738955646,0.8333333333333334,0.16666666666666663,0.8512073318378924,0.25730924393403537,0.0,0.1875,24.209634640881042,20000266
EDF-Periodic,10.136224341213339,7,0.5833333333333334,0.6203647345839471,0.5833333333333334,0.41666666666666663,0.7666518512593495,0.34366588067738874,0.0,0.1875,21.933916510466464,20000267
EDF-Periodic,7.948782043673389,6,0.5,0.504347832946877,0.6666666666666666,0.5,0.7756465459600855,0.31522377561181797,0.0,0.1875,21.959085764149187,20000268
EDF-Periodic,12.086034272101376,8,0.6666666666666666,0.6449739198200697,0.75,0.33333333333333337,0.8424582944143464,0.28964177445903744,0.0,0.1875,24.283509902099173,20000269
EDF-Periodic,8.132456540296282,6,0.5,0.5668493697013,0.6666666666666666,0.5,0.7789423958327104,0.28311163873514983,0.0,0.1875,22.94881491731823,20000270
EDF-Periodic,13.865525413614854,9,0.75,0.7559446353766065,0.8333333333333334,0.25,0.8422380957748814,0.275685167135458,0.0,0.1875,24.6338935559371,20000271
EDF-Periodic,15.120961443148925,10,0.8333333333333334,0.8383850774114807,0.8333333333333334,0.16666666666666663,0.7833094206889121,0.25153346146010813,0.0,0.1875,23.620948621260148,20000272
EDF-Periodic,17.261731510475496,11,0.9166666666666666,0.85667081478089,0.9166666666666666,0.08333333333333337,0.8572253064804642,0.25900627959228817,0.0,0.1875,26.398568890546482,20000273
EDF-Periodic,9.824410184365853,7,0.5833333333333334,0.558068816977794,0.75,0.41666666666666663,0.8036264633363555,0.31593977657620637,0.0,0.1875,23.154513887906713,20000274
EDF-Periodic,14.619531683828754,10,0.8333333333333334,0.8044388834784307,0.8333333333333334,0.16666666666666663,0.8056250819198091,0.2863455100526191,0.0,0.1875,23.300884279148597,20000275
EDF-Periodic,13.708574633814262,9,0.75,0.7207451088925269,0.75,0.25,0.7946104453713554,0.2765613764835702,0.0,0.1875,23.07251043011037,20000276
EDF-Periodic,13.187404981742695,9,0.75,0.7089372617440713,0.75,0.25,0.7701071270416469,0.3049112476860898,0.0,0.1875,22.256804664339924,20000277
EDF-Periodic,11.385256419536356,8,0.6666666666666666,0.6894278525570624,0.6666666666666666,0.33333333333333337,0.7331848832282124,0.3340180099593591,0.0,0.1875,21.75842323005999,20000278
EDF-Periodic,10.917755480520094,8,0.6666666666666666,0.6488595433449997,0.6666666666666666,0.33333333333333337,0.7265823224761031,0.294893025562978,0.0,0.1875,22.17308840448754,20000279
EDF-Periodic,16.024207138725075,11,0.9166666666666666,0.9060962330339286,0.9166666666666666,0.08333333333333337,0.8002778293519576,0.2542256894532833,0.0,0.1875,24.46661714287963,20000280
EDF-Periodic,11.46963787981982,8,0.6666666666666666,0.7205834317754534,0.75,0.33333333333333337,0.7867360588129033,0.3060114958014304,0.0,0.1875,22.82110879267629,20000281
EDF-Periodic,8.005712151172073,6,0.5,0.4897799749786871,0.6666666666666666,0.5,0.7969821088168777,0.3177602704196962,0.0,0.1875,22.06501689410901,20000282
EDF-Periodic,16.40766244154305,11,0.9166666666666666,0.8715770698751668,0.9166666666666666,0.08333333333333337,0.8009397116468994,0.2729278062617296,0.0,0.1875,24.238651509116988,20000283
EDF-Periodic,10.030060233717675,7,0.5833333333333334,0.6421099283216893,0.6666666666666666,0.41666666666666663,0.76142592706909,0.3217107176831276,0.0,0.1875,21.682348311928653,20000284
EDF-Periodic,12.863609624158844,9,0.75,0.7104063119800966,0.75,0.25,0.7223686487774706,0.2943865389616754,0.0,0.1875,21.607450635272393,20000285
EDF-Periodic,10.130853260260082,7,0.5833333333333334,0.5428499033065969,0.6666666666666666,0.41666666666666663,0.7784394883104292,0.332272427730687,0.0,0.1875,22.473536527795883,20000286
EDF-Periodic,16.543615157617793,11,0.9166666666666666,0.9443402803084145,0.9166666666666666,0.08333333333333337,0.8209394115810209,0.248898096103505,0.0,0.1875,24.860514625763276,20000287
EDF-Periodic,13.372281536244818,9,0.75,0.8076463584534258,0.75,0.25,0.7955069878067577,0.2784492197916772,0.0,0.1875,22.249052551271642,20000288
EDF-Periodic,11.304532220505994,8,0.6666666666666666,0.7008538094350081,0.75,0.33333333333333337,0.7672313806131398,0.26834118143758295,0.0,0.1875,22.9592363607899,20000289
EDF-Periodic,13.634496401345254,9,0.75,0.709986416104055,0.75,0.25,0.800062876572437,0.29508341234300234,0.0,0.1875,24.27047386367335,20000290
EDF-Periodic,14.47139279386688,10,0.8333333333333334,0.7930565812949211,0.8333333333333334,0.16666666666666663,0.8173750744918321,0.2681128776271225,0.0,0.1875,24.070242804188705,20000291
EDF-Periodic,9.737567265915231,7,0.5833333333333334,0.5946374579722644,0.6666666666666666,0.41666666666666663,0.7749434235977476,0.32318262815316107,0.0,0.1875,22.40064701080992,20000292
EDF-Periodic,12.704035712848432,9,0.75,0.6961697025320529,0.75,0.25,0.7636567189122442,0.29163528256861837,0.0,0.1875,22.70606433319343,20000293
EDF-Periodic,8.612590847164853,6,0.5,0.5392220955195223,0.6666666666666666,0.5,0.7794295749831127,0.3340287235323631,0.0,0.1875,23.087045080451592,20000294
EDF-Periodic,5.101146312548433,4,0.3333333333333333,0.3931700982707552,0.75,0.6666666666666667,0.7607208407203431,0.29099068327237404,0.0,0.1875,23.446074629173502,20000295
EDF-Periodic,12.006748916294075,8,0.6666666666666666,0.7030074746455728,0.6666666666666666,0.33333333333333337,0.8161259762401754,0.3208766157339777,0.0,0.1875,24.241125161946623,20000296
EDF-Periodic,12.337756252080323,9,0.75,0.6739417827388174,0.75,0.25,0.756393366180125,0.2789692504710972,0.0,0.1875,22.156357183212975,20000297
EDF-Periodic,12.553819557867305,9,0.75,0.631150333425559,0.75,0.25,0.7879224365909098,0.29718693946084357,0.0,0.1875,22.910085989592684,20000298
EDF-Periodic,9.187541787489721,7,0.5833333333333334,0.5644161398765001,0.75,0.41666666666666663,0.7775463869417097,0.28288106204704366,0.0,0.1875,22.065230590130138,20000299
EDF-Periodic,10.593157434702913,7,0.5833333333333334,0.6345754819127919,0.6666666666666666,0.41666666666666663,0.8157188335634125,0.3403589569673931,0.0,0.1875,23.586215615122057,20000300
EDF-Periodic,14.709137759400434,10,0.8333333333333334,0.8136920764951192,0.8333333333333334,0.16666666666666663,0.8318315776021247,0.2834190244700592,0.0,0.1875,23.96508008036384,20000301
EDF-Periodic,10.13081340399228,7,0.5833333333333334,0.5737420965494386,0.6666666666666666,0.41666666666666663,0.7541193849806237,0.30959073876930515,0.0,0.1875,21.845064917199615,20000302
EDF-Periodic,11.597269322727282,8,0.6666666666666666,0.7136072796987316,0.75,0.33333333333333337,0.7915029529945823,0.2982529766402145,0.0,0.1875,22.775715905413957,20000303
EDF-Periodic,18.650890299762928,12,1.0,1.0,1.0,0.0,0.874534265077147,0.2440136666470926,0.0,0.1875,26.308184158709537,20000304
EDF-Periodic,16.199579821955943,11,0.9166666666666666,0.8941147543676649,0.9166666666666666,0.08333333333333337,0.8373027729415394,0.22763603939021393,0.0,0.1875,25.09116833138028,20000305
EDF-Periodic,11.613805855922937,8,0.6666666666666666,0.6998991823404141,0.8333333333333334,0.33333333333333337,0.7909299614010269,0.27132342490932515,0.0,0.1875,23.90342700113445,20000306
EDF-Periodic,9.649477710327131,7,0.5833333333333334,0.6222279397982226,0.6666666666666666,0.41666666666666663,0.7528404337852207,0.3367925696524245,0.0,0.1875,21.905405436082663,20000307
EDF-Periodic,12.225744141225075,8,0.6666666666666666,0.6849343857311698,0.75,0.33333333333333337,0.8329181288410323,0.3158705636413828,0.0,0.1875,25.29871204351802,20000308
EDF-Periodic,13.946963478381065,9,0.75,0.7124964477573448,0.75,0.25,0.8362566902261781,0.3310645419957498,0.0,0.1875,24.072643058544585,20000309
EDF-Periodic,14.507461159048123,10,0.8333333333333334,0.8461935565809161,0.8333333333333334,0.16666666666666663,0.8266423266291804,0.26942486778821323,0.0,0.1875,23.981686783411376,20000310
EDF-Periodic,8.097802763169495,6,0.5,0.5351047125054816,0.75,0.5,0.7639856146386519,0.32155917434001996,0.0,0.1875,22.401788891566873,20000311
EDF-Periodic,9.920790781231856,7,0.5833333333333334,0.6665778411777269,0.6666666666666666,0.41666666666666663,0.7695396553462217,0.30906503693951937,0.0,0.1875,22.147529112462262,20000312
EDF-Periodic,13.737445768109986,9,0.75,0.7623183287458352,0.75,0.25,0.8252867210081135,0.3224065835488217,0.0,0.1875,24.214178716976505,20000313
EDF-Periodic,11.820743236854586,8,0.6666666666666666,0.7634391802820604,0.75,0.33333333333333337,0.7805319936990823,0.3223364920050065,0.0,0.1875,22.70513159536648,20000314
EDF-Periodic,3.062781208455574,3,0.25,0.31955630260189305,0.6666666666666666,0.75,0.7826786139854228,0.34813914160801945,0.0,0.1875,21.646591976486057,20000315
EDF-Periodic,11.424144663446901,8,0.6666666666666666,0.5911399307665731,0.6666666666666666,0.33333333333333337,0.7888155786826468,0.32336305561046036,0.0,0.1875,22.876358196071422,20000316
EDF-Periodic,13.350604324996759,9,0.75,0.7548763157976035,0.75,0.25,0.8294621454527288,0.27997566847221783,0.0,0.1875,25.101169859528046,20000317
EDF-Periodic,6.2452099807822155,5,0.4166666666666667,0.44055248783326906,0.5833333333333334,0.5833333333333333,0.80572903179969,0.3356132693493441,0.0,0.1875,22.104026728545005,20000318
EDF-Periodic,6.378662593801795,5,0.4166666666666667,0.44208860014290585,0.5833333333333334,0.5833333333333333,0.7849964728384521,0.33547728655655124,0.0,0.1875,22.352842422667823,20000319
EDF-Periodic,11.402839959824272,8,0.6666666666666666,0.5879830366644662,0.6666666666666666,0.33333333333333337,0.7840999413233988,0.29529626435235096,0.0,0.1875,22.28603287502776,20000320
EDF-Periodic,16.883641311717774,11,0.9166666666666666,0.8988303283678274,0.9166666666666666,0.08333333333333337,0.8308613357176414,0.2348480103063939,0.0,0.1875,24.792111388665305,20000321
EDF-Periodic,11.618684530131425,8,0.6666666666666666,0.673105902254222,0.6666666666666666,0.33333333333333337,0.7543460919850197,0.3113739686733805,0.0,0.1875,21.257122397499014,20000322
EDF-Periodic,10.14499522592011,7,0.5833333333333334,0.5784042188221484,0.75,0.41666666666666663,0.8070587747952254,0.296445382753201,0.0,0.1875,24.19310882814423,20000323
EDF-Periodic,12.53263724862618,8,0.6666666666666666,0.6830957329567198,0.8333333333333334,0.33333333333333337,0.8514214869388237,0.2797928332854182,0.0,0.1875,25.597891463041964,20000324
EDF-Periodic,13.092433710487246,9,0.75,0.6965895932335844,0.8333333333333334,0.25,0.840813428601329,0.26649375844017525,0.0,0.1875,24.79891572417898,20000325
EDF-Periodic,8.080831451239996,6,0.5,0.43763117729787915,0.6666666666666666,0.5,0.7710533523540785,0.3251736358991718,0.0,0.1875,21.99980451111896,20000326
EDF-Periodic,13.491953382879496,9,0.75,0.7952365826236688,0.75,0.25,0.7861252869531455,0.2662913924162267,0.0,0.1875,23.85589963273257,20000327
EDF-Periodic,13.235020110565351,9,0.75,0.6968032945534653,0.75,0.25,0.8277343310388998,0.2942484206636396,0.0,0.1875,24.559989555912882,20000328
EDF-Periodic,5.999985434715414,5,0.4166666666666667,0.4098382133666388,0.5833333333333334,0.5833333333333333,0.7665107153124335,0.3308884059781401,0.0,0.1875,21.16619767030179,20000329
EDF-Periodic,10.221535988676544,7,0.5833333333333334,0.6428092093580662,0.75,0.41666666666666663,0.778594703799352,0.2823154279796323,0.0,0.1875,23.603653869134284,20000330
EDF-Periodic,16.983332599216123,11,0.9166666666666666,0.9577241169058308,0.9166666666666666,0.08333333333333337,0.8877507947426216,0.2898491147214591,0.0,0.1875,26.153133553169553,20000331
EDF-Periodic,8.649218333617288,6,0.5,0.633894537235581,0.75,0.5,0.7957556284968194,0.2913572394453077,0.0,0.1875,23.77312538883548,20000332
EDF-Periodic,6.0136819896720874,5,0.4166666666666667,0.46853940610842876,0.6666666666666666,0.5833333333333333,0.7598291088704748,0.30749194801536506,0.0,0.1875,21.961357634195746,20000333
EDF-Periodic,9.568403648913193,7,0.5833333333333334,0.5178838080079311,0.6666666666666666,0.41666666666666663,0.7743418851513644,0.28245787992388505,0.0,0.1875,22.54267128277474,20000334
EDF-Periodic,9.851726885858028,7,0.5833333333333334,0.6415060586382942,0.6666666666666666,0.41666666666666663,0.7583439360650317,0.3142433989468303,0.0,0.1875,22.4190341711956,20000335
EDF-Periodic,5.060767749433971,4,0.3333333333333333,0.3950487822701504,0.6666666666666666,0.6666666666666667,0.8276475979772494,0.35093654872585067,0.0,0.1875,22.843334241149606,20000336
EDF-Periodic,9.741141174291249,7,0.5833333333333334,0.5096682389784705,0.75,0.41666666666666663,0.8254153786261939,0.3018819949276495,0.0,0.1875,23.154290628704874,20000337
EDF-Periodic,15.273270785387044,10,0.8333333333333334,0.828131756338767,0.8333333333333334,0.16666666666666663,0.8477185837242565,0.2575868164374482,0.0,0.1875,24.942884215796195,20000338
EDF-Periodic,13.435356398747501,9,0.75,0.7028204328399341,0.8333333333333334,0.25,0.8290020324151316,0.2779365749839362,0.0,0.1875,24.27277415529509,20000339
EDF-Periodic,7.387121544206211,6,0.5,0.4996729082863358,0.5833333333333334,0.5,0.7214020808588467,0.33650624367332016,0.0,0.1875,20.057846461212186,20000340
EDF-Periodic,15.180508135098032,10,0.8333333333333334,0.8150160772254643,0.8333333333333334,0.16666666666666663,0.8288986792339036,0.3037458482332664,0.0,0.1875,24.122828441140847,20000341
EDF-Periodic,14.83307471805856,10,0.8333333333333334,0.8469741339131998,0.8333333333333334,0.16666666666666663,0.823079097073183,0.29227298073841945,0.0,0.1875,23.762563538588427,20000342
EDF-Periodic,11.375377430737782,8,0.6666666666666666,0.554798600667037,0.75,0.33333333333333337,0.7855107318138015,0.26251593768947307,0.0,0.1875,23.4794706223549,20000343
EDF-Periodic,7.941411516057403,6,0.5,0.5245032133171779,0.6666666666666666,0.5,0.7381920416186435,0.30743052081641437,0.0,0.1875,21.626532839594834,20000344
EDF-Periodic,6.94003495889384,5,0.4166666666666667,0.44745386209277627,0.6666666666666666,0.5833333333333333,0.7866791934616314,0.3198459046329057,0.0,0.1875,22.900730679907152,20000345
EDF-Periodic,9.55728406044928,7,0.5833333333333334,0.5578069188531086,0.6666666666666666,0.41666666666666663,0.7502072840359562,0.29677688530744184,0.0,0.1875,21.883476062575657,20000346
EDF-Periodic,9.986296648059582,7,0.5833333333333334,0.5777441019906667,0.75,0.41666666666666663,0.8282167209208081,0.29668423805866545,0.0,0.1875,24.170654526811308,20000347
EDF-Periodic,11.811335046677128,8,0.6666666666666666,0.6636986783680859,0.6666666666666666,0.33333333333333337,0.8313781789358946,0.30633840545990326,0.0,0.1875,23.962039843482795,20000348
EDF-Periodic,18.386663886921493,12,1.0,1.0,1.0,0.0,0.8792033789139705,0.24928853027833645,0.0,0.1875,25.682901807159958,20000349
EDF-Periodic,8.416202869656203,6,0.5,0.5350465908791704,0.6666666666666666,0.5,0.7985047106501066,0.3441778984955497,0.0,0.1875,23.16174565180009,20000350
EDF-Periodic,10.35593273500796,7,0.5833333333333334,0.6173499528883387,0.75,0.41666666666666663,0.8159700380016227,0.2999641095037774,0.0,0.1875,23.615819654714855,20000351
EDF-Periodic,6.649105315430687,5,0.4166666666666667,0.4892062642604647,0.75,0.5833333333333333,0.7776727277824976,0.29671305737724346,0.0,0.1875,23.82767502741539,20000352
EDF-Periodic,11.88252451110616,8,0.6666666666666666,0.7146034410251038,0.6666666666666666,0.33333333333333337,0.7970841249802839,0.3043775959004819,0.0,0.1875,23.947860788516344,20000353
EDF-Periodic,10.866912804462844,8,0.6666666666666666,0.6332516776658648,0.6666666666666666,0.33333333333333337,0.7536656510504391,0.27442531474026327,0.0,0.1875,22.142547403028498,20000354
EDF-Periodic,14.690449868756607,10,0.8333333333333334,0.8435414238023327,0.8333333333333334,0.16666666666666663,0.8078228651600673,0.2906957429649533,0.0,0.1875,23.570423173175502,20000355
EDF-Periodic,9.904825866935232,7,0.5833333333333334,0.5921657240902947,0.75,0.41666666666666663,0.8245037173582285,0.29015035911506704,0.0,0.1875,23.295271027863592,20000356
EDF-Periodic,11.168813986695906,8,0.6666666666666666,0.6652607215188718,0.6666666666666666,0.33333333333333337,0.7766535436312507,0.31368651244988144,0.0,0.1875,22.867188331338383,20000357
EDF-Periodic,18.142863853560588,12,1.0,1.0,1.0,0.0,0.8385649155427913,0.22159561435633982,0.0,0.20833333333333334,24.98491751292079,20000358
EDF-Periodic,16.991186351356504,11,0.9166666666666666,0.8751202952640644,0.9166666666666666,0.08333333333333337,0.8685389064136461,0.24072218709703727,0.0,0.1875,26.234028206784444,20000359
EDF-Periodic,11.097766350068843,8,0.6666666666666666,0.7087645869434902,0.6666666666666666,0.33333333333333337,0.7585812593278726,0.2845480986570077,0.0,0.1875,21.503446725420453,20000360
EDF-Periodic,8.12913449118251,6,0.5,0.46686771482047995,0.6666666666666666,0.5,0.809124804609048,0.2885851430948921,0.0,0.1875,23.64324355020451,20000361
EDF-Periodic,9.688783793914421,7,0.5833333333333334,0.6020973939816405,0.6666666666666666,0.41666666666666663,0.7787465136398074,0.33211473768477306,0.0,0.1875,22.815982041829475,20000362
EDF-Periodic,2.81279014214982,3,0.25,0.2982639797629356,0.5833333333333334,0.75,0.7626845462962754,0.3406273008003073,0.0,0.1875,21.708795880642853,20000363
EDF-Periodic,9.52648041789129,7,0.5833333333333334,0.5294187879664941,0.6666666666666666,0.41666666666666663,0.7342050450388292,0.29588708108911416,0.0,0.1875,20.816392617379112,20000364
EDF-Periodic,6.0213238609349595,5,0.4166666666666667,0.5053925346759635,0.5,0.5833333333333333,0.6875903521096388,0.33873600006400156,0.0,0.1875,19.234726398044156,20000365
EDF-Periodic,10.193723241721688,7,0.5833333333333334,0.5870418870848089,0.5833333333333334,0.41666666666666663,0.8026447493031901,0.3259227139413126,0.0,0.1875,23.27381226071746,20000366
EDF-Periodic,13.617914946523003,9,0.75,0.722412132044323,0.8333333333333334,0.25,0.8256649401720827,0.27528384484943896,0.0,0.1875,25.07429924748321,20000367
EDF-Periodic,14.739736842541877,10,0.8333333333333334,0.814985628187016,0.8333333333333334,0.16666666666666663,0.7821894779893747,0.28258493591068257,0.0,0.1875,23.047224469346624,20000368
EDF-Periodic,9.9684758323792,7,0.5833333333333334,0.5574338095813752,0.6666666666666666,0.41666666666666663,0.8128632705478793,0.33905791946750224,0.0,0.1875,23.072089817593774,20000369
EDF-Periodic,10.723683302808393,8,0.6666666666666666,0.6459777997403082,0.6666666666666666,0.33333333333333337,0.7477999852873797,0.29581082431289274,0.0,0.1875,21.750916648566847,20000370
EDF-Periodic,11.16227393189021,8,0.6666666666666666,0.6253714614607077,0.6666666666666666,0.33333333333333337,0.8040762942986325,0.3125790636865549,0.0,0.1875,22.97558146795525,20000371
EDF-Periodic,5.98893010273651,5,0.4166666666666667,0.39175104389650595,0.5833333333333334,0.5833333333333333,0.751322070598337,0.34317334410290457,0.0,0.1875,21.289717921680626,20000372
EDF-Periodic,14.252135710676034,10,0.8333333333333334,0.7976215489797726,0.8333333333333334,0.16666666666666663,0.8207505471026092,0.2611617965800363,0.0,0.1875,24.425664259470064,20000373
EDF-Periodic,13.434028762376242,9,0.75,0.7847606515688502,0.75,0.25,0.7935791234064341,0.2967577830721015,0.0,0.1875,23.766303214567284,20000374
EDF-Periodic,13.834853596871023,9,0.75,0.7189355948674772,0.8333333333333334,0.25,0.8716106841697243,0.27844779436357386,0.0,0.1875,25.886908216503095,20000375
EDF-Periodic,11.20046224707771,8,0.6666666666666666,0.6787030791511022,0.75,0.33333333333333337,0.7461090958793486,0.29119097455877047,0.0,0.1875,22.216041059776707,20000376
EDF-Periodic,10.89912630841134,8,0.6666666666666666,0.572957204434074,0.75,0.33333333333333337,0.7551349862322637,0.2719549482980283,0.0,0.1875,21.391698540433467,20000377
EDF-Periodic,13.569558203946421,9,0.75,0.6821455861032286,0.8333333333333334,0.25,0.7921173542553479,0.28195550363080163,0.0,0.1875,24.229167849162426,20000378
EDF-Periodic,8.739753110880716,6,0.5,0.6070368374086258,0.8333333333333334,0.5,0.8239122351187526,0.2854986131409268,0.0,0.1875,24.377992548387382,20000379
EDF-Periodic,15.337474609494896,10,0.8333333333333334,0.8797404221686038,0.8333333333333334,0.16666666666666663,0.8297776830584067,0.29953141104182374,0.0,0.1875,24.459397357888694,20000380
EDF-Periodic,3.070431177098027,3,0.25,0.31909156285923634,0.5833333333333334,0.75,0.7587175635099538,0.34164267877476734,0.0,0.1875,21.021781651834747,20000381
EDF-Periodic,16.060679704969488,11,0.9166666666666666,0.8247587964879989,0.9166666666666666,0.08333333333333337,0.8673112959597215,0.2554068360620225,0.0,0.1875,25.373497685185423,20000382
EDF-Periodic,14.625011471585907,10,0.8333333333333334,0.7510662033115257,0.8333333333333334,0.16666666666666663,0.7870463559906211,0.29519073618359704,0.0,0.1875,23.62393912260363,20000383
EDF-Periodic,10.47513467567144,7,0.5833333333333334,0.6418339160057773,0.75,0.41666666666666663,0.7977989783782528,0.29744117818727145,0.0,0.1875,24.407716407037885,20000384
EDF-Periodic,9.185056889574033,7,0.5833333333333334,0.5743296470600059,0.6666666666666666,0.41666666666666663,0.7609682195094077,0.29259485537819446,0.0,0.1875,21.224779647865887,20000385
EDF-Periodic,8.304544077508927,6,0.5,0.5153163676656645,0.6666666666666666,0.5,0.7577611034303061,0.31987548218006184,0.0,0.1875,22.338973906656346,20000386
EDF-Periodic,15.408872395881776,10,0.8333333333333334,0.8515689951437148,0.8333333333333334,0.16666666666666663,0.8645565438641191,0.27277414246947523,0.0,0.1875,25.422553934924846,20000387
EDF-Periodic,16.40822683494907,11,0.9166666666666666,0.8874413006884836,0.9166666666666666,0.08333333333333337,0.8595086019933662,0.2525678919099679,0.0,0.1875,25.73068398520216,20000388
EDF-Periodic,17.2817791049863,11,0.9166666666666666,0.8699964626128078,0.9166666666666666,0.08333333333333337,0.8804217215666972,0.3074177487848519,0.0,0.1875,26.360930418483782,20000389
EDF-Periodic,13.361009042325938,9,0.75,0.7280131237449886,0.75,0.25,0.8494720519380436,0.2809237544989013,0.0,0.1875,25.081366674460128,20000390
EDF-Periodic,15.02544551471768,10,0.8333333333333334,0.8617873395708767,0.8333333333333334,0.16666666666666663,0.8311471883943319,0.31059675600811665,0.0,0.1875,24.602408815946152,20000391
EDF-Periodic,17.06083363791436,11,0.9166666666666666,0.8601801517067362,0.9166666666666666,0.08333333333333337,0.8399045531944792,0.2589122440557594,0.0,0.1875,25.469603704288154,20000392
EDF-Periodic,8.308868400432104,6,0.5,0.5733574348996024,0.5833333333333334,0.5,0.7779209450812998,0.33344670017745726,0.0,0.1875,22.691101588358634,20000393
EDF-Periodic,9.959561751263767,7,0.5833333333333334,0.5134425604397369,0.6666666666666666,0.41666666666666663,0.778772827697891,0.3142597230154424,0.0,0.1875,22.437601391925853,20000394
EDF-Periodic,17.21468622422271,11,0.9166666666666666,0.8671691226686267,0.9166666666666666,0.08333333333333337,0.8431971073613743,0.2803807645134006,0.0,0.1875,26.09210209054934,20000395
EDF-Periodic,9.684278391783618,7,0.5833333333333334,0.6860780829386305,0.6666666666666666,0.41666666666666663,0.7345423186936387,0.29504589130294334,0.0,0.1875,21.29298812004085,20000396
EDF-Periodic,16.486068207555522,11,0.9166666666666666,0.8888703956687699,0.9166666666666666,0.08333333333333337,0.8374150705136064,0.25746454298016946,0.0,0.1875,25.579188089992186,20000397
EDF-Periodic,16.365716588676513,11,0.9166666666666666,0.9287306554884953,0.9166666666666666,0.08333333333333337,0.8380476596591594,0.25950111954836613,0.0,0.1875,24.50181407495008,20000398
EDF-Periodic,9.228761972596285,7,0.5833333333333334,0.5982468889878882,0.6666666666666666,0.41666666666666663,0.7416950741522651,0.32189318645020626,0.0,0.1875,21.04055547725294,20000399
EDF-Periodic,9.825506388997097,7,0.5833333333333334,0.6161992734502933,0.8333333333333334,0.41666666666666663,0.7765252563227597,0.28323645232726086,0.0,0.1875,22.255843570274827,20000400
EDF-Periodic,8.123181441131308,6,0.5,0.5027986199694028,0.5833333333333334,0.5,0.7626124194751226,0.33013040711881997,0.0,0.1875,21.855685658477658,20000401
EDF-Periodic,8.280423136301156,6,0.5,0.5161736550437604,0.5833333333333334,0.5,0.7495106469810442,0.32173019610788417,0.0,0.1875,21.514309768349218,20000402
EDF-Periodic,9.820337824892832,7,0.5833333333333334,0.5289806479878172,0.6666666666666666,0.41666666666666663,0.7884299246294558,0.31229007570953615,0.0,0.1875,22.60605845163054,20000403
EDF-Periodic,9.3694423715672,7,0.5833333333333334,0.6375105631064938,0.5833333333333334,0.41666666666666663,0.7480255605000412,0.3236927412950555,0.0,0.1875,20.9566880592494,20000404
EDF-Periodic,5.941080608330027,5,0.4166666666666667,0.4416010472035375,0.5,0.5833333333333333,0.6893111274852092,0.321628149286822,0.0,0.1875,20.2424938275438,20000405
EDF-Periodic,11.919004277362413,8,0.6666666666666666,0.6861497630462254,0.75,0.33333333333333337,0.8279031771671942,0.3140368889923986,0.0,0.1875,24.474339798264108,20000406
EDF-Periodic,12.11716646023333,8,0.6666666666666666,0.7416171222910746,0.75,0.33333333333333337,0.8319461319670608,0.3044904615125675,0.0,0.1875,23.700434618956358,20000407
EDF-Periodic,7.890717763952921,6,0.5,0.41995079660048085,0.8333333333333334,0.5,0.7581875126041328,0.2647492599251415,0.0,0.1875,23.16930039402378,20000408
EDF-Periodic,6.5762470110664735,5,0.4166666666666667,0.48202133313300616,0.6666666666666666,0.5833333333333333,0.8258252160595934,0.33094435919351206,0.0,0.1875,23.709742102315747,20000409
EDF-Periodic,15.033611254306395,10,0.8333333333333334,0.8554781168958451,0.8333333333333334,0.16666666666666663,0.8036107361127479,0.2679019295827947,0.0,0.1875,24.118739922882707,20000410
EDF-Periodic,13.217701206785573,9,0.75,0.7193355336115012,0.75,0.25,0.7929293117027175,0.2836776913957023,0.0,0.1875,24.023682412622975,20000411
EDF-Periodic,11.559191634702682,8,0.6666666666666666,0.6817236329870326,0.6666666666666666,0.33333333333333337,0.7640840702090038,0.3218844831035811,0.0,0.1875,22.34091776847826,20000412
EDF-Periodic,12.899324213655156,9,0.75,0.7750755379256529,0.75,0.25,0.7625490504817356,0.2840810947703122,0.0,0.1875,23.32964907752313,20000413
EDF-Periodic,11.866120627053858,8,0.6666666666666666,0.7102429469090468,0.75,0.33333333333333337,0.7833617747469489,0.31027507873675536,0.0,0.1875,22.74264809362515,20000414
EDF-Periodic,13.737948246561546,9,0.75,0.8156307269126519,0.75,0.25,0.834867914265088,0.31336607090119983,0.0,0.1875,23.34605598162774,20000415
EDF-Periodic,7.487481875022561,6,0.5,0.45566726543776787,0.6666666666666666,0.5,0.7770988417530743,0.3069354366180453,0.0,0.1875,22.18298542666016,20000416
EDF-Periodic,13.579904576347516,9,0.75,0.8030661280931296,0.75,0.25,0.7912536717921856,0.29488344982881376,0.0,0.1875,24.315810364531433,20000417
EDF-Periodic,14.521299787104402,10,0.8333333333333334,0.838394676366489,0.8333333333333334,0.16666666666666663,0.8232101782970629,0.25517490144529914,0.0,0.1875,23.498179731348475,20000418
EDF-Periodic,7.353872076667553,6,0.5,0.4759818447149486,0.5833333333333334,0.5,0.734434484487441,0.3424465150065661,0.0,0.1875,20.116134145753758,20000419
EDF-Periodic,16.42077514927855,11,0.9166666666666666,0.861171949506188,0.9166666666666666,0.08333333333333337,0.8473834538115735,0.2597294614299315,0.0,0.1875,24.407838715834753,20000420
EDF-Periodic,11.81372712954182,8,0.6666666666666666,0.6563623342302479,0.6666666666666666,0.33333333333333337,0.7694317746203518,0.33244353868064663,0.0,0.1875,23.90283418854013,20000421
EDF-Periodic,14.987073718344563,10,0.8333333333333334,0.7784727383279794,0.8333333333333334,0.16666666666666663,0.7850659946237505,0.24435357870633356,0.0,0.1875,23.189531272594905,20000422
EDF-Periodic,14.383620223388558,10,0.8333333333333334,0.8043897677873842,0.8333333333333334,0.16666666666666663,0.8009991975604166,0.2539247105069244,0.0,0.1875,23.575498281477458,20000423
EDF-Periodic,9.569724364022198,7,0.5833333333333334,0.506645444464786,0.75,0.41666666666666663,0.7829042683781696,0.29999412577711165,0.0,0.1875,22.75076339641006,20000424
EDF-Periodic,6.26393351300997,5,0.4166666666666667,0.39260413702485203,0.6666666666666666,0.5833333333333333,0.7707301323765957,0.3015336249250738,0.0,0.1875,21.99091502051296,20000425
EDF-Periodic,12.949000708907406,9,0.75,0.7049257338527423,0.75,0.25,0.8280880149377241,0.294255578532469,0.0,0.1875,23.69898533935622,20000426
EDF-Periodic,15.154098842943016,10,0.8333333333333334,0.7988100573504097,0.8333333333333334,0.16666666666666663,0.8184711785840643,0.26063154550779216,0.0,0.1875,23.601998581946646,20000427
EDF-Periodic,15.448832475941117,10,0.8333333333333334,0.7980224993123696,0.8333333333333334,0.16666666666666663,0.8631483275328261,0.2680604557229758,0.0,0.1875,25.471778533164073,20000428
EDF-Periodic,16.204997269204362,11,0.9166666666666666,0.903419579601937,0.9166666666666666,0.08333333333333337,0.819881094150214,0.28891212614282114,0.0,0.1875,23.81015212182347,20000429
EDF-Periodic,14.372947780423946,10,0.8333333333333334,0.8390048241964735,0.8333333333333334,0.16666666666666663,0.8118287478035713,0.2889021498690872,0.0,0.1875,23.51327487186702,20000430
EDF-Periodic,11.71135596710384,8,0.6666666666666666,0.6700727617065965,0.75,0.33333333333333337,0.7744744899561876,0.2985099166987552,0.0,0.1875,22.77112328306993,20000431
EDF-Periodic,13.782450387543824,9,0.75,0.7422205366323921,0.9166666666666666,0.25,0.8480982934710505,0.2836555928900792,0.0,0.1875,25.93061627182955,20000432
EDF-Periodic,11.732179624137999,8,0.6666666666666666,0.6187561265730704,0.75,0.33333333333333337,0.8249759110213001,0.30935027215216765,0.0,0.1875,24.277283128205358,20000433
EDF-Periodic,11.31769828047842,8,0.6666666666666666,0.6834920776148982,0.6666666666666666,0.33333333333333337,0.7819364044817139,0.3192481702268373,0.0,0.1875,23.635206768060513,20000434
EDF-Periodic,15.826583099702045,10,0.8333333333333334,0.9104267239661905,0.8333333333333334,0.16666666666666663,0.8767047651243098,0.29105958503419893,0.0,0.1875,26.04280925098613,20000435
EDF-Periodic,17.263744137674227,11,0.9166666666666666,0.9601017954110386,0.9166666666666666,0.08333333333333337,0.8670620763068806,0.260114719296556,0.0,0.1875,25.828364517902966,20000436
EDF-Periodic,11.940031374126642,8,0.6666666666666666,0.7251613170720078,0.8333333333333334,0.33333333333333337,0.8300951301222167,0.2989246884792107,0.0,0.1875,24.811918616457675,20000437
EDF-Periodic,10.899185454376266,8,0.6666666666666666,0.6212469755097814,0.6666666666666666,0.33333333333333337,0.6951266148014589,0.2970330681955428,0.0,0.1875,20.507407418622044,20000438
EDF-Periodic,6.345813670391092,5,0.4166666666666667,0.40512958952370265,0.5833333333333334,0.5833333333333333,0.7636451678604654,0.32917979401228625,0.0,0.1875,21.89830272223687,20000439
EDF-Periodic,14.207760654453256,10,0.8333333333333334,0.7522010937459938,0.9166666666666666,0.16666666666666663,0.8100630397666645,0.24480508643368162,0.0,0.1875,24.11140431959047,20000440
EDF-Periodic,7.669434289930704,6,0.5,0.5017205398578664,0.5833333333333334,0.5,0.6927926400040381,0.34041157116245113,0.0,0.1875,19.554191068314612,20000441
EDF-Periodic,16.686034358772872,11,0.9166666666666666,0.8970762030014748,0.9166666666666666,0.08333333333333337,0.845798337331139,0.25730331358602576,0.0,0.1875,25.063775027270797,20000442
EDF-Periodic,12.162803317511335,8,0.6666666666666666,0.6828610543270173,0.75,0.33333333333333337,0.8389432153717378,0.3161845212788787,0.0,0.1875,23.70711790655466,20000443
EDF-Periodic,11.359964467729444,8,0.6666666666666666,0.6317401348726499,0.6666666666666666,0.33333333333333337,0.7686147826352908,0.29535397525573176,0.0,0.1875,22.034552779186143,20000444
EDF-Periodic,6.87595656207448,5,0.4166666666666667,0.43997339462978696,0.75,0.5833333333333333,0.7858013211854513,0.2955975656297678,0.0,0.1875,23.09260662773015,20000445
EDF-Periodic,10.254381998807359,7,0.5833333333333334,0.5574025422150226,0.75,0.41666666666666663,0.8363322326494474,0.2858973861711453,0.0,0.1875,24.59019306477402,20000446
EDF-Periodic,8.650353429278029,6,0.5,0.4775292838574025,0.6666666666666666,0.5,0.8026003547877313,0.331590009804264,0.0,0.1875,23.401107209563076,20000447
EDF-Periodic,13.443615217266998,9,0.75,0.7714845321183189,0.75,0.25,0.8354151571350523,0.31016277040404766,0.0,0.1875,24.55834223408769,20000448
EDF-Periodic,14.627797125215638,10,0.8333333333333334,0.7362359466404191,0.8333333333333334,0.16666666666666663,0.7968743603775627,0.25549590379190984,0.0,0.1875,23.743720994458418,20000449
EDF-Periodic,13.622175822413277,9,0.75,0.6766788133583052,0.75,0.25,0.8379908410997512,0.3211704492366792,0.0,0.1875,25.087705794738092,20000450
EDF-Periodic,12.86774982864155,9,0.75,0.690358475733768,0.75,0.25,0.8116101363550566,0.27345098240049776,0.0,0.1875,23.239019832510543,20000451
EDF-Periodic,11.892410401511501,8,0.6666666666666666,0.6196232602264524,0.6666666666666666,0.33333333333333337,0.8433271618855637,0.31213595359065954,0.0,0.1875,24.291386105102806,20000452
EDF-Periodic,4.010512458669313,4,0.3333333333333333,0.4042047775378798,0.4166666666666667,0.6666666666666667,0.7036059748492445,0.3813067843858728,0.0,0.1875,19.032923574349102,20000453
EDF-Periodic,4.372625823281206,4,0.3333333333333333,0.4551987228239452,0.5,0.6666666666666667,0.7523515054212494,0.3552237392845156,0.0,0.1875,21.09763939875761,20000454
EDF-Periodic,13.184781388403454,9,0.75,0.7482120064878373,0.75,0.25,0.8156398863886539,0.2992507059217762,0.0,0.1875,23.209611470825866,20000455
EDF-Periodic,13.075922002100297,9,0.75,0.7749403187611663,0.75,0.25,0.7968639836201641,0.30344328398738424,0.0,0.1875,22.44037500051798,20000456
EDF-Periodic,6.147900231074582,5,0.4166666666666667,0.397654720627177,0.5833333333333334,0.5833333333333333,0.7506271939688842,0.314625046724103,0.0,0.1875,20.774271057060552,20000457
EDF-Periodic,3.071493879188891,3,0.25,0.3109449943305141,0.5833333333333334,0.75,0.7764167810741158,0.3673934937086214,0.0,0.1875,22.574214858904398,20000458
EDF-Periodic,15.185761633022258,10,0.8333333333333334,0.8079937071293773,0.8333333333333334,0.16666666666666663,0.8727445628811159,0.2980599309222809,0.0,0.1875,25.988550936706744,20000459
EDF-Periodic,16.922320836115027,11,0.9166666666666666,0.8693480665574548,0.9166666666666666,0.08333333333333337,0.8612769186830116,0.24089397944871235,0.0,0.1875,25.46977930253725,20000460
EDF-Periodic,6.836749826030181,5,0.4166666666666667,0.441622208815883,0.6666666666666666,0.5833333333333333,0.8478263616183613,0.3344098441830165,0.0,0.1875,23.41366495001679,20000461
EDF-Periodic,14.979094435276073,10,0.8333333333333334,0.8160084302700334,0.8333333333333334,0.16666666666666663,0.8581799878216696,0.29040369657442855,0.0,0.1875,25.485991758745346,20000462
EDF-Periodic,15.647682366351296,10,0.8333333333333334,0.7663019495471216,0.8333333333333334,0.16666666666666663,0.8272185990904682,0.27353001247320874,0.0,0.1875,24.938254471013945,20000463
EDF-Periodic,11.705182921573627,8,0.6666666666666666,0.6806541951104053,0.75,0.33333333333333337,0.7728297930892518,0.2876604801373245,0.0,0.1875,23.19876535747178,20000464
EDF-Periodic,13.631860920475594,9,0.75,0.8331857152688515,0.75,0.25,0.8150979857294177,0.282000243837686,0.0,0.1875,24.092040900464987,20000465
EDF-Periodic,6.312562616499421,5,0.4166666666666667,0.4584212893230995,0.5833333333333334,0.5833333333333333,0.730683912905279,0.2993388078326233,0.0,0.1875,20.99983174881289,20000466
EDF-Periodic,11.216572353409093,8,0.6666666666666666,0.6240691993803587,0.8333333333333334,0.33333333333333337,0.7852030654841311,0.2340352230097289,0.0,0.1875,22.731512065086665,20000467
EDF-Periodic,14.263632555226573,10,0.8333333333333334,0.757311655821267,0.8333333333333334,0.16666666666666663,0.7700052365925156,0.28742454370908876,0.0,0.1875,23.882631832517685,20000468
EDF-Periodic,11.47701505772381,8,0.6666666666666666,0.6527255209590308,0.75,0.33333333333333337,0.7617687428022885,0.30036047338676736,0.0,0.1875,22.743278222065467,20000469
EDF-Periodic,14.613742002354611,10,0.8333333333333334,0.9048155916985438,0.8333333333333334,0.16666666666666663,0.7856503698263513,0.28162113191533994,0.0,0.1875,23.409202150052824,20000470
EDF-Periodic,15.744768458714912,10,0.8333333333333334,0.8508769235950241,0.8333333333333334,0.16666666666666663,0.8653102168438235,0.28983242011247906,0.0,0.1875,25.83883247959285,20000471
EDF-Periodic,13.237966689490156,9,0.75,0.694867098238813,0.75,0.25,0.8037104400107999,0.281388177859158,0.0,0.1875,23.08039458481712,20000472
EDF-Periodic,13.318945400311435,9,0.75,0.7387450463992419,0.8333333333333334,0.25,0.8381126446933731,0.26770658885718746,0.0,0.1875,23.689887699457724,20000473
EDF-Periodic,12.039035330582525,8,0.6666666666666666,0.670514260112458,0.75,0.33333333333333337,0.8190468652810038,0.3008586814336291,0.0,0.1875,23.83915762876674,20000474
EDF-Periodic,8.179670628371161,6,0.5,0.509009805333872,0.6666666666666666,0.5,0.830678226662946,0.3038768255802445,0.0,0.1875,22.981477879113072,20000475
EDF-Periodic,12.893001852951382,9,0.75,0.8085371314999406,0.75,0.25,0.7615637837331031,0.2883375165542339,0.0,0.1875,22.633053703508498,20000476
EDF-Periodic,11.507967338409195,8,0.6666666666666666,0.6888110331808882,0.6666666666666666,0.33333333333333337,0.7790407863658048,0.30326186056707455,0.0,0.1875,22.573146450787355,20000477
EDF-Periodic,13.776804644200006,9,0.75,0.7306334333387083,0.75,0.25,0.8131494728563039,0.3051741687643326,0.0,0.1875,23.475204798534193,20000478
EDF-Periodic,8.014069395460977,6,0.5,0.5037950152060112,0.6666666666666666,0.5,0.770831157170914,0.2990691185423217,0.0,0.1875,22.63194700958763,20000479
EDF-Periodic,13.441784466673111,9,0.75,0.65468041776416,0.75,0.25,0.8737862164214111,0.2937529312702614,0.0,0.1875,25.444432031298536,20000480
EDF-Periodic,16.621108521671182,11,0.9166666666666666,0.8738563680974366,0.9166666666666666,0.08333333333333337,0.8170893240311884,0.2378964739979026,0.0,0.1875,24.863725927453068,20000481
EDF-Periodic,6.21932865198503,5,0.4166666666666667,0.40662714811148776,0.5833333333333334,0.5833333333333333,0.7812640546496127,0.3327654165945471,0.0,0.1875,22.400419218569635,20000482
EDF-Periodic,14.962247013307937,10,0.8333333333333334,0.797561472329439,0.8333333333333334,0.16666666666666663,0.8356090190274789,0.23971239112168793,0.0,0.1875,25.299988661605408,20000483
EDF-Periodic,8.120175318673342,6,0.5,0.4712735882671118,0.6666666666666666,0.5,0.7694695411949208,0.3270747073459851,0.0,0.1875,22.812453982201962,20000484
EDF-Periodic,12.83784899845569,9,0.75,0.6673368689669592,0.75,0.25,0.7411561586222605,0.28889351038970607,0.0,0.1875,21.923016127821874,20000485
EDF-Periodic,13.358948611714204,9,0.75,0.7711447533201752,0.75,0.25,0.7971063127838974,0.2994396297823131,0.0,0.1875,23.15469307529822,20000486
EDF-Periodic,9.95167896568457,7,0.5833333333333334,0.6142974549840814,0.6666666666666666,0.41666666666666663,0.8051963310154947,0.29243667308633353,0.0,0.1875,23.697737702852002,20000487
EDF-Periodic,9.973470572138076,7,0.5833333333333334,0.5951011405992945,0.6666666666666666,0.41666666666666663,0.7943655328780803,0.2971907776844209,0.0,0.1875,23.462687883981268,20000488
EDF-Periodic,11.709519358507325,8,0.6666666666666666,0.6834153551175015,0.6666666666666666,0.33333333333333337,0.7867968514257848,0.30529371973238945,0.0,0.1875,22.546897621853784,20000489
EDF-Periodic,7.721561292934425,6,0.5,0.5217719022872419,0.6666666666666666,0.5,0.7733073582408206,0.3287332389845002,0.0,0.1875,21.90173581400347,20000490
EDF-Periodic,13.272880208418814,9,0.75,0.6619236587155817,0.75,0.25,0.7889254431445313,0.3021729966610171,0.0,0.1875,24.07548526254716,20000491
EDF-Periodic,11.956926489362113,8,0.6666666666666666,0.7407381514663406,0.75,0.33333333333333337,0.8059595992356877,0.3312729898716575,0.0,0.1875,23.15421912753206,20000492
EDF-Periodic,6.296141782784036,5,0.4166666666666667,0.4497388796413579,0.6666666666666666,0.5833333333333333,0.7575963057000069,0.33457617426398745,0.0,0.1875,22.15996938345298,20000493
EDF-Periodic,14.810559827357686,10,0.8333333333333334,0.7843826851573477,0.8333333333333334,0.16666666666666663,0.8144475614706921,0.2778516877410378,0.0,0.1875,24.424381279277256,20000494
EDF-Periodic,11.154755012572174,8,0.6666666666666666,0.630428516435735,0.6666666666666666,0.33333333333333337,0.7524764051325227,0.29885748509865573,0.0,0.1875,22.442944421080817,20000495
EDF-Periodic,17.264244105511292,11,0.9166666666666666,0.9352837700605214,0.9166666666666666,0.08333333333333337,0.8792306686778736,0.2376150622420836,0.0,0.1875,25.486606998615994,20000496
EDF-Periodic,14.591379436498297,10,0.8333333333333334,0.7733172908467292,0.8333333333333334,0.16666666666666663,0.7738447732154351,0.2780164710208792,0.0,0.1875,22.6715776042037,20000497
EDF-Periodic,7.54190707069089,6,0.5,0.41993201645907247,0.6666666666666666,0.5,0.7694109986340281,0.28679811102971153,0.0,0.1875,22.19917613901489,20000498
EDF-Periodic,7.91349745188828,6,0.5,0.5853142434155703,0.5833333333333334,0.5,0.734215954479645,0.32988948536979035,0.0,0.1875,20.502452970178474,20000499
EDF-Threshold,9.85274453449939,7,0.5833333333333334,0.6694501006506114,0.6666666666666666,0.41666666666666663,0.8146197536178491,0.31372275026325486,0.0,0.20833333333333334,22.410617459459267,20000000
EDF-Threshold,12.035368201627099,8,0.6666666666666666,0.7192374109429422,0.75,0.33333333333333337,0.8361922551158748,0.29383399055748644,0.0,0.1875,24.08767553495122,20000001
EDF-Threshold,13.182919383089688,9,0.75,0.7189712015055836,0.8333333333333334,0.25,0.8401331656508487,0.3660815067826233,0.0,0.14583333333333334,25.52231230814289,20000002
EDF-Threshold,15.20429898747746,10,0.8333333333333334,0.8273409157783218,0.8333333333333334,0.16666666666666663,0.8137605235448379,0.2506436241703016,0.0,0.20833333333333334,23.63590781746824,20000003
EDF-Threshold,15.11191441957878,10,0.8333333333333334,0.82679217718853,0.8333333333333334,0.16666666666666663,0.8066607067050898,0.21988484892866478,0.0,0.20833333333333334,23.786404262705762,20000004
EDF-Threshold,15.012184169643518,10,0.8333333333333334,0.751429709759108,0.8333333333333334,0.16666666666666663,0.7838908569943502,0.2987468635086277,0.0,0.16666666666666666,24.510138326617433,20000005
EDF-Threshold,6.874505191904159,5,0.4166666666666667,0.4398664987540353,0.6666666666666666,0.5833333333333333,0.8026492136938761,0.306458609663308,0.0,0.20833333333333334,22.68489354685114,20000006
EDF-Threshold,6.675139059048085,5,0.4166666666666667,0.5005607668355349,0.5833333333333334,0.5833333333333333,0.8091291113913256,0.27566000840791416,0.0,0.2708333333333333,21.69725238883104,20000007
EDF-Threshold,4.868512257894503,4,0.3333333333333333,0.36056501362494786,0.5833333333333334,0.6666666666666667,0.7815326841868506,0.26932734601227526,0.0,0.25,21.806629789501848,20000008
EDF-Threshold,12.992021240619104,9,0.75,0.6893039916087822,0.75,0.25,0.800413464691704,0.2653709140800368,0.0,0.22916666666666666,23.210578883463217,20000009
EDF-Threshold,11.58486372285281,8,0.6666666666666666,0.575908041821078,0.75,0.33333333333333337,0.7902577952337874,0.24827535210500687,0.0,0.20833333333333334,22.493271952834355,20000010
EDF-Threshold,13.001002247422642,9,0.75,0.7881173992198746,0.75,0.25,0.824181826384167,0.2596559428280472,0.0,0.22916666666666666,22.564965331934815,20000011
EDF-Threshold,8.267731552111247,6,0.5,0.49831388017641126,0.8333333333333334,0.5,0.8165719058829831,0.3128806311562406,0.0,0.1875,23.682268868187222,20000012
EDF-Threshold,8.408690795537597,6,0.5,0.5367224505900258,0.6666666666666666,0.5,0.8094551576288467,0.2593851097515141,0.0,0.22916666666666666,23.072601098337234,20000013
EDF-Threshold,5.935451746401701,5,0.4166666666666667,0.41262975859793133,0.6666666666666666,0.5833333333333333,0.7642951451316516,0.3262262733936661,0.0,0.1875,21.877654728236333,20000014
EDF-Threshold,14.956658833872192,10,0.8333333333333334,0.7904297276102032,0.8333333333333334,0.16666666666666663,0.8372330437338177,0.36776313576777236,0.0,0.125,26.129454022986792,20000015
EDF-Threshold,14.772175617612971,10,0.8333333333333334,0.7942267371767092,0.8333333333333334,0.16666666666666663,0.7746970644905421,0.26966291962248484,0.0,0.22916666666666666,23.01821169255899,20000016
EDF-Threshold,11.736147383397627,8,0.6666666666666666,0.7291930475867175,0.75,0.33333333333333337,0.8036056738730711,0.24907161631164532,0.0,0.25,22.392829424712357,20000017
EDF-Threshold,7.913659686526873,6,0.5,0.4916403672968872,0.5833333333333334,0.5,0.8083333074749971,0.3624446598835709,0.0,0.1875,22.455427098311752,20000018
EDF-Threshold,16.672508892418403,11,0.9166666666666666,0.8563257073879647,0.9166666666666666,0.08333333333333337,0.8356297925147501,0.31803919412164033,0.0,0.125,25.91980694448494,20000019
EDF-Threshold,11.728745647305853,8,0.6666666666666666,0.674072972007522,0.6666666666666666,0.33333333333333337,0.8351013714554766,0.2496938222921238,0.0,0.2708333333333333,22.245024935206064,20000020
EDF-Threshold,14.679581299568994,10,0.8333333333333334,0.8549875529563818,0.8333333333333334,0.16666666666666663,0.7820355930907986,0.2636845726979285,0.0,0.16666666666666666,23.343768990930347,20000021
EDF-Threshold,4.932616373567761,4,0.3333333333333333,0.397967174974404,0.6666666666666666,0.6666666666666667,0.774317410677364,0.2584270687921186,0.0,0.22916666666666666,21.279190799019453,20000022
EDF-Threshold,13.137846088847692,9,0.75,0.6890459849436612,0.75,0.25,0.8058008409157128,0.28990508683699906,0.0,0.20833333333333334,23.019915806079876,20000023
EDF-Threshold,15.290322641872091,10,0.8333333333333334,0.8486206286167023,0.8333333333333334,0.16666666666666663,0.8518869277791651,0.3289455957579707,0.0,0.14583333333333334,25.976815039925892,20000024
EDF-Threshold,8.335269339810935,6,0.5,0.48643728613738946,0.6666666666666666,0.5,0.8099716597769048,0.29798338164308774,0.0,0.22916666666666666,22.740779347782773,20000025
EDF-Threshold,9.934740513489412,7,0.5833333333333334,0.6271582411005805,0.8333333333333334,0.41666666666666663,0.8035216806732816,0.30031366441710583,0.0,0.16666666666666666,23.1998020569109,20000026
EDF-Threshold,14.900684041528514,10,0.8333333333333334,0.778703669844218,0.8333333333333334,0.16666666666666663,0.818898271507955,0.2513190255245641,0.0,0.20833333333333334,23.55990964354245,20000027
EDF-Threshold,14.882518953069189,10,0.8333333333333334,0.8387719132270078,0.8333333333333334,0.16666666666666663,0.8107273041138107,0.2600151967982015,0.0,0.1875,24.44177298784277,20000028
EDF-Threshold,12.948672255225512,9,0.75,0.6852624495440786,0.8333333333333334,0.25,0.7838249669224625,0.24236050640331266,0.0,0.20833333333333334,22.924986271751127,20000029
EDF-Threshold,4.606485802076497,4,0.3333333333333333,0.3442519934873874,0.5,0.6666666666666667,0.7737727311902088,0.26341465733807706,0.0,0.2708333333333333,20.8012767852564,20000030
EDF-Threshold,13.34911766377155,9,0.75,0.6986817396802503,0.75,0.25,0.8043919078068255,0.2890090564239234,0.0,0.16666666666666666,24.15327880223307,20000031
EDF-Threshold,14.949910926088366,10,0.8333333333333334,0.78056534048071,0.8333333333333334,0.16666666666666663,0.8260462992026868,0.3142822477167888,0.0,0.16666666666666666,24.3548476644927,20000032
EDF-Threshold,11.122738134339096,8,0.6666666666666666,0.5540416792994556,0.75,0.33333333333333337,0.8108525786186638,0.31822346228112663,0.0,0.1875,23.652839291517626,20000033
EDF-Threshold,9.776214914680592,7,0.5833333333333334,0.5936669964789762,0.6666666666666666,0.41666666666666663,0.7774539275543099,0.27253137897672713,0.0,0.20833333333333334,21.993652534350144,20000034
EDF-Threshold,11.90239204558944,8,0.6666666666666666,0.731306844068756,0.75,0.33333333333333337,0.7813115301035092,0.309413468443474,0.0,0.20833333333333334,22.679041380515233,20000035
EDF-Threshold,15.930949998902182,11,0.9166666666666666,0.8431233532732969,0.9166666666666666,0.08333333333333337,0.8122721078009231,0.22867096049486446,0.0,0.16666666666666666,25.026113354843332,20000036
EDF-Threshold,13.714241329245326,9,0.75,0.7296314465076025,0.75,0.25,0.8368268807460909,0.3134312012114391,0.0,0.1875,23.996858708548718,20000037
EDF-Threshold,11.809320349836346,8,0.6666666666666666,0.7449371133274786,0.75,0.33333333333333337,0.7849770258406604,0.2896918392526881,0.0,0.20833333333333334,22.446204262607495,20000038
EDF-Threshold,13.557148597696912,9,0.75,0.7104035679926417,0.75,0.25,0.818143086593723,0.2535860411311668,0.0,0.22916666666666666,23.0055263202359,20000039
EDF-Threshold,5.208885541133194,4,0.3333333333333333,0.3661337609300615,0.5833333333333334,0.6666666666666667,0.8329313411763529,0.2434427422284312,0.0,0.2916666666666667,21.958092173311336,20000040
EDF-Threshold,11.964959096550599,8,0.6666666666666666,0.7015284580810093,0.75,0.33333333333333337,0.8237338682206033,0.32814507185284497,0.0,0.14583333333333334,24.719082354204772,20000041
EDF-Threshold,13.06236013715554,9,0.75,0.7526260544799875,0.75,0.25,0.7968700364341245,0.31904399878741757,0.0,0.16666666666666666,23.326128206723013,20000042
EDF-Threshold,15.249910575968622,10,0.8333333333333334,0.8287161500869419,0.8333333333333334,0.16666666666666663,0.816253585860506,0.2361643412730278,0.0,0.20833333333333334,23.561227020034842,20000043
EDF-Threshold,9.902192187746621,7,0.5833333333333334,0.5943815818673922,0.6666666666666666,0.41666666666666663,0.8011433871719008,0.30063895997723833,0.0,0.20833333333333334,22.604369409935888,20000044
EDF-Threshold,10.027336158936539,7,0.5833333333333334,0.5443274502821023,0.6666666666666666,0.41666666666666663,0.7849683404577005,0.26588913417722676,0.0,0.2708333333333333,21.69727295826706,20000045
EDF-Threshold,4.188174727377461,4,0.3333333333333333,0.3678407924871709,0.5,0.6666666666666667,0.7764548480498905,0.3017351434901274,0.0,0.2916666666666667,20.498312033341403,20000046
EDF-Threshold,13.975288313078423,10,0.8333333333333334,0.7331135867520278,0.8333333333333334,0.16666666666666663,0.789823371192964,0.24178936092336056,0.0,0.1875,23.253302396061958,20000047
EDF-Threshold,6.37410543589535,5,0.4166666666666667,0.4064294001126873,0.6666666666666666,0.5833333333333333,0.7946247820380122,0.26251840418206096,0.0,0.25,21.753256531524233,20000048
EDF-Threshold,7.759158706034607,6,0.5,0.45169668724591455,0.75,0.5,0.8022283718701461,0.25991092444191183,0.0,0.1875,23.367971155440646,20000049
EDF-Threshold,8.073315957983336,6,0.5,0.47488893370636415,0.75,0.5,0.7935456717167485,0.27361109539725686,0.0,0.1875,22.13162983431115,20000050
EDF-Threshold,8.712529405727397,6,0.5,0.5254779035997292,0.75,0.5,0.8232362227976647,0.2829113282672542,0.0,0.22916666666666666,23.45731615590338,20000051
EDF-Threshold,9.9594148376624,7,0.5833333333333334,0.5784001511930669,0.75,0.41666666666666663,0.7998361354377074,0.31103988551307,0.0,0.20833333333333334,23.8315124272666,20000052
EDF-Threshold,9.517865593908,7,0.5833333333333334,0.5599715186097138,0.75,0.41666666666666663,0.7999564871700763,0.3098027702607465,0.0,0.16666666666666666,23.22028591760255,20000053
EDF-Threshold,13.443431255777332,9,0.75,0.8140136285760645,0.75,0.25,0.7806805449051896,0.32029120367658187,0.0,0.14583333333333334,24.158896188752582,20000054
EDF-Threshold,10.077627326668525,7,0.5833333333333334,0.5523265688171116,0.8333333333333334,0.41666666666666663,0.8214525191440168,0.31618905261354197,0.0,0.1875,24.75420123539774,20000055
EDF-Threshold,12.607027733031908,9,0.75,0.658152032757246,0.75,0.25,0.802984734036707,0.27133349481384283,0.0,0.1875,22.993019006636246,20000056
EDF-Threshold,7.1465901852337925,5,0.4166666666666667,0.49936959831448424,0.5833333333333334,0.5833333333333333,0.7786193312533083,0.32033520543920785,0.0,0.22916666666666666,21.5093715937794,20000057
EDF-Threshold,9.943478813676595,7,0.5833333333333334,0.547061347220942,0.75,0.41666666666666663,0.8104443597210212,0.22774408435446927,0.0,0.2708333333333333,22.274512243236646,20000058
EDF-Threshold,8.65595122720333,6,0.5,0.5233024833839132,0.6666666666666666,0.5,0.8111193620942175,0.30847727006245323,0.0,0.20833333333333334,22.628188469085803,20000059
EDF-Threshold,13.309705919519622,9,0.75,0.7716345073654728,0.75,0.25,0.8158883811180561,0.3213701093612808,0.0,0.14583333333333334,24.342862400582874,20000060
EDF-Threshold,12.002089891555205,8,0.6666666666666666,0.6620661952021751,0.6666666666666666,0.33333333333333337,0.7978339062421819,0.30393268525243944,0.0,0.20833333333333334,22.978626067277858,20000061
EDF-Threshold,13.589109460281916,9,0.75,0.6828560567393931,0.75,0.25,0.8496215339013,0.32724289013989943,0.0,0.16666666666666666,25.73180591185838,20000062
EDF-Threshold,6.237013529195441,5,0.4166666666666667,0.4219255275133923,0.5833333333333334,0.5833333333333333,0.7755528042175127,0.28821470967574414,0.0,0.22916666666666666,20.96979422840337,20000063
EDF-Threshold,15.188174063343798,10,0.8333333333333334,0.8425083318908804,0.8333333333333334,0.16666666666666663,0.8220377980400319,0.2826759266467902,0.0,0.14583333333333334,25.133339824418,20000064
EDF-Threshold,9.901579176969449,7,0.5833333333333334,0.597629662039789,0.6666666666666666,0.41666666666666663,0.7901940432078236,0.31733173788739355,0.0,0.20833333333333334,22.048717194819623,20000065
EDF-Threshold,15.553285502234473,10,0.8333333333333334,0.8105308598217211,0.8333333333333334,0.16666666666666663,0.8357532147616143,0.34823324098124314,0.0,0.14583333333333334,25.54749335879141,20000066
EDF-Threshold,13.765929583475609,9,0.75,0.8341607312764548,0.75,0.25,0.8444921110123708,0.31666048485473103,0.0,0.1875,24.76368350793934,20000067
EDF-Threshold,6.94103536806216,5,0.4166666666666667,0.43008568314293805,0.6666666666666666,0.5833333333333333,0.8137728256226593,0.2739113670495264,0.0,0.20833333333333334,23.540754836308942,20000068
EDF-Threshold,16.831818489000163,11,0.9166666666666666,0.9114784719555357,0.9166666666666666,0.08333333333333337,0.8539644358865971,0.30918345667738156,0.0,0.16666666666666666,25.415961087309405,20000069
EDF-Threshold,13.970936827325405,9,0.75,0.7977913603539827,0.75,0.25,0.8558776668534058,0.2900231638314899,0.0,0.1875,24.992693203499833,20000070
EDF-Threshold,8.166289444582953,6,0.5,0.45367974884389584,0.6666666666666666,0.5,0.8102663302592458,0.26048156825878477,0.0,0.25,22.8688808431977,20000071
EDF-Threshold,12.86023516350418,9,0.75,0.7058165407193489,0.75,0.25,0.8079471656970911,0.23461301423445194,0.0,0.20833333333333334,22.26263268982509,20000072
EDF-Threshold,7.92247509999296,6,0.5,0.4503799575346913,0.6666666666666666,0.5,0.8180421382698596,0.22974576493088414,0.0,0.2708333333333333,21.856642425038483,20000073
EDF-Threshold,11.493105286912797,8,0.6666666666666666,0.5720970499132507,0.75,0.33333333333333337,0.8051865508992182,0.24635528663760875,0.0,0.20833333333333334,23.32637924815694,20000074
EDF-Threshold,5.1314656945515305,4,0.3333333333333333,0.3551216219570952,0.6666666666666666,0.6666666666666667,0.8005316792690871,0.32094818526466345,0.0,0.16666666666666666,23.124720862645756,20000075
EDF-Threshold,2.734235605621684,3,0.25,0.29095120086711146,0.5,0.75,0.7849375254795312,0.30617884891549096,0.0,0.25,20.757105967167718,20000076
EDF-Threshold,14.602886824892034,10,0.8333333333333334,0.7658975108473918,0.8333333333333334,0.16666666666666663,0.8359109638426441,0.29734677254100916,0.0,0.16666666666666666,24.58749222569805,20000077
EDF-Threshold,12.849180904600344,9,0.75,0.7000755667575339,0.75,0.25,0.7683176968904734,0.2621109778522422,0.0,0.16666666666666666,22.692906434159763,20000078
EDF-Threshold,13.41210997943397,9,0.75,0.7332753325456024,0.75,0.25,0.8108768114004894,0.2625152663405582,0.0,0.20833333333333334,22.74860878733597,20000079
EDF-Threshold,8.901423788780736,6,0.5,0.5955486022745824,0.6666666666666666,0.5,0.8373214297609671,0.35447108593705545,0.0,0.16666666666666666,25.071981554287035,20000080
EDF-Threshold,7.9104430322782555,6,0.5,0.47886205475930854,0.5833333333333334,0.5,0.7673866707108988,0.3019373785109437,0.0,0.22916666666666666,21.990146349686853,20000081
EDF-Threshold,16.456419077628794,11,0.9166666666666666,0.8413704854718621,0.9166666666666666,0.08333333333333337,0.8338853202734632,0.2677347838087706,0.0,0.14583333333333334,26.77168097001616,20000082
EDF-Threshold,13.426897729023283,9,0.75,0.7815707570492915,0.75,0.25,0.8081532597689766,0.29383361237657696,0.0,0.20833333333333334,25.143493854178676,20000083
EDF-Threshold,13.14859457998442,9,0.75,0.707291225179486,0.75,0.25,0.7846377618955787,0.27331545578377375,0.0,0.20833333333333334,22.885569642619146,20000084
EDF-Threshold,14.128598685076378,9,0.75,0.7617606664620029,0.75,0.25,0.817727427875735,0.31278560982035203,0.0,0.1875,24.41855946328076,20000085
EDF-Threshold,9.886225745114945,7,0.5833333333333334,0.557547872034184,0.75,0.41666666666666663,0.8117446555530211,0.3306810060006922,0.0,0.16666666666666666,23.640587653493967,20000086
EDF-Threshold,13.700779191868659,9,0.75,0.7715534821314881,0.75,0.25,0.824712689662331,0.289264514017137,0.0,0.1875,24.38771414653151,20000087
EDF-Threshold,12.011527298892782,8,0.6666666666666666,0.7172632775167916,0.6666666666666666,0.33333333333333337,0.8054366646842608,0.35610312345341333,0.0,0.14583333333333334,24.18545278766886,20000088
EDF-Threshold,13.051749647312539,9,0.75,0.7450418103748657,0.75,0.25,0.7825004263640185,0.23599265973387795,0.0,0.20833333333333334,22.963546174081454,20000089
EDF-Threshold,8.347500805765238,6,0.5,0.5037040016948822,0.75,0.5,0.824491003431031,0.252871402978889,0.0,0.25,23.042134049177076,20000090
EDF-Threshold,13.269892059754289,9,0.75,0.7417422810068678,0.75,0.25,0.8230666579803332,0.2735620079431144,0.0,0.22916666666666666,23.133028094375824,20000091
EDF-Threshold,9.64031481438901,7,0.5833333333333334,0.5012097827396363,0.6666666666666666,0.41666666666666663,0.8000363408376914,0.3073893109536506,0.0,0.1875,22.785425814249596,20000092
EDF-Threshold,14.627189799120526,10,0.8333333333333334,0.7652744841452788,0.8333333333333334,0.16666666666666663,0.771779633940317,0.21131948416880494,0.0,0.20833333333333334,23.169752093001435,20000093
EDF-Threshold,12.823284129172517,9,0.75,0.728508360500723,0.75,0.25,0.7874915232170068,0.27247193420308374,0.0,0.20833333333333334,22.925112329251224,20000094
EDF-Threshold,7.97432333675795,6,0.5,0.5068259914386565,0.5833333333333334,0.5,0.7654992983196718,0.34533066402470003,0.0,0.1875,20.52594669234641,20000095
EDF-Threshold,9.649878893345962,7,0.5833333333333334,0.5773619316112192,0.75,0.41666666666666663,0.7935076177641648,0.31497004307797316,0.0,0.16666666666666666,23.9919715484826,20000096
EDF-Threshold,8.29951820214908,6,0.5,0.5029339999074113,0.6666666666666666,0.5,0.7822715181853009,0.26320523842532834,0.0,0.22916666666666666,22.138603203669113,20000097
EDF-Threshold,7.935972938741145,6,0.5,0.44332269047138023,0.6666666666666666,0.5,0.824511319603813,0.3048526386193818,0.0,0.22916666666666666,23.585914536558484,20000098
EDF-Threshold,13.203021968960662,9,0.75,0.628890232770223,0.8333333333333334,0.25,0.8329648318575623,0.23242532812677386,0.0,0.1875,24.525797550837247,20000099
EDF-Threshold,13.469856438618999,9,0.75,0.7339701961425413,0.75,0.25,0.8418364297101751,0.2881568768473146,0.0,0.22916666666666666,23.9128982477706,20000100
EDF-Threshold,11.604228281794645,8,0.6666666666666666,0.5745695854407624,0.75,0.33333333333333337,0.8453577742147779,0.30325497826852726,0.0,0.1875,23.883236116692526,20000101
EDF-Threshold,12.56007461557454,9,0.75,0.6505418831518992,0.75,0.25,0.8117742090771037,0.2274272370097962,0.0,0.25,22.444625045934185,20000102
EDF-Threshold,11.814014102983538,8,0.6666666666666666,0.7191376456812987,0.6666666666666666,0.33333333333333337,0.7976907278407488,0.24352403973428038,0.0,0.25,21.99584212875869,20000103
EDF-Threshold,7.848064042989172,6,0.5,0.4708454339470858,0.6666666666666666,0.5,0.7738872206262396,0.2776689597525348,0.0,0.1875,23.25945615106177,20000104
EDF-Threshold,14.28036027514191,10,0.8333333333333334,0.817551623186898,0.8333333333333334,0.16666666666666663,0.8003960978360517,0.3199618600087433,0.0,0.16666666666666666,22.881585417188273,20000105
EDF-Threshold,10.58458126188021,7,0.5833333333333334,0.6623838715288739,0.6666666666666666,0.41666666666666663,0.8028992639438055,0.27797815934291414,0.0,0.20833333333333334,23.34113872910079,20000106
EDF-Threshold,12.726702231597146,9,0.75,0.728328056869703,0.75,0.25,0.7835599827250039,0.2822298103109279,0.0,0.20833333333333334,22.09460914538212,20000107
EDF-Threshold,14.772932205133698,10,0.8333333333333334,0.8266793192831409,0.8333333333333334,0.16666666666666663,0.8349096804949939,0.28395466727541563,0.0,0.1875,24.94098814244703,20000108
EDF-Threshold,4.658306530684215,4,0.3333333333333333,0.34472629521556103,0.5833333333333334,0.6666666666666667,0.760250576644547,0.30703277542509705,0.0,0.20833333333333334,20.424099227781443,20000109
EDF-Threshold,4.977532209800495,4,0.3333333333333333,0.3991747740184693,0.5833333333333334,0.6666666666666667,0.8063681846568369,0.2928892451535461,0.0,0.22916666666666666,22.187135335848556,20000110
EDF-Threshold,11.581079884226009,8,0.6666666666666666,0.664500382386102,0.6666666666666666,0.33333333333333337,0.8115344112276541,0.2503427448216089,0.0,0.25,22.652169679953005,20000111
EDF-Threshold,12.267962253076991,8,0.6666666666666666,0.6956609569272469,0.6666666666666666,0.33333333333333337,0.8259727794777737,0.3625514931490996,0.0,0.16666666666666666,24.962629261167553,20000112
EDF-Threshold,12.830847559540565,9,0.75,0.6249831648340527,0.8333333333333334,0.25,0.7992514476385072,0.21332406838729426,0.0,0.22916666666666666,23.525823598376174,20000113
EDF-Threshold,4.575019071641471,4,0.3333333333333333,0.35252728095077895,0.5833333333333334,0.6666666666666667,0.7642223052827677,0.2792751257715584,0.0,0.25,21.499703582805875,20000114
EDF-Threshold,8.275496911428533,6,0.5,0.46946935879526536,0.75,0.5,0.8086191473321233,0.3236707118065639,0.0,0.16666666666666666,23.32252363879541,20000115
EDF-Threshold,8.31435006233899,6,0.5,0.5010980101471534,0.8333333333333334,0.5,0.8197878267609314,0.2911553460406875,0.0,0.1875,24.655065580023546,20000116
EDF-Threshold,4.784850498569125,4,0.3333333333333333,0.4008077151808889,0.6666666666666666,0.6666666666666667,0.7956311085118898,0.28536102799175084,0.0,0.25,21.641135235250694,20000117
EDF-Threshold,9.647125307925952,7,0.5833333333333334,0.5218106970859104,0.75,0.41666666666666663,0.7818595296274689,0.28145650369354813,0.0,0.1875,22.21611206461704,20000118
EDF-Threshold,10.350023019522528,7,0.5833333333333334,0.5744087126669053,0.75,0.41666666666666663,0.7881285735511718,0.313201551528749,0.0,0.1875,23.582761249891746,20000119
EDF-Threshold,10.162624048972338,7,0.5833333333333334,0.6179201698659511,0.6666666666666666,0.41666666666666663,0.8290128851135082,0.32276979160471314,0.0,0.1875,23.957240773304946,20000120
EDF-Threshold,2.5430883245194233,3,0.25,0.2131620147211729,0.5833333333333334,0.75,0.7519587779926257,0.2806206373419147,0.0,0.25,19.495973945501582,20000121
EDF-Threshold,10.237610276957508,7,0.5833333333333334,0.6570521955973244,0.6666666666666666,0.41666666666666663,0.7722586536205339,0.27361515144074283,0.0,0.22916666666666666,21.818222534808886,20000122
EDF-Threshold,14.466997563358508,10,0.8333333333333334,0.8160990584281389,0.8333333333333334,0.16666666666666663,0.8010266467633516,0.32759226591804447,0.0,0.14583333333333334,23.4695311769432,20000123
EDF-Threshold,9.581630008052683,7,0.5833333333333334,0.5881930957074477,0.75,0.41666666666666663,0.8150822680693276,0.2840339283362496,0.0,0.20833333333333334,23.493397514886542,20000124
EDF-Threshold,16.74310903594609,11,0.9166666666666666,0.858204668171213,0.9166666666666666,0.08333333333333337,0.8207614135548881,0.2637277912708088,0.0,0.16666666666666666,24.84793760378562,20000125
EDF-Threshold,9.918009326117648,7,0.5833333333333334,0.5474633024914225,0.6666666666666666,0.41666666666666663,0.7831524787744123,0.2797273449823274,0.0,0.22916666666666666,22.31079486398945,20000126
EDF-Threshold,8.512848697748014,6,0.5,0.5494398841024303,0.6666666666666666,0.5,0.7914918181255391,0.29955151718210854,0.0,0.20833333333333334,22.737091532019214,20000127
EDF-Threshold,12.971839489276851,9,0.75,0.7092200671302683,0.8333333333333334,0.25,0.776806554334251,0.2771725130699311,0.0,0.20833333333333334,23.321019836832562,20000128
EDF-Threshold,13.193808843232063,9,0.75,0.7298769834354666,0.75,0.25,0.7747202017994345,0.2920653886624343,0.0,0.1875,24.397943136276226,20000129
EDF-Threshold,13.083907265072073,9,0.75,0.7664713882131056,0.75,0.25,0.7890813295485358,0.32183972749460915,0.0,0.1875,22.788618351557297,20000130
EDF-Threshold,10.164578715135146,7,0.5833333333333334,0.5308728990000914,0.75,0.41666666666666663,0.816608539410462,0.29696103575617033,0.0,0.1875,23.303945565312947,20000131
EDF-Threshold,13.388887552486661,9,0.75,0.6939242744690876,0.8333333333333334,0.25,0.7872296717916507,0.24424420373113423,0.0,0.20833333333333334,23.173368065422885,20000132
EDF-Threshold,16.29987037386105,11,0.9166666666666666,0.8461341642680034,0.9166666666666666,0.08333333333333337,0.7829804052018923,0.2663732915319395,0.0,0.16666666666666666,24.625672732734998,20000133
EDF-Threshold,10.246086821143185,7,0.5833333333333334,0.59888657830523,0.75,0.41666666666666663,0.8140361249466516,0.25032919209541254,0.0,0.22916666666666666,24.30979406591735,20000134
EDF-Threshold,14.766711033485294,10,0.8333333333333334,0.7522471245014789,0.8333333333333334,0.16666666666666663,0.8542034250120705,0.37430516968382754,0.0,0.125,26.48415739367765,20000135
EDF-Threshold,12.796307820635581,9,0.75,0.6845719862368844,0.75,0.25,0.8017010352769566,0.29824665953612506,0.0,0.20833333333333334,22.452862333816846,20000136
EDF-Threshold,14.8517872806625,10,0.8333333333333334,0.744723640314481,0.8333333333333334,0.16666666666666663,0.8116239814410987,0.2680880175786413,0.0,0.16666666666666666,24.297152817438256,20000137
EDF-Threshold,4.70813656826947,4,0.3333333333333333,0.3731971054447636,0.5833333333333334,0.6666666666666667,0.7815858271065449,0.26502234990993007,0.0,0.2708333333333333,20.932669745118528,20000138
EDF-Threshold,11.510924741045473,8,0.6666666666666666,0.660734264235017,0.75,0.33333333333333337,0.7878933061725214,0.2485564720633008,0.0,0.20833333333333334,23.226574549533844,20000139
EDF-Threshold,14.551204411502702,10,0.8333333333333334,0.8725362113400563,0.8333333333333334,0.16666666666666663,0.7919579121953434,0.2619216816256558,0.0,0.16666666666666666,22.97606840793673,20000140
EDF-Threshold,8.833491910314129,6,0.5,0.6127454570347426,0.5833333333333334,0.5,0.7940754724629006,0.2982452106469411,0.0,0.22916666666666666,22.237415478917704,20000141
EDF-Threshold,11.591381964883706,8,0.6666666666666666,0.6791585618710888,0.6666666666666666,0.33333333333333337,0.7750997672846577,0.2766066654458099,0.0,0.22916666666666666,21.296281956330617,20000142
EDF-Threshold,6.094718859408141,5,0.4166666666666667,0.3544749434285905,0.5833333333333334,0.5833333333333333,0.7778229732209972,0.27919045287305083,0.0,0.22916666666666666,21.31044721555524,20000143
EDF-Threshold,14.853432764093343,10,0.8333333333333334,0.8114912411891161,0.8333333333333334,0.16666666666666663,0.8006867672759569,0.3263486471078268,0.0,0.16666666666666666,24.460830217477497,20000144
EDF-Threshold,13.459465274009363,9,0.75,0.7981529483383868,0.75,0.25,0.8109216118726756,0.29151190738600535,0.0,0.20833333333333334,23.233604464630304,20000145
EDF-Threshold,9.670896913557472,7,0.5833333333333334,0.5207537373942214,0.6666666666666666,0.41666666666666663,0.7986515191994966,0.24280569275002215,0.0,0.22916666666666666,22.159441619182267,20000146
EDF-Threshold,9.778913963126818,7,0.5833333333333334,0.5823801740249387,0.75,0.41666666666666663,0.7740609638466692,0.25362154070461224,0.0,0.20833333333333334,22.526128174608417,20000147
EDF-Threshold,8.260534757576941,6,0.5,0.4896424678107968,0.6666666666666666,0.5,0.8004347348416099,0.2615762119807386,0.0,0.22916666666666666,23.13183687451658,20000148
EDF-Threshold,15.55756725474615,10,0.8333333333333334,0.8611120962627353,0.8333333333333334,0.16666666666666663,0.8499798017759986,0.36913047803277016,0.0,0.14583333333333334,25.72360506260261,20000149
EDF-Threshold,13.363672368597104,9,0.75,0.7161079551670915,0.8333333333333334,0.25,0.7937160837898306,0.24539608298067703,0.0,0.22916666666666666,23.04564495329624,20000150
EDF-Threshold,13.026031155008395,9,0.75,0.7551179197896806,0.8333333333333334,0.25,0.7803923638501541,0.29952498223456914,0.0,0.14583333333333334,24.19233017032558,20000151
EDF-Threshold,5.173052867489354,4,0.3333333333333333,0.40811667213769726,0.6666666666666666,0.6666666666666667,0.7930524467986645,0.29282631367852036,0.0,0.22916666666666666,22.208900653858265,20000152
EDF-Threshold,13.352729502980806,9,0.75,0.785166286981513,0.75,0.25,0.800198814983644,0.30447898295290193,0.0,0.16666666666666666,23.78953200110483,20000153
EDF-Threshold,14.94243045244788,10,0.8333333333333334,0.7907854490987808,0.8333333333333334,0.16666666666666663,0.8547817378850654,0.3131222760662236,0.0,0.16666666666666666,24.255851751484588,20000154
EDF-Threshold,10.012806965112382,7,0.5833333333333334,0.6044590830839204,0.6666666666666666,0.41666666666666663,0.7934564463665689,0.23873632512952234,0.0,0.25,21.87396753282961,20000155
EDF-Threshold,11.657775775990489,8,0.6666666666666666,0.68155853956262,0.6666666666666666,0.33333333333333337,0.8075245455108079,0.2947756020015874,0.0,0.22916666666666666,22.273127337142395,20000156
EDF-Threshold,8.200901753346637,6,0.5,0.4645839011915167,0.75,0.5,0.8317798641596124,0.27958372410156834,0.0,0.22916666666666666,24.00511598675005,20000157
EDF-Threshold,15.709250384814634,10,0.8333333333333334,0.8317224092368969,0.8333333333333334,0.16666666666666663,0.8183837464390374,0.31433716800980177,0.0,0.16666666666666666,25.63486949951999,20000158
EDF-Threshold,6.81983243642182,5,0.4166666666666667,0.47149875878579406,0.6666666666666666,0.5833333333333333,0.7696158264537111,0.3202959140143001,0.0,0.1875,23.020118881134376,20000159
EDF-Threshold,9.9347564994829,7,0.5833333333333334,0.5751634422599676,0.75,0.41666666666666663,0.8172566445453144,0.27446812842380947,0.0,0.20833333333333334,24.26105643980325,20000160
EDF-Threshold,13.158154600363122,9,0.75,0.7734233969440495,0.75,0.25,0.817990166815235,0.2378933809803986,0.0,0.25,22.779809582590893,20000161
EDF-Threshold,6.5225292424402985,5,0.4166666666666667,0.39193578762857045,0.6666666666666666,0.5833333333333333,0.7927730631185588,0.25847995540478214,0.0,0.25,21.3524291235675,20000162
EDF-Threshold,13.14623058515007,9,0.75,0.6845061200580619,0.75,0.25,0.8004117357626789,0.24962031763695144,0.0,0.20833333333333334,23.350913481259838,20000163
EDF-Threshold,12.02337305501305,8,0.6666666666666666,0.6545603396893496,0.6666666666666666,0.33333333333333337,0.7894171082248477,0.3092449988900617,0.0,0.1875,23.245036837011213,20000164
EDF-Threshold,14.703194020071676,10,0.8333333333333334,0.7647603172304964,0.9166666666666666,0.16666666666666663,0.8256799921501073,0.3101544792213856,0.0,0.14583333333333334,24.74156420086089,20000165
EDF-Threshold,13.435554239407013,9,0.75,0.7451573504250475,0.8333333333333334,0.25,0.8080344868722023,0.36432898620462434,0.0,0.14583333333333334,25.21564720696501,20000166
EDF-Threshold,11.22474613328448,8,0.6666666666666666,0.6934756504434968,0.75,0.33333333333333337,0.7785436618265108,0.2574773065997952,0.0,0.20833333333333334,21.93827314298749,20000167
EDF-Threshold,7.91922287931196,6,0.5,0.47085306833085167,0.6666666666666666,0.5,0.7730142474553613,0.28572311757142826,0.0,0.22916666666666666,21.631060353622974,20000168
EDF-Threshold,15.25154247684627,10,0.8333333333333334,0.8321191075580787,0.8333333333333334,0.16666666666666663,0.8173257404404586,0.287836368542689,0.0,0.20833333333333334,24.1789381719852,20000169
EDF-Threshold,8.499715526901198,6,0.5,0.5660601819063473,0.5833333333333334,0.5,0.7936221007957324,0.2720699029490193,0.0,0.2708333333333333,20.502326024281558,20000170
EDF-Threshold,14.822655813751133,10,0.8333333333333334,0.8017049442099268,0.8333333333333334,0.16666666666666663,0.8385798952398075,0.2896478464698637,0.0,0.16666666666666666,25.64246673680963,20000171
EDF-Threshold,15.00504282094004,10,0.8333333333333334,0.839400579894181,0.8333333333333334,0.16666666666666663,0.8356423326212082,0.28368655581662927,0.0,0.20833333333333334,23.402991726422417,20000172
EDF-Threshold,13.21816153274489,9,0.75,0.6797649621842211,0.75,0.25,0.8197510276429587,0.2828103519396578,0.0,0.20833333333333334,24.336423918017168,20000173
EDF-Threshold,14.97105924203006,10,0.8333333333333334,0.7780916426325999,0.8333333333333334,0.16666666666666663,0.8209630384106502,0.3116137121575921,0.0,0.14583333333333334,25.095122181892613,20000174
EDF-Threshold,7.562426136837717,6,0.5,0.4468788258265183,0.6666666666666666,0.5,0.7726113258494139,0.25687886264660326,0.0,0.22916666666666666,21.617089060615633,20000175
EDF-Threshold,9.63071399531106,7,0.5833333333333334,0.5616144420909911,0.75,0.41666666666666663,0.7867215264038334,0.2971699191254213,0.0,0.16666666666666666,23.788981945295077,20000176
EDF-Threshold,13.425158595037065,9,0.75,0.7575478385694682,0.75,0.25,0.825229070532394,0.28038609275685294,0.0,0.20833333333333334,24.0166955449055,20000177
EDF-Threshold,12.013608077523122,8,0.6666666666666666,0.6709308661973628,0.75,0.33333333333333337,0.8427201270787202,0.2835254114799624,0.0,0.22916666666666666,23.568356779274136,20000178
EDF-Threshold,6.622860264223265,5,0.4166666666666667,0.4088707184579637,0.75,0.5833333333333333,0.8129056846071293,0.2864585276432842,0.0,0.20833333333333334,22.59204980332497,20000179
EDF-Threshold,10.425728558782975,7,0.5833333333333334,0.5317735663090855,0.75,0.41666666666666663,0.815856206828571,0.24518673879475394,0.0,0.22916666666666666,23.763461858343792,20000180
EDF-Threshold,13.04453764913621,9,0.75,0.8616124737335094,0.75,0.25,0.7787866700370601,0.3435647878271418,0.0,0.14583333333333334,22.99512198063178,20000181
EDF-Threshold,12.223976795038146,8,0.6666666666666666,0.7105948657828015,0.6666666666666666,0.33333333333333337,0.8246018434907324,0.28241313607295504,0.0,0.25,22.7064464061763,20000182
EDF-Threshold,4.285022057098365,4,0.3333333333333333,0.30179786064726005,0.5833333333333334,0.6666666666666667,0.7735818032832746,0.2773072948401583,0.0,0.20833333333333334,21.562006040411998,20000183
EDF-Threshold,6.518209914220864,5,0.4166666666666667,0.43718180064355383,0.6666666666666666,0.5833333333333333,0.8149111093523271,0.2357729985161232,0.0,0.2708333333333333,22.748775453477535,20000184
EDF-Threshold,11.913620146515065,8,0.6666666666666666,0.791106989958855,0.6666666666666666,0.33333333333333337,0.7858858600004915,0.31838175127114693,0.0,0.1875,22.51834211984763,20000185
EDF-Threshold,11.425863884360814,8,0.6666666666666666,0.6279196500660369,0.75,0.33333333333333337,0.8192942222898649,0.2358291067817996,0.0,0.20833333333333334,23.94434364496533,20000186
EDF-Threshold,9.907564336982407,7,0.5833333333333334,0.592216699852108,0.5833333333333334,0.41666666666666663,0.7902025834002945,0.3274038539910564,0.0,0.20833333333333334,21.745314730326818,20000187
EDF-Threshold,15.03281207436143,10,0.8333333333333334,0.7921594296634855,0.8333333333333334,0.16666666666666663,0.8234834299236681,0.32525269735689816,0.0,0.14583333333333334,26.01353203778836,20000188
EDF-Threshold,6.646625031741638,5,0.4166666666666667,0.440205155968784,0.6666666666666666,0.5833333333333333,0.795002843119535,0.2506249738578068,0.0,0.25,21.894201543304423,20000189
EDF-Threshold,14.736700846997648,10,0.8333333333333334,0.7798878496221773,0.8333333333333334,0.16666666666666663,0.8364656691012401,0.32794018850132284,0.0,0.14583333333333334,24.67175365355753,20000190
EDF-Threshold,17.25889584014844,12,1.0,1.0,1.0,0.0,0.8458819338911608,0.2142125953701536,0.0,0.25,22.642499141465986,20000191
EDF-Threshold,8.568627046458998,6,0.5,0.5474365953225255,0.75,0.5,0.8335534420921694,0.2952861311728273,0.0,0.20833333333333334,24.297653373526735,20000192
EDF-Threshold,10.807169494959094,7,0.5833333333333334,0.6696166291340464,0.75,0.41666666666666663,0.83514947305214,0.32890817668715516,0.0,0.16666666666666666,24.95919536946083,20000193
EDF-Threshold,11.896546087065168,8,0.6666666666666666,0.7144932488662545,0.6666666666666666,0.33333333333333337,0.7903483661545083,0.3347860028558554,0.0,0.1875,22.568675442891685,20000194
EDF-Threshold,13.070539083334786,9,0.75,0.6496821936863892,0.75,0.25,0.8116205605152272,0.2738738743599781,0.0,0.22916666666666666,24.007915329853553,20000195
EDF-Threshold,13.856247710102977,9,0.75,0.8083627499196288,0.75,0.25,0.825549044768478,0.2968998948172286,0.0,0.1875,24.154050792492566,20000196
EDF-Threshold,8.760803539085106,6,0.5,0.5081368564294803,0.75,0.5,0.8078187221860386,0.262625485146378,0.0,0.20833333333333334,24.357132347832074,20000197
EDF-Threshold,13.45084020108845,9,0.75,0.7322132776345226,0.75,0.25,0.8052341858699698,0.2577787297851695,0.0,0.22916666666666666,22.857778597780964,20000198
EDF-Threshold,9.534532207006366,7,0.5833333333333334,0.5262222817111463,0.6666666666666666,0.41666666666666663,0.7909895464053069,0.27394860251492187,0.0,0.22916666666666666,22.064844790990456,20000199
EDF-Threshold,10.353857058314375,7,0.5833333333333334,0.6287431141999446,0.75,0.41666666666666663,0.8034744118100932,0.3422953019415786,0.0,0.14583333333333334,24.02112143596955,20000200
EDF-Threshold,10.156821199814527,7,0.5833333333333334,0.5374234023764888,0.6666666666666666,0.41666666666666663,0.7985578078440572,0.22992121643002217,0.0,0.25,21.849595130104614,20000201
EDF-Threshold,8.037221531380078,6,0.5,0.5084142070473718,0.6666666666666666,0.5,0.8053214305441259,0.3125910466840344,0.0,0.20833333333333334,22.810056860792688,20000202
EDF-Threshold,14.96787761914759,10,0.8333333333333334,0.8782891599329655,0.8333333333333334,0.16666666666666663,0.8028771080124034,0.30491560076063173,0.0,0.16666666666666666,24.38291589242755,20000203
EDF-Threshold,13.411450175103445,9,0.75,0.6685761831228189,0.75,0.25,0.7983403632114747,0.2390469485293961,0.0,0.22916666666666666,23.982471647283436,20000204
EDF-Threshold,15.222927325323301,10,0.8333333333333334,0.8918850617644597,0.8333333333333334,0.16666666666666663,0.7995782964625402,0.27861229053319797,0.0,0.16666666666666666,24.795277055705597,20000205
EDF-Threshold,2.9581771540094204,3,0.25,0.31850326557226194,0.5,0.75,0.7813903400193133,0.3215330506489481,0.0,0.22916666666666666,20.817941429178944,20000206
EDF-Threshold,7.137989786255424,5,0.4166666666666667,0.3992565033487488,0.75,0.5833333333333333,0.8129797611094366,0.2600772590939138,0.0,0.22916666666666666,24.14373967961111,20000207
EDF-Threshold,8.411031495111988,6,0.5,0.5037194430997806,0.6666666666666666,0.5,0.8197081301881263,0.28569127840248165,0.0,0.20833333333333334,23.027344245327747,20000208
EDF-Threshold,8.28524717089617,6,0.5,0.48750838754308085,0.6666666666666666,0.5,0.7968478138248741,0.28309050685313797,0.0,0.20833333333333334,21.79051147915937,20000209
EDF-Threshold,16.70799595616348,11,0.9166666666666666,0.8964834784118206,0.9166666666666666,0.08333333333333337,0.8668691262757188,0.2585140286098167,0.0,0.16666666666666666,25.800523654879,20000210
EDF-Threshold,6.53896776838223,5,0.4166666666666667,0.46998834781578247,0.6666666666666666,0.5833333333333333,0.7869772414063423,0.23311423142948473,0.0,0.2708333333333333,20.717987942504948,20000211
EDF-Threshold,15.11496579916244,10,0.8333333333333334,0.8778787938515089,0.8333333333333334,0.16666666666666663,0.8029063082951273,0.2608726690310523,0.0,0.1875,24.979652452310706,20000212
EDF-Threshold,14.683050868621368,10,0.8333333333333334,0.7255036175628686,0.8333333333333334,0.16666666666666663,0.8378925541869672,0.26869544981774335,0.0,0.1875,25.460819564617154,20000213
EDF-Threshold,11.317401390229005,8,0.6666666666666666,0.5977643379552421,0.6666666666666666,0.33333333333333337,0.784429250289064,0.23746383709547,0.0,0.2708333333333333,21.427716878987365,20000214
EDF-Threshold,13.977928501352103,9,0.75,0.793011583435793,0.75,0.25,0.8342581487717592,0.37681441436446583,0.0,0.16666666666666666,24.711045333123288,20000215
EDF-Threshold,12.006392920352905,8,0.6666666666666666,0.6961379609974327,0.8333333333333334,0.33333333333333337,0.8039319229541584,0.2843053581242398,0.0,0.1875,24.101428075615527,20000216
EDF-Threshold,14.563860477460482,10,0.8333333333333334,0.7466153244720782,0.9166666666666666,0.16666666666666663,0.8262883353891826,0.3230657304900561,0.0,0.125,25.282020577649597,20000217
EDF-Threshold,8.87403130673908,7,0.5833333333333334,0.5430413987042293,0.6666666666666666,0.41666666666666663,0.7719238378652994,0.264974200312418,0.0,0.25,20.764462688727477,20000218
EDF-Threshold,8.242725239740752,6,0.5,0.5698309435821654,0.6666666666666666,0.5,0.7930030551896764,0.2579380310324639,0.0,0.2708333333333333,21.218733631025575,20000219
EDF-Threshold,11.627217624016048,8,0.6666666666666666,0.6112909999724834,0.8333333333333334,0.33333333333333337,0.7860516467100608,0.21379985668328474,0.0,0.20833333333333334,23.693710060877137,20000220
EDF-Threshold,16.816332912881577,11,0.9166666666666666,0.879771978158448,0.9166666666666666,0.08333333333333337,0.8460462740045142,0.2925109847181602,0.0,0.14583333333333334,25.224686454794792,20000221
EDF-Threshold,13.009223363310806,9,0.75,0.6598921308129212,0.8333333333333334,0.25,0.8054564726247565,0.2869054393357451,0.0,0.1875,23.346319536099696,20000222
EDF-Threshold,9.13785068653047,7,0.5833333333333334,0.49087772032899074,0.75,0.41666666666666663,0.8241716382221159,0.2932026698402741,0.0,0.20833333333333334,22.410983436278602,20000223
EDF-Threshold,6.453608987978994,5,0.4166666666666667,0.4358396156958492,0.6666666666666666,0.5833333333333333,0.7857030812183172,0.2906745865985714,0.0,0.1875,23.133235182862446,20000224
EDF-Threshold,14.9373044138495,10,0.8333333333333334,0.8441171358638737,0.8333333333333334,0.16666666666666663,0.8172636705261489,0.3194300411652016,0.0,0.1875,23.772839505449276,20000225
EDF-Threshold,13.912124938639463,9,0.75,0.7635404579498282,0.75,0.25,0.8106297477403893,0.3012455920833121,0.0,0.1875,23.781480965156067,20000226
EDF-Threshold,8.713650481358963,6,0.5,0.6302901364714083,0.75,0.5,0.8272647857403967,0.28435693333304923,0.0,0.1875,24.357841999721835,20000227
EDF-Threshold,7.836804085167443,6,0.5,0.4994076432860753,0.75,0.5,0.7927481901902184,0.30346051929852086,0.0,0.1875,22.86502395450203,20000228
EDF-Threshold,10.596243742710323,7,0.5833333333333334,0.5980496506758838,0.75,0.41666666666666663,0.8328613177565313,0.33539683237801227,0.0,0.14583333333333334,25.835997227067562,20000229
EDF-Threshold,8.324031642852688,6,0.5,0.4045412759981094,0.8333333333333334,0.5,0.8222230251503692,0.27698607818770504,0.0,0.16666666666666666,24.45990258351591,20000230
EDF-Threshold,13.493718915735974,9,0.75,0.8329664406560201,0.75,0.25,0.8009057582423997,0.3338230764514702,0.0,0.1875,23.184739657303176,20000231
EDF-Threshold,4.406850708467196,4,0.3333333333333333,0.36532857853260203,0.5,0.6666666666666667,0.7650113318807779,0.2739118773205365,0.0,0.25,19.978491183235512,20000232
EDF-Threshold,13.60662076285706,9,0.75,0.7063821890014268,0.75,0.25,0.8036417469374239,0.23099251460308912,0.0,0.22916666666666666,23.5146107254176,20000233
EDF-Threshold,9.81156777725378,7,0.5833333333333334,0.5085069564101389,0.6666666666666666,0.41666666666666663,0.7777731209101999,0.22566133024399618,0.0,0.25,21.873635849907934,20000234
EDF-Threshold,11.114306546887793,8,0.6666666666666666,0.6681058379813976,0.75,0.33333333333333337,0.7688502068217259,0.23323322285952122,0.0,0.22916666666666666,22.045402520146933,20000235
EDF-Threshold,16.592061304340028,11,0.9166666666666666,0.8662887027745553,0.9166666666666666,0.08333333333333337,0.8212018916692093,0.344925017232766,0.0,0.125,25.442042117628013,20000236
EDF-Threshold,8.336821516392837,6,0.5,0.4555535125379535,0.6666666666666666,0.5,0.8347255912300714,0.3071389585264002,0.0,0.1875,24.724083549596834,20000237
EDF-Threshold,13.587462390067323,9,0.75,0.7219178513079578,0.75,0.25,0.8258011760781271,0.29636144908559814,0.0,0.1875,24.146602141380598,20000238
EDF-Threshold,9.034578187213427,6,0.5,0.6057220246989158,0.6666666666666666,0.5,0.8118287192560572,0.3522688430432148,0.0,0.16666666666666666,24.247651186759388,20000239
EDF-Threshold,11.823958614775869,8,0.6666666666666666,0.6604717442374335,0.6666666666666666,0.33333333333333337,0.8077791209993362,0.30121851183493664,0.0,0.22916666666666666,22.684584185587806,20000240
EDF-Threshold,11.838999965900054,8,0.6666666666666666,0.6963720649108635,0.6666666666666666,0.33333333333333337,0.7917722458549541,0.3349443768590857,0.0,0.1875,23.657687662541054,20000241
EDF-Threshold,17.622570970451804,12,1.0,1.0,1.0,0.0,0.8214182154248396,0.31073796849791246,0.0,0.14583333333333334,24.856773755555427,20000242
EDF-Threshold,9.930673002216837,7,0.5833333333333334,0.6038452595899048,0.5833333333333334,0.41666666666666663,0.7759284944633157,0.3004745517425577,0.0,0.20833333333333334,21.981114122423737,20000243
EDF-Threshold,15.384365968339944,10,0.8333333333333334,0.8475478319947377,0.8333333333333334,0.16666666666666663,0.8291270003081431,0.2933447515651664,0.0,0.16666666666666666,24.506289937782988,20000244
EDF-Threshold,10.548627551374883,7,0.5833333333333334,0.6399247100960728,0.75,0.41666666666666663,0.8062797844998739,0.3039689993057604,0.0,0.1875,24.41611629909393,20000245
EDF-Threshold,15.136443295770134,10,0.8333333333333334,0.8521227000537746,0.8333333333333334,0.16666666666666663,0.8212564302029071,0.33087209676942775,0.0,0.14583333333333334,25.07324033116076,20000246
EDF-Threshold,6.323986496898998,5,0.4166666666666667,0.42939996188443424,0.6666666666666666,0.5833333333333333,0.8175187475085829,0.30058811130141344,0.0,0.20833333333333334,22.865534299021615,20000247
EDF-Threshold,18.41335556845696,12,1.0,1.0,1.0,0.0,0.8854377156303629,0.2931195386645045,0.0,0.14583333333333334,26.238197091334285,20000248
EDF-Threshold,9.817375389865697,7,0.5833333333333334,0.5734869694552394,0.6666666666666666,0.41666666666666663,0.8317247468233395,0.31809435808543096,0.0,0.22916666666666666,23.21865457123304,20000249
EDF-Threshold,14.77231825656519,10,0.8333333333333334,0.8109729697291113,0.8333333333333334,0.16666666666666663,0.8262709814497134,0.3024423044682147,0.0,0.16666666666666666,25.101536811960948,20000250
EDF-Threshold,14.733439625780452,10,0.8333333333333334,0.7603877843715761,0.8333333333333334,0.16666666666666663,0.7911966664948663,0.29131034555198115,0.0,0.14583333333333334,24.78173394791016,20000251
EDF-Threshold,14.698004008513134,10,0.8333333333333334,0.7830788680752605,0.8333333333333334,0.16666666666666663,0.8159909421456089,0.2870310614956986,0.0,0.14583333333333334,24.10849087622046,20000252
EDF-Threshold,13.5702265691218,9,0.75,0.6685895388534584,0.75,0.25,0.8130070528015046,0.24007537734818266,0.0,0.20833333333333334,23.420884408131634,20000253
EDF-Threshold,7.024805824669491,5,0.4166666666666667,0.5120172373775622,0.6666666666666666,0.5833333333333333,0.8429262426855516,0.32733890079801914,0.0,0.20833333333333334,24.628543211855863,20000254
EDF-Threshold,8.039679999688312,6,0.5,0.46523881278345974,0.6666666666666666,0.5,0.7758951627228793,0.31302077150844315,0.0,0.1875,23.101713248292977,20000255
EDF-Threshold,9.888439828330066,7,0.5833333333333334,0.5721206362540078,0.6666666666666666,0.41666666666666663,0.7829107938245746,0.33646284826486217,0.0,0.16666666666666666,22.514912369006442,20000256
EDF-Threshold,12.746667618188448,9,0.75,0.6729462760410914,0.75,0.25,0.786829562887818,0.26159148858229325,0.0,0.1875,22.97630967150741,20000257
EDF-Threshold,13.565944631397612,9,0.75,0.7954737986930029,0.75,0.25,0.8098930482757255,0.25558754192736705,0.0,0.25,22.372553791968063,20000258
EDF-Threshold,11.543888110774528,8,0.6666666666666666,0.7275501888853666,0.6666666666666666,0.33333333333333337,0.7837314394400745,0.3023149265051032,0.0,0.22916666666666666,22.180714512006315,20000259
EDF-Threshold,11.874457430587292,8,0.6666666666666666,0.6413279338928793,0.6666666666666666,0.33333333333333337,0.7968562203313126,0.2884657203531351,0.0,0.22916666666666666,21.36659489871797,20000260
EDF-Threshold,10.250158275261821,7,0.5833333333333334,0.6308993227353757,0.5833333333333334,0.41666666666666663,0.8192105883101718,0.3800221119061586,0.0,0.1875,22.9196620196275,20000261
EDF-Threshold,6.781994705369511,5,0.4166666666666667,0.46215219473738334,0.75,0.5833333333333333,0.8108643067296005,0.34457787609631163,0.0,0.16666666666666666,23.677094094441003,20000262
EDF-Threshold,15.009211374706899,10,0.8333333333333334,0.8629361788859332,0.8333333333333334,0.16666666666666663,0.8019139869084424,0.2202954166689193,0.0,0.22916666666666666,23.64144369636108,20000263
EDF-Threshold,8.64790858849741,6,0.5,0.6423678625404488,0.5833333333333334,0.5,0.7865703794541421,0.3256139262501188,0.0,0.22916666666666666,21.89389929929093,20000264
EDF-Threshold,14.922144840022971,10,0.8333333333333334,0.8733650083305914,0.8333333333333334,0.16666666666666663,0.807417552660611,0.19877162105006674,0.0,0.25,23.039450542807092,20000265
EDF-Threshold,16.229587476691325,11,0.9166666666666666,0.8415438397068952,0.9166666666666666,0.08333333333333337,0.8100360503104295,0.31486693750972305,0.0,0.125,24.2421556399824,20000266
EDF-Threshold,10.28986741344232,7,0.5833333333333334,0.6203647345839471,0.5833333333333334,0.41666666666666663,0.7909676606813152,0.32381481200733453,0.0,0.1875,23.100060963806406,20000267
EDF-Threshold,9.976822574962933,7,0.5833333333333334,0.5429508169040883,0.75,0.41666666666666663,0.8069577426325304,0.29689190592514475,0.0,0.1875,22.797253271360322,20000268
EDF-Threshold,12.120760382724887,8,0.6666666666666666,0.6449739198200697,0.75,0.33333333333333337,0.8355800489093547,0.2789680453266441,0.0,0.20833333333333334,23.65641632669878,20000269
EDF-Threshold,8.358719803839554,6,0.5,0.5668493697013,0.6666666666666666,0.5,0.8063377193569403,0.2496711205924156,0.0,0.25,22.96210997050458,20000270
EDF-Threshold,13.581401140173254,9,0.75,0.7559446353766065,0.8333333333333334,0.25,0.810953578217453,0.3192354653237422,0.0,0.14583333333333334,24.597020854123624,20000271
EDF-Threshold,12.786300216671576,9,0.75,0.7025257142486548,0.75,0.25,0.7889670224774638,0.24431172833260342,0.0,0.20833333333333334,22.840648110257767,20000272
EDF-Threshold,16.911963586925026,11,0.9166666666666666,0.85667081478089,0.9166666666666666,0.08333333333333337,0.8235041590217618,0.31501402326928435,0.0,0.14583333333333334,26.354259064741157,20000273
EDF-Threshold,9.276207303595877,7,0.5833333333333334,0.558068816977794,0.6666666666666666,0.41666666666666663,0.7892026980595803,0.3216884421746235,0.0,0.1875,22.155862676945265,20000274
EDF-Threshold,14.515447211355374,10,0.8333333333333334,0.8044388834784307,0.8333333333333334,0.16666666666666663,0.7941802324810471,0.3023073504318587,0.0,0.16666666666666666,23.913954918463276,20000275
EDF-Threshold,13.849375760566883,9,0.75,0.7207451088925269,0.75,0.25,0.8015858543817004,0.25071551291528144,0.0,0.20833333333333334,23.07251043011037,20000276
EDF-Threshold,13.470186569414793,9,0.75,0.7089372617440713,0.75,0.25,0.7968851252265944,0.259387416013542,0.0,0.22916666666666666,23.616875063202546,20000277
EDF-Threshold,10.12067029620055,7,0.5833333333333334,0.6437180710585922,0.5833333333333334,0.41666666666666663,0.7950955963385463,0.24370350983907305,0.0,0.2916666666666667,19.971442147336983,20000278
EDF-Threshold,11.309753015043016,8,0.6666666666666666,0.6488595433449997,0.6666666666666666,0.33333333333333337,0.7872764897864624,0.2435739561925483,0.0,0.25,22.03471356620453,20000279
EDF-Threshold,16.018955478109476,11,0.9166666666666666,0.9060962330339286,0.9166666666666666,0.08333333333333337,0.7999557890713455,0.2551587652745599,0.0,0.1875,24.455893318842392,20000280
EDF-Threshold,11.504773717032732,8,0.6666666666666666,0.7205834317754534,0.75,0.33333333333333337,0.778827346112075,0.29473717336499394,0.0,0.20833333333333334,22.749662438740295,20000281
EDF-Threshold,10.124426279721428,7,0.5833333333333334,0.619483738662704,0.6666666666666666,0.41666666666666663,0.8308993584410418,0.30661971999152304,0.0,0.20833333333333334,24.139233074952816,20000282
EDF-Threshold,14.70821107948057,10,0.8333333333333334,0.8192629596941121,0.8333333333333334,0.16666666666666663,0.8107590398505286,0.25317191502612596,0.0,0.22916666666666666,23.93747525625175,20000283
EDF-Threshold,11.962750500976867,8,0.6666666666666666,0.7263575172341126,0.6666666666666666,0.33333333333333337,0.7853604466683347,0.29063622829137353,0.0,0.22916666666666666,22.37034131644534,20000284
EDF-Threshold,13.122716190068099,9,0.75,0.7104063119800966,0.75,0.25,0.7691711206561577,0.2638072403365907,0.0,0.20833333333333334,22.296106067892048,20000285
EDF-Threshold,10.263318887478878,7,0.5833333333333334,0.5428499033065969,0.6666666666666666,0.41666666666666663,0.8007080921440778,0.31580972397692986,0.0,0.1875,22.473536527795897,20000286
EDF-Threshold,16.548635551068653,11,0.9166666666666666,0.9443402803084145,0.9166666666666666,0.08333333333333337,0.8239094632261986,0.24933720662382994,0.0,0.1875,24.90069339664158,20000287
EDF-Threshold,13.252842844071122,9,0.75,0.8076463584534258,0.75,0.25,0.773809701480135,0.2924836374978866,0.0,0.16666666666666666,22.847480666800838,20000288
EDF-Threshold,15.35395368438381,10,0.8333333333333334,0.8610604333054848,0.8333333333333334,0.16666666666666663,0.8311041400790998,0.19763994036534047,0.0,0.2708333333333333,23.979839553851388,20000289
EDF-Threshold,9.609248112625046,7,0.5833333333333334,0.5162043669288514,0.6666666666666666,0.41666666666666663,0.7866829977428417,0.2853330501155449,0.0,0.20833333333333334,22.98083600284065,20000290
EDF-Threshold,14.505013782857942,10,0.8333333333333334,0.7930565812949211,0.8333333333333334,0.16666666666666663,0.8127032628533287,0.258772599101401,0.0,0.20833333333333334,23.37997132297532,20000291
EDF-Threshold,9.957082051718587,7,0.5833333333333334,0.5946374579722644,0.6666666666666666,0.41666666666666663,0.7979724542672667,0.28896489644555484,0.0,0.22916666666666666,21.657423845779928,20000292
EDF-Threshold,12.796283071018856,9,0.75,0.6961697025320529,0.75,0.25,0.7729689482626233,0.277073197624969,0.0,0.1875,21.90817036047423,20000293
EDF-Threshold,8.313233630234892,6,0.5,0.5392220955195223,0.5833333333333334,0.5,0.7941191950353467,0.3090204718920609,0.0,0.20833333333333334,22.896333255988225,20000294
EDF-Threshold,4.962594689609174,4,0.3333333333333333,0.3931700982707552,0.6666666666666666,0.6666666666666667,0.7840260511120642,0.25834393570412423,0.0,0.25,22.15025117428299,20000295
EDF-Threshold,12.184764007443855,8,0.6666666666666666,0.7030074746455728,0.6666666666666666,0.33333333333333337,0.8384743352544417,0.2949643179182399,0.0,0.22916666666666666,23.88831692360437,20000296
EDF-Threshold,12.57774678170021,9,0.75,0.6739417827388174,0.75,0.25,0.7962061487689915,0.24887761476138737,0.0,0.22916666666666666,23.054095487567157,20000297
EDF-Threshold,11.187282234292384,8,0.6666666666666666,0.5889290517395538,0.75,0.33333333333333337,0.8123132036247777,0.28569141382433033,0.0,0.1875,22.852990295659676,20000298
EDF-Threshold,9.26483056493775,7,0.5833333333333334,0.5644161398765001,0.75,0.41666666666666663,0.7890318115846379,0.2725219457335027,0.0,0.20833333333333334,22.926312106213807,20000299
EDF-Threshold,10.112318340621712,7,0.5833333333333334,0.6345754819127919,0.5833333333333334,0.41666666666666663,0.8222110156447678,0.3420207607711953,0.0,0.20833333333333334,22.591680305358445,20000300
EDF-Threshold,14.462505077340623,10,0.8333333333333334,0.8136920764951192,0.8333333333333334,0.16666666666666663,0.8142963740622543,0.3260332314625831,0.0,0.16666666666666666,24.773290604242764,20000301
EDF-Threshold,12.118857044711858,8,0.6666666666666666,0.6488979076393039,0.6666666666666666,0.33333333333333337,0.7869733447577566,0.2724801978305422,0.0,0.22916666666666666,23.032137583066355,20000302
EDF-Threshold,10.321108330064986,7,0.5833333333333334,0.6706236882528721,0.75,0.41666666666666663,0.8169359313839851,0.2716138572626517,0.0,0.20833333333333334,23.637943562782063,20000303
EDF-Threshold,16.117368174820975,11,0.9166666666666666,0.8918879750027561,0.9166666666666666,0.08333333333333337,0.8249135571535433,0.3056131917622333,0.0,0.125,26.307594565009225,20000304
EDF-Threshold,18.15175801987026,12,1.0,1.0,1.0,0.0,0.8249500297567138,0.24525387720406036,0.0,0.16666666666666666,25.3727413975841,20000305
EDF-Threshold,14.943751432437141,10,0.8333333333333334,0.8539172053286793,0.9166666666666666,0.16666666666666663,0.7789289283168556,0.30178487601986687,0.0,0.125,26.396391160911524,20000306
EDF-Threshold,9.891162489725886,7,0.5833333333333334,0.6222279397982226,0.6666666666666666,0.41666666666666663,0.786242073349201,0.3031423937263403,0.0,0.25,21.40609627688004,20000307
EDF-Threshold,11.524558369216576,8,0.6666666666666666,0.6849343857311698,0.6666666666666666,0.33333333333333337,0.7931053876099593,0.3569998241364109,0.0,0.14583333333333334,23.808634975544855,20000308
EDF-Threshold,11.932622828470329,8,0.6666666666666666,0.6609771394717884,0.6666666666666666,0.33333333333333337,0.8236878602538559,0.34111150323664613,0.0,0.1875,23.97023958059844,20000309
EDF-Threshold,11.102639778460352,8,0.6666666666666666,0.6534873038780793,0.8333333333333334,0.33333333333333337,0.8096981269295881,0.27806108478690067,0.0,0.20833333333333334,22.041897351303778,20000310
EDF-Threshold,8.327611272914055,6,0.5,0.5351047125054816,0.75,0.5,0.7885239600154833,0.2859515741649852,0.0,0.22916666666666666,22.401788891566866,20000311
EDF-Threshold,10.641375417651195,7,0.5833333333333334,0.6665778411777269,0.75,0.41666666666666663,0.8268854377708349,0.2582196241844587,0.0,0.22916666666666666,23.24248682495709,20000312
EDF-Threshold,9.409667513056325,7,0.5833333333333334,0.5195476630074342,0.6666666666666666,0.41666666666666663,0.822834592140913,0.31229038145519944,0.0,0.1875,23.039808535376142,20000313
EDF-Threshold,11.513805018033654,8,0.6666666666666666,0.7634391802820604,0.6666666666666666,0.33333333333333337,0.779631208753254,0.3172641295263297,0.0,0.20833333333333334,22.425346600241504,20000314
EDF-Threshold,5.113552879049925,4,0.3333333333333333,0.410946089714688,0.6666666666666666,0.6666666666666667,0.8224041903537552,0.3048910916400285,0.0,0.22916666666666666,22.886486190867753,20000315
EDF-Threshold,11.491198196515377,8,0.6666666666666666,0.5911399307665731,0.6666666666666666,0.33333333333333337,0.794545496204694,0.312258528315551,0.0,0.20833333333333334,21.950385645570957,20000316
EDF-Threshold,11.459243174536102,8,0.6666666666666666,0.6326104160078782,0.75,0.33333333333333337,0.8127086981224497,0.2735211298660832,0.0,0.20833333333333334,24.17806256251527,20000317
EDF-Threshold,8.386431230182621,6,0.5,0.5501247936803462,0.6666666666666666,0.5,0.7970185482202932,0.3701861672855739,0.0,0.14583333333333334,23.866186375059673,20000318
EDF-Threshold,6.51469138600633,5,0.4166666666666667,0.44208860014290585,0.5833333333333334,0.5833333333333333,0.8045993788029749,0.3169394078295335,0.0,0.20833333333333334,22.947562651099148,20000319
EDF-Threshold,11.879793422351241,8,0.6666666666666666,0.5879830366644662,0.75,0.33333333333333337,0.7868931407210381,0.2909052300490649,0.0,0.1875,23.337783617017184,20000320
EDF-Threshold,14.422123905561241,10,0.8333333333333334,0.7603328025977458,0.8333333333333334,0.16666666666666663,0.8062045768373984,0.24573769590669015,0.0,0.1875,24.270767217916532,20000321
EDF-Threshold,11.88862576885589,8,0.6666666666666666,0.673105902254222,0.6666666666666666,0.33333333333333337,0.7993057515971013,0.2776160404118254,0.0,0.20833333333333334,21.856627093614556,20000322
EDF-Threshold,7.016759831189415,5,0.4166666666666667,0.4719091498397695,0.75,0.5833333333333333,0.8032674304139288,0.30053128706295323,0.0,0.1875,23.408363497833278,20000323
EDF-Threshold,12.277339177295858,8,0.6666666666666666,0.6830957329567198,0.8333333333333334,0.33333333333333337,0.8301244134723097,0.322331394745979,0.0,0.125,26.8910225135973,20000324
EDF-Threshold,12.866702209507372,9,0.75,0.6965895932335844,0.8333333333333334,0.25,0.8101076427681867,0.2981682615610796,0.0,0.14583333333333334,24.54734700255486,20000325
EDF-Threshold,11.968778544644696,8,0.6666666666666666,0.5998537591855637,0.6666666666666666,0.33333333333333337,0.8015717058922345,0.2787377244104688,0.0,0.25,22.05838679670205,20000326
EDF-Threshold,15.455004485710084,10,0.8333333333333334,0.8338445034957906,0.8333333333333334,0.16666666666666663,0.8171468589756179,0.23978341652505034,0.0,0.20833333333333334,24.11203105872211,20000327
EDF-Threshold,12.988677118327484,9,0.75,0.6968032945534653,0.75,0.25,0.7943950937349801,0.3289002587279025,0.0,0.16666666666666666,24.393727404948056,20000328
EDF-Threshold,8.553035919870174,6,0.5,0.49662923536787007,0.6666666666666666,0.5,0.8091428280540661,0.28755668838921283,0.0,0.22916666666666666,22.290292912336486,20000329
EDF-Threshold,6.693551886804384,5,0.4166666666666667,0.5082637102054953,0.6666666666666666,0.5833333333333333,0.7823448000379415,0.2614048446428736,0.0,0.22916666666666666,22.07977093732245,20000330
EDF-Threshold,15.158337470035631,10,0.8333333333333334,0.8515277725938194,0.9166666666666666,0.16666666666666663,0.8802662758945651,0.30637894623919754,0.0,0.16666666666666666,25.360016106242107,20000331
EDF-Threshold,8.826206360108577,6,0.5,0.633894537235581,0.75,0.5,0.8115660649406499,0.26238995214820576,0.0,0.20833333333333334,23.80714582465819,20000332
EDF-Threshold,6.323939240722106,5,0.4166666666666667,0.46853940610842876,0.6666666666666666,0.5833333333333333,0.7969538134967413,0.2614173730264108,0.0,0.25,21.791560887514784,20000333
EDF-Threshold,11.987346461184769,8,0.6666666666666666,0.6235620092256641,0.75,0.33333333333333337,0.7922057276042408,0.27439759916936673,0.0,0.20833333333333334,23.449941389769513,20000334
EDF-Threshold,10.013590719257115,7,0.5833333333333334,0.6415060586382942,0.6666666666666666,0.41666666666666663,0.7835570109967613,0.2931283044545525,0.0,0.20833333333333334,22.440512516859062,20000335
EDF-Threshold,5.322523074522246,4,0.3333333333333333,0.3950487822701504,0.75,0.6666666666666667,0.8177474629467252,0.3541425647470133,0.0,0.16666666666666666,23.593315636027185,20000336
EDF-Threshold,9.48696134863883,7,0.5833333333333334,0.5096682389784705,0.75,0.41666666666666663,0.7937460819493228,0.33900147693346777,0.0,0.16666666666666666,23.17972611700084,20000337
EDF-Threshold,15.159141189833566,10,0.8333333333333334,0.828131756338767,0.8333333333333334,0.16666666666666663,0.8407746959693245,0.2778918716336229,0.0,0.16666666666666666,26.332262575468068,20000338
EDF-Threshold,12.851441784388625,9,0.75,0.7028204328399341,0.75,0.25,0.8222459164194623,0.29695304905781433,0.0,0.16666666666666666,24.23947436985216,20000339
EDF-Threshold,7.877717928948556,6,0.5,0.4996729082863358,0.5833333333333334,0.5,0.7864782450667746,0.26683674562262866,0.0,0.2708333333333333,20.365194753317137,20000340
EDF-Threshold,13.27723915653938,9,0.75,0.7713917089731924,0.75,0.25,0.8143762866098698,0.3175044094341754,0.0,0.1875,23.70441446384003,20000341
EDF-Threshold,14.48673586139185,10,0.8333333333333334,0.8469741339131998,0.8333333333333334,0.16666666666666663,0.788394264429153,0.34708449288863535,0.0,0.16666666666666666,23.151487981568323,20000342
EDF-Threshold,11.3593562651307,8,0.6666666666666666,0.554798600667037,0.75,0.33333333333333337,0.7798767224101054,0.26303667582243306,0.0,0.1875,23.236397060157373,20000343
EDF-Threshold,10.146455018542026,7,0.5833333333333334,0.6471883271945037,0.6666666666666666,0.41666666666666663,0.7816546886967499,0.26873909716561123,0.0,0.22916666666666666,22.30131735760407,20000344
EDF-Threshold,7.045554028422441,5,0.4166666666666667,0.44745386209277627,0.6666666666666666,0.5833333333333333,0.7966327711602976,0.3028395539971113,0.0,0.20833333333333334,22.900730679907152,20000345
EDF-Threshold,8.125813417454847,6,0.5,0.4588817791145447,0.6666666666666666,0.5,0.797060285834399,0.24099370965493713,0.0,0.2708333333333333,22.013648063111074,20000346
EDF-Threshold,9.794663765293102,7,0.5833333333333334,0.5777441019906667,0.75,0.41666666666666663,0.8065956795730841,0.32579723462782134,0.0,0.14583333333333334,24.407860026022846,20000347
EDF-Threshold,9.663591619402734,7,0.5833333333333334,0.5452699197454417,0.6666666666666666,0.41666666666666663,0.8143402101087368,0.337458451532666,0.0,0.16666666666666666,22.902211325064172,20000348
EDF-Threshold,17.92265436719292,12,1.0,1.0,1.0,0.0,0.8514911563134874,0.33210106892154995,0.0,0.125,25.682901807159958,20000349
EDF-Threshold,8.360765838584188,6,0.5,0.5350465908791704,0.6666666666666666,0.5,0.788367315923978,0.35065858260582267,0.0,0.1875,22.489506331875145,20000350
EDF-Threshold,8.805157141583468,6,0.5,0.5471350344308944,0.75,0.5,0.8230999547215462,0.28461816293336145,0.0,0.1875,24.075902590850323,20000351
EDF-Threshold,6.873674403985596,5,0.4166666666666667,0.4892062642604647,0.75,0.5833333333333333,0.809785485420072,0.265984209413757,0.0,0.20833333333333334,23.85270457851858,20000352
EDF-Threshold,10.448649299317552,7,0.5833333333333334,0.6574208006513786,0.6666666666666666,0.41666666666666663,0.8021130339673465,0.27730064066027466,0.0,0.22916666666666666,22.186811867869498,20000353
EDF-Threshold,11.428539401727189,8,0.6666666666666666,0.6332516776658648,0.75,0.33333333333333337,0.7652627747892725,0.26270018606939244,0.0,0.20833333333333334,22.213520708447238,20000354
EDF-Threshold,14.550990349192393,10,0.8333333333333334,0.8435414238023327,0.8333333333333334,0.16666666666666663,0.789173385541963,0.31042506973177936,0.0,0.16666666666666666,24.209652155555673,20000355
EDF-Threshold,13.45622527222801,9,0.75,0.7453095555746609,0.8333333333333334,0.25,0.81503901546442,0.30352492619221677,0.0,0.16666666666666666,24.48775576762601,20000356
EDF-Threshold,13.689502067659848,9,0.75,0.7714537433524947,0.75,0.25,0.8152604313770674,0.28032331446824554,0.0,0.22916666666666666,22.94607235450617,20000357
EDF-Threshold,18.095039158760002,12,1.0,1.0,1.0,0.0,0.8256411656210106,0.225097217478904,0.0,0.22916666666666666,24.984917512920795,20000358
EDF-Threshold,16.731920419382558,11,0.9166666666666666,0.8751202952640644,0.9166666666666666,0.08333333333333337,0.8430639718659058,0.28199845565107257,0.0,0.16666666666666666,25.59811922148033,20000359
EDF-Threshold,13.511426061544341,9,0.75,0.7822438652526064,0.75,0.25,0.8192780265630817,0.22483214041341945,0.0,0.2708333333333333,23.35116346687968,20000360
EDF-Threshold,6.948591831127034,5,0.4166666666666667,0.42496445558476975,0.75,0.5833333333333333,0.8025481788973551,0.30736781811258784,0.0,0.16666666666666666,24.225568230822777,20000361
EDF-Threshold,9.714561018418273,7,0.5833333333333334,0.6020973939816405,0.6666666666666666,0.41666666666666663,0.7799090150056793,0.32732573326274045,0.0,0.1875,22.60118366143964,20000362
EDF-Threshold,5.113235268618076,4,0.3333333333333333,0.342213104064684,0.6666666666666666,0.6666666666666667,0.803609488375559,0.30274010863434525,0.0,0.22916666666666666,22.736637784984918,20000363
EDF-Threshold,9.802236163174921,7,0.5833333333333334,0.5294187879664941,0.6666666666666666,0.41666666666666663,0.7686015134818293,0.2556362017098581,0.0,0.22916666666666666,22.133554637020165,20000364
EDF-Threshold,8.655327003986446,6,0.5,0.564423783524878,0.5833333333333334,0.5,0.7684540767907949,0.25312058568608026,0.0,0.2916666666666667,20.19615930266452,20000365
EDF-Threshold,10.839499858865954,7,0.5833333333333334,0.5870418870848089,0.6666666666666666,0.41666666666666663,0.8185320846183693,0.3026216292026618,0.0,0.22916666666666666,23.787530232203967,20000366
EDF-Threshold,12.136311936293197,8,0.6666666666666666,0.6820751504717713,0.8333333333333334,0.33333333333333337,0.8211296667558682,0.2773283213006637,0.0,0.16666666666666666,24.304967205654336,20000367
EDF-Threshold,14.981699553981802,10,0.8333333333333334,0.814985628187016,0.8333333333333334,0.16666666666666663,0.8203661011890624,0.2512643492938756,0.0,0.20833333333333334,23.734940776027038,20000368
EDF-Threshold,11.914795642224085,8,0.6666666666666666,0.6592914667605196,0.6666666666666666,0.33333333333333337,0.8234505885792004,0.33293863965357984,0.0,0.20833333333333334,24.028527959981506,20000369
EDF-Threshold,11.585578363434976,8,0.6666666666666666,0.6459777997403082,0.75,0.33333333333333337,0.7952302411207697,0.23705485651565086,0.0,0.25,22.72866374974716,20000370
EDF-Threshold,11.33677072591035,8,0.6666666666666666,0.6253714614607077,0.6666666666666666,0.33333333333333337,0.8201874379323831,0.2842811367492331,0.0,0.20833333333333334,23.029998087085094,20000371
EDF-Threshold,6.249422381177731,5,0.4166666666666667,0.39175104389650595,0.5833333333333334,0.5833333333333333,0.7822773961375957,0.30438178219727985,0.0,0.22916666666666666,22.01987140292923,20000372
EDF-Threshold,16.430621678908306,11,0.9166666666666666,0.9505439746704275,0.9166666666666666,0.08333333333333337,0.7960141011480865,0.28861704610193145,0.0,0.14583333333333334,24.513874143605424,20000373
EDF-Threshold,13.460591732400456,9,0.75,0.7847606515688502,0.75,0.25,0.7974849713482498,0.2931767549546304,0.0,0.20833333333333334,23.149210696192267,20000374
EDF-Threshold,13.526095750541717,9,0.75,0.7189355948674772,0.8333333333333334,0.25,0.8412766027461819,0.32760530497040813,0.0,0.14583333333333334,26.162609708127636,20000375
EDF-Threshold,10.106625054244498,7,0.5833333333333334,0.6372225067468973,0.75,0.41666666666666663,0.7928241588861639,0.24012788119575937,0.0,0.25,21.678455977104893,20000376
EDF-Threshold,12.7272056288088,9,0.75,0.6278538024510304,0.75,0.25,0.7961867223689477,0.23260858845719704,0.0,0.22916666666666666,22.100546338840775,20000377
EDF-Threshold,13.150921248881982,9,0.75,0.6821455861032286,0.75,0.25,0.7866913661901096,0.28522214131275087,0.0,0.1875,23.890950015442172,20000378
EDF-Threshold,8.87377768211511,6,0.5,0.6070368374086258,0.8333333333333334,0.5,0.8422566479748402,0.26674903389513843,0.0,0.20833333333333334,23.736466379812416,20000379
EDF-Threshold,12.887099534058844,9,0.75,0.7752352825810437,0.75,0.25,0.8069282103626266,0.34296443646234676,0.0,0.14583333333333334,24.192570374912407,20000380
EDF-Threshold,3.7471309808839797,3,0.25,0.31909156285923634,0.6666666666666666,0.75,0.8036570989043962,0.304164901828377,0.0,0.20833333333333334,23.398158911306165,20000381
EDF-Threshold,15.491181810681862,11,0.9166666666666666,0.8247587964879989,0.9166666666666666,0.08333333333333337,0.8241595135833956,0.3524763395171136,0.0,0.10416666666666667,25.50140023717162,20000382
EDF-Threshold,14.80283453551895,10,0.8333333333333334,0.7510662033115257,0.8333333333333334,0.16666666666666663,0.809567615334499,0.2694048942028188,0.0,0.20833333333333334,23.59574564653019,20000383
EDF-Threshold,10.089357766344722,7,0.5833333333333334,0.6418339160057773,0.6666666666666666,0.41666666666666663,0.7899048816513576,0.30202530458610005,0.0,0.1875,22.47845760298002,20000384
EDF-Threshold,7.894189884877541,6,0.5,0.4339910568681387,0.75,0.5,0.8014794878708686,0.24445852733218768,0.0,0.22916666666666666,21.562216490353084,20000385
EDF-Threshold,6.215822137026729,5,0.4166666666666667,0.42340292918961087,0.5833333333333334,0.5833333333333333,0.7627009705947941,0.2905785701568791,0.0,0.22916666666666666,20.688354362322254,20000386
EDF-Threshold,15.143479918830288,10,0.8333333333333334,0.8515689951437148,0.8333333333333334,0.16666666666666663,0.8312716467711333,0.3114217933087097,0.0,0.14583333333333334,25.399038634755062,20000387
EDF-Threshold,16.216583780208023,11,0.9166666666666666,0.8874413006884836,0.9166666666666666,0.08333333333333337,0.8494636322394599,0.2874710434374002,0.0,0.14583333333333334,25.57406981811799,20000388
EDF-Threshold,16.971073578010436,11,0.9166666666666666,0.8699964626128078,0.9166666666666666,0.08333333333333337,0.8623684214205717,0.3631214168317604,0.0,0.125,26.360930418483772,20000389
EDF-Threshold,13.15410996774402,9,0.75,0.7280131237449886,0.75,0.25,0.8271927172807927,0.3128880610415091,0.0,0.16666666666666666,23.940133903536854,20000390
EDF-Threshold,13.29250367453361,9,0.75,0.8292548585905299,0.75,0.25,0.8254681202202564,0.3128620173348661,0.0,0.1875,23.042408806060923,20000391
EDF-Threshold,14.98880815959413,10,0.8333333333333334,0.7949852274940663,0.8333333333333334,0.16666666666666663,0.8191262046868291,0.27630481696914166,0.0,0.1875,24.122848833080678,20000392
EDF-Threshold,4.983560659098008,4,0.3333333333333333,0.38245303337004294,0.5833333333333334,0.6666666666666667,0.8211718445261568,0.28915893054712677,0.0,0.22916666666666666,22.858910954129396,20000393
EDF-Threshold,10.244164024370527,7,0.5833333333333334,0.5134425604397369,0.6666666666666666,0.41666666666666663,0.8185709806421366,0.2748666592569897,0.0,0.25,22.575137580851596,20000394
EDF-Threshold,13.313523955732503,9,0.75,0.6704672842704762,0.8333333333333334,0.25,0.8491479891407562,0.2741660664984292,0.0,0.20833333333333334,24.944985712763923,20000395
EDF-Threshold,10.111433035602017,7,0.5833333333333334,0.6860780829386305,0.6666666666666666,0.41666666666666663,0.7816046364756328,0.22958649939844178,0.0,0.2708333333333333,19.941925034598434,20000396
EDF-Threshold,16.271949492596736,11,0.9166666666666666,0.8888703956687699,0.9166666666666666,0.08333333333333337,0.8177942589075412,0.29226220279355025,0.0,0.14583333333333334,25.931616045058203,20000397
EDF-Threshold,16.137214112945873,11,0.9166666666666666,0.9287306554884953,0.9166666666666666,0.08333333333333337,0.8014214806534484,0.2887927124893938,0.0,0.14583333333333334,25.111413560878052,20000398
EDF-Threshold,9.564575118965326,7,0.5833333333333334,0.5982468889878882,0.6666666666666666,0.41666666666666663,0.7862745327398314,0.2742218435837733,0.0,0.25,21.822508523340915,20000399
EDF-Threshold,9.7253245762523,7,0.5833333333333334,0.6161992734502933,0.75,0.41666666666666663,0.7909129095176612,0.24552706196847243,0.0,0.25,22.110629592573922,20000400
EDF-Threshold,8.55664925648866,6,0.5,0.5027986199694028,0.5833333333333334,0.5,0.8182085720515211,0.26762268854090404,0.0,0.2708333333333333,22.283063266369606,20000401
EDF-Threshold,8.664925202527801,6,0.5,0.5161736550437604,0.5833333333333334,0.5,0.7972102559128015,0.26547540344321346,0.0,0.25,22.504278103342653,20000402
EDF-Threshold,9.842628781448276,7,0.5833333333333334,0.5289806479878172,0.6666666666666666,0.41666666666666663,0.7823695342173483,0.3046159312210969,0.0,0.20833333333333334,22.0853181927258,20000403
EDF-Threshold,9.564765806902768,7,0.5833333333333334,0.6375105631064938,0.5833333333333334,0.41666666666666663,0.7687351835091581,0.2933551704380382,0.0,0.22916666666666666,21.048348813415192,20000404
EDF-Threshold,7.0776018203719575,5,0.4166666666666667,0.4416010472035375,0.5833333333333334,0.5833333333333333,0.790353333829192,0.22739871324545327,0.0,0.2916666666666667,20.943981016984857,20000405
EDF-Threshold,13.691665299794538,9,0.75,0.7723134224964789,0.75,0.25,0.8431480722000896,0.3114947685534215,0.0,0.1875,25.215040302557984,20000406
EDF-Threshold,12.020642265545918,8,0.6666666666666666,0.7416171222910746,0.75,0.33333333333333337,0.8124860495334771,0.3148696275223198,0.0,0.1875,23.75618067143411,20000407
EDF-Threshold,8.184573294413534,6,0.5,0.41995079660048085,0.8333333333333334,0.5,0.8017140135131795,0.22529260820036978,0.0,0.22916666666666666,23.169300394023782,20000408
EDF-Threshold,5.15570953922344,4,0.3333333333333333,0.350818843947508,0.75,0.6666666666666667,0.8463181019530218,0.32002833851368495,0.0,0.1875,24.4092459176917,20000409
EDF-Threshold,13.241450735205103,9,0.75,0.784352009901502,0.75,0.25,0.8225362867361592,0.2448548621316057,0.0,0.20833333333333334,23.430633171522263,20000410
EDF-Threshold,9.938083575278775,7,0.5833333333333334,0.5932159339305986,0.75,0.41666666666666663,0.7676224094335007,0.29163925858899953,0.0,0.1875,21.940809443496057,20000411
EDF-Threshold,11.828888696820743,8,0.6666666666666666,0.6817236329870326,0.6666666666666666,0.33333333333333337,0.7973699270694355,0.28234052359253425,0.0,0.25,22.53124230657339,20000412
EDF-Threshold,9.935008275221682,7,0.5833333333333334,0.5675163818066334,0.75,0.41666666666666663,0.8314496408506252,0.2088632441137194,0.0,0.2708333333333333,22.607763924638657,20000413
EDF-Threshold,11.896172440727877,8,0.6666666666666666,0.7102429469090468,0.75,0.33333333333333337,0.7771434011816378,0.3009050974386795,0.0,0.20833333333333334,22.742648093625146,20000414
EDF-Threshold,13.741748436557275,9,0.75,0.8156307269126519,0.75,0.25,0.835664866087065,0.31297284056307856,0.0,0.1875,24.77107465804154,20000415
EDF-Threshold,7.584119833531426,6,0.5,0.45566726543776787,0.6666666666666666,0.5,0.7883253599120801,0.2924157876748688,0.0,0.20833333333333334,22.3629451770412,20000416
EDF-Threshold,11.815706725583421,8,0.6666666666666666,0.673564645902809,0.75,0.33333333333333337,0.8086455976630728,0.2696948252897457,0.0,0.22916666666666666,22.990840808061442,20000417
EDF-Threshold,16.54449281622132,11,0.9166666666666666,0.9461829003078187,0.9166666666666666,0.08333333333333337,0.8124308919826365,0.268559842127127,0.0,0.14583333333333334,24.45936479418299,20000418
EDF-Threshold,9.709415839822361,7,0.5833333333333334,0.5996502318602629,0.5833333333333334,0.41666666666666663,0.7801681670334372,0.2869004492563975,0.0,0.25,20.705939298378894,20000419
EDF-Threshold,16.156237034225132,11,0.9166666666666666,0.861171949506188,0.9166666666666666,0.08333333333333337,0.8321306413837379,0.30721516251880926,0.0,0.14583333333333334,25.00718319868266,20000420
EDF-Threshold,10.179565254855746,7,0.5833333333333334,0.553192069356678,0.6666666666666666,0.41666666666666663,0.8040612164513986,0.2931683230338669,0.0,0.22916666666666666,22.495707399663637,20000421
EDF-Threshold,15.20919579060451,10,0.8333333333333334,0.7784727383279794,0.8333333333333334,0.16666666666666663,0.8124787503820241,0.21178452486464705,0.0,0.22916666666666666,23.18953127259491,20000422
EDF-Threshold,14.286568325578425,10,0.8333333333333334,0.8043897677873842,0.8333333333333334,0.16666666666666663,0.7882981868226578,0.26779335051515424,0.0,0.1875,23.453346706268313,20000423
EDF-Threshold,6.690870660192731,5,0.4166666666666667,0.4333600303612669,0.75,0.5833333333333333,0.7854962699852148,0.29523674645700165,0.0,0.1875,22.107144723142294,20000424
EDF-Threshold,7.8681545616221875,6,0.5,0.4600660447064367,0.6666666666666666,0.5,0.7661615907434495,0.3094978575587874,0.0,0.1875,21.94495991856461,20000425
EDF-Threshold,12.979631001541053,9,0.75,0.7049257338527423,0.75,0.25,0.8286040700438534,0.2881322951201903,0.0,0.20833333333333334,24.032046307295825,20000426
EDF-Threshold,15.119555893887505,10,0.8333333333333334,0.7988100573504097,0.8333333333333334,0.16666666666666663,0.8375614268196419,0.27737311734547765,0.0,0.20833333333333334,24.326572719555617,20000427
EDF-Threshold,15.05399289893338,10,0.8333333333333334,0.7980224993123696,0.8333333333333334,0.16666666666666663,0.8208568002073887,0.3291729372702011,0.0,0.14583333333333334,26.032626189478023,20000428
EDF-Threshold,12.844878655944472,9,0.75,0.8049209922310382,0.8333333333333334,0.25,0.7948296516310865,0.30181847464823963,0.0,0.1875,22.119724847688754,20000429
EDF-Threshold,14.428894118852213,10,0.8333333333333334,0.8390048241964735,0.8333333333333334,0.16666666666666663,0.8135627484051479,0.27811366299732115,0.0,0.1875,23.503633202874667,20000430
EDF-Threshold,11.918086268555463,8,0.6666666666666666,0.6700727617065965,0.75,0.33333333333333337,0.7990130018267395,0.26771035983161057,0.0,0.22916666666666666,22.77112328306993,20000431
EDF-Threshold,13.676643878106889,9,0.75,0.7422205366323921,0.9166666666666666,0.25,0.8464232058671631,0.30486107188749717,0.0,0.14583333333333334,26.522612083192143,20000432
EDF-Threshold,11.82236511340843,8,0.6666666666666666,0.6187561265730704,0.75,0.33333333333333337,0.8334012403890436,0.29477429323803117,0.0,0.20833333333333334,22.877181079577575,20000433
EDF-Threshold,11.560465981706429,8,0.6666666666666666,0.6834920776148982,0.6666666666666666,0.33333333333333337,0.8145680063339326,0.28498736673044306,0.0,0.22916666666666666,22.363109885190614,20000434
EDF-Threshold,15.538689742919276,10,0.8333333333333334,0.9104267239661905,0.8333333333333334,0.16666666666666663,0.833661447547037,0.3295157089086382,0.0,0.14583333333333334,26.016138892563298,20000435
EDF-Threshold,16.879845408897765,11,0.9166666666666666,0.9601017954110386,0.9166666666666666,0.08333333333333337,0.8371712918749951,0.3251482289090433,0.0,0.14583333333333334,25.828364517902962,20000436
EDF-Threshold,8.290828981599327,6,0.5,0.49977210455035426,0.8333333333333334,0.5,0.8285964838690285,0.3073927047012311,0.0,0.16666666666666666,24.049120553609278,20000437
EDF-Threshold,11.464110042979247,8,0.6666666666666666,0.6212469755097814,0.6666666666666666,0.33333333333333337,0.7717355781019494,0.21764492722016562,0.0,0.3125,19.641600765478422,20000438
EDF-Threshold,6.88373357956735,5,0.4166666666666667,0.40512958952370265,0.6666666666666666,0.5833333333333333,0.7830593212083864,0.2975407529186501,0.0,0.20833333333333334,22.47316143428225,20000439
EDF-Threshold,14.13542163735617,10,0.8333333333333334,0.7522010937459938,0.9166666666666666,0.16666666666666663,0.7992045763384322,0.2544464832814581,0.0,0.16666666666666666,23.926866716889542,20000440
EDF-Threshold,5.916037303229239,5,0.4166666666666667,0.3910807662322822,0.5,0.5833333333333333,0.7712393919590607,0.24456785613789855,0.0,0.3333333333333333,18.365239995257173,20000441
EDF-Threshold,16.51150691871452,11,0.9166666666666666,0.8970762030014748,0.9166666666666666,0.08333333333333337,0.822882902577195,0.28220547955454417,0.0,0.16666666666666666,25.075011571624028,20000442
EDF-Threshold,12.063856846962683,8,0.6666666666666666,0.6828610543270173,0.75,0.33333333333333337,0.8432403405882486,0.3389469319181028,0.0,0.16666666666666666,24.382859641883076,20000443
EDF-Threshold,11.464994957696526,8,0.6666666666666666,0.6317401348726499,0.6666666666666666,0.33333333333333337,0.783262125181154,0.2807962944521875,0.0,0.20833333333333334,22.177173805326426,20000444
EDF-Threshold,6.75437357319555,5,0.4166666666666667,0.43997339462978696,0.6666666666666666,0.5833333333333333,0.80758002738041,0.25114172256622325,0.0,0.2708333333333333,21.64132352800109,20000445
EDF-Threshold,6.778669038875541,5,0.4166666666666667,0.38435072868932996,0.75,0.5833333333333333,0.8256268544241013,0.28156829937711597,0.0,0.1875,23.9253148991805,20000446
EDF-Threshold,6.692068769811837,5,0.4166666666666667,0.3888843746312408,0.6666666666666666,0.5833333333333333,0.7900933781725793,0.3462158676049123,0.0,0.1875,23.401107209563076,20000447
EDF-Threshold,13.19892930803076,9,0.75,0.7714845321183189,0.75,0.25,0.8188711824099485,0.3528670141323789,0.0,0.16666666666666666,24.642348296837234,20000448
EDF-Threshold,14.73433583989706,10,0.8333333333333334,0.7362359466404191,0.8333333333333334,0.16666666666666663,0.8091743706908394,0.2394503433899179,0.0,0.20833333333333334,24.578703323138782,20000449
EDF-Threshold,11.518714838422653,8,0.6666666666666666,0.5606010202257347,0.75,0.33333333333333337,0.8256682205925078,0.3413053345376193,0.0,0.16666666666666666,23.738197872476697,20000450
EDF-Threshold,11.596061341983946,8,0.6666666666666666,0.6486518164966457,0.75,0.33333333333333337,0.8280385366837958,0.2415114706099726,0.0,0.22916666666666666,23.04950294366047,20000451
EDF-Threshold,14.079964384792577,9,0.75,0.7158980206541418,0.75,0.25,0.8293456367509102,0.33562445683381964,0.0,0.1875,24.501330623481824,20000452
EDF-Threshold,5.03708457107699,4,0.3333333333333333,0.4042047775378798,0.5,0.6666666666666667,0.7779137619897009,0.29588793227657706,0.0,0.2916666666666667,19.40786441988952,20000453
EDF-Threshold,6.384283342547766,5,0.4166666666666667,0.5524603979927316,0.5,0.5833333333333333,0.7810328076902747,0.32331141066264035,0.0,0.22916666666666666,21.779382760714626,20000454
EDF-Threshold,13.053379948614207,9,0.75,0.7482120064878373,0.75,0.25,0.7874021872137504,0.31250715629041764,0.0,0.1875,22.613887864285786,20000455
EDF-Threshold,13.264873872458882,9,0.75,0.7749403187611663,0.75,0.25,0.826814820943536,0.2790537296576974,0.0,0.20833333333333334,23.019978460151794,20000456
EDF-Threshold,6.330267634557106,5,0.4166666666666667,0.397654720627177,0.5833333333333334,0.5833333333333333,0.7705106701748092,0.28657357576820647,0.0,0.22916666666666666,20.754119571190813,20000457
EDF-Threshold,3.3444845202730993,3,0.25,0.3109449943305141,0.5833333333333334,0.75,0.7924814713385979,0.31855278861498576,0.0,0.25,21.281381611298343,20000458
EDF-Threshold,17.44652259913382,11,0.9166666666666666,0.9424710359257109,0.9166666666666666,0.08333333333333337,0.869625812875992,0.3294719414290775,0.0,0.14583333333333334,27.102214917727533,20000459
EDF-Threshold,16.669133774774608,11,0.9166666666666666,0.8693480665574548,0.9166666666666666,0.08333333333333337,0.8374884787683538,0.28174706393730437,0.0,0.125,26.49669697794325,20000460
EDF-Threshold,8.508361825195434,6,0.5,0.5634889447946658,0.6666666666666666,0.5,0.8105558061235426,0.38234462418980525,0.0,0.14583333333333334,24.022752270549425,20000461
EDF-Threshold,14.83981969113938,10,0.8333333333333334,0.8160084302700334,0.8333333333333334,0.16666666666666663,0.8439357306677996,0.31229713969263884,0.0,0.16666666666666666,25.449264786176542,20000462
EDF-Threshold,15.523574795172493,10,0.8333333333333334,0.7663019495471216,0.8333333333333334,0.16666666666666663,0.8215539335482536,0.29655342369768484,0.0,0.16666666666666666,25.50689129806265,20000463
EDF-Threshold,11.821055141833487,8,0.6666666666666666,0.6806541951104053,0.75,0.33333333333333337,0.7827775702140873,0.26849432281227104,0.0,0.20833333333333334,23.85193225740182,20000464
EDF-Threshold,13.720246737914488,9,0.75,0.8331857152688515,0.75,0.25,0.8165130112036695,0.2642940446083762,0.0,0.22916666666666666,22.823067312864705,20000465
EDF-Threshold,4.794737078007106,4,0.3333333333333333,0.35538686770191225,0.5833333333333334,0.6666666666666667,0.7601894722394126,0.24287787546059267,0.0,0.2708333333333333,19.83283489776807,20000466
EDF-Threshold,13.324555228744405,9,0.75,0.7063748382093487,0.9166666666666666,0.25,0.8127514766257012,0.22176905709316008,0.0,0.20833333333333334,24.2956131272287,20000467
EDF-Threshold,14.376581804915315,10,0.8333333333333334,0.757311655821267,0.8333333333333334,0.16666666666666663,0.7924323891890963,0.2751070263222256,0.0,0.1875,24.395850964598193,20000468
EDF-Threshold,11.697375909823641,8,0.6666666666666666,0.6527255209590308,0.75,0.33333333333333337,0.7909310202835171,0.2690331012732505,0.0,0.22916666666666666,22.77825765032922,20000469
EDF-Threshold,12.928620769336364,9,0.75,0.7913659080167297,0.8333333333333334,0.25,0.7971087230578155,0.2784774986605387,0.0,0.1875,22.699906369912483,20000470
EDF-Threshold,13.07098896237824,9,0.75,0.7315228740022885,0.75,0.25,0.8354791865582195,0.3423839420004349,0.0,0.125,24.956036603352874,20000471
EDF-Threshold,13.283579668630278,9,0.75,0.694867098238813,0.75,0.25,0.8091497064934864,0.27460510711297575,0.0,0.20833333333333334,23.303307963911436,20000472
EDF-Threshold,14.93472976551799,10,0.8333333333333334,0.8125591105808411,0.8333333333333334,0.16666666666666663,0.8365786430258563,0.2644936791198121,0.0,0.1875,24.39785743096542,20000473
EDF-Threshold,9.718298286582428,7,0.5833333333333334,0.5652578713059533,0.6666666666666666,0.41666666666666663,0.8149593268193863,0.29966168153175976,0.0,0.1875,23.807385709609413,20000474
EDF-Threshold,8.076561607206909,6,0.5,0.509009805333872,0.6666666666666666,0.5,0.8180025023960612,0.3190200095226871,0.0,0.16666666666666666,23.4146147713314,20000475
EDF-Threshold,11.370454203677559,8,0.6666666666666666,0.7090978397716795,0.75,0.33333333333333337,0.7793290119872562,0.25889243635565135,0.0,0.25,21.37317212863065,20000476
EDF-Threshold,11.577944329522417,8,0.6666666666666666,0.6888110331808882,0.6666666666666666,0.33333333333333337,0.7902614623109802,0.29429365872440777,0.0,0.1875,23.195935022115577,20000477
EDF-Threshold,9.70195636318273,7,0.5833333333333334,0.542069510901533,0.6666666666666666,0.41666666666666663,0.8059197274463986,0.31432661367301745,0.0,0.1875,23.161154836059186,20000478
EDF-Threshold,8.658898910960565,6,0.5,0.5037950152060112,0.75,0.5,0.7958295115263212,0.26804974196355835,0.0,0.20833333333333334,23.433051674483476,20000479
EDF-Threshold,13.107589484285553,9,0.75,0.65468041776416,0.75,0.25,0.8452183300040353,0.34909294272564767,0.0,0.14583333333333334,24.947821141646806,20000480
EDF-Threshold,16.631862563371737,11,0.9166666666666666,0.8738563680974366,0.9166666666666666,0.08333333333333337,0.814037595431849,0.2341301843439513,0.0,0.1875,24.81982020263236,20000481
EDF-Threshold,6.619710672332389,5,0.4166666666666667,0.40662714811148776,0.6666666666666666,0.5833333333333333,0.787711247928347,0.32402986252791527,0.0,0.1875,23.010090364460627,20000482
EDF-Threshold,14.798298793335126,10,0.8333333333333334,0.797561472329439,0.8333333333333334,0.16666666666666663,0.8180817607428993,0.2651046411404004,0.0,0.16666666666666666,25.496597539383366,20000483
EDF-Threshold,8.552755083248563,6,0.5,0.4712735882671118,0.6666666666666666,0.5,0.8229000099248286,0.2636691574244341,0.0,0.25,22.871055850407664,20000484
EDF-Threshold,10.943745139320699,8,0.6666666666666666,0.5852097652423386,0.6666666666666666,0.33333333333333337,0.7717119906885932,0.2594722498312255,0.0,0.22916666666666666,20.882043982928998,20000485
EDF-Threshold,13.513149899036,9,0.75,0.7711447533201752,0.75,0.25,0.8236685839807562,0.28059549718870164,0.0,0.22916666666666666,23.99866709797225,20000486
EDF-Threshold,10.005007500206844,7,0.5833333333333334,0.6142974549840814,0.6666666666666666,0.41666666666666663,0.8076313139030872,0.2825440531713234,0.0,0.20833333333333334,22.804113694762535,20000487
EDF-Threshold,10.096647256175034,7,0.5833333333333334,0.5951011405992945,0.6666666666666666,0.41666666666666663,0.8128245782590785,0.28075849120055674,0.0,0.22916666666666666,23.732262481542545,20000488
EDF-Threshold,11.677564109541859,8,0.6666666666666666,0.6834153551175015,0.6666666666666666,0.33333333333333337,0.7828593398722914,0.30998230749011607,0.0,0.1875,22.54336726420102,20000489
EDF-Threshold,10.062433124126642,7,0.5833333333333334,0.6125697533816611,0.75,0.41666666666666663,0.8228545147801443,0.29315708300950943,0.0,0.20833333333333334,23.671321362935334,20000490
EDF-Threshold,13.427830853834582,9,0.75,0.6619236587155817,0.75,0.25,0.8214202304759478,0.2861390058651064,0.0,0.22916666666666666,23.741801433930522,20000491
EDF-Threshold,13.598333050201447,9,0.75,0.7968387402321457,0.75,0.25,0.835811535262374,0.32693797613355713,0.0,0.1875,24.30407153695118,20000492
EDF-Threshold,6.654845104293869,5,0.4166666666666667,0.4497388796413579,0.6666666666666666,0.5833333333333333,0.8048615667364493,0.2834789461343272,0.0,0.22916666666666666,21.530166219519806,20000493
EDF-Threshold,14.76648624348492,10,0.8333333333333334,0.7843826851573477,0.8333333333333334,0.16666666666666663,0.809766788364415,0.2846932978280597,0.0,0.16666666666666666,24.798355359690458,20000494
EDF-Threshold,11.373770718640582,8,0.6666666666666666,0.630428516435735,0.6666666666666666,0.33333333333333337,0.7900995411272556,0.2720407809984377,0.0,0.25,22.052064352397124,20000495
EDF-Threshold,16.666254169525505,11,0.9166666666666666,0.9352837700605214,0.9166666666666666,0.08333333333333337,0.8072577497386954,0.32620983943620113,0.0,0.125,26.20705312858313,20000496
EDF-Threshold,14.567265570814518,10,0.8333333333333334,0.7733172908467292,0.8333333333333334,0.16666666666666663,0.7741653961748649,0.2832005045180484,0.0,0.1875,23.33178151580831,20000497
EDF-Threshold,6.248517633028821,5,0.4166666666666667,0.34703661212713455,0.6666666666666666,0.5833333333333333,0.8163692338015558,0.23231891205906693,0.0,0.25,22.56383488670488,20000498
EDF-Threshold,6.194465579782101,5,0.4166666666666667,0.46234038458688387,0.5833333333333334,0.5833333333333333,0.761340832276472,0.2993487652772194,0.0,0.22916666666666666,20.724599268771147,20000499
SPT-Periodic,12.813965155815735,9,0.75,0.6017113250689397,0.8333333333333334,0.25,0.8497073154781392,0.2765079787561049,0.0,0.1875,24.237529217624893,20000000
SPT-Periodic,14.933942382902645,10,0.8333333333333334,0.7297928770005953,0.8333333333333334,0.16666666666666663,0.8492904063218126,0.24613479733850122,0.0,0.1875,25.122899278891637,20000001
SPT-Periodic,13.631883144041904,9,0.75,0.6384771204178709,0.9166666666666666,0.25,0.8944124461080283,0.28213134913677806,0.0,0.1875,26.02289483704745,20000002
SPT-Periodic,14.728700264586642,10,0.8333333333333334,0.7441562408070357,0.8333333333333334,0.16666666666666663,0.8253468225165405,0.241268414245719,0.0,0.1875,25.140436778068437,20000003
SPT-Periodic,14.458174211486208,10,0.8333333333333334,0.7245283874309036,0.8333333333333334,0.16666666666666663,0.7844523840142378,0.21017335787352542,0.0,0.1875,24.109452664091403,20000004
SPT-Periodic,9.942192713769732,7,0.5833333333333334,0.4773618121384035,0.8333333333333334,0.41666666666666663,0.8041596536137186,0.266746203890609,0.0,0.1875,23.912077644246246,20000005
SPT-Periodic,9.77963965914668,7,0.5833333333333334,0.4674437175432769,0.75,0.41666666666666663,0.8059375685467738,0.2833192097109674,0.0,0.1875,22.353461289550655,20000006
SPT-Periodic,8.967389532040777,7,0.5833333333333334,0.3954788957597975,0.75,0.41666666666666663,0.7936934426026029,0.27133816800372657,0.0,0.1875,22.888166698241346,20000007
SPT-Periodic,11.429102544109536,8,0.6666666666666666,0.5558190599760571,0.75,0.33333333333333337,0.7413945240851104,0.273315352811815,0.0,0.1875,22.306733891592895,20000008
SPT-Periodic,9.605834615025614,7,0.5833333333333334,0.4575069473326683,0.8333333333333334,0.41666666666666663,0.7983684689959275,0.27011694135557773,0.0,0.1875,23.246028994226762,20000009
SPT-Periodic,9.412132009999029,7,0.5833333333333334,0.4299865229985015,0.75,0.41666666666666663,0.7931893950125679,0.24926922647679164,0.0,0.1875,23.321860918144314,20000010
SPT-Periodic,11.390246590395503,8,0.6666666666666666,0.5472636410289535,0.9166666666666666,0.33333333333333337,0.8262529124871419,0.23970559932686938,0.0,0.1875,24.838905067905532,20000011
SPT-Periodic,11.303283802066005,8,0.6666666666666666,0.45925979800858796,0.9166666666666666,0.33333333333333337,0.8495118350670268,0.2546127097878137,0.0,0.1875,25.27487741093879,20000012
SPT-Periodic,12.860135288691966,9,0.75,0.6477280711645282,0.75,0.25,0.7935265073740604,0.25733886838679804,0.0,0.1875,23.32572752737943,20000013
SPT-Periodic,11.380104681072687,8,0.6666666666666666,0.5443194634439502,0.8333333333333334,0.33333333333333337,0.794434080009563,0.2752316682285736,0.0,0.1875,23.50006323733084,20000014
SPT-Periodic,15.727316508434987,10,0.8333333333333334,0.7510031651707554,0.9166666666666666,0.16666666666666663,0.8982901093694341,0.2747899130106692,0.0,0.1875,26.696964667998838,20000015
SPT-Periodic,12.776483061605239,9,0.75,0.6490321286803828,0.8333333333333334,0.25,0.7779446697774205,0.2570869995147917,0.0,0.1875,23.84349556491905,20000016
SPT-Periodic,11.034586002257997,8,0.6666666666666666,0.5638217378640892,0.8333333333333334,0.33333333333333337,0.7845604711835826,0.26295413426599323,0.0,0.1875,24.065424820735288,20000017
SPT-Periodic,10.319737599213816,7,0.5833333333333334,0.5170241704464686,0.75,0.41666666666666663,0.8358533530678137,0.32270010911814434,0.0,0.1875,24.101347463579646,20000018
SPT-Periodic,13.422482449941157,9,0.75,0.608351961878505,0.9166666666666666,0.25,0.8873993834229242,0.24256363977586345,0.0,0.1875,25.920054930810853,20000019
SPT-Periodic,11.442432870638703,8,0.6666666666666666,0.5147000103904483,0.8333333333333334,0.33333333333333337,0.8281144778122163,0.25214363885020524,0.0,0.1875,24.045239026395134,20000020
SPT-Periodic,13.107418601469623,9,0.75,0.64440025454073,0.9166666666666666,0.25,0.8276519546288265,0.2132411859203164,0.0,0.1875,25.60129399068171,20000021
SPT-Periodic,12.802840284542583,9,0.75,0.6105712827148457,0.8333333333333334,0.25,0.7603039491362272,0.23838602817666998,0.0,0.1875,24.17630189093746,20000022
SPT-Periodic,12.855103653334996,9,0.75,0.6490611342371965,0.75,0.25,0.7957934645216866,0.2822047333161896,0.0,0.1875,23.673793254103707,20000023
SPT-Periodic,15.052054071652446,10,0.8333333333333334,0.7508914614568944,0.8333333333333334,0.16666666666666663,0.8697047059531414,0.2477458385876863,0.0,0.1875,25.59571031801648,20000024
SPT-Periodic,11.462351991160606,8,0.6666666666666666,0.571809895580389,0.75,0.33333333333333337,0.7889019403191503,0.3019693393917354,0.0,0.1875,23.737375540372685,20000025
SPT-Periodic,14.735955859501397,10,0.8333333333333334,0.7205485742193348,0.9166666666666666,0.16666666666666663,0.8377032487853295,0.2594481581111441,0.0,0.1875,25.01739227562655,20000026
SPT-Periodic,14.496428752571859,10,0.8333333333333334,0.719780189323428,0.8333333333333334,0.16666666666666663,0.8142731358448835,0.2521716013043444,0.0,0.1875,24.579107119851653,20000027
SPT-Periodic,14.945268625867884,10,0.8333333333333334,0.7611177499329838,0.9166666666666666,0.16666666666666663,0.8272104989226996,0.24203694061087067,0.0,0.1875,24.431188328892468,20000028
SPT-Periodic,14.558485128094004,10,0.8333333333333334,0.6924306275656229,0.9166666666666666,0.16666666666666663,0.7867831531211268,0.2302262006834764,0.0,0.1875,24.03615766809235,20000029
SPT-Periodic,9.876248475251993,7,0.5833333333333334,0.5019395339517875,0.6666666666666666,0.41666666666666663,0.7251964238404046,0.29814977155266564,0.0,0.1875,21.55577579993436,20000030
SPT-Periodic,13.761158086783729,9,0.75,0.6765483972259869,0.8333333333333334,0.25,0.8220706443802192,0.2659509042221213,0.0,0.1875,24.61448662204728,20000031
SPT-Periodic,11.36447481510794,8,0.6666666666666666,0.5473832035172643,0.8333333333333334,0.33333333333333337,0.8357475206162253,0.2791358696490343,0.0,0.1875,24.49333461543861,20000032
SPT-Periodic,11.046775200911899,8,0.6666666666666666,0.5251752056995722,0.75,0.33333333333333337,0.8284407269605257,0.28870725936897884,0.0,0.1875,23.87386069490925,20000033
SPT-Periodic,13.104257545365309,9,0.75,0.6181091050882082,0.8333333333333334,0.25,0.7912616190138334,0.2481585227732855,0.0,0.1875,23.198593943563168,20000034
SPT-Periodic,13.034872745025556,9,0.75,0.6242622730944332,0.8333333333333334,0.25,0.8104517280284477,0.27171514631569144,0.0,0.1875,24.24324143840705,20000035
SPT-Periodic,16.04282070021154,11,0.9166666666666666,0.8312466047947481,0.9166666666666666,0.08333333333333337,0.8385678817371259,0.205074068944568,0.0,0.1875,25.53942918209686,20000036
SPT-Periodic,9.71138268391225,7,0.5833333333333334,0.46935187142784357,0.75,0.41666666666666663,0.8475135443449293,0.29045209220254287,0.0,0.1875,24.90355569314734,20000037
SPT-Periodic,12.84856587740278,9,0.75,0.6162550224034812,0.8333333333333334,0.25,0.820018262318888,0.24366402876205673,0.0,0.1875,24.125440123671826,20000038
SPT-Periodic,13.719304794296677,9,0.75,0.6838193352457099,0.8333333333333334,0.25,0.817461909816382,0.262232992149629,0.0,0.1875,24.92302122208761,20000039
SPT-Periodic,9.607023019648135,7,0.5833333333333334,0.46934160397852,0.6666666666666666,0.41666666666666663,0.7904309116115623,0.2694836160802763,0.0,0.1875,22.624583493876777,20000040
SPT-Periodic,13.26488831194776,9,0.75,0.6080376190668283,0.8333333333333334,0.25,0.8762092091325576,0.2500305099692894,0.0,0.1875,26.35641649823584,20000041
SPT-Periodic,12.907574906494684,9,0.75,0.6081084097535643,0.8333333333333334,0.25,0.844394896270372,0.257350573464318,0.0,0.1875,24.65253638907547,20000042
SPT-Periodic,14.674315070895972,10,0.8333333333333334,0.7365891094051523,0.8333333333333334,0.16666666666666663,0.8190543263017261,0.23184879316865933,0.0,0.1875,24.74479131915628,20000043
SPT-Periodic,7.970471892606119,6,0.5,0.41786684365446153,0.75,0.5,0.8056660767448282,0.28334254809393755,0.0,0.1875,23.147882219459802,20000044
SPT-Periodic,11.143573231329905,8,0.6666666666666666,0.5653757598208055,0.6666666666666666,0.33333333333333337,0.7597778844018563,0.27996952508083606,0.0,0.1875,22.56956078468796,20000045
SPT-Periodic,11.119155640340503,8,0.6666666666666666,0.5528767093182011,0.75,0.33333333333333337,0.7658369891372662,0.3021266468134186,0.0,0.1875,22.622753786655174,20000046
SPT-Periodic,16.341770436970844,11,0.9166666666666666,0.842666004513588,0.9166666666666666,0.08333333333333337,0.8305326132127849,0.21363666974820725,0.0,0.1875,24.917432039201554,20000047
SPT-Periodic,11.439040355481815,8,0.6666666666666666,0.5542079811039705,0.8333333333333334,0.33333333333333337,0.7687298540074071,0.27662801535771436,0.0,0.1875,23.683772133410482,20000048
SPT-Periodic,14.561562797384994,10,0.8333333333333334,0.7336753465100263,0.8333333333333334,0.16666666666666663,0.8180818965325521,0.23130043422986454,0.0,0.1875,24.449584397382857,20000049
SPT-Periodic,12.880283845636484,9,0.75,0.5997988631372276,0.8333333333333334,0.25,0.8219529914887488,0.23475285836675283,0.0,0.1875,25.430340577021028,20000050
SPT-Periodic,9.67631392825963,7,0.5833333333333334,0.4243953487223561,0.8333333333333334,0.41666666666666663,0.8311029124991675,0.2718583894960447,0.0,0.1875,23.952435898241777,20000051
SPT-Periodic,9.825178718815359,7,0.5833333333333334,0.47010090685647676,0.8333333333333334,0.41666666666666663,0.8240017726826574,0.284525890487682,0.0,0.1875,24.8834729496058,20000052
SPT-Periodic,9.389004949542008,7,0.5833333333333334,0.42520048076674494,0.8333333333333334,0.41666666666666663,0.829963189036696,0.2505561148218893,0.0,0.1875,24.77155412897417,20000053
SPT-Periodic,14.892289386234538,10,0.8333333333333334,0.7340783494206271,0.8333333333333334,0.16666666666666663,0.8375109735785209,0.24464832791669597,0.0,0.1875,25.061368021313392,20000054
SPT-Periodic,9.448657529198046,7,0.5833333333333334,0.41459790825273696,0.8333333333333334,0.41666666666666663,0.8382372699920717,0.26433787556882615,0.0,0.1875,24.118739986899794,20000055
SPT-Periodic,12.937432764481224,9,0.75,0.6235939218659224,0.8333333333333334,0.25,0.8165370931712831,0.2533852079310946,0.0,0.1875,24.42920768582033,20000056
SPT-Periodic,11.551637497265151,8,0.6666666666666666,0.573463502197883,0.6666666666666666,0.33333333333333337,0.7806097116789762,0.306989854483565,0.0,0.1875,22.637677594677033,20000057
SPT-Periodic,10.982051554161018,8,0.6666666666666666,0.502770912203083,0.8333333333333334,0.33333333333333337,0.778627174745352,0.24274749366932227,0.0,0.1875,23.507494136739563,20000058
SPT-Periodic,9.977143364509198,7,0.5833333333333334,0.47992467866798943,0.75,0.41666666666666663,0.8237098510054949,0.29577059254715676,0.0,0.1875,23.675255773004157,20000059
SPT-Periodic,15.534844730332807,10,0.8333333333333334,0.7363945544719018,0.9166666666666666,0.16666666666666663,0.865370650731918,0.2433772432030474,0.0,0.1875,26.15313202957016,20000060
SPT-Periodic,11.756126586294066,8,0.6666666666666666,0.5767049068232346,0.75,0.33333333333333337,0.7944136117514828,0.3000378282426389,0.0,0.1875,23.16398640957592,20000061
SPT-Periodic,11.545998508475478,8,0.6666666666666666,0.536098977284786,0.75,0.33333333333333337,0.841492522104137,0.2837138902739662,0.0,0.1875,24.047614071166265,20000062
SPT-Periodic,9.542434962946448,7,0.5833333333333334,0.4490116384941528,0.75,0.41666666666666663,0.784606431273693,0.2715874767758409,0.0,0.1875,23.2312370394582,20000063
SPT-Periodic,15.215487254807766,10,0.8333333333333334,0.7291995168709376,0.9166666666666666,0.16666666666666663,0.8601233248247881,0.23441434210156817,0.0,0.1875,26.404295211326186,20000064
SPT-Periodic,9.122108793988584,7,0.5833333333333334,0.414739488768574,0.75,0.41666666666666663,0.7976522535638536,0.2856566770785505,0.0,0.1875,22.724422302173895,20000065
SPT-Periodic,11.928787310830561,8,0.6666666666666666,0.5543647206695951,0.8333333333333334,0.33333333333333337,0.8659170723459516,0.2671487886107476,0.0,0.1875,26.095050867515674,20000066
SPT-Periodic,11.820145994095755,8,0.6666666666666666,0.5414671940302918,0.9166666666666666,0.33333333333333337,0.8720048866311467,0.2723361100298182,0.0,0.1875,25.80794848766979,20000067
SPT-Periodic,9.946851880386994,7,0.5833333333333334,0.4799909373529035,0.75,0.41666666666666663,0.8069290794713521,0.26679354844718356,0.0,0.1875,23.89710660150101,20000068
SPT-Periodic,13.243842100576398,9,0.75,0.6452056351719762,0.9166666666666666,0.25,0.8798205530903084,0.2635379809351099,0.0,0.1875,26.26444396869287,20000069
SPT-Periodic,15.387240801766028,10,0.8333333333333334,0.7706288498022952,0.8333333333333334,0.16666666666666663,0.853732095217887,0.2651833370355083,0.0,0.1875,24.73884501440523,20000070
SPT-Periodic,7.832428726520286,6,0.5,0.3992058967750776,0.75,0.5,0.7631777126593309,0.30168399775207194,0.0,0.1875,22.941981712847504,20000071
SPT-Periodic,11.844771666734173,8,0.6666666666666666,0.5957540799818618,0.9166666666666666,0.33333333333333337,0.8027680968639558,0.2233411969235082,0.0,0.1875,24.615052228250544,20000072
SPT-Periodic,13.160967274233908,9,0.75,0.6280029869069115,0.8333333333333334,0.25,0.7926825027929425,0.2734204524947007,0.0,0.1875,23.587509464694797,20000073
SPT-Periodic,11.263677137263345,8,0.6666666666666666,0.5656708338106878,0.75,0.33333333333333337,0.7876871339188362,0.2636376514602135,0.0,0.1875,23.504467068378574,20000074
SPT-Periodic,9.658823126501673,7,0.5833333333333334,0.4845763218223921,0.6666666666666666,0.41666666666666663,0.8036309545682802,0.2857465417964486,0.0,0.1875,22.713273930953527,20000075
SPT-Periodic,9.674838343676292,7,0.5833333333333334,0.44659487954457333,0.75,0.41666666666666663,0.7789170086213865,0.3011670530815817,0.0,0.1875,23.092943533106343,20000076
SPT-Periodic,15.12429235510388,10,0.8333333333333334,0.740477198338487,0.9166666666666666,0.16666666666666663,0.8527546127589217,0.25288544357416615,0.0,0.1875,26.212057608066846,20000077
SPT-Periodic,13.042573469837148,9,0.75,0.6307861581123722,0.8333333333333334,0.25,0.7981588906307119,0.2270923216394872,0.0,0.1875,23.091257195086182,20000078
SPT-Periodic,13.173605261468161,9,0.75,0.626280624426769,0.8333333333333334,0.25,0.8146564142060727,0.24795888854914971,0.0,0.1875,24.3675510417633,20000079
SPT-Periodic,12.038086464912473,8,0.6666666666666666,0.5546413241420809,0.8333333333333334,0.33333333333333337,0.8618266355526544,0.29383545781538084,0.0,0.1875,25.470178973093844,20000080
SPT-Periodic,9.338671584007034,7,0.5833333333333334,0.4663476112814673,0.6666666666666666,0.41666666666666663,0.7644535178645873,0.27903937028507814,0.0,0.1875,22.5854818894598,20000081
SPT-Periodic,11.568909210183948,8,0.6666666666666666,0.5226233229629815,0.9166666666666666,0.33333333333333337,0.8749668296022444,0.215066108750944,0.0,0.1875,26.26969969992129,20000082
SPT-Periodic,11.191536150294574,8,0.6666666666666666,0.5195404789713137,0.8333333333333334,0.33333333333333337,0.8120624287909385,0.2509399028032157,0.0,0.1875,23.683234162448453,20000083
SPT-Periodic,13.216529257438726,9,0.75,0.6333177585919233,0.8333333333333334,0.25,0.7983052865621726,0.24568972710883305,0.0,0.1875,23.201444617961823,20000084
SPT-Periodic,13.424288177162207,9,0.75,0.6453896811307704,0.75,0.25,0.8382413708256401,0.2734882098337451,0.0,0.1875,24.60774715244227,20000085
SPT-Periodic,13.464577947602098,9,0.75,0.6438669881794838,0.8333333333333334,0.25,0.8481175627498482,0.2772708947067006,0.0,0.1875,24.614087735712157,20000086
SPT-Periodic,11.626089827403609,8,0.6666666666666666,0.5362906636339961,0.8333333333333334,0.33333333333333337,0.8443491894593564,0.24367773997550435,0.0,0.1875,25.88900152382537,20000087
SPT-Periodic,11.703823292246431,8,0.6666666666666666,0.5598602234600362,0.75,0.33333333333333337,0.8566934535462772,0.26874415977214144,0.0,0.1875,25.258511465401096,20000088
SPT-Periodic,9.268511179141312,7,0.5833333333333334,0.4382589430819051,0.8333333333333334,0.41666666666666663,0.7618505615806513,0.23207322496373295,0.0,0.1875,21.835052717943285,20000089
SPT-Periodic,10.721104478215684,8,0.6666666666666666,0.5378133876094745,0.75,0.33333333333333337,0.7830866372062552,0.25961815615900374,0.0,0.1875,22.548246370860635,20000090
SPT-Periodic,14.811594231217313,10,0.8333333333333334,0.756685730290236,0.8333333333333334,0.16666666666666663,0.8081512537225467,0.27885394469331265,0.0,0.1875,23.65864577263567,20000091
SPT-Periodic,11.736655433868686,8,0.6666666666666666,0.5531600310880143,0.75,0.33333333333333337,0.8195242893594331,0.27870514709266364,0.0,0.1875,23.35589131265165,20000092
SPT-Periodic,12.674007023162128,9,0.75,0.6423491843527291,0.8333333333333334,0.25,0.76107955668187,0.2197527662842489,0.0,0.1875,22.548094085038713,20000093
SPT-Periodic,12.502362053269035,9,0.75,0.6082039164067286,0.8333333333333334,0.25,0.775472765502839,0.2645374733879052,0.0,0.1875,24.342530551643556,20000094
SPT-Periodic,7.627685962606951,6,0.5,0.379603859243622,0.6666666666666666,0.5,0.8052278524858707,0.30319840603169784,0.0,0.1875,22.446451889803697,20000095
SPT-Periodic,11.063230382065647,8,0.6666666666666666,0.5020921214023156,0.8333333333333334,0.33333333333333337,0.8272495514106687,0.2684575889023327,0.0,0.1875,24.637897110162335,20000096
SPT-Periodic,7.776494609589074,6,0.5,0.3704577566823109,0.75,0.5,0.777634317169721,0.26566669637917695,0.0,0.1875,22.506221045217995,20000097
SPT-Periodic,9.700407132169346,7,0.5833333333333334,0.47859064677599616,0.75,0.41666666666666663,0.8377135285140751,0.29470896632658955,0.0,0.1875,24.834383772859535,20000098
SPT-Periodic,13.14131093277512,9,0.75,0.6217995880114369,0.8333333333333334,0.25,0.8479974076065829,0.2240028616633972,0.0,0.1875,24.847901961539186,20000099
SPT-Periodic,11.466022694489036,8,0.6666666666666666,0.5364880931268018,0.8333333333333334,0.33333333333333337,0.8318167671850082,0.27391120363463384,0.0,0.1875,23.610775894605545,20000100
SPT-Periodic,11.281265249413341,8,0.6666666666666666,0.5152016027397901,0.75,0.33333333333333337,0.8537299864561388,0.27879993458534374,0.0,0.1875,24.966495393770682,20000101
SPT-Periodic,14.346246686138963,10,0.8333333333333334,0.7093639463778918,0.8333333333333334,0.16666666666666663,0.7877616618030868,0.23498468540336984,0.0,0.1875,23.773927866744614,20000102
SPT-Periodic,13.201257611049355,9,0.75,0.629470385070222,0.8333333333333334,0.25,0.8017847563112532,0.23098368769473251,0.0,0.1875,23.083222555816555,20000103
SPT-Periodic,12.84717296197682,9,0.75,0.6315656082750076,0.75,0.25,0.7949776112948861,0.24613543751344466,0.0,0.1875,23.14738892869909,20000104
SPT-Periodic,14.40784432622168,10,0.8333333333333334,0.7015178699506479,0.9166666666666666,0.16666666666666663,0.8328599006292996,0.26031382086233473,0.0,0.1875,24.71664756484226,20000105
SPT-Periodic,11.3836625442652,8,0.6666666666666666,0.5470484562796436,0.75,0.33333333333333337,0.8074876165148472,0.2567554843182527,0.0,0.1875,24.554532548650364,20000106
SPT-Periodic,10.765871346558542,8,0.6666666666666666,0.48491523536495995,0.8333333333333334,0.33333333333333337,0.8208333933238521,0.24819435209871785,0.0,0.1875,23.155845300222765,20000107
SPT-Periodic,14.732993211323844,10,0.8333333333333334,0.7250174608140851,0.9166666666666666,0.16666666666666663,0.8424860583163453,0.25562799202482966,0.0,0.1875,24.757852645000415,20000108
SPT-Periodic,9.725111018143945,7,0.5833333333333334,0.48604918827162213,0.6666666666666666,0.41666666666666663,0.7778287878577449,0.2858591783120589,0.0,0.1875,23.156527270717035,20000109
SPT-Periodic,9.260943307383796,7,0.5833333333333334,0.3923561708466012,0.75,0.41666666666666663,0.8260797949903846,0.25206157634213683,0.0,0.1875,23.47749206927277,20000110
SPT-Periodic,11.543388526134155,8,0.6666666666666666,0.5391461306701056,0.8333333333333334,0.33333333333333337,0.8039251124358654,0.24589800164815778,0.0,0.1875,24.058993379933803,20000111
SPT-Periodic,12.273461666346691,8,0.6666666666666666,0.6026833743222103,0.75,0.33333333333333337,0.8700037883774004,0.30794224022282873,0.0,0.1875,23.98204098974919,20000112
SPT-Periodic,12.65139400799581,9,0.75,0.6115289567066617,0.8333333333333334,0.25,0.7745812556788989,0.2171924351037956,0.0,0.1875,23.484078118325446,20000113
SPT-Periodic,9.51617288348599,7,0.5833333333333334,0.45919812937645926,0.75,0.41666666666666663,0.7568072659333746,0.2685986601030101,0.0,0.1875,22.367212718343396,20000114
SPT-Periodic,11.383157074414134,8,0.6666666666666666,0.5438594385055008,0.75,0.33333333333333337,0.8309169110811131,0.2780610555703305,0.0,0.1875,23.626069094566542,20000115
SPT-Periodic,12.913460731790288,9,0.75,0.6526001735421054,0.8333333333333334,0.25,0.8293385288687677,0.25446436047756266,0.0,0.1875,24.930074605892642,20000116
SPT-Periodic,12.799479986402757,9,0.75,0.6317798534192037,0.8333333333333334,0.25,0.7927513888977402,0.27010453423293684,0.0,0.1875,23.650442068832138,20000117
SPT-Periodic,13.206482493829002,9,0.75,0.6158576616612064,0.8333333333333334,0.25,0.8061165328754644,0.2554169963813591,0.0,0.1875,23.591017546654903,20000118
SPT-Periodic,13.554200158460965,9,0.75,0.6608535575830475,0.75,0.25,0.8167399365544358,0.2667660658735188,0.0,0.1875,23.53583476629798,20000119
SPT-Periodic,9.543847785494387,7,0.5833333333333334,0.4395217907821117,0.75,0.41666666666666663,0.8475583821527529,0.2704212499595509,0.0,0.1875,24.743464913571383,20000120
SPT-Periodic,9.345650615884805,7,0.5833333333333334,0.48204427401468103,0.6666666666666666,0.41666666666666663,0.7310237800401892,0.2901224130234328,0.0,0.1875,20.717475527370134,20000121
SPT-Periodic,11.180384687779538,8,0.6666666666666666,0.5733790662262425,0.75,0.33333333333333337,0.7691584100775289,0.2597349903063459,0.0,0.1875,23.235252143329067,20000122
SPT-Periodic,13.351290783479309,9,0.75,0.6884206809424422,0.9166666666666666,0.25,0.8302362499118203,0.2518507763009987,0.0,0.1875,24.302868671156,20000123
SPT-Periodic,10.674338932906355,8,0.6666666666666666,0.4811746850221312,0.8333333333333334,0.33333333333333337,0.832218058407611,0.24602311400618052,0.0,0.1875,23.55351817484921,20000124
SPT-Periodic,9.293607298609086,7,0.5833333333333334,0.4235566030756823,0.8333333333333334,0.41666666666666663,0.8294279990351932,0.23985488941031963,0.0,0.1875,23.995479183093952,20000125
SPT-Periodic,11.553885857550448,8,0.6666666666666666,0.5795718314350314,0.75,0.33333333333333337,0.7593804485722236,0.29376605997988303,0.0,0.1875,22.6735402141187,20000126
SPT-Periodic,10.134141947694193,7,0.5833333333333334,0.46950071682809574,0.8333333333333334,0.41666666666666663,0.8255001496197525,0.25821276756666306,0.0,0.1875,24.51149791769087,20000127
SPT-Periodic,12.397749777685553,9,0.75,0.5964852057144181,0.8333333333333334,0.25,0.775064406778912,0.2462881418226847,0.0,0.1875,22.704433045377325,20000128
SPT-Periodic,12.838521275729933,9,0.75,0.6504589749566678,0.75,0.25,0.800308411461331,0.2601750847815406,0.0,0.1875,23.387936580431287,20000129
SPT-Periodic,12.877510696924578,9,0.75,0.6183937184474196,0.8333333333333334,0.25,0.8210788646746922,0.26058190050510016,0.0,0.1875,22.97904117612963,20000130
SPT-Periodic,13.538142701164537,9,0.75,0.6721532392837258,0.75,0.25,0.8165717179354187,0.2756942787037983,0.0,0.1875,24.46783964282465,20000131
SPT-Periodic,7.930913293534755,6,0.5,0.35719617017956334,0.8333333333333334,0.5,0.7955797880655084,0.23984609996039166,0.0,0.1875,24.382329825318163,20000132
SPT-Periodic,14.878864567419862,10,0.8333333333333334,0.7387606903405846,0.9166666666666666,0.16666666666666663,0.8276705411378323,0.22125293000302557,0.0,0.1875,24.588406852293677,20000133
SPT-Periodic,13.013450532228925,9,0.75,0.6267089652420056,0.8333333333333334,0.25,0.8022139421243195,0.2410597532076594,0.0,0.1875,24.342882190227506,20000134
SPT-Periodic,11.705025175629483,8,0.6666666666666666,0.5500338791098734,0.8333333333333334,0.33333333333333337,0.8934007852532645,0.27787922099173135,0.0,0.1875,25.647479896201183,20000135
SPT-Periodic,13.223515997297362,9,0.75,0.6490291308879543,0.8333333333333334,0.25,0.838898721781734,0.2553461888746869,0.0,0.1875,23.808629293312208,20000136
SPT-Periodic,14.925342925823484,10,0.8333333333333334,0.744723640314481,0.8333333333333334,0.16666666666666663,0.8110541306548272,0.2524789994436331,0.0,0.1875,22.97678052395336,20000137
SPT-Periodic,11.150700764894161,8,0.6666666666666666,0.5517000540450726,0.75,0.33333333333333337,0.7721109457695761,0.2753550241702635,0.0,0.1875,22.626999278016882,20000138
SPT-Periodic,9.481739036694867,7,0.5833333333333334,0.44317546772749244,0.8333333333333334,0.41666666666666663,0.7731670524245775,0.24439304257927738,0.0,0.1875,22.79449644400023,20000139
SPT-Periodic,14.438536340405156,10,0.8333333333333334,0.7315883054095353,0.9166666666666666,0.16666666666666663,0.8120930144664729,0.21259758041597035,0.0,0.1875,25.59196997810838,20000140
SPT-Periodic,9.74418892167196,7,0.5833333333333334,0.45427491619477,0.75,0.41666666666666663,0.8131060097241637,0.27381189633738057,0.0,0.1875,25.057855253847777,20000141
SPT-Periodic,9.136339431076486,7,0.5833333333333334,0.43309645782445577,0.75,0.41666666666666663,0.7590603394086166,0.27244434922468413,0.0,0.1875,22.888119781188315,20000142
SPT-Periodic,9.562734018001372,7,0.5833333333333334,0.47645403458563856,0.6666666666666666,0.41666666666666663,0.7694485175649342,0.282251570258965,0.0,0.1875,22.926822699278276,20000143
SPT-Periodic,14.904560262506655,10,0.8333333333333334,0.7526510246969337,0.8333333333333334,0.16666666666666663,0.8502567371083277,0.25742543999408873,0.0,0.1875,25.340109465589638,20000144
SPT-Periodic,11.218626389789328,8,0.6666666666666666,0.5487994752526367,0.8333333333333334,0.33333333333333337,0.8197090667986506,0.26872921541602923,0.0,0.1875,25.173468448989706,20000145
SPT-Periodic,11.348079084294744,8,0.6666666666666666,0.5509572840261097,0.75,0.33333333333333337,0.7828415433533301,0.2460571899893893,0.0,0.1875,23.29993188966055,20000146
SPT-Periodic,12.638027121778771,9,0.75,0.5885938059686346,0.8333333333333334,0.25,0.7719873913937163,0.23218644177966716,0.0,0.1875,23.15981571578837,20000147
SPT-Periodic,13.173028692490798,9,0.75,0.6591435087674017,0.75,0.25,0.8035630503154069,0.2598469128895488,0.0,0.1875,24.296114697600213,20000148
SPT-Periodic,11.537568266139337,8,0.6666666666666666,0.5245171277167621,0.8333333333333334,0.33333333333333337,0.8693030028580436,0.26556047222600876,0.0,0.1875,24.820840627440784,20000149
SPT-Periodic,12.94112591341531,9,0.75,0.6463846667032761,0.8333333333333334,0.25,0.7861158661846296,0.2419820271523009,0.0,0.1875,23.610979841173727,20000150
SPT-Periodic,11.288139246268665,8,0.6666666666666666,0.5099611516378894,0.9166666666666666,0.33333333333333337,0.8310590929275706,0.23840444090304214,0.0,0.1875,24.98453855499148,20000151
SPT-Periodic,11.393522996682327,8,0.6666666666666666,0.5647825825943751,0.75,0.33333333333333337,0.787664555042863,0.2821030541008311,0.0,0.1875,23.16544745473059,20000152
SPT-Periodic,11.519223147265848,8,0.6666666666666666,0.5667183265674959,0.8333333333333334,0.33333333333333337,0.8372494688504037,0.2562547862656866,0.0,0.1875,24.729222528137996,20000153
SPT-Periodic,13.68838635551283,9,0.75,0.6578766834710849,0.9166666666666666,0.25,0.8814738045982177,0.26547296465476994,0.0,0.1875,25.81590768207692,20000154
SPT-Periodic,11.354450580744183,8,0.6666666666666666,0.509414760235153,0.8333333333333334,0.33333333333333337,0.7809070012471281,0.23473678569178946,0.0,0.1875,23.435334035503043,20000155
SPT-Periodic,12.861568640580915,9,0.75,0.639649995988065,0.75,0.25,0.8044409174618443,0.28916750381013295,0.0,0.1875,23.575960937526627,20000156
SPT-Periodic,11.101319735893798,8,0.6666666666666666,0.4888921717756274,0.8333333333333334,0.33333333333333337,0.8394786176786919,0.26692359186469966,0.0,0.1875,24.905019235048158,20000157
SPT-Periodic,13.61171070997867,9,0.75,0.6466007077789718,0.8333333333333334,0.25,0.8537463567247032,0.2615696206676836,0.0,0.1875,24.21778232544853,20000158
SPT-Periodic,9.624324500485034,7,0.5833333333333334,0.4345761684649221,0.75,0.41666666666666663,0.7971947618733363,0.2667253525756428,0.0,0.1875,22.833659367481612,20000159
SPT-Periodic,9.181022018893913,7,0.5833333333333334,0.3815027243115575,0.8333333333333334,0.41666666666666663,0.8130111842591168,0.2514225533227312,0.0,0.1875,24.505440432288694,20000160
SPT-Periodic,12.478588367744047,9,0.75,0.5745665090385498,0.8333333333333334,0.25,0.8201986556470876,0.2122376217099362,0.0,0.1875,23.53897829913163,20000161
SPT-Periodic,11.458989359138837,8,0.6666666666666666,0.5691130925991505,0.75,0.33333333333333337,0.7694500305639748,0.2834160590238369,0.0,0.1875,22.75665793598349,20000162
SPT-Periodic,15.128446712677913,10,0.8333333333333334,0.7545603602842559,0.8333333333333334,0.16666666666666663,0.8011150529727514,0.254484522031033,0.0,0.1875,24.171690562190467,20000163
SPT-Periodic,11.922533883365933,8,0.6666666666666666,0.5721724402323674,0.75,0.33333333333333337,0.8001064789686145,0.284909311994424,0.0,0.1875,23.398668840089346,20000164
SPT-Periodic,14.806817289538843,10,0.8333333333333334,0.7309865993127908,0.9166666666666666,0.16666666666666663,0.8470559379317383,0.26123079570492663,0.0,0.1875,24.500169159659063,20000165
SPT-Periodic,9.766113390850073,7,0.5833333333333334,0.4641648630083144,0.8333333333333334,0.41666666666666663,0.8523528185020753,0.2868989913020353,0.0,0.1875,24.35858233214118,20000166
SPT-Periodic,12.881869658666568,9,0.75,0.586631542442043,0.9166666666666666,0.25,0.8132227414851974,0.2199674330409239,0.0,0.1875,24.911300461463284,20000167
SPT-Periodic,10.969315796429349,8,0.6666666666666666,0.514592866181199,0.75,0.33333333333333337,0.7752621467374382,0.27174941335768105,0.0,0.1875,23.042944853257957,20000168
SPT-Periodic,14.72383532876402,10,0.8333333333333334,0.7309586569375609,0.8333333333333334,0.16666666666666663,0.8363618076457972,0.26364931424027627,0.0,0.1875,24.55365072445084,20000169
SPT-Periodic,9.599294072397685,7,0.5833333333333334,0.45728338402958146,0.75,0.41666666666666663,0.7977991592286774,0.2567361256043166,0.0,0.1875,23.187039292015886,20000170
SPT-Periodic,13.301491832590417,9,0.75,0.6321786651153526,0.9166666666666666,0.25,0.8265413128322762,0.24030234457183605,0.0,0.1875,25.562238952981104,20000171
SPT-Periodic,15.079608713408284,10,0.8333333333333334,0.7729512789821454,0.9166666666666666,0.16666666666666663,0.8512432900954403,0.27605755867427867,0.0,0.1875,25.091090902071986,20000172
SPT-Periodic,15.29772927934339,10,0.8333333333333334,0.7387637415692566,0.8333333333333334,0.16666666666666663,0.8333775415285295,0.2612469483458404,0.0,0.1875,25.515005333437717,20000173
SPT-Periodic,15.132481701056086,10,0.8333333333333334,0.7505931139326821,0.8333333333333334,0.16666666666666663,0.8630269583625578,0.25854692453433414,0.0,0.1875,25.96181329859863,20000174
SPT-Periodic,7.637094119219433,6,0.5,0.34225766407888053,0.8333333333333334,0.5,0.7658998298421741,0.253064712722647,0.0,0.1875,22.611523927968733,20000175
SPT-Periodic,11.134429326457534,8,0.6666666666666666,0.5000556585550514,0.8333333333333334,0.33333333333333337,0.8232426529417083,0.2509822021766214,0.0,0.1875,24.896663718238987,20000176
SPT-Periodic,9.804731050451624,7,0.5833333333333334,0.45942147757670687,0.8333333333333334,0.41666666666666663,0.8399825639302027,0.2463786503083982,0.0,0.1875,25.001415115503356,20000177
SPT-Periodic,13.459327479568328,9,0.75,0.6468805938164494,0.8333333333333334,0.25,0.8424534255146362,0.2682695337132745,0.0,0.1875,25.62856951939581,20000178
SPT-Periodic,11.683937309019255,8,0.6666666666666666,0.5379808867540236,0.8333333333333334,0.33333333333333337,0.8416906579005068,0.2504375948769843,0.0,0.1875,24.44622795117553,20000179
SPT-Periodic,11.920596159327962,8,0.6666666666666666,0.6088727276197684,0.75,0.33333333333333337,0.7964967734930997,0.28191422094415625,0.0,0.1875,23.734477780205886,20000180
SPT-Periodic,12.81329114255374,9,0.75,0.554694581043458,0.9166666666666666,0.25,0.8563895489758909,0.2312114003623332,0.0,0.1875,25.245978550302837,20000181
SPT-Periodic,13.354546709982172,9,0.75,0.6666221701480307,0.75,0.25,0.8193577188899792,0.2845539147268246,0.0,0.1875,24.762652863313505,20000182
SPT-Periodic,9.633050274177112,7,0.5833333333333334,0.4453141411369856,0.75,0.41666666666666663,0.7609110557220887,0.2752384660574288,0.0,0.1875,22.610125011921472,20000183
SPT-Periodic,10.580425914994438,8,0.6666666666666666,0.5022269357623534,0.75,0.33333333333333337,0.7731781874306325,0.2507523823844396,0.0,0.1875,22.65655796866789,20000184
SPT-Periodic,12.94944863111295,9,0.75,0.5987364907525622,0.8333333333333334,0.25,0.8311183564882544,0.25447061090461304,0.0,0.1875,25.37219876671397,20000185
SPT-Periodic,13.266315224374695,9,0.75,0.5886222259008872,0.9166666666666666,0.25,0.8297970899142184,0.2205806575504076,0.0,0.1875,25.102954528344956,20000186
SPT-Periodic,11.904267924351494,8,0.6666666666666666,0.5681454699773176,0.75,0.33333333333333337,0.8188231374539043,0.2903498775157764,0.0,0.1875,24.474793135065962,20000187
SPT-Periodic,13.24099066886248,9,0.75,0.6447684144345572,0.8333333333333334,0.25,0.8580306617185746,0.27331752883573646,0.0,0.1875,25.72336258497775,20000188
SPT-Periodic,9.242288171442212,7,0.5833333333333334,0.43420849706681097,0.75,0.41666666666666663,0.7750334505738478,0.2509576559733578,0.0,0.1875,23.138459058356062,20000189
SPT-Periodic,13.016016758998381,9,0.75,0.6484893866078645,0.8333333333333334,0.25,0.8440640986624262,0.28205569549562876,0.0,0.1875,24.298354409930145,20000190
SPT-Periodic,15.796820393574311,11,0.9166666666666666,0.8799199407730612,1.0,0.08333333333333337,0.8590688916400399,0.18511646349566988,0.0,0.2916666666666667,22.642499141465983,20000191
SPT-Periodic,13.16287546327822,9,0.75,0.6428673914842552,0.8333333333333334,0.25,0.8578131434773546,0.2722036044590694,0.0,0.1875,25.915427227506072,20000192
SPT-Periodic,13.765501989209572,9,0.75,0.6401973228041811,0.8333333333333334,0.25,0.8866848722558504,0.2576314105097281,0.0,0.1875,26.752925772729167,20000193
SPT-Periodic,13.1662907728376,9,0.75,0.6510424576292434,0.75,0.25,0.8179189628426239,0.29281132899721024,0.0,0.1875,23.67388437383028,20000194
SPT-Periodic,10.924160580044669,8,0.6666666666666666,0.5123092750168843,0.75,0.33333333333333337,0.7962287500286677,0.28190998657499833,0.0,0.1875,23.154416720182756,20000195
SPT-Periodic,15.137304866958429,10,0.8333333333333334,0.7377106688030575,0.8333333333333334,0.16666666666666663,0.8569124606026982,0.2525837014051356,0.0,0.1875,25.8593337257848,20000196
SPT-Periodic,10.129375224777437,7,0.5833333333333334,0.473332700871016,0.8333333333333334,0.41666666666666663,0.80861390195903,0.25756703193113784,0.0,0.1875,24.5109718442595,20000197
SPT-Periodic,11.290375797153406,8,0.6666666666666666,0.5153492591592281,0.8333333333333334,0.33333333333333337,0.7911767658139154,0.24920136226607556,0.0,0.1875,23.692358609974004,20000198
SPT-Periodic,11.251922077460634,8,0.6666666666666666,0.5513931061653511,0.75,0.33333333333333337,0.7910448943952918,0.2740236585148546,0.0,0.1875,22.29028028038917,20000199
SPT-Periodic,11.612600058387946,8,0.6666666666666666,0.5224494098786973,0.8333333333333334,0.33333333333333337,0.8478688712410299,0.26780040830869134,0.0,0.1875,25.195982266203327,20000200
SPT-Periodic,11.425072107057154,8,0.6666666666666666,0.5407624922303051,0.75,0.33333333333333337,0.7712467821949143,0.26713036765515524,0.0,0.1875,23.252856826958052,20000201
SPT-Periodic,13.266124869878228,9,0.75,0.6289401140908646,0.8333333333333334,0.25,0.8253482505221946,0.2827083417094864,0.0,0.1875,23.905234152321412,20000202
SPT-Periodic,14.662468049556782,10,0.8333333333333334,0.6965775822443484,0.9166666666666666,0.16666666666666663,0.8408650410550491,0.25037102088410096,0.0,0.1875,25.40814552722769,20000203
SPT-Periodic,9.59399820400633,7,0.5833333333333334,0.46556144957815865,0.75,0.41666666666666663,0.7912048528114671,0.24731645038788852,0.0,0.1875,23.47632708681399,20000204
SPT-Periodic,11.677804956582143,8,0.6666666666666666,0.5483853613674355,0.9166666666666666,0.33333333333333337,0.8436119015255746,0.22557000435583252,0.0,0.1875,24.844207544387963,20000205
SPT-Periodic,9.616217300650316,7,0.5833333333333334,0.43049251308437086,0.75,0.41666666666666663,0.7917937214927379,0.2856150011254785,0.0,0.1875,23.686280154566212,20000206
SPT-Periodic,8.073055180123605,6,0.5,0.3949894033398009,0.75,0.5,0.7876056343214528,0.28033166866197085,0.0,0.1875,22.83431388323336,20000207
SPT-Periodic,10.16568937033873,7,0.5833333333333334,0.4611858378825413,0.8333333333333334,0.41666666666666663,0.8229530360372029,0.2611798899775489,0.0,0.1875,24.959016721783097,20000208
SPT-Periodic,13.309806608773313,9,0.75,0.6357340313044381,0.75,0.25,0.840113814980028,0.24299162169798919,0.0,0.1875,23.604950939738853,20000209
SPT-Periodic,14.863972368060724,10,0.8333333333333334,0.7375494036877712,0.9166666666666666,0.16666666666666663,0.8604532579578156,0.2171684720865302,0.0,0.1875,24.97161893197937,20000210
SPT-Periodic,10.975154219657119,8,0.6666666666666666,0.522142212652532,0.8333333333333334,0.33333333333333337,0.7645308182482862,0.24464012732555226,0.0,0.1875,24.054080786327514,20000211
SPT-Periodic,13.177903735490766,9,0.75,0.6286045128169919,0.9166666666666666,0.25,0.8300347316686124,0.2235017741951608,0.0,0.1875,24.37051290286078,20000212
SPT-Periodic,11.301613680903145,8,0.6666666666666666,0.5238120440239592,0.8333333333333334,0.33333333333333337,0.8450475524714746,0.2391269015898039,0.0,0.1875,24.337884598893215,20000213
SPT-Periodic,8.949232079228683,7,0.5833333333333334,0.47235253432865104,0.6666666666666666,0.41666666666666663,0.7395852706211813,0.28552751083396133,0.0,0.1875,21.317222360192172,20000214
SPT-Periodic,13.410228373742575,9,0.75,0.6733589294216786,0.75,0.25,0.8524054288996158,0.3066136419207626,0.0,0.1875,25.06363750178286,20000215
SPT-Periodic,12.80603486448038,9,0.75,0.5918745476773327,0.8333333333333334,0.25,0.8082860618858462,0.22874573076157537,0.0,0.1875,24.60266736842297,20000216
SPT-Periodic,13.254111214028786,9,0.75,0.6190130503429747,0.9166666666666666,0.25,0.8762452291180723,0.23525154489402886,0.0,0.1875,27.089263640436997,20000217
SPT-Periodic,14.121053491093189,10,0.8333333333333334,0.737892930895216,0.8333333333333334,0.16666666666666663,0.7780527123475741,0.26548985377607015,0.0,0.1875,23.951395816702178,20000218
SPT-Periodic,12.765469350282183,9,0.75,0.6333585322831328,0.8333333333333334,0.25,0.7861558541502798,0.25715198636660025,0.0,0.1875,24.103780350967998,20000219
SPT-Periodic,12.859631429412811,9,0.75,0.6303731074305181,0.8333333333333334,0.25,0.7665244933616483,0.2236290913599582,0.0,0.1875,23.512623198016765,20000220
SPT-Periodic,15.07684172314999,10,0.8333333333333334,0.7218004764800148,0.9166666666666666,0.16666666666666663,0.8507073598231921,0.2270866647195872,0.0,0.1875,25.359130037869082,20000221
SPT-Periodic,14.576517949107318,10,0.8333333333333334,0.7102812626362262,0.8333333333333334,0.16666666666666663,0.8164422471204581,0.25363274678850617,0.0,0.1875,24.740908190323662,20000222
SPT-Periodic,14.457253283266748,10,0.8333333333333334,0.7068713477618151,0.8333333333333334,0.16666666666666663,0.846491373102363,0.25861054950020174,0.0,0.1875,24.521907205404254,20000223
SPT-Periodic,11.667715815449101,8,0.6666666666666666,0.5405422606666327,0.8333333333333334,0.33333333333333337,0.8162845007577019,0.244308183282996,0.0,0.1875,24.303681976699878,20000224
SPT-Periodic,15.001069674515499,10,0.8333333333333334,0.7346579660510704,0.9166666666666666,0.16666666666666663,0.8590739097610106,0.2684181184775427,0.0,0.1875,24.816368788893005,20000225
SPT-Periodic,13.857616198586438,9,0.75,0.662956889755016,0.8333333333333334,0.25,0.8419405708404003,0.2559727925062028,0.0,0.1875,25.237111448994934,20000226
SPT-Periodic,10.955725065631915,8,0.6666666666666666,0.48772766678675045,0.8333333333333334,0.33333333333333337,0.8522892234912698,0.22240826450106144,0.0,0.1875,24.560328424764013,20000227
SPT-Periodic,9.13525093455795,7,0.5833333333333334,0.38225299114328604,0.8333333333333334,0.41666666666666663,0.8375018872250699,0.24975823706095893,0.0,0.1875,22.995734636480346,20000228
SPT-Periodic,12.356469633230065,8,0.6666666666666666,0.573464216035302,0.8333333333333334,0.33333333333333337,0.8690404387694098,0.26503822769083446,0.0,0.1875,25.65146962679294,20000229
SPT-Periodic,13.621418882742018,9,0.75,0.6703448428519808,0.8333333333333334,0.25,0.8323063922538244,0.26162991162462773,0.0,0.1875,24.9063462918363,20000230
SPT-Periodic,12.698366398325735,9,0.75,0.5795020728579287,0.8333333333333334,0.25,0.8477836569880594,0.26397525127149635,0.0,0.1875,23.867130516833967,20000231
SPT-Periodic,7.64787674042401,6,0.5,0.3411175607829932,0.75,0.5,0.7478846212860094,0.2596320113774832,0.0,0.1875,22.033132812393664,20000232
SPT-Periodic,13.590902494585983,9,0.75,0.6716510977807935,0.8333333333333334,0.25,0.7786641179740436,0.2567571381432421,0.0,0.1875,24.345079718416898,20000233
SPT-Periodic,11.298708998433158,8,0.6666666666666666,0.532248495775704,0.75,0.33333333333333337,0.7490341374258319,0.2509219617321354,0.0,0.1875,21.81295496972017,20000234
SPT-Periodic,12.26794262237653,9,0.75,0.6064033237738624,0.8333333333333334,0.25,0.7546915589178225,0.23306275058823633,0.0,0.1875,22.09776031997292,20000235
SPT-Periodic,15.240886416630198,10,0.8333333333333334,0.7179037540308906,0.9166666666666666,0.16666666666666663,0.8813894868196871,0.2366366714356097,0.0,0.1875,25.81172735252127,20000236
SPT-Periodic,10.256245065974623,7,0.5833333333333334,0.49335464568672455,0.75,0.41666666666666663,0.8271797441531376,0.2937579582747089,0.0,0.1875,23.8513191772997,20000237
SPT-Periodic,11.778899726762493,8,0.6666666666666666,0.5495978176862173,0.8333333333333334,0.33333333333333337,0.8386888541031728,0.28256074896562083,0.0,0.1875,25.302693735116662,20000238
SPT-Periodic,12.261417160840068,8,0.6666666666666666,0.5773742105912917,0.8333333333333334,0.33333333333333337,0.8573238413152501,0.29098036252561604,0.0,0.1875,25.68381846765326,20000239
SPT-Periodic,11.652510771909917,8,0.6666666666666666,0.5904572014902925,0.75,0.33333333333333337,0.8089359526567854,0.31008338506664307,0.0,0.1875,23.324932868959458,20000240
SPT-Periodic,13.236998150199419,9,0.75,0.6427960893343622,0.75,0.25,0.8299017568636486,0.2863588622649664,0.0,0.1875,24.836853816522236,20000241
SPT-Periodic,14.552115184917676,10,0.8333333333333334,0.7069423976254863,1.0,0.16666666666666663,0.8653030017228178,0.21603936127434778,0.0,0.1875,24.856773755555434,20000242
SPT-Periodic,11.934906621385998,8,0.6666666666666666,0.602473810332553,0.75,0.33333333333333337,0.7834395151661102,0.28948965037321517,0.0,0.1875,23.446954980288996,20000243
SPT-Periodic,11.686156639668939,8,0.6666666666666666,0.5825573427031598,0.8333333333333334,0.33333333333333337,0.8600525412560273,0.240760570364118,0.0,0.1875,25.520391938921293,20000244
SPT-Periodic,13.727970862548645,9,0.75,0.6812770110128694,0.8333333333333334,0.25,0.8362641043929653,0.26875567898155084,0.0,0.1875,25.622308422502392,20000245
SPT-Periodic,15.255319294294496,10,0.8333333333333334,0.7281419856309699,0.9166666666666666,0.16666666666666663,0.8729769145100185,0.2568743012284142,0.0,0.1875,26.218888598311956,20000246
SPT-Periodic,11.270541776462562,8,0.6666666666666666,0.5043811318957931,0.8333333333333334,0.33333333333333337,0.8539123452400164,0.2560923576639795,0.0,0.1875,25.11722569521369,20000247
SPT-Periodic,18.758779241540566,12,1.0,1.0,1.0,0.0,0.887145664745819,0.22201024799648295,0.0,0.20833333333333334,26.2381970913343,20000248
SPT-Periodic,9.916969978145737,7,0.5833333333333334,0.45318205207818024,0.8333333333333334,0.41666666666666663,0.8414291026980844,0.29302023741144717,0.0,0.1875,24.578697975788916,20000249
SPT-Periodic,14.919531942140441,10,0.8333333333333334,0.6965656247409149,0.9166666666666666,0.16666666666666663,0.853330613538494,0.2342335678280214,0.0,0.1875,25.296145712797816,20000250
SPT-Periodic,14.937829685668206,10,0.8333333333333334,0.7363951948129355,0.8333333333333334,0.16666666666666663,0.8453174553729651,0.24139096631103651,0.0,0.1875,24.658233956259743,20000251
SPT-Periodic,11.167193113290898,8,0.6666666666666666,0.5316844892983066,0.8333333333333334,0.33333333333333337,0.839891166464434,0.23839414834366954,0.0,0.1875,24.602272021276807,20000252
SPT-Periodic,13.289137508147682,9,0.75,0.6403386472121143,0.75,0.25,0.7940907449283424,0.242773492831354,0.0,0.1875,22.792077247483117,20000253
SPT-Periodic,13.431495282297224,9,0.75,0.6380048724411231,0.8333333333333334,0.25,0.8623528934866055,0.2914742735212926,0.0,0.1875,24.86537359268658,20000254
SPT-Periodic,13.611003603667852,9,0.75,0.6829389900107516,0.75,0.25,0.7980849396082149,0.28138881232802054,0.0,0.1875,22.865665119456594,20000255
SPT-Periodic,13.48204115022897,9,0.75,0.6500547943782249,0.75,0.25,0.834774197162013,0.2704968982771452,0.0,0.1875,25.405688428466032,20000256
SPT-Periodic,9.055223216224961,7,0.5833333333333334,0.44797318873789316,0.75,0.41666666666666663,0.7867032476560842,0.25867942542152256,0.0,0.1875,22.693335324550745,20000257
SPT-Periodic,10.977073516368897,8,0.6666666666666666,0.5213485692422876,0.8333333333333334,0.33333333333333337,0.7803204879559561,0.2648692101830592,0.0,0.1875,23.08121769307893,20000258
SPT-Periodic,9.536760121730087,7,0.5833333333333334,0.4489010256083208,0.8333333333333334,0.41666666666666663,0.7998157770497026,0.2787017144134812,0.0,0.1875,23.952676552094555,20000259
SPT-Periodic,11.954307925382114,8,0.6666666666666666,0.603754294207602,0.75,0.33333333333333337,0.8049547603178152,0.3022339847142726,0.0,0.1875,24.6727239220122,20000260
SPT-Periodic,10.082179739987124,7,0.5833333333333334,0.46947222401539496,0.75,0.41666666666666663,0.8541887306039989,0.3327223877311505,0.0,0.1875,23.992873230771885,20000261
SPT-Periodic,13.470832398751424,9,0.75,0.6528305121109569,0.8333333333333334,0.25,0.8497284665406335,0.2892618142531564,0.0,0.1875,24.816803167174307,20000262
SPT-Periodic,12.925931583925978,9,0.75,0.6142297795905366,0.9166666666666666,0.25,0.802583481204281,0.20993821121297995,0.0,0.1875,24.22819049823394,20000263
SPT-Periodic,11.183692365412345,8,0.6666666666666666,0.5184666437872427,0.75,0.33333333333333337,0.8186383794207508,0.2622111461566687,0.0,0.1875,23.871617311065695,20000264
SPT-Periodic,16.045215660486264,11,0.9166666666666666,0.8305804057396947,0.9166666666666666,0.08333333333333337,0.7735569656258724,0.2099670453526293,0.0,0.1875,23.93130390390282,20000265
SPT-Periodic,16.579516084688827,11,0.9166666666666666,0.8415438397068952,0.9166666666666666,0.08333333333333337,0.846312912627552,0.26010357533547107,0.0,0.1875,25.536104158672277,20000266
SPT-Periodic,11.597400206075905,8,0.6666666666666666,0.5818682535093879,0.6666666666666666,0.33333333333333337,0.7980625460079711,0.29705534265622907,0.0,0.1875,22.807700541570462,20000267
SPT-Periodic,11.195183765845215,8,0.6666666666666666,0.5377000072591075,0.75,0.33333333333333337,0.7977630014458658,0.27531950292896556,0.0,0.1875,23.82348558629765,20000268
SPT-Periodic,13.80115857282641,9,0.75,0.6475751487256022,0.8333333333333334,0.25,0.8616630242259862,0.25861512034277295,0.0,0.1875,24.70667885024634,20000269
SPT-Periodic,11.098465497419362,8,0.6666666666666666,0.49152758977982214,0.8333333333333334,0.33333333333333337,0.8106736825534103,0.22590977178351612,0.0,0.1875,23.982692646551918,20000270
SPT-Periodic,13.43155785529396,9,0.75,0.6636171711521411,0.8333333333333334,0.25,0.839128310817042,0.25668974174686526,0.0,0.1875,25.495473264798473,20000271
SPT-Periodic,14.488273851334469,10,0.8333333333333334,0.716532567598469,0.8333333333333334,0.16666666666666663,0.7946197444716478,0.2240239520265378,0.0,0.1875,24.822971164228225,20000272
SPT-Periodic,17.275743144007564,11,0.9166666666666666,0.8563098025463206,0.9166666666666666,0.08333333333333337,0.8568065159578028,0.2553556263267682,0.0,0.1875,25.86278628019331,20000273
SPT-Periodic,11.276246496159615,8,0.6666666666666666,0.5143486781156442,0.8333333333333334,0.33333333333333337,0.8316433607874361,0.2726582791020649,0.0,0.1875,24.43434757608014,20000274
SPT-Periodic,14.87297295591611,10,0.8333333333333334,0.7463600627588358,0.9166666666666666,0.16666666666666663,0.8248496111462339,0.25295887283775137,0.0,0.1875,24.36186693798047,20000275
SPT-Periodic,11.320663213944897,8,0.6666666666666666,0.5379126982647277,0.75,0.33333333333333337,0.8028477626322651,0.25855410215891544,0.0,0.1875,23.94203739388108,20000276
SPT-Periodic,12.759036362563569,9,0.75,0.6245243132724361,0.75,0.25,0.7871379289532024,0.27112979593219927,0.0,0.1875,23.296965559825164,20000277
SPT-Periodic,11.076746149883332,8,0.6666666666666666,0.5370537134051985,0.75,0.33333333333333337,0.7766222043662374,0.2627048332516256,0.0,0.1875,22.948543688231545,20000278
SPT-Periodic,12.49597850875734,9,0.75,0.6226850247654915,0.75,0.25,0.7496785750418891,0.2515749322682766,0.0,0.1875,22.857145715824206,20000279
SPT-Periodic,12.491725179353054,9,0.75,0.625245853519778,0.9166666666666666,0.25,0.8111030386754633,0.2288593009382065,0.0,0.1875,24.846462016194554,20000280
SPT-Periodic,12.718448283845495,9,0.75,0.6318387177560714,0.8333333333333334,0.25,0.8130995910688302,0.25941097495307175,0.0,0.1875,24.01534356292349,20000281
SPT-Periodic,11.650786303958728,8,0.6666666666666666,0.5478523020556594,0.8333333333333334,0.33333333333333337,0.8173266045852614,0.27713442311482045,0.0,0.1875,24.198083666104488,20000282
SPT-Periodic,14.489103613794654,10,0.8333333333333334,0.7002767983821189,0.9166666666666666,0.16666666666666663,0.8128010846511929,0.2463570801429762,0.0,0.1875,24.35368212918647,20000283
SPT-Periodic,9.395681532732176,7,0.5833333333333334,0.4441553487263528,0.75,0.41666666666666663,0.8002233317891173,0.2583439874716628,0.0,0.1875,23.516289071774935,20000284
SPT-Periodic,9.089144405346556,7,0.5833333333333334,0.43538904754903035,0.75,0.41666666666666663,0.7574964555154601,0.23814922655767223,0.0,0.1875,21.99194389632768,20000285
SPT-Periodic,11.714830469460885,8,0.6666666666666666,0.5865245924811183,0.6666666666666666,0.33333333333333337,0.7947973631708672,0.30531678815582897,0.0,0.1875,23.63447408517033,20000286
SPT-Periodic,16.07017711939442,11,0.9166666666666666,0.8331260482561131,0.9166666666666666,0.08333333333333337,0.834042626693495,0.2248291406905437,0.0,0.1875,25.030356549862436,20000287
SPT-Periodic,12.863995633234369,9,0.75,0.6183793944150346,0.8333333333333334,0.25,0.8253531973689961,0.22670060335299488,0.0,0.1875,24.36951412091038,20000288
SPT-Periodic,12.589144093110352,9,0.75,0.6305327065920725,0.8333333333333334,0.25,0.7839392629257801,0.22595355631984634,0.0,0.1875,23.654265763217253,20000289
SPT-Periodic,9.601976249552061,7,0.5833333333333334,0.43149429661011063,0.75,0.41666666666666663,0.8228582911369674,0.24910712450210548,0.0,0.1875,23.812867827601355,20000290
SPT-Periodic,14.748024300146932,10,0.8333333333333334,0.74118907254355,0.9166666666666666,0.16666666666666663,0.8291633334021107,0.2427158305667664,0.0,0.1875,25.2814704211797,20000291
SPT-Periodic,11.28465982898275,8,0.6666666666666666,0.5672246421205701,0.75,0.33333333333333337,0.7978569627691008,0.28705995627028047,0.0,0.1875,23.92913527573348,20000292
SPT-Periodic,12.791284838567263,9,0.75,0.6223811980982854,0.8333333333333334,0.25,0.7782748222156443,0.2644966154971936,0.0,0.1875,22.965342944362025,20000293
SPT-Periodic,9.817360709103433,7,0.5833333333333334,0.4644710159524587,0.75,0.41666666666666663,0.8078085771031963,0.2875266288272309,0.0,0.1875,24.101427754401648,20000294
SPT-Periodic,13.184995754689155,9,0.75,0.6280364418443886,0.8333333333333334,0.25,0.7895432006174209,0.23729073029642875,0.0,0.1875,24.197929334182167,20000295
SPT-Periodic,9.620795352529345,7,0.5833333333333334,0.4415927714390639,0.75,0.41666666666666663,0.8395334649125917,0.277764934805283,0.0,0.1875,24.115091099111016,20000296
SPT-Periodic,10.555155883475338,8,0.6666666666666666,0.4810213804269275,0.8333333333333334,0.33333333333333337,0.7628953651520632,0.2641304370169348,0.0,0.1875,22.67301065658511,20000297
SPT-Periodic,10.85708569216763,8,0.6666666666666666,0.5171543697421006,0.75,0.33333333333333337,0.8001886317302892,0.2660299785587982,0.0,0.1875,23.09579504803418,20000298
SPT-Periodic,10.693133212680134,8,0.6666666666666666,0.44857143672141375,0.9166666666666666,0.33333333333333337,0.8021143827110127,0.23989242764126872,0.0,0.1875,23.28159568843365,20000299
SPT-Periodic,11.801135063220997,8,0.6666666666666666,0.5579619991983538,0.75,0.33333333333333337,0.8496739973091924,0.28160475172520955,0.0,0.1875,24.544745125753465,20000300
SPT-Periodic,14.77106996971704,10,0.8333333333333334,0.7246974777084646,0.9166666666666666,0.16666666666666663,0.8441666259805807,0.2568422755084727,0.0,0.1875,25.472803474424015,20000301
SPT-Periodic,11.845923479072306,8,0.6666666666666666,0.5616721577736139,0.75,0.33333333333333337,0.7785033354242982,0.26520199793198823,0.0,0.1875,23.60984568644629,20000302
SPT-Periodic,10.05937413960411,7,0.5833333333333334,0.48314553922262704,0.9166666666666666,0.41666666666666663,0.8143130142375458,0.2607968517104762,0.0,0.1875,25.394345507864298,20000303
SPT-Periodic,17.046988191420272,11,0.9166666666666666,0.8993225937310327,1.0,0.08333333333333337,0.8772165063686584,0.22905246385271769,0.0,0.1875,26.308184158709544,20000304
SPT-Periodic,12.802658443148383,9,0.75,0.6548382686683506,0.9166666666666666,0.25,0.8458245709546146,0.20087460408175437,0.0,0.1875,24.686486227842465,20000305
SPT-Periodic,14.604538481523866,10,0.8333333333333334,0.6977029879231809,0.9166666666666666,0.16666666666666663,0.8209950354450445,0.2251219299966413,0.0,0.1875,24.98051542689884,20000306
SPT-Periodic,12.667857159219201,9,0.75,0.6243007937132935,0.75,0.25,0.7911356739029252,0.2773090665141463,0.0,0.1875,23.158610622470025,20000307
SPT-Periodic,13.636115447895273,9,0.75,0.6288436219779537,0.8333333333333334,0.25,0.8589744330586417,0.27205681995839187,0.0,0.1875,25.142751014964503,20000308
SPT-Periodic,11.896785224781251,8,0.6666666666666666,0.5706219981695612,0.75,0.33333333333333337,0.8527320185307005,0.30170329650348005,0.0,0.1875,23.86905597494068,20000309
SPT-Periodic,14.350152837676728,10,0.8333333333333334,0.7254845942423319,0.9166666666666666,0.16666666666666663,0.8347758975025288,0.25293181390134756,0.0,0.1875,25.497103592584782,20000310
SPT-Periodic,10.983837805074344,8,0.6666666666666666,0.5089903279733133,0.8333333333333334,0.33333333333333337,0.8024105698414837,0.2613328714617339,0.0,0.1875,23.492925286857062,20000311
SPT-Periodic,13.116049290895807,9,0.75,0.6194896562592949,0.8333333333333334,0.25,0.803501752802413,0.24261314219694827,0.0,0.1875,25.028737112413207,20000312
SPT-Periodic,11.713699061040908,8,0.6666666666666666,0.5337317904687405,0.8333333333333334,0.33333333333333337,0.8520168016742907,0.2741758669020844,0.0,0.1875,24.370183278882465,20000313
SPT-Periodic,12.822139930085726,9,0.75,0.6151103606027896,0.8333333333333334,0.25,0.8167843073643132,0.2597504293683873,0.0,0.1875,23.508642628504226,20000314
SPT-Periodic,11.1907296128787,8,0.6666666666666666,0.4973831307783105,0.8333333333333334,0.33333333333333337,0.8250897927273657,0.2798169429899548,0.0,0.1875,23.441746719321713,20000315
SPT-Periodic,9.45141462613354,7,0.5833333333333334,0.4694860039915692,0.6666666666666666,0.41666666666666663,0.7987880402715734,0.30324722722326497,0.0,0.1875,22.755384689814182,20000316
SPT-Periodic,13.63759464192741,9,0.75,0.6453480105640452,0.9166666666666666,0.25,0.8433327625966794,0.256121462887271,0.0,0.1875,26.637497638952578,20000317
SPT-Periodic,9.834985081658353,7,0.5833333333333334,0.47769093577969635,0.75,0.41666666666666663,0.8288862072315553,0.2898542093511817,0.0,0.1875,23.158459632812843,20000318
SPT-Periodic,9.999950850879326,7,0.5833333333333334,0.4916722312594497,0.75,0.41666666666666663,0.8067843860317293,0.30195318020352935,0.0,0.1875,23.965892872868476,20000319
SPT-Periodic,13.61383611488848,9,0.75,0.6548013247559447,0.75,0.25,0.7942137597867154,0.2691459371582241,0.0,0.1875,23.29593125958314,20000320
SPT-Periodic,16.67667837129565,11,0.9166666666666666,0.8562878613321081,0.9166666666666666,0.08333333333333337,0.8343995424832071,0.22533494868950146,0.0,0.1875,25.27784886399488,20000321
SPT-Periodic,11.467044566634403,8,0.6666666666666666,0.5522888958952052,0.75,0.33333333333333337,0.7872307131683621,0.2553013014284675,0.0,0.1875,22.541072017799113,20000322
SPT-Periodic,8.036092641094545,6,0.5,0.409321306943568,0.75,0.5,0.8225675520124761,0.2645280685542313,0.0,0.1875,23.91368632920621,20000323
SPT-Periodic,12.065986818284578,8,0.6666666666666666,0.5959052255146206,0.8333333333333334,0.33333333333333337,0.862656796688468,0.25977537034540255,0.0,0.1875,25.93354829596729,20000324
SPT-Periodic,13.258705325697703,9,0.75,0.6214747940289866,0.9166666666666666,0.25,0.853629711786614,0.23652651142365108,0.0,0.1875,25.234128756739086,20000325
SPT-Periodic,11.6880791103761,8,0.6666666666666666,0.594063916148379,0.6666666666666666,0.33333333333333337,0.7765954542826484,0.3139043351016951,0.0,0.1875,21.847286198204547,20000326
SPT-Periodic,12.935085433491373,9,0.75,0.6100879519092697,0.8333333333333334,0.25,0.811184133295532,0.22099406019930265,0.0,0.1875,24.021951999191394,20000327
SPT-Periodic,13.221226156557021,9,0.75,0.6122801820908391,0.8333333333333334,0.25,0.8406261070395499,0.2726142876828021,0.0,0.1875,24.256582842690012,20000328
SPT-Periodic,11.424068578288432,8,0.6666666666666666,0.5483443693991289,0.75,0.33333333333333337,0.786599858132432,0.29943607384481424,0.0,0.1875,23.669586974629215,20000329
SPT-Periodic,13.095312996777496,9,0.75,0.6314914055749848,0.8333333333333334,0.25,0.8054887772338505,0.23317930692634495,0.0,0.1875,24.00480442815223,20000330
SPT-Periodic,12.947095039706578,9,0.75,0.6204120714928565,0.9166666666666666,0.25,0.8969332064789034,0.26885960184424307,0.0,0.1875,26.720205498875227,20000331
SPT-Periodic,11.376422913639523,8,0.6666666666666666,0.48192956005046156,0.9166666666666666,0.33333333333333337,0.8327109535710178,0.21948635991520504,0.0,0.1875,24.58113354073818,20000332
SPT-Periodic,10.809207809650216,8,0.6666666666666666,0.49822984038906537,0.8333333333333334,0.33333333333333337,0.7925003600212985,0.2532620247302655,0.0,0.1875,22.87253340485349,20000333
SPT-Periodic,11.628573460272756,8,0.6666666666666666,0.5788204807133247,0.75,0.33333333333333337,0.7815552541518329,0.2692025919359757,0.0,0.1875,22.529129008920577,20000334
SPT-Periodic,13.25114935806751,9,0.75,0.6522795961674056,0.8333333333333334,0.25,0.7900392163350359,0.26522269688458494,0.0,0.1875,23.530739027496136,20000335
SPT-Periodic,11.245994550977017,8,0.6666666666666666,0.5277233331221927,0.75,0.33333333333333337,0.8573564481729696,0.3045322676070257,0.0,0.1875,24.838278404436878,20000336
SPT-Periodic,11.124005882060489,8,0.6666666666666666,0.5344478806385173,0.75,0.33333333333333337,0.8375038053413215,0.27890898238174205,0.0,0.1875,23.782012737261425,20000337
SPT-Periodic,17.14172067004947,11,0.9166666666666666,0.8588280477401384,0.9166666666666666,0.08333333333333337,0.8620162461536637,0.2302559656480334,0.0,0.1875,25.783926670058996,20000338
SPT-Periodic,14.783228028343775,10,0.8333333333333334,0.7313619783008846,0.8333333333333334,0.16666666666666663,0.8389688663462378,0.255998054723153,0.0,0.1875,25.092046039799385,20000339
SPT-Periodic,12.982792724870082,9,0.75,0.6478732987698775,0.75,0.25,0.7487273911618116,0.29262731882226334,0.0,0.1875,21.726145291071497,20000340
SPT-Periodic,12.978718024320317,9,0.75,0.6190377058252131,0.8333333333333334,0.25,0.8467459901977424,0.2700521411041985,0.0,0.1875,25.209791370438257,20000341
SPT-Periodic,16.519628371860126,11,0.9166666666666666,0.857141204017393,0.9166666666666666,0.08333333333333337,0.8331652799858528,0.2716065898891978,0.0,0.1875,24.784131509770653,20000342
SPT-Periodic,11.34164778116951,8,0.6666666666666666,0.5474329592257798,0.75,0.33333333333333337,0.786989421770716,0.25757818362217066,0.0,0.1875,23.793165563027166,20000343
SPT-Periodic,14.956410922360444,10,0.8333333333333334,0.7394956451635254,0.8333333333333334,0.16666666666666663,0.768017911738634,0.2565439226916814,0.0,0.1875,23.36144690776949,20000344
SPT-Periodic,11.927218537811402,8,0.6666666666666666,0.5729090928700041,0.75,0.33333333333333337,0.8132360600756255,0.27476519155374934,0.0,0.1875,24.078212400521135,20000345
SPT-Periodic,9.28982404642806,7,0.5833333333333334,0.4451764583287171,0.75,0.41666666666666663,0.7654350655458035,0.2680520663737817,0.0,0.1875,22.800976987095005,20000346
SPT-Periodic,9.970832565440263,7,0.5833333333333334,0.4819107495017886,0.8333333333333334,0.41666666666666663,0.8419110052045529,0.2696908746685163,0.0,0.1875,23.924026355342594,20000347
SPT-Periodic,12.040228009314747,8,0.6666666666666666,0.5472845659133292,0.8333333333333334,0.33333333333333337,0.8531471150938118,0.26774428546242784,0.0,0.1875,25.084495601541132,20000348
SPT-Periodic,14.886215380466272,10,0.8333333333333334,0.7182085894177094,1.0,0.16666666666666663,0.8816204791840015,0.21794109002286213,0.0,0.1875,25.682901807159954,20000349
SPT-Periodic,9.746940595530251,7,0.5833333333333334,0.47420034605826333,0.75,0.41666666666666663,0.8346059113936747,0.28694425631967624,0.0,0.1875,23.158780537867976,20000350
SPT-Periodic,13.594394500204425,9,0.75,0.654051631137752,0.8333333333333334,0.25,0.841383655067291,0.2572394811445921,0.0,0.1875,24.125560677011627,20000351
SPT-Periodic,11.0970925931379,8,0.6666666666666666,0.5329963784892109,0.8333333333333334,0.33333333333333337,0.80306171722246,0.24820433906157277,0.0,0.1875,24.043991868917722,20000352
SPT-Periodic,11.268777973664927,8,0.6666666666666666,0.5255290636126706,0.75,0.33333333333333337,0.8314888787884245,0.24559546175230582,0.0,0.1875,23.973446629148974,20000353
SPT-Periodic,12.994410030245797,9,0.75,0.6300918168363118,0.8333333333333334,0.25,0.7717196545182136,0.2410557739847905,0.0,0.1875,24.67673779564255,20000354
SPT-Periodic,14.710283121515461,10,0.8333333333333334,0.7294566370797299,0.9166666666666666,0.16666666666666663,0.8319875840670962,0.24525371309971353,0.0,0.1875,24.628155776908656,20000355
SPT-Periodic,13.01800325081727,9,0.75,0.6290093512568393,0.8333333333333334,0.25,0.8461843712134972,0.25625953801971074,0.0,0.1875,24.54346208016346,20000356
SPT-Periodic,12.801619088085895,9,0.75,0.6503260680222743,0.75,0.25,0.7989786368183429,0.2746827071219367,0.0,0.1875,23.552852530970718,20000357
SPT-Periodic,16.35114819412522,11,0.9166666666666666,0.8430214131776023,1.0,0.08333333333333337,0.8427586787943513,0.20915279995717287,0.0,0.1875,24.9849175129208,20000358
SPT-Periodic,16.88153989719905,11,0.9166666666666666,0.8516504870981056,0.9166666666666666,0.08333333333333337,0.8716951622844293,0.23406597601874193,0.0,0.1875,26.567968708426253,20000359
SPT-Periodic,12.6474872827951,9,0.75,0.6075503639241306,0.8333333333333334,0.25,0.783857659248835,0.2401303458889271,0.0,0.1875,23.469111111032124,20000360
SPT-Periodic,7.9455572203444955,6,0.5,0.36558605149743956,0.75,0.5,0.8302359832748959,0.25039066614086497,0.0,0.1875,23.869884128964753,20000361
SPT-Periodic,12.90705236634537,9,0.75,0.6392018704969757,0.75,0.25,0.8054946003030915,0.28937148215789443,0.0,0.1875,23.123077946391888,20000362
SPT-Periodic,11.155235381724873,8,0.6666666666666666,0.5605824473700962,0.6666666666666666,0.33333333333333337,0.7850941466906672,0.3032532325586162,0.0,0.1875,22.440932117713377,20000363
SPT-Periodic,7.205620829085811,6,0.5,0.3522021678431081,0.6666666666666666,0.5,0.7551927302338051,0.26190750442879146,0.0,0.1875,21.41141836660405,20000364
SPT-Periodic,10.999010328166422,8,0.6666666666666666,0.5453559085172559,0.6666666666666666,0.33333333333333337,0.7389467246644738,0.25568867307055415,0.0,0.1875,22.18170988720027,20000365
SPT-Periodic,14.222504386928566,9,0.75,0.6766426850138642,0.75,0.25,0.8246094706749979,0.292117081614406,0.0,0.1875,24.364009122644312,20000366
SPT-Periodic,13.078738550608664,9,0.75,0.6052972565214684,0.8333333333333334,0.25,0.8454681475799508,0.23719947831429225,0.0,0.1875,24.789513394965525,20000367
SPT-Periodic,12.762486454329785,9,0.75,0.6467157484623461,0.8333333333333334,0.25,0.7981879094680572,0.2526340417439528,0.0,0.1875,24.045805874855443,20000368
SPT-Periodic,13.543532668534304,9,0.75,0.6624025891546401,0.75,0.25,0.829107568934219,0.3143899757267529,0.0,0.1875,24.78113264457767,20000369
SPT-Periodic,12.657786466734605,9,0.75,0.6091335667704983,0.8333333333333334,0.25,0.7681592495738525,0.2609670584383428,0.0,0.1875,23.03462461206518,20000370
SPT-Periodic,12.875908032462556,9,0.75,0.6235122182376516,0.75,0.25,0.8272493102842856,0.2767270239663489,0.0,0.1875,24.01893204359095,20000371
SPT-Periodic,9.415421240323964,7,0.5833333333333334,0.467989322558728,0.6666666666666666,0.41666666666666663,0.7782074535949638,0.2991143392486924,0.0,0.1875,22.86615530864435,20000372
SPT-Periodic,12.498441578162668,9,0.75,0.5669473049992663,0.9166666666666666,0.25,0.8312308790196375,0.23310148147932952,0.0,0.1875,24.18039874161504,20000373
SPT-Periodic,12.986456959264487,9,0.75,0.6248450649066877,0.8333333333333334,0.25,0.8115577688706802,0.25857757467834513,0.0,0.1875,24.52625105075343,20000374
SPT-Periodic,11.748818400567737,8,0.6666666666666666,0.5558482135747256,0.8333333333333334,0.33333333333333337,0.8790610144333337,0.2570292415064594,0.0,0.1875,25.739182546083914,20000375
SPT-Periodic,12.446736537576914,9,0.75,0.5808699523986803,0.8333333333333334,0.25,0.7778449725605651,0.23608882145815827,0.0,0.1875,23.54059096431591,20000376
SPT-Periodic,8.754273874933864,7,0.5833333333333334,0.3986097662268358,0.75,0.41666666666666663,0.7608712386821578,0.25970950608298743,0.0,0.1875,22.58255994740844,20000377
SPT-Periodic,9.356926358217425,7,0.5833333333333334,0.4379977258634766,0.75,0.41666666666666663,0.8038117356066518,0.2598792477487683,0.0,0.1875,24.09312617789005,20000378
SPT-Periodic,12.906611877306512,9,0.75,0.5814916690051282,0.9166666666666666,0.25,0.8476854302497827,0.24361509037056825,0.0,0.1875,25.419802342596594,20000379
SPT-Periodic,13.190491670598307,9,0.75,0.5984155390833663,0.9166666666666666,0.25,0.8551609782533084,0.25344558854273325,0.0,0.1875,25.039801178039525,20000380
SPT-Periodic,9.95460086902926,7,0.5833333333333334,0.4552930952223791,0.75,0.41666666666666663,0.8004274853328214,0.26965839735244673,0.0,0.1875,23.53192922447929,20000381
SPT-Periodic,14.242587439273107,10,0.8333333333333334,0.6813536295775539,0.9166666666666666,0.16666666666666663,0.8649236836087697,0.24473776585555337,0.0,0.1875,25.49453541767247,20000382
SPT-Periodic,12.827362810679652,9,0.75,0.6196042438777722,0.8333333333333334,0.25,0.7990134235860286,0.2700335063976435,0.0,0.1875,23.95933340646084,20000383
SPT-Periodic,11.711078635606338,8,0.6666666666666666,0.5528991821031153,0.8333333333333334,0.33333333333333337,0.8235161929335116,0.24840666544820408,0.0,0.1875,24.598007779669665,20000384
SPT-Periodic,10.7849564538522,8,0.6666666666666666,0.47913552198983855,0.8333333333333334,0.33333333333333337,0.7927278337302278,0.2392309523607252,0.0,0.1875,23.017300434963758,20000385
SPT-Periodic,11.606121954882767,8,0.6666666666666666,0.5712253841971899,0.75,0.33333333333333337,0.7900381853119489,0.2695162460450223,0.0,0.1875,22.313174445268196,20000386
SPT-Periodic,15.305971996532215,10,0.8333333333333334,0.7421732474632905,0.9166666666666666,0.16666666666666663,0.8766931405612842,0.23833247247897407,0.0,0.1875,26.266736114796668,20000387
SPT-Periodic,11.246790907702376,8,0.6666666666666666,0.5566886897877744,0.9166666666666666,0.33333333333333337,0.8556414372750828,0.2451585750483988,0.0,0.1875,24.691733192918566,20000388
SPT-Periodic,15.458021299207047,10,0.8333333333333334,0.7295953109410926,0.9166666666666666,0.16666666666666663,0.8855936275290245,0.27151383449896854,0.0,0.1875,26.212739044181756,20000389
SPT-Periodic,13.303817764856653,9,0.75,0.633914602783333,0.8333333333333334,0.25,0.8630208437326737,0.2548407702420783,0.0,0.1875,25.885111049381727,20000390
SPT-Periodic,13.227753837679696,9,0.75,0.6452056696549036,0.9166666666666666,0.25,0.8522114102640965,0.2725929462335351,0.0,0.1875,24.904702061967576,20000391
SPT-Periodic,13.54724217540927,9,0.75,0.6440610512363897,0.9166666666666666,0.25,0.8445913208783841,0.2452037425983178,0.0,0.1875,25.469603704288158,20000392
SPT-Periodic,9.751065935124942,7,0.5833333333333334,0.4823235969524947,0.75,0.41666666666666663,0.8084260687434298,0.2903088864515258,0.0,0.1875,23.598286572675615,20000393
SPT-Periodic,9.751967861914798,7,0.5833333333333334,0.482081281416888,0.6666666666666666,0.41666666666666663,0.7871694099184339,0.2932780003609741,0.0,0.1875,23.698927785007914,20000394
SPT-Periodic,17.217460109844062,11,0.9166666666666666,0.8574932734547723,0.9166666666666666,0.08333333333333337,0.850102218307195,0.269222322154848,0.0,0.1875,25.923704830625155,20000395
SPT-Periodic,12.808871756424967,9,0.75,0.6278857214792278,0.8333333333333334,0.25,0.7744935965610068,0.2319558446355504,0.0,0.1875,23.269999139740452,20000396
SPT-Periodic,14.490248222729592,10,0.8333333333333334,0.71078687318652,0.9166666666666666,0.16666666666666663,0.8454550060848112,0.23972756562659805,0.0,0.1875,24.880282246983317,20000397
SPT-Periodic,14.128448447197577,10,0.8333333333333334,0.693094863981352,0.9166666666666666,0.16666666666666663,0.8445061068306772,0.23628864613551404,0.0,0.1875,25.125357828254984,20000398
SPT-Periodic,12.460495374838663,9,0.75,0.5821955699904618,0.8333333333333334,0.25,0.7796396160196103,0.2601440596620607,0.0,0.1875,22.89390328153564,20000399
SPT-Periodic,10.779449228111437,8,0.6666666666666666,0.5283184993773574,0.8333333333333334,0.33333333333333337,0.7940058796511501,0.25205903692509524,0.0,0.1875,23.232003593888283,20000400
SPT-Periodic,11.531141606517687,8,0.6666666666666666,0.5813150098603233,0.6666666666666666,0.33333333333333337,0.7826013332162741,0.2992147331010447,0.0,0.1875,23.888090528556365,20000401
SPT-Periodic,7.997218079729542,6,0.5,0.3977409805251413,0.6666666666666666,0.5,0.7722021232107386,0.28349172720219307,0.0,0.1875,22.06759230213496,20000402
SPT-Periodic,13.636943384968411,9,0.75,0.6672767303194155,0.75,0.25,0.8012347062526732,0.2874484632073933,0.0,0.1875,22.98433178339371,20000403
SPT-Periodic,13.17779295006373,9,0.75,0.6371239038856882,0.8333333333333334,0.25,0.7832850169730277,0.26754409309999705,0.0,0.1875,23.632960859471623,20000404
SPT-Periodic,9.815878245683972,7,0.5833333333333334,0.5005285480427604,0.6666666666666666,0.41666666666666663,0.7203753818668864,0.27390567869662896,0.0,0.1875,21.15186637480066,20000405
SPT-Periodic,11.432472304002829,8,0.6666666666666666,0.5206391763882205,0.8333333333333334,0.33333333333333337,0.8515128178962161,0.275047645769824,0.0,0.1875,24.642255987421905,20000406
SPT-Periodic,13.224659249518197,9,0.75,0.6343936220375929,0.8333333333333334,0.25,0.8582882663681989,0.26218501549813267,0.0,0.1875,25.102555377129704,20000407
SPT-Periodic,9.159626834312606,7,0.5833333333333334,0.42203856546163143,0.8333333333333334,0.41666666666666663,0.7662504534396453,0.24311045141042,0.0,0.1875,23.96111102507125,20000408
SPT-Periodic,9.461498620455439,7,0.5833333333333334,0.4005464008799572,0.8333333333333334,0.41666666666666663,0.8614467730777773,0.26902665209071885,0.0,0.1875,25.585842086608288,20000409
SPT-Periodic,16.66654145665359,11,0.9166666666666666,0.8442621999120486,0.9166666666666666,0.08333333333333337,0.8194748166702169,0.2334155648286309,0.0,0.1875,25.36786390064439,20000410
SPT-Periodic,13.323103184174252,9,0.75,0.6389473763554254,0.8333333333333334,0.25,0.8153548889463256,0.24194253471069008,0.0,0.1875,25.16326469157505,20000411
SPT-Periodic,11.622622088434369,8,0.6666666666666666,0.6103753087334947,0.75,0.33333333333333337,0.7825257184713941,0.2916932616940306,0.0,0.1875,23.071403268700497,20000412
SPT-Periodic,11.05202785322381,8,0.6666666666666666,0.5571911245841431,0.8333333333333334,0.33333333333333337,0.783133126720679,0.24720998419153115,0.0,0.1875,23.818531010978806,20000413
SPT-Periodic,11.455820112468674,8,0.6666666666666666,0.5476523482521644,0.8333333333333334,0.33333333333333337,0.8087938258303412,0.2733423171302059,0.0,0.1875,24.172849579299168,20000414
SPT-Periodic,13.101707639784848,9,0.75,0.608479560636881,0.8333333333333334,0.25,0.8679845026162116,0.25448262130943294,0.0,0.1875,24.77997878772474,20000415
SPT-Periodic,12.923840149962043,9,0.75,0.6327455331225998,0.8333333333333334,0.25,0.7984549475120293,0.27351819352308576,0.0,0.1875,23.484100139601388,20000416
SPT-Periodic,11.104702842091525,8,0.6666666666666666,0.49279140572141156,0.8333333333333334,0.33333333333333337,0.816760841409447,0.252751291798968,0.0,0.1875,22.820920970772878,20000417
SPT-Periodic,14.622672013389614,10,0.8333333333333334,0.7483886284983456,0.9166666666666666,0.16666666666666663,0.8380766278758188,0.22329789682180504,0.0,0.1875,26.205573610446482,20000418
SPT-Periodic,9.03968233852158,7,0.5833333333333334,0.3961917383455019,0.75,0.41666666666666663,0.7712084685376777,0.28826559967145876,0.0,0.1875,21.97733461298357,20000419
SPT-Periodic,14.469557635710421,10,0.8333333333333334,0.6947725173759026,0.9166666666666666,0.16666666666666663,0.8519372769862601,0.24512239680808812,0.0,0.1875,25.097556922887875,20000420
SPT-Periodic,11.791978268612338,8,0.6666666666666666,0.5723721673472564,0.75,0.33333333333333337,0.7919407328633726,0.29701643491112256,0.0,0.1875,23.287613104071195,20000421
SPT-Periodic,13.072369480789675,9,0.75,0.6515305942279838,0.8333333333333334,0.25,0.7886512544548875,0.2329280839511898,0.0,0.1875,23.571316805091424,20000422
SPT-Periodic,14.354806960725268,10,0.8333333333333334,0.7045706120164547,0.9166666666666666,0.16666666666666663,0.8097250157794709,0.23389566863329636,0.0,0.1875,23.705715643871727,20000423
SPT-Periodic,13.473179289102712,9,0.75,0.6617873701451928,0.8333333333333334,0.25,0.7988905280101714,0.2674286319520926,0.0,0.1875,24.059610310021373,20000424
SPT-Periodic,7.781156521751086,6,0.5,0.3630684207586188,0.75,0.5,0.7813096695021473,0.2789239303985444,0.0,0.1875,22.87201646922404,20000425
SPT-Periodic,12.935717318602283,9,0.75,0.6183858246485167,0.8333333333333334,0.25,0.8390747596590016,0.2738606509080977,0.0,0.1875,23.443524064653502,20000426
SPT-Periodic,14.825624584204213,10,0.8333333333333334,0.7457538841514542,0.8333333333333334,0.16666666666666663,0.8199767626126563,0.25453053475654713,0.0,0.1875,25.255043150571645,20000427
SPT-Periodic,15.566912061371745,10,0.8333333333333334,0.7317906207525001,0.9166666666666666,0.16666666666666663,0.862518631895651,0.24474800426133966,0.0,0.1875,26.26243449610528,20000428
SPT-Periodic,12.408555762343456,9,0.75,0.5678122975403304,0.9166666666666666,0.25,0.8387203718083599,0.2516531989241812,0.0,0.1875,24.78919310711383,20000429
SPT-Periodic,16.08175457218537,11,0.9166666666666666,0.8282289048988517,0.9166666666666666,0.08333333333333337,0.8396714243699842,0.2464481744624544,0.0,0.1875,25.50183519808922,20000430
SPT-Periodic,11.162912559991211,8,0.6666666666666666,0.5510950245648041,0.75,0.33333333333333337,0.8031440366035634,0.2506292626994071,0.0,0.1875,23.35174832383606,20000431
SPT-Periodic,13.410689744347861,9,0.75,0.6506068270847556,0.9166666666666666,0.25,0.8612073570393513,0.2560409281146517,0.0,0.1875,26.310519603541863,20000432
SPT-Periodic,11.63884843938515,8,0.6666666666666666,0.5952397976332341,0.75,0.33333333333333337,0.8334181396626738,0.2945157045599555,0.0,0.1875,24.44410713349307,20000433
SPT-Periodic,12.648378671326146,9,0.75,0.6221253348255817,0.75,0.25,0.8101928509665043,0.2756229404853266,0.0,0.1875,22.765674351701897,20000434
SPT-Periodic,15.53385551110054,10,0.8333333333333334,0.7745973279775983,0.9166666666666666,0.16666666666666663,0.8890698224982388,0.2537527045457629,0.0,0.1875,25.631667919107137,20000435
SPT-Periodic,14.812524761179857,10,0.8333333333333334,0.7038379920950366,0.9166666666666666,0.16666666666666663,0.8691728882920362,0.22761324562591914,0.0,0.1875,26.10079580007388,20000436
SPT-Periodic,13.214552701445335,9,0.75,0.615975829557197,0.9166666666666666,0.25,0.8514192451462966,0.26219645401572184,0.0,0.1875,25.098992821652324,20000437
SPT-Periodic,9.007519695708192,7,0.5833333333333334,0.4164702501725256,0.75,0.41666666666666663,0.7191547010288134,0.25589207169889266,0.0,0.1875,21.635027979994156,20000438
SPT-Periodic,9.878221369465454,7,0.5833333333333334,0.4902689008717992,0.6666666666666666,0.41666666666666663,0.7900217487722093,0.29094491024460817,0.0,0.1875,22.431840849137835,20000439
SPT-Periodic,14.077208940345256,10,0.8333333333333334,0.7244386458996709,0.9166666666666666,0.16666666666666663,0.8094205191066095,0.24329329372951292,0.0,0.1875,23.82317882619502,20000440
SPT-Periodic,8.874566416541661,7,0.5833333333333334,0.42605265629471206,0.6666666666666666,0.41666666666666663,0.7249197774084576,0.29075390069488255,0.0,0.1875,21.05722876891819,20000441
SPT-Periodic,16.413645043455844,11,0.9166666666666666,0.836642871465275,0.9166666666666666,0.08333333333333337,0.8542741696209838,0.24262499754759223,0.0,0.1875,24.73429230462203,20000442
SPT-Periodic,10.029035169589925,7,0.5833333333333334,0.45004627283682613,0.8333333333333334,0.41666666666666663,0.8581037505715109,0.27984669158460607,0.0,0.1875,25.22908610136967,20000443
SPT-Periodic,11.290969435794953,8,0.6666666666666666,0.5456565902740301,0.75,0.33333333333333337,0.7811122010780247,0.26845772321901396,0.0,0.1875,24.20893830550973,20000444
SPT-Periodic,13.151794074597545,9,0.75,0.6348038971823621,0.75,0.25,0.8069848741567109,0.2529711053958947,0.0,0.1875,23.87302930056152,20000445
SPT-Periodic,13.584384334943513,9,0.75,0.6392410417685618,0.8333333333333334,0.25,0.8573554116530967,0.25384355803744346,0.0,0.1875,24.737098495300557,20000446
SPT-Periodic,9.884999654425588,7,0.5833333333333334,0.4812352477580071,0.6666666666666666,0.41666666666666663,0.8206659983271711,0.30040070327782376,0.0,0.1875,23.028002886450373,20000447
SPT-Periodic,13.28717561939625,9,0.75,0.6605679397352004,0.8333333333333334,0.25,0.8528569581238411,0.27935625327111807,0.0,0.1875,25.351425112058482,20000448
SPT-Periodic,14.705362615594108,10,0.8333333333333334,0.7297617045910862,0.8333333333333334,0.16666666666666663,0.8064880374992663,0.23509000071276054,0.0,0.1875,24.197348402670507,20000449
SPT-Periodic,11.598330025130778,8,0.6666666666666666,0.5492833146829599,0.75,0.33333333333333337,0.840575230307282,0.306351796531857,0.0,0.1875,23.809519022504745,20000450
SPT-Periodic,14.708668252630808,10,0.8333333333333334,0.721701257024317,0.8333333333333334,0.16666666666666663,0.8232146776962478,0.25299039638239745,0.0,0.1875,25.137763405834928,20000451
SPT-Periodic,12.047393602430741,8,0.6666666666666666,0.5735882788802543,0.75,0.33333333333333337,0.8448177053268348,0.29321600457651015,0.0,0.1875,24.605263750554695,20000452
SPT-Periodic,9.721166876984803,7,0.5833333333333334,0.49169635037255677,0.6666666666666666,0.41666666666666663,0.7554071127962673,0.3126955475183882,0.0,0.1875,21.144075891385903,20000453
SPT-Periodic,11.14054159352216,8,0.6666666666666666,0.4868264941755349,0.8333333333333334,0.33333333333333337,0.802382438767172,0.2808794107060393,0.0,0.1875,24.17210846919232,20000454
SPT-Periodic,13.020314444913318,9,0.75,0.628073386117217,0.8333333333333334,0.25,0.8362911283194041,0.2651095202901856,0.0,0.1875,24.681534104295835,20000455
SPT-Periodic,10.934349538571333,8,0.6666666666666666,0.5098879479335462,0.8333333333333334,0.33333333333333337,0.821538845058547,0.2603133478705264,0.0,0.1875,23.749284494371988,20000456
SPT-Periodic,6.008791321235726,5,0.4166666666666667,0.29944795854361067,0.6666666666666666,0.5833333333333333,0.7719770294463458,0.2740980000017153,0.0,0.1875,21.82632114008589,20000457
SPT-Periodic,9.757263986615238,7,0.5833333333333334,0.4905608572766069,0.6666666666666666,0.41666666666666663,0.8057295961903903,0.3262411012169795,0.0,0.1875,22.350745249040365,20000458
SPT-Periodic,13.203926565128688,9,0.75,0.6566916024632589,0.8333333333333334,0.25,0.8816215699287344,0.2760959713513296,0.0,0.1875,25.15711855372506,20000459
SPT-Periodic,15.116240190090439,10,0.8333333333333334,0.7488458997153511,0.9166666666666666,0.16666666666666663,0.8591416024361423,0.2358125024039676,0.0,0.1875,26.726016052242663,20000460
SPT-Periodic,12.056619021674669,8,0.6666666666666666,0.5367403725498399,0.8333333333333334,0.33333333333333337,0.8782647675060596,0.2822825315153427,0.0,0.1875,25.39483912586154,20000461
SPT-Periodic,13.34307007789565,9,0.75,0.6439030152677974,0.9166666666666666,0.25,0.868536934295255,0.26379633679095105,0.0,0.1875,26.0849333858893,20000462
SPT-Periodic,9.721489749028951,7,0.5833333333333334,0.4645053178928758,0.75,0.41666666666666663,0.8284713844450647,0.2636391129863636,0.0,0.1875,24.204604168673317,20000463
SPT-Periodic,13.03368334235396,9,0.75,0.6067013057486568,0.8333333333333334,0.25,0.7977911580499718,0.24181180367957902,0.0,0.1875,24.7741528809379,20000464
SPT-Periodic,12.949310973449766,9,0.75,0.6320268809614144,0.8333333333333334,0.25,0.8354614492833307,0.24789117546308384,0.0,0.1875,24.671972428792685,20000465
SPT-Periodic,9.795013101148854,7,0.5833333333333334,0.48852359189070776,0.75,0.41666666666666663,0.7558403627573297,0.2598942813704663,0.0,0.1875,22.379104123976777,20000466
SPT-Periodic,11.29209740384589,8,0.6666666666666666,0.543358412865939,0.9166666666666666,0.33333333333333337,0.7927598691814483,0.2155226343580864,0.0,0.1875,23.82564924923497,20000467
SPT-Periodic,12.312778975913272,9,0.75,0.5779887118587672,0.8333333333333334,0.25,0.7885532213167795,0.24857812790659603,0.0,0.1875,23.371256985052863,20000468
SPT-Periodic,9.069891710613762,7,0.5833333333333334,0.42989781109554065,0.75,0.41666666666666663,0.7782616937465058,0.2691436681368701,0.0,0.1875,22.446499230794316,20000469
SPT-Periodic,14.325228947213349,10,0.8333333333333334,0.7498943693400417,0.9166666666666666,0.16666666666666663,0.8007227308712346,0.25089351221900985,0.0,0.1875,24.216667029787963,20000470
SPT-Periodic,13.39562753280988,9,0.75,0.6450315493186644,0.8333333333333334,0.25,0.8776393729644795,0.26061330823883183,0.0,0.1875,24.81632211720019,20000471
SPT-Periodic,13.459455534994694,9,0.75,0.6367439273216885,0.8333333333333334,0.25,0.8208676400273123,0.25210602184228414,0.0,0.1875,24.03382968166042,20000472
SPT-Periodic,13.078478610956557,9,0.75,0.5914769778743302,0.9166666666666666,0.25,0.8492428263640738,0.240424825999217,0.0,0.1875,25.78823303039629,20000473
SPT-Periodic,15.41136790019323,10,0.8333333333333334,0.7488224608008338,0.8333333333333334,0.16666666666666663,0.8411134999665122,0.25857747684950133,0.0,0.1875,24.084668472878008,20000474
SPT-Periodic,15.435722984828752,10,0.8333333333333334,0.7417555353780194,0.8333333333333334,0.16666666666666663,0.8560229387111545,0.25889472758529036,0.0,0.1875,24.63240028168386,20000475
SPT-Periodic,14.237863722979926,10,0.8333333333333334,0.7437862519292312,0.8333333333333334,0.16666666666666663,0.7838715228858466,0.24923741376813494,0.0,0.1875,21.961641257780716,20000476
SPT-Periodic,12.951858080352187,9,0.75,0.639279345308639,0.75,0.25,0.8085014992211136,0.25336936045747843,0.0,0.1875,23.8257645213186,20000477
SPT-Periodic,11.51995202920521,8,0.6666666666666666,0.5553233600785775,0.75,0.33333333333333337,0.8332743952926402,0.27145759209371945,0.0,0.1875,25.00062434427427,20000478
SPT-Periodic,9.309342714984542,7,0.5833333333333334,0.4213280732159287,0.75,0.41666666666666663,0.7915440080029795,0.2578296977362216,0.0,0.1875,23.600676519429904,20000479
SPT-Periodic,13.845031494424072,9,0.75,0.652978624719935,0.8333333333333334,0.25,0.8628939220193471,0.3007436436081932,0.0,0.1875,25.972951219619766,20000480
SPT-Periodic,9.8412399105893,7,0.5833333333333334,0.4562035017548192,0.9166666666666666,0.41666666666666663,0.8247124604621935,0.21656893954608325,0.0,0.1875,24.254993047965655,20000481
SPT-Periodic,9.861100561522258,7,0.5833333333333334,0.4485230257218036,0.75,0.41666666666666663,0.8152150349898805,0.28048993118630106,0.0,0.1875,23.45058340438863,20000482
SPT-Periodic,15.200522434974273,10,0.8333333333333334,0.7609912549122545,0.9166666666666666,0.16666666666666663,0.8406791625530093,0.2278837256649976,0.0,0.1875,25.34657595929616,20000483
SPT-Periodic,9.787814501519735,7,0.5833333333333334,0.4702303239816619,0.75,0.41666666666666663,0.7883242886624707,0.2923072583961456,0.0,0.1875,23.43387516744845,20000484
SPT-Periodic,12.69124024951631,9,0.75,0.62178294865307,0.75,0.25,0.7532891659028879,0.2551683063978915,0.0,0.1875,23.09698266653628,20000485
SPT-Periodic,13.095055472474177,9,0.75,0.6500486029294893,0.8333333333333334,0.25,0.8084350837401965,0.27473022073351466,0.0,0.1875,23.86626417107969,20000486
SPT-Periodic,11.657463338818106,8,0.6666666666666666,0.5433838246640669,0.8333333333333334,0.33333333333333337,0.8293191189190035,0.2544362393674319,0.0,0.1875,25.649726368235847,20000487
SPT-Periodic,12.97926390169633,9,0.75,0.6222601955541257,0.75,0.25,0.8231873954936638,0.24948453814098734,0.0,0.1875,23.85923582737785,20000488
SPT-Periodic,11.223430640655586,8,0.6666666666666666,0.5335970960846969,0.75,0.33333333333333337,0.8061537968620156,0.2702851914147241,0.0,0.1875,23.728379435091075,20000489
SPT-Periodic,14.657362324209034,10,0.8333333333333334,0.7157449905890214,0.8333333333333334,0.16666666666666663,0.8144484548673306,0.2599047845805649,0.0,0.1875,23.809442268288972,20000490
SPT-Periodic,13.169341523772568,9,0.75,0.6446964420891549,0.75,0.25,0.776733088929094,0.2887482879563808,0.0,0.1875,22.99969918736241,20000491
SPT-Periodic,13.003401420907377,9,0.75,0.6254401703357457,0.8333333333333334,0.25,0.8179131783463114,0.2841371463573994,0.0,0.1875,24.38268943554957,20000492
SPT-Periodic,9.296339909136249,7,0.5833333333333334,0.43558252794572294,0.75,0.41666666666666663,0.7843547097887016,0.2882204674049824,0.0,0.1875,23.351276397830286,20000493
SPT-Periodic,12.902255258997497,9,0.75,0.6398687112271697,0.8333333333333334,0.25,0.8228100930636093,0.25766105452196925,0.0,0.1875,23.806671875417425,20000494
SPT-Periodic,11.066533280750688,8,0.6666666666666666,0.5426988896470966,0.75,0.33333333333333337,0.7654489065883929,0.2760316229332079,0.0,0.1875,23.020826487413093,20000495
SPT-Periodic,13.382393381463814,9,0.75,0.6464138983854602,0.9166666666666666,0.25,0.8845705808118748,0.21765601042111804,0.0,0.1875,25.98405438104925,20000496
SPT-Periodic,14.412410384912407,10,0.8333333333333334,0.7319738570352484,0.8333333333333334,0.16666666666666663,0.7823988004955088,0.2631242427493234,0.0,0.1875,22.572980355117885,20000497
SPT-Periodic,9.497605434827616,7,0.5833333333333334,0.46985522521629947,0.75,0.41666666666666663,0.7777693729362579,0.2709100067852522,0.0,0.1875,23.339661156618916,20000498
SPT-Periodic,12.660416676417702,9,0.75,0.6266260354539724,0.75,0.25,0.7713025465046446,0.2740964431027298,0.0,0.1875,23.383496523363753,20000499
SPT-Threshold,14.470326533747027,10,0.8333333333333334,0.7265930654320614,0.8333333333333334,0.16666666666666663,0.8184743383994219,0.3103985928446529,0.0,0.16666666666666666,24.4683959729188,20000000
SPT-Threshold,14.839428993960045,10,0.8333333333333334,0.7297928770005953,0.8333333333333334,0.16666666666666663,0.8473893180980362,0.264874542589654,0.0,0.16666666666666666,25.709815743467637,20000001
SPT-Threshold,12.846053053204798,9,0.75,0.6384771204178709,0.8333333333333334,0.25,0.8617176351691956,0.33456663158501837,0.0,0.14583333333333334,25.065353835675886,20000002
SPT-Threshold,15.268532756304243,10,0.8333333333333334,0.7441562408070357,0.9166666666666666,0.16666666666666663,0.8260089979782332,0.22432784674343945,0.0,0.20833333333333334,25.334176163301894,20000003
SPT-Threshold,15.086886269672773,10,0.8333333333333334,0.7245283874309036,0.9166666666666666,0.16666666666666663,0.8145868616562083,0.18936375610241188,0.0,0.20833333333333334,25.088967980721012,20000004
SPT-Threshold,9.364079080590425,7,0.5833333333333334,0.4773618121384035,0.75,0.41666666666666663,0.7874088138136927,0.28583949537327885,0.0,0.16666666666666666,23.68248132890839,20000005
SPT-Threshold,9.818701766329502,7,0.5833333333333334,0.4674437175432769,0.75,0.41666666666666663,0.8157549815348409,0.2800899772085796,0.0,0.1875,23.48316888436659,20000006
SPT-Threshold,9.013776304797833,7,0.5833333333333334,0.3954788957597975,0.75,0.41666666666666663,0.8005633701261331,0.2651092207744378,0.0,0.20833333333333334,22.974941952134287,20000007
SPT-Threshold,11.68074980385783,8,0.6666666666666666,0.5558190599760571,0.75,0.33333333333333337,0.7853524493170608,0.24286780298022792,0.0,0.20833333333333334,23.44882140018987,20000008
SPT-Threshold,9.20859998849216,7,0.5833333333333334,0.4575069473326683,0.75,0.41666666666666663,0.8022140700555699,0.26264826149359893,0.0,0.22916666666666666,22.813022328119594,20000009
SPT-Threshold,9.500397376040974,7,0.5833333333333334,0.4299865229985015,0.75,0.41666666666666663,0.797454027539476,0.23301292481484107,0.0,0.20833333333333334,23.595593269277817,20000010
SPT-Threshold,13.023241067483443,9,0.75,0.6678383719696867,0.9166666666666666,0.25,0.8159389609633484,0.2687676922199513,0.0,0.1875,24.23990603863769,20000011
SPT-Threshold,10.572577006891542,8,0.6666666666666666,0.45925979800858796,0.8333333333333334,0.33333333333333337,0.8215516714254631,0.29185461953600106,0.0,0.16666666666666666,24.761502323182786,20000012
SPT-Threshold,13.466827174868639,9,0.75,0.6477280711645282,0.8333333333333334,0.25,0.8200770833568828,0.2344215299408767,0.0,0.20833333333333334,24.204963465376164,20000013
SPT-Threshold,9.074697221396148,7,0.5833333333333334,0.462374473146647,0.75,0.41666666666666663,0.7692535263127036,0.29514341350183365,0.0,0.16666666666666666,22.346217564149665,20000014
SPT-Threshold,15.310054200456166,10,0.8333333333333334,0.7510031651707554,0.9166666666666666,0.16666666666666663,0.8551787595687879,0.34016388560593497,0.0,0.125,26.696964667998845,20000015
SPT-Threshold,14.561572078907218,10,0.8333333333333334,0.7332889063787638,0.8333333333333334,0.16666666666666663,0.7924612861915866,0.23918450528195048,0.0,0.22916666666666666,22.721607002216214,20000016
SPT-Threshold,11.183898808959317,8,0.6666666666666666,0.5638217378640892,0.8333333333333334,0.33333333333333337,0.7982634753150002,0.23869880160226167,0.0,0.22916666666666666,23.560641848343298,20000017
SPT-Threshold,10.126891934935065,7,0.5833333333333334,0.5170241704464686,0.75,0.41666666666666663,0.8068969293667535,0.3483980773256879,0.0,0.16666666666666666,24.10134746357965,20000018
SPT-Threshold,14.917410909220626,10,0.8333333333333334,0.7303747128313246,0.9166666666666666,0.16666666666666663,0.8484174207292728,0.29881333146581107,0.0,0.125,26.54117931104841,20000019
SPT-Threshold,9.741921590027646,7,0.5833333333333334,0.4171760025102818,0.8333333333333334,0.41666666666666663,0.8351951831683658,0.23825019276075352,0.0,0.22916666666666666,23.459478759660016,20000020
SPT-Threshold,12.890504729056715,9,0.75,0.64440025454073,0.9166666666666666,0.25,0.795512983711879,0.24236209054786473,0.0,0.16666666666666666,24.44555403816795,20000021
SPT-Threshold,13.015903684477307,9,0.75,0.6105712827148457,0.8333333333333334,0.25,0.792978861789203,0.21033527618342265,0.0,0.22916666666666666,22.97233193195288,20000022
SPT-Threshold,12.907402521491314,9,0.75,0.6490611342371965,0.75,0.25,0.8150307997311476,0.2809278033883536,0.0,0.1875,23.413953857386385,20000023
SPT-Threshold,14.806515749382285,10,0.8333333333333334,0.7508914614568944,0.8333333333333334,0.16666666666666663,0.8597072204646201,0.29390091298304094,0.0,0.14583333333333334,25.76970982619399,20000024
SPT-Threshold,11.554239915318535,8,0.6666666666666666,0.571809895580389,0.75,0.33333333333333337,0.8114004785879826,0.2940752909932491,0.0,0.20833333333333334,23.869148954845283,20000025
SPT-Threshold,14.394070451069984,10,0.8333333333333334,0.7205485742193348,0.9166666666666666,0.16666666666666663,0.7933963599685722,0.3085208404593081,0.0,0.125,24.402515073971987,20000026
SPT-Threshold,14.541130201349741,10,0.8333333333333334,0.719780189323428,0.8333333333333334,0.16666666666666663,0.8171004552452655,0.24427245917580942,0.0,0.1875,23.8323098576086,20000027
SPT-Threshold,13.23060474455073,9,0.75,0.6618116827141834,0.9166666666666666,0.25,0.8229064860188479,0.24077462435198804,0.0,0.1875,24.431188328892464,20000028
SPT-Threshold,14.556471022529543,10,0.8333333333333334,0.6924306275656229,0.9166666666666666,0.16666666666666663,0.7870420204249812,0.23077523966133304,0.0,0.1875,24.03615766809235,20000029
SPT-Threshold,10.295827855064886,7,0.5833333333333334,0.5019395339517875,0.6666666666666666,0.41666666666666663,0.7827271282421453,0.23950275295918413,0.0,0.25,22.136864771574146,20000030
SPT-Threshold,11.363554021854572,8,0.6666666666666666,0.5777347623113102,0.75,0.33333333333333337,0.8007428011725036,0.28595549866574604,0.0,0.16666666666666666,24.078795617824007,20000031
SPT-Threshold,11.198193518637602,8,0.6666666666666666,0.5473832035172643,0.8333333333333334,0.33333333333333337,0.822596503838613,0.3072022980248817,0.0,0.16666666666666666,24.542435007390978,20000032
SPT-Threshold,11.144334663712426,8,0.6666666666666666,0.5251752056995722,0.75,0.33333333333333337,0.8385986341017876,0.27346132485616653,0.0,0.20833333333333334,24.019559900849167,20000033
SPT-Threshold,13.091543829987028,9,0.75,0.6181091050882082,0.8333333333333334,0.25,0.786131980144097,0.24824239404222648,0.0,0.1875,23.769709291214067,20000034
SPT-Threshold,12.928237252674633,9,0.75,0.6242622730944332,0.8333333333333334,0.25,0.7913539265907268,0.2843819731699388,0.0,0.1875,23.77879561604227,20000035
SPT-Threshold,15.889027277492492,11,0.9166666666666666,0.8312466047947481,0.9166666666666666,0.08333333333333337,0.8135890250321219,0.22462493699186778,0.0,0.16666666666666666,25.37651597612127,20000036
SPT-Threshold,11.320846641810746,8,0.6666666666666666,0.5680891989410942,0.75,0.33333333333333337,0.8208386119749701,0.3229684216212305,0.0,0.14583333333333334,24.700847848989525,20000037
SPT-Threshold,12.668435074911683,9,0.75,0.6162550224034812,0.8333333333333334,0.25,0.7890609222173985,0.26571260923029,0.0,0.16666666666666666,24.11179890170054,20000038
SPT-Threshold,13.787221630806776,9,0.75,0.6838193352457099,0.8333333333333334,0.25,0.8185169500597933,0.24861117133173086,0.0,0.20833333333333334,24.320542662712622,20000039
SPT-Threshold,9.949533849363146,7,0.5833333333333334,0.46934160397852,0.6666666666666666,0.41666666666666663,0.8369086502655808,0.22136606254999106,0.0,0.2708333333333333,22.516665186173302,20000040
SPT-Threshold,13.434267528440323,9,0.75,0.6080376190668283,0.9166666666666666,0.25,0.8350002325036074,0.29662736258559147,0.0,0.125,26.575808267634187,20000041
SPT-Threshold,12.58011623086931,9,0.75,0.6081084097535643,0.8333333333333334,0.25,0.7985647259355959,0.30265604571888277,0.0,0.14583333333333334,24.74434333203067,20000042
SPT-Threshold,12.946625396848216,9,0.75,0.6384657074234188,0.8333333333333334,0.25,0.8117014351157525,0.227334462306231,0.0,0.1875,24.787239391525354,20000043
SPT-Threshold,7.9170733105058195,6,0.5,0.41786684365446153,0.75,0.5,0.8012252904584712,0.2922468595549881,0.0,0.1875,22.594666141560527,20000044
SPT-Threshold,11.39620471022135,8,0.6666666666666666,0.5653757598208055,0.6666666666666666,0.33333333333333337,0.7956539927549676,0.24527602115500813,0.0,0.25,22.44885110375122,20000045
SPT-Threshold,7.706016087479151,6,0.5,0.36507702417126947,0.75,0.5,0.7916553431679835,0.2777157887983421,0.0,0.25,22.276957351540485,20000046
SPT-Threshold,16.178680087126775,11,0.9166666666666666,0.842666004513588,0.9166666666666666,0.08333333333333337,0.7927656181388215,0.22873032842873933,0.0,0.1875,23.830810370061233,20000047
SPT-Threshold,11.627677013421412,8,0.6666666666666666,0.5542079811039705,0.8333333333333334,0.33333333333333337,0.7953795990842076,0.2506535841586967,0.0,0.22916666666666666,23.68377213341048,20000048
SPT-Threshold,14.346811322322216,10,0.8333333333333334,0.7336753465100263,0.8333333333333334,0.16666666666666663,0.7779230634497396,0.2559609083265368,0.0,0.14583333333333334,24.29789011925752,20000049
SPT-Threshold,12.819783248007237,9,0.75,0.5997988631372276,0.8333333333333334,0.25,0.7983489606423398,0.23555513411630832,0.0,0.16666666666666666,25.064489319337802,20000050
SPT-Threshold,11.592798415797246,8,0.6666666666666666,0.5331911874683997,0.8333333333333334,0.33333333333333337,0.8379863547880909,0.2614939617491969,0.0,0.20833333333333334,24.63374240565983,20000051
SPT-Threshold,9.79477749550845,7,0.5833333333333334,0.47010090685647676,0.8333333333333334,0.41666666666666663,0.8152625745033485,0.286489879586966,0.0,0.1875,23.724299247459992,20000052
SPT-Threshold,13.20937266646003,9,0.75,0.6446965594983403,0.9166666666666666,0.25,0.8085538991878947,0.28662439386533967,0.0,0.14583333333333334,25.75220570586884,20000053
SPT-Threshold,14.548199861246799,10,0.8333333333333334,0.7340783494206271,0.8333333333333334,0.16666666666666663,0.7953710097541918,0.29526366371030915,0.0,0.14583333333333334,24.74250856292224,20000054
SPT-Threshold,9.345837959415876,7,0.5833333333333334,0.41459790825273696,0.8333333333333334,0.41666666666666663,0.8333044032575251,0.2832921859061707,0.0,0.16666666666666666,24.68204335288337,20000055
SPT-Threshold,12.89876023408679,9,0.75,0.6235939218659224,0.8333333333333334,0.25,0.8098594773045131,0.2581031771632192,0.0,0.1875,24.62981736310568,20000056
SPT-Threshold,11.514738395513877,8,0.6666666666666666,0.573463502197883,0.6666666666666666,0.33333333333333337,0.7703435393782607,0.30954408119805565,0.0,0.1875,22.297343081096177,20000057
SPT-Threshold,11.28117372171292,8,0.6666666666666666,0.502770912203083,0.8333333333333334,0.33333333333333337,0.821764678149134,0.20199912713123322,0.0,0.25,23.0863709515927,20000058
SPT-Threshold,9.942563179308026,7,0.5833333333333334,0.47992467866798943,0.75,0.41666666666666663,0.8172331622041016,0.2997364533967047,0.0,0.16666666666666666,23.045728383645297,20000059
SPT-Threshold,14.57530436755716,10,0.8333333333333334,0.7363945544719018,0.8333333333333334,0.16666666666666663,0.8097158659657548,0.3157952822400844,0.0,0.125,25.13195868376038,20000060
SPT-Threshold,11.779936081037906,8,0.6666666666666666,0.5767049068232346,0.75,0.33333333333333337,0.7959077928180515,0.29582460737095606,0.0,0.1875,23.673483314309436,20000061
SPT-Threshold,13.40064622158105,9,0.75,0.6456609568782983,0.75,0.25,0.8539660136269059,0.3048942395194912,0.0,0.16666666666666666,25.333738629399313,20000062
SPT-Threshold,9.540225624278143,7,0.5833333333333334,0.4490116384941528,0.75,0.41666666666666663,0.7784066202575479,0.2689478501569987,0.0,0.20833333333333334,22.056418689341662,20000063
SPT-Threshold,15.013689970126768,10,0.8333333333333334,0.7291995168709376,0.9166666666666666,0.16666666666666663,0.8290634793833914,0.2609255203560779,0.0,0.125,26.65756830775343,20000064
SPT-Threshold,9.095753410420023,7,0.5833333333333334,0.414739488768574,0.75,0.41666666666666663,0.7923237578203256,0.2884831341169047,0.0,0.1875,23.24394389419708,20000065
SPT-Threshold,11.542851878769133,8,0.6666666666666666,0.5543647206695951,0.8333333333333334,0.33333333333333337,0.8406129104045902,0.33489992265286417,0.0,0.14583333333333334,25.695035040816894,20000066
SPT-Threshold,11.622073297655168,8,0.6666666666666666,0.5414671940302918,0.9166666666666666,0.33333333333333337,0.8544366581062114,0.30481714085913897,0.0,0.16666666666666666,26.37842451833147,20000067
SPT-Threshold,10.000568580794912,7,0.5833333333333334,0.4799909373529035,0.75,0.41666666666666663,0.8165195319351187,0.2603977954274179,0.0,0.1875,25.139570502475824,20000068
SPT-Threshold,12.962820619814789,9,0.75,0.6452056351719762,0.9166666666666666,0.25,0.8573324310440175,0.3108400617372991,0.0,0.14583333333333334,26.223444394665787,20000069
SPT-Threshold,15.203446205984179,10,0.8333333333333334,0.7706288498022952,0.8333333333333334,0.16666666666666663,0.8452856201638257,0.29925064029636333,0.0,0.14583333333333334,26.15981787035947,20000070
SPT-Threshold,6.450260456728761,5,0.4166666666666667,0.3082891861899211,0.75,0.5833333333333333,0.8179944808847899,0.24438568858101695,0.0,0.25,22.95618818179779,20000071
SPT-Threshold,9.522585784160237,7,0.5833333333333334,0.48033504676278904,0.8333333333333334,0.41666666666666663,0.792284908457351,0.23447157248959058,0.0,0.1875,24.212798081199725,20000072
SPT-Threshold,11.057861091834855,8,0.6666666666666666,0.5117246719865606,0.75,0.33333333333333337,0.8127726950376898,0.23104452619991064,0.0,0.25,22.967847084037576,20000073
SPT-Threshold,11.43240209576621,8,0.6666666666666666,0.5656708338106878,0.75,0.33333333333333337,0.8093110122559368,0.23929855760733396,0.0,0.20833333333333334,23.964380882457274,20000074
SPT-Threshold,10.135427511119728,7,0.5833333333333334,0.4845763218223921,0.75,0.41666666666666663,0.8148367522063297,0.2881333281712515,0.0,0.16666666666666666,23.455786069822924,20000075
SPT-Threshold,9.30674003921128,7,0.5833333333333334,0.44659487954457333,0.6666666666666666,0.41666666666666663,0.7894404998989107,0.28266012810783125,0.0,0.20833333333333334,22.889850849340387,20000076
SPT-Threshold,14.858912309981017,10,0.8333333333333334,0.740477198338487,0.9166666666666666,0.16666666666666663,0.8311254498210062,0.29735837150580313,0.0,0.14583333333333334,25.651290097932883,20000077
SPT-Threshold,12.934581246878393,9,0.75,0.6307861581123722,0.8333333333333334,0.25,0.7836591610137984,0.2423408366141038,0.0,0.16666666666666666,23.706707791859795,20000078
SPT-Threshold,13.092286316899262,9,0.75,0.626280624426769,0.8333333333333334,0.25,0.8002208423556566,0.25768254940912827,0.0,0.16666666666666666,24.229498909260865,20000079
SPT-Threshold,11.669584080686716,8,0.6666666666666666,0.5546413241420809,0.8333333333333334,0.33333333333333337,0.8307990066373115,0.355092973404743,0.0,0.125,25.470178973093844,20000080
SPT-Threshold,9.42857707379246,7,0.5833333333333334,0.4663476112814673,0.6666666666666666,0.41666666666666663,0.7724208488300311,0.264292725395837,0.0,0.20833333333333334,21.880849852094723,20000081
SPT-Threshold,12.929895170256039,9,0.75,0.6053794308438661,0.9166666666666666,0.25,0.8357666646438598,0.25287853819178324,0.0,0.14583333333333334,25.524970942051386,20000082
SPT-Threshold,11.16555697641478,8,0.6666666666666666,0.5195404789713137,0.8333333333333334,0.33333333333333337,0.8209014390659296,0.26077173583233576,0.0,0.1875,24.348939058559697,20000083
SPT-Threshold,10.86156009159611,8,0.6666666666666666,0.512825268382565,0.75,0.33333333333333337,0.7929988867763785,0.24095294802821754,0.0,0.20833333333333334,23.184222454045578,20000084
SPT-Threshold,13.334580194999289,9,0.75,0.6453896811307704,0.75,0.25,0.8253692622751455,0.28574131850910717,0.0,0.16666666666666666,25.143645888504306,20000085
SPT-Threshold,13.198427013392424,9,0.75,0.6438669881794838,0.8333333333333334,0.25,0.8128322883277718,0.31507636878934314,0.0,0.16666666666666666,24.594132299903926,20000086
SPT-Threshold,11.439952970496387,8,0.6666666666666666,0.5362906636339961,0.8333333333333334,0.33333333333333337,0.8310299860784424,0.27579665014071736,0.0,0.16666666666666666,25.885721655747727,20000087
SPT-Threshold,11.795107055315247,8,0.6666666666666666,0.5598602234600362,0.8333333333333334,0.33333333333333337,0.8201221719923315,0.33091490904908266,0.0,0.125,25.269677332835617,20000088
SPT-Threshold,11.134009048244218,8,0.6666666666666666,0.5485056783679495,0.8333333333333334,0.33333333333333337,0.7765587433598392,0.22232960660769407,0.0,0.1875,22.875816908763195,20000089
SPT-Threshold,11.346789313086983,8,0.6666666666666666,0.5378133876094745,0.8333333333333334,0.33333333333333337,0.8161482637921722,0.23611386225922837,0.0,0.20833333333333334,23.274289452543016,20000090
SPT-Threshold,14.746549528396473,10,0.8333333333333334,0.756685730290236,0.8333333333333334,0.16666666666666663,0.8025115259148006,0.289585060543783,0.0,0.1875,23.59223013515554,20000091
SPT-Threshold,13.654083285401574,9,0.75,0.6578757636103455,0.75,0.25,0.8161830040243472,0.2751760539641464,0.0,0.1875,23.38163034674657,20000092
SPT-Threshold,12.899952446247717,9,0.75,0.6423491843527291,0.8333333333333334,0.25,0.7846491407987354,0.18446559519985092,0.0,0.22916666666666666,23.038813395874566,20000093
SPT-Threshold,12.543234957840049,9,0.75,0.6082039164067286,0.8333333333333334,0.25,0.787424141240907,0.2619979728046444,0.0,0.1875,23.753856483788464,20000094
SPT-Threshold,7.544349631790784,6,0.5,0.379603859243622,0.6666666666666666,0.5,0.787331131977373,0.3116117813641513,0.0,0.1875,22.090169226267083,20000095
SPT-Threshold,10.837019873409444,8,0.6666666666666666,0.5020921214023156,0.8333333333333334,0.33333333333333337,0.7998488682073385,0.3018844366040436,0.0,0.14583333333333334,24.36178951142402,20000096
SPT-Threshold,7.840011977274309,6,0.5,0.3704577566823109,0.75,0.5,0.7806968474771496,0.2539651765984669,0.0,0.20833333333333334,23.29216242736946,20000097
SPT-Threshold,9.749023572269367,7,0.5833333333333334,0.47859064677599616,0.75,0.41666666666666663,0.8305294936660195,0.2809885238817235,0.0,0.22916666666666666,23.883274647719166,20000098
SPT-Threshold,13.19004990002187,9,0.75,0.6217995880114369,0.8333333333333334,0.25,0.8434341234529809,0.2115672680768561,0.0,0.1875,24.86567095697508,20000099
SPT-Threshold,11.529387382010682,8,0.6666666666666666,0.5364880931268018,0.8333333333333334,0.33333333333333337,0.8573249214211334,0.2734643041856857,0.0,0.20833333333333334,25.662166310210424,20000100
SPT-Threshold,11.106738003392227,8,0.6666666666666666,0.5152016027397901,0.75,0.33333333333333337,0.836420539929429,0.30650505424305446,0.0,0.16666666666666666,24.85282472661084,20000101
SPT-Threshold,14.517889538384901,10,0.8333333333333334,0.7093639463778918,0.8333333333333334,0.16666666666666663,0.8131257775890246,0.21190781574510123,0.0,0.22916666666666666,24.246089058339052,20000102
SPT-Threshold,13.27494903017944,9,0.75,0.629470385070222,0.8333333333333334,0.25,0.8116910794641514,0.22058447028574904,0.0,0.22916666666666666,23.083222555816548,20000103
SPT-Threshold,13.236581803363135,9,0.75,0.6315656082750076,0.8333333333333334,0.25,0.7837053861649158,0.2538593037314483,0.0,0.16666666666666666,24.650420637589974,20000104
SPT-Threshold,14.199924971857637,10,0.8333333333333334,0.7015178699506479,0.9166666666666666,0.16666666666666663,0.8183411210684733,0.2963709632410965,0.0,0.1875,25.35375481156657,20000105
SPT-Threshold,11.425642342861268,8,0.6666666666666666,0.5470484562796436,0.75,0.33333333333333337,0.8072569670356486,0.2478943682044714,0.0,0.1875,24.583882003837743,20000106
SPT-Threshold,10.64744896224083,8,0.6666666666666666,0.48491523536495995,0.8333333333333334,0.33333333333333337,0.795054057578875,0.25997601429241896,0.0,0.1875,23.164886083292405,20000107
SPT-Threshold,14.693198435378456,10,0.8333333333333334,0.7250174608140851,0.9166666666666666,0.16666666666666663,0.8436511953661109,0.2645011388716682,0.0,0.1875,24.792199918068654,20000108
SPT-Threshold,9.81300815133557,7,0.5833333333333334,0.48604918827162213,0.6666666666666666,0.41666666666666663,0.781158866692178,0.26921231498102155,0.0,0.20833333333333334,23.46127406554075,20000109
SPT-Threshold,9.26485354679919,7,0.5833333333333334,0.3923561708466012,0.75,0.41666666666666663,0.8205769144509136,0.248495502860861,0.0,0.1875,24.304538938945797,20000110
SPT-Threshold,11.609972835597027,8,0.6666666666666666,0.5391461306701056,0.8333333333333334,0.33333333333333337,0.8155251613046941,0.2378262949444728,0.0,0.22916666666666666,24.305605571640058,20000111
SPT-Threshold,12.090287402863991,8,0.6666666666666666,0.6026833743222103,0.75,0.33333333333333337,0.8487713513724614,0.3354873266125882,0.0,0.16666666666666666,24.59738341556555,20000112
SPT-Threshold,12.713379073250895,9,0.75,0.6115289567066617,0.8333333333333334,0.25,0.7862794546638853,0.21012797933481275,0.0,0.20833333333333334,23.440014803725248,20000113
SPT-Threshold,9.725218107014191,7,0.5833333333333334,0.45919812937645926,0.75,0.41666666666666663,0.7802361516691111,0.2367620147358375,0.0,0.22916666666666666,21.73968836404365,20000114
SPT-Threshold,11.28053759934495,8,0.6666666666666666,0.5438594385055008,0.75,0.33333333333333337,0.82277128389856,0.2953672992851337,0.0,0.16666666666666666,23.203552256249647,20000115
SPT-Threshold,13.37994887116129,9,0.75,0.6526001735421054,0.9166666666666666,0.25,0.8402401795928913,0.2521773126483966,0.0,0.20833333333333334,25.85554203296463,20000116
SPT-Threshold,11.228761501748052,8,0.6666666666666666,0.5311557997913378,0.8333333333333334,0.33333333333333337,0.8234780775620044,0.24629019354608675,0.0,0.25,23.250262611816325,20000117
SPT-Threshold,13.077757133652362,9,0.75,0.6158576616612064,0.8333333333333334,0.25,0.7788294947983397,0.26859126071293143,0.0,0.16666666666666666,23.591017546654907,20000118
SPT-Threshold,13.343044605414955,9,0.75,0.6608535575830475,0.75,0.25,0.7925831251058785,0.2986784003671592,0.0,0.16666666666666666,23.092370656225043,20000119
SPT-Threshold,11.793844489160596,8,0.6666666666666666,0.5454477129649112,0.8333333333333334,0.33333333333333337,0.8441022283265388,0.28437542280091194,0.0,0.1875,25.943702939699776,20000120
SPT-Threshold,9.660741846123289,7,0.5833333333333334,0.48204427401468103,0.6666666666666666,0.41666666666666663,0.7709999292311283,0.24446648131921825,0.0,0.25,21.853836515686744,20000121
SPT-Threshold,11.152935367746524,8,0.6666666666666666,0.5733790662262425,0.75,0.33333333333333337,0.76321502213493,0.2624819046752584,0.0,0.1875,22.493624020419922,20000122
SPT-Threshold,16.288175896929665,11,0.9166666666666666,0.8486619880606532,0.9166666666666666,0.08333333333333337,0.792926960716892,0.2991658910944325,0.0,0.14583333333333334,24.85818062490125,20000123
SPT-Threshold,12.663970346100736,9,0.75,0.5818047891872653,0.9166666666666666,0.25,0.8050269465339119,0.2757241543797639,0.0,0.16666666666666666,24.89471664300214,20000124
SPT-Threshold,10.850840408814424,8,0.6666666666666666,0.4955808936130427,0.8333333333333334,0.33333333333333337,0.8245516110079777,0.24604601685475092,0.0,0.1875,24.38562578717091,20000125
SPT-Threshold,11.814155270642408,8,0.6666666666666666,0.5795718314350314,0.75,0.33333333333333337,0.7947111992915467,0.25720864094538604,0.0,0.22916666666666666,22.673540214118695,20000126
SPT-Threshold,10.080898025742162,7,0.5833333333333334,0.46950071682809574,0.8333333333333334,0.41666666666666663,0.8113214194871855,0.26221588624038644,0.0,0.1875,24.51149791769085,20000127
SPT-Threshold,12.439475272103595,9,0.75,0.5964852057144181,0.8333333333333334,0.25,0.7864165308990968,0.2432713925456855,0.0,0.20833333333333334,22.82533331223904,20000128
SPT-Threshold,12.778778945593944,9,0.75,0.6504589749566678,0.75,0.25,0.7892184415965041,0.26707641862745773,0.0,0.1875,23.121652585931663,20000129
SPT-Threshold,14.385795966439728,10,0.8333333333333334,0.7262316595939903,0.8333333333333334,0.16666666666666663,0.7956424811381707,0.30913633140798175,0.0,0.16666666666666666,23.083621146445214,20000130
SPT-Threshold,11.716412713386323,8,0.6666666666666666,0.5766504232650289,0.75,0.33333333333333337,0.82647989946107,0.2798368510028059,0.0,0.1875,25.073615564079976,20000131
SPT-Threshold,7.9899196182713474,6,0.5,0.35719617017956334,0.8333333333333334,0.5,0.7889396214527116,0.22423303233387,0.0,0.20833333333333334,24.43806942397957,20000132
SPT-Threshold,14.687474016974683,10,0.8333333333333334,0.7387606903405846,0.9166666666666666,0.16666666666666663,0.7921324869250873,0.2433569342393989,0.0,0.16666666666666666,23.99827300182455,20000133
SPT-Threshold,13.123384918420157,9,0.75,0.6267089652420056,0.8333333333333334,0.25,0.8178087460349853,0.22595415803981853,0.0,0.1875,24.34795895029801,20000134
SPT-Threshold,12.90720529495428,9,0.75,0.6442223747770095,0.8333333333333334,0.25,0.8610965976789275,0.3795514860396827,0.0,0.125,25.61407185018109,20000135
SPT-Threshold,12.97659096269949,9,0.75,0.6490291308879543,0.8333333333333334,0.25,0.8046275095082688,0.2896532982791776,0.0,0.1875,22.700234865146477,20000136
SPT-Threshold,14.91524234860438,10,0.8333333333333334,0.744723640314481,0.8333333333333334,0.16666666666666663,0.8195949674666085,0.25885370477017183,0.0,0.1875,24.071342159430944,20000137
SPT-Threshold,11.288112426149757,8,0.6666666666666666,0.5517000540450726,0.75,0.33333333333333337,0.7771533156474698,0.2492487796809625,0.0,0.22916666666666666,22.095744881498824,20000138
SPT-Threshold,9.615597328149063,7,0.5833333333333334,0.44317546772749244,0.8333333333333334,0.41666666666666663,0.7898398272461723,0.22484228593711764,0.0,0.20833333333333334,23.362205051895156,20000139
SPT-Threshold,14.2323813416517,10,0.8333333333333334,0.7315883054095353,0.9166666666666666,0.16666666666666663,0.7922437578801382,0.24562191019643934,0.0,0.14583333333333334,25.933804192564672,20000140
SPT-Threshold,7.888756470861475,6,0.5,0.3545502663061802,0.75,0.5,0.8105638440187093,0.2718067204765377,0.0,0.1875,24.065499822631153,20000141
SPT-Threshold,9.325882978140855,7,0.5833333333333334,0.43309645782445577,0.75,0.41666666666666663,0.784843134248583,0.24584750767292393,0.0,0.20833333333333334,22.90568001979973,20000142
SPT-Threshold,9.687458892621267,7,0.5833333333333334,0.47645403458563856,0.6666666666666666,0.41666666666666663,0.778429502787544,0.2607577139911243,0.0,0.20833333333333334,21.845613215608584,20000143
SPT-Threshold,14.575714064616113,10,0.8333333333333334,0.7526510246969337,0.8333333333333334,0.16666666666666663,0.8136548064109547,0.3076340992059321,0.0,0.14583333333333334,24.735133787214213,20000144
SPT-Threshold,11.206380466542186,8,0.6666666666666666,0.5487994752526367,0.8333333333333334,0.33333333333333337,0.8145072423858514,0.26867953721945087,0.0,0.1875,24.74817366843215,20000145
SPT-Threshold,11.571302222250576,8,0.6666666666666666,0.5509572840261097,0.75,0.33333333333333337,0.8130438200301472,0.21465350792033355,0.0,0.22916666666666666,23.24889368699649,20000146
SPT-Threshold,12.695437205793056,9,0.75,0.5885938059686346,0.8333333333333334,0.25,0.7796014681237476,0.22403304597504112,0.0,0.1875,22.051076464428007,20000147
SPT-Threshold,11.528762879683873,8,0.6666666666666666,0.5744576125837353,0.75,0.33333333333333337,0.8003359193568294,0.2401638464367949,0.0,0.20833333333333334,24.359138903971477,20000148
SPT-Threshold,11.112034305105949,8,0.6666666666666666,0.5245171277167621,0.8333333333333334,0.33333333333333337,0.8465514695874518,0.3428376141393356,0.0,0.125,25.299808011730132,20000149
SPT-Threshold,13.016724049330504,9,0.75,0.6463846667032761,0.8333333333333334,0.25,0.7851345538081684,0.22574175931507137,0.0,0.20833333333333334,22.965899484713344,20000150
SPT-Threshold,11.133298979082491,8,0.6666666666666666,0.5099611516378894,0.9166666666666666,0.33333333333333337,0.8027243351453238,0.256495451009037,0.0,0.16666666666666666,24.97350733704419,20000151
SPT-Threshold,13.416881826529995,9,0.75,0.6637567892535807,0.75,0.25,0.8131443431181632,0.2545853036903982,0.0,0.22916666666666666,24.04608898555338,20000152
SPT-Threshold,13.0191624654204,9,0.75,0.650412855473113,0.8333333333333334,0.25,0.8151658206857754,0.28297743850322865,0.0,0.14583333333333334,25.813327668444515,20000153
SPT-Threshold,13.475095548938414,9,0.75,0.6578766834710849,0.9166666666666666,0.25,0.8620145536963651,0.3001789239068466,0.0,0.16666666666666666,25.815907682076922,20000154
SPT-Threshold,11.08192205849526,8,0.6666666666666666,0.509414760235153,0.75,0.33333333333333337,0.7991511735932173,0.20399419839106667,0.0,0.22916666666666666,23.31146728878488,20000155
SPT-Threshold,12.956569844902596,9,0.75,0.639649995988065,0.75,0.25,0.8167772430780907,0.27554374905123885,0.0,0.20833333333333334,23.927042375038663,20000156
SPT-Threshold,11.04616501406597,8,0.6666666666666666,0.4888921717756274,0.8333333333333334,0.33333333333333337,0.8332374229882719,0.27529356156695356,0.0,0.1875,24.28879680594054,20000157
SPT-Threshold,13.404533830814762,9,0.75,0.6466007077789718,0.8333333333333334,0.25,0.8162270748731739,0.2859718295677321,0.0,0.14583333333333334,24.80020444396162,20000158
SPT-Threshold,9.540878022723382,7,0.5833333333333334,0.4345761684649221,0.75,0.41666666666666663,0.7795848928325771,0.27530510092227506,0.0,0.16666666666666666,22.796908021972342,20000159
SPT-Threshold,9.210764884696086,7,0.5833333333333334,0.3815027243115575,0.8333333333333334,0.41666666666666663,0.831032699625152,0.25423688063029387,0.0,0.20833333333333334,25.063983189059655,20000160
SPT-Threshold,14.350764123611237,10,0.8333333333333334,0.6932807483926408,0.8333333333333334,0.16666666666666663,0.8263307363351524,0.20168682187078604,0.0,0.20833333333333334,23.8552153427741,20000161
SPT-Threshold,11.650624256919546,8,0.6666666666666666,0.5691130925991505,0.75,0.33333333333333337,0.7920304394370513,0.2547823264227283,0.0,0.20833333333333334,22.730807581965433,20000162
SPT-Threshold,12.883273824135053,9,0.75,0.6466477715650437,0.75,0.25,0.8039742742584796,0.24945461263470717,0.0,0.20833333333333334,23.320630063152418,20000163
SPT-Threshold,11.957030817822826,8,0.6666666666666666,0.5721724402323674,0.75,0.33333333333333337,0.8071691703453409,0.2812537963376,0.0,0.1875,24.64576011096009,20000164
SPT-Threshold,14.51597920242917,10,0.8333333333333334,0.7309865993127908,0.9166666666666666,0.16666666666666663,0.8258608753406448,0.3112245325572282,0.0,0.14583333333333334,24.500169159659052,20000165
SPT-Threshold,12.912474475256568,9,0.75,0.661273459703056,0.8333333333333334,0.25,0.8211612580764545,0.3556163635773287,0.0,0.125,24.893599901985745,20000166
SPT-Threshold,12.814827298311876,9,0.75,0.586631542442043,0.9166666666666666,0.25,0.7985882455082867,0.22661734345969617,0.0,0.1875,23.902084406892406,20000167
SPT-Threshold,11.031270628382343,8,0.6666666666666666,0.514592866181199,0.75,0.33333333333333337,0.7799681514503716,0.2611951590572745,0.0,0.20833333333333334,22.376114969698033,20000168
SPT-Threshold,12.826943623294271,9,0.75,0.6030741194638038,0.8333333333333334,0.25,0.8367402974970967,0.2624141996841835,0.0,0.1875,23.66467243453304,20000169
SPT-Threshold,9.671310938635719,7,0.5833333333333334,0.45728338402958146,0.75,0.41666666666666663,0.7939758710344765,0.2398209677076252,0.0,0.22916666666666666,21.504670607807114,20000170
SPT-Threshold,14.897619257895489,10,0.8333333333333334,0.7438545728754695,0.9166666666666666,0.16666666666666663,0.8231602671211787,0.2796897133661289,0.0,0.14583333333333334,25.483083626945696,20000171
SPT-Threshold,12.798353431800523,9,0.75,0.6663446340627266,0.8333333333333334,0.25,0.8310252095721694,0.28685801882237855,0.0,0.1875,24.58532319982068,20000172
SPT-Threshold,15.287327511512247,10,0.8333333333333334,0.7387637415692566,0.8333333333333334,0.16666666666666663,0.827282980222188,0.26036670265748957,0.0,0.20833333333333334,24.461525726495857,20000173
SPT-Threshold,14.766862018934185,10,0.8333333333333334,0.7505931139326821,0.8333333333333334,0.16666666666666663,0.8186672036890973,0.3125378143063326,0.0,0.14583333333333334,25.784309187557383,20000174
SPT-Threshold,7.717474281458328,6,0.5,0.34225766407888053,0.8333333333333334,0.5,0.7738303704237852,0.2402841158803494,0.0,0.20833333333333334,23.22022150966125,20000175
SPT-Threshold,10.973054439734842,8,0.6666666666666666,0.5000556585550514,0.8333333333333334,0.33333333333333337,0.7950871307821866,0.27052420916408876,0.0,0.16666666666666666,24.876514430975465,20000176
SPT-Threshold,13.153126834635092,9,0.75,0.6474880699559009,0.8333333333333334,0.25,0.8285213855373548,0.269116831917043,0.0,0.1875,25.711678723289975,20000177
SPT-Threshold,13.454716757332069,9,0.75,0.6597468870413387,0.8333333333333334,0.25,0.8443593474925956,0.28506224722972656,0.0,0.20833333333333334,25.846312021488068,20000178
SPT-Threshold,11.515954998737135,8,0.6666666666666666,0.5379808867540236,0.8333333333333334,0.33333333333333337,0.8108651868389138,0.27002117398829534,0.0,0.1875,23.83278952765215,20000179
SPT-Threshold,12.047047604958998,8,0.6666666666666666,0.6088727276197684,0.75,0.33333333333333337,0.8006737717142544,0.25765866888160305,0.0,0.20833333333333334,23.112997769667633,20000180
SPT-Threshold,12.452696636222377,9,0.75,0.554694581043458,0.9166666666666666,0.25,0.8103502258705317,0.2833155942953541,0.0,0.125,25.560074952827627,20000181
SPT-Threshold,13.401652650429643,9,0.75,0.6666221701480307,0.75,0.25,0.8221169707979706,0.27611980308759715,0.0,0.20833333333333334,23.5093115449231,20000182
SPT-Threshold,9.285993037378388,7,0.5833333333333334,0.4453141411369856,0.6666666666666666,0.41666666666666663,0.7778465819298076,0.25783225320598274,0.0,0.1875,22.515801260058957,20000183
SPT-Threshold,11.368252021643189,8,0.6666666666666666,0.5022269357623534,0.8333333333333334,0.33333333333333337,0.8213080818360208,0.20768531454160574,0.0,0.25,22.869207315345687,20000184
SPT-Threshold,12.692123143988969,9,0.75,0.5987364907525622,0.8333333333333334,0.25,0.8009343016633093,0.29298805997630245,0.0,0.14583333333333334,25.025206559585463,20000185
SPT-Threshold,13.252284876986101,9,0.75,0.5886222259008872,0.9166666666666666,0.25,0.8257084720923212,0.22145933767874904,0.0,0.1875,25.10295452834497,20000186
SPT-Threshold,11.794321706687162,8,0.6666666666666666,0.5681454699773176,0.75,0.33333333333333337,0.7943461252186094,0.3010168334115306,0.0,0.1875,23.939514464064253,20000187
SPT-Threshold,14.638850616141912,10,0.8333333333333334,0.7413404303035507,0.8333333333333334,0.16666666666666663,0.8186589829349461,0.3298351150548406,0.0,0.14583333333333334,25.78644574019437,20000188
SPT-Threshold,9.520218388235309,7,0.5833333333333334,0.43420849706681097,0.75,0.41666666666666663,0.8131267267860927,0.21210216558091846,0.0,0.22916666666666666,23.271527284408005,20000189
SPT-Threshold,15.044870598315994,10,0.8333333333333334,0.7569314582271947,0.9166666666666666,0.16666666666666663,0.8377216446962142,0.3249903305527075,0.0,0.14583333333333334,25.838990217526735,20000190
SPT-Threshold,17.307725188642454,12,1.0,1.0,1.0,0.0,0.8492272787355303,0.20571248685608493,0.0,0.2916666666666667,22.642499141465986,20000191
SPT-Threshold,13.068797376379974,9,0.75,0.6526739234919968,0.8333333333333334,0.25,0.8338376125874826,0.2905227376278568,0.0,0.16666666666666666,25.82829354607041,20000192
SPT-Threshold,15.2565463556011,10,0.8333333333333334,0.7514082358751865,0.8333333333333334,0.16666666666666663,0.8460989888455015,0.32041397353252193,0.0,0.14583333333333334,26.918799685425356,20000193
SPT-Threshold,12.912647759508939,9,0.75,0.6510424576292434,0.75,0.25,0.7974583846310087,0.3354233343348752,0.0,0.16666666666666666,23.91013884317447,20000194
SPT-Threshold,10.970688703183086,8,0.6666666666666666,0.5123092750168843,0.75,0.33333333333333337,0.8104154710636035,0.2793099881052958,0.0,0.20833333333333334,23.52831160002421,20000195
SPT-Threshold,15.069941808811608,10,0.8333333333333334,0.7377106688030575,0.8333333333333334,0.16666666666666663,0.8408547128172,0.2585887979596407,0.0,0.16666666666666666,25.702361988756287,20000196
SPT-Threshold,10.156003417355336,7,0.5833333333333334,0.473332700871016,0.8333333333333334,0.41666666666666663,0.8026257665651743,0.24902542411381276,0.0,0.1875,24.510971844259494,20000197
SPT-Threshold,11.396820548037455,8,0.6666666666666666,0.5153492591592281,0.8333333333333334,0.33333333333333337,0.8076624289483355,0.23526820406577623,0.0,0.22916666666666666,23.134466617719536,20000198
SPT-Threshold,13.00403802296451,9,0.75,0.6314976372312232,0.75,0.25,0.7926116541147419,0.2669871023149471,0.0,0.20833333333333334,22.408035810121802,20000199
SPT-Threshold,13.035124295690647,9,0.75,0.6122945485987392,0.8333333333333334,0.25,0.8163792558937334,0.3222857974084523,0.0,0.14583333333333334,25.506167238215102,20000200
SPT-Threshold,11.783420000610546,8,0.6666666666666666,0.5407624922303051,0.75,0.33333333333333337,0.8052887016477914,0.20949551622463672,0.0,0.25,22.79437592683375,20000201
SPT-Threshold,13.357632013271822,9,0.75,0.6289401140908646,0.8333333333333334,0.25,0.8270940579159692,0.26451725719937397,0.0,0.20833333333333334,24.49847661010324,20000202
SPT-Threshold,14.459900773341053,10,0.8333333333333334,0.6965775822443484,0.9166666666666666,0.16666666666666663,0.8107528833987411,0.2775164579342236,0.0,0.14583333333333334,24.702657777196926,20000203
SPT-Threshold,9.696126065702735,7,0.5833333333333334,0.46556144957815865,0.75,0.41666666666666663,0.8005137563920482,0.23069426432476114,0.0,0.20833333333333334,23.67002621743328,20000204
SPT-Threshold,13.26481054770003,9,0.75,0.6413273286041786,0.9166666666666666,0.25,0.8228231031311607,0.23682062663163864,0.0,0.1875,24.844207544387967,20000205
SPT-Threshold,9.1124886175802,7,0.5833333333333334,0.43049251308437086,0.6666666666666666,0.41666666666666663,0.7851700580704973,0.2853484430744085,0.0,0.1875,22.62042924124297,20000206
SPT-Threshold,8.416723547958691,6,0.5,0.3949894033398009,0.75,0.5,0.8277499462406398,0.22880624798925409,0.0,0.25,22.834313883233367,20000207
SPT-Threshold,9.801664667694983,7,0.5833333333333334,0.4611858378825413,0.75,0.41666666666666663,0.8331238568866325,0.24704469488048705,0.0,0.20833333333333334,23.911324044347538,20000208
SPT-Threshold,13.141596497467539,9,0.75,0.6357340313044381,0.75,0.25,0.8101680803558325,0.2630625275745944,0.0,0.1875,23.22669529177157,20000209
SPT-Threshold,16.97246526159672,11,0.9166666666666666,0.8542140547004792,1.0,0.08333333333333337,0.8632634400520498,0.24643231539480195,0.0,0.16666666666666666,26.970653446785498,20000210
SPT-Threshold,11.25619704343862,8,0.6666666666666666,0.522142212652532,0.8333333333333334,0.33333333333333337,0.7957584065065708,0.2017033331668828,0.0,0.25,22.987804636989164,20000211
SPT-Threshold,13.113092486778235,9,0.75,0.6286045128169919,0.9166666666666666,0.25,0.8080077017569472,0.2259906027211053,0.0,0.16666666666666666,24.370512902860778,20000212
SPT-Threshold,12.775796340897278,9,0.75,0.5949116138089097,0.8333333333333334,0.25,0.8432364643933917,0.2674951473751084,0.0,0.1875,24.847323559284867,20000213
SPT-Threshold,9.333740719612306,7,0.5833333333333334,0.47235253432865104,0.6666666666666666,0.41666666666666663,0.7835010257178118,0.22737942163568703,0.0,0.2708333333333333,20.770351908448113,20000214
SPT-Threshold,15.293317462427591,10,0.8333333333333334,0.7633660559934262,0.8333333333333334,0.16666666666666663,0.8418861914886628,0.3701446150457135,0.0,0.14583333333333334,25.711538759445595,20000215
SPT-Threshold,12.788297053626472,9,0.75,0.5918745476773327,0.8333333333333334,0.25,0.8105516602573505,0.23357390720855783,0.0,0.16666666666666666,24.580884798183046,20000216
SPT-Threshold,12.8530136839179,9,0.75,0.6190130503429747,0.9166666666666666,0.25,0.8365274717668688,0.2989546516581961,0.0,0.125,26.577909498064496,20000217
SPT-Threshold,10.67573957048161,8,0.6666666666666666,0.5172311832371423,0.8333333333333334,0.33333333333333337,0.780586381273646,0.2521204776062781,0.0,0.22916666666666666,23.068252819796747,20000218
SPT-Threshold,11.230317885105189,8,0.6666666666666666,0.532299398700971,0.8333333333333334,0.33333333333333337,0.8064906259864659,0.22190909863525898,0.0,0.25,22.866327230981735,20000219
SPT-Threshold,12.94634008643387,9,0.75,0.6303731074305181,0.8333333333333334,0.25,0.7795685153789237,0.21208679882254258,0.0,0.1875,23.883704578619806,20000220
SPT-Threshold,14.90136502234971,10,0.8333333333333334,0.7218004764800148,0.9166666666666666,0.16666666666666663,0.8456882558033317,0.2611347587097158,0.0,0.16666666666666666,26.134248562960526,20000221
SPT-Threshold,14.500618527731508,10,0.8333333333333334,0.7102812626362262,0.8333333333333334,0.16666666666666663,0.8064045997072661,0.26442630253520377,0.0,0.1875,24.356852731775945,20000222
SPT-Threshold,14.359434507612155,10,0.8333333333333334,0.7068713477618151,0.8333333333333334,0.16666666666666663,0.8367383968033453,0.2741129729453993,0.0,0.20833333333333334,24.03382935980445,20000223
SPT-Threshold,11.548102315361168,8,0.6666666666666666,0.5405422606666327,0.8333333333333334,0.33333333333333337,0.7990908771890006,0.26063085068363095,0.0,0.16666666666666666,25.263568347221955,20000224
SPT-Threshold,14.721467640609319,10,0.8333333333333334,0.7346579660510704,0.9166666666666666,0.16666666666666663,0.8270531400682041,0.31065815736159363,0.0,0.14583333333333334,24.816368788893005,20000225
SPT-Threshold,13.760071406090072,9,0.75,0.662956889755016,0.8333333333333334,0.25,0.8292587087917863,0.2699536932519726,0.0,0.16666666666666666,25.21277520579402,20000226
SPT-Threshold,11.256942902442008,8,0.6666666666666666,0.48772766678675045,0.9166666666666666,0.33333333333333337,0.8361349748360488,0.250489454158535,0.0,0.16666666666666666,25.743411247552647,20000227
SPT-Threshold,9.021182182543978,7,0.5833333333333334,0.38225299114328604,0.8333333333333334,0.41666666666666663,0.8209077984617421,0.2652255160155394,0.0,0.20833333333333334,23.917476789259304,20000228
SPT-Threshold,11.951750120615529,8,0.6666666666666666,0.573464216035302,0.8333333333333334,0.33333333333333337,0.8284985082174501,0.3290838275428824,0.0,0.125,25.651469626792935,20000229
SPT-Threshold,13.56360192941339,9,0.75,0.6703448428519808,0.8333333333333334,0.25,0.8246894102709413,0.2698666192433183,0.0,0.16666666666666666,26.148089878082793,20000230
SPT-Threshold,10.779487175375179,8,0.6666666666666666,0.47994074649170354,0.8333333333333334,0.33333333333333337,0.8283964628145778,0.2876659766503142,0.0,0.1875,24.161015298229486,20000231
SPT-Threshold,7.910045695779715,6,0.5,0.3411175607829932,0.75,0.5,0.7823198833386725,0.22223111003804283,0.0,0.22916666666666666,22.71126185893273,20000232
SPT-Threshold,13.741678982149843,9,0.75,0.6716510977807935,0.8333333333333334,0.25,0.797148463776824,0.23458754280216162,0.0,0.20833333333333334,24.345079718416905,20000233
SPT-Threshold,11.633609718347529,8,0.6666666666666666,0.532248495775704,0.75,0.33333333333333337,0.7901693862019608,0.2017186028047064,0.0,0.25,22.51527215671136,20000234
SPT-Threshold,12.440815075121725,9,0.75,0.6064033237738624,0.8333333333333334,0.25,0.7798720614108055,0.2096379075128123,0.0,0.22916666666666666,21.5890261027825,20000235
SPT-Threshold,16.720011520510443,11,0.9166666666666666,0.8523219672518891,0.9166666666666666,0.08333333333333337,0.8452401477950836,0.31088437060246876,0.0,0.125,25.88283108698974,20000236
SPT-Threshold,10.215275143514054,7,0.5833333333333334,0.49335464568672455,0.75,0.41666666666666663,0.8357053862964344,0.3065561798589773,0.0,0.1875,25.087359326947283,20000237
SPT-Threshold,9.351310161407447,7,0.5833333333333334,0.4367439551612155,0.75,0.41666666666666663,0.8281843131341343,0.2905194990682008,0.0,0.1875,24.368766641745026,20000238
SPT-Threshold,12.022385711800727,8,0.6666666666666666,0.5773742105912917,0.8333333333333334,0.33333333333333337,0.831772311238137,0.32800281603692216,0.0,0.14583333333333334,25.68381846765325,20000239
SPT-Threshold,11.730774632684255,8,0.6666666666666666,0.5904572014902925,0.75,0.33333333333333337,0.8117804629016051,0.29520066919439664,0.0,0.20833333333333334,22.749644568802246,20000240
SPT-Threshold,12.987831938986366,9,0.75,0.6427960893343622,0.75,0.25,0.794211453466541,0.320423337902466,0.0,0.16666666666666666,23.64701375239167,20000241
SPT-Threshold,15.889368408650359,11,0.9166666666666666,0.8252998982970137,1.0,0.08333333333333337,0.8260322056733717,0.2733321838307417,0.0,0.14583333333333334,24.85677375555543,20000242
SPT-Threshold,9.767862331840142,7,0.5833333333333334,0.5055880966463897,0.6666666666666666,0.41666666666666663,0.794153543554101,0.2669259662044912,0.0,0.20833333333333334,23.08397339052803,20000243
SPT-Threshold,13.251879280661427,9,0.75,0.6700919068561599,0.8333333333333334,0.25,0.8378555664894606,0.25752444611993835,0.0,0.16666666666666666,25.289731168173812,20000244
SPT-Threshold,13.658816622229276,9,0.75,0.6812770110128694,0.8333333333333334,0.25,0.8227953124651156,0.27642841641749455,0.0,0.16666666666666666,24.308615190530926,20000245
SPT-Threshold,14.968237699303446,10,0.8333333333333334,0.7281419856309699,0.9166666666666666,0.16666666666666663,0.8420064087219489,0.30119771395751577,0.0,0.14583333333333334,26.872780300233966,20000246
SPT-Threshold,12.798869269224818,9,0.75,0.6129356844303889,0.8333333333333334,0.25,0.8202598808013817,0.3011056931920357,0.0,0.16666666666666666,24.971666201081497,20000247
SPT-Threshold,18.458812476961118,12,1.0,1.0,1.0,0.0,0.8810274988579657,0.2814442410066072,0.0,0.14583333333333334,26.238197091334296,20000248
SPT-Threshold,9.868661090713301,7,0.5833333333333334,0.45318205207818024,0.8333333333333334,0.41666666666666663,0.8432708085024411,0.3040054418620515,0.0,0.20833333333333334,24.578697975788906,20000249
SPT-Threshold,14.712027278827085,10,0.8333333333333334,0.6965656247409149,0.9166666666666666,0.16666666666666663,0.8260703998384837,0.2638335991682957,0.0,0.14583333333333334,25.19149291688632,20000250
SPT-Threshold,14.60607191699771,10,0.8333333333333334,0.7363951948129355,0.8333333333333334,0.16666666666666663,0.7934269223208079,0.28456190159131123,0.0,0.14583333333333334,23.917926216344306,20000251
SPT-Threshold,15.049900327514449,10,0.8333333333333334,0.7613088552079311,0.9166666666666666,0.16666666666666663,0.8184162227932964,0.2716322551944006,0.0,0.14583333333333334,26.237489667874407,20000252
SPT-Threshold,13.427193748956947,9,0.75,0.6403386472121143,0.75,0.25,0.8192053381196823,0.22656907259175982,0.0,0.20833333333333334,24.133393705112297,20000253
SPT-Threshold,13.296137102385718,9,0.75,0.6380048724411231,0.8333333333333334,0.25,0.8520930628113269,0.3145439789985508,0.0,0.16666666666666666,24.85525679026497,20000254
SPT-Threshold,13.44923633247823,9,0.75,0.6829389900107516,0.75,0.25,0.7741503468581125,0.3031230307841403,0.0,0.16666666666666666,22.86566511945658,20000255
SPT-Threshold,11.232468703048598,8,0.6666666666666666,0.5366458614528008,0.75,0.33333333333333337,0.792941233128211,0.31397734762546053,0.0,0.14583333333333334,23.387991846466544,20000256
SPT-Threshold,9.077565919251377,7,0.5833333333333334,0.44797318873789316,0.75,0.41666666666666663,0.7890280677786273,0.2551871056856229,0.0,0.1875,22.63487415090981,20000257
SPT-Threshold,12.96711284590144,9,0.75,0.6209053733690807,0.8333333333333334,0.25,0.8170752729489764,0.23367360988325112,0.0,0.22916666666666666,23.092538224616437,20000258
SPT-Threshold,10.907745863458866,8,0.6666666666666666,0.5464672160067006,0.75,0.33333333333333337,0.8032615228989317,0.27068067941498586,0.0,0.20833333333333334,22.475001639850774,20000259
SPT-Threshold,9.716268989996381,7,0.5833333333333334,0.50793887816446,0.6666666666666666,0.41666666666666663,0.8007790489873168,0.28748835780021836,0.0,0.20833333333333334,23.227573614077073,20000260
SPT-Threshold,9.331439778236495,7,0.5833333333333334,0.46947222401539496,0.6666666666666666,0.41666666666666663,0.8174614735609115,0.37078045505593343,0.0,0.14583333333333334,23.117302747734048,20000261
SPT-Threshold,13.14931109935365,9,0.75,0.6528305121109569,0.8333333333333334,0.25,0.8088946791866833,0.33582852461738516,0.0,0.14583333333333334,24.173355547712706,20000262
SPT-Threshold,13.000200777381698,9,0.75,0.6142297795905366,0.9166666666666666,0.25,0.8120397147352264,0.19919357934184365,0.0,0.20833333333333334,23.62395440832661,20000263
SPT-Threshold,11.111527781251414,8,0.6666666666666666,0.5184666437872427,0.75,0.33333333333333337,0.8173602528535637,0.2766063712399368,0.0,0.20833333333333334,23.293124201664135,20000264
SPT-Threshold,14.489814669780726,10,0.8333333333333334,0.707408697138253,0.9166666666666666,0.16666666666666663,0.8057098002515555,0.18084445059705753,0.0,0.22916666666666666,25.04877215691077,20000265
SPT-Threshold,14.34152052041983,10,0.8333333333333334,0.6968811769218228,0.9166666666666666,0.16666666666666663,0.8062040189313046,0.3036098724156016,0.0,0.125,24.82054603978908,20000266
SPT-Threshold,11.595349218975791,8,0.6666666666666666,0.5818682535093879,0.6666666666666666,0.33333333333333337,0.798422067354955,0.2976623923089126,0.0,0.1875,22.650027534221405,20000267
SPT-Threshold,11.188388556500604,8,0.6666666666666666,0.5377000072591075,0.75,0.33333333333333337,0.7931687547069673,0.2744380481729762,0.0,0.1875,23.939325317953912,20000268
SPT-Threshold,13.692650440882952,9,0.75,0.6475751487256022,0.8333333333333334,0.25,0.8410627734875438,0.27092085579510544,0.0,0.1875,24.70667885024634,20000269
SPT-Threshold,11.188559575786567,8,0.6666666666666666,0.49152758977982214,0.8333333333333334,0.33333333333333337,0.8244614709824362,0.21403406633819533,0.0,0.22916666666666666,23.64546271891051,20000270
SPT-Threshold,13.13059801732628,9,0.75,0.6636171711521411,0.8333333333333334,0.25,0.809268134765272,0.30445961996424653,0.0,0.125,25.291824893861207,20000271
SPT-Threshold,14.544862269941909,10,0.8333333333333334,0.716532567598469,0.8333333333333334,0.16666666666666663,0.7990241719553252,0.2144369118918268,0.0,0.20833333333333334,24.578343536421038,20000272
SPT-Threshold,14.493416609560635,10,0.8333333333333334,0.7129806173272106,0.8333333333333334,0.16666666666666663,0.8315461768521665,0.302565647820662,0.0,0.14583333333333334,25.39583598970508,20000273
SPT-Threshold,10.960442623522436,8,0.6666666666666666,0.5143486781156442,0.8333333333333334,0.33333333333333337,0.7913785619226381,0.31831835313574436,0.0,0.14583333333333334,23.83067277651406,20000274
SPT-Threshold,14.65655460099925,10,0.8333333333333334,0.7463600627588358,0.9166666666666666,0.16666666666666663,0.7985483611857837,0.28489540513186884,0.0,0.14583333333333334,24.8760338364184,20000275
SPT-Threshold,11.478210070813418,8,0.6666666666666666,0.5379126982647277,0.75,0.33333333333333337,0.8101145353137547,0.22936522665205095,0.0,0.20833333333333334,23.318533655456122,20000276
SPT-Threshold,12.904631371569737,9,0.75,0.6245243132724361,0.75,0.25,0.7958260650351887,0.24514157043024246,0.0,0.20833333333333334,23.668199066015518,20000277
SPT-Threshold,9.601866360231776,7,0.5833333333333334,0.4529602472046542,0.75,0.41666666666666663,0.7929899177167462,0.21808258435519534,0.0,0.25,21.992151426722508,20000278
SPT-Threshold,13.237243534803591,9,0.75,0.6226850247654915,0.8333333333333334,0.25,0.7951543875290032,0.21444814536374346,0.0,0.22916666666666666,23.049918998215567,20000279
SPT-Threshold,12.82277852051079,9,0.75,0.625245853519778,1.0,0.25,0.7984638328773896,0.2439493224905855,0.0,0.16666666666666666,25.309357995850725,20000280
SPT-Threshold,14.377894548212753,10,0.8333333333333334,0.7440517128283824,0.8333333333333334,0.16666666666666663,0.7857681433846603,0.27368980337272164,0.0,0.1875,23.874717289214065,20000281
SPT-Threshold,11.73706178807623,8,0.6666666666666666,0.5478523020556594,0.8333333333333334,0.33333333333333337,0.8449116369912418,0.2729528801266653,0.0,0.1875,24.854327093113753,20000282
SPT-Threshold,14.595775321894246,10,0.8333333333333334,0.7002767983821189,0.9166666666666666,0.16666666666666663,0.8229221995807791,0.22919436508701904,0.0,0.20833333333333334,23.79879255873878,20000283
SPT-Threshold,11.688427860092819,8,0.6666666666666666,0.5549042246176072,0.8333333333333334,0.33333333333333337,0.7863008260863301,0.2600746847453543,0.0,0.1875,24.138561565271,20000284
SPT-Threshold,9.627443292619434,7,0.5833333333333334,0.43538904754903035,0.8333333333333334,0.41666666666666663,0.7827925720224483,0.231391569665738,0.0,0.20833333333333334,22.913897618906244,20000285
SPT-Threshold,11.760847221972384,8,0.6666666666666666,0.5865245924811183,0.6666666666666666,0.33333333333333337,0.8025218230586547,0.2995921946598277,0.0,0.1875,23.984530791807664,20000286
SPT-Threshold,15.985046693752704,11,0.9166666666666666,0.8331260482561131,0.9166666666666666,0.08333333333333337,0.8315662289687015,0.2413264471701694,0.0,0.1875,25.19426001947545,20000287
SPT-Threshold,12.658229885215844,9,0.75,0.6183793944150346,0.8333333333333334,0.25,0.7916159974193778,0.25269986754871193,0.0,0.14583333333333334,24.73364643004955,20000288
SPT-Threshold,15.107449442206219,10,0.8333333333333334,0.7313500391379221,0.9166666666666666,0.16666666666666663,0.8296370847933533,0.17666464875819285,0.0,0.25,24.330253820944108,20000289
SPT-Threshold,9.507541484766556,7,0.5833333333333334,0.43149429661011063,0.75,0.41666666666666663,0.7938932069104471,0.25429849171915975,0.0,0.1875,23.702100972660464,20000290
SPT-Threshold,14.715908238738503,10,0.8333333333333334,0.74118907254355,0.9166666666666666,0.16666666666666663,0.8219154743102521,0.24578274714759205,0.0,0.20833333333333334,24.10874680361618,20000291
SPT-Threshold,11.400667072103031,8,0.6666666666666666,0.5672246421205701,0.75,0.33333333333333337,0.8108348412059873,0.26938071983866524,0.0,0.20833333333333334,23.23322812214412,20000292
SPT-Threshold,12.893132290026587,9,0.75,0.6223811980982854,0.8333333333333334,0.25,0.7867935048198204,0.24753773774525625,0.0,0.1875,22.43952284735007,20000293
SPT-Threshold,9.825939412429298,7,0.5833333333333334,0.4644710159524587,0.75,0.41666666666666663,0.8094796559337224,0.28657493838293935,0.0,0.1875,22.84698712586063,20000294
SPT-Threshold,12.801730169654936,9,0.75,0.6280364418443886,0.75,0.25,0.7949599929016227,0.22664065943589126,0.0,0.22916666666666666,22.94293932123285,20000295
SPT-Threshold,11.411971942567577,8,0.6666666666666666,0.5485528376658452,0.75,0.33333333333333337,0.8386046062687846,0.2974042663415644,0.0,0.1875,25.020056139570837,20000296
SPT-Threshold,10.80572809049999,8,0.6666666666666666,0.4810213804269275,0.8333333333333334,0.33333333333333337,0.8059813846656145,0.23347090364357323,0.0,0.22916666666666666,23.378780135638888,20000297
SPT-Threshold,11.383891198747879,8,0.6666666666666666,0.5171543697421006,0.8333333333333334,0.33333333333333337,0.8112131741396444,0.25984462641890954,0.0,0.1875,23.639333161373855,20000298
SPT-Threshold,10.675463114580316,8,0.6666666666666666,0.44857143672141375,0.9166666666666666,0.33333333333333337,0.7999061774297865,0.2424695954381162,0.0,0.1875,23.281595688433644,20000299
SPT-Threshold,11.644354699731675,8,0.6666666666666666,0.5579619991983538,0.75,0.33333333333333337,0.8436720213448149,0.31126633946996213,0.0,0.1875,25.297571842748813,20000300
SPT-Threshold,14.49781141555183,10,0.8333333333333334,0.7246974777084646,0.9166666666666666,0.16666666666666663,0.8133347379641536,0.2983551969513429,0.0,0.16666666666666666,25.04455161503044,20000301
SPT-Threshold,12.00225409517272,8,0.6666666666666666,0.5616721577736139,0.75,0.33333333333333337,0.7955458156235546,0.241154359677362,0.0,0.20833333333333334,23.052873935803238,20000302
SPT-Threshold,9.581301392257917,7,0.5833333333333334,0.48314553922262704,0.8333333333333334,0.41666666666666663,0.8097156743889903,0.2693861321639158,0.0,0.16666666666666666,24.805677032010855,20000303
SPT-Threshold,16.583831791937396,11,0.9166666666666666,0.8993225937310327,1.0,0.08333333333333337,0.8318252430030917,0.30284774872886605,0.0,0.125,26.308184158709544,20000304
SPT-Threshold,14.614827522351073,10,0.8333333333333334,0.7421160390139029,1.0,0.16666666666666663,0.8181819906754965,0.24235857459338164,0.0,0.14583333333333334,25.372741397584086,20000305
SPT-Threshold,14.292840583077718,10,0.8333333333333334,0.6977029879231809,0.9166666666666666,0.16666666666666663,0.7871046792536776,0.2731138140772384,0.0,0.125,25.703696025629117,20000306
SPT-Threshold,12.765760055766949,9,0.75,0.6243007937132935,0.75,0.25,0.8086151975318243,0.26565239154781534,0.0,0.25,22.616801193611643,20000307
SPT-Threshold,13.270390736197756,9,0.75,0.6288436219779537,0.8333333333333334,0.25,0.8142428604148558,0.3258836819068153,0.0,0.125,24.570740034261764,20000308
SPT-Threshold,11.63717991453783,8,0.6666666666666666,0.5706219981695612,0.75,0.33333333333333337,0.8192637329366615,0.33905359334050783,0.0,0.16666666666666666,24.949299547933496,20000309
SPT-Threshold,14.265843662457852,10,0.8333333333333334,0.7254845942423319,0.9166666666666666,0.16666666666666663,0.8195656399848246,0.2628910966464279,0.0,0.20833333333333334,24.486016484173184,20000310
SPT-Threshold,10.934037638498,8,0.6666666666666666,0.5089903279733133,0.8333333333333334,0.33333333333333337,0.7929993664048264,0.2670023044468111,0.0,0.1875,23.498138817231556,20000311
SPT-Threshold,13.344661317828129,9,0.75,0.6194896562592949,0.8333333333333334,0.25,0.8329569546463258,0.20971323750800408,0.0,0.22916666666666666,24.45975920166444,20000312
SPT-Threshold,11.571053421171271,8,0.6666666666666666,0.5337317904687405,0.8333333333333334,0.33333333333333337,0.8312347560915517,0.29350268575022226,0.0,0.16666666666666666,24.37018327888247,20000313
SPT-Threshold,12.673417865635816,9,0.75,0.6151103606027896,0.8333333333333334,0.25,0.7983596926995955,0.2815218854630945,0.0,0.1875,23.78585884454333,20000314
SPT-Threshold,13.19225299860148,9,0.75,0.6182879015509912,0.8333333333333334,0.25,0.8368624085395976,0.2663484857158485,0.0,0.20833333333333334,24.000650880760062,20000315
SPT-Threshold,9.537403757082522,7,0.5833333333333334,0.4694860039915692,0.6666666666666666,0.41666666666666663,0.8075364737513326,0.2897070416821057,0.0,0.20833333333333334,22.38054278021985,20000316
SPT-Threshold,13.147164165055527,9,0.75,0.6453480105640452,0.8333333333333334,0.25,0.8238573822651354,0.252575214974154,0.0,0.20833333333333334,24.394544285260604,20000317
SPT-Threshold,9.538759894701265,7,0.5833333333333334,0.47769093577969635,0.75,0.41666666666666663,0.8101911033701256,0.342220238036528,0.0,0.14583333333333334,24.370138002481255,20000318
SPT-Threshold,10.044156358507585,7,0.5833333333333334,0.4916722312594497,0.75,0.41666666666666663,0.8135481693647266,0.29612559111414016,0.0,0.1875,23.289445698498753,20000319
SPT-Threshold,13.707900089113533,9,0.75,0.6548013247559447,0.75,0.25,0.8055288256600054,0.2552068087979831,0.0,0.1875,23.257976557192407,20000320
SPT-Threshold,14.136125689355335,10,0.8333333333333334,0.7177903355620265,0.8333333333333334,0.16666666666666663,0.8022621728774438,0.2489500113819925,0.0,0.16666666666666666,24.128713313665315,20000321
SPT-Threshold,11.52803655441446,8,0.6666666666666666,0.5522888958952052,0.75,0.33333333333333337,0.8056521526807671,0.2518053570638244,0.0,0.1875,23.753244745296726,20000322
SPT-Threshold,8.336169655857852,6,0.5,0.409321306943568,0.8333333333333334,0.5,0.8127589125024599,0.2857249334050171,0.0,0.16666666666666666,25.12718202961003,20000323
SPT-Threshold,13.409279969693635,9,0.75,0.687600168269735,0.8333333333333334,0.25,0.821482976549086,0.32525061398049093,0.0,0.10416666666666667,26.792333067219047,20000324
SPT-Threshold,12.955029236421332,9,0.75,0.6214747940289866,0.9166666666666666,0.25,0.8076415956946802,0.2767983053102616,0.0,0.14583333333333334,24.571666857611508,20000325
SPT-Threshold,11.891630712125451,8,0.6666666666666666,0.594063916148379,0.6666666666666666,0.33333333333333337,0.7932833102016675,0.27984167936342175,0.0,0.25,21.92566305446332,20000326
SPT-Threshold,12.947573842099045,9,0.75,0.6100879519092697,0.8333333333333334,0.25,0.8207787533294777,0.22318961842301052,0.0,0.1875,25.167911974613478,20000327
SPT-Threshold,12.988590441705815,9,0.75,0.6122801820908391,0.8333333333333334,0.25,0.8072200425295183,0.30437702935512184,0.0,0.16666666666666666,24.20019864041376,20000328
SPT-Threshold,11.592900500686511,8,0.6666666666666666,0.5483443693991289,0.75,0.33333333333333337,0.8104086493957622,0.27616715231021344,0.0,0.20833333333333334,23.707482485051617,20000329
SPT-Threshold,12.986722182581781,9,0.75,0.6314914055749848,0.8333333333333334,0.25,0.7846810410760031,0.24539852513819463,0.0,0.1875,24.034989771796884,20000330
SPT-Threshold,12.588525282904232,9,0.75,0.6204120714928565,0.9166666666666666,0.25,0.8631998310478286,0.32669494679586014,0.0,0.125,26.603629383428878,20000331
SPT-Threshold,11.29524849671858,8,0.6666666666666666,0.48192956005046156,0.9166666666666666,0.33333333333333337,0.8214506248936546,0.23076753243505385,0.0,0.1875,25.259552854178203,20000332
SPT-Threshold,10.821181459284382,8,0.6666666666666666,0.49822984038906537,0.8333333333333334,0.33333333333333337,0.78487835473533,0.24695651174683084,0.0,0.20833333333333334,22.352149704267603,20000333
SPT-Threshold,11.728045929514645,8,0.6666666666666666,0.5788204807133247,0.75,0.33333333333333337,0.7999760894930265,0.25768957851451263,0.0,0.20833333333333334,23.78373884238765,20000334
SPT-Threshold,11.017849507227687,8,0.6666666666666666,0.5524482089432659,0.75,0.33333333333333337,0.7900215746776337,0.2681210897929263,0.0,0.1875,23.15504932351789,20000335
SPT-Threshold,11.089557727051044,8,0.6666666666666666,0.5277233331221927,0.75,0.33333333333333337,0.8357889522484525,0.3263395246293447,0.0,0.16666666666666666,24.302939488848768,20000336
SPT-Threshold,10.950906953934824,8,0.6666666666666666,0.5344478806385173,0.75,0.33333333333333337,0.8167579622575812,0.3045983375327185,0.0,0.16666666666666666,22.92126171992941,20000337
SPT-Threshold,16.990922361694658,11,0.9166666666666666,0.8588280477401384,0.9166666666666666,0.08333333333333337,0.8528707347640351,0.25709952419380516,0.0,0.16666666666666666,25.92304140469024,20000338
SPT-Threshold,14.607934816691971,10,0.8333333333333334,0.7313619783008846,0.8333333333333334,0.16666666666666663,0.8236904973932204,0.28487828934076953,0.0,0.14583333333333334,25.25518756659798,20000339
SPT-Threshold,10.99701400691249,8,0.6666666666666666,0.5398103122851725,0.6666666666666666,0.33333333333333337,0.7980191204987498,0.24158739527151554,0.0,0.25,21.635577474063176,20000340
SPT-Threshold,12.870554599182611,9,0.75,0.6190377058252131,0.8333333333333334,0.25,0.8312110417200561,0.2848187137690448,0.0,0.1875,24.50435491966046,20000341
SPT-Threshold,13.864354822248785,10,0.8333333333333334,0.7215967034365264,0.8333333333333334,0.16666666666666663,0.7884421471023689,0.3145367817156313,0.0,0.14583333333333334,23.80801954988467,20000342
SPT-Threshold,11.306146033344616,8,0.6666666666666666,0.5474329592257798,0.75,0.33333333333333337,0.78147867907016,0.2622190097354118,0.0,0.1875,23.25727938646901,20000343
SPT-Threshold,12.881494819116243,9,0.75,0.6365657661621974,0.75,0.25,0.7906055989495732,0.23263108761531145,0.0,0.20833333333333334,23.32360688541003,20000344
SPT-Threshold,11.800898082702314,8,0.6666666666666666,0.5729090928700041,0.75,0.33333333333333337,0.7991091535698924,0.2940184997819426,0.0,0.16666666666666666,24.131560721062435,20000345
SPT-Threshold,7.740708554449597,6,0.5,0.34625131859015323,0.75,0.5,0.8011263080370298,0.23119735460600574,0.0,0.25,21.706725316488498,20000346
SPT-Threshold,9.7284779803359,7,0.5833333333333334,0.4819107495017886,0.8333333333333334,0.41666666666666663,0.8107320254492777,0.3045919233542879,0.0,0.14583333333333334,24.500292228662584,20000347
SPT-Threshold,13.637480963841657,9,0.75,0.6473625935241364,0.8333333333333334,0.25,0.8296200083728552,0.30958703104749086,0.0,0.14583333333333334,25.68734253080917,20000348
SPT-Threshold,14.515128385664992,10,0.8333333333333334,0.7182085894177094,1.0,0.16666666666666663,0.857993515688657,0.2834373988587896,0.0,0.14583333333333334,25.682901807159958,20000349
SPT-Threshold,11.164608852055952,8,0.6666666666666666,0.5550674845409812,0.75,0.33333333333333337,0.7909606868165016,0.3310421540013467,0.0,0.14583333333333334,23.618970816592775,20000350
SPT-Threshold,13.496619724978599,9,0.75,0.654051631137752,0.8333333333333334,0.25,0.826581987544632,0.2702083922219773,0.0,0.16666666666666666,25.317025129443817,20000351
SPT-Threshold,11.168170894880097,8,0.6666666666666666,0.5329963784892109,0.8333333333333334,0.33333333333333337,0.8146008607766495,0.23916593130904384,0.0,0.20833333333333334,24.17850226131308,20000352
SPT-Threshold,11.212288477464082,8,0.6666666666666666,0.5255290636126706,0.75,0.33333333333333337,0.8080240319987407,0.2456316833993071,0.0,0.1875,23.832597675953373,20000353
SPT-Threshold,13.058816997767423,9,0.75,0.6300918168363118,0.8333333333333334,0.25,0.780403010998003,0.23197933399101378,0.0,0.20833333333333334,22.84207445606348,20000354
SPT-Threshold,14.430767693125988,10,0.8333333333333334,0.7294566370797299,0.9166666666666666,0.16666666666666663,0.7948933587556475,0.28493898135846313,0.0,0.14583333333333334,24.572029264599927,20000355
SPT-Threshold,13.310199267495316,9,0.75,0.6290093512568393,0.9166666666666666,0.25,0.8267749365366631,0.2866861933937575,0.0,0.16666666666666666,25.70389368511823,20000356
SPT-Threshold,12.965157098485392,9,0.75,0.6503260680222743,0.75,0.25,0.8235703118954749,0.25290812582727545,0.0,0.22916666666666666,23.622073161091084,20000357
SPT-Threshold,18.1392839374939,12,1.0,1.0,1.0,0.0,0.8289536379594326,0.21753579141188528,0.0,0.20833333333333334,24.98491751292079,20000358
SPT-Threshold,16.617466797497617,11,0.9166666666666666,0.8516504870981056,0.9166666666666666,0.08333333333333337,0.8464294780455862,0.2764483630037864,0.0,0.16666666666666666,25.958957073522125,20000359
SPT-Threshold,12.915575492111738,9,0.75,0.6075503639241306,0.8333333333333334,0.25,0.8248153382543858,0.2047574751174018,0.0,0.25,23.696976339964905,20000360
SPT-Threshold,7.689308072881217,6,0.5,0.36558605149743956,0.75,0.5,0.8000403093898253,0.28867806825317993,0.0,0.14583333333333334,24.809570099982903,20000361
SPT-Threshold,12.767786348915465,9,0.75,0.6392018704969757,0.75,0.25,0.7857285711345038,0.3085022212048317,0.0,0.16666666666666666,23.4582848904903,20000362
SPT-Threshold,11.72545022069648,8,0.6666666666666666,0.5605824473700962,0.75,0.33333333333333337,0.8103759333148339,0.2925654623486846,0.0,0.1875,23.999209475843788,20000363
SPT-Threshold,7.824788691734781,6,0.5,0.3522021678431081,0.75,0.5,0.7735022478507688,0.24054228470353345,0.0,0.20833333333333334,21.754106975878837,20000364
SPT-Threshold,11.380228652865641,8,0.6666666666666666,0.5453559085172559,0.6666666666666666,0.33333333333333337,0.7860880866190839,0.19983886973552092,0.0,0.2708333333333333,21.590164355758024,20000365
SPT-Threshold,14.396853664368612,9,0.75,0.6766426850138642,0.75,0.25,0.8426037478352182,0.26479145406117405,0.0,0.22916666666666666,24.364009122644312,20000366
SPT-Threshold,11.037671321164911,8,0.6666666666666666,0.48404816089635333,0.8333333333333334,0.33333333333333337,0.8237875799239852,0.2590899108945444,0.0,0.14583333333333334,24.65544613328552,20000367
SPT-Threshold,13.293407738597814,9,0.75,0.6467157484623461,0.9166666666666666,0.25,0.8235732451963184,0.24622619898521317,0.0,0.1875,24.927075207005515,20000368
SPT-Threshold,13.462558634216963,9,0.75,0.6624025891546401,0.75,0.25,0.8275237870973188,0.33046767529108273,0.0,0.1875,24.399271111490076,20000369
SPT-Threshold,14.830353241490084,10,0.8333333333333334,0.7374919784515814,0.8333333333333334,0.16666666666666663,0.7939204179510003,0.21666735696933048,0.0,0.22916666666666666,23.749191113301688,20000370
SPT-Threshold,11.179851301088348,8,0.6666666666666666,0.5201977264341517,0.75,0.33333333333333337,0.8328027776778576,0.25026133096129,0.0,0.20833333333333334,23.232949331445376,20000371
SPT-Threshold,12.097554716871905,8,0.6666666666666666,0.5740214208634399,0.75,0.33333333333333337,0.8094364308532832,0.25817437242587077,0.0,0.22916666666666666,23.465944557121837,20000372
SPT-Threshold,15.87954256934878,11,0.9166666666666666,0.8470775743093452,0.9166666666666666,0.08333333333333337,0.7893475289024119,0.2775101765505517,0.0,0.14583333333333334,26.180826653049504,20000373
SPT-Threshold,12.87541932378855,9,0.75,0.6248450649066877,0.8333333333333334,0.25,0.8013110876760946,0.27658707480520567,0.0,0.1875,24.802418198542586,20000374
SPT-Threshold,11.315893910832925,8,0.6666666666666666,0.5558482135747256,0.8333333333333334,0.33333333333333337,0.8341151052781237,0.3247488889569392,0.0,0.125,25.82892756910012,20000375
SPT-Threshold,13.01063916536738,9,0.75,0.5808699523986803,0.9166666666666666,0.25,0.7927614987264636,0.22387162116605885,0.0,0.20833333333333334,24.67120682747587,20000376
SPT-Threshold,9.0260486957819,7,0.5833333333333334,0.3986097662268358,0.75,0.41666666666666663,0.8000253676939838,0.22266681624555806,0.0,0.22916666666666666,22.244160683348092,20000377
SPT-Threshold,7.7125320210099835,6,0.5,0.36435535052029955,0.75,0.5,0.8014514009097716,0.25429777672136156,0.0,0.20833333333333334,23.033290723346138,20000378
SPT-Threshold,12.747137127190555,9,0.75,0.5814916690051282,0.9166666666666666,0.25,0.8287304589425503,0.2673615109911085,0.0,0.16666666666666666,24.88875674119766,20000379
SPT-Threshold,12.811126159565372,9,0.75,0.5984155390833663,0.9166666666666666,0.25,0.8198601291900852,0.31482964547631725,0.0,0.125,25.584148893512,20000380
SPT-Threshold,9.970742370133921,7,0.5833333333333334,0.4552930952223791,0.75,0.41666666666666663,0.8047256970045261,0.26844469045816166,0.0,0.1875,23.53604978431624,20000381
SPT-Threshold,13.754107364735415,10,0.8333333333333334,0.6813536295775539,0.9166666666666666,0.16666666666666663,0.8339219317963661,0.33100357214470466,0.0,0.10416666666666667,25.37582574080581,20000382
SPT-Threshold,12.939615082418111,9,0.75,0.6196042438777722,0.8333333333333334,0.25,0.809952139257816,0.252116974288024,0.0,0.22916666666666666,23.374065617898157,20000383
SPT-Threshold,11.590181182136922,8,0.6666666666666666,0.5528991821031153,0.8333333333333334,0.33333333333333337,0.7965271528791815,0.26009911489383375,0.0,0.1875,23.998874355367597,20000384
SPT-Threshold,11.30348694026175,8,0.6666666666666666,0.47913552198983855,0.9166666666666666,0.33333333333333337,0.7965231210438937,0.23319175348228494,0.0,0.1875,25.00954076800279,20000385
SPT-Threshold,11.21231567212687,8,0.6666666666666666,0.5712253841971899,0.6666666666666666,0.33333333333333337,0.7856583424634511,0.2575941969340101,0.0,0.20833333333333334,21.97192795450511,20000386
SPT-Threshold,16.62761609034171,11,0.9166666666666666,0.8493759896580907,0.9166666666666666,0.08333333333333337,0.8273620912008086,0.30974431264584246,0.0,0.125,26.20132809383744,20000387
SPT-Threshold,13.191229037766655,9,0.75,0.6860518026964368,1.0,0.25,0.8439111696996036,0.3003001083551906,0.0,0.125,26.24807496396949,20000388
SPT-Threshold,15.131866374019324,10,0.8333333333333334,0.7295953109410926,0.9166666666666666,0.16666666666666663,0.8743688041709077,0.3338503655673537,0.0,0.14583333333333334,26.212739044181752,20000389
SPT-Threshold,12.934060023634645,9,0.75,0.633914602783333,0.8333333333333334,0.25,0.8219334690027505,0.31132994563170274,0.0,0.14583333333333334,24.619378217000783,20000390
SPT-Threshold,13.146252182539069,9,0.75,0.6452056696549036,0.9166666666666666,0.25,0.8405752326867155,0.28375436893247513,0.0,0.1875,24.90470206196758,20000391
SPT-Threshold,13.419301216276903,9,0.75,0.6440610512363897,0.9166666666666666,0.25,0.8273429550007426,0.26323392614540714,0.0,0.1875,25.46960370428816,20000392
SPT-Threshold,11.631605496025946,8,0.6666666666666666,0.5569250263424985,0.75,0.33333333333333337,0.8280983521739209,0.2617303139813582,0.0,0.20833333333333334,23.66983224494354,20000393
SPT-Threshold,9.990771816940665,7,0.5833333333333334,0.482081281416888,0.6666666666666666,0.41666666666666663,0.826059436012863,0.2629721894444678,0.0,0.22916666666666666,22.670345060458505,20000394
SPT-Threshold,12.893524354344079,9,0.75,0.6128503798305939,0.8333333333333334,0.25,0.8477724185376824,0.28169041128597433,0.0,0.1875,25.4142056628309,20000395
SPT-Threshold,13.089746364279387,9,0.75,0.6278857214792278,0.8333333333333334,0.25,0.803295196494194,0.18784110129913986,0.0,0.2708333333333333,22.07895289987896,20000396
SPT-Threshold,14.339083790352582,10,0.8333333333333334,0.71078687318652,0.9166666666666666,0.16666666666666663,0.8336926020601476,0.2653389536928104,0.0,0.16666666666666666,25.928846493841178,20000397
SPT-Threshold,13.972035335587092,10,0.8333333333333334,0.693094863981352,0.9166666666666666,0.16666666666666663,0.8195698257015597,0.2564065704898065,0.0,0.16666666666666666,25.073183460338882,20000398
SPT-Threshold,12.546395015550292,9,0.75,0.5821955699904618,0.8333333333333334,0.25,0.7935885248334084,0.24922275558737006,0.0,0.20833333333333334,23.69022596176646,20000399
SPT-Threshold,10.987826262905577,8,0.6666666666666666,0.5283184993773574,0.8333333333333334,0.33333333333333337,0.8065008362052337,0.21489463295335773,0.0,0.25,22.079066547672074,20000400
SPT-Threshold,11.86629043324353,8,0.6666666666666666,0.5813150098603233,0.6666666666666666,0.33333333333333337,0.8292735999704733,0.25272819424359205,0.0,0.25,23.57869595135772,20000401
SPT-Threshold,9.978385696183647,7,0.5833333333333334,0.47612418616299695,0.6666666666666666,0.41666666666666663,0.7952203326540843,0.2537587762321254,0.0,0.22916666666666666,22.207612232343315,20000402
SPT-Threshold,13.657600783332253,9,0.75,0.6672767303194155,0.75,0.25,0.7963545632721495,0.280704767057997,0.0,0.20833333333333334,22.984331783393696,20000403
SPT-Threshold,12.69699064338155,9,0.75,0.6371239038856882,0.75,0.25,0.774715341616162,0.26821363962061634,0.0,0.20833333333333334,22.709832313558227,20000404
SPT-Threshold,10.22145674869377,7,0.5833333333333334,0.5005285480427604,0.6666666666666666,0.41666666666666663,0.7815916116019072,0.2200182721037642,0.0,0.2708333333333333,21.793393063900428,20000405
SPT-Threshold,11.282236632139009,8,0.6666666666666666,0.5206391763882205,0.8333333333333334,0.33333333333333337,0.8510098735820039,0.3060952719176809,0.0,0.16666666666666666,25.277531657830153,20000406
SPT-Threshold,13.031185549886247,9,0.75,0.6343936220375929,0.8333333333333334,0.25,0.8293081586252372,0.28800198238330726,0.0,0.16666666666666666,24.51482450781409,20000407
SPT-Threshold,11.573365164270234,8,0.6666666666666666,0.5358236588390303,0.9166666666666666,0.33333333333333337,0.7933534177734888,0.2191891748089229,0.0,0.20833333333333334,25.46741005426766,20000408
SPT-Threshold,11.167759883286413,8,0.6666666666666666,0.5067151105727264,0.8333333333333334,0.33333333333333337,0.8567458376701782,0.2895065188351554,0.0,0.16666666666666666,25.916651958704566,20000409
SPT-Threshold,14.927950052922172,10,0.8333333333333334,0.7369560466695871,0.9166666666666666,0.16666666666666663,0.8238092503447613,0.23171645687651257,0.0,0.1875,24.892905771645125,20000410
SPT-Threshold,13.355333282790665,9,0.75,0.6389473763554254,0.8333333333333334,0.25,0.8050212274896853,0.230061100103951,0.0,0.20833333333333334,24.005427856848797,20000411
SPT-Threshold,11.806514792727528,8,0.6666666666666666,0.6103753087334947,0.75,0.33333333333333337,0.8044950802136247,0.2643669625040703,0.0,0.25,23.1999682312385,20000412
SPT-Threshold,11.351611851347796,8,0.6666666666666666,0.5571911245841431,0.8333333333333334,0.33333333333333337,0.8232597117783261,0.20485994377785835,0.0,0.25,23.06505341768361,20000413
SPT-Threshold,11.274460058596878,8,0.6666666666666666,0.5476523482521644,0.8333333333333334,0.33333333333333337,0.7764021737409253,0.2949298356421228,0.0,0.16666666666666666,23.572554144412308,20000414
SPT-Threshold,12.859988248140171,9,0.75,0.608479560636881,0.8333333333333334,0.25,0.8418532726651161,0.291775212926527,0.0,0.14583333333333334,25.33340308437794,20000415
SPT-Threshold,12.86027742711362,9,0.75,0.6327455331225998,0.8333333333333334,0.25,0.787349743371378,0.2812078253795145,0.0,0.1875,22.868869474307125,20000416
SPT-Threshold,11.15040079408049,8,0.6666666666666666,0.49279140572141156,0.8333333333333334,0.33333333333333337,0.8206956741433489,0.24519830150155109,0.0,0.20833333333333334,23.928664931578265,20000417
SPT-Threshold,14.443351524070133,10,0.8333333333333334,0.7483886284983456,0.9166666666666666,0.16666666666666663,0.8113072493299952,0.24727164282378586,0.0,0.14583333333333334,26.00459506376654,20000418
SPT-Threshold,11.194408076606845,8,0.6666666666666666,0.5128081621227122,0.75,0.33333333333333337,0.7945944550672266,0.25472045837482565,0.0,0.25,22.019221751863988,20000419
SPT-Threshold,14.18635018413034,10,0.8333333333333334,0.6947725173759026,0.9166666666666666,0.16666666666666663,0.8366144489300188,0.29646253519248283,0.0,0.14583333333333334,25.766476173764186,20000420
SPT-Threshold,11.566797957299304,8,0.6666666666666666,0.5723721673472564,0.6666666666666666,0.33333333333333337,0.8199151749254058,0.2608297038327127,0.0,0.22916666666666666,23.279350315575687,20000421
SPT-Threshold,13.292029275475704,9,0.75,0.6515305942279838,0.8333333333333334,0.25,0.8162616032522433,0.200970801123613,0.0,0.22916666666666666,23.592535715160743,20000422
SPT-Threshold,14.289867765723578,10,0.8333333333333334,0.7045706120164547,0.9166666666666666,0.16666666666666663,0.8007739495437253,0.24294913447410926,0.0,0.16666666666666666,24.113300338041725,20000423
SPT-Threshold,11.182729601652813,8,0.6666666666666666,0.5514514992819745,0.75,0.33333333333333337,0.7934319001290188,0.2587834345789331,0.0,0.20833333333333334,22.937715904842523,20000424
SPT-Threshold,5.406686639039088,5,0.4166666666666667,0.2624705458999091,0.6666666666666666,0.5833333333333333,0.7657985190299982,0.28409645488041707,0.0,0.1875,22.00964682735144,20000425
SPT-Threshold,12.963583736443718,9,0.75,0.6183858246485167,0.8333333333333334,0.25,0.8414208765658424,0.26922820564455185,0.0,0.20833333333333334,24.294772578646572,20000426
SPT-Threshold,14.95050930264722,10,0.8333333333333334,0.7457538841514542,0.8333333333333334,0.16666666666666663,0.8507747968045335,0.24391190217685943,0.0,0.22916666666666666,24.63521198672187,20000427
SPT-Threshold,15.256738112154887,10,0.8333333333333334,0.7317906207525001,0.9166666666666666,0.16666666666666663,0.8451414811980206,0.30067900166603745,0.0,0.14583333333333334,26.853084524141867,20000428
SPT-Threshold,12.118345598122282,9,0.75,0.5678122975403304,0.9166666666666666,0.25,0.7966732009086323,0.29109006435372836,0.0,0.14583333333333334,23.483360346742245,20000429
SPT-Threshold,16.103116303697348,11,0.9166666666666666,0.8282289048988517,0.9166666666666666,0.08333333333333337,0.8357497428143134,0.2400369729529562,0.0,0.1875,24.869538436523328,20000430
SPT-Threshold,11.110822498582335,8,0.6666666666666666,0.5510950245648041,0.75,0.33333333333333337,0.7909248312932657,0.2553717561711062,0.0,0.1875,23.537369142326625,20000431
SPT-Threshold,13.281324472101904,9,0.75,0.6506068270847556,0.9166666666666666,0.25,0.8503509978296786,0.2775638468943881,0.0,0.16666666666666666,26.86650352861307,20000432
SPT-Threshold,11.6486531269924,8,0.6666666666666666,0.5952397976332341,0.75,0.33333333333333337,0.8346843024571539,0.2931061427056834,0.0,0.20833333333333334,24.506157372075805,20000433
SPT-Threshold,13.146676370401556,9,0.75,0.6221253348255817,0.8333333333333334,0.25,0.8199712475202913,0.27444160575035353,0.0,0.20833333333333334,23.508856264524766,20000434
SPT-Threshold,16.78541719759874,11,0.9166666666666666,0.8707177001213569,0.9166666666666666,0.08333333333333337,0.8377652666410129,0.3287263770796977,0.0,0.10416666666666667,26.698023523248104,20000435
SPT-Threshold,14.56807700274866,10,0.8333333333333334,0.7038379920950366,0.9166666666666666,0.16666666666666663,0.8571239638212681,0.27251539973036815,0.0,0.14583333333333334,27.14469367157568,20000436
SPT-Threshold,12.483521200340212,9,0.75,0.615975829557197,0.8333333333333334,0.25,0.8302449342735345,0.30760910819285914,0.0,0.14583333333333334,24.60971508715951,20000437
SPT-Threshold,9.42774536078408,7,0.5833333333333334,0.4164702501725256,0.75,0.41666666666666663,0.7764635191625465,0.19699946720828396,0.0,0.2916666666666667,20.685487539401286,20000438
SPT-Threshold,11.843426553916773,8,0.6666666666666666,0.5859095846009627,0.6666666666666666,0.33333333333333337,0.7910006934784976,0.27695978320299447,0.0,0.20833333333333334,23.03069647121666,20000439
SPT-Threshold,16.234023504137912,11,0.9166666666666666,0.8529818445938621,1.0,0.08333333333333337,0.803612252248003,0.2521464638214866,0.0,0.1875,25.390643604545573,20000440
SPT-Threshold,9.312507188267118,7,0.5833333333333334,0.42605265629471206,0.6666666666666666,0.41666666666666663,0.7673393345326192,0.22072601848082693,0.0,0.2916666666666667,20.392868579370976,20000441
SPT-Threshold,16.142985893583017,11,0.9166666666666666,0.836642871465275,0.9166666666666666,0.08333333333333337,0.8202226912186975,0.281986581236622,0.0,0.14583333333333334,25.225604297537537,20000442
SPT-Threshold,11.60274834402752,8,0.6666666666666666,0.5447220484271117,0.8333333333333334,0.33333333333333337,0.8536154374344544,0.32414969735542937,0.0,0.14583333333333334,25.81057707210823,20000443
SPT-Threshold,11.3883198582049,8,0.6666666666666666,0.5456565902740301,0.75,0.33333333333333337,0.7902761051060455,0.2527583372309527,0.0,0.20833333333333334,23.454207287135695,20000444
SPT-Threshold,13.3255627738335,9,0.75,0.6348038971823621,0.75,0.25,0.8196628743040909,0.2231082931287597,0.0,0.25,23.206124790606957,20000445
SPT-Threshold,13.436218953257548,9,0.75,0.6392410417685618,0.8333333333333334,0.25,0.836364798772907,0.2742160394485928,0.0,0.16666666666666666,25.929391815462434,20000446
SPT-Threshold,9.669393719174288,7,0.5833333333333334,0.4812352477580071,0.6666666666666666,0.41666666666666663,0.7962324830605544,0.33310184882187,0.0,0.16666666666666666,23.407019832455795,20000447
SPT-Threshold,13.015899056158794,9,0.75,0.6605679397352004,0.8333333333333334,0.25,0.8382393710860655,0.3285634104267005,0.0,0.16666666666666666,24.91580320091311,20000448
SPT-Threshold,14.825397251716264,10,0.8333333333333334,0.7297617045910862,0.8333333333333334,0.16666666666666663,0.8199463978599506,0.21681196503432068,0.0,0.20833333333333334,24.26924887426412,20000449
SPT-Threshold,11.466243102250536,8,0.6666666666666666,0.5492833146829599,0.75,0.33333333333333337,0.8409568887687532,0.33406073469597636,0.0,0.16666666666666666,23.866174066282124,20000450
SPT-Threshold,14.784768217799698,10,0.8333333333333334,0.721701257024317,0.8333333333333334,0.16666666666666663,0.8276295464263234,0.23934367133724932,0.0,0.20833333333333334,25.04942883008187,20000451
SPT-Threshold,11.826189246068417,8,0.6666666666666666,0.5735882788802543,0.75,0.33333333333333337,0.8317007081305978,0.33274174688720876,0.0,0.1875,24.08899974744451,20000452
SPT-Threshold,9.891724080528098,7,0.5833333333333334,0.49169635037255677,0.6666666666666666,0.41666666666666663,0.7746573799543089,0.286787930359222,0.0,0.22916666666666666,21.806912140552352,20000453
SPT-Threshold,10.791341080983878,8,0.6666666666666666,0.4868264941755349,0.75,0.33333333333333337,0.8126184092595402,0.25855494812958735,0.0,0.20833333333333334,23.37561885497671,20000454
SPT-Threshold,12.861133364434808,9,0.75,0.628073386117217,0.8333333333333334,0.25,0.8014084496335512,0.2808309060469487,0.0,0.1875,23.499849413078003,20000455
SPT-Threshold,10.948994582087767,8,0.6666666666666666,0.5098879479335462,0.8333333333333334,0.33333333333333337,0.8365509703409018,0.26476835977911256,0.0,0.1875,24.687730532509242,20000456
SPT-Threshold,6.195835415417365,5,0.4166666666666667,0.29944795854361067,0.6666666666666666,0.5833333333333333,0.792033452807264,0.24515869206099997,0.0,0.22916666666666666,22.482611880601926,20000457
SPT-Threshold,9.793812886346757,7,0.5833333333333334,0.4905608572766069,0.6666666666666666,0.41666666666666663,0.7980402299511073,0.31478206398660497,0.0,0.22916666666666666,21.813046037538555,20000458
SPT-Threshold,13.160315757724865,9,0.75,0.6566916024632589,0.9166666666666666,0.25,0.8525459754848835,0.3605087793259658,0.0,0.10416666666666667,26.315993930290706,20000459
SPT-Threshold,14.941453391942746,10,0.8333333333333334,0.7488458997153511,0.9166666666666666,0.16666666666666663,0.8400027314591139,0.26265698319622327,0.0,0.14583333333333334,27.018888496096036,20000460
SPT-Threshold,11.17982352065528,8,0.6666666666666666,0.5367403725498399,0.75,0.33333333333333337,0.8382357007181929,0.3433970221370252,0.0,0.125,25.331566134352347,20000461
SPT-Threshold,14.815147608967388,10,0.8333333333333334,0.7372620912027931,0.9166666666666666,0.16666666666666663,0.8512102077276636,0.30385169572361975,0.0,0.16666666666666666,26.70168255717684,20000462
SPT-Threshold,13.790017804104004,9,0.75,0.6722342807623333,0.8333333333333334,0.25,0.8251236605553575,0.2841415159444984,0.0,0.16666666666666666,24.922491786457556,20000463
SPT-Threshold,11.354773289215839,8,0.6666666666666666,0.5251989953600795,0.8333333333333334,0.33333333333333337,0.7897229220702678,0.23671670557006497,0.0,0.1875,23.57740900287303,20000464
SPT-Threshold,12.944720792191823,9,0.75,0.6320268809614144,0.8333333333333334,0.25,0.831231328136365,0.24673240265167243,0.0,0.20833333333333334,23.01943042421601,20000465
SPT-Threshold,9.564186999089078,7,0.5833333333333334,0.48852359189070776,0.6666666666666666,0.41666666666666663,0.7692457750250137,0.22340904753343357,0.0,0.25,22.152726708781397,20000466
SPT-Threshold,11.370259596828655,8,0.6666666666666666,0.543358412865939,0.9166666666666666,0.33333333333333337,0.8141592995242016,0.20993855932472108,0.0,0.20833333333333334,24.440343853248155,20000467
SPT-Threshold,12.288573900884687,9,0.75,0.5779887118587672,0.8333333333333334,0.25,0.7947270718274373,0.25670777712621345,0.0,0.1875,23.398512782172205,20000468
SPT-Threshold,9.134156198692944,7,0.5833333333333334,0.42989781109554065,0.75,0.41666666666666663,0.7863951244513396,0.25982194847279205,0.0,0.20833333333333334,22.847438301146077,20000469
SPT-Threshold,14.295093372897131,10,0.8333333333333334,0.7498943693400417,0.9166666666666666,0.16666666666666663,0.8058707721411601,0.25974577750318445,0.0,0.1875,24.097645529161028,20000470
SPT-Threshold,12.946545535295396,9,0.75,0.6450315493186644,0.8333333333333334,0.25,0.8409343682771269,0.33581955537734043,0.0,0.125,26.225273837184936,20000471
SPT-Threshold,12.882582518304021,9,0.75,0.6367439273216885,0.75,0.25,0.810423315004844,0.26886783719076973,0.0,0.1875,23.46111497247287,20000472
SPT-Threshold,14.727381245052898,10,0.8333333333333334,0.6990568540904074,0.9166666666666666,0.16666666666666663,0.8327031691369996,0.25655014885262634,0.0,0.16666666666666666,25.77538497067987,20000473
SPT-Threshold,15.284457231786895,10,0.8333333333333334,0.7488224608008338,0.8333333333333334,0.16666666666666663,0.819526106080513,0.2742235024911546,0.0,0.16666666666666666,25.341784513314558,20000474
SPT-Threshold,15.09855849404395,10,0.8333333333333334,0.7417555353780194,0.8333333333333334,0.16666666666666663,0.8176753569814389,0.30996353896726764,0.0,0.14583333333333334,24.685848740830107,20000475
SPT-Threshold,14.386465119190364,10,0.8333333333333334,0.7437862519292312,0.8333333333333334,0.16666666666666663,0.7931225500784248,0.2229043031539161,0.0,0.25,21.994235706820962,20000476
SPT-Threshold,12.92432353895544,9,0.75,0.639279345308639,0.75,0.25,0.809230563189217,0.2594702552325215,0.0,0.16666666666666666,23.767094489313834,20000477
SPT-Threshold,13.537596576433684,9,0.75,0.6422890688297734,0.8333333333333334,0.25,0.8077297461949945,0.3066012043555778,0.0,0.16666666666666666,25.03249290872459,20000478
SPT-Threshold,9.333690892558002,7,0.5833333333333334,0.4213280732159287,0.75,0.41666666666666663,0.7918185446223287,0.25289442905142634,0.0,0.1875,23.760403690308646,20000479
SPT-Threshold,11.215664248367018,8,0.6666666666666666,0.5373904588749477,0.75,0.33333333333333337,0.8507417329448637,0.33667027633726293,0.0,0.16666666666666666,24.766709689340395,20000480
SPT-Threshold,9.910623186205694,7,0.5833333333333334,0.4562035017548192,0.9166666666666666,0.41666666666666663,0.8294213012985386,0.20446851087750662,0.0,0.20833333333333334,24.25499304796566,20000481
SPT-Threshold,9.786149978916429,7,0.5833333333333334,0.4485230257218036,0.75,0.41666666666666663,0.8039913909890094,0.2904928138954142,0.0,0.1875,24.024357683439977,20000482
SPT-Threshold,14.9725739688209,10,0.8333333333333334,0.7609912549122545,0.9166666666666666,0.16666666666666663,0.8132199596723574,0.26164338800662296,0.0,0.14583333333333334,25.347199706636037,20000483
SPT-Threshold,10.069915517169246,7,0.5833333333333334,0.4702303239816619,0.75,0.41666666666666663,0.8223543818114808,0.2505512600436703,0.0,0.22916666666666666,22.797286548792343,20000484
SPT-Threshold,12.930684293972908,9,0.75,0.62178294865307,0.75,0.25,0.7768746883998721,0.21707689171792544,0.0,0.25,23.230147024194537,20000485
SPT-Threshold,13.110431174716108,9,0.75,0.6500486029294893,0.8333333333333334,0.25,0.8183495089295013,0.27648416202776455,0.0,0.20833333333333334,24.61539251625774,20000486
SPT-Threshold,11.557190424603741,8,0.6666666666666666,0.5433838246640669,0.8333333333333334,0.33333333333333337,0.8143655097226027,0.2678496252305587,0.0,0.1875,24.560659312600688,20000487
SPT-Threshold,13.335399668065698,9,0.75,0.6222601955541257,0.8333333333333334,0.25,0.8161716151924359,0.271883362053117,0.0,0.1875,24.58197552388571,20000488
SPT-Threshold,11.207327041494837,8,0.6666666666666666,0.5335970960846969,0.75,0.33333333333333337,0.8048028989212783,0.27296465893617666,0.0,0.1875,24.50504161132136,20000489
SPT-Threshold,14.775578625119667,10,0.8333333333333334,0.7157449905890214,0.8333333333333334,0.16666666666666663,0.8398643064871444,0.2479843143674224,0.0,0.20833333333333334,23.89478058980925,20000490
SPT-Threshold,13.29306877978307,9,0.75,0.6446964420891549,0.75,0.25,0.8180082350562575,0.28360934935110804,0.0,0.20833333333333334,23.91767430750031,20000491
SPT-Threshold,12.909262868808982,9,0.75,0.6254401703357457,0.8333333333333334,0.25,0.8337086577049635,0.3116470843905585,0.0,0.14583333333333334,25.328793204240636,20000492
SPT-Threshold,9.519434762945597,7,0.5833333333333334,0.43558252794572294,0.75,0.41666666666666663,0.8137476256216024,0.2564388307778193,0.0,0.22916666666666666,22.938122996061658,20000493
SPT-Threshold,12.777585180828689,9,0.75,0.6398687112271697,0.8333333333333334,0.25,0.8085328954498904,0.2764953886669457,0.0,0.16666666666666666,24.848248584159663,20000494
SPT-Threshold,11.268747940858574,8,0.6666666666666666,0.5426988896470966,0.75,0.33333333333333337,0.7999129400981664,0.2511355854989524,0.0,0.22916666666666666,23.298317539254498,20000495
SPT-Threshold,14.4560704882913,10,0.8333333333333334,0.7294936101257704,0.9166666666666666,0.16666666666666663,0.8221214675758398,0.30359172491846315,0.0,0.10416666666666667,26.807211899006845,20000496
SPT-Threshold,14.49630987480188,10,0.8333333333333334,0.7319738570352484,0.8333333333333334,0.16666666666666663,0.7974042368473784,0.2531479005316183,0.0,0.20833333333333334,24.087852864366802,20000497
SPT-Threshold,9.78265920332751,7,0.5833333333333334,0.46985522521629947,0.75,0.41666666666666663,0.815663486534115,0.2304708618133696,0.0,0.22916666666666666,23.32397426647886,20000498
SPT-Threshold,12.763366909137952,9,0.75,0.6266260354539724,0.75,0.25,0.7839287910323561,0.2589616002165336,0.0,0.20833333333333334,23.129458348104365,20000499
Cog-Heuristic,13.06324606192165,9,0.75,0.650401308827168,0.8333333333333334,0.25,0.837114687188996,0.2901531758411123,0.0,0.20833333333333334,24.05630485999637,20000000
Cog-Heuristic,13.358787497745876,9,0.75,0.664831699954163,0.8333333333333334,0.25,0.8524371646308243,0.270852771589221,0.0,0.20833333333333334,24.583084728142435,20000001
Cog-Heuristic,11.518900755559187,8,0.6666666666666666,0.6355835486828779,0.75,0.33333333333333337,0.8798242174800439,0.29530055500097574,0.0,0.20833333333333334,23.91402845555949,20000002
Cog-Heuristic,10.966204805864265,8,0.6666666666666666,0.5471570960506101,0.8333333333333334,0.33333333333333337,0.7752433757279888,0.2833362600754343,0.0,0.1875,23.892775181414176,20000003
Cog-Heuristic,10.670952031552304,8,0.6666666666666666,0.48628242058236903,0.8333333333333334,0.33333333333333337,0.7611940414538528,0.2434428363765361,0.0,0.1875,24.059753756297077,20000004
Cog-Heuristic,9.282409086073264,7,0.5833333333333334,0.47524151524844455,0.75,0.41666666666666663,0.7789192153065313,0.3041335599901683,0.0,0.16666666666666666,23.79764420978637,20000005
Cog-Heuristic,7.91567119591223,6,0.5,0.3819594062641454,0.75,0.5,0.7905492026866341,0.3052080648453592,0.0,0.16666666666666666,22.882263554647796,20000006
Cog-Heuristic,10.97639515058788,8,0.6666666666666666,0.5166618820893032,0.75,0.33333333333333337,0.8117529056308838,0.26349442070802687,0.0,0.22916666666666666,21.893215785846017,20000007
Cog-Heuristic,7.426316644578816,6,0.5,0.36739894824430747,0.6666666666666666,0.5,0.751044035197555,0.2666138821480522,0.0,0.22916666666666666,21.971104732311083,20000008
Cog-Heuristic,11.25985056953073,8,0.6666666666666666,0.5393795776833863,0.8333333333333334,0.33333333333333337,0.7931734298479284,0.27933320377338916,0.0,0.20833333333333334,23.53740445205001,20000009
Cog-Heuristic,11.336168389721704,8,0.6666666666666666,0.5350468755648298,0.75,0.33333333333333337,0.7921151331797013,0.24504838778049173,0.0,0.22916666666666666,22.87254367998215,20000010
Cog-Heuristic,14.693156168177175,10,0.8333333333333334,0.7752782374676592,0.9166666666666666,0.16666666666666663,0.8051135388445906,0.2796990451797881,0.0,0.16666666666666666,25.023990739925182,20000011
Cog-Heuristic,10.729319216535053,8,0.6666666666666666,0.490141426658235,0.8333333333333334,0.33333333333333337,0.822235670388226,0.29188980317466723,0.0,0.1875,23.37597942409802,20000012
Cog-Heuristic,9.315040861613696,7,0.5833333333333334,0.4465401764763833,0.75,0.41666666666666663,0.7972372375574027,0.26021065505837904,0.0,0.22916666666666666,22.795223606615195,20000013
Cog-Heuristic,9.025564925125824,7,0.5833333333333334,0.4396751358978034,0.75,0.41666666666666663,0.7764650120407156,0.29371163125470673,0.0,0.1875,23.30247932083436,20000014
Cog-Heuristic,13.439501130959345,9,0.75,0.6592060311890503,0.8333333333333334,0.25,0.8808475253488316,0.29704468011113105,0.0,0.1875,25.662194872604175,20000015
Cog-Heuristic,10.418150682474508,8,0.6666666666666666,0.5964252977010891,0.6666666666666666,0.33333333333333337,0.7708129201451444,0.27962823676200016,0.0,0.20833333333333334,22.543842484308534,20000016
Cog-Heuristic,10.886618947735787,8,0.6666666666666666,0.5483240944728546,0.8333333333333334,0.33333333333333337,0.7787268568750111,0.2775858246869869,0.0,0.1875,22.228040022627535,20000017
Cog-Heuristic,8.4871294905424,6,0.5,0.4653285210056405,0.6666666666666666,0.5,0.8380418048447241,0.3040591608009941,0.0,0.25,22.73372271754291,20000018
Cog-Heuristic,15.11339548918845,10,0.8333333333333334,0.7343029564351452,0.9166666666666666,0.16666666666666663,0.8622694335919827,0.26899020494650205,0.0,0.1875,25.233963805417197,20000019
Cog-Heuristic,9.527942246619121,7,0.5833333333333334,0.43257860579994967,0.8333333333333334,0.41666666666666663,0.8010151628225777,0.2891396110382087,0.0,0.16666666666666666,23.739011196437026,20000020
Cog-Heuristic,14.317616628419714,10,0.8333333333333334,0.744712106537529,0.9166666666666666,0.16666666666666663,0.7566320436756347,0.27893744726029546,0.0,0.14583333333333334,23.795992465354455,20000021
Cog-Heuristic,7.152540735450474,6,0.5,0.3126609439758241,0.75,0.5,0.7540614933915881,0.24624337051115655,0.0,0.20833333333333334,22.117375132116862,20000022
Cog-Heuristic,13.064286516142186,9,0.75,0.6619847485868721,0.75,0.25,0.8175286134291687,0.2694028842167025,0.0,0.22916666666666666,24.087169518165137,20000023
Cog-Heuristic,17.471582300746384,11,0.9166666666666666,0.9109694354003819,0.9166666666666666,0.08333333333333337,0.8712650420365685,0.28586130317652153,0.0,0.1875,26.631701137764807,20000024
Cog-Heuristic,9.65697284602829,7,0.5833333333333334,0.4755002762751497,0.75,0.41666666666666663,0.7883296274608357,0.30285185456424996,0.0,0.1875,23.334306492408327,20000025
Cog-Heuristic,12.146171398678478,9,0.75,0.6662801601628148,0.75,0.25,0.8067750616882409,0.30375706100130734,0.0,0.16666666666666666,24.169187725661974,20000026
Cog-Heuristic,12.410931967388002,9,0.75,0.5884834722474104,0.8333333333333334,0.25,0.7761492165794319,0.2767054399153528,0.0,0.16666666666666666,23.455348047990405,20000027
Cog-Heuristic,11.078434481089609,8,0.6666666666666666,0.5890735527586528,0.8333333333333334,0.33333333333333337,0.7982855132657442,0.2706602712079287,0.0,0.16666666666666666,22.96658992841058,20000028
Cog-Heuristic,12.16624319553295,9,0.75,0.5603446069153409,0.8333333333333334,0.25,0.7673038940729295,0.23931870148910783,0.0,0.20833333333333334,22.554907035984783,20000029
Cog-Heuristic,4.234017691763453,4,0.3333333333333333,0.31079242677886226,0.5,0.6666666666666667,0.7457089310228455,0.2789108227239509,0.0,0.2708333333333333,19.34622550906686,20000030
Cog-Heuristic,9.682660270802739,7,0.5833333333333334,0.48988116745280097,0.75,0.41666666666666663,0.7998454717739496,0.2819913989076585,0.0,0.20833333333333334,22.264551389675006,20000031
Cog-Heuristic,13.190766475475495,9,0.75,0.6559989146409824,0.8333333333333334,0.25,0.8261907914367589,0.28388257394415245,0.0,0.20833333333333334,23.689886492606252,20000032
Cog-Heuristic,11.176622765525849,8,0.6666666666666666,0.5540416792994556,0.75,0.33333333333333337,0.8173338674104235,0.3102381418464326,0.0,0.1875,23.771370966854413,20000033
Cog-Heuristic,6.872611523560729,6,0.5,0.2939906854284111,0.75,0.5,0.7492790684706986,0.28525456021521856,0.0,0.16666666666666666,21.840409157096712,20000034
Cog-Heuristic,10.747080621911152,8,0.6666666666666666,0.554719490956986,0.75,0.33333333333333337,0.7711052931252039,0.306211723543277,0.0,0.1875,23.242387133391425,20000035
Cog-Heuristic,13.96822010401897,10,0.8333333333333334,0.6743699580680451,0.9166666666666666,0.16666666666666663,0.7992863015472037,0.2274567910970808,0.0,0.1875,24.06053947161843,20000036
Cog-Heuristic,8.137300153250326,6,0.5,0.4043520597610802,0.75,0.5,0.8477569148686447,0.2869813275015167,0.0,0.20833333333333334,24.78789403205073,20000037
Cog-Heuristic,13.011918070033,9,0.75,0.6636250913802224,0.8333333333333334,0.25,0.8028921567159681,0.269160238344972,0.0,0.1875,24.36437611081148,20000038
Cog-Heuristic,9.367426244573988,7,0.5833333333333334,0.4744774832046725,0.75,0.41666666666666663,0.7769154469089424,0.2985653192007593,0.0,0.16666666666666666,24.242829233454316,20000039
Cog-Heuristic,8.047537350836134,6,0.5,0.40732985183402554,0.6666666666666666,0.5,0.7918426032489255,0.2650238010900265,0.0,0.22916666666666666,22.34909060137298,20000040
Cog-Heuristic,13.478865790833613,9,0.75,0.6600187290592963,0.8333333333333334,0.25,0.8542556789684487,0.2779958420659954,0.0,0.1875,25.071936057052927,20000041
Cog-Heuristic,10.919242023137624,8,0.6666666666666666,0.5190346926145132,0.8333333333333334,0.33333333333333337,0.8077464188157791,0.30578440702651033,0.0,0.16666666666666666,23.4206054168194,20000042
Cog-Heuristic,12.588293748564183,9,0.75,0.6134712240888037,0.8333333333333334,0.25,0.7786767537985515,0.2617773766540555,0.0,0.16666666666666666,22.85733656015684,20000043
Cog-Heuristic,7.6311421880709345,6,0.5,0.3946651515056037,0.75,0.5,0.7727783159918852,0.3228495908866173,0.0,0.16666666666666666,23.10887165136619,20000044
Cog-Heuristic,9.99742686288798,7,0.5833333333333334,0.5443274502821023,0.6666666666666666,0.41666666666666663,0.7881253968222519,0.27369876570295204,0.0,0.25,21.714295834021666,20000045
Cog-Heuristic,7.387904044477516,6,0.5,0.36507702417126947,0.6666666666666666,0.5,0.79832114115762,0.2740251826436417,0.0,0.25,22.013305921897224,20000046
Cog-Heuristic,14.301966955851226,10,0.8333333333333334,0.7289764563506687,0.9166666666666666,0.16666666666666663,0.7762012853414646,0.2614149463939581,0.0,0.16666666666666666,23.81596501625085,20000047
Cog-Heuristic,6.4059289857374635,5,0.4166666666666667,0.38151846165363495,0.75,0.5833333333333333,0.785764111643117,0.2672832028072566,0.0,0.20833333333333334,22.792813058288704,20000048
Cog-Heuristic,9.264585615772187,7,0.5833333333333334,0.3972947814431926,0.8333333333333334,0.41666666666666663,0.8065516663067626,0.2245746405471336,0.0,0.20833333333333334,23.163661284156497,20000049
Cog-Heuristic,9.003462820922177,7,0.5833333333333334,0.3670131948930864,0.8333333333333334,0.41666666666666663,0.7741476121802737,0.2659678094635563,0.0,0.16666666666666666,24.306597095468454,20000050
Cog-Heuristic,9.705315231486534,7,0.5833333333333334,0.45046884416621147,0.8333333333333334,0.41666666666666663,0.8141305829004176,0.28729792771315404,0.0,0.1875,23.952435898241777,20000051
Cog-Heuristic,9.645883156709239,7,0.5833333333333334,0.4708539376592316,0.75,0.41666666666666663,0.8425362406418856,0.27102092056197163,0.0,0.25,23.044894076866044,20000052
Cog-Heuristic,9.321225121566037,7,0.5833333333333334,0.43814179374207474,0.8333333333333334,0.41666666666666663,0.8140843247404762,0.28519301922509716,0.0,0.16666666666666666,24.89902243714117,20000053
Cog-Heuristic,14.888447737776023,10,0.8333333333333334,0.7759938525961952,0.8333333333333334,0.16666666666666663,0.8106459900566927,0.2921678215007744,0.0,0.14583333333333334,23.969628397399397,20000054
Cog-Heuristic,10.639135969232415,8,0.6666666666666666,0.5027770941973974,0.75,0.33333333333333337,0.8151721781267685,0.275661801600176,0.0,0.22916666666666666,22.18294278712719,20000055
Cog-Heuristic,9.246265329759082,7,0.5833333333333334,0.40405971324640166,0.8333333333333334,0.41666666666666663,0.7972522812649164,0.271188273329186,0.0,0.1875,23.919956071617925,20000056
Cog-Heuristic,8.051214238985617,6,0.5,0.4049717539914575,0.6666666666666666,0.5,0.7898597938746074,0.29718560706216707,0.0,0.22916666666666666,22.235883220602076,20000057
Cog-Heuristic,10.542506275248154,8,0.6666666666666666,0.5203394340155897,0.75,0.33333333333333337,0.7709299159644214,0.27158393220564725,0.0,0.1875,22.91905811146276,20000058
Cog-Heuristic,8.246837403101662,6,0.5,0.46968082228989466,0.6666666666666666,0.5,0.8004182233990957,0.3121470318509196,0.0,0.20833333333333334,22.310979612773565,20000059
Cog-Heuristic,13.45974320907869,9,0.75,0.6892353748612561,0.8333333333333334,0.25,0.8448329532878499,0.2842402432227256,0.0,0.1875,24.328960411335412,20000060
Cog-Heuristic,9.892421826415884,7,0.5833333333333334,0.5017170954416574,0.6666666666666666,0.41666666666666663,0.8280394206193752,0.2651922645896018,0.0,0.2708333333333333,22.948850314138646,20000061
Cog-Heuristic,10.496457801159206,7,0.5833333333333334,0.5709868049189735,0.75,0.41666666666666663,0.8616291408155047,0.3128364406228548,0.0,0.20833333333333334,25.22302817952157,20000062
Cog-Heuristic,9.90217684106812,7,0.5833333333333334,0.47683677848435896,0.75,0.41666666666666663,0.8044335558154376,0.25187609757699964,0.0,0.22916666666666666,22.585082391717222,20000063
Cog-Heuristic,9.160699153492676,7,0.5833333333333334,0.37857171020702757,0.8333333333333334,0.41666666666666663,0.8300228800112436,0.25619848147287233,0.0,0.16666666666666666,24.803536444477615,20000064
Cog-Heuristic,9.409023370168068,7,0.5833333333333334,0.42821328738348763,0.75,0.41666666666666663,0.8134715022548357,0.27187568242386667,0.0,0.25,22.029049046631823,20000065
Cog-Heuristic,11.275318596151651,8,0.6666666666666666,0.549722717815473,0.75,0.33333333333333337,0.8381313789780883,0.2948597149834104,0.0,0.1875,24.123243448641347,20000066
Cog-Heuristic,11.165525944911154,8,0.6666666666666666,0.5440951729787411,0.8333333333333334,0.33333333333333337,0.8457907303794113,0.3187676309340736,0.0,0.16666666666666666,25.1108775415944,20000067
Cog-Heuristic,7.745974547599852,6,0.5,0.41924800019780334,0.6666666666666666,0.5,0.7830089275806683,0.2956283640712375,0.0,0.16666666666666666,23.423805979325888,20000068
Cog-Heuristic,13.197213301060739,9,0.75,0.7624101633672972,0.8333333333333334,0.25,0.8628020503603638,0.3212454693302513,0.0,0.1875,23.747418222041446,20000069
Cog-Heuristic,11.853087492829356,8,0.6666666666666666,0.593509076351674,0.8333333333333334,0.33333333333333337,0.8477465815165113,0.2858276014972175,0.0,0.16666666666666666,25.13252603590965,20000070
Cog-Heuristic,6.014643430565438,5,0.4166666666666667,0.3190012071795076,0.6666666666666666,0.5833333333333333,0.8100625981545843,0.26704914218363685,0.0,0.25,22.17838713521692,20000071
Cog-Heuristic,12.76710244311294,9,0.75,0.6246803297730721,0.8333333333333334,0.25,0.7878421022507687,0.23905046712155772,0.0,0.20833333333333334,22.55292358928427,20000072
Cog-Heuristic,8.989196174491111,7,0.5833333333333334,0.40420792218498647,0.75,0.41666666666666663,0.791948842499976,0.27540891454631306,0.0,0.20833333333333334,22.51630706349687,20000073
Cog-Heuristic,11.316789231170729,8,0.6666666666666666,0.5720970499132507,0.75,0.33333333333333337,0.778859309134873,0.26992417736836644,0.0,0.20833333333333334,23.020353768019934,20000074
Cog-Heuristic,6.284709358939065,5,0.4166666666666667,0.34366785275190903,0.6666666666666666,0.5833333333333333,0.8072634626299463,0.2933903402508645,0.0,0.1875,23.373168979185905,20000075
Cog-Heuristic,7.674626191735984,6,0.5,0.3900063694587529,0.6666666666666666,0.5,0.7692427017815214,0.3036966570262149,0.0,0.22916666666666666,21.0452315789037,20000076
Cog-Heuristic,15.015387330652855,10,0.8333333333333334,0.7369771022565387,0.9166666666666666,0.16666666666666663,0.8475392421902272,0.269378936955983,0.0,0.1875,24.986175546300593,20000077
Cog-Heuristic,11.260601913168397,8,0.6666666666666666,0.5644039064195301,0.8333333333333334,0.33333333333333337,0.7635810201084176,0.2591491364960386,0.0,0.1875,23.64733741278017,20000078
Cog-Heuristic,8.946556290598934,7,0.5833333333333334,0.40904857003754047,0.75,0.41666666666666663,0.7896700942392135,0.2684318634376673,0.0,0.1875,23.40192452880807,20000079
Cog-Heuristic,10.453032534993516,7,0.5833333333333334,0.5381738358072429,0.75,0.41666666666666663,0.8702942989070418,0.2766676796089554,0.0,0.22916666666666666,24.99123182987669,20000080
Cog-Heuristic,3.8087365611058184,4,0.3333333333333333,0.22931605113572784,0.5833333333333334,0.6666666666666667,0.7693413904027052,0.28957441524659666,0.0,0.25,20.652515179914044,20000081
Cog-Heuristic,15.215792496861592,10,0.8333333333333334,0.7718876736218737,0.9166666666666666,0.16666666666666663,0.8576619259158321,0.23459842117282906,0.0,0.20833333333333334,26.132006207670777,20000082
Cog-Heuristic,12.769694241233323,9,0.75,0.7038512970724009,0.75,0.25,0.7853772361902127,0.3075399029844517,0.0,0.1875,24.510564532257117,20000083
Cog-Heuristic,7.1883026876505065,6,0.5,0.30498898420569515,0.75,0.5,0.7786832910753448,0.26625148910465474,0.0,0.20833333333333334,23.035629258506944,20000084
Cog-Heuristic,7.944143662251938,6,0.5,0.3480557068817604,0.75,0.5,0.8291117408937833,0.27155125577379474,0.0,0.20833333333333334,25.159521317592564,20000085
Cog-Heuristic,9.898598154558067,7,0.5833333333333334,0.5056022140751464,0.75,0.41666666666666663,0.8457889536880732,0.27507680836761206,0.0,0.25,24.02645901553171,20000086
Cog-Heuristic,15.37517157997269,10,0.8333333333333334,0.7910082482158918,0.8333333333333334,0.16666666666666663,0.8340786587977483,0.28708552695594575,0.0,0.16666666666666666,26.249496829721444,20000087
Cog-Heuristic,12.065691825093655,8,0.6666666666666666,0.5615622251793686,0.8333333333333334,0.33333333333333337,0.8473025574897383,0.2902791922082415,0.0,0.1875,25.26967733283561,20000088
Cog-Heuristic,8.759925915648282,7,0.5833333333333334,0.42862972719266584,0.75,0.41666666666666663,0.7427173818001952,0.24474556084490304,0.0,0.20833333333333334,21.90677511389911,20000089
Cog-Heuristic,11.42715959086045,8,0.6666666666666666,0.5696893834452574,0.8333333333333334,0.33333333333333337,0.8035564519069021,0.2528818587752118,0.0,0.20833333333333334,23.603937202986213,20000090
Cog-Heuristic,10.752733745108973,8,0.6666666666666666,0.5618103448971926,0.75,0.33333333333333337,0.7902189249079301,0.30800559243703285,0.0,0.1875,23.599641117458134,20000091
Cog-Heuristic,9.687208043294602,7,0.5833333333333334,0.5012097827396363,0.6666666666666666,0.41666666666666663,0.8017595960682735,0.2984815158802765,0.0,0.20833333333333334,23.011968788657686,20000092
Cog-Heuristic,12.489508015302572,9,0.75,0.6272622362460968,0.8333333333333334,0.25,0.7347868077952026,0.24280204008551212,0.0,0.1875,22.639340965089573,20000093
Cog-Heuristic,12.632114205481612,9,0.75,0.6238148509452283,0.8333333333333334,0.25,0.7887952018883047,0.2693305980907396,0.0,0.20833333333333334,23.128886942630995,20000094
Cog-Heuristic,9.720438916064856,7,0.5833333333333334,0.4853188576071651,0.6666666666666666,0.41666666666666663,0.8186200245949052,0.28641310713700663,0.0,0.22916666666666666,21.968144047137102,20000095
Cog-Heuristic,11.240820821161018,8,0.6666666666666666,0.5478196129416054,0.8333333333333334,0.33333333333333337,0.8097597386392185,0.28882021573907113,0.0,0.1875,24.00006975851336,20000096
Cog-Heuristic,7.703303077163114,6,0.5,0.37450244837219715,0.75,0.5,0.7507887169285955,0.2723859976168894,0.0,0.20833333333333334,21.83846727238677,20000097
Cog-Heuristic,10.016489102443435,7,0.5833333333333334,0.4846644288676992,0.75,0.41666666666666663,0.8563677831151543,0.2672207184561794,0.0,0.25,23.00121651453583,20000098
Cog-Heuristic,14.605162097638058,10,0.8333333333333334,0.714416567576429,0.8333333333333334,0.16666666666666663,0.798085726312328,0.2539244093858634,0.0,0.16666666666666666,24.25652397515616,20000099
Cog-Heuristic,9.633209439789725,7,0.5833333333333334,0.48834262208548007,0.75,0.41666666666666663,0.8385929622726941,0.2737610029557883,0.0,0.22916666666666666,24.033527309917414,20000100
Cog-Heuristic,10.154837346575524,7,0.5833333333333334,0.5423364027087029,0.75,0.41666666666666663,0.843131072149761,0.30374076512672826,0.0,0.20833333333333334,23.418921867443718,20000101
Cog-Heuristic,8.892769629267177,7,0.5833333333333334,0.38031924269005435,0.8333333333333334,0.41666666666666663,0.7611146460424809,0.25079423201897716,0.0,0.1875,22.47800609350762,20000102
Cog-Heuristic,10.734504362418189,8,0.6666666666666666,0.5334858933828045,0.75,0.33333333333333337,0.7486708332560289,0.27003202346046956,0.0,0.16666666666666666,22.88572294821065,20000103
Cog-Heuristic,9.355244543457747,7,0.5833333333333334,0.4630951976715367,0.75,0.41666666666666663,0.7633953490918574,0.2782008462274163,0.0,0.20833333333333334,22.832997322101498,20000104
Cog-Heuristic,16.208350054935092,11,0.9166666666666666,0.8763481396211382,0.9166666666666666,0.08333333333333337,0.8089381234776498,0.3084129060226374,0.0,0.16666666666666666,25.457413291001664,20000105
Cog-Heuristic,9.920683958686256,7,0.5833333333333334,0.5015574381645642,0.75,0.41666666666666663,0.8026712334429903,0.2647370457636871,0.0,0.20833333333333334,23.768493510841942,20000106
Cog-Heuristic,12.260943629267372,9,0.75,0.5866352106372108,0.8333333333333334,0.25,0.7893374456779423,0.29175684955865416,0.0,0.16666666666666666,23.616943543592896,20000107
Cog-Heuristic,13.178686101818123,9,0.75,0.7407875627889209,0.8333333333333334,0.25,0.8351273974259459,0.27246473668319915,0.0,0.20833333333333334,25.203436663458305,20000108
Cog-Heuristic,6.392661696377889,5,0.4166666666666667,0.34703817759570676,0.6666666666666666,0.5833333333333333,0.7680587742147523,0.2914149834819873,0.0,0.20833333333333334,22.053237612977018,20000109
Cog-Heuristic,9.173460076284949,7,0.5833333333333334,0.41127764140568124,0.75,0.41666666666666663,0.7987479402129237,0.2850987347791986,0.0,0.1875,24.183195061417326,20000110
Cog-Heuristic,13.310306198074475,9,0.75,0.654305261966813,0.8333333333333334,0.25,0.7858780817103098,0.27329766509195297,0.0,0.1875,24.15382096608982,20000111
Cog-Heuristic,12.239367672984558,8,0.6666666666666666,0.6532964488848012,0.6666666666666666,0.33333333333333337,0.865436925508881,0.3117897298138705,0.0,0.22916666666666666,25.026602902293785,20000112
Cog-Heuristic,10.512356251989978,8,0.6666666666666666,0.4764465679204399,0.8333333333333334,0.33333333333333337,0.7431486834227411,0.2584021045238069,0.0,0.16666666666666666,23.946862582170063,20000113
Cog-Heuristic,7.871212648664888,6,0.5,0.425604420327669,0.6666666666666666,0.5,0.768343953684831,0.2658792415781692,0.0,0.25,20.868997477890982,20000114
Cog-Heuristic,6.218422916680514,5,0.4166666666666667,0.30069755865627756,0.75,0.5833333333333333,0.8203279793172955,0.29050911211021185,0.0,0.20833333333333334,23.429160661031027,20000115
Cog-Heuristic,11.361044411901903,8,0.6666666666666666,0.5868812474338181,0.8333333333333334,0.33333333333333337,0.826262670679018,0.26480146879801664,0.0,0.20833333333333334,23.82258418925081,20000116
Cog-Heuristic,10.758181998816822,8,0.6666666666666666,0.5792647901551805,0.75,0.33333333333333337,0.7727415316968234,0.2991131884865305,0.0,0.20833333333333334,22.77806224654604,20000117
Cog-Heuristic,10.570518867030225,8,0.6666666666666666,0.5055395162364378,0.75,0.33333333333333337,0.765215803435226,0.3001592189155984,0.0,0.16666666666666666,23.027144849916773,20000118
Cog-Heuristic,9.957879837100966,7,0.5833333333333334,0.4940017213080762,0.75,0.41666666666666663,0.8028899508413003,0.28626923009078226,0.0,0.20833333333333334,22.91872913106549,20000119
Cog-Heuristic,9.57167338451111,7,0.5833333333333334,0.4482034387007302,0.75,0.41666666666666663,0.8539145352948497,0.284512132875164,0.0,0.20833333333333334,24.81070696866066,20000120
Cog-Heuristic,2.2760754135999473,3,0.25,0.17847227138948296,0.5833333333333334,0.75,0.7559448264941456,0.277974179548393,0.0,0.25,21.403310549835044,20000121
Cog-Heuristic,9.452714631124554,7,0.5833333333333334,0.5018473263412675,0.75,0.41666666666666663,0.7414460921583519,0.27573861439152875,0.0,0.1875,21.73342041916183,20000122
Cog-Heuristic,11.921484181905758,9,0.75,0.5580255250662239,0.8333333333333334,0.25,0.7924956126394642,0.305536146780841,0.0,0.16666666666666666,23.862229570720054,20000123
Cog-Heuristic,12.804411935007106,9,0.75,0.6070569783813935,0.9166666666666666,0.25,0.8161038264718457,0.2774406692476753,0.0,0.1875,25.007091979517543,20000124
Cog-Heuristic,14.769089945064342,10,0.8333333333333334,0.7281891276076033,0.9166666666666666,0.16666666666666663,0.8024642798089081,0.2742963634338083,0.0,0.1875,24.84793760378561,20000125
Cog-Heuristic,8.036321089073365,6,0.5,0.45299991094031106,0.6666666666666666,0.5,0.7709750207896873,0.2855765461190678,0.0,0.22916666666666666,21.698430554306306,20000126
Cog-Heuristic,9.941971701177843,7,0.5833333333333334,0.5150129816705135,0.75,0.41666666666666663,0.8102750848053365,0.2796232119721897,0.0,0.1875,23.51468827279195,20000127
Cog-Heuristic,10.510285856520449,8,0.6666666666666666,0.47532089377908726,0.8333333333333334,0.33333333333333337,0.7734177562856729,0.2640924759991412,0.0,0.1875,24.32279157763525,20000128
Cog-Heuristic,9.157193048941307,7,0.5833333333333334,0.44744828225307776,0.75,0.41666666666666663,0.7775578318180371,0.2858037288987238,0.0,0.1875,23.282356562433563,20000129
Cog-Heuristic,12.897193106968691,9,0.75,0.6363668594070708,0.8333333333333334,0.25,0.8231115572361235,0.2766782478932196,0.0,0.1875,24.262326686980636,20000130
Cog-Heuristic,10.346017135998261,7,0.5833333333333334,0.5308728990000914,0.75,0.41666666666666663,0.8347986222877294,0.26825640618165364,0.0,0.22916666666666666,23.997386484310624,20000131
Cog-Heuristic,9.082608142239314,7,0.5833333333333334,0.45162191478112484,0.75,0.41666666666666663,0.7600359579580181,0.2538489261573417,0.0,0.1875,22.5759097772114,20000132
Cog-Heuristic,14.556110549697038,10,0.8333333333333334,0.7387606903405846,0.9166666666666666,0.16666666666666663,0.7706637766229566,0.2599899681045095,0.0,0.16666666666666666,23.998273001824536,20000133
Cog-Heuristic,9.155605936592101,7,0.5833333333333334,0.44757559850317363,0.75,0.41666666666666663,0.7921546038706334,0.2677369243443724,0.0,0.1875,23.701614809820693,20000134
Cog-Heuristic,11.610914230889588,8,0.6666666666666666,0.6251787214909135,0.75,0.33333333333333337,0.884677797482588,0.3102924666419582,0.0,0.20833333333333334,25.486918178937714,20000135
Cog-Heuristic,12.793783713419991,9,0.75,0.6104504307467321,0.8333333333333334,0.25,0.8068672995990424,0.29582271139730926,0.0,0.1875,23.822337109269448,20000136
Cog-Heuristic,14.833391940410136,10,0.8333333333333334,0.744723640314481,0.8333333333333334,0.16666666666666663,0.814066021151138,0.27314139998623704,0.0,0.1875,24.182520570538944,20000137
Cog-Heuristic,5.598154670129041,5,0.4166666666666667,0.29300606318410016,0.6666666666666666,0.5833333333333333,0.7624332505363682,0.28184492726882243,0.0,0.22916666666666666,20.825932332307566,20000138
Cog-Heuristic,8.878592731381062,7,0.5833333333333334,0.4206163463801997,0.75,0.41666666666666663,0.7599756140618966,0.25946236011810914,0.0,0.20833333333333334,21.78658070344542,20000139
Cog-Heuristic,12.05761135275966,9,0.75,0.633400524193513,0.8333333333333334,0.25,0.7585386119272473,0.2724886218246381,0.0,0.16666666666666666,23.63259531092722,20000140
Cog-Heuristic,9.376091232860997,7,0.5833333333333334,0.4699278810590689,0.6666666666666666,0.41666666666666663,0.8039563939681061,0.28410714262939146,0.0,0.1875,22.897280065309193,20000141
Cog-Heuristic,7.426552863410684,6,0.5,0.3446974110042466,0.75,0.5,0.7522631059560162,0.2767802918042635,0.0,0.20833333333333334,21.740037694266036,20000142
Cog-Heuristic,7.926582152377916,6,0.5,0.3867437835695187,0.6666666666666666,0.5,0.7773638308315679,0.2682665834346,0.0,0.22916666666666666,21.26957267120344,20000143
Cog-Heuristic,11.503488239273858,8,0.6666666666666666,0.6291214452572816,0.75,0.33333333333333337,0.8518605996243042,0.2651020161169019,0.0,0.20833333333333334,24.86708588765268,20000144
Cog-Heuristic,10.761741518354713,8,0.6666666666666666,0.5450350878717083,0.75,0.33333333333333337,0.8175295197215607,0.27259882959398546,0.0,0.20833333333333334,23.064754857209948,20000145
Cog-Heuristic,8.09616257428756,6,0.5,0.40854774033077823,0.75,0.5,0.7730631352398595,0.24524827268526436,0.0,0.22916666666666666,22.272453315273516,20000146
Cog-Heuristic,12.270823596620291,9,0.75,0.6146620820937472,0.75,0.25,0.7714468169756971,0.24598522839133316,0.0,0.20833333333333334,21.892005116852836,20000147
Cog-Heuristic,8.038171985299766,6,0.5,0.43863712397232335,0.75,0.5,0.7738977289137896,0.2914204295237039,0.0,0.1875,23.154070999967107,20000148
Cog-Heuristic,10.506806425848469,7,0.5833333333333334,0.6405646363704072,0.75,0.41666666666666663,0.8584453040630686,0.31599768000783446,0.0,0.20833333333333334,24.19437867923762,20000149
Cog-Heuristic,9.363865441217136,7,0.5833333333333334,0.4287845146410583,0.8333333333333334,0.41666666666666663,0.7641754053192056,0.24366064806584067,0.0,0.20833333333333334,23.04564495329624,20000150
Cog-Heuristic,10.637916708154021,8,0.6666666666666666,0.5204856315373011,0.8333333333333334,0.33333333333333337,0.7854561138292121,0.268197384611833,0.0,0.16666666666666666,24.074271209359203,20000151
Cog-Heuristic,7.734211208828766,6,0.5,0.41360853002238157,0.6666666666666666,0.5,0.7992241006707648,0.2769301296740499,0.0,0.25,21.792686219505647,20000152
Cog-Heuristic,11.317219062694747,8,0.6666666666666666,0.6266618241960902,0.75,0.33333333333333337,0.8100092124412294,0.28689939401686054,0.0,0.1875,24.02713709214634,20000153
Cog-Heuristic,11.457895515847763,8,0.6666666666666666,0.5596851724598844,0.8333333333333334,0.33333333333333337,0.8677201378613589,0.27168895156272743,0.0,0.22916666666666666,23.1626809774369,20000154
Cog-Heuristic,9.209061383508043,7,0.5833333333333334,0.42110503535499705,0.75,0.41666666666666663,0.771469359778664,0.2391411262034365,0.0,0.20833333333333334,22.351950343798453,20000155
Cog-Heuristic,11.255522466413296,8,0.6666666666666666,0.5652079479325169,0.75,0.33333333333333337,0.8066483437142294,0.2989233497218996,0.0,0.20833333333333334,22.787934264946305,20000156
Cog-Heuristic,7.967833076267807,6,0.5,0.40241277797621067,0.8333333333333334,0.5,0.811271955695294,0.29993917094154027,0.0,0.1875,23.394374711397614,20000157
Cog-Heuristic,7.682269060538924,6,0.5,0.3523721315662943,0.75,0.5,0.8172177170656042,0.26975076224142674,0.0,0.20833333333333334,24.072643964448158,20000158
Cog-Heuristic,7.269170833642295,6,0.5,0.35252762211500943,0.6666666666666666,0.5,0.767853718148407,0.2859743461110752,0.0,0.1875,22.621168906780103,20000159
Cog-Heuristic,12.799204267593039,9,0.75,0.6198392640761592,0.8333333333333334,0.25,0.7981674963917303,0.27095966732052773,0.0,0.16666666666666666,24.955383184976938,20000160
Cog-Heuristic,12.675527332968803,9,0.75,0.6251766294382887,0.8333333333333334,0.25,0.8026538266886057,0.2409414671207494,0.0,0.20833333333333334,23.810213914063976,20000161
Cog-Heuristic,5.944986056388952,5,0.4166666666666667,0.3112048903623779,0.6666666666666666,0.5833333333333333,0.7829985273944639,0.2686842742124637,0.0,0.22916666666666666,21.11101298865097,20000162
Cog-Heuristic,12.817955137269305,9,0.75,0.6845061200580619,0.75,0.25,0.7524083154212892,0.2940093257747492,0.0,0.16666666666666666,22.98383883789317,20000163
Cog-Heuristic,11.498016607532296,8,0.6666666666666666,0.5740352946270262,0.6666666666666666,0.33333333333333337,0.7987608076052984,0.27950395926012217,0.0,0.22916666666666666,21.836410118409216,20000164
Cog-Heuristic,12.630582107399926,9,0.75,0.6320572819837412,0.8333333333333334,0.25,0.8437762823391459,0.27161117840709026,0.0,0.20833333333333334,23.39229582834629,20000165
Cog-Heuristic,11.712386128779537,8,0.6666666666666666,0.5796619517388903,0.8333333333333334,0.33333333333333337,0.8565667641156166,0.2830099532526637,0.0,0.20833333333333334,24.240774112520057,20000166
Cog-Heuristic,12.269577299047558,9,0.75,0.6170952061718337,0.8333333333333334,0.25,0.7629411034308428,0.2662871802381945,0.0,0.14583333333333334,22.990577342066494,20000167
Cog-Heuristic,9.21794420598219,7,0.5833333333333334,0.4514646222680538,0.75,0.41666666666666663,0.7429857294446666,0.29760318178158024,0.0,0.16666666666666666,22.311979900562868,20000168
Cog-Heuristic,10.497905013844912,8,0.6666666666666666,0.4874801394868912,0.75,0.33333333333333337,0.8347375083126577,0.27282619201220354,0.0,0.20833333333333334,23.651918639526553,20000169
Cog-Heuristic,5.863317219284006,5,0.4166666666666667,0.2695853941290216,0.75,0.5833333333333333,0.7644802593131432,0.2858892878249253,0.0,0.1875,22.288671741336184,20000170
Cog-Heuristic,13.1300133392073,9,0.75,0.6194701433004307,0.9166666666666666,0.25,0.8338297863802332,0.2701072896140681,0.0,0.1875,25.116256114556673,20000171
Cog-Heuristic,12.99549396833016,9,0.75,0.676936092500986,0.8333333333333334,0.25,0.8487056239132169,0.26796933377305127,0.0,0.20833333333333334,23.99089797633444,20000172
Cog-Heuristic,11.330540601459251,8,0.6666666666666666,0.5695548119685011,0.75,0.33333333333333337,0.8220208693007418,0.2765578614867946,0.0,0.20833333333333334,23.28988454413691,20000173
Cog-Heuristic,13.395354812125577,9,0.75,0.674279336687592,0.8333333333333334,0.25,0.8440400194979522,0.27642332541849524,0.0,0.20833333333333334,24.47364710708477,20000174
Cog-Heuristic,8.605746422411825,7,0.5833333333333334,0.42683588627877567,0.75,0.41666666666666663,0.7152156149869485,0.285628126665723,0.0,0.16666666666666666,21.476736827577422,20000175
Cog-Heuristic,9.208146677381102,7,0.5833333333333334,0.4038085968143188,0.8333333333333334,0.41666666666666663,0.7865088462942368,0.2710834732946345,0.0,0.1875,22.882378720161174,20000176
Cog-Heuristic,11.392682440918216,8,0.6666666666666666,0.5653026518048468,0.8333333333333334,0.33333333333333337,0.8230962683293654,0.28306629009377066,0.0,0.1875,24.40332180774498,20000177
Cog-Heuristic,11.463350359772098,8,0.6666666666666666,0.6030897140214546,0.75,0.33333333333333337,0.8389171149341627,0.29734777815213326,0.0,0.1875,25.02478437861894,20000178
Cog-Heuristic,5.794188357670163,5,0.4166666666666667,0.2560976491193131,0.75,0.5833333333333333,0.804705734943373,0.2785376398355826,0.0,0.1875,23.313219381062005,20000179
Cog-Heuristic,10.204935911668642,7,0.5833333333333334,0.5317735663090855,0.75,0.41666666666666663,0.7884734635904781,0.2774938353245266,0.0,0.20833333333333334,23.123070846416027,20000180
Cog-Heuristic,12.577224777463043,9,0.75,0.5981513844053981,0.9166666666666666,0.25,0.805255820576531,0.2967863933046709,0.0,0.14583333333333334,23.96860287514422,20000181
Cog-Heuristic,13.778694563328282,9,0.75,0.7000879284779038,0.75,0.25,0.8345550833882194,0.25873816589132365,0.0,0.25,23.575913928686916,20000182
Cog-Heuristic,5.757564860378806,5,0.4166666666666667,0.28678545596822885,0.6666666666666666,0.5833333333333333,0.7600825630519523,0.2747066659556983,0.0,0.20833333333333334,21.684542283904882,20000183
Cog-Heuristic,8.843423704618958,7,0.5833333333333334,0.3932698050322462,0.75,0.41666666666666663,0.7768429312210676,0.24301814329283625,0.0,0.22916666666666666,22.20263163009129,20000184
Cog-Heuristic,15.061381564125028,10,0.8333333333333334,0.7576979955862565,0.8333333333333334,0.16666666666666663,0.8241915663697181,0.2578713580094079,0.0,0.20833333333333334,23.302760808207154,20000185
Cog-Heuristic,10.900555849706091,8,0.6666666666666666,0.477719393211058,0.8333333333333334,0.33333333333333337,0.7999329165051705,0.23671743354774324,0.0,0.1875,23.989913022024158,20000186
Cog-Heuristic,6.254737643507967,5,0.4166666666666667,0.3227487947298093,0.6666666666666666,0.5833333333333333,0.8121650557470446,0.28021605173617187,0.0,0.22916666666666666,22.663720410300275,20000187
Cog-Heuristic,11.402458156067203,8,0.6666666666666666,0.6718190892426279,0.6666666666666666,0.33333333333333337,0.8443283662513253,0.2892064860049571,0.0,0.20833333333333334,24.041180936280103,20000188
Cog-Heuristic,7.031867030708327,6,0.5,0.3447300498789262,0.6666666666666666,0.5,0.7596954403389572,0.2601073478725651,0.0,0.20833333333333334,21.84642536424599,20000189
Cog-Heuristic,14.92711272836754,10,0.8333333333333334,0.7798878496221773,0.8333333333333334,0.16666666666666663,0.8483320498840996,0.29420423694069164,0.0,0.1875,23.99589311215926,20000190
Cog-Heuristic,17.11999204759663,12,1.0,1.0,1.0,0.0,0.8323281808865334,0.2363740089828005,0.0,0.22916666666666666,22.64249914146598,20000191
Cog-Heuristic,9.476370796525394,7,0.5833333333333334,0.4982443592127624,0.75,0.41666666666666663,0.8285749254535522,0.29282149985984396,0.0,0.20833333333333334,23.55292817820803,20000192
Cog-Heuristic,9.986529961580626,7,0.5833333333333334,0.4942674061910156,0.75,0.41666666666666663,0.8692116963712303,0.28494253876458775,0.0,0.20833333333333334,24.67446797581568,20000193
Cog-Heuristic,7.267812929410518,6,0.5,0.3590171231361986,0.6666666666666666,0.5,0.8175504539822152,0.29972459578614735,0.0,0.22916666666666666,22.63768430256158,20000194
Cog-Heuristic,11.009809223612839,8,0.6666666666666666,0.5322544157558301,0.75,0.33333333333333337,0.7982087865975233,0.29663416689191696,0.0,0.20833333333333334,23.242192768590915,20000195
Cog-Heuristic,11.650634068025244,8,0.6666666666666666,0.5645881697249936,0.8333333333333334,0.33333333333333337,0.8451931885337706,0.2801172704121543,0.0,0.1875,25.58355516599467,20000196
Cog-Heuristic,5.532529848592913,4,0.3333333333333333,0.3789478430953691,0.75,0.6666666666666667,0.8251003787375066,0.2542433178568366,0.0,0.22916666666666666,22.418947014498258,20000197
Cog-Heuristic,9.464690116198508,7,0.5833333333333334,0.41735384483841365,0.8333333333333334,0.41666666666666663,0.784212341781788,0.2557500944384064,0.0,0.20833333333333334,23.799715232431538,20000198
Cog-Heuristic,5.414331775301642,5,0.4166666666666667,0.2729067743314724,0.6666666666666666,0.5833333333333333,0.7623712299878079,0.29110877697499116,0.0,0.1875,21.719130928903454,20000199
Cog-Heuristic,11.345851103656257,8,0.6666666666666666,0.5245646793145973,0.8333333333333334,0.33333333333333337,0.818400988347023,0.327360626355132,0.0,0.16666666666666666,24.77527996040653,20000200
Cog-Heuristic,9.740526121370273,7,0.5833333333333334,0.4506731267834255,0.75,0.41666666666666663,0.7737878486714965,0.25827940134442595,0.0,0.20833333333333334,22.839059672195035,20000201
Cog-Heuristic,9.444468013362291,7,0.5833333333333334,0.4626616280381925,0.75,0.41666666666666663,0.8171176716757381,0.2814549243027262,0.0,0.20833333333333334,22.895261884608658,20000202
Cog-Heuristic,12.430078485603376,9,0.75,0.6183489634683421,0.8333333333333334,0.25,0.8131333853278907,0.28996290401618696,0.0,0.1875,24.25850159412814,20000203
Cog-Heuristic,9.625979989893265,7,0.5833333333333334,0.4645384253435034,0.75,0.41666666666666663,0.7774902568953618,0.2511921661457684,0.0,0.20833333333333334,23.190717370552022,20000204
Cog-Heuristic,11.447810683848196,8,0.6666666666666666,0.5518728335393489,0.9166666666666666,0.33333333333333337,0.8189049242302184,0.27051758144360677,0.0,0.16666666666666666,25.12927592037515,20000205
Cog-Heuristic,5.688904568839563,5,0.4166666666666667,0.2569095418791492,0.6666666666666666,0.5833333333333333,0.7945258121482995,0.2737681246756711,0.0,0.25,21.6611322129099,20000206
Cog-Heuristic,5.978954767802208,5,0.4166666666666667,0.3158996731052699,0.6666666666666666,0.5833333333333333,0.7909132619378246,0.27254824263892036,0.0,0.22916666666666666,22.20292601316356,20000207
Cog-Heuristic,7.900563712607207,6,0.5,0.3853306834681361,0.75,0.5,0.8054832888595028,0.28409931878246336,0.0,0.1875,24.297053580368225,20000208
Cog-Heuristic,11.659751801592552,8,0.6666666666666666,0.5959555244985558,0.75,0.33333333333333337,0.8041255939880535,0.28263981851082337,0.0,0.1875,24.188934632851712,20000209
Cog-Heuristic,16.607530523678534,11,0.9166666666666666,0.8964834784118206,0.9166666666666666,0.08333333333333337,0.8583550159048601,0.2751872718587491,0.0,0.14583333333333334,25.62725205666883,20000210
Cog-Heuristic,10.452649122057101,8,0.6666666666666666,0.5245899874393913,0.75,0.33333333333333337,0.7359738634135787,0.25776591544228805,0.0,0.1875,22.887767259165482,20000211
Cog-Heuristic,10.910600447145699,8,0.6666666666666666,0.5535231128650657,0.8333333333333334,0.33333333333333337,0.7880639963510075,0.26323580986758144,0.0,0.16666666666666666,24.75298582467846,20000212
Cog-Heuristic,14.637487017225425,10,0.8333333333333334,0.7255036175628686,0.8333333333333334,0.16666666666666663,0.836427928851777,0.27745560619096993,0.0,0.1875,25.2631753091535,20000213
Cog-Heuristic,9.453847489162055,7,0.5833333333333334,0.49128384103611,0.75,0.41666666666666663,0.7292169915132671,0.2897316184749103,0.0,0.1875,22.217697434063666,20000214
Cog-Heuristic,5.247199730953291,4,0.3333333333333333,0.3949295753185825,0.6666666666666666,0.6666666666666667,0.8607251925876523,0.3135030524123752,0.0,0.22916666666666666,24.97091137810537,20000215
Cog-Heuristic,9.334304675977883,7,0.5833333333333334,0.41489374670234486,0.8333333333333334,0.41666666666666663,0.7862535809802225,0.2626846300721329,0.0,0.1875,24.23242656451712,20000216
Cog-Heuristic,14.96334875015086,10,0.8333333333333334,0.7823656638866064,0.9166666666666666,0.16666666666666663,0.8564655772858115,0.290016239699238,0.0,0.16666666666666666,25.395417176318453,20000217
Cog-Heuristic,10.580989730031012,8,0.6666666666666666,0.5217133052772166,0.8333333333333334,0.33333333333333337,0.7699404175724908,0.27226715660547157,0.0,0.1875,23.09755591020362,20000218
Cog-Heuristic,9.115541703576948,7,0.5833333333333334,0.41830703775875444,0.8333333333333334,0.41666666666666663,0.7577750498976307,0.2788057914573127,0.0,0.20833333333333334,23.026165615821668,20000219
Cog-Heuristic,8.899214521135688,7,0.5833333333333334,0.4401437463786182,0.75,0.41666666666666663,0.746895055242056,0.24201560379850662,0.0,0.1875,22.61106879459618,20000220
Cog-Heuristic,14.797174366196597,10,0.8333333333333334,0.7885939790903718,0.8333333333333334,0.16666666666666663,0.8509498629950137,0.2802690481309179,0.0,0.20833333333333334,24.96984155834909,20000221
Cog-Heuristic,10.77693522090956,8,0.6666666666666666,0.4800701800392613,0.8333333333333334,0.33333333333333337,0.8039129999117786,0.27619302787532923,0.0,0.1875,23.584451804874323,20000222
Cog-Heuristic,10.55091596512885,8,0.6666666666666666,0.45578443815188147,0.8333333333333334,0.33333333333333337,0.8163791879189762,0.2919732101428005,0.0,0.1875,22.894424087966204,20000223
Cog-Heuristic,9.418693081618283,7,0.5833333333333334,0.46022215547809076,0.75,0.41666666666666663,0.7879941745098374,0.27581061044872485,0.0,0.1875,23.91121681633566,20000224
Cog-Heuristic,12.559192414265574,9,0.75,0.6204407002086195,0.8333333333333334,0.25,0.831488010892687,0.30951638408520504,0.0,0.16666666666666666,24.783612514640343,20000225
Cog-Heuristic,13.826757101211443,9,0.75,0.6599983492870682,0.8333333333333334,0.25,0.832937879686443,0.26415662283812386,0.0,0.20833333333333334,25.125593131916407,20000226
Cog-Heuristic,12.480582718620886,9,0.75,0.6232751675166921,0.8333333333333334,0.25,0.8064256341465178,0.2927424925573965,0.0,0.14583333333333334,23.576701042246718,20000227
Cog-Heuristic,10.734953081848376,8,0.6666666666666666,0.49663844483319713,0.8333333333333334,0.33333333333333337,0.8064292871623948,0.29322346659177384,0.0,0.16666666666666666,24.790885653703693,20000228
Cog-Heuristic,6.74720525132136,5,0.4166666666666667,0.35385866497237367,0.75,0.5833333333333333,0.8590887544987756,0.2847821585245678,0.0,0.1875,25.13763912532539,20000229
Cog-Heuristic,10.064640748343153,7,0.5833333333333334,0.49268799215825737,0.8333333333333334,0.41666666666666663,0.8224681582328905,0.276320315514837,0.0,0.1875,24.459902583515905,20000230
Cog-Heuristic,10.957632236205143,8,0.6666666666666666,0.5263925932774997,0.8333333333333334,0.33333333333333337,0.8182977615517316,0.3114813921868364,0.0,0.16666666666666666,23.561894648213332,20000231
Cog-Heuristic,5.584546154933996,5,0.4166666666666667,0.26328736786055223,0.6666666666666666,0.5833333333333333,0.7459754020294795,0.24856942147336544,0.0,0.20833333333333334,21.630619966316562,20000232
Cog-Heuristic,13.138247051066967,9,0.75,0.6751385519987061,0.75,0.25,0.7699046152045899,0.2629870277116794,0.0,0.20833333333333334,23.03457989400572,20000233
Cog-Heuristic,7.284542997758999,6,0.5,0.3552107085687263,0.6666666666666666,0.5,0.7353923963621413,0.25349520961501093,0.0,0.22916666666666666,21.32199097073563,20000234
Cog-Heuristic,11.731994758659852,9,0.75,0.6064033237738624,0.75,0.25,0.747147553187462,0.2514704872738904,0.0,0.20833333333333334,22.266581571195704,20000235
Cog-Heuristic,15.231240839529473,10,0.8333333333333334,0.7760516925731151,0.9166666666666666,0.16666666666666663,0.8567026215398612,0.2917407222112219,0.0,0.16666666666666666,25.442042117628002,20000236
Cog-Heuristic,8.506465856001158,6,0.5,0.4555535125379535,0.6666666666666666,0.5,0.8603226106403296,0.28459489747979666,0.0,0.20833333333333334,24.147640745102635,20000237
Cog-Heuristic,15.461866184318193,10,0.8333333333333334,0.7657531345335549,0.8333333333333334,0.16666666666666663,0.8317806605740684,0.2912812316293067,0.0,0.1875,24.65935627690276,20000238
Cog-Heuristic,10.259645230213728,7,0.5833333333333334,0.5198998347488465,0.75,0.41666666666666663,0.8504685498871982,0.29982863079081745,0.0,0.20833333333333334,25.174944215707956,20000239
Cog-Heuristic,7.932155990656982,6,0.5,0.434198196140891,0.6666666666666666,0.5,0.8219967131180063,0.2899217312118902,0.0,0.22916666666666666,22.85394327834762,20000240
Cog-Heuristic,9.565877602145317,7,0.5833333333333334,0.4724934687542642,0.75,0.41666666666666663,0.797795336687053,0.31729261325121,0.0,0.1875,23.191277779410285,20000241
Cog-Heuristic,14.156131414534974,10,0.8333333333333334,0.7069423976254863,1.0,0.16666666666666663,0.801585467398394,0.26667721294186436,0.0,0.14583333333333334,24.856773755555434,20000242
Cog-Heuristic,11.902101431610577,8,0.6666666666666666,0.6643175591684548,0.6666666666666666,0.33333333333333337,0.7698052190835503,0.30374044834349595,0.0,0.20833333333333334,23.25899397688512,20000243
Cog-Heuristic,13.120640714715435,9,0.75,0.7226496473741272,0.75,0.25,0.8484855009809467,0.28399114576755385,0.0,0.16666666666666666,25.505397141828176,20000244
Cog-Heuristic,13.245460228697416,9,0.75,0.6812770110128694,0.75,0.25,0.8244330128083891,0.27916305655442003,0.0,0.1875,25.0174550409927,20000245
Cog-Heuristic,11.15797659312891,8,0.6666666666666666,0.6451191191020581,0.75,0.33333333333333337,0.8302830542518757,0.3245458161901784,0.0,0.16666666666666666,25.654764974432013,20000246
Cog-Heuristic,11.078854685992432,8,0.6666666666666666,0.5093301694506963,0.8333333333333334,0.33333333333333337,0.8136901872622552,0.3042125987008882,0.0,0.1875,23.876213847866637,20000247
Cog-Heuristic,18.589825540497376,12,1.0,1.0,1.0,0.0,0.8959132943397908,0.2615927505107994,0.0,0.20833333333333334,26.238197091334296,20000248
Cog-Heuristic,10.061567666932005,7,0.5833333333333334,0.5346645038546037,0.75,0.41666666666666663,0.8429919716161582,0.2953181851614351,0.0,0.22916666666666666,22.929540119972998,20000249
Cog-Heuristic,10.924874020604626,8,0.6666666666666666,0.5102589755457557,0.8333333333333334,0.33333333333333337,0.8370246110105034,0.2678438619856313,0.0,0.1875,24.502949107213794,20000250
Cog-Heuristic,14.706925896879984,10,0.8333333333333334,0.7603877843715761,0.8333333333333334,0.16666666666666663,0.7739093227151166,0.2881903671830361,0.0,0.1875,23.082143212105695,20000251
Cog-Heuristic,12.89965065464712,9,0.75,0.6450326240286107,0.8333333333333334,0.25,0.8252155708766632,0.26492675585831593,0.0,0.1875,23.477768131360502,20000252
Cog-Heuristic,11.681662555089837,8,0.6666666666666666,0.5799572554885597,0.75,0.33333333333333337,0.7897255686389245,0.25228052928470124,0.0,0.20833333333333334,22.178428634173667,20000253
Cog-Heuristic,11.513388106574352,8,0.6666666666666666,0.5824261543842769,0.75,0.33333333333333337,0.8641518521833328,0.29545137110612485,0.0,0.20833333333333334,24.49937309230536,20000254
Cog-Heuristic,7.55829809205479,6,0.5,0.4131261694708326,0.6666666666666666,0.5,0.7680744165734416,0.314446488588313,0.0,0.1875,22.038878450422832,20000255
Cog-Heuristic,9.637727937385687,7,0.5833333333333334,0.4599101210939426,0.75,0.41666666666666663,0.7973571087071584,0.30069794998992005,0.0,0.1875,22.67351988767408,20000256
Cog-Heuristic,10.786178426543199,8,0.6666666666666666,0.5759882440040116,0.75,0.33333333333333337,0.7610579573812366,0.28999007174709374,0.0,0.16666666666666666,22.571191274570296,20000257
Cog-Heuristic,8.884457032598984,7,0.5833333333333334,0.43253134449294267,0.75,0.41666666666666663,0.7800452867245472,0.272968860264176,0.0,0.20833333333333334,21.768865595400875,20000258
Cog-Heuristic,9.05650010864184,7,0.5833333333333334,0.46147750312241376,0.75,0.41666666666666663,0.7842450462557418,0.3010489694911683,0.0,0.1875,22.475014537833708,20000259
Cog-Heuristic,9.5101244510093,7,0.5833333333333334,0.5085261735538518,0.6666666666666666,0.41666666666666663,0.7669544309403177,0.3207562766318553,0.0,0.1875,22.135710462679228,20000260
Cog-Heuristic,6.173347177940045,5,0.4166666666666667,0.2944330380791356,0.6666666666666666,0.5833333333333333,0.8536299114538494,0.29975353266873994,0.0,0.25,22.836650666845227,20000261
Cog-Heuristic,9.485374122909022,7,0.5833333333333334,0.4589072233340891,0.75,0.41666666666666663,0.8543898322014757,0.29922929508359153,0.0,0.20833333333333334,24.029376594415723,20000262
Cog-Heuristic,12.435622242006078,9,0.75,0.607725945235933,0.8333333333333334,0.25,0.8026356751360085,0.22191794226940353,0.0,0.1875,24.34239739277142,20000263
Cog-Heuristic,7.46326992467491,6,0.5,0.31501888506028014,0.75,0.5,0.8049503050954279,0.28278048901536346,0.0,0.20833333333333334,23.359850277304382,20000264
Cog-Heuristic,13.88380631335264,10,0.8333333333333334,0.7414764090537421,0.8333333333333334,0.16666666666666663,0.7633174307134624,0.2376744412629014,0.0,0.20833333333333334,23.01787163599356,20000265
Cog-Heuristic,16.387017229070565,11,0.9166666666666666,0.8415438397068952,0.9166666666666666,0.08333333333333337,0.824002769804815,0.28905243217790627,0.0,0.16666666666666666,24.242155639982403,20000266
Cog-Heuristic,6.319111442826488,5,0.4166666666666667,0.3371483495703131,0.6666666666666666,0.5833333333333333,0.7974402995012969,0.3009042638080402,0.0,0.20833333333333334,21.798589984289187,20000267
Cog-Heuristic,7.680608362716311,6,0.5,0.3470615641872021,0.75,0.5,0.7943117374545446,0.27171226194179127,0.0,0.22916666666666666,22.145148856899485,20000268
Cog-Heuristic,10.08401280650319,7,0.5833333333333334,0.5320000518704666,0.75,0.41666666666666663,0.8407036214578857,0.2891541246380482,0.0,0.20833333333333334,24.146515184376963,20000269
Cog-Heuristic,9.090023856507594,7,0.5833333333333334,0.3936144998160544,0.8333333333333334,0.41666666666666663,0.7524140729357905,0.2635935358604447,0.0,0.16666666666666666,22.91523790594565,20000270
Cog-Heuristic,13.37110777939851,9,0.75,0.6760998404694442,0.8333333333333334,0.25,0.8327406580822716,0.28552583498282913,0.0,0.16666666666666666,24.579894739222713,20000271
Cog-Heuristic,12.568480377172962,9,0.75,0.6063540388318632,0.8333333333333334,0.25,0.7690989165536927,0.2515956944401716,0.0,0.1875,24.11644108689302,20000272
Cog-Heuristic,17.095540202804944,11,0.9166666666666666,0.85667081478089,0.9166666666666666,0.08333333333333337,0.8408881332072404,0.28546088205370707,0.0,0.1875,25.869052292413407,20000273
Cog-Heuristic,11.314360081659723,8,0.6666666666666666,0.5256112374389356,0.8333333333333334,0.33333333333333337,0.8210756441267729,0.2816931266702985,0.0,0.20833333333333334,23.73432851105216,20000274
Cog-Heuristic,9.011919180712589,7,0.5833333333333334,0.41809208697600875,0.8333333333333334,0.41666666666666663,0.803243705678271,0.28054074061424655,0.0,0.20833333333333334,23.354984102362035,20000275
Cog-Heuristic,13.132906633794605,9,0.75,0.6320493872719308,0.75,0.25,0.7940527998494029,0.25189844453132165,0.0,0.20833333333333334,22.853795171334887,20000276
Cog-Heuristic,8.967698594769807,7,0.5833333333333334,0.4138833967405221,0.75,0.41666666666666663,0.7584747822420379,0.2928381805130548,0.0,0.1875,21.854860598497435,20000277
Cog-Heuristic,8.644668547739139,7,0.5833333333333334,0.41450264437456597,0.6666666666666666,0.41666666666666663,0.7457130859935451,0.2683799155157709,0.0,0.22916666666666666,21.7416856344711,20000278
Cog-Heuristic,9.318115999588793,7,0.5833333333333334,0.4805828444600613,0.75,0.41666666666666663,0.7589969168780065,0.26329269663180294,0.0,0.22916666666666666,21.68466758249734,20000279
Cog-Heuristic,14.023146777955228,10,0.8333333333333334,0.7478059688220645,0.9166666666666666,0.16666666666666663,0.7827935588655902,0.2646883837586359,0.0,0.16666666666666666,24.064636580687548,20000280
Cog-Heuristic,10.937181198401884,8,0.6666666666666666,0.5379928864380534,0.8333333333333334,0.33333333333333337,0.7932031525430112,0.2822166542058942,0.0,0.1875,24.174099210858795,20000281
Cog-Heuristic,11.328282141761006,8,0.6666666666666666,0.5598423346177965,0.75,0.33333333333333337,0.8393340010290391,0.28012143019695057,0.0,0.20833333333333334,22.684582474343486,20000282
Cog-Heuristic,13.906272908069855,10,0.8333333333333334,0.7141956786211926,0.8333333333333334,0.16666666666666663,0.7942172295117467,0.2789798650466179,0.0,0.1875,24.00977085080478,20000283
Cog-Heuristic,9.053753018899311,7,0.5833333333333334,0.4900111246731384,0.6666666666666666,0.41666666666666663,0.7580375525386488,0.29235067143730564,0.0,0.1875,22.47669424038186,20000284
Cog-Heuristic,9.098868037277844,7,0.5833333333333334,0.43695739036662296,0.75,0.41666666666666663,0.7395079375298285,0.24499412871923498,0.0,0.20833333333333334,22.24882529811832,20000285
Cog-Heuristic,7.882193995754423,6,0.5,0.4405470210692772,0.5833333333333334,0.5,0.7917721662228848,0.3038516218466003,0.0,0.22916666666666666,22.04161583952506,20000286
Cog-Heuristic,15.695919835159623,11,0.9166666666666666,0.8331260482561131,0.9166666666666666,0.08333333333333337,0.7904517940593198,0.28100399192236986,0.0,0.14583333333333334,25.528183040347784,20000287
Cog-Heuristic,9.146459545115961,7,0.5833333333333334,0.4171974977782152,0.8333333333333334,0.41666666666666663,0.763757349449555,0.25807022966422927,0.0,0.16666666666666666,22.490013347847096,20000288
Cog-Heuristic,11.24860721973939,8,0.6666666666666666,0.4926770601004009,0.9166666666666666,0.33333333333333337,0.8082443960973746,0.2248511333437493,0.0,0.20833333333333334,24.602888580148257,20000289
Cog-Heuristic,7.555759996540504,6,0.5,0.333193666397213,0.75,0.5,0.7724890014914877,0.27358971490474904,0.0,0.1875,23.20344821592195,20000290
Cog-Heuristic,13.039391060653378,9,0.75,0.6550130739389826,0.9166666666666666,0.25,0.8242430952281184,0.2609952362879853,0.0,0.20833333333333334,24.427040892679464,20000291
Cog-Heuristic,7.735410944156911,6,0.5,0.38667034045993176,0.75,0.5,0.7856856085972704,0.29967452817047446,0.0,0.1875,23.077457130259532,20000292
Cog-Heuristic,12.614026434602886,9,0.75,0.6609044327033715,0.75,0.25,0.7782470114465211,0.26733111971634854,0.0,0.20833333333333334,22.314979916099563,20000293
Cog-Heuristic,10.122348529858627,7,0.5833333333333334,0.47910089383355264,0.75,0.41666666666666663,0.8252102957550423,0.27017050169243567,0.0,0.22916666666666666,24.396056686773896,20000294
Cog-Heuristic,9.20242505180082,7,0.5833333333333334,0.44009702344481055,0.75,0.41666666666666663,0.7620605013640125,0.2569328208353585,0.0,0.20833333333333334,22.782361619929986,20000295
Cog-Heuristic,9.96239669204039,7,0.5833333333333334,0.5000558575190099,0.75,0.41666666666666663,0.8351380145267249,0.2932445609527613,0.0,0.20833333333333334,24.60306533930613,20000296
Cog-Heuristic,10.703606527265134,8,0.6666666666666666,0.49855876302112634,0.8333333333333334,0.33333333333333337,0.7805092447241716,0.2597436720205579,0.0,0.22916666666666666,22.104600991649455,20000297
Cog-Heuristic,5.218745450543482,5,0.4166666666666667,0.1944494811628147,0.75,0.5833333333333333,0.7682316292407666,0.27765960993223077,0.0,0.1875,22.112723980258036,20000298
Cog-Heuristic,12.335953257981098,9,0.75,0.5592887435790597,0.9166666666666666,0.25,0.7913001553245097,0.2524761406295704,0.0,0.1875,23.28159568843365,20000299
Cog-Heuristic,12.08001867051963,8,0.6666666666666666,0.6160947000174959,0.75,0.33333333333333337,0.8345358646446095,0.3199154776158064,0.0,0.1875,24.765531747369806,20000300
Cog-Heuristic,10.708900189414202,8,0.6666666666666666,0.5343590386620881,0.8333333333333334,0.33333333333333337,0.8166144865430903,0.30134766228503956,0.0,0.1875,23.29290854280618,20000301
Cog-Heuristic,7.694531796502757,6,0.5,0.43277172815681253,0.5833333333333334,0.5,0.7634407198783656,0.26835602773326606,0.0,0.22916666666666666,21.565995395883462,20000302
Cog-Heuristic,11.276464664640068,8,0.6666666666666666,0.5749122746155345,0.8333333333333334,0.33333333333333337,0.8072392559046442,0.27430953677485054,0.0,0.1875,23.501019546491307,20000303
Cog-Heuristic,12.989353104492045,9,0.75,0.7278693761979094,0.9166666666666666,0.25,0.8289118105422394,0.2917732716196964,0.0,0.14583333333333334,25.151965538165204,20000304
Cog-Heuristic,16.00076819067437,11,0.9166666666666666,0.829884234063746,1.0,0.08333333333333337,0.7951766120205129,0.27589124865692777,0.0,0.125,25.372741397584093,20000305
Cog-Heuristic,10.036143882033413,7,0.5833333333333334,0.642254826697864,0.8333333333333334,0.41666666666666663,0.8090761087576389,0.2661719749096781,0.0,0.16666666666666666,24.658509697483474,20000306
Cog-Heuristic,9.166979889243212,7,0.5833333333333334,0.4267744592637493,0.75,0.41666666666666663,0.795908802565628,0.2788335807860318,0.0,0.22916666666666666,22.058668279103394,20000307
Cog-Heuristic,8.328169264582305,6,0.5,0.4526702099551981,0.75,0.5,0.8304578029658036,0.307583048595968,0.0,0.1875,24.553243044187177,20000308
Cog-Heuristic,10.416536799583987,7,0.5833333333333334,0.5100240789995534,0.75,0.41666666666666663,0.8580026609559647,0.2889072118807064,0.0,0.22916666666666666,24.76359159685016,20000309
Cog-Heuristic,12.781878481603423,9,0.75,0.6989469647821908,0.8333333333333334,0.25,0.8399358826237769,0.24418780922892247,0.0,0.22916666666666666,23.533556475194203,20000310
Cog-Heuristic,12.801662094409267,9,0.75,0.6391732615087545,0.8333333333333334,0.25,0.7845785226112515,0.2806744804457584,0.0,0.20833333333333334,22.69854026377956,20000311
Cog-Heuristic,9.078784925965987,7,0.5833333333333334,0.40984429339539036,0.75,0.41666666666666663,0.7966580546737329,0.2551677985931435,0.0,0.20833333333333334,23.78766822989556,20000312
Cog-Heuristic,5.916058703919948,5,0.4166666666666667,0.26494688554953605,0.75,0.5833333333333333,0.8245236169038481,0.29176518781682276,0.0,0.20833333333333334,22.246911775536645,20000313
Cog-Heuristic,13.02520681811226,9,0.75,0.6698786098264181,0.8333333333333334,0.25,0.8043665963423066,0.2851648025254148,0.0,0.1875,23.768502979856056,20000314
Cog-Heuristic,9.240646616661591,7,0.5833333333333334,0.43458889202739875,0.75,0.41666666666666663,0.8267439347094805,0.2803206406257426,0.0,0.22916666666666666,22.700553109537008,20000315
Cog-Heuristic,11.629831509675881,8,0.6666666666666666,0.5911399307665731,0.6666666666666666,0.33333333333333337,0.811127920103688,0.29166780002327647,0.0,0.22916666666666666,22.617774775113865,20000316
Cog-Heuristic,11.323227615059952,8,0.6666666666666666,0.5547643307070456,0.8333333333333334,0.33333333333333337,0.8189875081460233,0.27214113980732724,0.0,0.16666666666666666,24.942570854024307,20000317
Cog-Heuristic,6.6399522828895945,5,0.4166666666666667,0.3445234980051775,0.75,0.5833333333333333,0.8437789630897973,0.2929235657442653,0.0,0.22916666666666666,23.453465726720275,20000318
Cog-Heuristic,6.46212663233742,5,0.4166666666666667,0.3301451104145307,0.75,0.5833333333333333,0.8020767886940217,0.31706115129692164,0.0,0.1875,23.881436196086305,20000319
Cog-Heuristic,7.586840635759338,6,0.5,0.3558822494113438,0.6666666666666666,0.5,0.7907342428516936,0.26818684423883404,0.0,0.22916666666666666,21.87439200748003,20000320
Cog-Heuristic,14.199588420726863,10,0.8333333333333334,0.7603328025977458,0.8333333333333334,0.16666666666666663,0.7756554031022365,0.2768246683796039,0.0,0.14583333333333334,24.296216707114972,20000321
Cog-Heuristic,7.595654258690117,6,0.5,0.3958411519190151,0.6666666666666666,0.5,0.778214152812981,0.26105576337229225,0.0,0.20833333333333334,22.685364385523897,20000322
Cog-Heuristic,6.324467472085106,5,0.4166666666666667,0.3263927143845573,0.75,0.5833333333333333,0.8096254892946977,0.27727159665069023,0.0,0.20833333333333334,23.45982717159954,20000323
Cog-Heuristic,10.261681965453066,7,0.5833333333333334,0.5276174436674427,0.8333333333333334,0.41666666666666663,0.8302487462306068,0.288702020385738,0.0,0.16666666666666666,26.414310873312076,20000324
Cog-Heuristic,11.100389740433256,8,0.6666666666666666,0.5775678424359038,0.8333333333333334,0.33333333333333337,0.8142654117501354,0.28858798280743486,0.0,0.16666666666666666,23.980575610067525,20000325
Cog-Heuristic,6.117066519359258,5,0.4166666666666667,0.36513558061456286,0.5833333333333334,0.5833333333333333,0.7859376866244979,0.2928917248892951,0.0,0.25,20.718181865108455,20000326
Cog-Heuristic,14.513109570438539,10,0.8333333333333334,0.7180745029385069,0.8333333333333334,0.16666666666666663,0.7825159078834966,0.2554212174401573,0.0,0.1875,24.906563541249593,20000327
Cog-Heuristic,10.911418904528787,8,0.6666666666666666,0.527023352274012,0.75,0.33333333333333337,0.8136742646627102,0.2962957442310967,0.0,0.20833333333333334,23.97228829335739,20000328
Cog-Heuristic,5.539054818568646,5,0.4166666666666667,0.26293124179272337,0.6666666666666666,0.5833333333333333,0.7920219463345838,0.29382228554742107,0.0,0.20833333333333334,22.006263479099584,20000329
Cog-Heuristic,12.90533571929557,9,0.75,0.635994938864132,0.8333333333333334,0.25,0.7651734201346407,0.26972188017998616,0.0,0.16666666666666666,23.37094208283796,20000330
Cog-Heuristic,10.898458450730917,8,0.6666666666666666,0.5147431757725197,0.9166666666666666,0.33333333333333337,0.8689810319170661,0.3290071844944059,0.0,0.14583333333333334,26.270323669151274,20000331
Cog-Heuristic,12.49458076452222,9,0.75,0.6034008743365735,0.8333333333333334,0.25,0.7871143008233176,0.26498660321882245,0.0,0.14583333333333334,23.822456421917433,20000332
Cog-Heuristic,8.586246153277637,7,0.5833333333333334,0.39109077345011656,0.75,0.41666666666666663,0.7818334049575366,0.25157972323766586,0.0,0.22916666666666666,21.93414637502653,20000333
Cog-Heuristic,11.61353944381817,8,0.6666666666666666,0.6235620092256641,0.6666666666666666,0.33333333333333337,0.8004624414684548,0.26079023993060935,0.0,0.22916666666666666,23.022196074660613,20000334
Cog-Heuristic,9.532186371650344,7,0.5833333333333334,0.49332082539239624,0.75,0.41666666666666663,0.7939432762085822,0.2739910495423638,0.0,0.20833333333333334,23.79635607325925,20000335
Cog-Heuristic,7.825558858109524,6,0.5,0.3697749539373021,0.75,0.5,0.8493336014254312,0.31506495039853577,0.0,0.20833333333333334,23.180308180723564,20000336
Cog-Heuristic,11.156944065883387,8,0.6666666666666666,0.5595420250406646,0.75,0.33333333333333337,0.8261611388650304,0.30546071197099256,0.0,0.1875,23.98953286416348,20000337
Cog-Heuristic,16.977106195811167,11,0.9166666666666666,0.8671011612788134,0.9166666666666666,0.08333333333333337,0.8394419516231867,0.2646587897706336,0.0,0.1875,26.11702102289717,20000338
Cog-Heuristic,13.069598275146767,9,0.75,0.6482731035856821,0.8333333333333334,0.25,0.8357072891320296,0.27012506606400466,0.0,0.20833333333333334,23.456586613548023,20000339
Cog-Heuristic,9.293985490642486,7,0.5833333333333334,0.49257822434170634,0.6666666666666666,0.41666666666666663,0.7677691548214605,0.2814263292471245,0.0,0.22916666666666666,21.183328506034336,20000340
Cog-Heuristic,12.808473007436213,9,0.75,0.6642774429662137,0.75,0.25,0.8452854155971116,0.27594307080105246,0.0,0.22916666666666666,23.325635476050646,20000341
Cog-Heuristic,14.29932902754108,10,0.8333333333333334,0.7563367911479572,0.8333333333333334,0.16666666666666663,0.8212595902877112,0.28527843515307477,0.0,0.20833333333333334,22.93733609046641,20000342
Cog-Heuristic,11.213043649645302,8,0.6666666666666666,0.554798600667037,0.75,0.33333333333333337,0.7512343161976428,0.27919726760899416,0.0,0.1875,23.028946824881988,20000343
Cog-Heuristic,10.634852737545716,8,0.6666666666666666,0.5147229625358845,0.75,0.33333333333333337,0.731974223462332,0.2793696187362334,0.0,0.1875,22.401349657378887,20000344
Cog-Heuristic,7.866346921730334,6,0.5,0.4068080999672295,0.6666666666666666,0.5,0.798423834629793,0.3025319005965626,0.0,0.1875,22.831232077190265,20000345
Cog-Heuristic,7.606461954779319,6,0.5,0.3483007931951674,0.75,0.5,0.785497596296544,0.2537753123137983,0.0,0.22916666666666666,23.0376026274376,20000346
Cog-Heuristic,9.542166725046036,7,0.5833333333333334,0.48810437439957965,0.75,0.41666666666666663,0.8301440497586663,0.28028197666323096,0.0,0.20833333333333334,23.71568415295464,20000347
Cog-Heuristic,11.57468303365225,8,0.6666666666666666,0.5557710411305378,0.75,0.33333333333333337,0.8532540569088719,0.2866662528498311,0.0,0.1875,25.57980991855977,20000348
Cog-Heuristic,16.353106264351055,11,0.9166666666666666,0.9532819057804557,0.9166666666666666,0.08333333333333337,0.8549948760770757,0.2950721922434254,0.0,0.14583333333333334,25.558562377605927,20000349
Cog-Heuristic,5.715005655419739,5,0.4166666666666667,0.3204116704109605,0.6666666666666666,0.5833333333333333,0.8091467713951523,0.3211373555680434,0.0,0.20833333333333334,22.71744280030839,20000350
Cog-Heuristic,9.562838590070344,7,0.5833333333333334,0.49717537325765954,0.75,0.41666666666666663,0.7964919321735628,0.30035229465005137,0.0,0.16666666666666666,24.04491935250859,20000351
Cog-Heuristic,9.28288750225055,7,0.5833333333333334,0.46578186525324855,0.8333333333333334,0.41666666666666663,0.7678359620848724,0.30278118658366077,0.0,0.16666666666666666,23.236697841402776,20000352
Cog-Heuristic,9.453673130390047,7,0.5833333333333334,0.4606934809343159,0.75,0.41666666666666663,0.7866589835577082,0.284287427459773,0.0,0.1875,23.299742476095222,20000353
Cog-Heuristic,9.030410940973713,7,0.5833333333333334,0.4348728253460609,0.75,0.41666666666666663,0.7589729267266924,0.24547914082854838,0.0,0.1875,23.057168895702997,20000354
Cog-Heuristic,12.509129374351309,9,0.75,0.6641208244442219,0.8333333333333334,0.25,0.7957740876787153,0.29016695127733655,0.0,0.1875,24.08345357919598,20000355
Cog-Heuristic,13.115133915430201,9,0.75,0.6631761517913434,0.8333333333333334,0.25,0.822888170714999,0.29059884999701135,0.0,0.16666666666666666,24.53793403062712,20000356
Cog-Heuristic,9.56573369617392,7,0.5833333333333334,0.4803668411007435,0.75,0.41666666666666663,0.8156780321948315,0.2611783380497144,0.0,0.22916666666666666,23.88180412560237,20000357
Cog-Heuristic,17.95163244944005,12,1.0,1.0,1.0,0.0,0.8099452407637019,0.24712565282523993,0.0,0.1875,24.984917512920795,20000358
Cog-Heuristic,16.6755011391059,11,0.9166666666666666,0.8751202952640644,0.9166666666666666,0.08333333333333337,0.8400570161190283,0.29224899450193625,0.0,0.16666666666666666,24.905398685073834,20000359
Cog-Heuristic,12.719004065005091,9,0.75,0.622239096554747,0.8333333333333334,0.25,0.7900711277413782,0.2540088722192028,0.0,0.20833333333333334,23.040588277750413,20000360
Cog-Heuristic,6.060972206686858,5,0.4166666666666667,0.27829992778003254,0.75,0.5833333333333333,0.7934043131748868,0.2697811535994017,0.0,0.20833333333333334,23.741321578489845,20000361
Cog-Heuristic,7.1984065361477905,6,0.5,0.3617167491108753,0.6666666666666666,0.5,0.8042847285309462,0.2868607440107049,0.0,0.22916666666666666,21.570011491433025,20000362
Cog-Heuristic,5.764385671416637,5,0.4166666666666667,0.28785037193789975,0.6666666666666666,0.5833333333333333,0.7990564808381356,0.30820403985198647,0.0,0.20833333333333334,23.208232346322042,20000363
Cog-Heuristic,7.174774691506986,6,0.5,0.35291659237300704,0.6666666666666666,0.5,0.7383476623870527,0.2723781432542789,0.0,0.20833333333333334,22.01258420935026,20000364
Cog-Heuristic,5.658361304549205,5,0.4166666666666667,0.3261587604870714,0.5833333333333334,0.5833333333333333,0.7460875148976807,0.2570839662510404,0.0,0.22916666666666666,20.805136709641545,20000365
Cog-Heuristic,12.420017146885392,8,0.6666666666666666,0.6424092859458069,0.6666666666666666,0.33333333333333337,0.8301821069931027,0.29314560227021824,0.0,0.20833333333333334,25.387912455826935,20000366
Cog-Heuristic,9.03898128655543,7,0.5833333333333334,0.3856837884431871,0.8333333333333334,0.41666666666666663,0.7908602664928891,0.3030118676061109,0.0,0.16666666666666666,24.037276636279646,20000367
Cog-Heuristic,9.130253044052251,7,0.5833333333333334,0.4375693184533894,0.8333333333333334,0.41666666666666663,0.7829641602204478,0.2736404221217678,0.0,0.16666666666666666,24.691513493197217,20000368
Cog-Heuristic,10.01987223634342,7,0.5833333333333334,0.5018386173957772,0.75,0.41666666666666663,0.8287669234326676,0.3234144544940796,0.0,0.20833333333333334,24.00112784620721,20000369
Cog-Heuristic,10.571890120427431,8,0.6666666666666666,0.5098786811795449,0.75,0.33333333333333337,0.7734280237659844,0.24639475782475384,0.0,0.22916666666666666,21.817086400062262,20000370
Cog-Heuristic,9.592479280239754,7,0.5833333333333334,0.4391308946368094,0.75,0.41666666666666663,0.8410338338232936,0.2475543862110662,0.0,0.25,22.41749909635131,20000371
Cog-Heuristic,6.113605551575157,5,0.4166666666666667,0.3074973903430582,0.6666666666666666,0.5833333333333333,0.7910483752979224,0.27594486401063906,0.0,0.22916666666666666,21.668028024682656,20000372
Cog-Heuristic,14.160510812708779,10,0.8333333333333334,0.7042719922954915,0.9166666666666666,0.16666666666666663,0.8061319916561756,0.25672576187747514,0.0,0.1875,23.76988326381659,20000373
Cog-Heuristic,11.1053984685841,8,0.6666666666666666,0.5176898662069973,0.8333333333333334,0.33333333333333337,0.7992670819054707,0.27800071820036326,0.0,0.1875,23.774013558551143,20000374
Cog-Heuristic,11.926087220630935,8,0.6666666666666666,0.6155798216547109,0.8333333333333334,0.33333333333333337,0.8693056846667565,0.2918653198593086,0.0,0.16666666666666666,26.34179379856217,20000375
Cog-Heuristic,12.561864862744878,9,0.75,0.6106855119253857,0.8333333333333334,0.25,0.7702216441397906,0.2484353991650349,0.0,0.20833333333333334,23.153041368073648,20000376
Cog-Heuristic,10.748212660610552,8,0.6666666666666666,0.529868804060171,0.75,0.33333333333333337,0.7627172179679215,0.2596520400971785,0.0,0.20833333333333334,22.064748728876143,20000377
Cog-Heuristic,10.92715403770224,8,0.6666666666666666,0.5375570291067434,0.75,0.33333333333333337,0.7690807130161647,0.29283183868223783,0.0,0.16666666666666666,22.190523702305647,20000378
Cog-Heuristic,10.570687113610541,8,0.6666666666666666,0.4827397682564665,0.8333333333333334,0.33333333333333337,0.8223624591428284,0.2802213238280746,0.0,0.16666666666666666,23.858917464964378,20000379
Cog-Heuristic,12.521846769341407,9,0.75,0.6062857008121092,0.8333333333333334,0.25,0.8106413591476237,0.29070381991457245,0.0,0.16666666666666666,25.176306483329373,20000380
Cog-Heuristic,6.108414516371546,5,0.4166666666666667,0.31442590161758244,0.6666666666666666,0.5833333333333333,0.7758514851766142,0.28564419333059915,0.0,0.20833333333333334,22.15282031923728,20000381
Cog-Heuristic,16.05433428375078,11,0.9166666666666666,0.8247587964879989,0.9166666666666666,0.08333333333333337,0.8693620392762483,0.25775417047418464,0.0,0.1875,25.20482531883296,20000382
Cog-Heuristic,12.851528876000309,9,0.75,0.6208248587261394,0.8333333333333334,0.25,0.7948601657390103,0.26853506409575056,0.0,0.20833333333333334,22.882539377224198,20000383
Cog-Heuristic,10.043420282420728,7,0.5833333333333334,0.4942191933281607,0.8333333333333334,0.41666666666666663,0.8039631650334113,0.25871085948314215,0.0,0.1875,23.998874355367594,20000384
Cog-Heuristic,8.876810725436673,7,0.5833333333333334,0.3592972628664708,0.8333333333333334,0.41666666666666663,0.7759571567026616,0.25198928444777996,0.0,0.1875,23.533675225735415,20000385
Cog-Heuristic,7.717120911554009,6,0.5,0.39752231486325074,0.6666666666666666,0.5,0.780512349944483,0.267340589646238,0.0,0.22916666666666666,21.537907224988643,20000386
Cog-Heuristic,13.45058676813143,9,0.75,0.7941129814855552,0.75,0.25,0.8538556497004065,0.2835759965355542,0.0,0.1875,24.340700109378368,20000387
Cog-Heuristic,16.199385081723428,11,0.9166666666666666,0.8874413006884836,0.9166666666666666,0.08333333333333337,0.8257645617347339,0.2792045703693265,0.0,0.16666666666666666,24.336963038582873,20000388
Cog-Heuristic,10.359768280024795,7,0.5833333333333334,0.6230216928578005,0.75,0.41666666666666663,0.889563848933574,0.2901735619241524,0.0,0.20833333333333334,26.05814936875253,20000389
Cog-Heuristic,13.076961565942334,9,0.75,0.6813589046279589,0.75,0.25,0.8521885963800807,0.27242496046579345,0.0,0.1875,26.0064101997284,20000390
Cog-Heuristic,9.220264604057952,7,0.5833333333333334,0.45630399237339897,0.8333333333333334,0.41666666666666663,0.8274740673525328,0.30545485707303094,0.0,0.16666666666666666,23.89196135102642,20000391
Cog-Heuristic,12.954689721523387,9,0.75,0.6540287144530846,0.8333333333333334,0.25,0.814432083732943,0.2747309813922998,0.0,0.1875,25.367833225299474,20000392
Cog-Heuristic,10.057952655274951,7,0.5833333333333334,0.4771832058334536,0.75,0.41666666666666663,0.8401068392750766,0.2509941388460478,0.0,0.22916666666666666,24.294376840380146,20000393
Cog-Heuristic,10.04727843059873,7,0.5833333333333334,0.5134425604397369,0.6666666666666666,0.41666666666666663,0.7988394056862193,0.3060187038148227,0.0,0.20833333333333334,21.9279006949884,20000394
Cog-Heuristic,15.028834751773976,10,0.8333333333333334,0.7704879260355053,0.8333333333333334,0.16666666666666663,0.8430446117414769,0.28297129362945944,0.0,0.20833333333333334,24.959397983968223,20000395
Cog-Heuristic,8.869869875334768,7,0.5833333333333334,0.4380720976953915,0.75,0.41666666666666663,0.7441267183811641,0.24337405985302288,0.0,0.20833333333333334,22.37714214882945,20000396
Cog-Heuristic,16.242186531408628,11,0.9166666666666666,0.8888703956687699,0.9166666666666666,0.08333333333333337,0.796934317923566,0.2880328492157526,0.0,0.1875,24.03025461156921,20000397
Cog-Heuristic,13.858008974446516,10,0.8333333333333334,0.693094863981352,0.9166666666666666,0.16666666666666663,0.8136914828661274,0.27722289097637653,0.0,0.16666666666666666,25.3075210335399,20000398
Cog-Heuristic,10.733419666727913,8,0.6666666666666666,0.4875341493856373,0.8333333333333334,0.33333333333333337,0.7863937666150571,0.2826011314690849,0.0,0.20833333333333334,23.198802068244596,20000399
Cog-Heuristic,10.766538641902038,8,0.6666666666666666,0.544831388700561,0.8333333333333334,0.33333333333333337,0.7687978987326555,0.26332851991212486,0.0,0.1875,22.327949098801373,20000400
Cog-Heuristic,8.357719014598402,6,0.5,0.438276193344558,0.6666666666666666,0.5,0.8106629683578866,0.2858661351468837,0.0,0.22916666666666666,22.06614752543854,20000401
Cog-Heuristic,4.473166459816131,4,0.3333333333333333,0.24520865392111377,0.6666666666666666,0.6666666666666667,0.7646749435767145,0.28320614800327043,0.0,0.20833333333333334,21.29291746602768,20000402
Cog-Heuristic,9.900916307329194,7,0.5833333333333334,0.5289806479878172,0.6666666666666666,0.41666666666666663,0.7893350583639172,0.29595545873585744,0.0,0.22916666666666666,22.88543297998449,20000403
Cog-Heuristic,6.708673435503924,6,0.5,0.35181569133967,0.6666666666666666,0.5,0.7217872859370416,0.30995708803554156,0.0,0.16666666666666666,21.350692070155237,20000404
Cog-Heuristic,6.376254388050863,5,0.4166666666666667,0.3748652894633961,0.5833333333333334,0.5833333333333333,0.7612711424447104,0.24717183074594282,0.0,0.25,20.74922972935826,20000405
Cog-Heuristic,12.808392426039305,9,0.75,0.647915957226557,0.75,0.25,0.843616966507391,0.3057043570972535,0.0,0.1875,24.055614832007638,20000406
Cog-Heuristic,11.519913743961403,8,0.6666666666666666,0.5542740839703876,0.8333333333333334,0.33333333333333337,0.837523296981156,0.28041938799965577,0.0,0.1875,24.217417675659846,20000407
Cog-Heuristic,7.316651303414,6,0.5,0.3245574226313276,0.8333333333333334,0.5,0.7446203440776111,0.271482400111714,0.0,0.1875,23.317965242602558,20000408
Cog-Heuristic,11.389300388755002,8,0.6666666666666666,0.5459154040091416,0.8333333333333334,0.33333333333333337,0.8532906536800301,0.30410823915841917,0.0,0.1875,26.059077500246744,20000409
Cog-Heuristic,11.026888505751192,8,0.6666666666666666,0.5578790584243509,0.8333333333333334,0.33333333333333337,0.8088507667410457,0.25850283990641737,0.0,0.1875,24.015435673084774,20000410
Cog-Heuristic,9.172674692106956,7,0.5833333333333334,0.4257946102883307,0.75,0.41666666666666663,0.7760112948446606,0.2549104510029785,0.0,0.20833333333333334,22.709828244589634,20000411
Cog-Heuristic,6.176102672731783,5,0.4166666666666667,0.3634325184660272,0.6666666666666666,0.5833333333333333,0.7925954869558988,0.2794600372396804,0.0,0.22916666666666666,21.810360030561764,20000412
Cog-Heuristic,11.101029170731294,8,0.6666666666666666,0.5571911245841431,0.8333333333333334,0.33333333333333337,0.7949016279564924,0.2428856269953796,0.0,0.22916666666666666,22.797888008548334,20000413
Cog-Heuristic,11.047864625295546,8,0.6666666666666666,0.5585141596926602,0.75,0.33333333333333337,0.8000171371398345,0.2800104240497296,0.0,0.20833333333333334,23.792760464492467,20000414
Cog-Heuristic,11.302167718140314,8,0.6666666666666666,0.598396862434903,0.75,0.33333333333333337,0.8450782101007744,0.284788197259979,0.0,0.20833333333333334,23.7097424514628,20000415
Cog-Heuristic,7.299372075820556,6,0.5,0.33805353458690196,0.75,0.5,0.8032203051135415,0.267047701836935,0.0,0.22916666666666666,22.658106184334656,20000416
Cog-Heuristic,8.876963456203693,7,0.5833333333333334,0.41253765790363783,0.75,0.41666666666666663,0.7939524454089107,0.2601300933415604,0.0,0.1875,22.561680069707975,20000417
Cog-Heuristic,11.004311717400755,8,0.6666666666666666,0.5448155161192105,0.9166666666666666,0.33333333333333337,0.7998262250253564,0.2623790556012283,0.0,0.16666666666666666,23.691630512169294,20000418
Cog-Heuristic,8.94170709700617,7,0.5833333333333334,0.4553534068483685,0.6666666666666666,0.41666666666666663,0.7605366189532701,0.29273063782847886,0.0,0.25,19.580521638927888,20000419
Cog-Heuristic,16.669737085853814,11,0.9166666666666666,0.8592895854049483,1.0,0.08333333333333337,0.8590752465700703,0.3071426458897474,0.0,0.16666666666666666,26.903400760841773,20000420
Cog-Heuristic,8.116691800453037,6,0.5,0.4422593369297194,0.6666666666666666,0.5,0.7871706968578968,0.3071685585638137,0.0,0.22916666666666666,21.90704964030019,20000421
Cog-Heuristic,12.887739723987762,9,0.75,0.6231943822593955,0.8333333333333334,0.25,0.787450288149497,0.24331724172814928,0.0,0.20833333333333334,23.94990988719995,20000422
Cog-Heuristic,11.832871172252046,9,0.75,0.5745486926002403,0.8333333333333334,0.25,0.7745204153270097,0.2715951784397325,0.0,0.1875,22.8855849622212,20000423
Cog-Heuristic,7.844576702021586,6,0.5,0.3899085997700913,0.75,0.5,0.7990102092875918,0.2716689933769499,0.0,0.22916666666666666,23.41982037830892,20000424
Cog-Heuristic,5.968219111871686,5,0.4166666666666667,0.2624705458999091,0.75,0.5833333333333333,0.7797561481438287,0.273517249918304,0.0,0.20833333333333334,23.10080733908337,20000425
Cog-Heuristic,14.850460998435194,10,0.8333333333333334,0.7539338551397055,0.8333333333333334,0.16666666666666663,0.8307614672273136,0.2825491725093862,0.0,0.20833333333333334,24.54732220831975,20000426
Cog-Heuristic,14.849352695840205,10,0.8333333333333334,0.7494201384651809,0.8333333333333334,0.16666666666666663,0.8371497300798985,0.2633760235785918,0.0,0.20833333333333334,25.123564079674672,20000427
Cog-Heuristic,15.239496174208407,10,0.8333333333333334,0.7980224993123696,0.8333333333333334,0.16666666666666663,0.8467269734444901,0.3034615082064551,0.0,0.16666666666666666,26.88250516784266,20000428
Cog-Heuristic,13.959092961385203,10,0.8333333333333334,0.6929976712677246,0.9166666666666666,0.16666666666666663,0.8118682321707205,0.2865578270311533,0.0,0.16666666666666666,25.522851582328673,20000429
Cog-Heuristic,14.128092729223468,10,0.8333333333333334,0.7179615737714368,0.9166666666666666,0.16666666666666663,0.7895873141547994,0.2875702630402726,0.0,0.16666666666666666,23.75547223542068,20000430
Cog-Heuristic,9.494752490682378,7,0.5833333333333334,0.5051091053120508,0.75,0.41666666666666663,0.7565741476405523,0.2954616993956288,0.0,0.1875,22.39479523654001,20000431
Cog-Heuristic,9.774568940178481,7,0.5833333333333334,0.5445116219946223,0.8333333333333334,0.41666666666666663,0.8298641386312177,0.30478494263883577,0.0,0.16666666666666666,24.844888619625856,20000432
Cog-Heuristic,8.006971983091375,6,0.5,0.41146210554197077,0.75,0.5,0.8056444784244347,0.3037149883607748,0.0,0.1875,22.87718107957757,20000433
Cog-Heuristic,13.174093243404023,9,0.75,0.678347510539927,0.8333333333333334,0.25,0.7780469415047587,0.3203925012432015,0.0,0.16666666666666666,23.92658894270114,20000434
Cog-Heuristic,10.270379275051503,7,0.5833333333333334,0.6451562540898401,0.75,0.41666666666666663,0.8657721004637607,0.28976229479257093,0.0,0.1875,25.128332152628158,20000435
Cog-Heuristic,14.726994187414551,10,0.8333333333333334,0.8301642378986454,0.8333333333333334,0.16666666666666663,0.8451209079687446,0.2978978416716404,0.0,0.16666666666666666,25.480247390796492,20000436
Cog-Heuristic,10.836662382802732,8,0.6666666666666666,0.49302916699554356,0.8333333333333334,0.33333333333333337,0.8411664881229172,0.2725361788341311,0.0,0.1875,23.532078042655986,20000437
Cog-Heuristic,10.734224634958363,8,0.6666666666666666,0.5601566263407969,0.6666666666666666,0.33333333333333337,0.7278530376606375,0.25236500593520467,0.0,0.22916666666666666,21.41215297242094,20000438
Cog-Heuristic,8.141370891213878,6,0.5,0.4067752280536294,0.6666666666666666,0.5,0.784482026252067,0.2850690145157025,0.0,0.22916666666666666,21.805639347066105,20000439
Cog-Heuristic,14.044739344629726,10,0.8333333333333334,0.7522010937459938,0.9166666666666666,0.16666666666666663,0.7860553907133454,0.26676403478692373,0.0,0.16666666666666666,23.373439573307742,20000440
Cog-Heuristic,5.510873865233387,5,0.4166666666666667,0.23841250264384306,0.6666666666666666,0.5833333333333333,0.744308853830606,0.25588440673357465,0.0,0.25,20.129205831946404,20000441
Cog-Heuristic,16.5234339877592,11,0.9166666666666666,0.8970762030014748,0.9166666666666666,0.08333333333333337,0.8295966831399136,0.2830775637849292,0.0,0.1875,25.926570754865253,20000442
Cog-Heuristic,9.683756778376159,7,0.5833333333333334,0.49127627588117706,0.75,0.41666666666666663,0.8503227244331448,0.3171911013601481,0.0,0.1875,24.985471031481776,20000443
Cog-Heuristic,7.948855558307336,6,0.5,0.37399022783858604,0.75,0.5,0.7972684828491677,0.25554023120282193,0.0,0.22916666666666666,22.21757207680279,20000444
Cog-Heuristic,9.492502835389605,7,0.5833333333333334,0.4418445851538243,0.75,0.41666666666666663,0.7875553828866394,0.2710944338417936,0.0,0.22916666666666666,22.981126057568,20000445
Cog-Heuristic,11.659544670714759,8,0.6666666666666666,0.546876959585609,0.8333333333333334,0.33333333333333337,0.8268371121748567,0.2777350904126142,0.0,0.1875,24.40350672276411,20000446
Cog-Heuristic,6.444026952682631,5,0.4166666666666667,0.3435688706258188,0.6666666666666666,0.5833333333333333,0.8140555189533702,0.31075266563370757,0.0,0.20833333333333334,23.069957593559053,20000447
Cog-Heuristic,11.676401498239729,8,0.6666666666666666,0.5848920277365456,0.8333333333333334,0.33333333333333337,0.8524926602545476,0.28742757143659087,0.0,0.20833333333333334,24.946480168921926,20000448
Cog-Heuristic,14.660588628468775,10,0.8333333333333334,0.7362359466404191,0.8333333333333334,0.16666666666666663,0.7951883218695969,0.24782132136018933,0.0,0.1875,24.527846999793475,20000449
Cog-Heuristic,11.755329735019533,8,0.6666666666666666,0.5606010202257347,0.75,0.33333333333333337,0.8470534724334171,0.30270319033372417,0.0,0.20833333333333334,23.818717889161203,20000450
Cog-Heuristic,12.777323384752982,9,0.75,0.6352575322383088,0.8333333333333334,0.25,0.7936517159759088,0.28847678296391943,0.0,0.1875,23.092741953150885,20000451
Cog-Heuristic,13.979926021282061,9,0.75,0.6793062186600562,0.75,0.25,0.8507287252526075,0.30113050869685054,0.0,0.20833333333333334,25.527753000044846,20000452
Cog-Heuristic,6.340259917667993,5,0.4166666666666667,0.39046119606080854,0.5833333333333334,0.5833333333333333,0.7699187585232522,0.30927578493699787,0.0,0.25,20.209009845976894,20000453
Cog-Heuristic,7.071834413334881,6,0.5,0.26807105111055834,0.75,0.5,0.8030392429017535,0.26997933737788915,0.0,0.20833333333333334,23.183636596197562,20000454
Cog-Heuristic,8.846918127380466,7,0.5833333333333334,0.4407679511042019,0.75,0.41666666666666663,0.7965947167220012,0.30769785621979207,0.0,0.16666666666666666,23.442934160688594,20000455
Cog-Heuristic,11.069305444543076,8,0.6666666666666666,0.5610969627261987,0.8333333333333334,0.33333333333333337,0.8006487414094753,0.30616794546022585,0.0,0.16666666666666666,23.3700846439511,20000456
Cog-Heuristic,5.816207800028026,5,0.4166666666666667,0.329033947185316,0.5833333333333334,0.5833333333333333,0.7688083816704189,0.2716601101408105,0.0,0.25,21.1008694127041,20000457
Cog-Heuristic,6.020352197242417,5,0.4166666666666667,0.33863591042097413,0.5833333333333334,0.5833333333333333,0.8089529117024092,0.3027994297883873,0.0,0.2708333333333333,21.976268617448763,20000458
Cog-Heuristic,13.490447442687543,9,0.75,0.6558717038356662,0.9166666666666666,0.25,0.8781054446370082,0.3036355762428585,0.0,0.16666666666666666,25.787544164896346,20000459
Cog-Heuristic,14.766148911003226,10,0.8333333333333334,0.7503422016582137,0.9166666666666666,0.16666666666666663,0.8214816646418344,0.2918945393152182,0.0,0.14583333333333334,25.48992269232141,20000460
Cog-Heuristic,9.693302982540205,7,0.5833333333333334,0.4581839855667171,0.75,0.41666666666666663,0.8496060641584015,0.31510213197317527,0.0,0.1875,25.118073412662305,20000461
Cog-Heuristic,10.259850347438537,7,0.5833333333333334,0.5986508319461331,0.8333333333333334,0.41666666666666663,0.8612690348627963,0.29109855189255485,0.0,0.20833333333333334,24.983603133013666,20000462
Cog-Heuristic,13.025302598412859,9,0.75,0.6576976165059198,0.75,0.25,0.7952407620011624,0.31494289525139113,0.0,0.16666666666666666,24.514152671121458,20000463
Cog-Heuristic,11.123709291899045,8,0.6666666666666666,0.5079026173233004,0.8333333333333334,0.33333333333333337,0.780291478532857,0.26095101654823777,0.0,0.16666666666666666,24.150718162880704,20000464
Cog-Heuristic,9.084822585097008,7,0.5833333333333334,0.41170232665397927,0.8333333333333334,0.41666666666666663,0.7907141121619198,0.28771680717138387,0.0,0.16666666666666666,24.348183230695486,20000465
Cog-Heuristic,7.945695960766471,6,0.5,0.39394374970847984,0.75,0.5,0.7361473222683488,0.26179076459339484,0.0,0.1875,22.545855705329814,20000466
Cog-Heuristic,14.484712125952461,10,0.8333333333333334,0.7599680187777923,0.9166666666666666,0.16666666666666663,0.7764074149760614,0.2616636671615548,0.0,0.14583333333333334,24.428740250955947,20000467
Cog-Heuristic,10.668247027475873,8,0.6666666666666666,0.505654952754471,0.8333333333333334,0.33333333333333337,0.7815033854244419,0.27239814231958376,0.0,0.1875,23.65483946642074,20000468
Cog-Heuristic,7.424161819942693,6,0.5,0.35393846891992325,0.75,0.5,0.7726466269102398,0.26593058187083235,0.0,0.1875,22.546894846933622,20000469
Cog-Heuristic,15.899547640918554,11,0.9166666666666666,0.8865503163181858,0.9166666666666666,0.08333333333333337,0.7791359744196832,0.3016236191935822,0.0,0.16666666666666666,24.035555989212348,20000470
Cog-Heuristic,15.30474037905911,10,0.8333333333333334,0.7809049579713419,0.8333333333333334,0.16666666666666663,0.8670595096750168,0.27857111539209284,0.0,0.20833333333333334,25.783632732090787,20000471
Cog-Heuristic,9.55612783855901,7,0.5833333333333334,0.4737031361383509,0.75,0.41666666666666663,0.8035611063720415,0.2709284416308981,0.0,0.20833333333333334,23.26470484772973,20000472
Cog-Heuristic,12.521357192398332,9,0.75,0.601652072450687,0.8333333333333334,0.25,0.8212243526328903,0.26812263190452024,0.0,0.16666666666666666,24.63536996359436,20000473
Cog-Heuristic,9.654726241235812,7,0.5833333333333334,0.4718666383814423,0.75,0.41666666666666663,0.8343879443438956,0.26028992275394786,0.0,0.20833333333333334,24.200600309903088,20000474
Cog-Heuristic,7.860042752459257,6,0.5,0.4108217432955258,0.75,0.5,0.8138178125527569,0.317187095667784,0.0,0.1875,23.085604821489085,20000475
Cog-Heuristic,12.787459900189749,9,0.75,0.6916552529944455,0.8333333333333334,0.25,0.782150385381045,0.25890055490327607,0.0,0.22916666666666666,22.276685849212672,20000476
Cog-Heuristic,11.200560558730256,8,0.6666666666666666,0.5504870540049509,0.75,0.33333333333333337,0.8039575168817882,0.2675873868360879,0.0,0.20833333333333334,22.963684974403666,20000477
Cog-Heuristic,9.318711383885349,7,0.5833333333333334,0.4438850967420167,0.75,0.41666666666666663,0.7991334882944404,0.3210363927870665,0.0,0.16666666666666666,23.19800282641212,20000478
Cog-Heuristic,9.477610730658755,7,0.5833333333333334,0.4584135912281558,0.75,0.41666666666666663,0.7624518585995825,0.2634711329076145,0.0,0.20833333333333334,22.459585871912093,20000479
Cog-Heuristic,13.351336203580612,9,0.75,0.65468041776416,0.75,0.25,0.8662785693921302,0.30884249589989193,0.0,0.20833333333333334,24.35309246757525,20000480
Cog-Heuristic,11.195084760258675,8,0.6666666666666666,0.5402885956308862,0.9166666666666666,0.33333333333333337,0.78361881993666,0.25410248727096113,0.0,0.16666666666666666,25.40968339147262,20000481
Cog-Heuristic,7.484558624717466,6,0.5,0.3584004778905424,0.6666666666666666,0.5,0.7907898518364531,0.2921054318688068,0.0,0.1875,23.22785835142185,20000482
Cog-Heuristic,16.54413333903314,11,0.9166666666666666,0.856882779499462,0.9166666666666666,0.08333333333333337,0.797634424672029,0.28280718243862324,0.0,0.125,25.295604722400782,20000483
Cog-Heuristic,6.12454532090442,5,0.4166666666666667,0.32507063744275055,0.6666666666666666,0.5833333333333333,0.8037955646145942,0.2689318757827898,0.0,0.22916666666666666,22.453961035465174,20000484
Cog-Heuristic,13.018769607916276,9,0.75,0.6673368689669592,0.75,0.25,0.744567837980521,0.25290755643121593,0.0,0.22916666666666666,22.061534712783683,20000485
Cog-Heuristic,13.003821818730167,9,0.75,0.6679542500636225,0.8333333333333334,0.25,0.7992796009175812,0.31192661775183456,0.0,0.16666666666666666,23.35659615293575,20000486
Cog-Heuristic,11.707189566353357,8,0.6666666666666666,0.5691042930068662,0.8333333333333334,0.33333333333333337,0.8106425515457479,0.27851516737135307,0.0,0.1875,24.624214711513567,20000487
Cog-Heuristic,9.931941060498024,7,0.5833333333333334,0.4522778689209497,0.8333333333333334,0.41666666666666663,0.820392245471793,0.26647561262435054,0.0,0.1875,24.293826753947247,20000488
Cog-Heuristic,13.044244984166655,9,0.75,0.6547865842197075,0.75,0.25,0.7863362113375407,0.29335800742337276,0.0,0.1875,22.88091183325175,20000489
Cog-Heuristic,8.74770939421212,7,0.5833333333333334,0.4006729231944913,0.75,0.41666666666666663,0.8015849122622317,0.29973235479750776,0.0,0.20833333333333334,22.97709592720947,20000490
Cog-Heuristic,13.198140690438748,9,0.75,0.6619236587155817,0.75,0.25,0.7879750719984612,0.3172685440004957,0.0,0.1875,23.794624106721344,20000491
Cog-Heuristic,11.454637161027001,8,0.6666666666666666,0.5597567990759124,0.8333333333333334,0.33333333333333337,0.8367083484426185,0.28285656905641654,0.0,0.20833333333333334,23.84815344315253,20000492
Cog-Heuristic,7.553632681749083,6,0.5,0.3285801460298403,0.75,0.5,0.7922731123354928,0.272172582172671,0.0,0.22916666666666666,22.5832942391064,20000493
Cog-Heuristic,11.053987226984836,8,0.6666666666666666,0.5665010511838298,0.8333333333333334,0.33333333333333337,0.795909157769248,0.3003835677135121,0.0,0.14583333333333334,24.716666283177492,20000494
Cog-Heuristic,8.962491381757555,7,0.5833333333333334,0.45758188661013927,0.6666666666666666,0.41666666666666663,0.7609473942468883,0.2719764193052689,0.0,0.22916666666666666,21.668999927218543,20000495
Cog-Heuristic,13.965801304633516,9,0.75,0.8209898558352707,0.9166666666666666,0.25,0.8394564275360213,0.27342656483965727,0.0,0.16666666666666666,26.948956390350297,20000496
Cog-Heuristic,14.495939444525753,10,0.8333333333333334,0.7386200582638759,0.8333333333333334,0.16666666666666663,0.7927484385246354,0.25997256246332073,0.0,0.20833333333333334,22.790748212254254,20000497
Cog-Heuristic,9.396974614852393,7,0.5833333333333334,0.43539636204696547,0.75,0.41666666666666663,0.7862697307697597,0.2561879406788749,0.0,0.20833333333333334,22.18759012417438,20000498
Cog-Heuristic,7.389990713108025,6,0.5,0.33396607825960256,0.75,0.5,0.7671945785965564,0.2766397873215102,0.0,0.20833333333333334,22.379569068035128,20000499
