method,return,on_time,on_time_rate,weighted_on_time,completion_rate,miss_rate,mean_attention,mean_fatigue,high_fatigue_frac,break_frac,effort,seed
FIFO,3.373780865285403,6,0.5,0.5504164840987459,0.5,0.5,0.5117533237998927,0.611164924147628,0.4583333333333333,0.0,16.659092443531723,20000000
FIFO,4.808555065637188,6,0.5,0.5501741709087654,0.5833333333333334,0.5,0.5714866167618186,0.5322263570071137,0.2916666666666667,0.0,19.327000182818995,20000001
FIFO,2.4921680906127914,5,0.4166666666666667,0.3840022562417976,0.5833333333333334,0.5833333333333333,0.6215378190513948,0.5788815155271912,0.3541666666666667,0.0,19.273481383098176,20000002
FIFO,0.8206153391850459,5,0.4166666666666667,0.3653829234625084,0.4166666666666667,0.5833333333333333,0.3998057782215214,0.5215928639448607,0.3333333333333333,0.0,13.853187193019448,20000003
FIFO,3.085357741906864,6,0.5,0.4378312718285678,0.5,0.5,0.3745219292795867,0.466942152310146,0.25,0.0,13.455220172008847,20000004
FIFO,1.7219903939706842,5,0.4166666666666667,0.3341082811118222,0.5,0.5833333333333333,0.4825106948100517,0.5179580738835371,0.2916666666666667,0.0,16.346886587828152,20000005
FIFO,1.379376395416674,5,0.4166666666666667,0.39848432067738343,0.4166666666666667,0.5833333333333333,0.45104913522603757,0.5778928437253463,0.4166666666666667,0.0,14.529812972390536,20000006
FIFO,-6.223591564179731,2,0.16666666666666666,0.22881336409751413,0.16666666666666666,0.8333333333333334,0.28743897492802767,0.6573157829183381,0.5208333333333334,0.0,9.24324001948841,20000007
FIFO,-3.672189682965589,3,0.25,0.26715425435024137,0.25,0.75,0.27228983261056733,0.588119487069558,0.4375,0.0,9.773221580752054,20000008
FIFO,3.51423537026991,6,0.5,0.4085076204049187,0.5833333333333334,0.5,0.4844001155031335,0.5360171605765205,0.2708333333333333,0.0,17.022115809562095,20000009
FIFO,1.4217750281595047,5,0.4166666666666667,0.38718322999123306,0.4166666666666667,0.5833333333333333,0.40817293786593467,0.5240158455247426,0.3125,0.0,14.063577222624305,20000010
FIFO,6.114907044615157,7,0.5833333333333334,0.6566750529275442,0.5833333333333334,0.41666666666666663,0.546016136348197,0.5187351854586516,0.1875,0.0,18.566168821061495,20000011
FIFO,5.905389712712165,7,0.5833333333333334,0.4651054601091934,0.6666666666666666,0.41666666666666663,0.5644553692370219,0.507648082098216,0.25,0.0,18.225419935010752,20000012
FIFO,2.1254070732289234,5,0.4166666666666667,0.47126171074263995,0.5,0.5833333333333333,0.4293888871822437,0.5385847056693973,0.20833333333333334,0.0,15.702521597825392,20000013
FIFO,-1.6815380247408678,4,0.3333333333333333,0.3292961928635785,0.3333333333333333,0.6666666666666667,0.34805288218010727,0.596599370943213,0.3958333333333333,0.0,11.18702332814272,20000014
FIFO,4.984316044481659,6,0.5,0.44725084584812647,0.6666666666666666,0.5,0.6586264024973314,0.5531520223416883,0.3333333333333333,0.0,20.290049629537442,20000015
FIFO,0.23868086112822473,5,0.4166666666666667,0.3615537286463142,0.4166666666666667,0.5833333333333333,0.35783874906604934,0.5572336990575305,0.3541666666666667,0.0,12.464040280869261,20000016
FIFO,0.9699667740848563,5,0.4166666666666667,0.46216607555489414,0.4166666666666667,0.5833333333333333,0.3983944958293469,0.5619726889861497,0.3333333333333333,0.0,13.359801770829911,20000017
FIFO,-0.3766606656523336,4,0.3333333333333333,0.3261267982303081,0.4166666666666667,0.6666666666666667,0.47447710636401563,0.6163502687076967,0.4583333333333333,0.0,14.54853352461173,20000018
FIFO,8.905196791969134,8,0.6666666666666666,0.6058114349679268,0.75,0.33333333333333337,0.6720282546350699,0.49556645091379686,0.25,0.0,21.787140807075783,20000019
FIFO,0.2556990410422624,4,0.3333333333333333,0.3570636836513467,0.5,0.6666666666666667,0.4586337300213219,0.5561742700949108,0.3541666666666667,0.0,15.522920064237724,20000020
FIFO,8.568025359195293,8,0.6666666666666666,0.5996996594939108,0.75,0.33333333333333337,0.5605831563890783,0.42747258625730994,0.125,0.0,20.307155733247324,20000021
FIFO,-1.3592958948148546,4,0.3333333333333333,0.36784021317625787,0.3333333333333333,0.6666666666666667,0.2679853339514297,0.5377535588697099,0.20833333333333334,0.0,10.301563725528467,20000022
FIFO,1.8081439697045778,5,0.4166666666666667,0.40358190579165065,0.5,0.5833333333333333,0.47586587937076436,0.5596250076105069,0.3333333333333333,0.0,16.233425315850237,20000023
FIFO,9.256795514946738,8,0.6666666666666666,0.6556846953895026,0.75,0.33333333333333337,0.6516139683154523,0.4989549102033821,0.3125,0.0,21.936661803041844,20000024
FIFO,-3.947536158507692,3,0.25,0.25539602878391043,0.25,0.75,0.32599195326971925,0.6304901781351092,0.5,0.0,10.809283196615818,20000025
FIFO,0.8124676286749959,5,0.4166666666666667,0.4230164792477814,0.4166666666666667,0.5833333333333333,0.4465004880331979,0.5705138639187591,0.375,0.0,14.522497429775159,20000026
FIFO,1.8020812988401307,5,0.4166666666666667,0.3258962345534274,0.5833333333333334,0.5833333333333333,0.4623470057172237,0.490660175696823,0.20833333333333334,0.0,15.546923961777415,20000027
FIFO,0.5554193095758211,4,0.3333333333333333,0.4269307002922557,0.5,0.6666666666666667,0.47097128111047537,0.5256660621347932,0.22916666666666666,0.0,16.12859049197391,20000028
FIFO,1.6177281356097566,5,0.4166666666666667,0.4063365952751841,0.5,0.5833333333333333,0.40707965669688234,0.49034086495391294,0.14583333333333334,0.0,15.058266085469521,20000029
FIFO,-3.501024306799056,3,0.25,0.22299888470806686,0.25,0.75,0.2878278109374472,0.5659338184248354,0.375,0.0,10.02175777571378,20000030
FIFO,3.9632154674503965,6,0.5,0.47610118195278156,0.5,0.5,0.4894462004930345,0.5210062587871613,0.25,0.0,16.91036543749819,20000031
FIFO,3.3899436528359246,6,0.5,0.42341689959336154,0.5,0.5,0.5351673662416173,0.536383945730407,0.3125,0.0,16.140348341218388,20000032
FIFO,1.2951407246018527,5,0.4166666666666667,0.3808080843502738,0.4166666666666667,0.5833333333333333,0.4972134812487859,0.571004585711585,0.3958333333333333,0.0,14.83459808186249,20000033
FIFO,3.3839440620882986,6,0.5,0.4327370573846626,0.5,0.5,0.43369203564896197,0.5003099571422404,0.25,0.0,15.98782770267625,20000034
FIFO,-0.35326789530685665,4,0.3333333333333333,0.37716868612243737,0.4166666666666667,0.6666666666666667,0.44556400619512954,0.5770844352549503,0.3333333333333333,0.0,15.248719471140218,20000035
FIFO,5.820883281252574,7,0.5833333333333334,0.4911901876599787,0.6666666666666666,0.41666666666666663,0.504039482369825,0.442224747512537,0.22916666666666666,0.0,17.535658573460317,20000036
FIFO,1.970254303493102,5,0.4166666666666667,0.3935542753198222,0.5,0.5833333333333333,0.5184287222057987,0.5772365883694057,0.375,0.0,16.673283046620263,20000037
FIFO,3.481558866510131,6,0.5,0.5308049414860532,0.5,0.5,0.46965228671823195,0.5529408645303152,0.22916666666666666,0.0,16.041269207458047,20000038
FIFO,1.4692545252453528,5,0.4166666666666667,0.42270300177758596,0.4166666666666667,0.5833333333333333,0.44278419801627117,0.5537648672780985,0.2916666666666667,0.0,14.941071301852539,20000039
FIFO,-0.6573028887372284,4,0.3333333333333333,0.3574274707479454,0.3333333333333333,0.6666666666666667,0.3579190008776481,0.5678529052265154,0.375,0.0,11.830845940402027,20000040
FIFO,6.635135201028237,7,0.5833333333333334,0.5815105622696664,0.5833333333333334,0.41666666666666663,0.607272150590211,0.5190983955013573,0.2916666666666667,0.0,19.492246941282655,20000041
FIFO,1.9739713284922735,5,0.4166666666666667,0.4673605356078565,0.5,0.5833333333333333,0.4887293772646823,0.5676563036148125,0.4166666666666667,0.0,16.575873533037626,20000042
FIFO,5.803277184772098,7,0.5833333333333334,0.5487367877800823,0.5833333333333334,0.41666666666666663,0.47870820757942695,0.4777462955945584,0.20833333333333334,0.0,16.26386373159295,20000043
FIFO,0.14442682134370377,4,0.3333333333333333,0.3162512658840989,0.5,0.6666666666666667,0.463063975160104,0.541530521646405,0.2708333333333333,0.0,15.512623983825202,20000044
FIFO,-0.9718946123058938,4,0.3333333333333333,0.3596107280952166,0.3333333333333333,0.6666666666666667,0.35199135557965305,0.5862493302852488,0.3958333333333333,0.0,12.372834133540266,20000045
FIFO,-3.0281748467982332,3,0.25,0.30622755469057683,0.3333333333333333,0.75,0.3590900767212108,0.6306665260139485,0.4583333333333333,0.0,12.189651426331514,20000046
FIFO,4.084645970647321,6,0.5,0.45268349873807506,0.5833333333333334,0.5,0.5180390744986131,0.45233726568082755,0.20833333333333334,0.0,17.514883676533053,20000047
FIFO,0.7893951288725697,5,0.4166666666666667,0.416777837695158,0.4166666666666667,0.5833333333333333,0.3682826731665972,0.5770967821270868,0.3125,0.0,12.965864680847499,20000048
FIFO,0.013395777563676825,4,0.3333333333333333,0.30625357285294663,0.5,0.6666666666666667,0.4515550503985435,0.5086471473174061,0.22916666666666666,0.0,15.314785817037004,20000049
FIFO,1.4459807087141117,5,0.4166666666666667,0.36227504919955644,0.5,0.5833333333333333,0.4231124622082518,0.521477032756107,0.3125,0.0,14.51766759747195,20000050
FIFO,3.6593029047706844,6,0.5,0.4678984389121423,0.5,0.5,0.5137923882766083,0.546739016617705,0.3333333333333333,0.0,17.0912395619663,20000051
FIFO,1.8853489554703136,5,0.4166666666666667,0.426531582363131,0.5,0.5833333333333333,0.4914832741784645,0.5754638151771174,0.3333333333333333,0.0,16.577690464608054,20000052
FIFO,0.17218520095659495,4,0.3333333333333333,0.38761689762883483,0.5,0.6666666666666667,0.4621132368830099,0.5686096856845935,0.3541666666666667,0.0,16.07487262404127,20000053
FIFO,4.295167776137509,6,0.5,0.5851790259606138,0.5,0.5,0.501631499759239,0.5357885984422183,0.3333333333333333,0.0,16.87277854662129,20000054
FIFO,3.605958474304151,6,0.5,0.42823995304649703,0.5833333333333334,0.5,0.5245961601642519,0.5534061033118564,0.3125,0.0,17.4564537966258,20000055
FIFO,3.251676963006885,6,0.5,0.460515692279248,0.5,0.5,0.4603803534560578,0.5306703529138468,0.3125,0.0,15.681953901310909,20000056
FIFO,-3.1385935589044913,3,0.25,0.24152741246206408,0.3333333333333333,0.75,0.348176874130454,0.6216177364406504,0.4791666666666667,0.0,11.857317788491805,20000057
FIFO,1.0116875839941266,5,0.4166666666666667,0.32416299814528693,0.5,0.5833333333333333,0.4041670395477568,0.5179258323773355,0.3125,0.0,15.06430132842196,20000058
FIFO,-0.776521073967295,4,0.3333333333333333,0.38021999609340795,0.3333333333333333,0.6666666666666667,0.39751256451011824,0.6114385359228954,0.4375,0.0,12.894516957538858,20000059
FIFO,0.8611744579083918,4,0.3333333333333333,0.35007624833030593,0.5,0.6666666666666667,0.5618224037135948,0.5336701954441425,0.2916666666666667,0.0,17.838865402352,20000060
FIFO,-1.3973349125736023,4,0.3333333333333333,0.32639784177003606,0.3333333333333333,0.6666666666666667,0.3554297742642039,0.6080886182889281,0.4375,0.0,12.450587221353027,20000061
FIFO,1.7051779138128254,4,0.3333333333333333,0.37436575842360703,0.5833333333333334,0.6666666666666667,0.6337924223407324,0.5778321952035732,0.3333333333333333,0.0,20.662884661719627,20000062
FIFO,-3.2304038851843933,3,0.25,0.3201951548592368,0.25,0.75,0.32256507444903443,0.6047261356301655,0.4583333333333333,0.0,10.856338236799635,20000063
FIFO,4.610543985610942,6,0.5,0.3704078385084945,0.6666666666666666,0.5,0.5870474544612511,0.47225790430353504,0.25,0.0,19.23873647310819,20000064
FIFO,-1.0332425835027639,4,0.3333333333333333,0.36388216331269846,0.3333333333333333,0.6666666666666667,0.3909801114147052,0.5933142703531016,0.3958333333333333,0.0,13.09785111209878,20000065
FIFO,8.591678305069228,8,0.6666666666666666,0.5976296125990771,0.6666666666666666,0.33333333333333337,0.6263120233620718,0.5208416224689457,0.3125,0.0,20.427604050967886,20000066
FIFO,2.482524172524993,5,0.4166666666666667,0.5110112606295558,0.5,0.5833333333333333,0.5792682440212382,0.5983567637332127,0.3958333333333333,0.0,18.443053273173835,20000067
FIFO,-1.6565337534441906,3,0.25,0.2942426992774245,0.4166666666666667,0.75,0.4170991623903184,0.5555623030080131,0.375,0.0,13.94182477101604,20000068
FIFO,5.326736273073252,6,0.5,0.5172416905638197,0.75,0.5,0.6683970263668687,0.5435029305425215,0.22916666666666666,0.0,21.40278608605194,20000069
FIFO,1.644967129931854,4,0.3333333333333333,0.41930984537214316,0.5833333333333334,0.6666666666666667,0.5810990912689058,0.557844139235532,0.3541666666666667,0.0,18.974596196593144,20000070
FIFO,0.6817637039855861,5,0.4166666666666667,0.3384743791975188,0.4166666666666667,0.5833333333333333,0.38098049463431466,0.5543001929984466,0.2916666666666667,0.0,13.585442044038707,20000071
FIFO,8.297624190640672,8,0.6666666666666666,0.5386612791844115,0.75,0.33333333333333337,0.5127916133544939,0.4190322767822388,0.020833333333333332,0.0,19.341821304080156,20000072
FIFO,1.5915671268612361,5,0.4166666666666667,0.38875708929538105,0.5,0.5833333333333333,0.449536268633675,0.5484451088472359,0.20833333333333334,0.0,16.217580881533404,20000073
FIFO,2.2644851078153088,5,0.4166666666666667,0.3394373811783554,0.5833333333333334,0.5833333333333333,0.4470374813673912,0.482630000583594,0.08333333333333333,0.0,15.902316993021385,20000074
FIFO,-3.174748898482618,3,0.25,0.301482516555838,0.25,0.75,0.355996573224122,0.6218176542271974,0.4791666666666667,0.0,11.447310407176044,20000075
FIFO,-3.8902690905034483,3,0.25,0.25963354830238433,0.25,0.75,0.3129678739164345,0.6349264393716273,0.4791666666666667,0.0,10.396067171254385,20000076
FIFO,10.181231783089078,9,0.75,0.6744876574340876,0.75,0.25,0.6352939454580485,0.49922229635525467,0.1875,0.0,21.001195740982414,20000077
FIFO,2.1289563638996714,5,0.4166666666666667,0.39950884238155093,0.5,0.5833333333333333,0.4387120537921543,0.47366055536214996,0.16666666666666666,0.0,14.937035509804097,20000078
FIFO,-0.7660373705537193,4,0.3333333333333333,0.42045743787566514,0.3333333333333333,0.6666666666666667,0.3710921143373547,0.577488996554439,0.4166666666666667,0.0,12.364119076960469,20000079
FIFO,4.3658727574707905,6,0.5,0.5572825852417174,0.5,0.5,0.5481286102404127,0.5969202529755103,0.4166666666666667,0.0,17.631843223394103,20000080
FIFO,1.0342993705111687,5,0.4166666666666667,0.3602134934163215,0.4166666666666667,0.5833333333333333,0.3731920308639765,0.5500343948599264,0.2708333333333333,0.0,12.73003478876516,20000081
FIFO,9.3831792224832,8,0.6666666666666666,0.5689380944472753,0.8333333333333334,0.33333333333333337,0.6620041365334445,0.4335761516949714,0.08333333333333333,0.0,22.798933587895423,20000082
FIFO,0.22594091157504548,4,0.3333333333333333,0.3440378813960257,0.5,0.6666666666666667,0.48324958932309664,0.5569775701718683,0.3125,0.0,16.93879381408889,20000083
FIFO,-1.4447473938831792,4,0.3333333333333333,0.3377663059486427,0.3333333333333333,0.6666666666666667,0.343102898523703,0.5746186246058617,0.4166666666666667,0.0,11.496531277044852,20000084
FIFO,3.727393857095549,6,0.5,0.46377248474576377,0.5,0.5,0.4894162415610525,0.5600660044919986,0.2916666666666667,0.0,16.45690155385934,20000085
FIFO,1.6404157067489777,5,0.4166666666666667,0.37630869351179336,0.5,0.5833333333333333,0.4848212726995464,0.5671466014350272,0.3958333333333333,0.0,15.208275991372167,20000086
FIFO,4.978739472892606,6,0.5,0.5209289643634825,0.5833333333333334,0.5,0.5735228413020212,0.516838506939321,0.22916666666666666,0.0,19.468120348886323,20000087
FIFO,2.0162467302934024,5,0.4166666666666667,0.4448382418589479,0.4166666666666667,0.5833333333333333,0.5123062378489823,0.5762846565006675,0.4166666666666667,0.0,16.520739999766594,20000088
FIFO,-1.7469477350454423,4,0.3333333333333333,0.33651634125504293,0.3333333333333333,0.6666666666666667,0.2834863062348176,0.5498605459593543,0.3541666666666667,0.0,10.741136368014912,20000089
FIFO,-1.6171719875110582,4,0.3333333333333333,0.35316171488631465,0.3333333333333333,0.6666666666666667,0.3269199117666612,0.5832045862661485,0.4166666666666667,0.0,11.033170842378548,20000090
FIFO,3.0601941284755476,6,0.5,0.47144394310336707,0.5,0.5,0.46557947192835786,0.5646818208884506,0.25,0.0,16.435659683038825,20000091
FIFO,1.5368040816311397,5,0.4166666666666667,0.4046902222330267,0.4166666666666667,0.5833333333333333,0.4470567535885393,0.5731534736208802,0.375,0.0,14.85524640599236,20000092
FIFO,0.44804240557571084,5,0.4166666666666667,0.3346289850804186,0.4166666666666667,0.5833333333333333,0.32990107404743096,0.49267321458870866,0.2708333333333333,0.0,12.020414286174441,20000093
FIFO,0.6401081523120153,5,0.4166666666666667,0.4434033290921592,0.4166666666666667,0.5833333333333333,0.364202808472668,0.5722663464029824,0.3958333333333333,0.0,12.344193148299956,20000094
FIFO,-0.27145422314027523,4,0.3333333333333333,0.35715480323897825,0.4166666666666667,0.6666666666666667,0.4318041627076387,0.5965070143053736,0.3333333333333333,0.0,14.52934439565279,20000095
FIFO,1.486395110583424,5,0.4166666666666667,0.34659044751078055,0.5,0.5833333333333333,0.4868306948527456,0.5421982900738018,0.2916666666666667,0.0,15.823245477958773,20000096
FIFO,-3.2336473715365237,3,0.25,0.29064074949448565,0.25,0.75,0.3174803377822576,0.5737685090579103,0.375,0.0,11.144801754374251,20000097
FIFO,3.603913809964635,6,0.5,0.4689340413390592,0.5,0.5,0.5266077673874284,0.5825416063354435,0.4166666666666667,0.0,17.35483586002198,20000098
FIFO,8.770968794458552,8,0.6666666666666666,0.5721937522886825,0.75,0.33333333333333337,0.5928922928282899,0.4509788688998387,0.041666666666666664,0.0,20.548576920604102,20000099
FIFO,0.908148656489939,4,0.3333333333333333,0.34987134709500417,0.5833333333333334,0.6666666666666667,0.5519828039753994,0.5656678370954636,0.375,0.0,18.699803619165134,20000100
FIFO,3.7388502639667442,6,0.5,0.4029897703878298,0.5,0.5,0.5800259080603455,0.5459499982783681,0.3541666666666667,0.0,17.215066952041614,20000101
FIFO,-1.4316243635540484,4,0.3333333333333333,0.3557709766060369,0.3333333333333333,0.6666666666666667,0.35544578531328197,0.5663097195034802,0.3958333333333333,0.0,11.487632447106922,20000102
FIFO,4.493090407215924,6,0.5,0.47975235453327786,0.5833333333333334,0.5,0.47952849332420594,0.4738780575811013,0.10416666666666667,0.0,17.207408787256043,20000103
FIFO,2.05081673947037,5,0.4166666666666667,0.41462025962044763,0.5,0.5833333333333333,0.42540438868149516,0.5097005753452735,0.25,0.0,15.133375727432531,20000104
FIFO,5.1966977442502955,7,0.5833333333333334,0.5761012972995371,0.5833333333333334,0.41666666666666663,0.5321834651576858,0.5528422290594669,0.2708333333333333,0.0,17.877959792935812,20000105
FIFO,0.04943293380730074,4,0.3333333333333333,0.362499820458701,0.4166666666666667,0.6666666666666667,0.42058924599706726,0.5422937866165897,0.3541666666666667,0.0,15.06191487179449,20000106
FIFO,3.353388615816997,6,0.5,0.44832978285481395,0.5833333333333334,0.5,0.48755696259072917,0.5442646834387921,0.22916666666666666,0.0,16.44746932010404,20000107
FIFO,3.4167276719626214,6,0.5,0.5476606003603357,0.5,0.5,0.49125194891930174,0.5563780228680911,0.3958333333333333,0.0,15.913983368495684,20000108
FIFO,-3.0536057833354664,3,0.25,0.2714224065240212,0.25,0.75,0.33526645305862984,0.5785248762140378,0.3958333333333333,0.0,11.641247144994797,20000109
FIFO,-0.7535050406895157,4,0.3333333333333333,0.3470926929465112,0.3333333333333333,0.6666666666666667,0.4162230062493541,0.5668221348850637,0.3958333333333333,0.0,13.344281257473176,20000110
FIFO,4.0718216470643505,6,0.5,0.5309579962590755,0.5,0.5,0.4716706396803454,0.5266206065870764,0.22916666666666666,0.0,17.59279899629692,20000111
FIFO,2.270683870937414,5,0.4166666666666667,0.4630467414794912,0.4166666666666667,0.5833333333333333,0.553471544509807,0.6142635467559733,0.4583333333333333,0.0,16.955618590225868,20000112
FIFO,2.5345196153064133,5,0.4166666666666667,0.36749592506534895,0.6666666666666666,0.5833333333333333,0.42371940824303844,0.46227920433137104,0.0,0.0,17.134466495737616,20000113
FIFO,-3.704699885883096,3,0.25,0.25883923116546176,0.25,0.75,0.2975964852860081,0.5910184987715613,0.4375,0.0,10.472538407308583,20000114
FIFO,-0.7124502895081322,4,0.3333333333333333,0.2971021632044635,0.4166666666666667,0.6666666666666667,0.4476293747761271,0.5908817194103511,0.3958333333333333,0.0,13.970611502115291,20000115
FIFO,2.354382012931955,5,0.4166666666666667,0.38300629987725937,0.5833333333333334,0.5833333333333333,0.5192136850762372,0.5167545821945521,0.2708333333333333,0.0,17.330166988272655,20000116
FIFO,1.740368753993148,5,0.4166666666666667,0.5037891026197061,0.5,0.5833333333333333,0.4385686555121455,0.5797918315968668,0.2916666666666667,0.0,15.537048999813331,20000117
FIFO,-1.3632352787216704,4,0.3333333333333333,0.3256592089679537,0.3333333333333333,0.6666666666666667,0.37295568357646575,0.5773580678300169,0.4166666666666667,0.0,12.056485083110836,20000118
FIFO,3.891650460637914,6,0.5,0.4471225717199878,0.5,0.5,0.4942237096084831,0.5330127079308414,0.2916666666666667,0.0,16.383116564451033,20000119
FIFO,0.6254567026328153,4,0.3333333333333333,0.32630679602154067,0.5,0.6666666666666667,0.5494361043772816,0.5663426686538097,0.375,0.0,17.860825138550975,20000120
FIFO,-1.7692793134975837,4,0.3333333333333333,0.2545841435015272,0.3333333333333333,0.6666666666666667,0.2988535527197294,0.5553015083145575,0.3541666666666667,0.0,10.728219295902099,20000121
FIFO,-3.4027777007204785,3,0.25,0.2940026199298034,0.25,0.75,0.31293205343019986,0.5762701553669026,0.3958333333333333,0.0,10.897284665833375,20000122
FIFO,5.349598418597701,7,0.5833333333333334,0.5146737776485297,0.6666666666666666,0.41666666666666663,0.48609893505377927,0.5289895894021416,0.14583333333333334,0.0,17.24353409588588,20000123
FIFO,-0.16210405313122034,4,0.3333333333333333,0.2989438735877536,0.5,0.6666666666666667,0.5009077273316352,0.5441232685626024,0.25,0.0,16.121636581413686,20000124
FIFO,5.159629001203688,7,0.5833333333333334,0.46134042196114555,0.5833333333333334,0.41666666666666663,0.5125541429100527,0.49773907549076707,0.22916666666666666,0.0,17.487951571654992,20000125
FIFO,-1.4179577802564598,4,0.3333333333333333,0.31157065899261827,0.3333333333333333,0.6666666666666667,0.35023936684876933,0.5859500641145872,0.4166666666666667,0.0,12.142713845009196,20000126
FIFO,1.7971046570287976,5,0.4166666666666667,0.45144358730931267,0.4166666666666667,0.5833333333333333,0.4781605142411875,0.5675357816955903,0.3333333333333333,0.0,15.64663379020768,20000127
FIFO,-2.189252194562464,4,0.3333333333333333,0.27219261101467934,0.3333333333333333,0.6666666666666667,0.3166134528503023,0.5652342274351314,0.375,0.0,11.173512983705495,20000128
FIFO,3.827247323578806,6,0.5,0.4568627026812646,0.5833333333333334,0.5,0.4811901953989466,0.5332818949211049,0.20833333333333334,0.0,16.838201015181912,20000129
FIFO,0.7217226647325288,5,0.4166666666666667,0.4202505704250209,0.4166666666666667,0.5833333333333333,0.43076151749989067,0.5954388399819455,0.4166666666666667,0.0,14.653389745858366,20000130
FIFO,3.9951565344715503,6,0.5,0.43701763051559106,0.5,0.5,0.5247099973675627,0.5245319766755755,0.3125,0.0,17.44835857614297,20000131
FIFO,1.9452212255963002,5,0.4166666666666667,0.3559721081238888,0.5,0.5833333333333333,0.44213430515154933,0.47695338315349983,0.16666666666666666,0.0,15.586177543852717,20000132
FIFO,4.276123579467606,6,0.5,0.48789256878721643,0.5833333333333334,0.5,0.4870116075858659,0.45842789625002506,0.16666666666666666,0.0,16.427368345203885,20000133
FIFO,-1.205098076103257,4,0.3333333333333333,0.3984913609611477,0.3333333333333333,0.6666666666666667,0.33776278605580007,0.581350383714105,0.4166666666666667,0.0,11.635556104361799,20000134
FIFO,9.499173265956117,8,0.6666666666666666,0.6101812837462369,0.8333333333333334,0.33333333333333337,0.7298882680833367,0.5454862440524835,0.3125,0.0,23.78321906984674,20000135
FIFO,3.9064870838647954,6,0.5,0.48573822949571555,0.5833333333333334,0.5,0.5144320688867345,0.5575786841666323,0.3333333333333333,0.0,17.427655419807692,20000136
FIFO,6.27543207156125,7,0.5833333333333334,0.49256278771461054,0.6666666666666666,0.41666666666666663,0.5482289576901528,0.4846614594263099,0.1875,0.0,17.993305901744765,20000137
FIFO,-3.525800800391165,3,0.25,0.3113950145226874,0.25,0.75,0.2904314027731944,0.6017160768622069,0.4166666666666667,0.0,9.978614338112827,20000138
FIFO,-1.7409391659010631,4,0.3333333333333333,0.27887888174411013,0.3333333333333333,0.6666666666666667,0.3153010772083684,0.5373748767597236,0.3541666666666667,0.0,10.777580222048403,20000139
FIFO,-1.4411815074186383,4,0.3333333333333333,0.3849184049340221,0.3333333333333333,0.6666666666666667,0.32671380908155245,0.5390049316338604,0.375,0.0,10.688485646255705,20000140
FIFO,-0.36421908478146536,4,0.3333333333333333,0.35615878990747185,0.3333333333333333,0.6666666666666667,0.4557728149038676,0.5678868800174491,0.3958333333333333,0.0,14.400109700690516,20000141
FIFO,-1.7192727253273103,4,0.3333333333333333,0.2772616158327328,0.3333333333333333,0.6666666666666667,0.3333027948964431,0.5608715879550322,0.3541666666666667,0.0,11.66683913121386,20000142
FIFO,-6.074229275268171,2,0.16666666666666666,0.1917616299923487,0.16666666666666666,0.8333333333333334,0.26709561704081286,0.6274350915801806,0.5,0.0,8.406174629047097,20000143
FIFO,6.607860293518053,7,0.5833333333333334,0.5869712148241362,0.6666666666666666,0.41666666666666663,0.5855000602619406,0.528384043125902,0.20833333333333334,0.0,20.19921785519998,20000144
FIFO,1.6434552820153194,5,0.4166666666666667,0.5078825537474716,0.4166666666666667,0.5833333333333333,0.4647585700475971,0.576196588863482,0.3958333333333333,0.0,16.037758111025305,20000145
FIFO,1.1918814794928936,5,0.4166666666666667,0.3861597802952851,0.4166666666666667,0.5833333333333333,0.3662142504776984,0.5224926007742751,0.2916666666666667,0.0,12.937023015250547,20000146
FIFO,0.9990461452370722,5,0.4166666666666667,0.41921631338687076,0.4166666666666667,0.5833333333333333,0.3567687723407709,0.5218552744643029,0.2708333333333333,0.0,13.71132970244402,20000147
FIFO,-0.8603111221124676,4,0.3333333333333333,0.2812957985109647,0.4166666666666667,0.6666666666666667,0.3758368881888802,0.5503864123086837,0.3958333333333333,0.0,13.10518943127483,20000148
FIFO,6.882321289360174,7,0.5833333333333334,0.5100579414349947,0.6666666666666666,0.41666666666666663,0.6878265626158591,0.53131514332733,0.2916666666666667,0.0,22.037221399744293,20000149
FIFO,-3.543580742095399,3,0.25,0.29729840993998646,0.25,0.75,0.29049813711338757,0.5646687061347527,0.3541666666666667,0.0,10.237817822368731,20000150
FIFO,5.576834743089504,7,0.5833333333333334,0.5732759594104204,0.5833333333333334,0.41666666666666663,0.4894638538686326,0.49985731001515993,0.2708333333333333,0.0,17.15798364726272,20000151
FIFO,-2.97890050478527,3,0.25,0.34120341487334305,0.25,0.75,0.3507858712130931,0.6072105575138369,0.4375,0.0,11.933102090178403,20000152
FIFO,1.3267680256054297,5,0.4166666666666667,0.41839755266917716,0.4166666666666667,0.5833333333333333,0.44775544152562863,0.5413195425539818,0.375,0.0,14.955254839112587,20000153
FIFO,5.655240914989935,6,0.5,0.5046119288692903,0.75,0.5,0.6545673561859225,0.5178684241738319,0.20833333333333334,0.0,21.12905786352462,20000154
FIFO,-3.094632165243189,3,0.25,0.30882768274371586,0.25,0.75,0.3177427684750675,0.5576637194077974,0.3125,0.0,10.819494666585799,20000155
FIFO,-1.2218446326305783,4,0.3333333333333333,0.2858800789815952,0.4166666666666667,0.6666666666666667,0.39861093656319485,0.5962369671824987,0.3958333333333333,0.0,13.033826381753965,20000156
FIFO,2.844261403086147,5,0.4166666666666667,0.3499214284620098,0.6666666666666666,0.5833333333333333,0.560086538781579,0.5142050763747906,0.25,0.0,18.391439043765786,20000157
FIFO,2.529882039151242,5,0.4166666666666667,0.3886880886288164,0.5833333333333334,0.5833333333333333,0.5208645355294079,0.5352698567836435,0.25,0.0,17.13322329024165,20000158
FIFO,-5.979487749002977,2,0.16666666666666666,0.22167649297860634,0.16666666666666666,0.8333333333333334,0.28436624511684044,0.641320019001367,0.5208333333333334,0.0,9.618586473286442,20000159
FIFO,3.8592288690704866,6,0.5,0.5221545096023956,0.5,0.5,0.4901987076316572,0.529071631542407,0.3333333333333333,0.0,17.111556868908348,20000160
FIFO,-1.2865890354592093,4,0.3333333333333333,0.41361160090777865,0.3333333333333333,0.6666666666666667,0.3502594227876578,0.5785932472717228,0.4166666666666667,0.0,12.198357943260572,20000161
FIFO,-5.226230307998473,2,0.16666666666666666,0.23542090068723226,0.25,0.8333333333333334,0.2923907647416083,0.6144546344630807,0.4166666666666667,0.0,9.67170788907013,20000162
FIFO,1.3465955900186897,5,0.4166666666666667,0.4331164538700529,0.4166666666666667,0.5833333333333333,0.4052803708178489,0.543126008411064,0.2916666666666667,0.0,14.47446933975184,20000163
FIFO,3.823030668604108,6,0.5,0.40104299616114286,0.5,0.5,0.49583186070908863,0.5204255750504528,0.2916666666666667,0.0,16.132759301344926,20000164
FIFO,6.517626787340372,7,0.5833333333333334,0.5232611206307994,0.75,0.41666666666666663,0.6233835518212935,0.5121114255698803,0.125,0.0,20.530998564819065,20000165
FIFO,3.8431767450714305,6,0.5,0.561484224218373,0.5,0.5,0.5408796495714915,0.5984512929607333,0.3958333333333333,0.0,17.54547151260283,20000166
FIFO,4.205304328982799,6,0.5,0.5180627662852474,0.5833333333333334,0.5,0.48211062574975233,0.4843353153893164,0.125,0.0,17.020893571221638,20000167
FIFO,-1.8190808984579163,4,0.3333333333333333,0.2623928486172593,0.3333333333333333,0.6666666666666667,0.3234145034551425,0.5603916622873899,0.3958333333333333,0.0,11.178534466385765,20000168
FIFO,7.6380688116230395,8,0.6666666666666666,0.5683606350134389,0.6666666666666666,0.33333333333333337,0.5767651726662624,0.5212758988651632,0.22916666666666666,0.0,19.353229829523688,20000169
FIFO,-2.7934290579032472,3,0.25,0.32447851650625414,0.25,0.75,0.36218310682936067,0.578608547545372,0.4166666666666667,0.0,11.636968305868107,20000170
FIFO,5.819904688830494,7,0.5833333333333334,0.5500149796122384,0.5833333333333334,0.41666666666666663,0.5458266363998092,0.5070639540056754,0.20833333333333334,0.0,18.24012714635268,20000171
FIFO,2.886258332121166,5,0.4166666666666667,0.4466535088041824,0.6666666666666666,0.5833333333333333,0.5777452432121803,0.5585546218624725,0.2916666666666667,0.0,19.541759676210514,20000172
FIFO,-0.14095051545826287,4,0.3333333333333333,0.35144097232182875,0.4166666666666667,0.6666666666666667,0.46233835510337445,0.5643016696509937,0.375,0.0,14.99280392639589,20000173
FIFO,4.289462703783244,6,0.5,0.44304019238979436,0.5833333333333334,0.5,0.5744561014374022,0.530213554295098,0.3125,0.0,17.888555049070412,20000174
FIFO,2.820478798743629,6,0.5,0.41916957594423637,0.5,0.5,0.3601283383696625,0.49686314823212746,0.125,0.0,13.531175716719357,20000175
FIFO,3.18795270595716,6,0.5,0.42843767862560633,0.5,0.5,0.4595413974910842,0.5172151111269933,0.2708333333333333,0.0,15.37604345243747,20000176
FIFO,6.244461329868296,7,0.5833333333333334,0.5507944353001049,0.5833333333333334,0.41666666666666663,0.569475620549016,0.5037069518204843,0.2708333333333333,0.0,18.90287179239602,20000177
FIFO,4.816867125114735,6,0.5,0.5445564181385631,0.5833333333333334,0.5,0.5803956148765684,0.5527176884047932,0.3333333333333333,0.0,19.077456276045517,20000178
FIFO,-1.0890981789261174,3,0.25,0.2902875976159536,0.5,0.75,0.4898401261036634,0.5492965565854324,0.3125,0.0,16.879319078398137,20000179
FIFO,2.079407196919007,5,0.4166666666666667,0.36598821674638826,0.5,0.5833333333333333,0.4636278529732631,0.5229513978853856,0.2708333333333333,0.0,15.87440308043389,20000180
FIFO,2.5971754342476125,5,0.4166666666666667,0.48619275023976355,0.5833333333333334,0.5833333333333333,0.5162350292765286,0.5355414013781493,0.20833333333333334,0.0,17.190847209368226,20000181
FIFO,-0.9125298442499892,4,0.3333333333333333,0.3691207245279053,0.3333333333333333,0.6666666666666667,0.41541357317114774,0.6058041917687397,0.4375,0.0,13.811376008542716,20000182
FIFO,-3.8034908293106513,3,0.25,0.25620611368804286,0.25,0.75,0.27168114888680844,0.5968927670015902,0.4375,0.0,9.882832480386844,20000183
FIFO,0.7498169366000287,5,0.4166666666666667,0.4226778873935647,0.4166666666666667,0.5833333333333333,0.3478738449026126,0.556822506415379,0.3125,0.0,12.882870706768243,20000184
FIFO,2.0143884591491874,5,0.4166666666666667,0.4367929521104042,0.5,0.5833333333333333,0.4740543281559236,0.5467712505143248,0.2708333333333333,0.0,15.84858462791013,20000185
FIFO,3.527541878223636,6,0.5,0.4577449160337676,0.5,0.5,0.4395206491632493,0.48054604911154436,0.20833333333333334,0.0,14.895890035920178,20000186
FIFO,-0.9464272506079676,4,0.3333333333333333,0.33963432627887197,0.3333333333333333,0.6666666666666667,0.38935053297361777,0.5968930942386419,0.4583333333333333,0.0,12.834689637144724,20000187
FIFO,4.226635279405887,6,0.5,0.4743955327942656,0.5833333333333334,0.5,0.5834428019871366,0.5558370143305096,0.25,0.0,18.81631183398851,20000188
FIFO,-1.8081966245796743,4,0.3333333333333333,0.29217945789075933,0.3333333333333333,0.6666666666666667,0.3136990297664538,0.5710539505750999,0.3958333333333333,0.0,10.819786734755455,20000189
FIFO,5.4074164734624235,7,0.5833333333333334,0.5169600136526119,0.5833333333333334,0.41666666666666663,0.5791106918369913,0.5612168641425649,0.3125,0.0,18.577589822879638,20000190
FIFO,15.31614899078105,12,1.0,1.0,1.0,0.0,0.6439461092912521,0.41997833233368187,0.0,0.041666666666666664,22.64249914146598,20000191
FIFO,1.5897782886707235,5,0.4166666666666667,0.40176575922513147,0.5,0.5833333333333333,0.4933784404184116,0.5779322778537664,0.375,0.0,15.919225912436197,20000192
FIFO,3.254327142913631,5,0.4166666666666667,0.39369157325025056,0.5833333333333334,0.5833333333333333,0.6450846390749385,0.5448709280817364,0.3125,0.0,20.290501973367373,20000193
FIFO,1.690916527255478,5,0.4166666666666667,0.45851925060022347,0.4166666666666667,0.5833333333333333,0.48094742797299844,0.5953819303953968,0.4375,0.0,15.549967672737061,20000194
FIFO,1.1193558859130897,5,0.4166666666666667,0.4272274738546216,0.4166666666666667,0.5833333333333333,0.41028150385031853,0.5829896177199348,0.4166666666666667,0.0,13.892023714830884,20000195
FIFO,1.0211159381920196,4,0.3333333333333333,0.3502099562425312,0.5833333333333334,0.6666666666666667,0.5473417991222269,0.5570345580976294,0.3125,0.0,18.5547131328373,20000196
FIFO,1.4248425045894109,5,0.4166666666666667,0.4181641897938097,0.4166666666666667,0.5833333333333333,0.42232947496982537,0.5532219326324129,0.375,0.0,14.74715702966702,20000197
FIFO,-4.2128276210201925,2,0.16666666666666666,0.25883543223283445,0.3333333333333333,0.8333333333333334,0.3551624797201942,0.5790259960149128,0.3541666666666667,0.0,12.32773054285226,20000198
FIFO,-1.6926653472967506,4,0.3333333333333333,0.29061961726802343,0.3333333333333333,0.6666666666666667,0.36226213260459234,0.5915475054376823,0.4375,0.0,11.487118102425839,20000199
FIFO,0.11184060328546686,4,0.3333333333333333,0.4037277281455887,0.4166666666666667,0.6666666666666667,0.4889164272381599,0.5946102050132684,0.4375,0.0,15.397871070203877,20000200
FIFO,1.0542255172141886,5,0.4166666666666667,0.3659296624688238,0.4166666666666667,0.5833333333333333,0.3676671871848802,0.5391829881918064,0.3958333333333333,0.0,12.652258199579853,20000201
FIFO,-3.8890451515954743,3,0.25,0.27417299398452255,0.25,0.75,0.34787811456901924,0.63481457657038,0.4791666666666667,0.0,11.040813204087792,20000202
FIFO,-0.5698757465716757,4,0.3333333333333333,0.4649051983100761,0.4166666666666667,0.6666666666666667,0.41859470678410143,0.6103368615975499,0.4791666666666667,0.0,13.778832546099473,20000203
FIFO,-1.7319623992645539,4,0.3333333333333333,0.23656196040439267,0.3333333333333333,0.6666666666666667,0.32117130260882715,0.5305499619014901,0.375,0.0,11.03987709624151,20000204
FIFO,8.954160142418953,8,0.6666666666666666,0.6404439809455803,0.75,0.33333333333333337,0.60634798029089,0.455553911832304,0.08333333333333333,0.0,20.79912043413582,20000205
FIFO,-1.1306561963719592,4,0.3333333333333333,0.34501493218886986,0.3333333333333333,0.6666666666666667,0.3478742670798567,0.5941518292072504,0.4166666666666667,0.0,12.023673422115506,20000206
FIFO,-1.162478053345588,4,0.3333333333333333,0.2843028215647624,0.3333333333333333,0.6666666666666667,0.3675365527299157,0.5442805561137961,0.3125,0.0,12.135077254884509,20000207
FIFO,0.233499132029929,4,0.3333333333333333,0.353307138314229,0.4166666666666667,0.6666666666666667,0.46790191917922536,0.5314403561878316,0.2916666666666667,0.0,15.168355937208597,20000208
FIFO,3.9734021909968122,6,0.5,0.4411436233621408,0.5,0.5,0.5194993884068712,0.5168672376346009,0.2916666666666667,0.0,17.14298853687374,20000209
FIFO,15.1171532821703,11,0.9166666666666666,0.8964834784118206,0.9166666666666666,0.08333333333333337,0.7182985258346983,0.4374017741942837,0.14583333333333334,0.0,24.77820631692731,20000210
FIFO,0.8439298089973365,5,0.4166666666666667,0.36929113555787435,0.4166666666666667,0.5833333333333333,0.3544844920906909,0.4996905350742102,0.20833333333333334,0.0,13.730265039412405,20000211
FIFO,3.9314439902880767,6,0.5,0.5803507841308632,0.5,0.5,0.4697572498836027,0.5124792923151972,0.2708333333333333,0.0,16.776137014613514,20000212
FIFO,5.448252208105252,6,0.5,0.42571913179063414,0.75,0.5,0.6348198120694464,0.4883542281155213,0.20833333333333334,0.0,21.39409787289529,20000213
FIFO,-0.8029157324096716,4,0.3333333333333333,0.32338924113434975,0.4166666666666667,0.6666666666666667,0.35637247118160326,0.555844873602202,0.2916666666666667,0.0,13.085351863315951,20000214
FIFO,4.264147327647717,6,0.5,0.5811002228644356,0.5,0.5,0.5601715639400492,0.628098944591457,0.4791666666666667,0.0,18.367210416127328,20000215
FIFO,1.682235655386941,5,0.4166666666666667,0.37195549776631703,0.5,0.5833333333333333,0.4288473719263166,0.48958162595863913,0.22916666666666666,0.0,14.86283771099294,20000216
FIFO,9.351621376639663,8,0.6666666666666666,0.5746505541985121,0.8333333333333334,0.33333333333333337,0.6964359121841895,0.4629816580212441,0.20833333333333334,0.0,22.624324822516257,20000217
FIFO,2.5265254664525414,6,0.5,0.4738166046862892,0.5,0.5,0.3980606298681306,0.5512229235248631,0.2916666666666667,0.0,13.991652267318967,20000218
FIFO,-0.6514674710101832,4,0.3333333333333333,0.3392636124458794,0.4166666666666667,0.6666666666666667,0.3866833883316761,0.538372782249922,0.22916666666666666,0.0,14.032458225285303,20000219
FIFO,5.433671217363483,7,0.5833333333333334,0.46550326557727306,0.5833333333333334,0.41666666666666663,0.4096672040053557,0.42785191019050045,0.10416666666666667,0.0,14.752523018569724,20000220
FIFO,8.256227623668295,8,0.6666666666666666,0.5891742132315155,0.6666666666666666,0.33333333333333337,0.621182120032274,0.47248925334583586,0.25,0.0,20.492169861877482,20000221
FIFO,0.9102624092184457,5,0.4166666666666667,0.38537853625819857,0.4166666666666667,0.5833333333333333,0.4340442113558824,0.551688485091871,0.375,0.0,13.668783475618675,20000222
FIFO,3.1654683790039346,6,0.5,0.4994004387380245,0.5,0.5,0.49751474122330713,0.5749805859550913,0.375,0.0,15.914526012481348,20000223
FIFO,0.1283360817703736,4,0.3333333333333333,0.36363524544521536,0.4166666666666667,0.6666666666666667,0.4600056945280457,0.5322809599055065,0.2708333333333333,0.0,15.15586057561592,20000224
FIFO,6.219815705387228,7,0.5833333333333334,0.5253303255219294,0.6666666666666666,0.41666666666666663,0.6148031419773474,0.5249481971438956,0.16666666666666666,0.0,20.16976368337113,20000225
FIFO,3.1296383050337,5,0.4166666666666667,0.42642194292672286,0.5833333333333334,0.5833333333333333,0.5408987120762743,0.5347599440466172,0.3125,0.0,18.981587402016846,20000226
FIFO,-0.5225963197172977,4,0.3333333333333333,0.44472433289448643,0.3333333333333333,0.6666666666666667,0.4505090327340038,0.5751590701586552,0.375,0.0,14.016365779037445,20000227
FIFO,4.01720913277405,6,0.5,0.4887570084237042,0.5833333333333334,0.5,0.5285436310993824,0.539161416669923,0.3125,0.0,18.22520016944143,20000228
FIFO,2.7687315015740994,5,0.4166666666666667,0.393973595921058,0.5,0.5833333333333333,0.5776909292803376,0.5376978695863969,0.3541666666666667,0.0,18.932706037874404,20000229
FIFO,6.502311654824831,7,0.5833333333333334,0.47269354173202477,0.6666666666666666,0.41666666666666663,0.573188487321767,0.48844036939540864,0.22916666666666666,0.0,19.300420438276994,20000230
FIFO,3.058400877694235,6,0.5,0.44995873310520984,0.5,0.5,0.5194210180737927,0.5728950230410489,0.3541666666666667,0.0,16.496194239388046,20000231
FIFO,-3.4379011818282663,3,0.25,0.19252465881066902,0.3333333333333333,0.75,0.30227867989629736,0.559537074564096,0.375,0.0,11.144512746985303,20000232
FIFO,-0.24411732720878687,4,0.3333333333333333,0.310446070405331,0.4166666666666667,0.6666666666666667,0.39542584251680307,0.509729660479588,0.22916666666666666,0.0,13.968180741891919,20000233
FIFO,-1.589800517437459,4,0.3333333333333333,0.2841427386606046,0.3333333333333333,0.6666666666666667,0.2900133164436975,0.5459629503023584,0.375,0.0,10.150484769416378,20000234
FIFO,-0.962964554138566,4,0.3333333333333333,0.3847192321392223,0.4166666666666667,0.6666666666666667,0.3134549329918007,0.5342849160800283,0.1875,0.0,11.939726795443848,20000235
FIFO,10.887701041149077,9,0.75,0.7268915611215374,0.75,0.25,0.6789828237004093,0.49152794230713126,0.22916666666666666,0.0,22.46397841075442,20000236
FIFO,5.364722096438002,6,0.5,0.5269566285586668,0.5833333333333334,0.5,0.6131124756838983,0.5663600361613749,0.375,0.0,20.824394997270076,20000237
FIFO,3.913845699791786,6,0.5,0.41648199890242793,0.5833333333333334,0.5,0.5405640748723649,0.5547580784764218,0.3125,0.0,18.383027596745823,20000238
FIFO,0.5047136451447427,4,0.3333333333333333,0.40247763710513373,0.4166666666666667,0.6666666666666667,0.5323782232348225,0.5991431663016891,0.4166666666666667,0.0,16.597461786361325,20000239
FIFO,-0.9100774979798136,4,0.3333333333333333,0.3585262469254129,0.3333333333333333,0.6666666666666667,0.42346682344552833,0.6079832076748141,0.4166666666666667,0.0,13.897002702117533,20000240
FIFO,-0.7076156157959872,4,0.3333333333333333,0.41056635326621443,0.3333333333333333,0.6666666666666667,0.4055933052532355,0.617140773824906,0.4791666666666667,0.0,13.029808384895217,20000241
FIFO,6.578573003949922,7,0.5833333333333334,0.6541264088881327,0.75,0.41666666666666663,0.5744637753160956,0.49344701161503907,0.08333333333333333,0.0,19.937805782240158,20000242
FIFO,-1.0204597411137417,4,0.3333333333333333,0.29062996803428304,0.3333333333333333,0.6666666666666667,0.38363589005303217,0.5493298402967279,0.3541666666666667,0.0,12.4807037297886,20000243
FIFO,7.025351928152412,7,0.5833333333333334,0.6300068081526413,0.6666666666666666,0.41666666666666663,0.6008732392697391,0.5263266297433574,0.22916666666666666,0.0,20.576231601700403,20000244
FIFO,4.742709590864264,6,0.5,0.541771831921406,0.5833333333333334,0.5,0.5358142297054448,0.5444953777365198,0.25,0.0,18.678457955450778,20000245
FIFO,4.46863849426553,6,0.5,0.5178068515936378,0.5833333333333334,0.5,0.5725460782844771,0.5355352405343082,0.2708333333333333,0.0,18.90110061900183,20000246
FIFO,1.8058883644761206,5,0.4166666666666667,0.39940676761289906,0.5,0.5833333333333333,0.5010989515111336,0.5639966904828665,0.3958333333333333,0.0,16.828150576489254,20000247
FIFO,17.668851720315043,12,1.0,1.0,1.0,0.0,0.797075922178486,0.4012907856953543,0.0,0.0625,26.23819709133429,20000248
FIFO,6.317599805833672,7,0.5833333333333334,0.4817268913492333,0.6666666666666666,0.41666666666666663,0.6066514795545379,0.5439445361381307,0.2916666666666667,0.0,19.270234530522096,20000249
FIFO,-0.5022470875777763,4,0.3333333333333333,0.3937047369934993,0.4166666666666667,0.6666666666666667,0.4187673141935595,0.5782210541742946,0.4375,0.0,14.647778841692404,20000250
FIFO,1.9880941942706507,5,0.4166666666666667,0.46453844624558943,0.5,0.5833333333333333,0.45969520814409776,0.5434890280387067,0.3958333333333333,0.0,15.260299769033303,20000251
FIFO,1.8154656058548588,5,0.4166666666666667,0.4009374981854122,0.5,0.5833333333333333,0.4802571118449932,0.5297294581232007,0.3333333333333333,0.0,15.332641007001419,20000252
FIFO,1.0981373521115692,5,0.4166666666666667,0.3242647821570437,0.4166666666666667,0.5833333333333333,0.40355010633602023,0.5099488846041277,0.3333333333333333,0.0,13.706229920163548,20000253
FIFO,-2.52757964898258,3,0.25,0.3158525891942755,0.3333333333333333,0.75,0.4776347016623659,0.6367151016809084,0.4791666666666667,0.0,14.262373961937742,20000254
FIFO,-0.395185203215936,4,0.3333333333333333,0.32779673962170797,0.4166666666666667,0.6666666666666667,0.421572819269505,0.5769391522888433,0.375,0.0,13.831820193209891,20000255
FIFO,-2.706547559334738,3,0.25,0.34863704281865204,0.25,0.75,0.38178284474155677,0.6113797913041342,0.5,0.0,11.722840091073381,20000256
FIFO,-2.9473613420082634,3,0.25,0.29891135569174476,0.3333333333333333,0.75,0.33999464992536427,0.5677971039493326,0.3541666666666667,0.0,11.748412834265986,20000257
FIFO,-4.081593134641794,3,0.25,0.270131975502229,0.25,0.75,0.30685503904943834,0.6115574537139383,0.4375,0.0,10.269010884092426,20000258
FIFO,-0.8426628466217825,4,0.3333333333333333,0.34623353431500303,0.4166666666666667,0.6666666666666667,0.39814371007588073,0.5842629431106688,0.375,0.0,13.301549059205817,20000259
FIFO,-2.048766739034802,3,0.25,0.2521093233151514,0.4166666666666667,0.75,0.42705128346042875,0.5763006614473111,0.3541666666666667,0.0,13.942219887195836,20000260
FIFO,-2.713072999269385,3,0.25,0.2425945395186477,0.3333333333333333,0.75,0.47627404254519384,0.640944909658983,0.5208333333333334,0.0,13.847100712314845,20000261
FIFO,-0.9002286462471565,4,0.3333333333333333,0.394048645977066,0.3333333333333333,0.6666666666666667,0.44462070652124236,0.6222943582684319,0.4791666666666667,0.0,13.510749251135502,20000262
FIFO,5.892453277867563,7,0.5833333333333334,0.5918722301540047,0.5833333333333334,0.41666666666666663,0.4748248999786064,0.45974323738985684,0.25,0.0,16.392070548488263,20000263
FIFO,-2.6978772267104563,3,0.25,0.29561993282977206,0.3333333333333333,0.75,0.3907503987307172,0.6092730350103365,0.4583333333333333,0.0,12.140450732081002,20000264
FIFO,5.102501342065537,7,0.5833333333333334,0.5495213541518219,0.5833333333333334,0.41666666666666663,0.40346782065283215,0.4626474214137053,0.16666666666666666,0.0,15.192100346157874,20000265
FIFO,7.911375632555956,8,0.6666666666666666,0.5540156382072172,0.75,0.33333333333333337,0.6035583219581818,0.4997035898649031,0.0625,0.0,20.060267040227885,20000266
FIFO,-1.1012087643735144,4,0.3333333333333333,0.3078335005526833,0.3333333333333333,0.6666666666666667,0.3751679409548947,0.5837836954625794,0.4166666666666667,0.0,12.49817564258097,20000267
FIFO,-3.6760979190228795,3,0.25,0.2755372978856628,0.25,0.75,0.3186562281722855,0.6080766296890691,0.4583333333333333,0.0,10.572400416804527,20000268
FIFO,4.6630544836191135,6,0.5,0.43820015206106333,0.5833333333333334,0.5,0.6013373765704343,0.531033237977141,0.3333333333333333,0.0,19.05272808961795,20000269
FIFO,2.314675725936508,5,0.4166666666666667,0.47076892908605933,0.5,0.5833333333333333,0.4453955873209369,0.5105469023363581,0.2708333333333333,0.0,15.851904808253598,20000270
FIFO,8.812300080552314,8,0.6666666666666666,0.6629663141653261,0.6666666666666666,0.33333333333333337,0.5994906549386073,0.4962110129656005,0.2708333333333333,0.0,20.51340437112598,20000271
FIFO,0.5815158693383826,5,0.4166666666666667,0.3288873327734466,0.4166666666666667,0.5833333333333333,0.35864158803449087,0.49763444382054517,0.3333333333333333,0.0,13.015799128354137,20000272
FIFO,8.175023397451879,8,0.6666666666666666,0.5334232317309807,0.6666666666666666,0.33333333333333337,0.6273594790432492,0.4728861797786105,0.22916666666666666,0.0,20.357193812284706,20000273
FIFO,-0.9862975749034631,4,0.3333333333333333,0.38309098779015466,0.3333333333333333,0.6666666666666667,0.43173873561739945,0.6043246883726655,0.3958333333333333,0.0,13.469030138814729,20000274
FIFO,3.407321740800416,6,0.5,0.4420039841385672,0.5833333333333334,0.5,0.4843135411882576,0.5323233944590425,0.22916666666666666,0.0,17.214146307906955,20000275
FIFO,3.6874775005889506,6,0.5,0.4340398643095711,0.5,0.5,0.4455743949242987,0.5042835234196629,0.25,0.0,15.335792716815641,20000276
FIFO,2.792248800275692,6,0.5,0.4236790353457331,0.5,0.5,0.4022355992522007,0.5528671099172316,0.2916666666666667,0.0,14.317346586249101,20000277
FIFO,0.2489705774958837,5,0.4166666666666667,0.304207316499351,0.4166666666666667,0.5833333333333333,0.339195423781995,0.5402498489431203,0.3541666666666667,0.0,12.111390620174392,20000278
FIFO,0.6691002982954415,5,0.4166666666666667,0.39867654007595293,0.4166666666666667,0.5833333333333333,0.3514267572306046,0.5560025739757003,0.3125,0.0,13.059326779329954,20000279
FIFO,7.494668239658849,8,0.6666666666666666,0.7394923065997587,0.6666666666666666,0.33333333333333337,0.4943229862130572,0.5015572116301318,0.08333333333333333,0.0,18.073036986500764,20000280
FIFO,-1.341763058245049,4,0.3333333333333333,0.36900678271260495,0.3333333333333333,0.6666666666666667,0.39058786638266113,0.5833297839280274,0.3958333333333333,0.0,12.777742481557524,20000281
FIFO,6.001354753288304,7,0.5833333333333334,0.5187102843336032,0.5833333333333334,0.41666666666666663,0.5585579275194705,0.5304933407774582,0.2916666666666667,0.0,18.730366679614285,20000282
FIFO,4.885694594434163,7,0.5833333333333334,0.515094350441309,0.5833333333333334,0.41666666666666663,0.4624159788189046,0.5170283906895679,0.25,0.0,15.8212409480224,20000283
FIFO,-3.0157734323949104,3,0.25,0.25479104162970806,0.3333333333333333,0.75,0.3344084203022029,0.5747726031396078,0.4166666666666667,0.0,11.242397774751034,20000284
FIFO,-5.389296445719381,2,0.16666666666666666,0.2256450767298873,0.25,0.8333333333333334,0.23630308354001983,0.5766656680765581,0.375,0.0,8.691964512628955,20000285
FIFO,-1.981070829669675,3,0.25,0.24528664520511137,0.4166666666666667,0.75,0.4265147457264938,0.5702694772441889,0.2916666666666667,0.0,14.054956180268299,20000286
FIFO,7.999838932015424,8,0.6666666666666666,0.7347127548875763,0.6666666666666666,0.33333333333333337,0.543952835631769,0.4906024586836697,0.20833333333333334,0.0,19.96665742819712,20000287
FIFO,0.00920795055201662,4,0.3333333333333333,0.41984863344774137,0.4166666666666667,0.6666666666666667,0.4160168258584996,0.5349179569186008,0.3125,0.0,14.098412898980001,20000288
FIFO,1.8436590889943245,5,0.4166666666666667,0.4301543159013219,0.5,0.5833333333333333,0.4315244159010761,0.49840622907979437,0.2708333333333333,0.0,15.863710203905718,20000289
FIFO,5.8145382938245005,7,0.5833333333333334,0.47723798679013274,0.5833333333333334,0.41666666666666663,0.5032275189646399,0.5089399113361076,0.1875,0.0,16.85040963663009,20000290
FIFO,4.440030639545677,6,0.5,0.467254503549306,0.6666666666666666,0.5,0.5496553570016449,0.5058505680925757,0.25,0.0,19.224631090742783,20000291
FIFO,-3.8602660041250623,3,0.25,0.27390835289695287,0.25,0.75,0.30006031492823587,0.6132281590140892,0.4375,0.0,9.630358565836241,20000292
FIFO,1.1850338777321654,5,0.4166666666666667,0.34869050538266627,0.5,0.5833333333333333,0.41370275031063725,0.5331296466159668,0.2708333333333333,0.0,14.815567248695409,20000293
FIFO,1.9132635081962721,5,0.4166666666666667,0.4475236919913711,0.4166666666666667,0.5833333333333333,0.4696563470315251,0.5763886058084169,0.4166666666666667,0.0,15.954642954128825,20000294
FIFO,-0.09328861413982004,4,0.3333333333333333,0.35795540855474195,0.4166666666666667,0.6666666666666667,0.4161135800889287,0.5227934989060735,0.1875,0.0,14.65336430747353,20000295
FIFO,1.8112042320017974,5,0.4166666666666667,0.44639343663290343,0.4166666666666667,0.5833333333333333,0.507892398434583,0.5911553262342014,0.4166666666666667,0.0,16.38507207081794,20000296
FIFO,2.5142506805953273,6,0.5,0.4408396183908955,0.5,0.5,0.3871096445935674,0.541333554668742,0.25,0.0,13.437413273019565,20000297
FIFO,-1.5795918193597827,4,0.3333333333333333,0.30806007892460263,0.3333333333333333,0.6666666666666667,0.356770777725183,0.5762602469750195,0.3541666666666667,0.0,12.24987727556446,20000298
FIFO,3.1503104773872734,6,0.5,0.4485934701064739,0.5833333333333334,0.5,0.43119094520324036,0.512267595117164,0.25,0.0,15.487272195233258,20000299
FIFO,4.442864710874133,6,0.5,0.5212296977296778,0.5,0.5,0.5460529470668632,0.5745497573748962,0.3958333333333333,0.0,17.555007645733703,20000300
FIFO,3.717345286105119,6,0.5,0.456308519210552,0.5833333333333334,0.5,0.5390584040979685,0.540061379841898,0.2916666666666667,0.0,18.09272143476015,20000301
FIFO,-0.8970074997017217,4,0.3333333333333333,0.3380325490963656,0.3333333333333333,0.6666666666666667,0.34960441857580066,0.5687553154166414,0.4166666666666667,0.0,11.846618548537524,20000302
FIFO,2.0101747877886824,5,0.4166666666666667,0.40155292434144785,0.5,0.5833333333333333,0.4909435194644374,0.5117403687330769,0.22916666666666666,0.0,16.03465769833446,20000303
FIFO,11.111298565136748,9,0.75,0.7981192443547285,0.8333333333333334,0.25,0.6877039561096416,0.4764248050188143,0.125,0.0,23.05990373321155,20000304
FIFO,11.955921802939715,10,0.8333333333333334,0.7239989884314109,0.8333333333333334,0.16666666666666663,0.6278824231545173,0.4094431589546102,0.10416666666666667,0.0,22.04204513485201,20000305
FIFO,1.7853755476346322,5,0.4166666666666667,0.44326112017206476,0.5,0.5833333333333333,0.4625129977988425,0.5185310275223288,0.2916666666666667,0.0,15.935337028675303,20000306
FIFO,0.7811664755956,5,0.4166666666666667,0.42939769934801336,0.4166666666666667,0.5833333333333333,0.3890155469725765,0.5989752807084697,0.3541666666666667,0.0,13.208231937787007,20000307
FIFO,1.7061376984118364,5,0.4166666666666667,0.41772417743713375,0.4166666666666667,0.5833333333333333,0.5099040156819338,0.572385742854587,0.375,0.0,15.615877642052483,20000308
FIFO,2.3079995185023527,5,0.4166666666666667,0.4327927290790719,0.5,0.5833333333333333,0.5273469337385529,0.602599815049473,0.4375,0.0,17.275550540205632,20000309
FIFO,2.4445822037553913,5,0.4166666666666667,0.5655031803661251,0.5833333333333334,0.5833333333333333,0.5090546107484087,0.5631841181984761,0.3333333333333333,0.0,17.733312740382434,20000310
FIFO,3.537427810115312,6,0.5,0.4656209562957448,0.5833333333333334,0.5,0.4623998304558124,0.539817813724572,0.1875,0.0,16.306325757388606,20000311
FIFO,0.8198526658116927,5,0.4166666666666667,0.40139373654147276,0.4166666666666667,0.5833333333333333,0.3601955490112534,0.5481869589354126,0.2916666666666667,0.0,12.96948550555601,20000312
FIFO,1.6044811410472635,5,0.4166666666666667,0.34971171017815844,0.5,0.5833333333333333,0.5041003680693369,0.5620367201777715,0.3541666666666667,0.0,16.698327804918954,20000313
FIFO,-1.2025694553892814,4,0.3333333333333333,0.3861864920274531,0.3333333333333333,0.6666666666666667,0.40878913225486424,0.6018500072173961,0.4375,0.0,13.05412289043972,20000314
FIFO,-3.519941922324403,3,0.25,0.33672136136893716,0.25,0.75,0.33954881982852064,0.6349442916487408,0.5,0.0,10.821639234099258,20000315
FIFO,3.3206830762996233,6,0.5,0.3840501170293662,0.5,0.5,0.4868647549711292,0.5540272104628928,0.3125,0.0,15.289870388951796,20000316
FIFO,6.4971980015312685,7,0.5833333333333334,0.5727452185696105,0.6666666666666666,0.41666666666666663,0.55558979901164,0.5232056801546537,0.1875,0.0,19.898454591050537,20000317
FIFO,2.1902343403886366,5,0.4166666666666667,0.3933917250854718,0.5,0.5833333333333333,0.5503571033646283,0.580382473258597,0.3958333333333333,0.0,18.152620282916644,20000318
FIFO,-2.75722072922472,3,0.25,0.2712741011119863,0.3333333333333333,0.75,0.3842097105841062,0.6078351235839468,0.4583333333333333,0.0,13.211523037304252,20000319
FIFO,-1.0297011465300252,4,0.3333333333333333,0.2917618321391388,0.3333333333333333,0.6666666666666667,0.39036112771646225,0.5576998634978159,0.3541666666666667,0.0,12.967837081016821,20000320
FIFO,8.579444394542922,8,0.6666666666666666,0.6023090673013349,0.75,0.33333333333333337,0.5821662062272881,0.4438581372275457,0.125,0.0,20.783004009089815,20000321
FIFO,-0.8527217965770686,4,0.3333333333333333,0.36232395358582026,0.3333333333333333,0.6666666666666667,0.34573045209104897,0.5590292732496313,0.3333333333333333,0.0,11.935180031085157,20000322
FIFO,-1.1165923931308597,4,0.3333333333333333,0.31263921159361147,0.3333333333333333,0.6666666666666667,0.40830991974995695,0.5649154618532729,0.4166666666666667,0.0,13.163072443570869,20000323
FIFO,3.2720641148941576,5,0.4166666666666667,0.4238305177785342,0.5833333333333334,0.5833333333333333,0.5830461541527899,0.5139267448154057,0.25,0.0,19.246679689367852,20000324
FIFO,4.249354631460421,6,0.5,0.4896774774693065,0.5833333333333334,0.5,0.5368602313819756,0.5021431333516361,0.16666666666666666,0.0,17.843236262594598,20000325
FIFO,-2.8993263838842687,3,0.25,0.2568969333206256,0.3333333333333333,0.75,0.36628373517679486,0.6151470523890394,0.4375,0.0,12.297548167486061,20000326
FIFO,3.014678828826179,6,0.5,0.39578887155821013,0.5,0.5,0.42021936733451914,0.4876786814940986,0.2708333333333333,0.0,14.908767993087572,20000327
FIFO,3.269580102082106,6,0.5,0.4219123341653012,0.5,0.5,0.49716070591831985,0.5460073730017372,0.3333333333333333,0.0,15.92867111025024,20000328
FIFO,-3.587397287397835,3,0.25,0.26901755680334843,0.25,0.75,0.3214359994280873,0.6085478978700033,0.4375,0.0,10.81877593758831,20000329
FIFO,1.4691959724378316,5,0.4166666666666667,0.45545875093450555,0.4166666666666667,0.5833333333333333,0.4110941903777247,0.5346464113780333,0.3333333333333333,0.0,14.149640687950757,20000330
FIFO,8.436643804072816,8,0.6666666666666666,0.6439490441783715,0.75,0.33333333333333337,0.6971873894353294,0.53755898175062,0.20833333333333334,0.0,22.248306996618364,20000331
FIFO,2.092132409085335,5,0.4166666666666667,0.4342066832760749,0.5,0.5833333333333333,0.4640314446051488,0.5074423071470323,0.2916666666666667,0.0,15.432886211312509,20000332
FIFO,-1.67544288550887,4,0.3333333333333333,0.3531933895655246,0.3333333333333333,0.6666666666666667,0.3283686497185991,0.5809525492611004,0.3958333333333333,0.0,11.042621424296572,20000333
FIFO,1.4176698007155977,5,0.4166666666666667,0.36222058512508853,0.4166666666666667,0.5833333333333333,0.4343618976936931,0.5249285494660394,0.3333333333333333,0.0,14.925373146673488,20000334
FIFO,-1.2621457967392993,4,0.3333333333333333,0.36511951691801453,0.3333333333333333,0.6666666666666667,0.3635277249635891,0.5872900760509858,0.4166666666666667,0.0,12.699725543327899,20000335
FIFO,-0.6627600542667398,4,0.3333333333333333,0.3159343556168435,0.4166666666666667,0.6666666666666667,0.48299447413563273,0.622282831123145,0.4375,0.0,14.117885189601756,20000336
FIFO,3.8240244750706482,6,0.5,0.35688533981877163,0.5833333333333334,0.5,0.5785581541448402,0.5305277059438595,0.2916666666666667,0.0,17.98523302226206,20000337
FIFO,5.21763016168152,6,0.5,0.479059936524719,0.6666666666666666,0.5,0.6118397260609797,0.48706720823561817,0.1875,0.0,21.38179344664682,20000338
FIFO,2.4701860170763714,5,0.4166666666666667,0.3895979501131781,0.5833333333333334,0.5833333333333333,0.5450321219762487,0.5226243655563252,0.2916666666666667,0.0,17.636098966899493,20000339
FIFO,-4.115981063552082,3,0.25,0.23482379071942422,0.25,0.75,0.28754297688864217,0.6084625524688608,0.4375,0.0,10.187901448088311,20000340
FIFO,5.845883696925364,7,0.5833333333333334,0.5634927736789417,0.5833333333333334,0.41666666666666663,0.552295736283275,0.5428000539371528,0.3125,0.0,18.105244027241994,20000341
FIFO,5.516201475597214,7,0.5833333333333334,0.5897764015890049,0.5833333333333334,0.41666666666666663,0.5236632943602074,0.5375531893740471,0.3333333333333333,0.0,16.352670889322646,20000342
FIFO,1.108301754255127,5,0.4166666666666667,0.3632189058203959,0.4166666666666667,0.5833333333333333,0.38959385171020383,0.5281636990120564,0.3125,0.0,13.208538884184877,20000343
FIFO,-3.823503636479855,3,0.25,0.2744063941393467,0.25,0.75,0.2935526324962984,0.5953939298352487,0.4583333333333333,0.0,10.08137257194564,20000344
FIFO,-0.3912471797433733,4,0.3333333333333333,0.28352207401483626,0.4166666666666667,0.6666666666666667,0.4390257137460904,0.5626241104832711,0.4166666666666667,0.0,14.430032018674908,20000345
FIFO,1.4700891589066658,5,0.4166666666666667,0.4183738148520028,0.4166666666666667,0.5833333333333333,0.3944472414433641,0.5302619109091601,0.25,0.0,14.662168897110188,20000346
FIFO,3.6497556763539754,6,0.5,0.463909214440042,0.5,0.5,0.5246015949482857,0.5425553964628277,0.3125,0.0,16.900194112785574,20000347
FIFO,3.101668077044607,5,0.4166666666666667,0.442924158903296,0.5833333333333334,0.5833333333333333,0.5836875149717988,0.5668261425182738,0.2916666666666667,0.0,19.431137794226505,20000348
FIFO,14.280758805488368,11,0.9166666666666666,0.9219269724194963,0.9166666666666666,0.08333333333333337,0.6908819744327115,0.47722178818582744,0.020833333333333332,0.0,23.959699207369955,20000349
FIFO,-1.1114342681584415,4,0.3333333333333333,0.3567376735212594,0.3333333333333333,0.6666666666666667,0.4118631409086298,0.6183035227483258,0.4166666666666667,0.0,12.595078156578175,20000350
FIFO,1.8028023626320238,5,0.4166666666666667,0.4519394636883647,0.4166666666666667,0.5833333333333333,0.4793000123717073,0.5581365184095206,0.3541666666666667,0.0,15.423731209310919,20000351
FIFO,0.9712002749282999,5,0.4166666666666667,0.4539033671278032,0.4166666666666667,0.5833333333333333,0.38685039406393734,0.5624809898603661,0.3333333333333333,0.0,13.650171483997754,20000352
FIFO,0.7543819419510425,4,0.3333333333333333,0.3444818884072137,0.5,0.6666666666666667,0.4975371161548492,0.5310343237099456,0.2916666666666667,0.0,17.858978922152712,20000353
FIFO,-1.6189523054614436,4,0.3333333333333333,0.27658925757874137,0.3333333333333333,0.6666666666666667,0.311583615092539,0.52350055494681,0.3125,0.0,11.630376308307952,20000354
FIFO,1.0431202669661959,5,0.4166666666666667,0.4526529946366857,0.4166666666666667,0.5833333333333333,0.4465466834175422,0.5585671569270114,0.3541666666666667,0.0,14.345271830945734,20000355
FIFO,2.0499945137523374,5,0.4166666666666667,0.5288177163607889,0.5,0.5833333333333333,0.4754646306269721,0.5958450738830946,0.4166666666666667,0.0,16.397993163118606,20000356
FIFO,-0.6096841171042953,4,0.3333333333333333,0.4028148402020256,0.4166666666666667,0.6666666666666667,0.37983369421206264,0.5923150759679844,0.3125,0.0,13.424268695181027,20000357
FIFO,12.110686294401514,10,0.8333333333333334,0.8390516884220678,0.8333333333333334,0.16666666666666663,0.6098533865912114,0.4348559110970089,0.0,0.0,22.79537438442097,20000358
FIFO,10.332034544867838,9,0.75,0.6788754769191809,0.75,0.25,0.6399569004084967,0.47443849576789904,0.1875,0.0,22.44657443323576,20000359
FIFO,2.0042526882796787,5,0.4166666666666667,0.4440238478283251,0.5,0.5833333333333333,0.4362670431040654,0.500226693924766,0.1875,0.0,15.482178832633926,20000360
FIFO,-0.6660436543869201,4,0.3333333333333333,0.3538400837271441,0.3333333333333333,0.6666666666666667,0.39776321340687043,0.5545122244834237,0.3541666666666667,0.0,12.857011812329532,20000361
FIFO,-6.01870239065971,2,0.16666666666666666,0.246761060361836,0.16666666666666666,0.8333333333333334,0.3158383875045679,0.6679174816656048,0.5416666666666666,0.0,9.903681104762157,20000362
FIFO,-2.494174187980189,3,0.25,0.22561657070105712,0.4166666666666667,0.75,0.39788358806043905,0.5909416052114351,0.4166666666666667,0.0,13.530993246918936,20000363
FIFO,0.6892389848585938,5,0.4166666666666667,0.32404159681234435,0.4166666666666667,0.5833333333333333,0.34887945521257363,0.5269304503307375,0.3333333333333333,0.0,12.538966084059437,20000364
FIFO,-3.3337983693894744,3,0.25,0.1995184659685517,0.3333333333333333,0.75,0.2982950392639447,0.5609406651362373,0.3541666666666667,0.0,10.709601429878491,20000365
FIFO,0.11949241113719311,4,0.3333333333333333,0.342378211419088,0.4166666666666667,0.6666666666666667,0.4587989743204728,0.5850550621492793,0.375,0.0,15.176283652957286,20000366
FIFO,1.4946222649388097,5,0.4166666666666667,0.45235950981829276,0.4166666666666667,0.5833333333333333,0.44912633322813605,0.5536226362170417,0.3541666666666667,0.0,14.593406458880759,20000367
FIFO,-0.371311626953299,4,0.3333333333333333,0.3021593734150113,0.5,0.6666666666666667,0.39517233225213383,0.5175672628534036,0.25,0.0,14.14313763314132,20000368
FIFO,-0.8483460139027352,4,0.3333333333333333,0.3478224639782159,0.3333333333333333,0.6666666666666667,0.45741395568142734,0.6213425001005769,0.4791666666666667,0.0,14.317520256374932,20000369
FIFO,-1.6666273131258011,4,0.3333333333333333,0.3269661149939366,0.3333333333333333,0.6666666666666667,0.3254820537924243,0.5656400258605925,0.3541666666666667,0.0,11.25500819599159,20000370
FIFO,-4.355814503010016,2,0.16666666666666666,0.22987911944546102,0.3333333333333333,0.8333333333333334,0.40382461759954497,0.6101729515394577,0.4166666666666667,0.0,12.373915366389491,20000371
FIFO,-4.322313928004275,2,0.16666666666666666,0.2144087635845074,0.3333333333333333,0.8333333333333334,0.37232481765529596,0.6013269638021878,0.4166666666666667,0.0,12.659887936678594,20000372
FIFO,5.735643062116623,7,0.5833333333333334,0.515023283135007,0.6666666666666666,0.41666666666666663,0.5499514035817966,0.48701806126443814,0.20833333333333334,0.0,19.015291040844456,20000373
FIFO,3.53768146716194,6,0.5,0.4822150142770169,0.5,0.5,0.48455745328457994,0.5353603574816387,0.2708333333333333,0.0,16.64717873021358,20000374
FIFO,5.293169488888176,6,0.5,0.5810400581668439,0.5833333333333334,0.5,0.6204566169286065,0.5431935157384237,0.3125,0.0,19.092255920401918,20000375
FIFO,1.0985830738078726,5,0.4166666666666667,0.4765069597863616,0.4166666666666667,0.5833333333333333,0.3655097302153008,0.5453507393607315,0.2708333333333333,0.0,13.30423668539745,20000376
FIFO,-1.8049072877173367,4,0.3333333333333333,0.2927332611668368,0.3333333333333333,0.6666666666666667,0.2973740087428198,0.5519903122293498,0.3125,0.0,10.564021100284938,20000377
FIFO,1.6462500033076426,5,0.4166666666666667,0.4618616657267609,0.4166666666666667,0.5833333333333333,0.4141270207055046,0.5537754728833536,0.375,0.0,14.204793517708694,20000378
FIFO,3.252975696294576,5,0.4166666666666667,0.502899729183351,0.6666666666666666,0.5833333333333333,0.5532546586645523,0.5211742500574471,0.14583333333333334,0.0,18.92662215030835,20000379
FIFO,3.898554101495206,6,0.5,0.43725298204738794,0.5833333333333334,0.5,0.5472708105110667,0.5247623340938847,0.2708333333333333,0.0,18.051555093913223,20000380
FIFO,-5.183947999507056,2,0.16666666666666666,0.16004906159263693,0.25,0.8333333333333334,0.3362987262622335,0.5900128354544495,0.4583333333333333,0.0,10.601504391508987,20000381
FIFO,10.796534747160647,9,0.75,0.6915815296458206,0.9166666666666666,0.25,0.7022609876681924,0.49058239321420194,0.0625,0.0,23.772279936495174,20000382
FIFO,0.5076626579313661,5,0.4166666666666667,0.3614655195280769,0.4166666666666667,0.5833333333333333,0.3858945992725973,0.5546481812109323,0.3333333333333333,0.0,12.861018848552648,20000383
FIFO,3.75078384001863,6,0.5,0.49539425966271716,0.5,0.5,0.45315693811597973,0.5250755447201161,0.3333333333333333,0.0,15.738016988046375,20000384
FIFO,1.2430142592600435,5,0.4166666666666667,0.33904264955843216,0.5,0.5833333333333333,0.4078564004384155,0.5049385261802511,0.20833333333333334,0.0,13.831334562183061,20000385
FIFO,-0.9743405103299425,4,0.3333333333333333,0.3219314541845166,0.3333333333333333,0.6666666666666667,0.3892400376240078,0.5640016753188489,0.3958333333333333,0.0,12.673650830955937,20000386
FIFO,7.065916278392209,7,0.5833333333333334,0.5931560139536081,0.6666666666666666,0.41666666666666663,0.6537668779527314,0.5037844875336752,0.25,0.0,21.438596343876863,20000387
FIFO,10.383263681184939,9,0.75,0.6934972301702103,0.8333333333333334,0.25,0.6670090836704313,0.48049953771541015,0.08333333333333333,0.0,22.575213826069096,20000388
FIFO,6.285009938357464,7,0.5833333333333334,0.5143239075767503,0.6666666666666666,0.41666666666666663,0.6463081619098489,0.5670887907718695,0.3333333333333333,0.0,21.1132598411246,20000389
FIFO,5.312196788976,6,0.5,0.5445290389715159,0.6666666666666666,0.5,0.5857467710795377,0.5264709194454008,0.2916666666666667,0.0,19.540967133848643,20000390
FIFO,3.856594119482158,6,0.5,0.49386802596453633,0.5833333333333334,0.5,0.5532536594278464,0.5619739893307789,0.3541666666666667,0.0,18.824391652099365,20000391
FIFO,4.909228036999686,6,0.5,0.42209781696007975,0.6666666666666666,0.5,0.5967218596124221,0.48528410881240913,0.20833333333333334,0.0,19.669004751262644,20000392
FIFO,-0.8620545166196435,4,0.3333333333333333,0.35593793455702627,0.3333333333333333,0.6666666666666667,0.39625085485889433,0.5835704623644913,0.3958333333333333,0.0,12.445164522497766,20000393
FIFO,-0.7632818455935211,4,0.3333333333333333,0.3137119494773412,0.3333333333333333,0.6666666666666667,0.4290784231589937,0.5873402572857044,0.4375,0.0,13.732256927278096,20000394
FIFO,4.65817007833178,6,0.5,0.4801776271753039,0.6666666666666666,0.5,0.5856773420784985,0.546532242073299,0.22916666666666666,0.0,18.86543093445013,20000395
FIFO,-3.6945027641929915,3,0.25,0.2817521798499156,0.25,0.75,0.28637352118546217,0.5653324525333047,0.4166666666666667,0.0,10.208698121592906,20000396
FIFO,9.937176999775028,9,0.75,0.6843279683119,0.8333333333333334,0.25,0.5593004800215436,0.47708792814247064,0.14583333333333334,0.0,20.926480550584778,20000397
FIFO,7.344557893810684,8,0.6666666666666666,0.528596576151424,0.75,0.33333333333333337,0.5513068868203109,0.4827304997997399,0.10416666666666667,0.0,19.00397678238318,20000398
FIFO,-4.43807536920888,3,0.25,0.2431509489318674,0.25,0.75,0.2949135235536911,0.6226049783803748,0.4791666666666667,0.0,10.178129730623667,20000399
FIFO,0.5575564702627099,5,0.4166666666666667,0.39818773210904584,0.4166666666666667,0.5833333333333333,0.3752019404985272,0.5411822441697844,0.3125,0.0,12.320430323964148,20000400
FIFO,1.5645632657827075,5,0.4166666666666667,0.4112488246968895,0.4166666666666667,0.5833333333333333,0.42036632893401693,0.5784872719144335,0.4166666666666667,0.0,14.353261648910973,20000401
FIFO,-5.145512272645985,2,0.16666666666666666,0.20410072210536756,0.25,0.8333333333333334,0.29914492905171836,0.6104531868354103,0.4583333333333333,0.0,9.99678790587637,20000402
FIFO,-1.1120804631822083,4,0.3333333333333333,0.30517314099253373,0.3333333333333333,0.6666666666666667,0.3985598312068843,0.5816054258406448,0.4166666666666667,0.0,12.944533552733159,20000403
FIFO,-3.8147360808105755,3,0.25,0.31674030669877185,0.25,0.75,0.27130556870097605,0.6162842202610349,0.4583333333333333,0.0,8.770567895098473,20000404
FIFO,-3.5889936485032763,3,0.25,0.24797362582589905,0.25,0.75,0.26958746606225853,0.5819804945871058,0.4375,0.0,9.801626831970738,20000405
FIFO,6.681308934211309,7,0.5833333333333334,0.5660012275838145,0.6666666666666666,0.41666666666666663,0.6254703055801211,0.5556496363860233,0.25,0.0,20.11316864894288,20000406
FIFO,4.499048430147919,6,0.5,0.45639395204293026,0.5833333333333334,0.5,0.603641029024209,0.5243889161154492,0.2708333333333333,0.0,19.142687010454477,20000407
FIFO,1.0963707880772766,5,0.4166666666666667,0.42563893402044234,0.4166666666666667,0.5833333333333333,0.36606465493024537,0.5101272330708222,0.20833333333333334,0.0,14.074508329602825,20000408
FIFO,4.084063047679861,6,0.5,0.42130684815854774,0.5833333333333334,0.5,0.5822360699933476,0.541405991032356,0.3541666666666667,0.0,17.73393115562555,20000409
FIFO,5.918682473495998,7,0.5833333333333334,0.5993931215742342,0.5833333333333334,0.41666666666666663,0.512594635008853,0.5019690790817254,0.25,0.0,18.07350891799498,20000410
FIFO,1.8526451765517193,5,0.4166666666666667,0.37525514126899634,0.5,0.5833333333333333,0.4495734011646288,0.5140998791247332,0.25,0.0,15.444131258334524,20000411
FIFO,1.3665931307582504,5,0.4166666666666667,0.42217627874380903,0.4166666666666667,0.5833333333333333,0.43920203598577706,0.5734833352025814,0.3333333333333333,0.0,14.964843498557002,20000412
FIFO,1.719269918761836,5,0.4166666666666667,0.4139944646448978,0.5,0.5833333333333333,0.4373908795171781,0.5097202451345618,0.20833333333333334,0.0,15.555959431805409,20000413
FIFO,0.456089736303289,5,0.4166666666666667,0.32368789727558656,0.4166666666666667,0.5833333333333333,0.42115276239098764,0.5630828064819355,0.3958333333333333,0.0,13.889023833881035,20000414
FIFO,3.743016147471147,6,0.5,0.507195391650082,0.5,0.5,0.5392658399355015,0.5639443390820493,0.3125,0.0,17.08311467970609,20000415
FIFO,-1.2967695980445795,4,0.3333333333333333,0.3962695966305475,0.3333333333333333,0.6666666666666667,0.3555612926002267,0.5984702968546421,0.3958333333333333,0.0,12.200945759510697,20000416
FIFO,-1.098272561023221,4,0.3333333333333333,0.3566065944753734,0.3333333333333333,0.6666666666666667,0.4090387474190001,0.5777861558414391,0.3958333333333333,0.0,13.214012905495482,20000417
FIFO,6.270362849843519,7,0.5833333333333334,0.5541553052116788,0.6666666666666666,0.41666666666666663,0.5499401187625667,0.4616625158900076,0.14583333333333334,0.0,19.1606794787641,20000418
FIFO,-5.468161629507873,2,0.16666666666666666,0.2472033648981628,0.25,0.8333333333333334,0.26062983166997283,0.6244954994136759,0.4375,0.0,8.7408907998164,20000419
FIFO,12.484508978008,10,0.8333333333333334,0.7204615349111363,0.9166666666666666,0.16666666666666663,0.7211775728039552,0.4928938058817877,0.16666666666666666,0.0,23.834390687486128,20000420
FIFO,-2.8726879947228263,3,0.25,0.2816991448528993,0.3333333333333333,0.75,0.3337361703691155,0.5977711500079982,0.3958333333333333,0.0,11.446234231079165,20000421
FIFO,3.956421564221297,6,0.5,0.42529660799996244,0.5833333333333334,0.5,0.4439107274050573,0.4590892766650116,0.08333333333333333,0.0,16.728328073532246,20000422
FIFO,-0.011679199933523066,4,0.3333333333333333,0.42896114210271874,0.5,0.6666666666666667,0.4273987713274227,0.545503593297136,0.16666666666666666,0.0,15.486449298893705,20000423
FIFO,0.061823877461847365,4,0.3333333333333333,0.3551593247751601,0.5,0.6666666666666667,0.41414764680446553,0.5514838842713831,0.3541666666666667,0.0,14.913276019528059,20000424
FIFO,-3.480533339162366,3,0.25,0.23687064632571414,0.25,0.75,0.3221755354152243,0.5641234866646903,0.375,0.0,10.538203753835262,20000425
FIFO,5.261749310900099,7,0.5833333333333334,0.45420122155881976,0.5833333333333334,0.41666666666666663,0.5524975074949855,0.5240300923412997,0.3125,0.0,17.501176005026853,20000426
FIFO,10.248503890696439,9,0.75,0.6671671072217922,0.75,0.25,0.6136285380838529,0.49386200319806184,0.20833333333333334,0.0,20.9645503485244,20000427
FIFO,8.865784517930328,8,0.6666666666666666,0.5901318185334194,0.75,0.33333333333333337,0.6645023621674608,0.5150956826625017,0.22916666666666666,0.0,21.899634870372637,20000428
FIFO,7.551594980892071,8,0.6666666666666666,0.5386537195531376,0.75,0.33333333333333337,0.5848964722735769,0.49651864905609805,0.16666666666666666,0.0,18.78236982557245,20000429
FIFO,2.5903598908311816,6,0.5,0.49317847579300944,0.5,0.5,0.4319057205700005,0.5532217611987386,0.375,0.0,13.57959681371868,20000430
FIFO,3.421145950223661,6,0.5,0.4391548553557244,0.5,0.5,0.4442302455307896,0.5112492337676657,0.20833333333333334,0.0,16.043175526807527,20000431
FIFO,4.648980600031905,6,0.5,0.4901152507008994,0.6666666666666666,0.5,0.5855035743445471,0.5332001535002368,0.2708333333333333,0.0,19.301711250260563,20000432
FIFO,-0.45870867347853395,4,0.3333333333333333,0.3211635549695533,0.4166666666666667,0.6666666666666667,0.45297692885588403,0.5778639821626598,0.375,0.0,14.864437027114317,20000433
FIFO,3.108830295558828,6,0.5,0.43384476438361136,0.5,0.5,0.47744716909620816,0.5562286642053633,0.3333333333333333,0.0,15.753443594297336,20000434
FIFO,9.310502527797663,8,0.6666666666666666,0.7049662863119643,0.75,0.33333333333333337,0.6699857571098337,0.5231231987610264,0.2708333333333333,0.0,22.126465453175236,20000435
FIFO,11.055448473917034,9,0.75,0.7885806441349171,0.8333333333333334,0.25,0.6605780530451167,0.5001320359287016,0.14583333333333334,0.0,23.307976295814324,20000436
FIFO,3.887587410546594,6,0.5,0.5200764369062464,0.5833333333333334,0.5,0.5258000103789494,0.5705056093247642,0.375,0.0,17.767255930853075,20000437
FIFO,-1.9584121846189806,4,0.3333333333333333,0.24402609864210809,0.3333333333333333,0.6666666666666667,0.281899587689302,0.5354854860950202,0.3541666666666667,0.0,9.847665746749051,20000438
FIFO,-0.7954853748226277,4,0.3333333333333333,0.3089200687388645,0.3333333333333333,0.6666666666666667,0.38533092593138135,0.5652094971203384,0.375,0.0,12.917356583197135,20000439
FIFO,4.789855576232503,7,0.5833333333333334,0.5670215153263057,0.5833333333333334,0.41666666666666663,0.45252230658467757,0.5124338235949505,0.14583333333333334,0.0,16.234776892930203,20000440
FIFO,-4.094239523221129,3,0.25,0.24184579241544354,0.25,0.75,0.26426717015460577,0.6122713221251478,0.4791666666666667,0.0,8.441423629340342,20000441
FIFO,9.892775689481176,9,0.75,0.6645083343087866,0.75,0.25,0.6206972453738455,0.4770914823416243,0.16666666666666666,0.0,20.084373378247477,20000442
FIFO,6.762609258512159,7,0.5833333333333334,0.553466132461795,0.6666666666666666,0.41666666666666663,0.6335647808308864,0.5647601183463352,0.3125,0.0,21.02792226169839,20000443
FIFO,-0.42267590211434247,4,0.3333333333333333,0.285101550989497,0.4166666666666667,0.6666666666666667,0.4111540198124977,0.5269619647393702,0.3333333333333333,0.0,14.510617031625511,20000444
FIFO,2.1547765393158267,5,0.4166666666666667,0.41345445523084423,0.5,0.5833333333333333,0.4597258555751518,0.5281186912217772,0.20833333333333334,0.0,15.744058454486796,20000445
FIFO,0.11636580281915765,4,0.3333333333333333,0.3963115587598782,0.4166666666666667,0.6666666666666667,0.4751518298673387,0.5815272184657335,0.375,0.0,14.601704437670426,20000446
FIFO,-0.720706894091692,4,0.3333333333333333,0.3539726897189089,0.3333333333333333,0.6666666666666667,0.3977523191724061,0.6111847680932461,0.4791666666666667,0.0,12.733059414289784,20000447
FIFO,4.165229015272695,6,0.5,0.48228574751223385,0.5833333333333334,0.5,0.5807183835522245,0.568244024415204,0.3541666666666667,0.0,18.4589859969808,20000448
FIFO,1.3828340158959536,5,0.4166666666666667,0.4218489573760686,0.4166666666666667,0.5833333333333333,0.41758247692587386,0.515942537402279,0.2916666666666667,0.0,13.952019510056108,20000449
FIFO,1.3672540286291879,5,0.4166666666666667,0.394869874193894,0.4166666666666667,0.5833333333333333,0.5032465041716571,0.6090481998577358,0.4583333333333333,0.0,15.69922709259156,20000450
FIFO,3.5997203387224093,6,0.5,0.4774197688430184,0.5,0.5,0.48600054254620845,0.5214400442582557,0.3125,0.0,15.817060100676986,20000451
FIFO,3.0508451988092085,5,0.4166666666666667,0.4465279065882935,0.5,0.5833333333333333,0.598494020308087,0.5737562238829615,0.3541666666666667,0.0,18.83177007749509,20000452
FIFO,-6.121546772056529,2,0.16666666666666666,0.20995310806147044,0.16666666666666666,0.8333333333333334,0.24483252543807962,0.6459367472821654,0.5208333333333334,0.0,8.02022623776628,20000453
FIFO,-1.1201397996064275,4,0.3333333333333333,0.3670044133663657,0.3333333333333333,0.6666666666666667,0.37478972375590164,0.5868919553708594,0.4166666666666667,0.0,12.435965431048338,20000454
FIFO,1.6672053646702585,5,0.4166666666666667,0.39346603425353954,0.5,0.5833333333333333,0.47896153296383276,0.551922027950432,0.3333333333333333,0.0,15.69758954762992,20000455
FIFO,5.4682877057246655,7,0.5833333333333334,0.5812553297569331,0.5833333333333334,0.41666666666666663,0.5064903730966891,0.552414498353558,0.2708333333333333,0.0,17.159857231373802,20000456
FIFO,-2.2241026438440405,3,0.25,0.20046903617228126,0.4166666666666667,0.75,0.3699042558371937,0.5261124276850303,0.2708333333333333,0.0,12.861563604814368,20000457
FIFO,-3.4302234906341273,3,0.25,0.27442629669540836,0.25,0.75,0.3727450000483908,0.6455701093648203,0.5,0.0,11.738848897231602,20000458
FIFO,5.155014056685087,6,0.5,0.5071408156879009,0.6666666666666666,0.5,0.6614995732012575,0.5557393265896529,0.3125,0.0,20.69011956651687,20000459
FIFO,8.355290684002295,8,0.6666666666666666,0.6153408219607238,0.6666666666666666,0.33333333333333337,0.6043507582179394,0.4632051298445015,0.22916666666666666,0.0,20.454963757701712,20000460
FIFO,2.1427222688142855,5,0.4166666666666667,0.3685511013713021,0.5,0.5833333333333333,0.5575133600855114,0.5742228765145648,0.375,0.0,16.413973501675372,20000461
FIFO,10.68857624037152,9,0.75,0.6439030152677974,0.8333333333333334,0.25,0.6893039191458187,0.4911252425291052,0.16666666666666666,0.0,23.450416791880414,20000462
FIFO,6.831133978107874,7,0.5833333333333334,0.4987285163881384,0.6666666666666666,0.41666666666666663,0.5885682707496093,0.4945785584637714,0.14583333333333334,0.0,19.744065846851672,20000463
FIFO,-2.927132914854406,3,0.25,0.2855633923989517,0.3333333333333333,0.75,0.3523442739689176,0.5852054106113961,0.4375,0.0,12.602336473841339,20000464
FIFO,3.6248448913851132,6,0.5,0.47130215835346173,0.5,0.5,0.49770231453842567,0.5095629334513746,0.2916666666666667,0.0,16.5254800008224,20000465
FIFO,-0.7564821296119026,4,0.3333333333333333,0.3254030250092399,0.3333333333333333,0.6666666666666667,0.3542651824315512,0.5233493720737242,0.2916666666666667,0.0,13.184884447467695,20000466
FIFO,4.525822830813269,6,0.5,0.4550804429299565,0.6666666666666666,0.5,0.4939029771328542,0.4423437944524155,0.08333333333333333,0.0,17.50173658643996,20000467
FIFO,0.6496934204782332,5,0.4166666666666667,0.41262897550347394,0.4166666666666667,0.5833333333333333,0.37764959077660537,0.5495593445430673,0.3541666666666667,0.0,13.259514745760377,20000468
FIFO,0.9385401692010327,5,0.4166666666666667,0.4253512445259679,0.4166666666666667,0.5833333333333333,0.36051621257159283,0.5587861090042305,0.2708333333333333,0.0,13.079034042655653,20000469
FIFO,5.267785722600661,7,0.5833333333333334,0.49383125089694857,0.6666666666666666,0.41666666666666663,0.5104384681198152,0.504590291074881,0.10416666666666667,0.0,18.44345358661961,20000470
FIFO,5.061220463361987,6,0.5,0.5688538421991964,0.5833333333333334,0.5,0.6201077785476382,0.5563004434162098,0.3541666666666667,0.0,19.763930628702457,20000471
FIFO,5.758690628350058,7,0.5833333333333334,0.4961069526370731,0.5833333333333334,0.41666666666666663,0.5118776142616519,0.5085579605508559,0.20833333333333334,0.0,16.745668323284914,20000472
FIFO,6.558883221584795,7,0.5833333333333334,0.5182849105257306,0.75,0.41666666666666663,0.5783965464430317,0.4959387685750376,0.041666666666666664,0.0,20.881541586872874,20000473
FIFO,2.3239557408478086,5,0.4166666666666667,0.3941320528139591,0.5,0.5833333333333333,0.5325362614505743,0.5292181720258294,0.25,0.0,17.455280873952812,20000474
FIFO,2.3155851662379168,5,0.4166666666666667,0.45267862691094307,0.5,0.5833333333333333,0.516398486657724,0.5647647827602063,0.4166666666666667,0.0,16.35465158353196,20000475
FIFO,0.27989770673003367,4,0.3333333333333333,0.45398160762556294,0.5,0.6666666666666667,0.42651821385346417,0.5450389921968385,0.20833333333333334,0.0,15.867870758207305,20000476
FIFO,1.7036794700457003,5,0.4166666666666667,0.4741597098765435,0.4166666666666667,0.5833333333333333,0.43529859924803654,0.5616959429764546,0.2916666666666667,0.0,15.335884579851268,20000477
FIFO,0.31475030764041145,4,0.3333333333333333,0.36316441265581123,0.4166666666666667,0.6666666666666667,0.5059789845448769,0.5639821393202599,0.375,0.0,16.539365970012295,20000478
FIFO,-1.4867901194931514,4,0.3333333333333333,0.26929784663273393,0.3333333333333333,0.6666666666666667,0.3611527658779415,0.5509009097262193,0.3541666666666667,0.0,11.91452492167141,20000479
FIFO,6.309086203667721,7,0.5833333333333334,0.426162996085342,0.6666666666666666,0.41666666666666663,0.6437966414138738,0.539404748003435,0.2916666666666667,0.0,21.32085210243291,20000480
FIFO,9.997892312020412,9,0.75,0.658871905901925,0.75,0.25,0.556719084684207,0.4345801416610313,0.041666666666666664,0.0,20.759507643193018,20000481
FIFO,-0.877854980733064,4,0.3333333333333333,0.3762638613002907,0.3333333333333333,0.6666666666666667,0.3725654565568381,0.6109809436472561,0.5,0.0,12.633027855403173,20000482
FIFO,8.806025362605334,8,0.6666666666666666,0.5932334296776478,0.75,0.33333333333333337,0.5896147984492947,0.43979887579102944,0.125,0.0,20.572447541785532,20000483
FIFO,-3.254112892867674,3,0.25,0.2177127328778456,0.3333333333333333,0.75,0.34624109558226435,0.5928583860457218,0.4166666666666667,0.0,11.653581597614615,20000484
FIFO,-1.4175279650737498,4,0.3333333333333333,0.3054004439745119,0.3333333333333333,0.6666666666666667,0.3253283066033133,0.5460922714622929,0.3125,0.0,11.676331921272563,20000485
FIFO,3.077362301657726,6,0.5,0.4430838328208123,0.5,0.5,0.4794221517358653,0.5538480804796463,0.3333333333333333,0.0,16.53964575752737,20000486
FIFO,1.3565453968960357,4,0.3333333333333333,0.38640284131217034,0.5833333333333334,0.6666666666666667,0.5205639076832401,0.5306864425070306,0.25,0.0,17.971074958332345,20000487
FIFO,4.655437501236701,6,0.5,0.4997231481083647,0.5833333333333334,0.5,0.5229952951369544,0.5260643508576114,0.2916666666666667,0.0,18.544995659967267,20000488
FIFO,1.9581101755315977,5,0.4166666666666667,0.3783606623678341,0.5,0.5833333333333333,0.4597239973605178,0.5264861285935708,0.2708333333333333,0.0,14.870226483259344,20000489
FIFO,-0.10163591823808638,4,0.3333333333333333,0.40002445746222903,0.5,0.6666666666666667,0.4228655636888143,0.581521242426294,0.22916666666666666,0.0,15.62253246021454,20000490
FIFO,5.443701967289565,7,0.5833333333333334,0.43184582816923767,0.5833333333333334,0.41666666666666663,0.5204278352477058,0.5241277700478278,0.2708333333333333,0.0,17.693045903796797,20000491
FIFO,5.820935510180611,7,0.5833333333333334,0.5734318370277468,0.5833333333333334,0.41666666666666663,0.5413636129882323,0.5574947738594579,0.3541666666666667,0.0,18.379486490184703,20000492
FIFO,-3.92905570605764,3,0.25,0.28145930826905396,0.25,0.75,0.29489772900058603,0.6293244436409481,0.4583333333333333,0.0,9.68289820697031,20000493
FIFO,2.126462549661986,5,0.4166666666666667,0.34410033280604907,0.5833333333333334,0.5833333333333333,0.5078354128499082,0.5075036108943003,0.22916666666666666,0.0,16.62208391055504,20000494
FIFO,-0.8278028117731124,4,0.3333333333333333,0.31284466114896226,0.4166666666666667,0.6666666666666667,0.34889352556578396,0.5434497507528121,0.22916666666666666,0.0,12.208391046564104,20000495
FIFO,9.106304609361924,8,0.6666666666666666,0.6784883997068463,0.75,0.33333333333333337,0.6680666004914664,0.49214859472654365,0.20833333333333334,0.0,21.758787682219765,20000496
FIFO,4.950283376551244,7,0.5833333333333334,0.4868292631624351,0.5833333333333334,0.41666666666666663,0.44943255359732115,0.5101944503280184,0.1875,0.0,15.51089564488224,20000497
FIFO,-1.3564883105496572,4,0.3333333333333333,0.3286749308867677,0.3333333333333333,0.6666666666666667,0.3185291088860691,0.5620724427737546,0.375,0.0,10.66206609185262,20000498
FIFO,-3.000709682387251,3,0.25,0.28989057136558755,0.3333333333333333,0.75,0.3314576610040191,0.5875811477952058,0.375,0.0,11.474145621759442,20000499
EDF,-0.0988015090157699,4,0.3333333333333333,0.47766505069886805,0.4166666666666667,0.6666666666666667,0.4792046139602684,0.630417183429261,0.5,0.0,15.375772604433404,20000000
EDF,4.047634464819396,6,0.5,0.4995985058522727,0.5,0.5,0.5572233650640197,0.5315304215752664,0.3125,0.0,17.829213858254636,20000001
EDF,7.972096609334421,8,0.6666666666666666,0.5812218443470323,0.6666666666666666,0.33333333333333337,0.6707839651831752,0.5519053382188175,0.25,0.0,21.421154597375427,20000002
EDF,-2.583871128418366,3,0.25,0.347761324803409,0.3333333333333333,0.75,0.35660223912594985,0.5754148294783107,0.3958333333333333,0.0,12.288458105762142,20000003
EDF,1.9539411356056222,5,0.4166666666666667,0.43454278446024885,0.5,0.5833333333333333,0.39765757838168075,0.4743890405512126,0.020833333333333332,0.0,14.680891783919666,20000004
EDF,4.193959579007466,6,0.5,0.47346947646932513,0.5833333333333334,0.5,0.49471544983965016,0.5238875965634301,0.25,0.0,16.86296503984876,20000005
EDF,-0.34911867112819867,4,0.3333333333333333,0.3241569101709085,0.4166666666666667,0.6666666666666667,0.44018257158741275,0.5835884136611185,0.4166666666666667,0.0,14.158843028993871,20000006
EDF,-3.833118903597158,3,0.25,0.2998453018333063,0.25,0.75,0.30979823038679244,0.6309350974212135,0.4791666666666667,0.0,10.471273528453336,20000007
EDF,-3.6522912103281326,3,0.25,0.2627025602466154,0.25,0.75,0.2717369472101771,0.5820092806991003,0.4166666666666667,0.0,10.123430639176004,20000008
EDF,5.42427973190842,7,0.5833333333333334,0.5247992697611118,0.5833333333333334,0.41666666666666663,0.4893259881584691,0.5326108589111109,0.20833333333333334,0.0,16.747347182120386,20000009
EDF,3.4154551774582815,6,0.5,0.4012906788711948,0.5,0.5,0.43751509410044537,0.4986219912771787,0.2708333333333333,0.0,15.16524625755354,20000010
EDF,7.930501699608144,8,0.6666666666666666,0.6935535006205038,0.6666666666666666,0.33333333333333337,0.5549581511549077,0.5135787239296671,0.20833333333333334,0.0,19.17588703547596,20000011
EDF,3.3653598570883076,6,0.5,0.49831388017641126,0.5,0.5,0.4990227624476263,0.5594347809779634,0.3125,0.0,16.340148346367727,20000012
EDF,1.2356551011576535,5,0.4166666666666667,0.4361444813122128,0.4166666666666667,0.5833333333333333,0.39511027049690345,0.5541111708747751,0.3125,0.0,13.560432337889734,20000013
EDF,-0.9885414374610094,4,0.3333333333333333,0.3225803743451916,0.4166666666666667,0.6666666666666667,0.3811571400948062,0.5788745523195384,0.3333333333333333,0.0,13.158528437341516,20000014
EDF,7.102691883975281,7,0.5833333333333334,0.6402934704415915,0.6666666666666666,0.41666666666666663,0.6333346869639,0.5590464455892207,0.3958333333333333,0.0,21.1898654816586,20000015
EDF,1.2318338496025283,5,0.4166666666666667,0.38991957505390845,0.5,0.5833333333333333,0.3955758282759927,0.5322992360612778,0.22916666666666666,0.0,14.40336378999432,20000016
EDF,1.0545233122006528,5,0.4166666666666667,0.4822242784662905,0.4166666666666667,0.5833333333333333,0.39673589803540343,0.565683809559571,0.3125,0.0,13.927853763869544,20000017
EDF,-0.5833126719800759,4,0.3333333333333333,0.37021668323574364,0.3333333333333333,0.6666666666666667,0.4690319188272752,0.6286913761345507,0.4583333333333333,0.0,14.082622953427244,20000018
EDF,12.44673036130671,10,0.8333333333333334,0.7396780880466102,0.8333333333333334,0.16666666666666663,0.6776384515195196,0.49207777216171783,0.22916666666666666,0.0,23.187777330742712,20000019
EDF,1.3541469579398957,5,0.4166666666666667,0.41915906954344834,0.4166666666666667,0.5833333333333333,0.4493401237481464,0.5587476102191052,0.3333333333333333,0.0,14.779671476765984,20000020
EDF,10.30739115240392,9,0.75,0.7184121853642539,0.75,0.25,0.5622328249915116,0.4323007249841047,0.0625,0.0,20.568661055702233,20000021
EDF,-6.09520370838875,2,0.16666666666666666,0.23752505706580673,0.16666666666666666,0.8333333333333334,0.22225688796022766,0.6028346738130974,0.4583333333333333,0.0,7.401506702453195,20000022
EDF,3.3774949905796587,6,0.5,0.4733585102469664,0.5,0.5,0.46477877757598174,0.5576990699243147,0.3541666666666667,0.0,15.533605761092872,20000023
EDF,10.943207747913178,9,0.75,0.7185850339755308,0.75,0.25,0.6905428645226278,0.5003746944287095,0.22916666666666666,0.0,22.43120857021454,20000024
EDF,-1.4160675178385245,4,0.3333333333333333,0.3239837220828751,0.3333333333333333,0.6666666666666667,0.36402851487985294,0.5991430090800335,0.4166666666666667,0.0,11.952628231060414,20000025
EDF,3.0770753160917605,6,0.5,0.49070610319293706,0.5,0.5,0.47505178610862747,0.549250738215931,0.3541666666666667,0.0,15.082947592624125,20000026
EDF,0.16548893039989698,5,0.4166666666666667,0.2930756051336161,0.4166666666666667,0.5833333333333333,0.38631500564924176,0.5337454005571562,0.3333333333333333,0.0,12.650245294816832,20000027
EDF,5.531130688996674,7,0.5833333333333334,0.5300564240483335,0.5833333333333334,0.41666666666666663,0.5039991091200092,0.48589528981018854,0.20833333333333334,0.0,17.420692554227468,20000028
EDF,5.040282698928525,7,0.5833333333333334,0.489024430334291,0.5833333333333334,0.41666666666666663,0.4130146207577841,0.46623987544654,0.22916666666666666,0.0,15.163339549733442,20000029
EDF,-3.5643529180909943,3,0.25,0.2629204131633358,0.25,0.75,0.2662221955653472,0.5999630681681603,0.4583333333333333,0.0,9.08915435921414,20000030
EDF,2.2249273389475093,5,0.4166666666666667,0.3995114481816428,0.5,0.5833333333333333,0.4908696895992663,0.5265194744797751,0.22916666666666666,0.0,16.57067363673057,20000031
EDF,3.4958397729555033,6,0.5,0.46500341008192186,0.5,0.5,0.5225121797962402,0.5494155852096427,0.3125,0.0,16.11159483943092,20000032
EDF,5.788142081660599,7,0.5833333333333334,0.464415447395059,0.6666666666666666,0.41666666666666663,0.5633384375016107,0.5583999859021578,0.22916666666666666,0.0,19.103190860387876,20000033
EDF,3.3427689099882425,6,0.5,0.46693895201391106,0.5,0.5,0.4147194459409613,0.5206776422050627,0.3125,0.0,14.825181428234396,20000034
EDF,1.1776149625072658,5,0.4166666666666667,0.4380850915586342,0.4166666666666667,0.5833333333333333,0.4399896143718589,0.577603300543169,0.3541666666666667,0.0,14.857793406073986,20000035
EDF,11.519713998900578,10,0.8333333333333334,0.7194564760372266,0.8333333333333334,0.16666666666666663,0.5534375346525058,0.4212762599736682,0.0,0.0,20.47013533281757,20000036
EDF,1.6860069102392217,5,0.4166666666666667,0.46111846725202466,0.4166666666666667,0.5833333333333333,0.4868576625976159,0.5999759280155882,0.3958333333333333,0.0,15.68540884549645,20000037
EDF,-0.9667496559339512,4,0.3333333333333333,0.39121585529049907,0.3333333333333333,0.6666666666666667,0.407247349747973,0.5757557403156383,0.3958333333333333,0.0,13.290619832460605,20000038
EDF,2.086463235720746,5,0.4166666666666667,0.41098673337896524,0.5,0.5833333333333333,0.4701784362110157,0.5344756260988666,0.25,0.0,15.79921965345404,20000039
EDF,-2.611071009007567,3,0.25,0.2734551385291194,0.3333333333333333,0.75,0.3472040553663307,0.5812966066464575,0.3958333333333333,0.0,11.955140369767475,20000040
EDF,6.549082416392536,7,0.5833333333333334,0.5910678503048732,0.5833333333333334,0.41666666666666663,0.6013364653593322,0.5322909367761791,0.2708333333333333,0.0,19.380352217242798,20000041
EDF,5.4831862300085055,7,0.5833333333333334,0.5212665863299756,0.5833333333333334,0.41666666666666663,0.5396353011507449,0.5412088243764559,0.22916666666666666,0.0,18.075405992005685,20000042
EDF,7.935487548996505,8,0.6666666666666666,0.6053808103802913,0.6666666666666666,0.33333333333333337,0.5089796297172862,0.4656488733279387,0.08333333333333333,0.0,18.13618909085053,20000043
EDF,1.033224570231505,5,0.4166666666666667,0.3788574609917122,0.4166666666666667,0.5833333333333333,0.42478177633887965,0.5585437106554179,0.3333333333333333,0.0,13.791703470082101,20000044
EDF,0.6891840907002245,5,0.4166666666666667,0.349584382236779,0.4166666666666667,0.5833333333333333,0.3655887956457183,0.567653348205157,0.3541666666666667,0.0,13.265730381333565,20000045
EDF,-1.424763565857983,4,0.3333333333333333,0.3678407924871709,0.3333333333333333,0.6666666666666667,0.3643991425538267,0.6277549705535331,0.4583333333333333,0.0,12.392500689372781,20000046
EDF,10.054499955447618,9,0.75,0.697287197085811,0.75,0.25,0.5504979342821926,0.4292680006248975,0.0625,0.0,20.421499419532072,20000047
EDF,1.5593945476587432,5,0.4166666666666667,0.4064294001126873,0.5,0.5833333333333333,0.40275978510332644,0.5447323680378995,0.20833333333333334,0.0,14.772797133117106,20000048
EDF,3.1912936866474033,6,0.5,0.45169668724591455,0.5,0.5,0.43742515696803713,0.5007436839994961,0.2916666666666667,0.0,14.728438147484788,20000049
EDF,-1.0137262996390337,4,0.3333333333333333,0.3953760375854308,0.3333333333333333,0.6666666666666667,0.3606757772613127,0.5656504816219187,0.4166666666666667,0.0,11.9877492045406,20000050
EDF,4.421717471509432,6,0.5,0.5254779035997292,0.5833333333333334,0.5,0.5329762295371986,0.5540231017308734,0.20833333333333334,0.0,18.495334311491085,20000051
EDF,3.1113793430715173,6,0.5,0.4550556710403909,0.5,0.5,0.47716609610072824,0.5753074153497227,0.3333333333333333,0.0,15.821807752186984,20000052
EDF,0.9372245630406513,5,0.4166666666666667,0.3931878573510057,0.4166666666666667,0.5833333333333333,0.45476079062319846,0.558596162100235,0.375,0.0,14.55588307086877,20000053
EDF,3.851919596420299,6,0.5,0.483906870364904,0.5,0.5,0.519317099627578,0.5181368149852819,0.3125,0.0,17.50044217823655,20000054
EDF,3.1186867988235902,6,0.5,0.4266934555460394,0.5,0.5,0.5187228400044624,0.557990885772104,0.3125,0.0,16.406306587568587,20000055
EDF,5.258842355804422,7,0.5833333333333334,0.44827676090919794,0.5833333333333334,0.41666666666666663,0.5082804978717074,0.4931082208772044,0.25,0.0,16.99614661655143,20000056
EDF,-3.473897588790979,3,0.25,0.295354397797862,0.25,0.75,0.326947878592888,0.6454762437914635,0.5,0.0,10.897168256504697,20000057
EDF,2.8527798441669794,6,0.5,0.4043311939557171,0.5,0.5,0.41227937709963064,0.5052197277248789,0.2916666666666667,0.0,14.192712991925841,20000058
EDF,-1.3802591065541656,4,0.3333333333333333,0.3028018237355075,0.3333333333333333,0.6666666666666667,0.39177122879684756,0.60389916158899,0.4375,0.0,13.066711250613023,20000059
EDF,6.430580842339138,7,0.5833333333333334,0.6037303233351194,0.5833333333333334,0.41666666666666663,0.5752228116635117,0.5261350241809262,0.2916666666666667,0.0,18.732470256800422,20000060
EDF,0.9677516512816084,5,0.4166666666666667,0.3907584638157365,0.4166666666666667,0.5833333333333333,0.3955838661966631,0.594214201028619,0.3958333333333333,0.0,13.884346863899692,20000061
EDF,4.03760487243551,6,0.5,0.43937260349704593,0.5,0.5,0.5936819791821725,0.5654864880437348,0.375,0.0,18.422161913297117,20000062
EDF,-1.0490174412200535,4,0.3333333333333333,0.3235128437651688,0.3333333333333333,0.6666666666666667,0.36740348128986877,0.5588946499046544,0.3541666666666667,0.0,12.513275131324635,20000063
EDF,6.7234375394980175,7,0.5833333333333334,0.5647414981037416,0.6666666666666666,0.41666666666666663,0.5747604780119756,0.4913892526468444,0.22916666666666666,0.0,19.30635632107081,20000064
EDF,-1.7926641924990334,4,0.3333333333333333,0.2678665378271353,0.3333333333333333,0.6666666666666667,0.3802110765855609,0.590464038092529,0.4166666666666667,0.0,12.457410638464644,20000065
EDF,8.699696108830738,8,0.6666666666666666,0.619035167839742,0.6666666666666666,0.33333333333333337,0.6254710385210515,0.526277544919825,0.2916666666666667,0.0,20.094367283148845,20000066
EDF,6.195640157507851,7,0.5833333333333334,0.6153514030825713,0.5833333333333334,0.41666666666666663,0.6139982711825192,0.5729157913710102,0.3125,0.0,19.606624226371437,20000067
EDF,-0.06467385789503788,4,0.3333333333333333,0.3287362744126909,0.4166666666666667,0.6666666666666667,0.42689925956200464,0.5452011163446838,0.3541666666666667,0.0,14.014744745217904,20000068
EDF,12.105229580015997,10,0.8333333333333334,0.7580147344064616,0.8333333333333334,0.16666666666666663,0.6940418538752869,0.5230918313189129,0.16666666666666666,0.0,23.075964666711155,20000069
EDF,4.502613438962385,6,0.5,0.5324435011193004,0.5,0.5,0.5800973819455939,0.5373670591342677,0.3333333333333333,0.0,18.458036167586016,20000070
EDF,-1.645956164101701,4,0.3333333333333333,0.2884164251742807,0.3333333333333333,0.6666666666666667,0.34475779865067163,0.5812101073389787,0.375,0.0,12.180311599823028,20000071
EDF,6.235633137523874,7,0.5833333333333334,0.4764841222816494,0.6666666666666666,0.41666666666666663,0.5045859837762617,0.4298343762237458,0.08333333333333333,0.0,17.506127414614372,20000072
EDF,0.4690133772245193,5,0.4166666666666667,0.32272690793275427,0.4166666666666667,0.5833333333333333,0.40841319695814,0.558712382686114,0.3541666666666667,0.0,13.55026160886867,20000073
EDF,5.304393876745575,7,0.5833333333333334,0.44631332935900836,0.5833333333333334,0.41666666666666663,0.43642990135116305,0.4838401545689288,0.16666666666666666,0.0,16.01469255170984,20000074
EDF,0.1346455869514822,4,0.3333333333333333,0.3551216219570952,0.4166666666666667,0.6666666666666667,0.45137905690915175,0.565478670984504,0.3333333333333333,0.0,15.226696676161362,20000075
EDF,-3.68643211956248,3,0.25,0.29095120086711146,0.25,0.75,0.3087692551677566,0.6392716896125475,0.5,0.0,10.2261584061268,20000076
EDF,10.36003111750944,9,0.75,0.6744876574340876,0.75,0.25,0.6429367205714219,0.4844187532431537,0.20833333333333334,0.0,20.558404969074378,20000077
EDF,4.104449694660548,6,0.5,0.47650243496937794,0.5833333333333334,0.5,0.4415721274047219,0.4762702634548719,0.14583333333333334,0.0,15.944134968740629,20000078
EDF,1.586478517171353,5,0.4166666666666667,0.4686768212580992,0.4166666666666667,0.5833333333333333,0.4173123530007444,0.547593422353407,0.3958333333333333,0.0,14.668386604825418,20000079
EDF,2.085421451941529,5,0.4166666666666667,0.5090067501547868,0.4166666666666667,0.5833333333333333,0.517946729696719,0.6228330321854552,0.4791666666666667,0.0,16.17646238847556,20000080
EDF,-6.296876416983713,2,0.16666666666666666,0.18911420783163227,0.16666666666666666,0.8333333333333334,0.26553350051505165,0.6415303798392064,0.5208333333333334,0.0,8.71865702252248,20000081
EDF,12.621719337197558,10,0.8333333333333334,0.7584094256891747,0.8333333333333334,0.16666666666666663,0.6602890646029376,0.44491579238680073,0.020833333333333332,0.0,23.861832342030592,20000082
EDF,1.2312763553368569,5,0.4166666666666667,0.4408801509253338,0.4166666666666667,0.5833333333333333,0.451249212313017,0.5707867743742855,0.375,0.0,15.616094261455647,20000083
EDF,5.230461434497991,7,0.5833333333333334,0.49022511123822704,0.5833333333333334,0.41666666666666663,0.43744107003571636,0.509208094855964,0.14583333333333334,0.0,16.27831089958897,20000084
EDF,1.2646273459733766,5,0.4166666666666667,0.38393538958882173,0.4166666666666667,0.5833333333333333,0.4534964893280853,0.5750627366304407,0.3541666666666667,0.0,14.635719540832486,20000085
EDF,-1.12715356794944,4,0.3333333333333333,0.3511845822164892,0.3333333333333333,0.6666666666666667,0.42405839931125416,0.6031788685892473,0.4375,0.0,13.119062816984181,20000086
EDF,4.271719825387176,6,0.5,0.5322006419700528,0.5,0.5,0.5285595461929495,0.5348935692190618,0.3125,0.0,17.384560322935535,20000087
EDF,4.614643956125502,6,0.5,0.5347627418807982,0.5,0.5,0.5648232654283406,0.5637125186591567,0.3541666666666667,0.0,18.746731608135402,20000088
EDF,-3.857112626211823,3,0.25,0.2696769499813777,0.25,0.75,0.2750496044167375,0.5642840355844431,0.3958333333333333,0.0,9.423288647237632,20000089
EDF,0.8273859726216295,5,0.4166666666666667,0.41185246612115073,0.4166666666666667,0.5833333333333333,0.3799093935433266,0.5530687779217799,0.25,0.0,13.371593826182878,20000090
EDF,3.019073510030551,6,0.5,0.46739093126915626,0.5,0.5,0.44703295066244514,0.5567847707385077,0.3125,0.0,14.955976269274602,20000091
EDF,3.5406420285541342,6,0.5,0.39245506789042794,0.5,0.5,0.5020188746764148,0.5374651578702277,0.25,0.0,16.15484399796244,20000092
EDF,1.084391057781764,5,0.4166666666666667,0.41437439084878314,0.4166666666666667,0.5833333333333333,0.33672902350526357,0.48178669314209516,0.10416666666666667,0.0,13.095871427554282,20000093
EDF,2.4092953963207107,6,0.5,0.4279480700094597,0.5,0.5,0.3938260333556897,0.5485601606732943,0.2916666666666667,0.0,14.243915451788823,20000094
EDF,1.3366289816193389,5,0.4166666666666667,0.3982146453259235,0.4166666666666667,0.5833333333333333,0.4318747310587587,0.5875261254463495,0.3958333333333333,0.0,13.769701688008912,20000095
EDF,1.6208137320956744,5,0.4166666666666667,0.3933912891384672,0.5,0.5833333333333333,0.47236710117367836,0.5530207612717213,0.3125,0.0,15.890636491519716,20000096
EDF,-3.3355479528747596,3,0.25,0.2801199861933835,0.25,0.75,0.318040635435993,0.5761769194852706,0.3958333333333333,0.0,10.750721480457267,20000097
EDF,3.635403331727889,6,0.5,0.44332269047138023,0.5,0.5,0.5411576760363898,0.5656651082179797,0.3125,0.0,17.155021358050906,20000098
EDF,8.225306667286338,8,0.6666666666666666,0.5097767051704207,0.6666666666666666,0.33333333333333337,0.5968113509217167,0.43145285948744605,0.125,0.0,19.772009714545423,20000099
EDF,4.160425618268299,6,0.5,0.49500969670571,0.5833333333333334,0.5,0.551251431648212,0.5707216114797696,0.3125,0.0,17.460060651278518,20000100
EDF,4.364498321954794,6,0.5,0.42665895146214405,0.5833333333333334,0.5,0.574584861181879,0.5487303600721098,0.3541666666666667,0.0,18.017659305724262,20000101
EDF,7.09938259786861,8,0.6666666666666666,0.5381455491890316,0.6666666666666666,0.33333333333333337,0.4648293092355449,0.48010604196067125,0.020833333333333332,0.0,17.462011934793885,20000102
EDF,-0.8638759451467435,4,0.3333333333333333,0.3869559911708966,0.3333333333333333,0.6666666666666667,0.36735607543853477,0.5577547237279364,0.3958333333333333,0.0,12.403973333302735,20000103
EDF,-1.2643432200943443,4,0.3333333333333333,0.2376568959538857,0.3333333333333333,0.6666666666666667,0.40738981230999993,0.516517281994156,0.3125,0.0,14.700295391878681,20000104
EDF,3.270137302221323,6,0.5,0.5718254748032422,0.5,0.5,0.4882227331674973,0.5726283466449399,0.3958333333333333,0.0,16.01020195414973,20000105
EDF,-0.620787712870497,4,0.3333333333333333,0.418887935670015,0.3333333333333333,0.6666666666666667,0.3627990446450704,0.5835999779173945,0.4375,0.0,12.46244568882694,20000106
EDF,1.0534476346854427,5,0.4166666666666667,0.45692297587756836,0.4166666666666667,0.5833333333333333,0.42951486376090037,0.5684739788856163,0.3958333333333333,0.0,13.777287925878053,20000107
EDF,3.8204239747251276,6,0.5,0.5476606003603357,0.5833333333333334,0.5,0.5064292826780583,0.5571110692122001,0.3958333333333333,0.0,17.006689417501224,20000108
EDF,-0.9456506203628566,4,0.3333333333333333,0.34472629521556103,0.3333333333333333,0.6666666666666667,0.3364510757265409,0.5830523117366767,0.375,0.0,11.76443089068764,20000109
EDF,-0.6881867288270509,4,0.3333333333333333,0.3991747740184693,0.3333333333333333,0.6666666666666667,0.3925577227568015,0.5902332558795557,0.4166666666666667,0.0,13.175154313821954,20000110
EDF,3.9094161876291342,6,0.5,0.5136534163135729,0.5,0.5,0.4575000166942839,0.5233367273955314,0.3125,0.0,15.460632976952526,20000111
EDF,4.480335544041353,6,0.5,0.5186380757466937,0.5,0.5,0.5781015260230994,0.6028165815016441,0.3958333333333333,0.0,18.750706244429598,20000112
EDF,4.007523667336496,6,0.5,0.48352073606940393,0.5833333333333334,0.5,0.4184582841206656,0.4620869825204459,0.0,0.0,16.777109880677724,20000113
EDF,-3.432979851518313,3,0.25,0.28928391889133387,0.25,0.75,0.2861843858930866,0.5820100728810349,0.3541666666666667,0.0,9.953814859456413,20000114
EDF,0.07999668416955719,4,0.3333333333333333,0.32202177433412926,0.5,0.6666666666666667,0.4801714386391582,0.5775070071670366,0.375,0.0,15.519557580192636,20000115
EDF,3.578100683364191,6,0.5,0.5010980101471534,0.5,0.5,0.5082669229984782,0.5312851702319855,0.2708333333333333,0.0,16.8541241084325,20000116
EDF,-0.5045636199947572,4,0.3333333333333333,0.4008077151808889,0.4166666666666667,0.6666666666666667,0.43090165569126926,0.5866137509532089,0.3541666666666667,0.0,14.639164047652493,20000117
EDF,3.449527046506989,6,0.5,0.4457854058913751,0.5,0.5,0.45654936654420064,0.5221288112982214,0.22916666666666666,0.0,15.37401750326385,20000118
EDF,2.461488977940165,5,0.4166666666666667,0.4277701906437842,0.5,0.5833333333333333,0.487038614540758,0.5443437300349964,0.3333333333333333,0.0,16.393344142134808,20000119
EDF,4.168691997094097,6,0.5,0.50788176411267,0.5,0.5,0.562473739804927,0.567715065640259,0.3125,0.0,18.079569947420726,20000120
EDF,-4.188420785639286,3,0.25,0.2131620147211729,0.25,0.75,0.2734450235380456,0.6022898049992472,0.4375,0.0,9.162487741137207,20000121
EDF,-1.1688168425918624,4,0.3333333333333333,0.35161962410080305,0.3333333333333333,0.6666666666666667,0.3321388350202858,0.5528468612671786,0.3541666666666667,0.0,11.740237203521787,20000122
EDF,2.368043615973019,5,0.4166666666666667,0.435980830246255,0.6666666666666666,0.5833333333333333,0.48191202294862734,0.5388481556375729,0.10416666666666667,0.0,17.2759416555387,20000123
EDF,1.537464535416767,5,0.4166666666666667,0.43825828812524126,0.5,0.5833333333333333,0.4692961382351708,0.5581903125343132,0.3333333333333333,0.0,15.41340178582624,20000124
EDF,5.46487787389802,7,0.5833333333333334,0.5439417138558913,0.5833333333333334,0.41666666666666663,0.48972507320555164,0.5100631727471865,0.2916666666666667,0.0,16.4732702941852,20000125
EDF,-1.242566532361924,4,0.3333333333333333,0.35642552218480733,0.3333333333333333,0.6666666666666667,0.3375215071321229,0.5992018678007659,0.4375,0.0,11.889799629798643,20000126
EDF,2.0245275253890918,5,0.4166666666666667,0.47543663991375745,0.4166666666666667,0.5833333333333333,0.4774090760680482,0.5625715644784074,0.375,0.0,16.12366091088395,20000127
EDF,1.1854128913707613,5,0.4166666666666667,0.41432302489955014,0.5,0.5833333333333333,0.3746461761788173,0.5283228072912898,0.0625,0.0,14.874932791760656,20000128
EDF,3.5274022959492775,6,0.5,0.526822372338183,0.5,0.5,0.4442715173731549,0.560907292122506,0.25,0.0,16.070481089866174,20000129
EDF,5.589362276061138,7,0.5833333333333334,0.5159271895956767,0.5833333333333334,0.41666666666666663,0.5343022987293465,0.5207326270022382,0.2708333333333333,0.0,17.269668758084084,20000130
EDF,3.558912062904742,6,0.5,0.4086031442276091,0.5,0.5,0.49736573972837084,0.5325154558145364,0.3541666666666667,0.0,16.588140370767128,20000131
EDF,1.4024418207155587,5,0.4166666666666667,0.3977213883998836,0.4166666666666667,0.5833333333333333,0.40662017856580474,0.5004103821598181,0.25,0.0,13.864835116742602,20000132
EDF,7.854199998913125,8,0.6666666666666666,0.6252038511651697,0.6666666666666666,0.33333333333333337,0.5003770508744921,0.4572240248798251,0.0625,0.0,18.35801637192756,20000133
EDF,0.5692113850616549,5,0.4166666666666667,0.3409979540696006,0.4166666666666667,0.5833333333333333,0.38295627834891693,0.5339744887723076,0.3541666666666667,0.0,13.691440914608572,20000134
EDF,8.96545628553592,8,0.6666666666666666,0.6251787214909135,0.75,0.33333333333333337,0.7154704731422484,0.5672805564957967,0.25,0.0,23.34019125184325,20000135
EDF,5.450658365559434,7,0.5833333333333334,0.48926574913774784,0.5833333333333334,0.41666666666666663,0.5284786404465635,0.5228475737132234,0.2916666666666667,0.0,17.15510987100673,20000136
EDF,7.8424772284658,8,0.6666666666666666,0.5362614586873642,0.6666666666666666,0.33333333333333337,0.5553764613050386,0.47511081523492354,0.1875,0.0,18.6724650602316,20000137
EDF,-4.014836590755618,3,0.25,0.24885570079437133,0.25,0.75,0.29418649862474594,0.605233752516524,0.4375,0.0,9.548546185722962,20000138
EDF,1.0612466055732097,5,0.4166666666666667,0.39433831661366386,0.4166666666666667,0.5833333333333333,0.3501422430521088,0.5012815279897392,0.125,0.0,13.21323192197871,20000139
EDF,-0.304145176211605,4,0.3333333333333333,0.4157649067192968,0.4166666666666667,0.6666666666666667,0.3870409215462765,0.5093111772381504,0.25,0.0,13.64418454223767,20000140
EDF,-0.30860147502888136,4,0.3333333333333333,0.3921079297196312,0.3333333333333333,0.6666666666666667,0.4347364245509175,0.5820639233247702,0.4375,0.0,14.198163455719582,20000141
EDF,-3.655122794004824,3,0.25,0.29088888364354765,0.25,0.75,0.30018385689493027,0.6002866628681366,0.4375,0.0,9.695619804726164,20000142
EDF,-0.31196553297141993,4,0.3333333333333333,0.31851301177468694,0.4166666666666667,0.6666666666666667,0.35877622694124583,0.5345060701541973,0.22916666666666666,0.0,12.842534142429583,20000143
EDF,6.025842099358433,7,0.5833333333333334,0.598843015978493,0.5833333333333334,0.41666666666666663,0.5572909928790515,0.542355716127994,0.3125,0.0,18.653346537350508,20000144
EDF,5.452138673873614,7,0.5833333333333334,0.5355026951474451,0.5833333333333334,0.41666666666666663,0.5141959520539204,0.5361878771210163,0.3125,0.0,17.345736749724804,20000145
EDF,1.460861742289081,5,0.4166666666666667,0.36437754746264384,0.4166666666666667,0.5833333333333333,0.40122678853898047,0.4946467029060851,0.22916666666666666,0.0,13.899978153567323,20000146
EDF,1.0256949263719022,5,0.4166666666666667,0.39605584004635774,0.4166666666666667,0.5833333333333333,0.36754227407138146,0.508373291094704,0.25,0.0,13.649305944854442,20000147
EDF,1.180884835006482,5,0.4166666666666667,0.39594904736178604,0.4166666666666667,0.5833333333333333,0.4017214310242405,0.5464509855054994,0.3125,0.0,14.38654662489869,20000148
EDF,9.232353086389464,8,0.6666666666666666,0.6617323157906522,0.75,0.33333333333333337,0.6990443574743376,0.5546082875418455,0.2916666666666667,0.0,22.443112580240275,20000149
EDF,-3.945484813580254,3,0.25,0.2615738635777991,0.25,0.75,0.2839245891408996,0.5784274824471235,0.4166666666666667,0.0,9.561879578562268,20000150
EDF,3.347443088629916,6,0.5,0.48881625359340775,0.5,0.5,0.4750743857868461,0.5145278695725589,0.2708333333333333,0.0,16.090289798021054,20000151
EDF,-3.353359639796135,3,0.25,0.3050413200838762,0.25,0.75,0.34575443971401265,0.6142623108515014,0.4375,0.0,11.758332626220701,20000152
EDF,1.6873680824444246,5,0.4166666666666667,0.4419542859556526,0.4166666666666667,0.5833333333333333,0.473478728150579,0.5334754017300473,0.3541666666666667,0.0,15.357821051541364,20000153
EDF,8.484870997986762,8,0.6666666666666666,0.6624821144706485,0.6666666666666666,0.33333333333333337,0.6290782037595564,0.52640516355457,0.2708333333333333,0.0,20.358120918666177,20000154
EDF,-1.2850264891536927,4,0.3333333333333333,0.3495535838613373,0.3333333333333333,0.6666666666666667,0.3170587929419972,0.5557558860093904,0.3958333333333333,0.0,10.539612769514273,20000155
EDF,-1.4707489855086835,4,0.3333333333333333,0.3426070159534154,0.3333333333333333,0.6666666666666667,0.3766603506958939,0.610396686521052,0.4375,0.0,11.9785453617154,20000156
EDF,3.1163307865625582,6,0.5,0.4645839011915167,0.5,0.5,0.4672201565318533,0.5615957045152952,0.3958333333333333,0.0,15.663972049902931,20000157
EDF,2.050334126186803,5,0.4166666666666667,0.4302871127178123,0.5,0.5833333333333333,0.48799098950307457,0.5596188079607798,0.3541666666666667,0.0,16.050933595262077,20000158
EDF,-3.4257576761015804,3,0.25,0.30986803096230037,0.25,0.75,0.30569273752818454,0.6173211980360521,0.4791666666666667,0.0,10.66973481638863,20000159
EDF,4.380370490755726,6,0.5,0.4982764478679884,0.5833333333333334,0.5,0.5181439440757748,0.5114698647731779,0.25,0.0,18.28207656737408,20000160
EDF,1.7803450092096085,5,0.4166666666666667,0.4731353079950529,0.5,0.5833333333333333,0.4343399288701491,0.5318985437204122,0.125,0.0,15.432401298123633,20000161
EDF,-1.1966153702107047,4,0.3333333333333333,0.3168043855779764,0.3333333333333333,0.6666666666666667,0.3418566119653028,0.5591321710006649,0.3541666666666667,0.0,11.57069679997529,20000162
EDF,3.5613142743313118,6,0.5,0.4699843578129332,0.5,0.5,0.44200637275980975,0.5146618866717915,0.22916666666666666,0.0,15.993609891281967,20000163
EDF,2.3360282560515646,5,0.4166666666666667,0.4078324902974024,0.5,0.5833333333333333,0.46763655953367733,0.5509602887250011,0.3541666666666667,0.0,16.134650817470504,20000164
EDF,7.608862987558788,8,0.6666666666666666,0.5763099237816818,0.6666666666666666,0.33333333333333337,0.6017788404313169,0.5086408302069371,0.2708333333333333,0.0,18.80209242629814,20000165
EDF,4.132455157796125,6,0.5,0.5000124981837331,0.5833333333333334,0.5,0.5718377832904581,0.5841304688772891,0.3541666666666667,0.0,18.93889878793384,20000166
EDF,5.392769163156132,7,0.5833333333333334,0.535769553812413,0.5833333333333334,0.41666666666666663,0.46715680970064205,0.4825319336055696,0.22916666666666666,0.0,16.630496218751528,20000167
EDF,-3.8257002642765703,3,0.25,0.2237277394237343,0.25,0.75,0.3138555583611504,0.5775586751702982,0.3958333333333333,0.0,10.921984018044736,20000168
EDF,5.583685727239192,7,0.5833333333333334,0.546352132471355,0.5833333333333334,0.41666666666666663,0.5238630776850773,0.5369474618435317,0.3541666666666667,0.0,17.959629187310398,20000169
EDF,-0.7291086834063847,4,0.3333333333333333,0.3701986977888436,0.3333333333333333,0.6666666666666667,0.38051353234026264,0.5660177044375915,0.375,0.0,12.360993451477094,20000170
EDF,7.94609994132206,8,0.6666666666666666,0.6680800463016316,0.6666666666666666,0.33333333333333337,0.5444608213517598,0.520927992373687,0.10416666666666667,0.0,19.767840812864858,20000171
EDF,7.818835149882245,8,0.6666666666666666,0.6824210678031337,0.6666666666666666,0.33333333333333337,0.5783119391011221,0.5537125995287027,0.3125,0.0,19.389499534937947,20000172
EDF,8.293929802161152,8,0.6666666666666666,0.5853555406083368,0.6666666666666666,0.33333333333333337,0.5708043678761543,0.5046582084372383,0.1875,0.0,19.68564027821525,20000173
EDF,8.178036221333173,8,0.6666666666666666,0.6250828283738441,0.6666666666666666,0.33333333333333337,0.5928502355419725,0.529507678653684,0.3333333333333333,0.0,20.27052771019023,20000174
EDF,-0.9327741404274004,4,0.3333333333333333,0.32547055728845614,0.4166666666666667,0.6666666666666667,0.3239165846832744,0.5292680869597348,0.20833333333333334,0.0,11.940142435030479,20000175
EDF,1.3458404554918268,5,0.4166666666666667,0.3372674028308605,0.5,0.5833333333333333,0.43981416323847994,0.5266457402814866,0.3125,0.0,14.182442021765322,20000176
EDF,8.547839249406278,8,0.6666666666666666,0.644339095692721,0.6666666666666666,0.33333333333333337,0.5933478595526595,0.5000083699322249,0.1875,0.0,20.352798397998498,20000177
EDF,6.136997724626845,7,0.5833333333333334,0.5480549649498815,0.5833333333333334,0.41666666666666663,0.5746732597924668,0.539347024056648,0.3333333333333333,0.0,19.668682939259934,20000178
EDF,1.5991769803463276,5,0.4166666666666667,0.4088707184579637,0.4166666666666667,0.5833333333333333,0.479843640477517,0.5444356089273813,0.3333333333333333,0.0,15.555523777103907,20000179
EDF,2.080577236481072,5,0.4166666666666667,0.3784245859600821,0.5,0.5833333333333333,0.4532169982378644,0.5282097685338248,0.2916666666666667,0.0,15.59899994235369,20000180
EDF,-1.04952459186276,4,0.3333333333333333,0.45035968442345187,0.3333333333333333,0.6666666666666667,0.39573761640516364,0.5971022008003543,0.4166666666666667,0.0,12.571479240718539,20000181
EDF,1.4564057636401135,5,0.4166666666666667,0.40608245758343947,0.4166666666666667,0.5833333333333333,0.46869293526452255,0.572274738861764,0.4166666666666667,0.0,16.0499913730884,20000182
EDF,-0.4827516647170811,4,0.3333333333333333,0.30179786064726005,0.4166666666666667,0.6666666666666667,0.3528869817724205,0.5237013179439645,0.14583333333333334,0.0,12.712095467795844,20000183
EDF,-0.9382209056305029,4,0.3333333333333333,0.38865407088348813,0.3333333333333333,0.6666666666666667,0.35054928073105973,0.5532170717968888,0.3125,0.0,12.446478064844623,20000184
EDF,3.7085526958923456,6,0.5,0.5159837255136385,0.5,0.5,0.4677704030910877,0.5375371688635023,0.3125,0.0,15.384868584261246,20000185
EDF,5.654297320216846,7,0.5833333333333334,0.47983321772451304,0.5833333333333334,0.41666666666666663,0.4711654327908586,0.4463172294482729,0.1875,0.0,16.177996131428248,20000186
EDF,-0.9885509696561716,4,0.3333333333333333,0.33963432627887197,0.3333333333333333,0.6666666666666667,0.397422990956155,0.6053172106307653,0.4166666666666667,0.0,13.055431735384778,20000187
EDF,8.511646699189246,8,0.6666666666666666,0.6032567965635902,0.75,0.33333333333333337,0.6205185179843652,0.5311610176714224,0.16666666666666666,0.0,21.116236855410815,20000188
EDF,-1.7451541412729388,4,0.3333333333333333,0.3062738617362002,0.3333333333333333,0.6666666666666667,0.31088679396094093,0.5739756837057501,0.3958333333333333,0.0,11.020738424354185,20000189
EDF,6.254255341376876,7,0.5833333333333334,0.5169600136526119,0.6666666666666666,0.41666666666666663,0.6096098002975853,0.5330158792518097,0.2708333333333333,0.0,18.845100956587917,20000190
EDF,15.519278283768834,12,1.0,1.0,1.0,0.0,0.6551087815017745,0.4044003670860496,0.0,0.0625,22.642499141465983,20000191
EDF,1.9232512778502067,5,0.4166666666666667,0.475148022234256,0.5,0.5833333333333333,0.49808301684164985,0.5900106391729907,0.3958333333333333,0.0,15.563529789052458,20000192
EDF,2.928677652971796,5,0.4166666666666667,0.45645761281511943,0.5,0.5833333333333333,0.5924007666823016,0.5637052866997982,0.4166666666666667,0.0,19.240105105603558,20000193
EDF,1.5718789569959117,5,0.4166666666666667,0.4528922940537069,0.4166666666666667,0.5833333333333333,0.4809264088660974,0.6031716723645126,0.4166666666666667,0.0,15.813240387296918,20000194
EDF,5.842070884234161,7,0.5833333333333334,0.46902024478739396,0.6666666666666666,0.41666666666666663,0.5130489295366468,0.5264999028751062,0.125,0.0,18.1730164799325,20000195
EDF,3.941082115987026,6,0.5,0.4930508950170575,0.5,0.5,0.5445911385984943,0.5427733381306433,0.3125,0.0,17.79611187037066,20000196
EDF,1.4682603269287962,5,0.4166666666666667,0.4059199135897737,0.4166666666666667,0.5833333333333333,0.43385021583941236,0.5446730662564896,0.375,0.0,14.644669591349205,20000197
EDF,1.4206315950747754,5,0.4166666666666667,0.42224034142161754,0.4166666666666667,0.5833333333333333,0.4168129224507647,0.532373959859238,0.25,0.0,14.944885789516285,20000198
EDF,-1.720616703824794,4,0.3333333333333333,0.2753865786973725,0.3333333333333333,0.6666666666666667,0.36780591966962417,0.5849606271984228,0.4375,0.0,11.589114544411112,20000199
EDF,3.8908337675084397,6,0.5,0.4998318218804246,0.5,0.5,0.5235278246943261,0.5627464211891321,0.3333333333333333,0.0,16.69145244803595,20000200
EDF,1.1522700636004883,5,0.4166666666666667,0.319486203976639,0.4166666666666667,0.5833333333333333,0.3979025617412098,0.5048805490530398,0.3125,0.0,13.953229048565142,20000201
EDF,-0.8567187240862038,4,0.3333333333333333,0.3384529144266729,0.4166666666666667,0.6666666666666667,0.42425048852486075,0.6042751122213901,0.375,0.0,13.42538320367976,20000202
EDF,1.1786790909204274,5,0.4166666666666667,0.4892216404954235,0.4166666666666667,0.5833333333333333,0.44542979002623473,0.5755749307970522,0.4375,0.0,14.978724883804338,20000203
EDF,2.9095114515330494,6,0.5,0.36053310041315656,0.5,0.5,0.3810471729610824,0.48883620979593423,0.25,0.0,14.027964929944561,20000204
EDF,8.291443141714652,8,0.6666666666666666,0.6787707106531258,0.6666666666666666,0.33333333333333337,0.5593323080353306,0.48819342615072014,0.25,0.0,19.00974089506385,20000205
EDF,-5.73420351714075,2,0.16666666666666666,0.22078657664582896,0.16666666666666666,0.8333333333333334,0.3034417902302455,0.6300739428629184,0.5,0.0,9.984223666938176,20000206
EDF,-1.2684269768820502,4,0.3333333333333333,0.2997925428748298,0.3333333333333333,0.6666666666666667,0.3436426324921473,0.5564143491886796,0.3333333333333333,0.0,11.560021319439642,20000207
EDF,1.9364204554864877,5,0.4166666666666667,0.4356164722208905,0.4166666666666667,0.5833333333333333,0.4626497035897403,0.5398587536944606,0.3333333333333333,0.0,15.600943419199307,20000208
EDF,2.2434736242186766,5,0.4166666666666667,0.3670402709944031,0.5,0.5833333333333333,0.4991916133428243,0.5209586049157248,0.3541666666666667,0.0,15.905533458663927,20000209
EDF,12.844708628977287,10,0.8333333333333334,0.7594177971228545,0.8333333333333334,0.16666666666666663,0.7220720086291168,0.4342530497147374,0.16666666666666666,0.0,23.568627070259144,20000210
EDF,-1.5769496124556257,4,0.3333333333333333,0.3395401890315364,0.3333333333333333,0.6666666666666667,0.3097596240660685,0.5527815422833384,0.3541666666666667,0.0,11.021399781781025,20000211
EDF,1.8000831576973564,5,0.4166666666666667,0.5232432881642274,0.4166666666666667,0.5833333333333333,0.44537574019043485,0.5291914524565399,0.2708333333333333,0.0,15.38488587477702,20000212
EDF,12.36017027831274,10,0.8333333333333334,0.7255036175628686,0.8333333333333334,0.16666666666666663,0.6403210834922398,0.4870018562653986,0.08333333333333333,0.0,22.54009826029238,20000213
EDF,-1.5500964768514738,4,0.3333333333333333,0.2868481091023813,0.3333333333333333,0.6666666666666667,0.3497104112980505,0.5649906733653841,0.3541666666666667,0.0,12.054172967775907,20000214
EDF,6.396144223818535,7,0.5833333333333334,0.5690566997434044,0.5833333333333334,0.41666666666666663,0.6242611770903832,0.584368876191804,0.3541666666666667,0.0,20.283894848485982,20000215
EDF,-1.7674337488421539,4,0.3333333333333333,0.32790952256062333,0.3333333333333333,0.6666666666666667,0.31918913812121374,0.5747399607007826,0.4375,0.0,11.394261815391655,20000216
EDF,12.695823289806382,10,0.8333333333333334,0.7466153244720782,0.8333333333333334,0.16666666666666663,0.7180011736176232,0.46254946529181956,0.08333333333333333,0.0,24.08717857153143,20000217
EDF,2.6451317564909314,6,0.5,0.4298102898052446,0.5,0.5,0.42888218048009646,0.5261492258655255,0.22916666666666666,0.0,15.059966294813572,20000218
EDF,-4.038803903557112,3,0.25,0.27843758244761646,0.25,0.75,0.3177933389142824,0.6158825856806767,0.4583333333333333,0.0,10.276927414502715,20000219
EDF,1.8997620262061552,5,0.4166666666666667,0.396962271889616,0.5,0.5833333333333333,0.37810813895599127,0.4592250662259038,0.10416666666666667,0.0,13.792652522805437,20000220
EDF,10.865476544196609,9,0.75,0.7393744184767675,0.75,0.25,0.6558831518327635,0.4754816706338236,0.20833333333333334,0.0,20.954653633710144,20000221
EDF,7.39988821601692,8,0.6666666666666666,0.5219207567960442,0.6666666666666666,0.33333333333333337,0.5395853434925066,0.49401550527745997,0.16666666666666666,0.0,19.127355481596776,20000222
EDF,5.131041031983658,7,0.5833333333333334,0.49087772032899074,0.5833333333333334,0.41666666666666663,0.5419287347345683,0.5428289854778632,0.2708333333333333,0.0,17.409018258795477,20000223
EDF,-0.39824504065312794,4,0.3333333333333333,0.30124931014543566,0.4166666666666667,0.6666666666666667,0.42481759298049965,0.5387019756828638,0.375,0.0,13.718259763426612,20000224
EDF,3.4780879263839317,6,0.5,0.42976581566415495,0.5833333333333334,0.5,0.5377662865376894,0.5633384631426681,0.3333333333333333,0.0,16.9039239415983,20000225
EDF,4.2545104068488016,6,0.5,0.49362362057763437,0.5,0.5,0.5284650713905973,0.5317262483790114,0.3333333333333333,0.0,17.49884058790916,20000226
EDF,-1.6576913397879443,3,0.25,0.3713034259098195,0.4166666666666667,0.75,0.4600392005346887,0.5751299855860738,0.4375,0.0,15.356797648746802,20000227
EDF,5.537583739928263,7,0.5833333333333334,0.5458094243403838,0.5833333333333334,0.41666666666666663,0.5307169858836751,0.5325468489079221,0.2916666666666667,0.0,17.686540098835454,20000228
EDF,3.700160200276918,5,0.4166666666666667,0.4299185312520539,0.5833333333333334,0.5833333333333333,0.6205465334270662,0.52708103743495,0.2708333333333333,0.0,20.78387718146228,20000229
EDF,6.562274735414416,7,0.5833333333333334,0.47269354173202477,0.6666666666666666,0.41666666666666663,0.5798589824752167,0.4855294627440518,0.22916666666666666,0.0,19.18354667033098,20000230
EDF,3.4001148590015493,6,0.5,0.525081530241603,0.5,0.5,0.5140890462754285,0.58793716466456,0.3541666666666667,0.0,16.530127974098097,20000231
EDF,-3.5453789971573717,3,0.25,0.2617256997112918,0.25,0.75,0.287155587370257,0.5746542646673618,0.3958333333333333,0.0,9.852569222613294,20000232
EDF,3.3808951511276573,6,0.5,0.42279616639644646,0.5,0.5,0.4116059192502484,0.4957362349763072,0.20833333333333334,0.0,15.07220542565116,20000233
EDF,-1.118843373860526,4,0.3333333333333333,0.28190054908099693,0.3333333333333333,0.6666666666666667,0.30633063193509585,0.5032063931354578,0.22916666666666666,0.0,11.27370437305541,20000234
EDF,0.3676956357989525,5,0.4166666666666667,0.3703270987533061,0.4166666666666667,0.5833333333333333,0.3287775718615567,0.5142673647444694,0.25,0.0,12.143677838688443,20000235
EDF,10.725440501625913,9,0.75,0.7268915611215374,0.75,0.25,0.6717174728956795,0.5047974064384295,0.22916666666666666,0.0,22.46397841075441,20000236
EDF,4.352262669721343,6,0.5,0.4555535125379535,0.5,0.5,0.5669016006772774,0.5524576930559161,0.375,0.0,18.243220644383417,20000237
EDF,3.9604852885006987,6,0.5,0.47290669405429053,0.5,0.5,0.5317298684696756,0.5430305840431107,0.3125,0.0,17.18329431090704,20000238
EDF,2.16112184195621,5,0.4166666666666667,0.5005916506569627,0.4166666666666667,0.5833333333333333,0.4998152809687271,0.6063791529481753,0.4375,0.0,16.66097018954556,20000239
EDF,1.2315588267894042,5,0.4166666666666667,0.3948374225788121,0.4166666666666667,0.5833333333333333,0.45339748587508,0.5866419785515833,0.375,0.0,14.196191996997227,20000240
EDF,-3.2530575404860715,3,0.25,0.30860886291167966,0.25,0.75,0.3824457557591769,0.6298762341093846,0.4791666666666667,0.0,11.770100403943106,20000241
EDF,8.152055203244377,8,0.6666666666666666,0.7363790203115372,0.75,0.33333333333333337,0.5822590086926617,0.49525463867958,0.0625,0.0,19.857819411258617,20000242
EDF,-1.1093553964550475,4,0.3333333333333333,0.30272535453359584,0.3333333333333333,0.6666666666666667,0.3678382460088237,0.5611459623321472,0.375,0.0,12.75397720427323,20000243
EDF,4.928048384008031,6,0.5,0.5448430389922366,0.5833333333333334,0.5,0.5789100634416259,0.5254809308917181,0.2916666666666667,0.0,19.65892077286737,20000244
EDF,4.046038139943055,6,0.5,0.5201578077540587,0.5,0.5,0.5013338411822564,0.5478572876807426,0.3541666666666667,0.0,16.82524401558859,20000245
EDF,6.618795184485801,7,0.5833333333333334,0.5860963272628684,0.6666666666666666,0.41666666666666663,0.5935508782338647,0.5287011813687159,0.25,0.0,19.880808582294588,20000246
EDF,1.3366833359119363,5,0.4166666666666667,0.42939996188443424,0.4166666666666667,0.5833333333333333,0.4707543719354528,0.5683755914440677,0.4166666666666667,0.0,14.84320350502271,20000247
EDF,14.985251063269317,11,0.9166666666666666,0.9156848060827795,0.9166666666666666,0.08333333333333337,0.769235605303901,0.46064168116751425,0.0625,0.0,26.020760558733706,20000248
EDF,4.279349940009363,6,0.5,0.4926503380650501,0.5833333333333334,0.5,0.5518926276484176,0.5767841304115766,0.4166666666666667,0.0,18.049980580049134,20000249
EDF,5.665080172440929,7,0.5833333333333334,0.593194920753209,0.5833333333333334,0.41666666666666663,0.523325796637622,0.5396315611741543,0.22916666666666666,0.0,17.951386773388183,20000250
EDF,5.549271347584888,7,0.5833333333333334,0.4478344483533856,0.5833333333333334,0.41666666666666663,0.5332086965174716,0.47833850549317697,0.25,0.0,17.56502525291004,20000251
EDF,6.2248715304127185,7,0.5833333333333334,0.5665351201557793,0.6666666666666666,0.41666666666666663,0.5369646702020875,0.5117981616559514,0.14583333333333334,0.0,18.76275454320894,20000252
EDF,1.712771451651935,5,0.4166666666666667,0.36943166143818407,0.4166666666666667,0.5833333333333333,0.4369598347763301,0.499724151603067,0.22916666666666666,0.0,14.577090857352866,20000253
EDF,-0.27874746694510444,4,0.3333333333333333,0.397007991985038,0.4166666666666667,0.6666666666666667,0.48952657294166535,0.6331479058563058,0.4791666666666667,0.0,14.79116737862791,20000254
EDF,1.6476583116543224,5,0.4166666666666667,0.35833882193714667,0.5,0.5833333333333333,0.4504283750963108,0.5606579755729454,0.2916666666666667,0.0,15.875998108493306,20000255
EDF,1.530998306486516,5,0.4166666666666667,0.3582698521430529,0.4166666666666667,0.5833333333333333,0.47916907659138724,0.5393073512770256,0.3333333333333333,0.0,15.14984507488944,20000256
EDF,0.7926389904867315,5,0.4166666666666667,0.35840040634449766,0.4166666666666667,0.5833333333333333,0.39050076735685674,0.5249023272740665,0.2708333333333333,0.0,13.447855386492162,20000257
EDF,0.3807971826040779,5,0.4166666666666667,0.38294553857379776,0.4166666666666667,0.5833333333333333,0.3548035346429512,0.5622196539328809,0.2916666666666667,0.0,12.156923046015777,20000258
EDF,-1.2764729125645846,4,0.3333333333333333,0.3934747111668443,0.3333333333333333,0.6666666666666667,0.37164160144837166,0.6068892911876703,0.4166666666666667,0.0,12.134112909194423,20000259
EDF,-0.3570489915598505,4,0.3333333333333333,0.3129690886592934,0.4166666666666667,0.6666666666666667,0.43158512105230823,0.5705804362670496,0.3541666666666667,0.0,13.615861583830712,20000260
EDF,-3.0288074086700147,3,0.25,0.32115569375600067,0.25,0.75,0.43356933748041043,0.6734105738748603,0.5625,0.0,12.55276671758228,20000261
EDF,-0.6610335509410667,4,0.3333333333333333,0.3328160647089589,0.4166666666666667,0.6666666666666667,0.4588663663433649,0.6080860046377913,0.4375,0.0,13.942730722671786,20000262
EDF,8.091009209287849,8,0.6666666666666666,0.6705428816842274,0.6666666666666666,0.33333333333333337,0.5021261599055117,0.4494588847723189,0.125,0.0,18.4118447620565,20000263
EDF,-0.8235276179319415,4,0.3333333333333333,0.41305519823991493,0.3333333333333333,0.6666666666666667,0.39357074695280825,0.6152006003166915,0.4166666666666667,0.0,12.54167899096444,20000264
EDF,0.8943840695633449,5,0.4166666666666667,0.40455322529932203,0.4166666666666667,0.5833333333333333,0.3798834402862277,0.4913129723566816,0.22916666666666666,0.0,14.83176861680334,20000265
EDF,9.64623867342322,9,0.75,0.6012676963231065,0.75,0.25,0.6057648915474805,0.473535843829068,0.20833333333333334,0.0,19.0242000411269,20000266
EDF,-5.194581675903028,2,0.16666666666666666,0.19673942749255252,0.25,0.8333333333333334,0.3254172204694312,0.6224992470461839,0.5,0.0,10.535001505638316,20000267
EDF,-3.8719900796546343,3,0.25,0.25366472812440627,0.25,0.75,0.3207103697972691,0.6118807486590151,0.4583333333333333,0.0,10.90241998804414,20000268
EDF,6.774974066901273,7,0.5833333333333334,0.5628199842249796,0.5833333333333334,0.41666666666666663,0.6154141217447381,0.5238618163876071,0.3125,0.0,20.094929532841,20000269
EDF,1.476453125757463,5,0.4166666666666667,0.4469349066451797,0.4166666666666667,0.5833333333333333,0.4148389734572495,0.5265333912466744,0.3333333333333333,0.0,14.758636313491785,20000270
EDF,7.012810072188997,7,0.5833333333333334,0.5901312097669127,0.6666666666666666,0.41666666666666663,0.6024714994372322,0.5107726108010128,0.22916666666666666,0.0,19.672731067717276,20000271
EDF,3.5637785540939886,6,0.5,0.4825296982099085,0.5,0.5,0.41413205130255576,0.47498454921133143,0.08333333333333333,0.0,15.519368730666363,20000272
EDF,10.143067659657026,9,0.75,0.586867309155765,0.75,0.25,0.6431491086633941,0.47067711030835585,0.16666666666666666,0.0,22.165569168871695,20000273
EDF,0.9900060710503547,5,0.4166666666666667,0.39210553663075487,0.4166666666666667,0.5833333333333333,0.4546874969459713,0.5729073148334063,0.3958333333333333,0.0,14.376373250429697,20000274
EDF,1.1125020110994122,5,0.4166666666666667,0.3545614146763618,0.5,0.5833333333333333,0.4403998090702778,0.5435780799898047,0.3541666666666667,0.0,14.127847370169993,20000275
EDF,1.0311371898759343,5,0.4166666666666667,0.334333423395904,0.4166666666666667,0.5833333333333333,0.4045305762233807,0.5230986036536683,0.3125,0.0,13.941343240726795,20000276
EDF,0.43777710835654915,5,0.4166666666666667,0.35571981131138797,0.4166666666666667,0.5833333333333333,0.37272576506016253,0.5741693853207971,0.3958333333333333,0.0,13.129178247519413,20000277
EDF,-3.9208171257033024,3,0.25,0.29506812521986575,0.25,0.75,0.27442499083841615,0.6224971727997746,0.5,0.0,8.916923107766113,20000278
EDF,0.85219104159897,5,0.4166666666666667,0.38093112965684284,0.4166666666666667,0.5833333333333333,0.3647968564576993,0.5305411969059389,0.22916666666666666,0.0,13.966594476949226,20000279
EDF,5.950814923637003,7,0.5833333333333334,0.6674877317589362,0.6666666666666666,0.41666666666666663,0.4909467796656493,0.5037231126191738,0.125,0.0,18.253519046371498,20000280
EDF,1.123006265044247,5,0.4166666666666667,0.49772764794056507,0.4166666666666667,0.5833333333333333,0.41393030721815743,0.581107982405909,0.3125,0.0,14.374490952014897,20000281
EDF,3.6328284576900423,6,0.5,0.4897799749786871,0.5,0.5,0.4919405483728969,0.5649225383867832,0.375,0.0,16.2720244654343,20000282
EDF,6.9963214018654885,8,0.6666666666666666,0.5699052027642557,0.6666666666666666,0.33333333333333337,0.49389922281538157,0.5038521723963932,0.1875,0.0,17.794664321753807,20000283
EDF,-1.0546458776047256,4,0.3333333333333333,0.3502728408140182,0.3333333333333333,0.6666666666666667,0.359036946343316,0.5642968453988325,0.3333333333333333,0.0,12.364636879840734,20000284
EDF,-1.6555260709754407,4,0.3333333333333333,0.3124949280086582,0.3333333333333333,0.6666666666666667,0.26926024119994824,0.5381553455775127,0.3541666666666667,0.0,10.176956071647997,20000285
EDF,-1.1453212180392036,4,0.3333333333333333,0.29356501690314285,0.3333333333333333,0.6666666666666667,0.37671489458593266,0.5825721720472239,0.4166666666666667,0.0,11.697761602774559,20000286
EDF,8.495426372033933,8,0.6666666666666666,0.7347127548875763,0.75,0.33333333333333337,0.5623043769421829,0.48141111478823007,0.16666666666666666,0.0,20.644086825028122,20000287
EDF,2.1316326982206344,5,0.4166666666666667,0.4532589751982898,0.5,0.5833333333333333,0.4551022672151524,0.5145213753435024,0.25,0.0,15.130730335441102,20000288
EDF,5.501480076120181,7,0.5833333333333334,0.5795159259345719,0.5833333333333334,0.41666666666666663,0.4479745119589502,0.4917919013659231,0.1875,0.0,16.572377108526656,20000289
EDF,-1.0140288606030268,4,0.3333333333333333,0.32015816649968126,0.3333333333333333,0.6666666666666667,0.3922607098474629,0.5662483505074921,0.4166666666666667,0.0,13.590133745744003,20000290
EDF,7.8900692053996115,8,0.6666666666666666,0.6866625005960114,0.6666666666666666,0.33333333333333337,0.5557224488185939,0.5135969748658303,0.125,0.0,19.905100141282905,20000291
EDF,-1.5709151477843788,4,0.3333333333333333,0.31641788084315625,0.3333333333333333,0.6666666666666667,0.33852084975047353,0.5839642431086177,0.375,0.0,10.982380393391995,20000292
EDF,0.17423692750686826,5,0.4166666666666667,0.2952551922697472,0.4166666666666667,0.5833333333333333,0.3953065080703578,0.5465341201550572,0.375,0.0,13.363297288577224,20000293
EDF,-0.21136820193976869,4,0.3333333333333333,0.42264213662330885,0.3333333333333333,0.6666666666666667,0.4361575932339636,0.6033214423226152,0.4791666666666667,0.0,14.730689198883564,20000294
EDF,-1.0208261646349102,4,0.3333333333333333,0.3931700982707552,0.3333333333333333,0.6666666666666667,0.34435145262757166,0.5707703965829808,0.3958333333333333,0.0,11.84157611373535,20000295
EDF,4.278516122993655,6,0.5,0.5271326594861834,0.5,0.5,0.5456609518233632,0.5761322794059545,0.3958333333333333,0.0,18.025399655478775,20000296
EDF,4.503161992795189,7,0.5833333333333334,0.46353261854810135,0.5833333333333334,0.41666666666666663,0.4112669657618548,0.5177818124384777,0.20833333333333334,0.0,15.379787318150122,20000297
EDF,-1.6543530397074295,4,0.3333333333333333,0.3052580733071553,0.3333333333333333,0.6666666666666667,0.34607841059602856,0.5765793665236477,0.375,0.0,12.041818662715363,20000298
EDF,2.523408550142548,6,0.5,0.4164040607078489,0.5,0.5,0.4267282066250697,0.5133097184336393,0.2708333333333333,0.0,14.627882134773373,20000299
EDF,2.223365053615158,5,0.4166666666666667,0.48498237587503823,0.4166666666666667,0.5833333333333333,0.5069147092488238,0.5985079646652552,0.4375,0.0,15.90243385075099,20000300
EDF,7.534347833706098,8,0.6666666666666666,0.6470455377911905,0.6666666666666666,0.33333333333333337,0.563846507168687,0.5423199921951646,0.20833333333333334,0.0,19.685719324569266,20000301
EDF,-0.9558375254008742,4,0.3333333333333333,0.31587551592574287,0.3333333333333333,0.6666666666666667,0.3585592289600284,0.5596629909001519,0.375,0.0,12.919335891675718,20000302
EDF,3.5823132376803954,6,0.5,0.5336822293650523,0.5,0.5,0.45318678871511836,0.5368070155154122,0.2708333333333333,0.0,15.387458466152081,20000303
EDF,14.553759968845698,11,0.9166666666666666,0.8918879750027561,0.9166666666666666,0.08333333333333337,0.7002645788568888,0.4595863508102658,0.125,0.0,24.246067312281642,20000304
EDF,10.036253210649626,9,0.75,0.749005610729453,0.75,0.25,0.586482872721497,0.4463924909857669,0.16666666666666666,0.0,20.081285626665036,20000305
EDF,5.3217054414553395,7,0.5833333333333334,0.5599439452162591,0.5833333333333334,0.41666666666666663,0.46631795563131845,0.5029894722882333,0.3125,0.0,17.519813721193557,20000306
EDF,-3.8673362097650053,3,0.25,0.3090816386225436,0.25,0.75,0.3295570054783992,0.6486150992581744,0.5208333333333334,0.0,10.698440221265965,20000307
EDF,1.467851174340732,5,0.4166666666666667,0.38819250724263094,0.4166666666666667,0.5833333333333333,0.5051755204075051,0.5708834843107478,0.3958333333333333,0.0,15.871916769069045,20000308
EDF,2.28654041768453,5,0.4166666666666667,0.4307633512867215,0.5,0.5833333333333333,0.5270073272726853,0.5995309282140967,0.4375,0.0,16.8145285916229,20000309
EDF,7.961911103666191,8,0.6666666666666666,0.6534873038780793,0.75,0.33333333333333337,0.5795365833077649,0.505664612435288,0.125,0.0,20.066096152786198,20000310
EDF,1.1338495198852874,5,0.4166666666666667,0.4610468715026317,0.4166666666666667,0.5833333333333333,0.41230842437215354,0.5694945913348243,0.375,0.0,14.179667404055062,20000311
EDF,-3.4524182016017244,3,0.25,0.33471892538576653,0.25,0.75,0.29224679880515797,0.5973666992618442,0.4375,0.0,10.008180882970214,20000312
EDF,-1.0114922876804615,4,0.3333333333333333,0.35174164440547506,0.3333333333333333,0.6666666666666667,0.43818781469122925,0.6034336193585804,0.4375,0.0,13.511942720890186,20000313
EDF,1.175190253616871,5,0.4166666666666667,0.49927670372034255,0.4166666666666667,0.5833333333333333,0.42455561926781704,0.5980069684521206,0.375,0.0,14.366295368248341,20000314
EDF,-5.406729904315134,2,0.16666666666666666,0.25973852583220114,0.25,0.8333333333333334,0.3280688248660155,0.648606453172199,0.4791666666666667,0.0,10.140620643927706,20000315
EDF,0.949717185413185,5,0.4166666666666667,0.334115746763933,0.4166666666666667,0.5833333333333333,0.453011752870081,0.5830993755495403,0.375,0.0,15.152648153776738,20000316
EDF,6.075168886559652,7,0.5833333333333334,0.561225675038225,0.5833333333333334,0.41666666666666663,0.5499663117052238,0.5139070026241834,0.22916666666666666,0.0,18.932890624539844,20000317
EDF,1.721121533908743,5,0.4166666666666667,0.44055248783326906,0.4166666666666667,0.5833333333333333,0.5105253240961587,0.6008531244394634,0.3958333333333333,0.0,16.018852431548137,20000318
EDF,-0.79624912346266,4,0.3333333333333333,0.34746262313368315,0.3333333333333333,0.6666666666666667,0.41434233096499584,0.5928248014907701,0.4166666666666667,0.0,13.871859455099742,20000319
EDF,-1.4273252479809377,4,0.3333333333333333,0.26671751780461217,0.3333333333333333,0.6666666666666667,0.37090253361256725,0.5674787875284127,0.4166666666666667,0.0,12.873468102459166,20000320
EDF,10.184277060515148,9,0.75,0.6669768879543069,0.75,0.25,0.5864966076764246,0.44007085351924485,0.10416666666666667,0.0,20.823386221221522,20000321
EDF,-0.6986784357757192,4,0.3333333333333333,0.3489996802435937,0.3333333333333333,0.6666666666666667,0.3713086876446133,0.5448377269949374,0.2708333333333333,0.0,12.81792940218462,20000322
EDF,2.1064049892634586,5,0.4166666666666667,0.4176690101182614,0.5,0.5833333333333333,0.48728056141934406,0.546237354316419,0.22916666666666666,0.0,16.542968288471133,20000323
EDF,6.638314472272741,7,0.5833333333333334,0.5805091966233288,0.5833333333333334,0.41666666666666663,0.5784630696337899,0.5117544836901121,0.25,0.0,19.831505975595995,20000324
EDF,6.093726233676625,7,0.5833333333333334,0.5334165468041078,0.6666666666666666,0.41666666666666663,0.5419058264936251,0.5033120565181712,0.1875,0.0,18.86842858784553,20000325
EDF,-0.8700812731417589,4,0.3333333333333333,0.33437304174892335,0.3333333333333333,0.6666666666666667,0.38647665105579915,0.5964327891332385,0.4166666666666667,0.0,13.02725502486168,20000326
EDF,5.63319460894078,7,0.5833333333333334,0.5051528153582551,0.5833333333333334,0.41666666666666663,0.4557189528291128,0.4660364766232769,0.20833333333333334,0.0,16.39901348298668,20000327
EDF,4.18964407579103,6,0.5,0.48914469646645015,0.5833333333333334,0.5,0.5160064819258968,0.5482262222574029,0.3333333333333333,0.0,17.813361482948995,20000328
EDF,-4.095328839882864,3,0.25,0.21906038477730008,0.25,0.75,0.31606392392089994,0.6159869521268205,0.4583333333333333,0.0,10.684522180999778,20000329
EDF,0.14110035042449698,4,0.3333333333333333,0.46469401408843186,0.4166666666666667,0.6666666666666667,0.3971168267790722,0.5501944846617022,0.375,0.0,13.885146270910864,20000330
EDF,8.35234692847509,8,0.6666666666666666,0.6688406839690578,0.75,0.33333333333333337,0.6772617771318208,0.5540781714271522,0.22916666666666666,0.0,21.304680164133806,20000331
EDF,1.572802134166822,5,0.4166666666666667,0.5140724900091304,0.4166666666666667,0.5833333333333333,0.42881531804033113,0.551031865678942,0.2916666666666667,0.0,15.032133114146124,20000332
EDF,-1.9300648085228191,4,0.3333333333333333,0.3193158462658975,0.3333333333333333,0.6666666666666667,0.33249440115383017,0.586303126508596,0.4166666666666667,0.0,11.140906438553756,20000333
EDF,3.5863089312329235,6,0.5,0.4159662523264177,0.5,0.5,0.45444980763035603,0.5097131531023323,0.2916666666666667,0.0,16.401135271872725,20000334
EDF,-0.9787692986382808,4,0.3333333333333333,0.39678357620527155,0.3333333333333333,0.6666666666666667,0.3637827034765086,0.5816657012393174,0.3958333333333333,0.0,12.66441870830703,20000335
EDF,-2.1408828479323483,3,0.25,0.27501434195167046,0.4166666666666667,0.75,0.4846051642138764,0.6281127536269734,0.5,0.0,15.050846514674491,20000336
EDF,5.664153993431009,7,0.5833333333333334,0.5096682389784705,0.5833333333333334,0.41666666666666663,0.5543099994298881,0.5528038089301917,0.3333333333333333,0.0,17.879138269739897,20000337
EDF,8.616868246899777,8,0.6666666666666666,0.6541239757689091,0.6666666666666666,0.33333333333333337,0.6051042973562478,0.48045304051524385,0.22916666666666666,0.0,20.796365889106614,20000338
EDF,5.948584138259998,7,0.5833333333333334,0.5435586073687146,0.5833333333333334,0.41666666666666663,0.5645999330902317,0.5183798772026773,0.25,0.0,17.880048358717612,20000339
EDF,-4.584961432046892,3,0.25,0.19512509596336763,0.25,0.75,0.27774081623442803,0.6199219426958952,0.4166666666666667,0.0,9.639104865333037,20000340
EDF,5.798132662674371,7,0.5833333333333334,0.5711091761525391,0.5833333333333334,0.41666666666666663,0.5493806216683326,0.55181569478412,0.3125,0.0,17.345613036230723,20000341
EDF,7.280352159932894,8,0.6666666666666666,0.5848967372074355,0.6666666666666666,0.33333333333333337,0.5645173064879341,0.5273074346443836,0.16666666666666666,0.0,18.041680365743186,20000342
EDF,5.585436395814506,7,0.5833333333333334,0.45303009274182704,0.5833333333333334,0.41666666666666663,0.44432197430243164,0.47400051228718504,0.1875,0.0,16.54137824342749,20000343
EDF,0.974276776964289,5,0.4166666666666667,0.40266040969086486,0.4166666666666667,0.5833333333333333,0.3453390421284037,0.5305739710137329,0.1875,0.0,12.455532956645028,20000344
EDF,-0.7080618858915904,4,0.3333333333333333,0.34571616812733913,0.3333333333333333,0.6666666666666667,0.41703058467399573,0.5878030429028783,0.4166666666666667,0.0,13.940827536944278,20000345
EDF,-0.5229678519957652,4,0.3333333333333333,0.3272835930106491,0.4166666666666667,0.6666666666666667,0.3764332602629234,0.5465707245351531,0.3333333333333333,0.0,13.089808947386262,20000346
EDF,2.1292427368233917,5,0.4166666666666667,0.43137659684354146,0.5,0.5833333333333333,0.5162271365659666,0.5596087941663054,0.3333333333333333,0.0,17.199614017229834,20000347
EDF,4.521998079085707,6,0.5,0.4212245382526094,0.5833333333333334,0.5,0.5842829577897158,0.5348626537594491,0.3333333333333333,0.0,17.9643152098855,20000348
EDF,12.412655278041406,10,0.8333333333333334,0.8605140733676698,0.8333333333333334,0.16666666666666663,0.7044650035968303,0.4873446424011465,0.020833333333333332,0.0,23.701218825636552,20000349
EDF,-0.5617829926653873,4,0.3333333333333333,0.33413738611408933,0.4166666666666667,0.6666666666666667,0.4469455589458365,0.6036296786703772,0.375,0.0,13.92597582310651,20000350
EDF,1.7716608064006885,5,0.4166666666666667,0.4397885195659936,0.4166666666666667,0.5833333333333333,0.4794978272431365,0.5520683964989602,0.3541666666666667,0.0,15.644589854676157,20000351
EDF,-0.6065040901455467,4,0.3333333333333333,0.39496244237313954,0.4166666666666667,0.6666666666666667,0.38384594203179684,0.5706417235903936,0.3333333333333333,0.0,13.34982871400334,20000352
EDF,-1.0183769475132933,3,0.25,0.2935119809695874,0.5,0.75,0.47708456874803584,0.5450012320309406,0.3333333333333333,0.0,16.043204381220225,20000353
EDF,-1.1444175244532553,4,0.3333333333333333,0.32022918494781205,0.3333333333333333,0.6666666666666667,0.32572003964133134,0.5125467569192418,0.2708333333333333,0.0,11.981617217122766,20000354
EDF,3.2989748339340976,6,0.5,0.5334114354602041,0.5,0.5,0.4876764252027758,0.551726516476747,0.22916666666666666,0.0,16.575970933124193,20000355
EDF,3.380129368841591,6,0.5,0.4507584953219004,0.5,0.5,0.5169239933743847,0.5405109283356221,0.3333333333333333,0.0,16.42511133155793,20000356
EDF,-1.203293396347179,4,0.3333333333333333,0.3764742170658307,0.3333333333333333,0.6666666666666667,0.36275709654811,0.5902953564999313,0.3958333333333333,0.0,12.64728435944567,20000357
EDF,14.086309827100893,11,0.9166666666666666,0.9295829565302051,0.9166666666666666,0.08333333333333337,0.6131737963464,0.4359528750152634,0.0,0.0,23.568837787614882,20000358
EDF,12.70396880009754,10,0.8333333333333334,0.7267707823621701,0.8333333333333334,0.16666666666666663,0.6860157595011155,0.4383515245648,0.125,0.0,22.575659593965593,20000359
EDF,1.0825186123100237,5,0.4166666666666667,0.41047522356603333,0.4166666666666667,0.5833333333333333,0.398480754425878,0.5228276900339147,0.3125,0.0,14.096791091992289,20000360
EDF,0.7691024442596492,4,0.3333333333333333,0.3538400837271441,0.5,0.6666666666666667,0.4733666524198566,0.5177622866431908,0.16666666666666666,0.0,16.172792791745934,20000361
EDF,0.9496586958493596,5,0.4166666666666667,0.39372334003827847,0.4166666666666667,0.5833333333333333,0.43409443730140573,0.5863873913853654,0.3333333333333333,0.0,14.62568492165605,20000362
EDF,-0.602089129863772,4,0.3333333333333333,0.342213104064684,0.4166666666666667,0.6666666666666667,0.39443021385770943,0.5991356728085866,0.3333333333333333,0.0,13.734583078880316,20000363
EDF,0.7514946950290393,5,0.4166666666666667,0.34486509059966797,0.4166666666666667,0.5833333333333333,0.3419408960883203,0.534200703655119,0.3333333333333333,0.0,12.717870148546037,20000364
EDF,-5.730491928984124,2,0.16666666666666666,0.2280113963579546,0.16666666666666666,0.8333333333333334,0.26296915215235367,0.609839820141945,0.4583333333333333,0.0,8.928399730501432,20000365
EDF,2.0768432903966527,5,0.4166666666666667,0.3958792849021715,0.4166666666666667,0.5833333333333333,0.4994459115972088,0.5641738146544543,0.3333333333333333,0.0,16.579245000036337,20000366
EDF,1.6809841624879591,5,0.4166666666666667,0.42055056771840077,0.4166666666666667,0.5833333333333333,0.4749989100936256,0.5240468676676918,0.3333333333333333,0.0,14.514468887279826,20000367
EDF,0.9510210461120217,5,0.4166666666666667,0.4243698912376888,0.4166666666666667,0.5833333333333333,0.384032059799953,0.532276330859988,0.20833333333333334,0.0,13.48284317508701,20000368
EDF,3.6509241945808357,6,0.5,0.4720795174442634,0.5,0.5,0.5046793635928929,0.5974980985999707,0.4375,0.0,16.547778866012198,20000369
EDF,2.368841007210062,6,0.5,0.3880760943203878,0.5,0.5,0.36235662347182734,0.519070708455667,0.2708333333333333,0.0,12.93361130749499,20000370
EDF,-1.2261422364805394,4,0.3333333333333333,0.3266769663071261,0.3333333333333333,0.6666666666666667,0.41295855455256586,0.5917359851335793,0.4375,0.0,13.07398406790539,20000371
EDF,-2.0463981296461524,3,0.25,0.298361637160826,0.4166666666666667,0.75,0.3881735817336221,0.5909037229281343,0.2916666666666667,0.0,13.708363345561121,20000372
EDF,7.493109313796134,8,0.6666666666666666,0.6131220484405392,0.6666666666666666,0.33333333333333337,0.5564861838313497,0.48590878866204545,0.1875,0.0,18.94548973166105,20000373
EDF,-0.5362666713442175,4,0.3333333333333333,0.3366157733065209,0.4166666666666667,0.6666666666666667,0.42989749617612477,0.565429986143099,0.4166666666666667,0.0,14.237063845014838,20000374
EDF,5.629277854602622,6,0.5,0.5313092267385348,0.6666666666666666,0.5,0.6536655501719381,0.5267521371580304,0.2916666666666667,0.0,20.6168446948379,20000375
EDF,2.9253647148886186,6,0.5,0.48338816592496786,0.5,0.5,0.3822970457031452,0.5243370292914926,0.2916666666666667,0.0,14.123030938946602,20000376
EDF,2.418964184314725,6,0.5,0.3393785191248262,0.5,0.5,0.36358950144395646,0.49191693374102147,0.1875,0.0,13.03237771411743,20000377
EDF,3.781008795518897,6,0.5,0.4789184639383491,0.5,0.5,0.4597799101055499,0.5238480818038976,0.2708333333333333,0.0,15.860244975651643,20000378
EDF,1.2930356037897919,5,0.4166666666666667,0.46693593073945017,0.4166666666666667,0.5833333333333333,0.46499107049321386,0.5571635789852061,0.3958333333333333,0.0,14.469850753604225,20000379
EDF,5.350167175700003,7,0.5833333333333334,0.5389119683688057,0.5833333333333334,0.41666666666666663,0.5364013871332406,0.5487060784110239,0.22916666666666666,0.0,17.954631431482767,20000380
EDF,-5.4432557572845335,2,0.16666666666666666,0.23039744435021406,0.16666666666666666,0.8333333333333334,0.3122114782903911,0.6160947547298218,0.4791666666666667,0.0,9.669190339683047,20000381
EDF,13.826540213565387,11,0.9166666666666666,0.8247587964879989,0.9166666666666666,0.08333333333333337,0.6970415252132492,0.4921192203356326,0.041666666666666664,0.0,23.354325103949087,20000382
EDF,1.3018182723131266,5,0.4166666666666667,0.41646762337321935,0.5,0.5833333333333333,0.40788196060725923,0.5597768892768847,0.25,0.0,14.459859106462174,20000383
EDF,2.4680521776017286,5,0.4166666666666667,0.48701431402813283,0.5,0.5833333333333333,0.46610132171247126,0.5353966974791823,0.3125,0.0,16.003060718590913,20000384
EDF,1.4445040654953885,5,0.4166666666666667,0.4009833826995772,0.5,0.5833333333333333,0.395377886369319,0.5094937659715376,0.16666666666666666,0.0,13.563820966631036,20000385
EDF,-2.520215692130007,3,0.25,0.2758642503726284,0.3333333333333333,0.75,0.37657178112796713,0.5724040045299085,0.4375,0.0,12.810036380616367,20000386
EDF,8.710628999549591,8,0.6666666666666666,0.6434889711436459,0.6666666666666666,0.33333333333333337,0.6678304500350051,0.4957590278532138,0.25,0.0,21.81697612899108,20000387
EDF,11.969795510505376,10,0.8333333333333334,0.7580781877798212,0.8333333333333334,0.16666666666666663,0.6681324241043488,0.4747606317094073,0.08333333333333333,0.0,22.204909032752873,20000388
EDF,7.172183712558102,7,0.5833333333333334,0.5872279158724307,0.75,0.41666666666666663,0.6801393625270062,0.5684375004984352,0.2708333333333333,0.0,21.844808240379773,20000389
EDF,6.219237072545095,7,0.5833333333333334,0.5354997542718047,0.5833333333333334,0.41666666666666663,0.599986540513476,0.5170919861343075,0.22916666666666666,0.0,19.49510793795443,20000390
EDF,0.42464764427176327,4,0.3333333333333333,0.4608824605558886,0.5,0.6666666666666667,0.5022993675588996,0.596052556099011,0.3958333333333333,0.0,16.50357316132916,20000391
EDF,10.231623166629262,9,0.75,0.6887282864904639,0.75,0.25,0.5952512395384253,0.4958111046470246,0.16666666666666666,0.0,20.90589910202393,20000392
EDF,-0.8555753158270495,4,0.3333333333333333,0.38245303337004294,0.3333333333333333,0.6666666666666667,0.37691666632143334,0.5952523126398342,0.4375,0.0,12.231514338881357,20000393
EDF,3.6887573171315546,6,0.5,0.41818009159993963,0.5,0.5,0.4738593153698432,0.5561449618117243,0.3333333333333333,0.0,16.236393113193724,20000394
EDF,7.6848317734908775,8,0.6666666666666666,0.5279605577252484,0.6666666666666666,0.33333333333333337,0.6011230172525336,0.5079148234241478,0.25,0.0,19.884965333262688,20000395
EDF,-1.2009093811488416,4,0.3333333333333333,0.39470467648374,0.3333333333333333,0.6666666666666667,0.30088445749506887,0.5466821269201434,0.3541666666666667,0.0,10.528426521020268,20000396
EDF,9.726886152423026,9,0.75,0.6894551506932916,0.75,0.25,0.5675867414695643,0.4729493319562838,0.10416666666666667,0.0,19.43822443714905,20000397
EDF,9.212258505933756,9,0.75,0.7130514639618807,0.75,0.25,0.5343970580311824,0.4967166458018344,0.10416666666666667,0.0,19.117558208350363,20000398
EDF,-2.073302191113947,4,0.3333333333333333,0.3042385303946499,0.3333333333333333,0.6666666666666667,0.3241822259869212,0.5896419908511387,0.375,0.0,11.003679553398811,20000399
EDF,0.9413584317808751,5,0.4166666666666667,0.4357459530663081,0.4166666666666667,0.5833333333333333,0.3921247674437465,0.5337553049806725,0.25,0.0,13.244452320150184,20000400
EDF,0.1236709202400128,4,0.3333333333333333,0.3786177424747659,0.4166666666666667,0.6666666666666667,0.42705202310928075,0.5826784427102442,0.4166666666666667,0.0,14.699757082529473,20000401
EDF,-3.2644780729565084,3,0.25,0.2842842584503796,0.25,0.75,0.29823981986540643,0.6015111188292184,0.4791666666666667,0.0,9.784896484736283,20000402
EDF,3.4734995729071105,6,0.5,0.4236733725202319,0.5,0.5,0.45937370322676974,0.5503247430828115,0.2708333333333333,0.0,15.852401790792673,20000403
EDF,-4.876069257233386,2,0.16666666666666666,0.19840243448167652,0.3333333333333333,0.8333333333333334,0.308703565192621,0.5783664611952297,0.2916666666666667,0.0,10.385097633238766,20000404
EDF,-3.146880505055909,3,0.25,0.2598686706532034,0.25,0.75,0.2734871226902113,0.5488897478104745,0.3333333333333333,0.0,10.318835763846538,20000405
EDF,6.028217848410474,7,0.5833333333333334,0.5545989984316994,0.5833333333333334,0.41666666666666663,0.5810827728409135,0.554978087329578,0.3541666666666667,0.0,18.20575178911722,20000406
EDF,3.7194590698640235,6,0.5,0.49425897948652703,0.5,0.5,0.535806558609664,0.5563527634367468,0.3541666666666667,0.0,17.062408792147284,20000407
EDF,1.7499965527188852,5,0.4166666666666667,0.3590897053691358,0.5833333333333334,0.5833333333333333,0.3926148011979498,0.49183707226045,0.10416666666666667,0.0,15.556094989420407,20000408
EDF,-0.27075957780603066,4,0.3333333333333333,0.350818843947508,0.4166666666666667,0.6666666666666667,0.5123428195718583,0.5943859281152961,0.4583333333333333,0.0,16.058266783045063,20000409
EDF,7.870726995159078,8,0.6666666666666666,0.6469055020827383,0.6666666666666666,0.33333333333333337,0.5344660370170614,0.49700469192799135,0.10416666666666667,0.0,18.591094059093052,20000410
EDF,-0.758448834422931,4,0.3333333333333333,0.3840954151591872,0.3333333333333333,0.6666666666666667,0.37354596585227434,0.5536887725843226,0.3958333333333333,0.0,11.835583439676755,20000411
EDF,-0.7933466970065923,4,0.3333333333333333,0.38358605433170506,0.3333333333333333,0.6666666666666667,0.4079907459204171,0.5955440553623946,0.4166666666666667,0.0,13.209074340481914,20000412
EDF,-1.0840156110819452,4,0.3333333333333333,0.39890507654370905,0.3333333333333333,0.6666666666666667,0.37527997675808944,0.5650106325229259,0.375,0.0,13.030026182008495,20000413
EDF,3.2834599220970704,6,0.5,0.46118093765521334,0.5,0.5,0.45488247174397234,0.5452244203904223,0.3333333333333333,0.0,15.397520621953731,20000414
EDF,5.987609335604855,7,0.5833333333333334,0.6100464350816202,0.5833333333333334,0.41666666666666663,0.5545677243479029,0.5694100664201657,0.3125,0.0,18.23310403742961,20000415
EDF,1.536979359243991,5,0.4166666666666667,0.3921369066440097,0.5,0.5833333333333333,0.4410516951922185,0.5367936677907209,0.22916666666666666,0.0,14.542831046776085,20000416
EDF,3.688915644088093,6,0.5,0.5012181624390462,0.5,0.5,0.47406586013917335,0.5291088914311101,0.2916666666666667,0.0,15.543830947413236,20000417
EDF,6.0524015823478905,7,0.5833333333333334,0.7055249150008058,0.5833333333333334,0.41666666666666663,0.4987274981582083,0.5058230455769605,0.22916666666666666,0.0,17.491327441428425,20000418
EDF,-4.322266989008074,3,0.25,0.225568784044378,0.25,0.75,0.2810991185399753,0.6192547678962372,0.4791666666666667,0.0,8.847504067092851,20000419
EDF,9.886789523513249,9,0.75,0.6463560851814316,0.75,0.25,0.6570849621346371,0.48128956285417424,0.22916666666666666,0.0,21.07169923518175,20000420
EDF,-3.4629007939588243,3,0.25,0.2901023323844606,0.25,0.75,0.3059487511590921,0.6135560369526946,0.5,0.0,10.32590383223658,20000421
EDF,7.608480303509947,8,0.6666666666666666,0.5354674424801596,0.6666666666666666,0.33333333333333337,0.46599325764373023,0.44346050777349316,0.0625,0.0,17.820277623594443,20000422
EDF,9.103011323254645,9,0.75,0.6360579832199457,0.75,0.25,0.5062247427506984,0.4716196394577447,0.08333333333333333,0.0,18.63300172039938,20000423
EDF,0.2958037363633548,4,0.3333333333333333,0.37476090833259806,0.5,0.6666666666666667,0.4348287705948412,0.5453763322300041,0.1875,0.0,14.949357682567555,20000424
EDF,-1.4075035031491494,4,0.3333333333333333,0.29200626216614234,0.3333333333333333,0.6666666666666667,0.3355653159132217,0.5569200140386974,0.3333333333333333,0.0,11.377433804403761,20000425
EDF,5.307247451914136,7,0.5833333333333334,0.45420122155881976,0.5833333333333334,0.41666666666666663,0.561639236922919,0.5238615673663047,0.2708333333333333,0.0,17.66008006565251,20000426
EDF,10.354278559719564,9,0.75,0.6671671072217922,0.75,0.25,0.6116366749003456,0.4818478769163997,0.22916666666666666,0.0,20.659635440373965,20000427
EDF,10.900348985431942,9,0.75,0.693057984916168,0.75,0.25,0.6760419980583232,0.496211810428074,0.1875,0.0,23.547379058340677,20000428
EDF,3.037172163199327,6,0.5,0.5373091343480335,0.5,0.5,0.4926086348300969,0.5598839998623274,0.3125,0.0,15.610534926494697,20000429
EDF,2.3998624623795033,6,0.5,0.38876191157314044,0.5,0.5,0.46302625487552734,0.5262527217958075,0.3333333333333333,0.0,14.848606024311923,20000430
EDF,0.9162499532891457,5,0.4166666666666667,0.39231378912873716,0.4166666666666667,0.5833333333333333,0.3797699913555472,0.5481770080438113,0.3541666666666667,0.0,13.147438766705566,20000431
EDF,6.419290402306487,7,0.5833333333333334,0.5616977721155416,0.6666666666666666,0.41666666666666663,0.6051400271395811,0.5236527561935086,0.16666666666666666,0.0,20.145401243781013,20000432
EDF,-0.5973633510480423,4,0.3333333333333333,0.297774458441008,0.4166666666666667,0.6666666666666667,0.4493560526939582,0.5760739327797889,0.375,0.0,13.807416886206491,20000433
EDF,4.085600937817374,6,0.5,0.5092632555119149,0.5833333333333334,0.5,0.497753397563967,0.5563793285910399,0.3125,0.0,17.132683607208342,20000434
EDF,9.031236489097218,8,0.6666666666666666,0.728477131224268,0.6666666666666666,0.33333333333333337,0.6581228905224233,0.5233675001683076,0.3125,0.0,21.149872603791184,20000435
EDF,12.525297149925782,10,0.8333333333333334,0.8301642378986454,0.8333333333333334,0.16666666666666663,0.6690962814204932,0.501560275958961,0.125,0.0,22.8215341207836,20000436
EDF,1.332024616046442,5,0.4166666666666667,0.44823501196364046,0.4166666666666667,0.5833333333333333,0.49521585999628925,0.5703066677573496,0.3958333333333333,0.0,15.336946323593818,20000437
EDF,-1.9748237941795521,4,0.3333333333333333,0.21903323799561944,0.3333333333333333,0.6666666666666667,0.29277773146310276,0.5231197933249885,0.3125,0.0,10.943965462888915,20000438
EDF,-0.9800116831036412,4,0.3333333333333333,0.30104522301867503,0.3333333333333333,0.6666666666666667,0.3742005034482288,0.5714813645905571,0.3958333333333333,0.0,12.243842467677583,20000439
EDF,8.816394806714719,9,0.75,0.6051829383398557,0.75,0.25,0.5161087552154809,0.45858779536081934,0.041666666666666664,0.0,18.001875273741174,20000440
EDF,-1.9535273159163682,4,0.3333333333333333,0.2762307048708143,0.3333333333333333,0.6666666666666667,0.2762926392247064,0.5813867900015858,0.3333333333333333,0.0,9.776146146644395,20000441
EDF,11.845100319632781,10,0.8333333333333334,0.7337190744667499,0.8333333333333334,0.16666666666666663,0.6240639590596078,0.47498445823588004,0.1875,0.0,21.47010683084801,20000442
EDF,4.388822970511523,6,0.5,0.443109219170377,0.5833333333333334,0.5,0.5969864610958749,0.5606060316473978,0.375,0.0,18.24532252087379,20000443
EDF,1.16161856841007,5,0.4166666666666667,0.3791440073111821,0.4166666666666667,0.5833333333333333,0.4028239505094709,0.5450530748714767,0.3333333333333333,0.0,13.490818902072,20000444
EDF,-1.1072176484517124,4,0.3333333333333333,0.3153313136169823,0.3333333333333333,0.6666666666666667,0.389712314079363,0.5652504154306053,0.4166666666666667,0.0,12.157732205281574,20000445
EDF,2.933662651610108,5,0.4166666666666667,0.38435072868932996,0.5833333333333334,0.5833333333333333,0.5583607631081132,0.515098973754446,0.2916666666666667,0.0,18.421031290104732,20000446
EDF,1.696087285267748,5,0.4166666666666667,0.3888843746312408,0.4166666666666667,0.5833333333333333,0.46948710986386716,0.5848136440700045,0.375,0.0,15.843631263943525,20000447
EDF,4.440362657056424,6,0.5,0.5321219622621474,0.5833333333333334,0.5,0.5770464342818394,0.572446258196051,0.3541666666666667,0.0,19.550061879238577,20000448
EDF,5.540635882381952,7,0.5833333333333334,0.5139305990430153,0.5833333333333334,0.41666666666666663,0.46627355628330314,0.4840649554612451,0.20833333333333334,0.0,16.816755627157526,20000449
EDF,6.272436895713065,7,0.5833333333333334,0.481014903375523,0.6666666666666666,0.41666666666666663,0.6048875662385761,0.5797262389422233,0.25,0.0,19.707409082512424,20000450
EDF,3.381849612481025,6,0.5,0.42331201303202726,0.5,0.5,0.4934438441535942,0.5092198930303682,0.3125,0.0,16.208265585311413,20000451
EDF,6.742570336027956,7,0.5833333333333334,0.5319766505703135,0.5833333333333334,0.41666666666666663,0.62471708773781,0.558710949082117,0.3541666666666667,0.0,20.45568337150141,20000452
EDF,-6.325272030135311,2,0.16666666666666666,0.20995310806147044,0.16666666666666666,0.8333333333333334,0.2371469714647476,0.6633153513453726,0.5416666666666666,0.0,7.62988948620858,20000453
EDF,-3.48829833930235,3,0.25,0.3304775017688371,0.25,0.75,0.32592939102019,0.624747106871772,0.5,0.0,10.575118767787572,20000454
EDF,3.6509684058028142,6,0.5,0.5100856223137241,0.5,0.5,0.4979267839320607,0.5478482589249726,0.2708333333333333,0.0,15.932339726739945,20000455
EDF,5.256529459487245,7,0.5833333333333334,0.5343558880817414,0.5833333333333334,0.41666666666666663,0.5085884711471055,0.5432444778281204,0.25,0.0,16.875561766937068,20000456
EDF,-1.2400933998184098,4,0.3333333333333333,0.29220328834618275,0.3333333333333333,0.6666666666666667,0.33426048437141537,0.5621721803914818,0.375,0.0,11.321750182147246,20000457
EDF,-5.407975994320449,2,0.16666666666666666,0.20639932808269387,0.25,0.8333333333333334,0.34725711799606973,0.6692303550919031,0.5416666666666666,0.0,10.775817975524149,20000458
EDF,10.285674152068077,9,0.75,0.7044890681446524,0.75,0.25,0.6816063546820165,0.5521399713736149,0.2916666666666667,0.0,22.469775321415604,20000459
EDF,10.548680269541512,9,0.75,0.7343466868599648,0.75,0.25,0.60212346543379,0.4684551555217793,0.22916666666666666,0.0,20.63914282117101,20000460
EDF,0.43191846199220163,4,0.3333333333333333,0.3360473107823956,0.5,0.6666666666666667,0.5402176159664503,0.5980667437286639,0.4375,0.0,16.804273714186277,20000461
EDF,8.217595269864407,8,0.6666666666666666,0.6807940787169485,0.6666666666666666,0.33333333333333337,0.6267533518981513,0.544143665360854,0.2708333333333333,0.0,20.82975480863909,20000462
EDF,6.277768650301301,7,0.5833333333333334,0.5039676809942278,0.5833333333333334,0.41666666666666663,0.5650339999950136,0.5066795352896164,0.25,0.0,19.092748154023514,20000463
EDF,-0.09945664439043078,4,0.3333333333333333,0.4349791117660502,0.4166666666666667,0.6666666666666667,0.3784503199997265,0.5574696937759983,0.375,0.0,13.748052814044406,20000464
EDF,3.7010316296953314,6,0.5,0.48369564183734154,0.5,0.5,0.5045142380329469,0.5136000920752113,0.2708333333333333,0.0,16.62226530220334,20000465
EDF,-0.7620702588076238,4,0.3333333333333333,0.35538686770191225,0.3333333333333333,0.6666666666666667,0.34096255096917577,0.5419209075918482,0.3541666666666667,0.0,11.98932766304705,20000466
EDF,6.169091006889061,7,0.5833333333333334,0.537646909276237,0.6666666666666666,0.41666666666666663,0.4926461455733606,0.4402366028200082,0.0625,0.0,17.611083707143482,20000467
EDF,0.6766238920035255,5,0.4166666666666667,0.4458050451462474,0.4166666666666667,0.5833333333333333,0.3722014176371986,0.5659122023839896,0.3125,0.0,13.559110032354855,20000468
EDF,-3.552829864214183,3,0.25,0.2884331858022019,0.25,0.75,0.3202001768714546,0.5909593084104633,0.4166666666666667,0.0,10.901342330133652,20000469
EDF,4.985068655044374,7,0.5833333333333334,0.6008787735277311,0.5833333333333334,0.41666666666666663,0.46905161279671265,0.5354093979507669,0.20833333333333334,0.0,16.408169605811864,20000470
EDF,7.088720321243769,7,0.5833333333333334,0.6151485043940995,0.6666666666666666,0.41666666666666663,0.6357974367136174,0.5387393422694929,0.3333333333333333,0.0,19.73368168434436,20000471
EDF,3.540610028657316,6,0.5,0.44902833144736554,0.5,0.5,0.4644799502969634,0.5232444438222063,0.3333333333333333,0.0,15.946059373134457,20000472
EDF,7.716735237374999,8,0.6666666666666666,0.5877245660651064,0.6666666666666666,0.33333333333333337,0.5718448628739591,0.4986208198860078,0.125,0.0,18.99808021631436,20000473
EDF,4.51290910271574,6,0.5,0.5188225414924715,0.5833333333333334,0.5,0.5184626090314266,0.5433837328174169,0.3125,0.0,17.754257219220285,20000474
EDF,4.5378151550099055,6,0.5,0.509009805333872,0.5833333333333334,0.5,0.5469584879058721,0.5539675964499043,0.3541666666666667,0.0,18.10316362386868,20000475
EDF,1.38709781338245,5,0.4166666666666667,0.42690234429042573,0.5,0.5833333333333333,0.42724783281402745,0.5412594895641544,0.2708333333333333,0.0,14.640052757661127,20000476
EDF,-0.9665435941624616,4,0.3333333333333333,0.3437608498686751,0.3333333333333333,0.6666666666666667,0.4022829783366997,0.5666351679920548,0.3958333333333333,0.0,13.588457761668751,20000477
EDF,4.282197964909589,6,0.5,0.5133534805451442,0.5,0.5,0.5225985313593186,0.5515072082802746,0.3333333333333333,0.0,17.105465059100165,20000478
EDF,1.043670308620928,5,0.4166666666666667,0.38011260492182,0.4166666666666667,0.5833333333333333,0.38045765960463535,0.5418705879180222,0.2708333333333333,0.0,12.882398535902993,20000479
EDF,8.335696151495323,8,0.6666666666666666,0.5390922519191726,0.6666666666666666,0.33333333333333337,0.662167702055037,0.5385069042238613,0.22916666666666666,0.0,21.016678091245694,20000480
EDF,6.402005489428847,7,0.5833333333333334,0.5587265394132058,0.6666666666666666,0.41666666666666663,0.5261324772663588,0.46277858600648125,0.125,0.0,18.544470923961743,20000481
EDF,1.467684674224197,5,0.4166666666666667,0.40662714811148776,0.4166666666666667,0.5833333333333333,0.4307470778140219,0.578887315580099,0.3541666666666667,0.0,14.440119484200745,20000482
EDF,10.480150525351648,9,0.75,0.6863095583142139,0.75,0.25,0.5919759528515433,0.4433652687656939,0.10416666666666667,0.0,20.80835038831304,20000483
EDF,-1.0154666238019445,4,0.3333333333333333,0.35900590065177923,0.3333333333333333,0.6666666666666667,0.35164427011988875,0.5911419830903681,0.3958333333333333,0.0,12.336969752828727,20000484
EDF,0.566551334083663,5,0.4166666666666667,0.36336436499274505,0.4166666666666667,0.5833333333333333,0.3336689583010979,0.5445857817328079,0.20833333333333334,0.0,12.25181537773346,20000485
EDF,3.417475306933168,6,0.5,0.46736035939979753,0.5,0.5,0.4968103658209193,0.544766818545142,0.2916666666666667,0.0,16.824739314761644,20000486
EDF,3.914615630217496,6,0.5,0.4902934675768159,0.5,0.5,0.4967463344427079,0.5283513803264356,0.3125,0.0,16.573615109177638,20000487
EDF,4.841282517475626,6,0.5,0.5281342508775182,0.5833333333333334,0.5,0.5256846792470086,0.5258865142410879,0.2708333333333333,0.0,18.59817258208725,20000488
EDF,3.4866978945815186,6,0.5,0.44499361680447286,0.5,0.5,0.4522724556644547,0.5340099290562974,0.25,0.0,15.068503997037983,20000489
EDF,-1.958590270212499,4,0.3333333333333333,0.32500622595243966,0.3333333333333333,0.6666666666666667,0.343682218718994,0.6100072943769,0.4375,0.0,11.205088120716434,20000490
EDF,1.1284534179780665,5,0.4166666666666667,0.3644653535724186,0.4166666666666667,0.5833333333333333,0.4479468896738246,0.5683761306948212,0.3958333333333333,0.0,16.224157025430767,20000491
EDF,3.81431166456138,6,0.5,0.5667992215608707,0.5,0.5,0.5193370471491334,0.5943458531776117,0.375,0.0,16.686930876183812,20000492
EDF,-3.983753158984332,3,0.25,0.28145930826905396,0.25,0.75,0.2919505607823513,0.6335485108783612,0.4583333333333333,0.0,9.554835801657768,20000493
EDF,5.28803060980256,7,0.5833333333333334,0.5159691976636296,0.5833333333333334,0.41666666666666663,0.5068294366437692,0.5269236792086951,0.16666666666666666,0.0,18.019137546266325,20000494
EDF,-1.753567043171399,4,0.3333333333333333,0.27162571698966714,0.3333333333333333,0.6666666666666667,0.3241484446581696,0.559418612436869,0.3541666666666667,0.0,11.302027175232404,20000495
EDF,12.860128978237322,10,0.8333333333333334,0.7749005052239533,0.8333333333333334,0.16666666666666663,0.7068422932436956,0.45142567714577014,0.16666666666666666,0.0,24.858878636742553,20000496
EDF,4.972703249412708,7,0.5833333333333334,0.4868292631624351,0.5833333333333334,0.41666666666666663,0.44942736705744296,0.5078564536350099,0.20833333333333334,0.0,15.485744910697948,20000497
EDF,1.5231014786980195,5,0.4166666666666667,0.34703661212713455,0.5,0.5833333333333333,0.3944259781512692,0.5114641984996795,0.16666666666666666,0.0,14.075207230971355,20000498
EDF,-1.314996095580391,4,0.3333333333333333,0.3531619769184442,0.3333333333333333,0.6666666666666667,0.339985931995572,0.5784916108000796,0.375,0.0,11.50071073987334,20000499
SPT,9.698395905359023,9,0.75,0.6018244027602682,0.75,0.25,0.6294804664309773,0.5167842262315929,0.20833333333333334,0.0,20.96690135120318,20000000
SPT,6.839516077521829,7,0.5833333333333334,0.4485183439527583,0.75,0.41666666666666663,0.6180188390270179,0.4816131992497969,0.16666666666666666,0.0,20.87444861848222,20000001
SPT,8.698534546645838,8,0.6666666666666666,0.5435791840091532,0.75,0.33333333333333337,0.7112347692369617,0.5143629715573996,0.22916666666666666,0.0,22.74876581947806,20000002
SPT,9.885042758278148,9,0.75,0.6214860929545634,0.75,0.25,0.5234611590190056,0.44008402266683894,0.08333333333333333,0.0,19.243089531471437,20000003
SPT,7.461785677773832,8,0.6666666666666666,0.48628242058236903,0.6666666666666666,0.33333333333333337,0.45507527944538695,0.3957748513098309,0.08333333333333333,0.0,17.762454368141654,20000004
SPT,2.334272944274947,5,0.4166666666666667,0.2925884422133976,0.5833333333333334,0.5833333333333333,0.5308999717671411,0.48875063902535976,0.1875,0.0,18.069224837558533,20000005
SPT,6.042485332815852,7,0.5833333333333334,0.4674437175432769,0.5833333333333334,0.41666666666666663,0.5465004262061824,0.5111823759753286,0.2708333333333333,0.0,17.921290757725394,20000006
SPT,3.3735072331190827,6,0.5,0.32135585289066754,0.5833333333333334,0.5,0.47829304544849355,0.49565525592202747,0.1875,0.0,16.01222763217149,20000007
SPT,-1.463021007712145,4,0.3333333333333333,0.27175037233213845,0.3333333333333333,0.6666666666666667,0.3012269638582716,0.5325993380567652,0.3125,0.0,11.137029363774172,20000008
SPT,4.0419661069026,6,0.5,0.35249258332735145,0.6666666666666666,0.5,0.5202207779834368,0.4959367218037068,0.22916666666666666,0.0,17.83591929138921,20000009
SPT,5.866154738489794,7,0.5833333333333334,0.4299865229985015,0.5833333333333334,0.41666666666666663,0.4960560883416317,0.4519687346049663,0.14583333333333334,0.0,17.050059061229206,20000010
SPT,8.876564594599985,8,0.6666666666666666,0.5608761296554909,0.8333333333333334,0.33333333333333337,0.6219602344821108,0.44794760620845236,0.08333333333333333,0.0,21.458343498419726,20000011
SPT,8.083582584566697,8,0.6666666666666666,0.45925979800858796,0.75,0.33333333333333337,0.6132421272777889,0.45731423728604215,0.1875,0.0,20.299990566316,20000012
SPT,6.212957196701673,7,0.5833333333333334,0.4901908242684329,0.6666666666666666,0.41666666666666663,0.4980520688248314,0.4771626814396515,0.08333333333333333,0.0,18.362283431834477,20000013
SPT,3.7174296997162495,6,0.5,0.37584189195480205,0.5833333333333334,0.5,0.48942022863655693,0.49039387290613545,0.125,0.0,16.71194625142681,20000014
SPT,12.880786233054303,10,0.8333333333333334,0.7389424274111321,0.8333333333333334,0.16666666666666663,0.7122624209742877,0.5081801021948696,0.25,0.0,23.35113898362118,20000015
SPT,3.835796975502741,6,0.5,0.3598806058763358,0.6666666666666666,0.5,0.4635760850914195,0.471215455561544,0.10416666666666667,0.0,16.73405994971152,20000016
SPT,7.22506389015531,8,0.6666666666666666,0.5638217378640892,0.6666666666666666,0.33333333333333337,0.49110478262961443,0.49315532690464653,0.041666666666666664,0.0,18.453500912698416,20000017
SPT,3.918569838027164,6,0.5,0.45108056153070897,0.5,0.5,0.5392035977510646,0.5801563727897189,0.3958333333333333,0.0,17.234038529719207,20000018
SPT,12.847677239595845,10,0.8333333333333334,0.7303747128313246,0.8333333333333334,0.16666666666666663,0.7058945424325614,0.4579971018090118,0.16666666666666666,0.0,23.78147306089781,20000019
SPT,6.225316962645667,7,0.5833333333333334,0.4171760025102818,0.6666666666666666,0.41666666666666663,0.564319263172548,0.4644050283083194,0.16666666666666666,0.0,18.964946405141056,20000020
SPT,10.712029970269217,9,0.75,0.64440025454073,0.8333333333333334,0.25,0.5930853018043108,0.4014019349935462,0.0,0.0,21.156337377048242,20000021
SPT,0.873291343900565,5,0.4166666666666667,0.3268132296972518,0.4166666666666667,0.5833333333333333,0.3282200529493693,0.4623189410416075,0.1875,0.0,12.934872713916047,20000022
SPT,5.696268917673452,7,0.5833333333333334,0.4601539343612127,0.5833333333333334,0.41666666666666663,0.5433102739454395,0.5015042705496418,0.20833333333333334,0.0,17.862581319618457,20000023
SPT,11.34162886374171,9,0.75,0.6561813250393703,0.8333333333333334,0.25,0.705151049557878,0.4645299855733538,0.16666666666666666,0.0,23.314121464242966,20000024
SPT,1.6195514038652457,5,0.4166666666666667,0.3750126995070118,0.5,0.5833333333333333,0.4414430214822664,0.5590335215625833,0.2708333333333333,0.0,14.810898273338239,20000025
SPT,9.575403767961388,9,0.75,0.6010975489531183,0.75,0.25,0.5963541020671692,0.4736758692744605,0.08333333333333333,0.0,20.074705290896414,20000026
SPT,7.377536026295813,8,0.6666666666666666,0.49848385916764604,0.6666666666666666,0.33333333333333337,0.5110386779821322,0.4548813758308452,0.08333333333333333,0.0,17.83029291018907,20000027
SPT,6.062678357955375,7,0.5833333333333334,0.4581989024656305,0.6666666666666666,0.41666666666666663,0.5498718907795933,0.4492203702817698,0.10416666666666667,0.0,18.76251857613695,20000028
SPT,7.282043265562898,8,0.6666666666666666,0.45191212944841064,0.6666666666666666,0.33333333333333337,0.490860335557681,0.4039137024323751,0.0625,0.0,17.676849250462755,20000029
SPT,-1.0839908846435622,4,0.3333333333333333,0.2772785387778201,0.3333333333333333,0.6666666666666667,0.3089120862058447,0.5329386369350301,0.3125,0.0,10.840207355465727,20000030
SPT,6.1213114630542265,7,0.5833333333333334,0.4876997090080693,0.5833333333333334,0.41666666666666663,0.5315343769356132,0.4826736533129428,0.1875,0.0,17.615943670483635,20000031
SPT,5.986481929780021,7,0.5833333333333334,0.43423997102097245,0.6666666666666666,0.41666666666666663,0.5845145690403845,0.4991746986531191,0.22916666666666666,0.0,19.17599141994354,20000032
SPT,5.996810711964364,7,0.5833333333333334,0.42794062817535744,0.6666666666666666,0.41666666666666663,0.5778164931070632,0.5190681842209052,0.2916666666666667,0.0,18.354618323334503,20000033
SPT,7.6834383451275325,8,0.6666666666666666,0.5018888747589305,0.6666666666666666,0.33333333333333337,0.49218867791975285,0.44588322243208695,0.16666666666666666,0.0,17.76761037307497,20000034
SPT,7.516036144687462,8,0.6666666666666666,0.5204916881295139,0.6666666666666666,0.33333333333333337,0.5360951304511109,0.4951053421104583,0.22916666666666666,0.0,18.679649911568337,20000035
SPT,11.881428633348644,10,0.8333333333333334,0.6743699580680451,0.8333333333333334,0.16666666666666663,0.5885564465335749,0.3756497114503084,0.0625,0.0,21.209471925396574,20000036
SPT,8.25636244469559,8,0.6666666666666666,0.5680891989410942,0.6666666666666666,0.33333333333333337,0.596310345223435,0.5262471923516235,0.25,0.0,19.624421332170947,20000037
SPT,9.96050357685327,9,0.75,0.6162550224034812,0.75,0.25,0.5676764300029548,0.45509887442214064,0.08333333333333333,0.0,20.35415460293243,20000038
SPT,6.125187529941675,7,0.5833333333333334,0.48401919888710526,0.5833333333333334,0.41666666666666663,0.5359748432841284,0.47561572856551965,0.14583333333333334,0.0,17.934436036686968,20000039
SPT,3.9606936697623185,6,0.5,0.4100535567076007,0.5,0.5,0.4565224476840218,0.4957912263798216,0.20833333333333334,0.0,15.680540776483229,20000040
SPT,10.81983865301717,9,0.75,0.6080376190668283,0.75,0.25,0.6836849357383539,0.45387281430198395,0.1875,0.0,22.852824596057086,20000041
SPT,8.128072749437566,8,0.6666666666666666,0.4902329077329876,0.75,0.33333333333333337,0.6053358111092634,0.47732936596145276,0.16666666666666666,0.0,20.631963405139363,20000042
SPT,7.943592554063098,8,0.6666666666666666,0.5568272014885948,0.6666666666666666,0.33333333333333337,0.52716453672917,0.44079130344330814,0.020833333333333332,0.0,18.71589676349596,20000043
SPT,2.1980211616876475,5,0.4166666666666667,0.31717491083002725,0.5833333333333334,0.5833333333333333,0.4961445711872036,0.5083242322307658,0.22916666666666666,0.0,16.21711968783525,20000044
SPT,3.20198415986954,6,0.5,0.3830191401836617,0.5,0.5,0.4096361209651063,0.512907596385726,0.22916666666666666,0.0,14.753116655128386,20000045
SPT,2.793323838192999,6,0.5,0.36507702417126947,0.5,0.5,0.4501148359808476,0.5414961351054253,0.2708333333333333,0.0,15.707518065526529,20000046
SPT,12.230867254146848,10,0.8333333333333334,0.689469139428535,0.8333333333333334,0.16666666666666663,0.5971067842918653,0.3774071498596617,0.0625,0.0,20.594310671968955,20000047
SPT,5.169693288211523,7,0.5833333333333334,0.4630711032812445,0.5833333333333334,0.41666666666666663,0.4394947814663588,0.5043471290812537,0.20833333333333334,0.0,16.12921258542039,20000048
SPT,9.959739835184322,9,0.75,0.6154782980950892,0.75,0.25,0.5415650538667317,0.42600454756048595,0.0625,0.0,19.008757366486712,20000049
SPT,10.137769947312375,9,0.75,0.5997988631372276,0.75,0.25,0.545175698089297,0.42215896519430424,0.125,0.0,19.184131655872676,20000050
SPT,7.936948624016021,8,0.6666666666666666,0.5331911874683997,0.6666666666666666,0.33333333333333337,0.5810189669951792,0.49729380611783713,0.20833333333333334,0.0,20.156429682604905,20000051
SPT,4.312928259476002,6,0.5,0.37874749221425474,0.6666666666666666,0.5,0.5611154101948931,0.5198560125606524,0.22916666666666666,0.0,18.808929367816653,20000052
SPT,8.250576907059717,8,0.6666666666666666,0.5249647616205179,0.75,0.33333333333333337,0.5870555616768197,0.4664705845310298,0.125,0.0,20.40733487550082,20000053
SPT,10.174527860786268,9,0.75,0.6144546027491897,0.75,0.25,0.6025391459167687,0.46356531666249584,0.125,0.0,21.579779895666732,20000054
SPT,6.593283347922829,7,0.5833333333333334,0.41459790825273696,0.75,0.41666666666666663,0.6172881453164416,0.4797551230403907,0.1875,0.0,20.063769007994562,20000055
SPT,8.178670958470367,8,0.6666666666666666,0.5060396671148923,0.75,0.33333333333333337,0.557912000909778,0.4575739887445868,0.14583333333333334,0.0,19.75362179165518,20000056
SPT,1.2555524881402937,5,0.4166666666666667,0.3183075093371349,0.4166666666666667,0.5833333333333333,0.4375656676783093,0.5421132472656155,0.3333333333333333,0.0,14.756364706100554,20000057
SPT,7.477430481638201,8,0.6666666666666666,0.502770912203083,0.6666666666666666,0.33333333333333337,0.4794364248178054,0.4386451462575387,0.125,0.0,17.40210776717978,20000058
SPT,5.87979160225257,7,0.5833333333333334,0.47992467866798943,0.5833333333333334,0.41666666666666663,0.5159152604685936,0.5330301338826863,0.25,0.0,17.149021435735012,20000059
SPT,10.526595936382819,9,0.75,0.6088002805754497,0.75,0.25,0.6596828860583831,0.4578886759931233,0.14583333333333334,0.0,22.418123726215835,20000060
SPT,1.5033249858011066,5,0.4166666666666667,0.2937704977467842,0.5,0.5833333333333333,0.459467848414634,0.5335082157347967,0.2708333333333333,0.0,15.94684862806648,20000061
SPT,8.601984907960437,8,0.6666666666666666,0.5550341192767443,0.6666666666666666,0.33333333333333337,0.6399935532507758,0.5248571715105582,0.2708333333333333,0.0,20.493101159136252,20000062
SPT,5.617870738047851,7,0.5833333333333334,0.4490116384941528,0.5833333333333334,0.41666666666666663,0.4639957053293897,0.4846304212679682,0.16666666666666666,0.0,16.499708378000065,20000063
SPT,11.07604177082125,9,0.75,0.603943946462186,0.8333333333333334,0.25,0.6485316628848726,0.41509198298154965,0.14583333333333334,0.0,22.38902530874632,20000064
SPT,5.098254211067845,7,0.5833333333333334,0.414739488768574,0.5833333333333334,0.41666666666666663,0.4901238200143509,0.5134970847385172,0.20833333333333334,0.0,16.74689808202477,20000065
SPT,9.222106521466053,8,0.6666666666666666,0.5543647206695951,0.75,0.33333333333333337,0.6688531299444417,0.4854210253818784,0.22916666666666666,0.0,22.17341796614977,20000066
SPT,9.03581582530736,8,0.6666666666666666,0.5414671940302918,0.8333333333333334,0.33333333333333337,0.7013363443071611,0.5105349529925628,0.16666666666666666,0.0,23.73097564128682,20000067
SPT,4.466299881007024,6,0.5,0.3935428391239667,0.5833333333333334,0.5,0.5195066426108281,0.48562750812614225,0.1875,0.0,18.39020921644206,20000068
SPT,8.92750022068421,8,0.6666666666666666,0.4917418976229022,0.8333333333333334,0.33333333333333337,0.7357173257782632,0.4719087345679227,0.16666666666666666,0.0,23.46603092686384,20000069
SPT,10.719870688634972,9,0.75,0.6777677982160152,0.75,0.25,0.6408138132325899,0.49906793389357434,0.16666666666666666,0.0,22.03578178477931,20000070
SPT,1.0771495893028615,5,0.4166666666666667,0.3082891861899211,0.5,0.5833333333333333,0.3933345981651599,0.538361349077745,0.2916666666666667,0.0,13.942415442179906,20000071
SPT,4.694528435514416,6,0.5,0.3751222733362928,0.6666666666666666,0.5,0.5168358468373037,0.41284233946470117,0.020833333333333332,0.0,19.027222000519735,20000072
SPT,5.087808571879082,7,0.5833333333333334,0.40420792218498647,0.5833333333333334,0.41666666666666663,0.4882534106689565,0.492397838836365,0.22916666666666666,0.0,16.92051567011397,20000073
SPT,3.805143710157208,6,0.5,0.3732791390494325,0.5833333333333334,0.5,0.45028720964026475,0.4738488205268383,0.125,0.0,15.876896560082477,20000074
SPT,2.0536682423723165,5,0.4166666666666667,0.29953482884114085,0.5,0.5833333333333333,0.5037356988986531,0.5082075181117115,0.2916666666666667,0.0,15.79533366112889,20000075
SPT,3.247026014168321,6,0.5,0.3986866521439332,0.5,0.5,0.42555111579040134,0.539390673546855,0.2708333333333333,0.0,15.325955074441959,20000076
SPT,10.709920353898694,9,0.75,0.6227492790477936,0.8333333333333334,0.25,0.6569208601622406,0.46485267015265036,0.20833333333333334,0.0,22.224111889044575,20000077
SPT,7.840723231690432,8,0.6666666666666666,0.5249526298360363,0.6666666666666666,0.33333333333333337,0.4910937493232,0.42586793542944695,0.041666666666666664,0.0,18.046988639953938,20000078
SPT,6.066614101203287,7,0.5833333333333334,0.40284672994241116,0.6666666666666666,0.41666666666666663,0.5379192336101184,0.4512093313900454,0.14583333333333334,0.0,18.996018084135205,20000079
SPT,8.422436669428022,8,0.6666666666666666,0.5546413241420809,0.6666666666666666,0.33333333333333337,0.6495070970121449,0.535346234300452,0.20833333333333334,0.0,21.442651618774804,20000080
SPT,3.384307318275797,6,0.5,0.38464919423959276,0.5,0.5,0.41099887450399697,0.5017589967676197,0.22916666666666666,0.0,14.439819389811706,20000081
SPT,11.156744002283585,9,0.75,0.6053794308438661,0.8333333333333334,0.25,0.6926918174045612,0.3989626253082903,0.08333333333333333,0.0,23.4029486583347,20000082
SPT,8.184832470560368,8,0.6666666666666666,0.5195404789713137,0.75,0.33333333333333337,0.5718662143934788,0.4730799924301006,0.08333333333333333,0.0,20.189516792818775,20000083
SPT,7.614129086043532,8,0.6666666666666666,0.49773726531267015,0.6666666666666666,0.33333333333333337,0.48778562573720924,0.4479490479118425,0.08333333333333333,0.0,17.079101550665644,20000084
SPT,6.048083107937408,7,0.5833333333333334,0.42573465136693633,0.5833333333333334,0.41666666666666663,0.5730060773686835,0.4842927966086003,0.22916666666666666,0.0,18.658308988154623,20000085
SPT,7.992273695220684,8,0.6666666666666666,0.5419335711647914,0.6666666666666666,0.33333333333333337,0.5825221674292821,0.5061535231518312,0.22916666666666666,0.0,19.5682518067646,20000086
SPT,8.991381245585416,8,0.6666666666666666,0.5362906636339961,0.75,0.33333333333333337,0.6278728767016999,0.45285194286401365,0.16666666666666666,0.0,22.281580266605364,20000087
SPT,8.898984611624439,8,0.6666666666666666,0.5598602234600362,0.6666666666666666,0.33333333333333337,0.6498342607344959,0.49352813230715875,0.20833333333333334,0.0,21.361487523713006,20000088
SPT,3.368066426497484,6,0.5,0.34413159975820573,0.5833333333333334,0.5,0.3868707973505258,0.42659402261498663,0.041666666666666664,0.0,14.5597753952663,20000089
SPT,5.190751283667493,7,0.5833333333333334,0.45529272403595894,0.5833333333333334,0.41666666666666663,0.4569647735125492,0.48048879411857426,0.125,0.0,15.860993069862591,20000090
SPT,5.571187711661715,7,0.5833333333333334,0.43804361615826576,0.6666666666666666,0.41666666666666663,0.5192048300711264,0.5061288495440893,0.20833333333333334,0.0,17.688279279604725,20000091
SPT,5.914292270019157,7,0.5833333333333334,0.45250388420337145,0.5833333333333334,0.41666666666666663,0.507490397768335,0.5016426804752862,0.3125,0.0,16.668475732195272,20000092
SPT,5.523743460070998,7,0.5833333333333334,0.4076236684980079,0.6666666666666666,0.41666666666666663,0.4100030622636471,0.4039101954666546,0.0,0.0,16.162929910152943,20000093
SPT,7.085135865058297,8,0.6666666666666666,0.4991784508472287,0.6666666666666666,0.33333333333333337,0.48682226627839364,0.46878020436689943,0.10416666666666667,0.0,17.096747023441655,20000094
SPT,3.4322390242530343,6,0.5,0.379603859243622,0.5,0.5,0.5013181603414542,0.5436340541617325,0.2708333333333333,0.0,16.091607646132385,20000095
SPT,7.466215337145327,8,0.6666666666666666,0.5020921214023156,0.6666666666666666,0.33333333333333337,0.5564366588213153,0.4884100695556837,0.10416666666666667,0.0,18.852606593064746,20000096
SPT,1.6051645812593915,5,0.4166666666666667,0.29525197549442406,0.5,0.5833333333333333,0.42871672172910436,0.4864414527857086,0.1875,0.0,15.224717232403963,20000097
SPT,6.43876983051136,7,0.5833333333333334,0.47859064677599616,0.6666666666666666,0.41666666666666663,0.5898181517617168,0.5273635071971194,0.2708333333333333,0.0,19.122257627374264,20000098
SPT,7.166433583772981,7,0.5833333333333334,0.4030028486863422,0.75,0.41666666666666663,0.6175052648785998,0.4059213725599715,0.10416666666666667,0.0,20.569714295487177,20000099
SPT,10.227891074028614,9,0.75,0.6318378306697141,0.75,0.25,0.6206696473035243,0.5043636125382903,0.22916666666666666,0.0,20.874174347200814,20000100
SPT,6.555492553325403,7,0.5833333333333334,0.4116897054561909,0.6666666666666666,0.41666666666666663,0.6363353061100104,0.49464430689703615,0.3125,0.0,20.414416787131305,20000101
SPT,7.450073232567623,8,0.6666666666666666,0.47983953332654505,0.6666666666666666,0.33333333333333337,0.4982885744558525,0.4210612851738836,0.10416666666666667,0.0,17.454488398197398,20000102
SPT,8.09996775461251,8,0.6666666666666666,0.5334858933828045,0.6666666666666666,0.33333333333333337,0.5163207539870411,0.4310804938407859,0.10416666666666667,0.0,19.095296800475186,20000103
SPT,4.053987508781013,6,0.5,0.4033833753571723,0.5833333333333334,0.5,0.46095795629834946,0.4737171666937822,0.22916666666666666,0.0,16.879889355341014,20000104
SPT,11.478169521542313,10,0.8333333333333334,0.7015178699506479,0.8333333333333334,0.16666666666666663,0.6086703163125935,0.4837399097404558,0.16666666666666666,0.0,21.043719531224227,20000105
SPT,8.237568480958519,8,0.6666666666666666,0.5470484562796436,0.6666666666666666,0.33333333333333337,0.5190833135284079,0.4672669453343777,0.10416666666666667,0.0,19.241718625729625,20000106
SPT,7.917557766530896,8,0.6666666666666666,0.48491523536495995,0.75,0.33333333333333337,0.579277163668221,0.45905243239337223,0.125,0.0,19.105555529938382,20000107
SPT,9.765101580344203,9,0.75,0.6087704269723471,0.75,0.25,0.6209900210308713,0.4682266154703563,0.125,0.0,20.330094756538884,20000108
SPT,1.3894748958786751,5,0.4166666666666667,0.3407112985773947,0.4166666666666667,0.5833333333333333,0.4006904535038475,0.5244955908362042,0.2916666666666667,0.0,14.407228839559702,20000109
SPT,6.195446209124068,7,0.5833333333333334,0.3923561708466012,0.6666666666666666,0.41666666666666663,0.5504598615344667,0.46453860144744774,0.22916666666666666,0.0,18.294499507990622,20000110
SPT,8.153881997680525,8,0.6666666666666666,0.5391461306701056,0.6666666666666666,0.33333333333333337,0.5408896702066998,0.4547216022679832,0.14583333333333334,0.0,19.47389173417337,20000111
SPT,6.6871866467887395,7,0.5833333333333334,0.5162181299196543,0.5833333333333334,0.41666666666666663,0.6405980775199489,0.5582510155187549,0.3125,0.0,20.263705115945516,20000112
SPT,5.887989894051797,7,0.5833333333333334,0.38547890937126705,0.6666666666666666,0.41666666666666663,0.47153199582333966,0.3910881534794255,0.0625,0.0,17.16507673305364,20000113
SPT,3.2326887573150622,6,0.5,0.39290710150178443,0.5,0.5,0.3836883676798268,0.4902690395719979,0.0625,0.0,14.117314823280973,20000114
SPT,5.890428389939562,7,0.5833333333333334,0.4559140745820772,0.5833333333333334,0.41666666666666663,0.5594588637422108,0.5079630995215257,0.22916666666666666,0.0,18.491768103013698,20000115
SPT,7.9574872589665455,8,0.6666666666666666,0.5556273180552664,0.6666666666666666,0.33333333333333337,0.5887767635803628,0.4645665304213234,0.14583333333333334,0.0,19.412862748433085,20000116
SPT,7.35052085270539,8,0.6666666666666666,0.5311557997913378,0.6666666666666666,0.33333333333333337,0.5333835033655756,0.49901374807294047,0.14583333333333334,0.0,18.65037606630294,20000117
SPT,7.729166707813965,8,0.6666666666666666,0.4976670097110679,0.6666666666666666,0.33333333333333337,0.5222460955724539,0.46133053943683183,0.14583333333333334,0.0,18.046902882115234,20000118
SPT,6.340071039376095,7,0.5833333333333334,0.4672380136858411,0.5833333333333334,0.41666666666666663,0.5564150375961,0.48235541331339,0.20833333333333334,0.0,18.51339693079997,20000119
SPT,6.469026023215621,7,0.5833333333333334,0.4395217907821117,0.6666666666666666,0.41666666666666663,0.619333861148581,0.5059553731157018,0.20833333333333334,0.0,21.213551175447577,20000120
SPT,-1.4475423946498391,4,0.3333333333333333,0.2529966767049299,0.3333333333333333,0.6666666666666667,0.3100804495060205,0.5260190582264944,0.25,0.0,11.395235447155411,20000121
SPT,3.3873797605077396,6,0.5,0.4552111443560567,0.5,0.5,0.3938196316875248,0.4996633154246295,0.1875,0.0,14.89531614098453,20000122
SPT,6.00742248036082,7,0.5833333333333334,0.39778421794801294,0.75,0.41666666666666663,0.5518491377754701,0.4569539233434252,0.10416666666666667,0.0,19.495593474482316,20000123
SPT,9.496125170515572,9,0.75,0.5818047891872653,0.75,0.25,0.585794557058235,0.463370253143478,0.125,0.0,20.111837988732173,20000124
SPT,8.081378337324946,8,0.6666666666666666,0.4955808936130427,0.75,0.33333333333333337,0.5694846859624826,0.4422180525093795,0.14583333333333334,0.0,19.12638234109218,20000125
SPT,3.271401793816838,6,0.5,0.4144562669237452,0.5,0.5,0.41203701591662206,0.5277624878287911,0.20833333333333334,0.0,15.198314877645624,20000126
SPT,6.76530031258059,7,0.5833333333333334,0.46950071682809574,0.6666666666666666,0.41666666666666663,0.5825894542311258,0.47190855190243525,0.1875,0.0,20.400227643306703,20000127
SPT,6.837724629569186,8,0.6666666666666666,0.47532089377908726,0.6666666666666666,0.33333333333333337,0.4410060645065769,0.44561293206009217,0.10416666666666667,0.0,16.12064409307709,20000128
SPT,7.93449396334719,8,0.6666666666666666,0.5576988863426392,0.6666666666666666,0.33333333333333337,0.5280545603783814,0.47930165793275953,0.16666666666666666,0.0,18.02791334011905,20000129
SPT,9.751355455660047,9,0.75,0.6033090990720328,0.75,0.25,0.5885649701307186,0.4889909194595609,0.125,0.0,19.892556630315216,20000130
SPT,6.122137215063199,7,0.5833333333333334,0.47304228490994227,0.5833333333333334,0.41666666666666663,0.5500802453179353,0.5020638123268005,0.2708333333333333,0.0,18.990207738216164,20000131
SPT,4.429276616315828,6,0.5,0.35719617017956334,0.6666666666666666,0.5,0.48045415959961285,0.4356936818890469,0.10416666666666667,0.0,17.563309455469323,20000132
SPT,8.26525554222539,8,0.6666666666666666,0.5316628642605303,0.75,0.33333333333333337,0.5414012445460078,0.41529140912766493,0.0,0.0,18.884556769298314,20000133
SPT,7.793074920091292,8,0.6666666666666666,0.5370908991419924,0.6666666666666666,0.33333333333333337,0.4938277551845389,0.44687325218772606,0.08333333333333333,0.0,18.011548018757537,20000134
SPT,9.443467952030225,8,0.6666666666666666,0.5231331548242332,0.8333333333333334,0.33333333333333337,0.7558549837201355,0.5136928259865692,0.25,0.0,23.902553148309504,20000135
SPT,8.360349301633338,8,0.6666666666666666,0.5179622587634923,0.75,0.33333333333333337,0.6019772605940196,0.47346187255506217,0.14583333333333334,0.0,20.158370493076724,20000136
SPT,7.928142743997355,8,0.6666666666666666,0.54255049657557,0.6666666666666666,0.33333333333333337,0.5572880857425049,0.4717092296305961,0.20833333333333334,0.0,17.97246030192498,20000137
SPT,3.092499528307921,6,0.5,0.367823192329912,0.5,0.5,0.4195751717142864,0.4901152362428087,0.14583333333333334,0.0,15.103984127774797,20000138
SPT,5.006993624182768,7,0.5833333333333334,0.4206163463801997,0.5833333333333334,0.41666666666666663,0.3999993348705894,0.4463872605184216,0.14583333333333334,0.0,15.181354484446166,20000139
SPT,9.828466691726488,9,0.75,0.5820700824771015,0.8333333333333334,0.25,0.516898058823528,0.3980869381732856,0.0,0.0,20.020638087899382,20000140
SPT,5.0994855956814416,6,0.5,0.3951155136731298,0.6666666666666666,0.5,0.5766899280247437,0.4894007169036101,0.16666666666666666,0.0,19.758044343711077,20000141
SPT,-1.0270894775105204,4,0.3333333333333333,0.2250508274423047,0.4166666666666667,0.6666666666666667,0.36835379548021036,0.5122378594815485,0.25,0.0,13.337261552562314,20000142
SPT,1.075551193796659,5,0.4166666666666667,0.30380057814736966,0.4166666666666667,0.5833333333333333,0.3804382291898884,0.5095475782301141,0.25,0.0,13.532213251564368,20000143
SPT,10.418397969546728,9,0.75,0.6557638311510289,0.75,0.25,0.6380425016020256,0.47784720502829153,0.16666666666666666,0.0,21.646239902039824,20000144
SPT,6.490913961427563,7,0.5833333333333334,0.42495230139892864,0.75,0.41666666666666663,0.5957610662953668,0.476054146370515,0.16666666666666666,0.0,20.287973523919835,20000145
SPT,4.257987461161774,6,0.5,0.39458109409453207,0.5833333333333334,0.5,0.451677877266184,0.45005407826902194,0.125,0.0,16.232998266699163,20000146
SPT,7.4736472148080635,8,0.6666666666666666,0.4806027543664048,0.6666666666666666,0.33333333333333337,0.4693406556738415,0.4151073493948049,0.08333333333333333,0.0,16.7353039582156,20000147
SPT,5.85618805887735,7,0.5833333333333334,0.49218671935319747,0.5833333333333334,0.41666666666666663,0.4778478428079304,0.4859216690567895,0.16666666666666666,0.0,16.92820631265887,20000148
SPT,8.940830790635365,8,0.6666666666666666,0.5245171277167621,0.75,0.33333333333333337,0.7088704886788854,0.4928845220268414,0.22916666666666666,0.0,22.75048642353514,20000149
SPT,5.719873228890027,7,0.5833333333333334,0.4287845146410583,0.6666666666666666,0.41666666666666663,0.44214387465945576,0.43407114425375903,0.08333333333333333,0.0,16.774864935740297,20000150
SPT,7.962946256706601,8,0.6666666666666666,0.5099611516378894,0.75,0.33333333333333337,0.5634773889278741,0.44764761562644767,0.08333333333333333,0.0,20.685620694098176,20000151
SPT,3.420485883808848,6,0.5,0.41949815709655336,0.5,0.5,0.4486180710898829,0.5220117734337951,0.2916666666666667,0.0,15.628290409550088,20000152
SPT,4.153677630465456,6,0.5,0.4459226543882845,0.5833333333333334,0.5,0.5192622532767652,0.5057373433241908,0.3333333333333333,0.0,18.263372591251642,20000153
SPT,8.850961541515218,8,0.6666666666666666,0.5600787000709778,0.75,0.33333333333333337,0.6781365758327803,0.48323312004578617,0.1875,0.0,22.03682888655645,20000154
SPT,5.924848908205055,7,0.5833333333333334,0.46320328939441985,0.5833333333333334,0.41666666666666663,0.4502372616957029,0.42569528873526413,0.020833333333333332,0.0,16.83701367217493,20000155
SPT,5.3897328787279015,7,0.5833333333333334,0.462936396985404,0.5833333333333334,0.41666666666666663,0.5080964869620364,0.5246606347301755,0.20833333333333334,0.0,17.635307247059554,20000156
SPT,7.667238018464391,8,0.6666666666666666,0.4888921717756274,0.6666666666666666,0.33333333333333337,0.5895388638915485,0.47899734068522354,0.22916666666666666,0.0,19.649565231770723,20000157
SPT,8.189826465680463,8,0.6666666666666666,0.537217821588921,0.6666666666666666,0.33333333333333337,0.5726620953645464,0.4790040642956579,0.20833333333333334,0.0,19.11234209907568,20000158
SPT,3.3943128682082016,6,0.5,0.33790120352350206,0.5,0.5,0.45940931358899745,0.47637774784388015,0.25,0.0,15.689282351664964,20000159
SPT,6.382958606181667,7,0.5833333333333334,0.3815027243115575,0.75,0.41666666666666663,0.5770698497988986,0.4524900567657279,0.16666666666666666,0.0,19.784511612411993,20000160
SPT,9.95749814010493,9,0.75,0.5745665090385498,0.75,0.25,0.5558491711602374,0.3962317797430857,0.020833333333333332,0.0,19.050052797486806,20000161
SPT,3.1656477632100852,6,0.5,0.3817871885236635,0.5,0.5,0.4113579768866244,0.5060410450845848,0.22916666666666666,0.0,14.267089593526556,20000162
SPT,7.832221127338643,8,0.6666666666666666,0.5413968159552247,0.6666666666666666,0.33333333333333337,0.5035706265251285,0.46656262754308137,0.08333333333333333,0.0,18.19666819763658,20000163
SPT,6.15754656856919,7,0.5833333333333334,0.4754082259060818,0.5833333333333334,0.41666666666666663,0.5104606627969576,0.5072398971225197,0.2916666666666667,0.0,17.609033806466936,20000164
SPT,9.807964668675785,9,0.75,0.6101197733165016,0.75,0.25,0.6442429044562092,0.47906957697907293,0.1875,0.0,21.037000755900486,20000165
SPT,8.579528753732205,8,0.6666666666666666,0.5733261387752155,0.75,0.33333333333333337,0.6538071259008235,0.5251406968223118,0.20833333333333334,0.0,21.24700349740444,20000166
SPT,9.859641400809034,9,0.75,0.586631542442043,0.75,0.25,0.5522914569921843,0.4047622932742195,0.08333333333333333,0.0,20.528175811422578,20000167
SPT,-0.9909255294123737,4,0.3333333333333333,0.23535204455843564,0.4166666666666667,0.6666666666666667,0.3638377807230704,0.5222074039099099,0.3333333333333333,0.0,13.236413596026438,20000168
SPT,10.091178212945682,9,0.75,0.6030741194638038,0.75,0.25,0.6187298780462016,0.4676219506042405,0.22916666666666666,0.0,19.86181319899625,20000169
SPT,4.145048716761154,6,0.5,0.34843063584101874,0.5833333333333334,0.5,0.5080144395384973,0.4597934021050025,0.16666666666666666,0.0,16.920769406948903,20000170
SPT,9.980191414812607,9,0.75,0.6143360353394014,0.75,0.25,0.5783378225200049,0.4459175675865292,0.10416666666666667,0.0,21.235237074068756,20000171
SPT,8.162738711417347,8,0.6666666666666666,0.5818586450819122,0.75,0.33333333333333337,0.620211879661831,0.5161961703629957,0.20833333333333334,0.0,20.946394842728353,20000172
SPT,10.578666230453143,9,0.75,0.6157293323045168,0.75,0.25,0.6053376228306967,0.46395758100715306,0.14583333333333334,0.0,20.968568644892954,20000173
SPT,10.560240807601117,9,0.75,0.6408015851114838,0.75,0.25,0.6490661309610927,0.47728581494572775,0.1875,0.0,22.077817300104076,20000174
SPT,3.1795306832418793,6,0.5,0.34225766407888053,0.5833333333333334,0.5,0.39065874725616584,0.4611089731297237,0.125,0.0,14.605364908266795,20000175
SPT,7.639473466345676,8,0.6666666666666666,0.5000556585550514,0.6666666666666666,0.33333333333333337,0.5340876904761981,0.45461035478496675,0.14583333333333334,0.0,18.8421940163608,20000176
SPT,10.638663830056728,9,0.75,0.6474880699559009,0.75,0.25,0.6328539307810833,0.46050794804129386,0.10416666666666667,0.0,21.736607607097945,20000177
SPT,10.72993417764367,9,0.75,0.65093338565582,0.75,0.25,0.6538117608556382,0.4923010170952326,0.20833333333333334,0.0,22.497992766796738,20000178
SPT,6.686854841110113,7,0.5833333333333334,0.44133267134416526,0.6666666666666666,0.41666666666666663,0.5919395042268886,0.45214972894767574,0.1875,0.0,19.886326834943883,20000179
SPT,2.093156554142716,5,0.4166666666666667,0.34983123599079546,0.5,0.5833333333333333,0.4684803658667973,0.5123308454480466,0.2916666666666667,0.0,15.889169279384054,20000180
SPT,10.125889639693591,9,0.75,0.554694581043458,0.8333333333333334,0.25,0.6126438973939693,0.43611015217059074,0.10416666666666667,0.0,21.724404333326653,20000181
SPT,6.099300875125218,7,0.5833333333333334,0.526035649146759,0.5833333333333334,0.41666666666666663,0.5310695614196308,0.5308077968698407,0.3125,0.0,18.04410955393534,20000182
SPT,1.2622239414813614,5,0.4166666666666667,0.2547030773943752,0.5,0.5833333333333333,0.3727503685202485,0.4765063204093584,0.22916666666666666,0.0,13.356237479611277,20000183
SPT,4.94442242133057,7,0.5833333333333334,0.3932698050322462,0.5833333333333334,0.41666666666666663,0.4480735576205827,0.46128170708035326,0.14583333333333334,0.0,15.717610852218943,20000184
SPT,10.05894863192449,9,0.75,0.5987364907525622,0.75,0.25,0.5754395637077935,0.4591586180141977,0.14583333333333334,0.0,19.913235413273995,20000185
SPT,6.819591351725713,7,0.5833333333333334,0.4058142838745782,0.75,0.41666666666666663,0.5377333404139651,0.39076758393552646,0.0625,0.0,19.219355960142856,20000186
SPT,3.7397164490616066,6,0.5,0.38661186259073443,0.5,0.5,0.5049275790120007,0.521039367950325,0.2916666666666667,0.0,17.251790827271464,20000187
SPT,10.234673673011402,9,0.75,0.6322397577430893,0.75,0.25,0.6412459477555557,0.5028008280674341,0.16666666666666666,0.0,21.769996780943337,20000188
SPT,3.669762769731914,6,0.5,0.3447300498789262,0.5833333333333334,0.5,0.42542784483768115,0.45275152066529717,0.14583333333333334,0.0,15.368758535470567,20000189
SPT,8.118462791204221,8,0.6666666666666666,0.5366519573707776,0.75,0.33333333333333337,0.6288480702345779,0.5186453529020408,0.25,0.0,20.250722190533253,20000190
SPT,15.33969576323704,12,1.0,1.0,1.0,0.0,0.6337600795847403,0.4124325286829272,0.0,0.020833333333333332,22.642499141465983,20000191
SPT,8.436729006921077,8,0.6666666666666666,0.5614560830935417,0.75,0.33333333333333337,0.6111621178248224,0.502242462066757,0.1875,0.0,20.851991206806517,20000192
SPT,11.38089916713898,9,0.75,0.6610332304616348,0.75,0.25,0.7176830979442959,0.4827737230637473,0.22916666666666666,0.0,24.08203632781996,20000193
SPT,7.93893145456955,8,0.6666666666666666,0.5400908989116694,0.6666666666666666,0.33333333333333337,0.5831533899311606,0.5310769942963555,0.22916666666666666,0.0,19.59492831962141,20000194
SPT,5.337173204678328,7,0.5833333333333334,0.4145057120843987,0.5833333333333334,0.41666666666666663,0.5205472300316364,0.5011958095704924,0.22916666666666666,0.0,17.663357750925393,20000195
SPT,10.640062902563065,9,0.75,0.6493968202221952,0.75,0.25,0.635060597588572,0.47580080429498217,0.14583333333333334,0.0,21.543040391726592,20000196
SPT,4.797602999591223,6,0.5,0.3722304175629767,0.6666666666666666,0.5,0.5357579465162959,0.46453804832708806,0.20833333333333334,0.0,18.751565955667573,20000197
SPT,7.7652253861782,8,0.6666666666666666,0.5153492591592281,0.6666666666666666,0.33333333333333337,0.5015649404423721,0.4522203030922376,0.10416666666666667,0.0,18.787428259862374,20000198
SPT,5.458899567236212,7,0.5833333333333334,0.4313721411888959,0.5833333333333334,0.41666666666666663,0.4908981730409246,0.4930384727641152,0.1875,0.0,16.386924458369013,20000199
SPT,8.6742807888823,8,0.6666666666666666,0.5245646793145973,0.75,0.33333333333333337,0.6341949845705487,0.49510983001222164,0.14583333333333334,0.0,21.480747367010046,20000200
SPT,3.397246721413039,6,0.5,0.34019276585381536,0.5,0.5,0.4428888713463217,0.4672522632564557,0.22916666666666666,0.0,15.602400175729757,20000201
SPT,5.89107883865468,7,0.5833333333333334,0.456748425643784,0.6666666666666666,0.41666666666666663,0.5388364392716535,0.5149382479524337,0.1875,0.0,18.021835406550625,20000202
SPT,11.90427525846499,10,0.8333333333333334,0.6965775822443484,0.8333333333333334,0.16666666666666663,0.6095911271263917,0.45702864715417685,0.10416666666666667,0.0,21.156296836158997,20000203
SPT,3.99615517655526,6,0.5,0.34873736614820156,0.5833333333333334,0.5,0.44704660929096285,0.43911832673183354,0.10416666666666667,0.0,15.924954980272513,20000204
SPT,10.880684446976105,9,0.75,0.6413273286041786,0.8333333333333334,0.25,0.6212504993558423,0.42526575597925526,0.10416666666666667,0.0,21.888799538906,20000205
SPT,3.8250812106757373,6,0.5,0.33114292752142194,0.5833333333333334,0.5,0.4810154707846048,0.4926536474039825,0.22916666666666666,0.0,16.19206513665865,20000206
SPT,1.1007990333984023,5,0.4166666666666667,0.3251581724555625,0.4166666666666667,0.5833333333333333,0.3965874927740242,0.5137036394770863,0.2708333333333333,0.0,13.749937762028113,20000207
SPT,6.218884767636252,7,0.5833333333333334,0.4611858378825413,0.5833333333333334,0.41666666666666663,0.5454368578408163,0.46844069389765536,0.16666666666666666,0.0,18.59311372307392,20000208
SPT,8.76008199212568,8,0.6666666666666666,0.5310132450175141,0.6666666666666666,0.33333333333333337,0.6036187325107721,0.44585069417846857,0.1875,0.0,20.045656733269,20000209
SPT,15.024856280709534,11,0.9166666666666666,0.8542140547004792,0.9166666666666666,0.08333333333333337,0.7149196307179654,0.4189598937140044,0.14583333333333334,0.0,24.602288224981383,20000210
SPT,3.497660397838198,6,0.5,0.34889725091169677,0.5833333333333334,0.5,0.41450294472244287,0.4390313025541633,0.041666666666666664,0.0,16.630098748836236,20000211
SPT,10.08641338030457,9,0.75,0.6286045128169919,0.75,0.25,0.5630681701039086,0.41789069201144863,0.0625,0.0,20.375525930279096,20000212
SPT,8.425614241076103,8,0.6666666666666666,0.45836511147150627,0.75,0.33333333333333337,0.6496000218937225,0.44735477521009787,0.20833333333333334,0.0,21.471787381013733,20000213
SPT,2.838918682240976,6,0.5,0.38274338228523397,0.5,0.5,0.3887824109235533,0.5162825552560228,0.22916666666666666,0.0,13.831332240984567,20000214
SPT,8.448588134727128,8,0.6666666666666666,0.5920933704267647,0.6666666666666666,0.33333333333333337,0.6577455044912927,0.5625814495905899,0.375,0.0,21.981286622025976,20000215
SPT,7.802516782666846,8,0.6666666666666666,0.4995910867132653,0.6666666666666666,0.33333333333333337,0.5045832094555079,0.4165301364126686,0.0625,0.0,18.178991862117048,20000216
SPT,11.189472180149524,9,0.75,0.6190130503429747,0.8333333333333334,0.25,0.7238701844326968,0.42822726292142804,0.16666666666666666,0.0,23.988112208995954,20000217
SPT,4.982572721003289,7,0.5833333333333334,0.39709049419101355,0.6666666666666666,0.41666666666666663,0.4672187542556645,0.48037855981789973,0.1875,0.0,17.06449525115455,20000218
SPT,5.423077047428292,7,0.5833333333333334,0.41830703775875444,0.6666666666666666,0.41666666666666663,0.4696504903496163,0.4704962843170453,0.020833333333333332,0.0,17.27793430223566,20000219
SPT,5.479660331310149,7,0.5833333333333334,0.4401437463786182,0.5833333333333334,0.41666666666666663,0.4225848851773375,0.4120723524199546,0.0625,0.0,16.028025165907252,20000220
SPT,10.879877296257346,9,0.75,0.5924621621805523,0.8333333333333334,0.25,0.6631339631725535,0.4262330917825072,0.1875,0.0,22.72619504615831,20000221
SPT,7.786779841208695,8,0.6666666666666666,0.4478683373317784,0.75,0.33333333333333337,0.5533564588245412,0.4561953955660849,0.20833333333333334,0.0,18.965826283426487,20000222
SPT,9.671581533088393,9,0.75,0.5669797319433824,0.75,0.25,0.6224205952435252,0.4749406258062832,0.16666666666666666,0.0,20.279857670880165,20000223
SPT,8.233351761320474,8,0.6666666666666666,0.5405422606666327,0.6666666666666666,0.33333333333333337,0.5404109961097427,0.455230121460443,0.14583333333333334,0.0,19.724541369415718,20000224
SPT,9.821789505741906,9,0.75,0.6094703839476108,0.75,0.25,0.6425634651810949,0.4937736901539263,0.16666666666666666,0.0,21.27773988476651,20000225
SPT,7.049442573929339,7,0.5833333333333334,0.500787805847425,0.6666666666666666,0.41666666666666663,0.6058187894335502,0.48628486758804373,0.16666666666666666,0.0,21.037728362360443,20000226
SPT,9.115766869852497,8,0.6666666666666666,0.48772766678675045,0.8333333333333334,0.33333333333333337,0.6474876468913309,0.41353796188373554,0.125,0.0,21.755510107397107,20000227
SPT,6.231469672029681,7,0.5833333333333334,0.38225299114328604,0.75,0.41666666666666663,0.6034438568460762,0.47329026740062674,0.1875,0.0,20.232077710512804,20000228
SPT,9.150385758128285,8,0.6666666666666666,0.573464216035302,0.6666666666666666,0.33333333333333337,0.6616535140718067,0.48569061701145616,0.22916666666666666,0.0,21.892668258720786,20000229
SPT,8.355104950405412,8,0.6666666666666666,0.5604096388888157,0.6666666666666666,0.33333333333333337,0.5811859607695951,0.4751423286816039,0.22916666666666666,0.0,20.296122915800343,20000230
SPT,7.877385031236354,8,0.6666666666666666,0.47994074649170354,0.75,0.33333333333333337,0.6148252604436389,0.5027462235829367,0.20833333333333334,0.0,20.355169032511657,20000231
SPT,1.420704005559955,5,0.4166666666666667,0.26328736786055223,0.5,0.5833333333333333,0.37472449826429305,0.461100248616318,0.16666666666666666,0.0,14.36085904778098,20000232
SPT,5.717525726602343,7,0.5833333333333334,0.47222352611833457,0.5833333333333334,0.41666666666666663,0.44698252410540834,0.46480885054194476,0.14583333333333334,0.0,16.97041874800378,20000233
SPT,3.2892729273019365,6,0.5,0.3552107085687263,0.5,0.5,0.3632126923510695,0.4456905804593186,0.125,0.0,13.71279671441939,20000234
SPT,5.260377794531026,7,0.5833333333333334,0.4296885163052655,0.6666666666666666,0.41666666666666663,0.40497606560549304,0.4305697458854501,0.0,0.0,15.679531709550899,20000235
SPT,13.065996689349697,10,0.8333333333333334,0.7186106700264444,0.8333333333333334,0.16666666666666663,0.7289266866319063,0.4400919060912137,0.16666666666666666,0.0,23.71402651519157,20000236
SPT,6.608090238830219,7,0.5833333333333334,0.49335464568672455,0.5833333333333334,0.41666666666666663,0.6084624878522433,0.5285162832140469,0.3125,0.0,20.449532559862813,20000237
SPT,4.25286952512338,6,0.5,0.327734334116546,0.6666666666666666,0.5,0.5672771061431473,0.5097377647443507,0.3333333333333333,0.0,19.147784410370015,20000238
SPT,8.44591725280479,8,0.6666666666666666,0.5773742105912917,0.6666666666666666,0.33333333333333337,0.6177417199132119,0.5446661232118148,0.2708333333333333,0.0,20.881950775260503,20000239
SPT,1.6840898268752107,5,0.4166666666666667,0.34861007760875,0.5,0.5833333333333333,0.49167702164026555,0.5649275337171487,0.3333333333333333,0.0,16.714604120531416,20000240
SPT,7.950801401538262,8,0.6666666666666666,0.5408385989798276,0.6666666666666666,0.33333333333333337,0.5519335941610694,0.5214753181922672,0.22916666666666666,0.0,18.84012393113722,20000241
SPT,12.316668537047414,10,0.8333333333333334,0.7226583725751561,0.9166666666666666,0.16666666666666663,0.6570147510573597,0.4099362744732999,0.0,0.0,22.988452537285433,20000242
SPT,-0.5591680493020452,4,0.3333333333333333,0.278307658700669,0.4166666666666667,0.6666666666666667,0.3891221234238656,0.5400118932499196,0.3541666666666667,0.0,12.946834249053307,20000243
SPT,10.935757634507658,9,0.75,0.6700919068561599,0.75,0.25,0.660454347822518,0.45021180573765135,0.10416666666666667,0.0,22.56631167142477,20000244
SPT,6.908893656504084,7,0.5833333333333334,0.5316280571528136,0.6666666666666666,0.41666666666666663,0.581618839205272,0.4949278075265033,0.20833333333333334,0.0,19.296458067278135,20000245
SPT,12.376094416281996,10,0.8333333333333334,0.7281419856309699,0.8333333333333334,0.16666666666666663,0.6479616198579599,0.4844380886806688,0.125,0.0,22.952222369159575,20000246
SPT,10.232178430257097,9,0.75,0.6129356844303889,0.75,0.25,0.6253393757175162,0.4791140359138755,0.16666666666666666,0.0,21.01382018417957,20000247
SPT,15.018416647928012,11,0.9166666666666666,0.8675997003669181,0.9166666666666666,0.08333333333333337,0.7679320027288039,0.428008247630516,0.0625,0.0,26.091114377099256,20000248
SPT,6.304863324015457,7,0.5833333333333334,0.45318205207818024,0.6666666666666666,0.41666666666666663,0.6148460965087246,0.5253764122786873,0.2916666666666667,0.0,20.39833947034418,20000249
SPT,12.437269284350718,10,0.8333333333333334,0.6965656247409149,0.8333333333333334,0.16666666666666663,0.6296602352340664,0.42570024124846867,0.10416666666666667,0.0,21.545455317281963,20000250
SPT,8.023469456485183,8,0.6666666666666666,0.5012799119231333,0.6666666666666666,0.33333333333333337,0.5855525918068608,0.4413442377568358,0.14583333333333334,0.0,19.60583499267915,20000251
SPT,10.123337670498344,9,0.75,0.6276558897266921,0.75,0.25,0.5975651641203589,0.4527781082273153,0.0625,0.0,21.155340944413584,20000252
SPT,5.976067482937571,7,0.5833333333333334,0.4250258153752915,0.5833333333333334,0.41666666666666663,0.49009881498560787,0.4403588362197164,0.1875,0.0,16.838674002923703,20000253
SPT,8.604051984265874,8,0.6666666666666666,0.565493911583922,0.75,0.33333333333333337,0.6566125462107856,0.5399811526408115,0.20833333333333334,0.0,20.98710170656874,20000254
SPT,6.013485438456189,7,0.5833333333333334,0.4803401299305577,0.5833333333333334,0.41666666666666663,0.5161407863968984,0.506762071300806,0.20833333333333334,0.0,17.2525442011523,20000255
SPT,8.68472864928333,8,0.6666666666666666,0.5366458614528008,0.6666666666666666,0.33333333333333337,0.5861865439607561,0.4672200050342661,0.14583333333333334,0.0,18.890863216501632,20000256
SPT,5.180617777484128,7,0.5833333333333334,0.44797318873789316,0.5833333333333334,0.41666666666666663,0.45642417292246784,0.47725552140121924,0.125,0.0,15.706508756313639,20000257
SPT,4.929893341493151,7,0.5833333333333334,0.45011645948326995,0.5833333333333334,0.41666666666666663,0.4399717236347935,0.49048944681392204,0.10416666666666667,0.0,15.484922694776635,20000258
SPT,7.361179592293499,8,0.6666666666666666,0.5464672160067006,0.6666666666666666,0.33333333333333337,0.5026704064612529,0.509669483673154,0.20833333333333334,0.0,17.681287450908098,20000259
SPT,3.648471246104741,6,0.5,0.444937870669122,0.5,0.5,0.46317781811644726,0.5504323848269198,0.3125,0.0,15.757682874430103,20000260
SPT,2.3118615336911295,5,0.4166666666666667,0.28204791979546534,0.5833333333333334,0.5833333333333333,0.6105065189608606,0.5811903718995715,0.3333333333333333,0.0,18.071709240335164,20000261
SPT,7.927480491710562,8,0.6666666666666666,0.5421598918481275,0.6666666666666666,0.33333333333333337,0.6064085618635678,0.5237306148747319,0.22916666666666666,0.0,19.26950352479824,20000262
SPT,8.408536696303628,8,0.6666666666666666,0.5109427964095239,0.75,0.33333333333333337,0.5640470344212049,0.3893390951248524,0.0,0.0,19.897722517226633,20000263
SPT,8.148585526185046,8,0.6666666666666666,0.5184666437872427,0.6666666666666666,0.33333333333333337,0.565335455753185,0.4763750981399622,0.20833333333333334,0.0,18.599596507341197,20000264
SPT,4.800770694967461,7,0.5833333333333334,0.4234369889680607,0.5833333333333334,0.41666666666666663,0.42520673514781865,0.4306820889477813,0.16666666666666666,0.0,15.879794369856624,20000265
SPT,9.756422457856104,9,0.75,0.5731865993493647,0.75,0.25,0.6220484482049659,0.4517888312264166,0.16666666666666666,0.0,20.547710072384472,20000266
SPT,1.3605362819515796,5,0.4166666666666667,0.33119277623881355,0.4166666666666667,0.5833333333333333,0.4485534201990508,0.5416549521914618,0.3125,0.0,14.692161109527245,20000267
SPT,5.445905645157877,7,0.5833333333333334,0.43225645040468413,0.5833333333333334,0.41666666666666663,0.4851615309975406,0.49242972195027335,0.16666666666666666,0.0,16.990299887725023,20000268
SPT,11.214545736544476,9,0.75,0.6475751487256022,0.75,0.25,0.6785118640906557,0.47369241883648977,0.20833333333333334,0.0,22.18916739818789,20000269
SPT,8.39632091951896,8,0.6666666666666666,0.49152758977982214,0.75,0.33333333333333337,0.5442362901989625,0.4165959698696204,0.10416666666666667,0.0,19.31160863540854,20000270
SPT,8.906457044929557,8,0.6666666666666666,0.5632438009869858,0.75,0.33333333333333337,0.6217811047695384,0.4684972966347227,0.1875,0.0,20.936158567790645,20000271
SPT,7.603928507055393,8,0.6666666666666666,0.5031217505118957,0.6666666666666666,0.33333333333333337,0.47156879958511794,0.4092936307210275,0.041666666666666664,0.0,18.266634331693496,20000272
SPT,8.476475032580701,8,0.6666666666666666,0.4676770988964442,0.75,0.33333333333333337,0.651363077118539,0.453530440706054,0.1875,0.0,21.16654071521902,20000273
SPT,7.732678116257512,8,0.6666666666666666,0.5143486781156442,0.6666666666666666,0.33333333333333337,0.5810967390492179,0.4936713473180285,0.1875,0.0,19.078505183101974,20000274
SPT,7.9146265447842525,8,0.6666666666666666,0.5145779044948791,0.75,0.33333333333333337,0.5611577515297649,0.4612909705425938,0.125,0.0,19.535415210596675,20000275
SPT,5.698846881910392,7,0.5833333333333334,0.42285288097101553,0.5833333333333334,0.41666666666666663,0.48896290992061414,0.4636090844197689,0.16666666666666666,0.0,17.370209178025295,20000276
SPT,5.358671695016338,7,0.5833333333333334,0.4094439597109183,0.5833333333333334,0.41666666666666663,0.48810189668521514,0.4736233135078434,0.20833333333333334,0.0,16.512285035609445,20000277
SPT,1.3427110754710265,5,0.4166666666666667,0.25098097231220173,0.5,0.5833333333333333,0.4223768938067998,0.46758780429282193,0.16666666666666666,0.0,14.745298535603888,20000278
SPT,0.7732929117276521,5,0.4166666666666667,0.33097978539544426,0.4166666666666667,0.5833333333333333,0.38174112802889654,0.5104287061529035,0.2916666666666667,0.0,13.783687584216993,20000279
SPT,8.054036542533861,8,0.6666666666666666,0.5111648241724635,0.8333333333333334,0.33333333333333337,0.5573671695265235,0.43185110567962676,0.0625,0.0,20.617601828899787,20000280
SPT,7.377883064906783,8,0.6666666666666666,0.559698986511095,0.6666666666666666,0.33333333333333337,0.5207303062919205,0.49340281696734184,0.10416666666666667,0.0,18.420686404179307,20000281
SPT,6.351158618513401,7,0.5833333333333334,0.4683755159414303,0.6666666666666666,0.41666666666666663,0.573357805023654,0.5077453363157228,0.2708333333333333,0.0,19.459434866723406,20000282
SPT,9.337754738292094,9,0.75,0.5718538682572857,0.75,0.25,0.5494512080140428,0.4452121457018223,0.125,0.0,19.247801731677328,20000283
SPT,5.627824092229097,7,0.5833333333333334,0.4441553487263528,0.5833333333333334,0.41666666666666663,0.4777356825381222,0.46999136524039614,0.125,0.0,17.14660647648143,20000284
SPT,3.061954437730482,6,0.5,0.35616917236854656,0.5,0.5,0.36365014189452033,0.43874102673703846,0.020833333333333332,0.0,14.158774661977175,20000285
SPT,3.624040894051804,6,0.5,0.40237298785205305,0.5,0.5,0.4501648425448375,0.5368823623436069,0.3125,0.0,15.487050083235589,20000286
SPT,14.068673404297106,11,0.9166666666666666,0.8331260482561131,0.9166666666666666,0.08333333333333337,0.6271830965444015,0.42598543226673485,0.020833333333333332,0.0,23.090397603511153,20000287
SPT,8.388919918407524,8,0.6666666666666666,0.5161630537818345,0.75,0.33333333333333337,0.557203177460064,0.4256502188253403,0.0,0.0,19.886578203713825,20000288
SPT,9.700357661274811,9,0.75,0.6100121556374858,0.75,0.25,0.5112371825883849,0.41812274755645484,0.0625,0.0,19.42323587152368,20000289
SPT,4.370170903409172,6,0.5,0.3200932899468235,0.5833333333333334,0.5,0.5522608329494711,0.4433652956203053,0.1875,0.0,17.76052469686344,20000290
SPT,9.915593715172834,9,0.75,0.6462561013497853,0.75,0.25,0.6062561498181435,0.45866444614931695,0.10416666666666667,0.0,21.176964298657975,20000291
SPT,3.2083773683331134,6,0.5,0.4018152909554281,0.5,0.5,0.44582122807116575,0.5200314014794186,0.16666666666666666,0.0,15.819002828808326,20000292
SPT,5.366824326265371,7,0.5833333333333334,0.3770791896208048,0.6666666666666666,0.41666666666666663,0.4797785530492035,0.46333085259452006,0.1875,0.0,16.658479309408357,20000293
SPT,2.248724658844738,5,0.4166666666666667,0.33515645545657874,0.5,0.5833333333333333,0.5340839653339838,0.5275912807377766,0.3333333333333333,0.0,17.438659020268286,20000294
SPT,7.9844404266717905,8,0.6666666666666666,0.535064211071937,0.6666666666666666,0.33333333333333337,0.49221441508551983,0.4371286821747413,0.125,0.0,18.035855073946465,20000295
SPT,8.536737025188874,8,0.6666666666666666,0.5485528376658452,0.6666666666666666,0.33333333333333337,0.6353887034554931,0.5076679837667215,0.22916666666666666,0.0,20.500143663685847,20000296
SPT,4.8831214800500495,7,0.5833333333333334,0.3901491055727227,0.6666666666666666,0.41666666666666663,0.44037841972156366,0.4886711822934104,0.10416666666666667,0.0,16.717768932981695,20000297
SPT,3.1547700230139575,6,0.5,0.29304891146125167,0.5833333333333334,0.5,0.45942126701440716,0.4814673325343726,0.25,0.0,15.381385485402275,20000298
SPT,7.336511156657063,8,0.6666666666666666,0.44857143672141375,0.75,0.33333333333333337,0.5262786231426614,0.4362356190517103,0.0625,0.0,18.222797053718352,20000299
SPT,8.738024669788702,8,0.6666666666666666,0.5579619991983538,0.6666666666666666,0.33333333333333337,0.6323751485323682,0.5146393158948719,0.25,0.0,21.23332935753831,20000300
SPT,11.956033692308552,10,0.8333333333333334,0.7246974777084646,0.8333333333333334,0.16666666666666663,0.6266839471798468,0.4760775972638092,0.14583333333333334,0.0,21.390867588365293,20000301
SPT,3.933701726294416,6,0.5,0.41400822452376784,0.5,0.5,0.43349045149041965,0.48754270365339897,0.22916666666666666,0.0,15.190302174961161,20000302
SPT,4.456640211184334,6,0.5,0.3870773359424015,0.6666666666666666,0.5,0.5400968940879184,0.4700707709707624,0.14583333333333334,0.0,18.218133445998173,20000303
SPT,13.018071825867212,10,0.8333333333333334,0.760098675084581,0.9166666666666666,0.16666666666666663,0.7229162650775786,0.43710729814765176,0.08333333333333333,0.0,24.722709418722175,20000304
SPT,12.746512323128682,10,0.8333333333333334,0.7421160390139029,0.9166666666666666,0.16666666666666663,0.6522106057518208,0.38761657007358563,0.020833333333333332,0.0,22.69965093342154,20000305
SPT,12.040994752737836,10,0.8333333333333334,0.6977029879231809,0.8333333333333334,0.16666666666666663,0.5881699849515417,0.42018216583823387,0.041666666666666664,0.0,21.518279767223508,20000306
SPT,5.085892388360886,7,0.5833333333333334,0.4267744592637493,0.5833333333333334,0.41666666666666663,0.48957758462425566,0.5113338529705254,0.20833333333333334,0.0,17.198001037113812,20000307
SPT,8.561994595035184,8,0.6666666666666666,0.5157794449064204,0.6666666666666666,0.33333333333333337,0.6486488179163002,0.475910215511433,0.20833333333333334,0.0,20.72275125939988,20000308
SPT,6.187468739722787,7,0.5833333333333334,0.46801293235444447,0.5833333333333334,0.41666666666666663,0.6054633865820328,0.5394815969817036,0.2916666666666667,0.0,19.495883079498366,20000309
SPT,11.567349428527898,10,0.8333333333333334,0.7254845942423319,0.8333333333333334,0.16666666666666663,0.6149021167635896,0.47019084706720493,0.125,0.0,21.240943858042034,20000310
SPT,7.30100175788092,8,0.6666666666666666,0.5089903279733133,0.6666666666666666,0.33333333333333337,0.5227968226611734,0.4848940465451356,0.14583333333333334,0.0,18.44391255580163,20000311
SPT,7.900148459335049,8,0.6666666666666666,0.5039040462034934,0.6666666666666666,0.33333333333333337,0.4959501183488211,0.42319447201991567,0.10416666666666667,0.0,17.39318513919802,20000312
SPT,8.146293423878957,8,0.6666666666666666,0.5337317904687405,0.6666666666666666,0.33333333333333337,0.5943959294206264,0.496943034481862,0.22916666666666666,0.0,19.059689855561487,20000313
SPT,9.747454892639968,9,0.75,0.6151103606027896,0.75,0.25,0.5720601397172498,0.4854556215829014,0.10416666666666667,0.0,20.08131969943829,20000314
SPT,7.335054502285605,8,0.6666666666666666,0.4973831307783105,0.6666666666666666,0.33333333333333337,0.5406531328061268,0.5075723841861783,0.14583333333333334,0.0,18.31519221487168,20000315
SPT,3.563328983099906,6,0.5,0.3840501170293662,0.5,0.5,0.5056459337668613,0.5381421845690627,0.3125,0.0,16.297234950458076,20000316
SPT,10.375212229935785,9,0.75,0.6453480105640452,0.75,0.25,0.6108135607427713,0.46931586330308006,0.10416666666666667,0.0,21.280423720596737,20000317
SPT,4.362354398416728,6,0.5,0.387979611237583,0.5833333333333334,0.5,0.5972629896942494,0.5271482390063871,0.2708333333333333,0.0,19.334942810110405,20000318
SPT,3.6130393428250844,6,0.5,0.40821905275503445,0.5,0.5,0.49680715982547463,0.5401876120753888,0.2916666666666667,0.0,16.73069242410783,20000319
SPT,3.6141246361440382,6,0.5,0.3496092751257488,0.5,0.5,0.47497436442765295,0.47938463102122747,0.2708333333333333,0.0,16.052385629788784,20000320
SPT,12.44391173344934,10,0.8333333333333334,0.7177903355620265,0.8333333333333334,0.16666666666666663,0.6175931716235273,0.4089783353569402,0.0625,0.0,21.227897123663894,20000321
SPT,5.790468064504706,7,0.5833333333333334,0.45288622277168733,0.5833333333333334,0.41666666666666663,0.4600862032254509,0.46727755816758165,0.125,0.0,16.773466594810454,20000322
SPT,4.38997541065188,6,0.5,0.409321306943568,0.5833333333333334,0.5,0.5370752843733605,0.48716554095246933,0.22916666666666666,0.0,18.570661279756184,20000323
SPT,6.9300027751756295,7,0.5833333333333334,0.4940728213747882,0.6666666666666666,0.41666666666666663,0.6183052289347828,0.47861736177109665,0.16666666666666666,0.0,21.249183905254835,20000324
SPT,10.237303089781307,9,0.75,0.6214747940289866,0.75,0.25,0.6062277107050424,0.4329995871783849,0.10416666666666667,0.0,20.529655829230137,20000325
SPT,1.2805548341060735,5,0.4166666666666667,0.34468718294377015,0.4166666666666667,0.5833333333333333,0.43196938865752127,0.5610458857227266,0.3333333333333333,0.0,14.7915600666279,20000326
SPT,5.878643415832132,7,0.5833333333333334,0.3646034466128438,0.6666666666666666,0.41666666666666663,0.511971288146791,0.4131246214084157,0.125,0.0,18.604962768762825,20000327
SPT,7.908956591320676,8,0.6666666666666666,0.5454790038955339,0.6666666666666666,0.33333333333333337,0.5700202260490282,0.5070012881538754,0.1875,0.0,19.785534532813195,20000328
SPT,2.924233148834809,6,0.5,0.34972226379395466,0.5,0.5,0.44003731534420815,0.5274210432963561,0.22916666666666666,0.0,15.715164407188533,20000329
SPT,8.24642754874452,8,0.6666666666666666,0.5595375254287981,0.6666666666666666,0.33333333333333337,0.5365025787883071,0.43460959181629955,0.0,0.0,19.473211434581756,20000330
SPT,10.923940075761163,9,0.75,0.6204120714928565,0.9166666666666666,0.25,0.7375881115232267,0.48973586380832296,0.20833333333333334,0.0,23.942631514461056,20000331
SPT,8.407433942321868,8,0.6666666666666666,0.48192956005046156,0.75,0.33333333333333337,0.5829559927933635,0.40976450089029104,0.08333333333333333,0.0,20.150958846882325,20000332
SPT,5.288808035592372,7,0.5833333333333334,0.39109077345011656,0.6666666666666666,0.41666666666666663,0.476855690358513,0.4665173773381451,0.10416666666666667,0.0,16.71485660158383,20000333
SPT,3.6422313677923923,6,0.5,0.3942641377697514,0.5,0.5,0.4691859375064446,0.49333137556817147,0.2708333333333333,0.0,16.19908433581918,20000334
SPT,5.6532216666054795,7,0.5833333333333334,0.48818295022816793,0.5833333333333334,0.41666666666666663,0.4889081676620435,0.4907489052109945,0.08333333333333333,0.0,17.60613277367939,20000335
SPT,6.164879553026131,7,0.5833333333333334,0.4333572415970699,0.6666666666666666,0.41666666666666663,0.6167404332921996,0.5385949386088507,0.25,0.0,19.30631279161092,20000336
SPT,8.056314153573277,8,0.6666666666666666,0.5344478806385173,0.6666666666666666,0.33333333333333337,0.6076502807107337,0.5058382661656703,0.2708333333333333,0.0,19.419744723291224,20000337
SPT,12.899711120668995,10,0.8333333333333334,0.725929209018952,0.8333333333333334,0.16666666666666663,0.6695992705595857,0.42852290284373096,0.10416666666666667,0.0,23.05136167619613,20000338
SPT,10.146741900139238,9,0.75,0.6174283134466156,0.75,0.25,0.6133291585327358,0.47052623381870323,0.16666666666666666,0.0,20.280487418374513,20000339
SPT,0.6341753441827058,5,0.4166666666666667,0.3065352847433025,0.4166666666666667,0.5833333333333333,0.36737329828562326,0.5247624859328657,0.1875,0.0,13.244764384401025,20000340
SPT,9.97700753396395,9,0.75,0.6190377058252131,0.75,0.25,0.6133573243801334,0.49560954201467794,0.20833333333333334,0.0,21.08457415246599,20000341
SPT,9.479493821938755,9,0.75,0.6134779951653502,0.75,0.25,0.5949118655654518,0.4881690727315222,0.20833333333333334,0.0,19.969625515883873,20000342
SPT,5.589305826131649,7,0.5833333333333334,0.4456644513005699,0.5833333333333334,0.41666666666666663,0.44452314315259445,0.46776516821300324,0.22916666666666666,0.0,16.400247965795284,20000343
SPT,-1.4886214266753655,4,0.3333333333333333,0.2648411687317163,0.3333333333333333,0.6666666666666667,0.34034565366565045,0.5246223939100726,0.3333333333333333,0.0,11.884465664374723,20000344
SPT,6.314112861617331,7,0.5833333333333334,0.4705206016392564,0.5833333333333334,0.41666666666666663,0.5428775255532421,0.49829757050545576,0.20833333333333334,0.0,18.599814114975693,20000345
SPT,5.268642837553569,7,0.5833333333333334,0.44120130039743205,0.5833333333333334,0.41666666666666663,0.4404107002992965,0.48806233794287873,0.1875,0.0,16.112829646910964,20000346
SPT,6.443883767314392,7,0.5833333333333334,0.4819107495017886,0.6666666666666666,0.41666666666666663,0.5875227844291598,0.4964477519389295,0.20833333333333334,0.0,19.390143154200373,20000347
SPT,11.023282076665362,9,0.75,0.6473625935241364,0.75,0.25,0.6505510307043029,0.4953849436535162,0.22916666666666666,0.0,21.988439299560987,20000348
SPT,12.80793745561942,10,0.8333333333333334,0.7182085894177094,0.9166666666666666,0.16666666666666663,0.7258348843267068,0.42115094889515986,0.08333333333333333,0.0,24.716145402734302,20000349
SPT,6.056092242359687,7,0.5833333333333334,0.44272640529704776,0.6666666666666666,0.41666666666666663,0.550776877873187,0.525654276313455,0.22916666666666666,0.0,18.583963497590855,20000350
SPT,8.285272120768276,8,0.6666666666666666,0.5515828673267406,0.6666666666666666,0.33333333333333337,0.5814412495361179,0.479873975547157,0.14583333333333334,0.0,20.182830287396104,20000351
SPT,5.776723758972993,7,0.5833333333333334,0.4299121630874829,0.6666666666666666,0.41666666666666663,0.509904880550171,0.4616769267772846,0.125,0.0,18.141605283174204,20000352
SPT,8.43121131814594,8,0.6666666666666666,0.5255290636126706,0.6666666666666666,0.33333333333333337,0.5793523681121934,0.4524342918402766,0.14583333333333334,0.0,19.990428810655658,20000353
SPT,5.454187434421757,7,0.5833333333333334,0.44974220259900327,0.5833333333333334,0.41666666666666663,0.41990776874497876,0.4342495444994426,0.020833333333333332,0.0,15.712508496782286,20000354
SPT,9.680666715471213,9,0.75,0.6405016905952914,0.75,0.25,0.5774207520894638,0.4686547128979585,0.08333333333333333,0.0,21.013707419771208,20000355
SPT,8.483804685366907,8,0.6666666666666666,0.5373571873572922,0.75,0.33333333333333337,0.621727115320933,0.4779651122676498,0.14583333333333334,0.0,21.077858647594727,20000356
SPT,5.217970506011645,7,0.5833333333333334,0.4612342073440364,0.5833333333333334,0.41666666666666663,0.46871160236878956,0.5069851867918783,0.20833333333333334,0.0,16.590782520319262,20000357
SPT,14.018836271909427,11,0.9166666666666666,0.9094687318918627,0.9166666666666666,0.08333333333333337,0.6104884014372691,0.4307561084029244,0.0,0.0,22.809376464196525,20000358
SPT,12.548523924746512,10,0.8333333333333334,0.7267707823621701,0.8333333333333334,0.16666666666666663,0.6753752438026054,0.4492234412312767,0.10416666666666667,0.0,23.319864903419106,20000359
SPT,7.381721218908253,8,0.6666666666666666,0.4937178965529217,0.6666666666666666,0.33333333333333337,0.48740985859022135,0.4366783550044688,0.14583333333333334,0.0,17.232377525306457,20000360
SPT,4.368051403112923,6,0.5,0.36558605149743956,0.5833333333333334,0.5,0.5268283915726085,0.46128500055279487,0.16666666666666666,0.0,18.17254434173629,20000361
SPT,5.339005910731168,7,0.5833333333333334,0.4442297071585239,0.5833333333333334,0.41666666666666663,0.5127981113744166,0.5210402150219055,0.22916666666666666,0.0,16.630070557396518,20000362
SPT,-0.6076981867458555,4,0.3333333333333333,0.2829878200646169,0.4166666666666667,0.6666666666666667,0.4227202645536927,0.570941863768839,0.4166666666666667,0.0,14.535161957559062,20000363
SPT,3.148296467497101,6,0.5,0.3522021678431081,0.5,0.5,0.3987756875887212,0.47527023480258057,0.16666666666666666,0.0,14.490235298954177,20000364
SPT,1.3902592384277237,5,0.4166666666666667,0.34896325553819585,0.4166666666666667,0.5833333333333333,0.3474900272288335,0.4819777168009642,0.20833333333333334,0.0,12.39036349926886,20000365
SPT,4.874579919324166,6,0.5,0.42730496171449955,0.5833333333333334,0.5,0.5506193807142551,0.5260767383441401,0.2708333333333333,0.0,18.501788320113345,20000366
SPT,8.57262345138196,8,0.6666666666666666,0.48404816089635333,0.75,0.33333333333333337,0.5986256885241076,0.43089668810340803,0.14583333333333334,0.0,20.114317063362414,20000367
SPT,5.611323581331921,7,0.5833333333333334,0.4375693184533894,0.6666666666666666,0.41666666666666663,0.4718071073765094,0.45422841950702847,0.0625,0.0,16.801145491637705,20000368
SPT,5.813045076461334,7,0.5833333333333334,0.4616979616900563,0.5833333333333334,0.41666666666666663,0.5713447639192527,0.552778355597629,0.3333333333333333,0.0,18.24305249365312,20000369
SPT,2.1651203855843777,6,0.5,0.3243294530851052,0.5,0.5,0.3714712372471795,0.5001452167016723,0.2916666666666667,0.0,14.464248859319069,20000370
SPT,7.716641882666153,8,0.6666666666666666,0.5201977264341517,0.6666666666666666,0.33333333333333337,0.5574639437204355,0.5100094386062437,0.16666666666666666,0.0,19.260487324488754,20000371
SPT,3.359501869191944,6,0.5,0.37980313337746247,0.5,0.5,0.4535231845572345,0.5291045667084571,0.2708333333333333,0.0,15.712349117853014,20000372
SPT,11.644101638810309,10,0.8333333333333334,0.7042719922954915,0.8333333333333334,0.16666666666666663,0.5932509033252059,0.43839102441006056,0.16666666666666666,0.0,20.98753350243064,20000373
SPT,6.150140799590381,7,0.5833333333333334,0.45126794273393084,0.6666666666666666,0.41666666666666663,0.5588817909398791,0.4797987485601856,0.10416666666666667,0.0,19.82027788392906,20000374
SPT,9.29240967138991,8,0.6666666666666666,0.5558482135747256,0.75,0.33333333333333337,0.7115302855222332,0.47411942394804313,0.16666666666666666,0.0,23.013363996398756,20000375
SPT,7.369452767322689,8,0.6666666666666666,0.48973977486678333,0.6666666666666666,0.33333333333333337,0.4789645344525771,0.4265207996986493,0.0625,0.0,18.2224614955356,20000376
SPT,4.746083856297431,7,0.5833333333333334,0.39427511714178254,0.5833333333333334,0.41666666666666663,0.3985908323009571,0.4636332758981885,0.10416666666666667,0.0,14.6542114098529,20000377
SPT,4.692746865889236,6,0.5,0.3810055910976901,0.6666666666666666,0.5,0.5309070809753285,0.47046217120995243,0.10416666666666667,0.0,18.559753087407767,20000378
SPT,10.421352511038874,9,0.75,0.5814916690051282,0.8333333333333334,0.25,0.63527567052048,0.43762707985829435,0.125,0.0,21.60961667238222,20000379
SPT,9.902751554034982,9,0.75,0.5984155390833663,0.75,0.25,0.6237630611485766,0.47140935897224673,0.125,0.0,21.396331102086013,20000380
SPT,4.301271566921054,6,0.5,0.3494034568336468,0.5833333333333334,0.5,0.4954918453636454,0.46963463948004813,0.20833333333333334,0.0,16.66616401357867,20000381
SPT,12.547501969177214,10,0.8333333333333334,0.6813536295775539,0.9166666666666666,0.16666666666666663,0.719727433354613,0.4425730818378799,0.125,0.0,23.011185743740825,20000382
SPT,7.117128018567003,8,0.6666666666666666,0.5014081643506231,0.6666666666666666,0.33333333333333337,0.4849644462947032,0.48446142846916646,0.16666666666666666,0.0,17.34160718045386,20000383
SPT,6.545848171329325,7,0.5833333333333334,0.4555529053387176,0.6666666666666666,0.41666666666666663,0.5483809056481608,0.45203663641061986,0.16666666666666666,0.0,19.412891762845902,20000384
SPT,5.457149888792634,7,0.5833333333333334,0.3592972628664708,0.6666666666666666,0.41666666666666663,0.4804047559122408,0.4285976340915629,0.125,0.0,16.938949249384073,20000385
SPT,3.8784778190532503,6,0.5,0.4174985372921428,0.5,0.5,0.4811260151636179,0.4964667044001385,0.1875,0.0,16.631155475384322,20000386
SPT,12.878365529125526,10,0.8333333333333334,0.7040582759570827,0.8333333333333334,0.16666666666666663,0.731142862337534,0.4475870553861169,0.14583333333333334,0.0,24.815390650071006,20000387
SPT,10.32604533164583,9,0.75,0.6416471817224616,0.8333333333333334,0.25,0.6683762048388631,0.46199443156070735,0.14583333333333334,0.0,23.264731648172596,20000388
SPT,12.831508431288386,10,0.8333333333333334,0.7295953109410926,0.8333333333333334,0.16666666666666663,0.7244934280038583,0.49987973773081484,0.22916666666666666,0.0,23.263706937550587,20000389
SPT,10.595397883842427,9,0.75,0.633914602783333,0.75,0.25,0.6509235456834627,0.4720219715272958,0.14583333333333334,0.0,22.295849603174528,20000390
SPT,9.782218488933056,9,0.75,0.6452056696549036,0.75,0.25,0.6197975986060343,0.5027819273683344,0.1875,0.0,21.382503912590792,20000391
SPT,8.797364739023628,8,0.6666666666666666,0.5378041102327873,0.75,0.33333333333333337,0.6392620792986258,0.4479990469375439,0.125,0.0,21.251592737979028,20000392
SPT,3.386534632605908,6,0.5,0.4025817764434497,0.5,0.5,0.48300224112492063,0.5356279000829195,0.22916666666666666,0.0,16.335510619443053,20000393
SPT,4.079261446664238,6,0.5,0.3868188125770908,0.5,0.5,0.5192251459922935,0.5088303821175153,0.2916666666666667,0.0,17.013311697869643,20000394
SPT,10.112860889905877,9,0.75,0.6128503798305939,0.75,0.25,0.6340075646032353,0.4892462208986645,0.1875,0.0,21.530169129615025,20000395
SPT,7.330653820888692,8,0.6666666666666666,0.5301042524779067,0.6666666666666666,0.33333333333333337,0.4205471819144002,0.43582268591556134,0.0,0.0,17.309523399946055,20000396
SPT,9.902776381948144,9,0.75,0.6257364847032089,0.8333333333333334,0.25,0.575272780932449,0.461816458702484,0.08333333333333333,0.0,21.216512197135597,20000397
SPT,9.685726253801265,9,0.75,0.5639039519462097,0.8333333333333334,0.25,0.5953769842746547,0.4370885214826807,0.08333333333333333,0.0,20.87151803311754,20000398
SPT,6.925461129978977,8,0.6666666666666666,0.4875341493856373,0.6666666666666666,0.33333333333333337,0.4603724327489112,0.47283837942617085,0.041666666666666664,0.0,17.233041128826777,20000399
SPT,5.395306007498061,7,0.5833333333333334,0.45647154839607323,0.6666666666666666,0.41666666666666663,0.4689100839117685,0.47155202358919857,0.0625,0.0,16.74204206196188,20000400
SPT,5.929969998660685,7,0.5833333333333334,0.4890334577775028,0.5833333333333334,0.41666666666666663,0.4827391371670637,0.538377817378529,0.3541666666666667,0.0,17.70312296773164,20000401
SPT,1.3025549558390659,5,0.4166666666666667,0.29485497814788536,0.4166666666666667,0.5833333333333333,0.4096150297541767,0.5039533192750211,0.25,0.0,14.091407017125572,20000402
SPT,3.6987877342224187,6,0.5,0.4106384305238165,0.5,0.5,0.4739164256082467,0.5227461938433735,0.3333333333333333,0.0,16.07858534803724,20000403
SPT,5.090809951468423,7,0.5833333333333334,0.4471599224076285,0.5833333333333334,0.41666666666666663,0.4228694651981992,0.48802599691183124,0.0625,0.0,15.459851843618733,20000404
SPT,-0.6623328306724852,4,0.3333333333333333,0.2837966855451839,0.3333333333333333,0.6666666666666667,0.30535720238054087,0.4844211892872365,0.125,0.0,11.988386703965032,20000405
SPT,10.382832784606784,9,0.75,0.6086274329806268,0.75,0.25,0.6714732648678811,0.5003368033870735,0.22916666666666666,0.0,21.43751082076655,20000406
SPT,10.481893633804864,9,0.75,0.6343936220375929,0.75,0.25,0.6533947226958253,0.4825075186719201,0.16666666666666666,0.0,21.645596207449195,20000407
SPT,3.1592959540085586,6,0.5,0.3245574226313276,0.5833333333333334,0.5,0.4140310077193689,0.4505599413504158,0.1875,0.0,15.691731315422992,20000408
SPT,8.486624316721336,8,0.6666666666666666,0.5067151105727264,0.75,0.33333333333333337,0.6576353240710584,0.4909763473017308,0.20833333333333334,0.0,21.85243195224767,20000409
SPT,10.124872629478652,9,0.75,0.5995095388508235,0.75,0.25,0.6021651958346714,0.42118596973321115,0.10416666666666667,0.0,21.08153690273506,20000410
SPT,8.103942734840977,8,0.6666666666666666,0.5256967144648111,0.6666666666666666,0.33333333333333337,0.5265425222904252,0.4381629343887228,0.10416666666666667,0.0,19.21917026955976,20000411
SPT,3.735202750761229,6,0.5,0.4622350289761504,0.5,0.5,0.48030014962015594,0.5358122190622623,0.2708333333333333,0.0,16.661544315462418,20000412
SPT,5.819628754334059,7,0.5833333333333334,0.47419373813981497,0.6666666666666666,0.41666666666666663,0.48887735032806695,0.4636440316808123,0.10416666666666667,0.0,17.347777668945227,20000413
SPT,7.711580104260568,8,0.6666666666666666,0.5476523482521644,0.6666666666666666,0.33333333333333337,0.5292513168685392,0.4987669862209616,0.1875,0.0,18.307194761491118,20000414
SPT,10.417693587587566,9,0.75,0.608479560636881,0.75,0.25,0.6600049232845974,0.4720132390314298,0.14583333333333334,0.0,22.316679496287232,20000415
SPT,5.097717589936793,7,0.5833333333333334,0.42699717999841713,0.5833333333333334,0.41666666666666663,0.4945035425085713,0.4927457703843107,0.1875,0.0,16.987583403823063,20000416
SPT,7.5941880581622225,8,0.6666666666666666,0.49279140572141156,0.6666666666666666,0.33333333333333337,0.5547494154388292,0.4690344136423237,0.14583333333333334,0.0,19.16316869625077,20000417
SPT,12.039528607565124,10,0.8333333333333334,0.7483886284983456,0.8333333333333334,0.16666666666666663,0.589574798210836,0.4217431465157599,0.041666666666666664,0.0,21.225881386861683,20000418
SPT,2.233934604881476,6,0.5,0.29861331803801716,0.5,0.5,0.38227090299047745,0.5154694177256861,0.22916666666666666,0.0,13.177264654949836,20000419
SPT,12.029866608180921,10,0.8333333333333334,0.6947725173759026,0.8333333333333334,0.16666666666666663,0.6796596470874,0.4556551045278532,0.1875,0.0,22.660121051032977,20000420
SPT,-1.2601177416592755,4,0.3333333333333333,0.27815851161575234,0.3333333333333333,0.6666666666666667,0.3682186075792018,0.5609399603706535,0.375,0.0,12.756983603871317,20000421
SPT,7.525888915816889,8,0.6666666666666666,0.4981063810021194,0.6666666666666666,0.33333333333333337,0.46783694052132824,0.42661053069696714,0.125,0.0,17.884922351091628,20000422
SPT,9.286556274664596,9,0.75,0.5745486926002403,0.75,0.25,0.5366780097491984,0.4304488496570027,0.0625,0.0,18.54846021918383,20000423
SPT,3.8544567642036425,6,0.5,0.3682393060890271,0.5833333333333334,0.5,0.48850345650694366,0.48451287009802035,0.20833333333333334,0.0,17.076958850558366,20000424
SPT,1.3249414631613297,5,0.4166666666666667,0.2624705458999091,0.5,0.5833333333333333,0.4135158781547354,0.48812285415975953,0.25,0.0,14.448390551048512,20000425
SPT,7.560830949010888,8,0.6666666666666666,0.49587549889096605,0.6666666666666666,0.33333333333333337,0.5961386838118737,0.4926281553083644,0.25,0.0,18.849267586495234,20000426
SPT,10.2773447206283,9,0.75,0.6268169727452524,0.75,0.25,0.6267517493165344,0.4687912279957536,0.1875,0.0,21.730373955301626,20000427
SPT,13.336902053769007,10,0.8333333333333334,0.7317906207525001,0.8333333333333334,0.16666666666666663,0.7100869032590845,0.4443125870933377,0.20833333333333334,0.0,24.493282015575573,20000428
SPT,9.820806229263976,9,0.75,0.5678122975403304,0.8333333333333334,0.25,0.6286067472293985,0.45255842066679935,0.08333333333333333,0.0,20.5303403364419,20000429
SPT,8.968659907075963,9,0.75,0.5516133599003091,0.75,0.25,0.5740061413023915,0.4635215483258617,0.10416666666666667,0.0,19.79731885415883,20000430
SPT,5.8266871387751245,7,0.5833333333333334,0.457972078377264,0.5833333333333334,0.41666666666666663,0.4978710777342294,0.4580112153245781,0.14583333333333334,0.0,17.000743963327537,20000431
SPT,10.271057046003003,9,0.75,0.6506068270847556,0.75,0.25,0.6469311356989994,0.474984849747651,0.14583333333333334,0.0,22.228775788241702,20000432
SPT,5.825705484748123,7,0.5833333333333334,0.5027043533549648,0.5833333333333334,0.41666666666666663,0.5241769151032718,0.5301482222440003,0.25,0.0,17.15525820705019,20000433
SPT,7.5280922333493345,8,0.6666666666666666,0.5159160907718634,0.6666666666666666,0.33333333333333337,0.5535289924061851,0.5086374417435637,0.16666666666666666,0.0,18.82018568438042,20000434
SPT,12.940212039994833,10,0.8333333333333334,0.7523544985120016,0.8333333333333334,0.16666666666666663,0.7223065998525904,0.47749268417305896,0.1875,0.0,24.250496998242077,20000435
SPT,12.493783981587203,10,0.8333333333333334,0.7038379920950366,0.8333333333333334,0.16666666666666663,0.6927105398347958,0.4353560593122358,0.125,0.0,23.12249857467414,20000436
SPT,9.904012074331987,9,0.75,0.6099524370845643,0.75,0.25,0.6335008445331848,0.4816465026655388,0.16666666666666666,0.0,21.05735793987447,20000437
SPT,2.538061650826256,6,0.5,0.3075712273293847,0.5,0.5,0.32959098262297787,0.4530642281351461,0.16666666666666666,0.0,12.757629805077972,20000438
SPT,2.1316416128638087,5,0.4166666666666667,0.340795186458741,0.5,0.5833333333333333,0.44909469898932447,0.51983169569412,0.2916666666666667,0.0,15.15460454392561,20000439
SPT,8.905368676920162,9,0.75,0.6051829383398557,0.75,0.25,0.5160176392550185,0.44927412590085497,0.08333333333333333,0.0,18.62485557330196,20000440
SPT,0.19030781313026846,5,0.4166666666666667,0.23841250264384306,0.4166666666666667,0.5833333333333333,0.3342957884511746,0.5104987727420804,0.2916666666666667,0.0,11.95260554837086,20000441
SPT,12.003903347922005,10,0.8333333333333334,0.6902001739106723,0.8333333333333334,0.16666666666666663,0.6568745262683163,0.4476043968496455,0.10416666666666667,0.0,21.816122614347705,20000442
SPT,9.008105764871694,8,0.6666666666666666,0.5447220484271117,0.75,0.33333333333333337,0.6784372015062189,0.5090920722796742,0.2708333333333333,0.0,22.007964454883552,20000443
SPT,3.7270977118231077,6,0.5,0.3521542524881313,0.5833333333333334,0.5,0.45703344213957875,0.4854774143024813,0.25,0.0,16.401608566566352,20000444
SPT,5.85470149517889,7,0.5833333333333334,0.4036010283154215,0.5833333333333334,0.41666666666666663,0.5275878297225267,0.44913615997025724,0.20833333333333334,0.0,17.436093926375317,20000445
SPT,10.7888071527411,9,0.75,0.6392410417685618,0.75,0.25,0.626166068680806,0.4685634910781868,0.125,0.0,21.49322286141282,20000446
SPT,3.9926370130610134,6,0.5,0.40019399645896475,0.5,0.5,0.5232630692543471,0.5395025363960327,0.3333333333333333,0.0,16.676661913242558,20000447
SPT,8.634461159264971,8,0.6666666666666666,0.5624634965385761,0.75,0.33333333333333337,0.6550155986408619,0.5092802617587656,0.22916666666666666,0.0,21.047273314293623,20000448
SPT,7.871978592904233,8,0.6666666666666666,0.4932881394615709,0.6666666666666666,0.33333333333333337,0.5401438794828503,0.41996921344444554,0.0625,0.0,18.119203345048017,20000449
SPT,6.410871829960772,7,0.5833333333333334,0.4395467848784124,0.6666666666666666,0.41666666666666663,0.6201386034185798,0.5417240402211853,0.3125,0.0,19.30951759669442,20000450
SPT,7.928503796884818,8,0.6666666666666666,0.4712663668551752,0.75,0.33333333333333337,0.5622970534404078,0.4636438623865156,0.1875,0.0,20.09554996046075,20000451
SPT,9.030498378838326,8,0.6666666666666666,0.5735882788802543,0.6666666666666666,0.33333333333333337,0.6533877740302995,0.5285127899361634,0.3125,0.0,21.340212818467904,20000452
SPT,0.7950342219928814,5,0.4166666666666667,0.31412740946259726,0.4166666666666667,0.5833333333333333,0.35750400984728065,0.5489670321198674,0.22916666666666666,0.0,12.636202701977767,20000453
SPT,7.36128443042503,8,0.6666666666666666,0.4868264941755349,0.6666666666666666,0.33333333333333337,0.5116231460282936,0.4891626103293043,0.14583333333333334,0.0,17.71370356808561,20000454
SPT,7.690026159705896,8,0.6666666666666666,0.5386932843562758,0.6666666666666666,0.33333333333333337,0.5704265124919575,0.49642862543753147,0.125,0.0,19.412423825151777,20000455
SPT,8.001258338801474,8,0.6666666666666666,0.5098879479335462,0.75,0.33333333333333337,0.5875137991629475,0.4797623744685917,0.16666666666666666,0.0,19.221382818273202,20000456
SPT,1.3313878767760365,5,0.4166666666666667,0.29944795854361067,0.4166666666666667,0.5833333333333333,0.4003209602001805,0.49018145711299477,0.2708333333333333,0.0,13.119076188128748,20000457
SPT,3.3792482594158364,6,0.5,0.38957607753522033,0.5,0.5,0.49353061318875885,0.5737058837734645,0.3333333333333333,0.0,15.84825882751388,20000458
SPT,9.112601313120875,8,0.6666666666666666,0.5531869634785339,0.8333333333333334,0.33333333333333337,0.7160320672183266,0.516367899739388,0.22916666666666666,0.0,22.97402318949959,20000459
SPT,12.712401277182405,10,0.8333333333333334,0.7364602879579821,0.8333333333333334,0.16666666666666663,0.6482333061294444,0.4237682980578111,0.16666666666666666,0.0,21.9812880396554,20000460
SPT,8.611577357940966,8,0.6666666666666666,0.5367403725498399,0.6666666666666666,0.33333333333333337,0.6556574036779826,0.5091582573795317,0.2708333333333333,0.0,20.640536755998134,20000461
SPT,12.411637220969812,10,0.8333333333333334,0.7372620912027931,0.8333333333333334,0.16666666666666663,0.6835718241068399,0.48647444679216484,0.1875,0.0,23.39563960307338,20000462
SPT,6.727077971154502,7,0.5833333333333334,0.4645053178928758,0.6666666666666666,0.41666666666666663,0.5836597693628452,0.4821151802987633,0.22916666666666666,0.0,19.362144743126084,20000463
SPT,7.9540814472169075,8,0.6666666666666666,0.5251989953600795,0.6666666666666666,0.33333333333333337,0.518828026541463,0.4442949307906912,0.020833333333333332,0.0,19.1992383637093,20000464
SPT,10.069754267610673,9,0.75,0.6320268809614144,0.75,0.25,0.5767736033811565,0.45760896550145497,0.14583333333333334,0.0,20.38849495856554,20000465
SPT,3.8489907717027423,6,0.5,0.43813609183307645,0.5,0.5,0.4010758602951718,0.47216210708607703,0.0625,0.0,15.877157933191471,20000466
SPT,8.203108913319381,8,0.6666666666666666,0.543358412865939,0.75,0.33333333333333337,0.5210601595437657,0.40329359285699434,0.041666666666666664,0.0,19.335973718315046,20000467
SPT,7.08634746332182,8,0.6666666666666666,0.47461511566519,0.6666666666666666,0.33333333333333337,0.49823179460677663,0.449000337581171,0.125,0.0,17.36864013991788,20000468
SPT,4.94036809384715,7,0.5833333333333334,0.42989781109554065,0.5833333333333334,0.41666666666666663,0.4300995462796459,0.49264162607144285,0.16666666666666666,0.0,15.884252815487756,20000469
SPT,7.4108829345282485,8,0.6666666666666666,0.5236329384325143,0.75,0.33333333333333337,0.5349286241669032,0.4681504234630227,0.125,0.0,18.99562438187109,20000470
SPT,10.694966953255573,9,0.75,0.6450315493186644,0.75,0.25,0.6992810351315351,0.4953069191853566,0.1875,0.0,23.283420024072772,20000471
SPT,8.268993183235363,8,0.6666666666666666,0.5401938221113463,0.6666666666666666,0.33333333333333337,0.5552763653813891,0.45911814989161287,0.16666666666666666,0.0,18.616745440858306,20000472
SPT,12.275436151197368,10,0.8333333333333334,0.6990568540904074,0.8333333333333334,0.16666666666666663,0.6246482226851918,0.4368241465810996,0.08333333333333333,0.0,22.036762118939492,20000473
SPT,8.333083998971645,8,0.6666666666666666,0.5259530204595426,0.6666666666666666,0.33333333333333337,0.5994714062780656,0.4689018401528728,0.14583333333333334,0.0,20.047983272582314,20000474
SPT,10.748959484354712,9,0.75,0.6193171508359767,0.75,0.25,0.6451314539800543,0.47326155038764545,0.16666666666666666,0.0,21.16290075744336,20000475
SPT,7.493374243274391,8,0.6666666666666666,0.5989276836852466,0.6666666666666666,0.33333333333333337,0.5003804792497397,0.47652565012777703,0.041666666666666664,0.0,17.78919197628917,20000476
SPT,8.031726808378492,8,0.6666666666666666,0.5503867361263526,0.6666666666666666,0.33333333333333337,0.5295138876539086,0.47710256634952386,0.125,0.0,18.517188393915056,20000477
SPT,8.411093522778778,8,0.6666666666666666,0.5374153936228409,0.6666666666666666,0.33333333333333337,0.5992261685937924,0.4920907050815417,0.22916666666666666,0.0,20.83452021425382,20000478
SPT,3.7273366542704456,6,0.5,0.3244896041678657,0.5833333333333334,0.5,0.46785014988317314,0.46365765776630985,0.16666666666666666,0.0,16.842620455502015,20000479
SPT,6.4094135377115204,7,0.5833333333333334,0.426162996085342,0.6666666666666666,0.41666666666666663,0.6453458358082599,0.5297285812377323,0.3125,0.0,20.585847745479697,20000480
SPT,6.968020668665128,7,0.5833333333333334,0.4562035017548192,0.75,0.41666666666666663,0.5788029700768859,0.4022040584971373,0.0625,0.0,19.798248442361253,20000481
SPT,4.166364722697326,6,0.5,0.35774982456475724,0.5833333333333334,0.5,0.5261430698905526,0.5051300014601521,0.2708333333333333,0.0,17.847796545834417,20000482
SPT,8.743105146167133,8,0.6666666666666666,0.5482297706581079,0.75,0.33333333333333337,0.605034006768224,0.4245120388665446,0.08333333333333333,0.0,21.817094368981085,20000483
SPT,3.2406239836898356,6,0.5,0.38014790658711123,0.5,0.5,0.43418546860604623,0.5197988714929157,0.2708333333333333,0.0,14.868116740100723,20000484
SPT,5.044228817475719,7,0.5833333333333334,0.41825302107601486,0.5833333333333334,0.41666666666666663,0.39504135747510355,0.46372125224308897,0.20833333333333334,0.0,15.61648396161282,20000485
SPT,7.579802503557008,8,0.6666666666666666,0.5402573923527973,0.6666666666666666,0.33333333333333337,0.543542712036436,0.5000654989194405,0.1875,0.0,18.55214881085849,20000486
SPT,8.407849191596839,8,0.6666666666666666,0.5596575861450708,0.6666666666666666,0.33333333333333337,0.5844193844504617,0.4697312172556458,0.14583333333333334,0.0,20.775091134488118,20000487
SPT,8.327251903817032,8,0.6666666666666666,0.510122351395607,0.6666666666666666,0.33333333333333337,0.6004675127044418,0.4592642853342876,0.1875,0.0,20.152115751732005,20000488
SPT,5.571193680197547,7,0.5833333333333334,0.4253900179506222,0.5833333333333334,0.41666666666666663,0.503082010806423,0.4827333453869023,0.20833333333333334,0.0,17.427394766899184,20000489
SPT,7.293423596754041,8,0.6666666666666666,0.49147077428891034,0.6666666666666666,0.33333333333333337,0.5222359873699252,0.48045987966526854,0.10416666666666667,0.0,17.781116403611012,20000490
SPT,5.390351955118587,7,0.5833333333333334,0.42071075256805845,0.5833333333333334,0.41666666666666663,0.49872784462412856,0.5094953824231796,0.3125,0.0,16.76858061754657,20000491
SPT,8.168610382768403,8,0.6666666666666666,0.5315443141994275,0.75,0.33333333333333337,0.6088523727195296,0.5153530456912038,0.1875,0.0,20.201878614690905,20000492
SPT,1.5586032033880757,5,0.4166666666666667,0.251809307618552,0.5833333333333334,0.5833333333333333,0.44554598867094675,0.5074751241422177,0.1875,0.0,15.708280710178622,20000493
SPT,7.6672351185371825,8,0.6666666666666666,0.543102024654278,0.6666666666666666,0.33333333333333337,0.5489988971893305,0.4751239993116618,0.14583333333333334,0.0,19.210563969699933,20000494
SPT,0.7389958109006289,5,0.4166666666666667,0.31622360169705294,0.4166666666666667,0.5833333333333333,0.36672110492247906,0.5125612075634308,0.2708333333333333,0.0,13.362527216947697,20000495
SPT,13.514727902592588,10,0.8333333333333334,0.7294936101257704,0.9166666666666666,0.16666666666666663,0.7430605698991172,0.4158522998584458,0.10416666666666667,0.0,25.22460320900296,20000496
SPT,6.8839862639153075,8,0.6666666666666666,0.5197624548503046,0.6666666666666666,0.33333333333333337,0.46569654469776117,0.49563419924803825,0.14583333333333334,0.0,16.78807633450406,20000497
SPT,1.9367399642242964,5,0.4166666666666667,0.2819848611817368,0.5833333333333334,0.5833333333333333,0.42980542290162277,0.47636591318345206,0.125,0.0,15.792796869421117,20000498
SPT,0.6499103772188755,5,0.4166666666666667,0.34459453593491435,0.4166666666666667,0.5833333333333333,0.3755450082563318,0.5412565254292726,0.3125,0.0,14.006768619364056,20000499
Random,11.02697008420006,7,0.5833333333333334,0.48446329311030156,0.6666666666666666,0.41666666666666663,0.8861065007341938,0.1585493921764887,0.0,0.3958333333333333,20.803500792487583,20000000
Random,13.005932577440134,8,0.6666666666666666,0.6133739754706738,0.75,0.33333333333333337,0.8884478717139922,0.20975654433473925,0.0,0.2916666666666667,23.441334624077424,20000001
Random,8.41876492938381,6,0.5,0.45054202592799897,0.75,0.5,0.8638844119541357,0.3232648554933761,0.0,0.1875,24.117893511574543,20000002
Random,10.864799835396347,7,0.5833333333333334,0.5000920206791998,0.6666666666666666,0.41666666666666663,0.8758762492373787,0.1659648712761521,0.0,0.3541666666666667,22.45702223678679,20000003
Random,9.29094580607446,7,0.5833333333333334,0.565817671819846,0.5833333333333334,0.41666666666666663,0.7447548610932007,0.24624845460547637,0.0,0.2916666666666667,18.89126994650907,20000004
Random,8.32138952771495,5,0.4166666666666667,0.4142513103132267,0.6666666666666666,0.5833333333333333,0.8792853959912111,0.1669829248629171,0.0,0.3958333333333333,20.478795671839453,20000005
Random,7.352663060064527,5,0.4166666666666667,0.2945222342219214,0.5833333333333334,0.5833333333333333,0.8742296332344447,0.16862664919794226,0.0,0.3958333333333333,19.46056974269972,20000006
Random,7.244287313817243,5,0.4166666666666667,0.38356457423293555,0.5833333333333334,0.5833333333333333,0.8490439866052767,0.22075249103723737,0.0,0.3333333333333333,21.218967187411444,20000007
Random,7.13973895807859,5,0.4166666666666667,0.32654892069656793,0.5833333333333334,0.5833333333333333,0.8296481315767282,0.19945976491964976,0.0,0.3125,21.76521352951034,20000008
Random,8.17994467584402,5,0.4166666666666667,0.5138213481761261,0.5833333333333334,0.5833333333333333,0.8612444150407637,0.18467794689086828,0.0,0.3958333333333333,19.55607912500378,20000009
Random,10.900620968398695,7,0.5833333333333334,0.45939405104230174,0.6666666666666666,0.41666666666666663,0.8543645237405197,0.17987743694212802,0.0,0.3125,21.734313796894355,20000010
Random,12.375427971464179,8,0.6666666666666666,0.6703578790017298,0.6666666666666666,0.33333333333333337,0.8579236783322481,0.18742656855403098,0.0,0.3541666666666667,20.732742309202035,20000011
Random,10.793198260393867,7,0.5833333333333334,0.41664933218212863,0.75,0.41666666666666663,0.8915151526929069,0.17191861635229136,0.0,0.3333333333333333,22.015928151827293,20000012
Random,10.290513217648103,7,0.5833333333333334,0.5683474644918488,0.6666666666666666,0.41666666666666663,0.7966013506699076,0.2688842967106045,0.0,0.22916666666666666,22.892825910419024,20000013
Random,7.453662560174833,5,0.4166666666666667,0.48887334633228735,0.6666666666666666,0.5833333333333333,0.8148487821809356,0.2746887871633772,0.0,0.2708333333333333,22.21553693031958,20000014
Random,14.434869998126892,9,0.75,0.6592060311890503,0.75,0.25,0.907323208811912,0.22754888092141715,0.0,0.2708333333333333,24.514776147451826,20000015
Random,7.337051509409791,5,0.4166666666666667,0.4899491480569273,0.6666666666666666,0.5833333333333333,0.8007402238817128,0.24507003407553105,0.0,0.2916666666666667,21.247462776116095,20000016
Random,11.952343311780302,8,0.6666666666666666,0.5864299824734205,0.75,0.33333333333333337,0.8169054776081414,0.22468046242014883,0.0,0.3125,20.28263513967659,20000017
Random,9.577745664976693,6,0.5,0.4653285210056405,0.5833333333333334,0.5,0.8884781793637405,0.2249405271296497,0.0,0.3541666666666667,22.08313044458218,20000018
Random,14.931043790379265,9,0.75,0.6176553370937907,0.8333333333333334,0.25,0.9124514625958433,0.1571095778114906,0.0,0.3541666666666667,22.295031016913764,20000019
Random,10.525089841511438,7,0.5833333333333334,0.5453039458487206,0.5833333333333334,0.41666666666666663,0.8596915704222866,0.21708428490077658,0.0,0.3333333333333333,21.079910108933536,20000020
Random,11.608220208106617,7,0.5833333333333334,0.6219409684896582,0.75,0.41666666666666663,0.8713472191528057,0.15967889414859665,0.0,0.3333333333333333,21.69381242225909,20000021
Random,5.6380220764155755,5,0.4166666666666667,0.2661431386980199,0.6666666666666666,0.5833333333333333,0.7254194514695662,0.2656741654627521,0.0,0.20833333333333334,20.306564796706443,20000022
Random,9.277348226266481,6,0.5,0.482353918221595,0.5833333333333334,0.5,0.8532881344759877,0.18228086999661994,0.0,0.375,20.212542901368163,20000023
Random,14.558321759473753,9,0.75,0.6800745057692189,0.75,0.25,0.8893147179474349,0.1956521585291672,0.0,0.3333333333333333,21.564384736325582,20000024
Random,7.5802724691041625,5,0.4166666666666667,0.3847146909738625,0.5,0.5833333333333333,0.8831600120086586,0.17558602946261267,0.0,0.4375,18.839211481495326,20000025
Random,8.872142936684334,7,0.5833333333333334,0.6694935254759234,0.75,0.41666666666666663,0.7126618669145874,0.4073740008593358,0.0,0.14583333333333334,21.21121514059407,20000026
Random,14.305676775690172,9,0.75,0.7607200849142444,0.75,0.25,0.8393424219544866,0.23396703552752654,0.0,0.2916666666666667,21.557291728432226,20000027
Random,7.856238077025662,5,0.4166666666666667,0.532646242120963,0.75,0.5833333333333333,0.8348002566149132,0.23641880790673211,0.0,0.2708333333333333,22.40634024049994,20000028
Random,9.44758594455933,6,0.5,0.49304196981529225,0.75,0.5,0.8329749257688818,0.19063659568876146,0.0,0.3125,22.16689506490817,20000029
Random,6.705020339943687,5,0.4166666666666667,0.3921240071029139,0.5,0.5833333333333333,0.7730848506848247,0.27080505721350195,0.0,0.3125,18.16312024701226,20000030
Random,10.928753624090508,7,0.5833333333333334,0.5893819045365803,0.5833333333333334,0.41666666666666663,0.8467527359570601,0.21994293753056238,0.0,0.3125,20.798983428637747,20000031
Random,12.520093578782475,8,0.6666666666666666,0.5428556821446905,0.75,0.33333333333333337,0.8800694166238241,0.20635863791381662,0.0,0.3125,21.581361219486627,20000032
Random,7.494525608206009,5,0.4166666666666667,0.26241291302531733,0.6666666666666666,0.5833333333333333,0.8958298719659482,0.16670674499280227,0.0,0.3958333333333333,19.316928620741123,20000033
Random,10.96401501620136,7,0.5833333333333334,0.47394719161501864,0.75,0.41666666666666663,0.8363917075419574,0.19686791710406992,0.0,0.2916666666666667,23.264663684840308,20000034
Random,7.607946862834872,5,0.4166666666666667,0.4380850915586342,0.5833333333333334,0.5833333333333333,0.8588559217329927,0.20149263826958286,0.0,0.375,19.484667702681882,20000035
Random,12.46173806492148,8,0.6666666666666666,0.7118994180604955,0.75,0.33333333333333337,0.8466924318852498,0.19216716772615916,0.0,0.2916666666666667,21.69079176461313,20000036
Random,7.756589152534181,5,0.4166666666666667,0.2981232725221208,0.75,0.5833333333333333,0.8871572080342794,0.21962753104450305,0.0,0.2916666666666667,23.254822561565167,20000037
Random,11.749538468774338,8,0.6666666666666666,0.6436299349207799,0.75,0.33333333333333337,0.7952981047497446,0.29170147623546416,0.0,0.20833333333333334,23.093398007809196,20000038
Random,5.892795313818239,4,0.3333333333333333,0.2770667099992227,0.5833333333333334,0.6666666666666667,0.8769857361986532,0.17343833228383496,0.0,0.3541666666666667,21.98578238010789,20000039
Random,4.198718383348052,3,0.25,0.21224422830998427,0.5,0.75,0.8572193786045377,0.16191276343820374,0.0,0.4166666666666667,17.840994474520954,20000040
Random,11.483666506995458,7,0.5833333333333334,0.44978814627258956,0.75,0.41666666666666663,0.9053810444631969,0.15557046950668565,0.0,0.3541666666666667,22.34448318121742,20000041
Random,13.021662268705388,8,0.6666666666666666,0.6026966400792778,0.75,0.33333333333333337,0.8838797791109979,0.1875015082418754,0.0,0.3333333333333333,21.977502449972583,20000042
Random,14.012323877448663,9,0.75,0.6479253082223488,0.75,0.25,0.846502999680571,0.18666527887903625,0.0,0.2916666666666667,21.858157172658444,20000043
Random,8.081677199559913,5,0.4166666666666667,0.48061686289087047,0.6666666666666666,0.5833333333333333,0.8555517896440342,0.23097032092146605,0.0,0.2916666666666667,22.32039080485816,20000044
Random,9.887606883264151,7,0.5833333333333334,0.5443274502821023,0.5833333333333334,0.41666666666666663,0.7462084653171589,0.2796374733944779,0.0,0.25,19.748649982219668,20000045
Random,8.243868835836173,6,0.5,0.36507702417126947,0.6666666666666666,0.5,0.7964045368538972,0.24647157535950448,0.0,0.2708333333333333,20.578183722839324,20000046
Random,12.601579955617757,8,0.6666666666666666,0.7042941158824352,0.6666666666666666,0.33333333333333337,0.8738080998731125,0.17357389093561681,0.0,0.3541666666666667,21.426266118841056,20000047
Random,5.203639424549348,4,0.3333333333333333,0.31262895419021225,0.6666666666666666,0.6666666666666667,0.7851638153281536,0.25294920511669217,0.0,0.2708333333333333,21.23018975175649,20000048
Random,9.248580622212721,6,0.5,0.5824664614604065,0.6666666666666666,0.5,0.8403037846642766,0.2324441065485594,0.0,0.2708333333333333,22.46826823777611,20000049
Random,9.963789502722626,7,0.5833333333333334,0.3670131948930864,0.8333333333333334,0.41666666666666663,0.8186684378356898,0.2487471912503411,0.0,0.22916666666666666,23.026719860731745,20000050
Random,11.415050160779746,7,0.5833333333333334,0.45046884416621147,0.75,0.41666666666666663,0.889376208246647,0.1602423042501663,0.0,0.375,21.735914044444005,20000051
Random,7.065080087862693,5,0.4166666666666667,0.31553596047001564,0.6666666666666666,0.5833333333333333,0.8607093304907304,0.22483546663361012,0.0,0.3333333333333333,21.28293748218613,20000052
Random,12.708316050908701,8,0.6666666666666666,0.5384360423848504,0.8333333333333334,0.33333333333333337,0.8652721250199426,0.20124762435207053,0.0,0.2916666666666667,22.99281171136196,20000053
Random,14.505862798136965,9,0.75,0.6838186225832273,0.75,0.25,0.8798542652686078,0.2008132332126694,0.0,0.2916666666666667,23.24890547185101,20000054
Random,9.163820083775908,6,0.5,0.3462483444431151,0.6666666666666666,0.5,0.8899658401646415,0.14648438861105964,0.0,0.4166666666666667,20.338593585138117,20000055
Random,10.301735912037747,7,0.5833333333333334,0.5941385570332512,0.6666666666666666,0.41666666666666663,0.8097409808358158,0.2622384408089122,0.0,0.2708333333333333,20.956522573738063,20000056
Random,9.413333276033391,6,0.5,0.4049717539914575,0.6666666666666666,0.5,0.8368538006006864,0.2276673556702987,0.0,0.3333333333333333,21.534852964682123,20000057
Random,8.746770788959223,6,0.5,0.5431814320695206,0.5833333333333334,0.5,0.8030508032851297,0.22514595443190286,0.0,0.2916666666666667,21.262833817713602,20000058
Random,11.190695244586765,7,0.5833333333333334,0.5503261566996978,0.6666666666666666,0.41666666666666663,0.847471162104616,0.2560416892373841,0.0,0.2708333333333333,24.238547330563584,20000059
Random,11.677448564900383,7,0.5833333333333334,0.5193950952396551,0.75,0.41666666666666663,0.8991029987674665,0.16311697721690757,0.0,0.3541666666666667,21.045337491744636,20000060
Random,8.97885296676236,6,0.5,0.4099997964945376,0.5833333333333334,0.5,0.8516467145573184,0.21028962776530605,0.0,0.3333333333333333,20.595841336993875,20000061
Random,6.7536421203031685,4,0.3333333333333333,0.418585280557585,0.5833333333333334,0.6666666666666667,0.8808195938655464,0.21337904521636522,0.0,0.3541666666666667,20.923489592294448,20000062
Random,9.379280662861749,6,0.5,0.4468822366664721,0.5833333333333334,0.5,0.8491777686356397,0.17367251695316957,0.0,0.375,20.077284586970375,20000063
Random,12.82995833961508,8,0.6666666666666666,0.5017377520643657,0.75,0.33333333333333337,0.9000828074313997,0.13571917137450293,0.0,0.3958333333333333,21.356810574519024,20000064
Random,9.140888079569155,6,0.5,0.3491002544272489,0.75,0.5,0.8556707835400702,0.21080850392021602,0.0,0.2916666666666667,22.563076250348786,20000065
Random,11.203533076109979,7,0.5833333333333334,0.48976102843085717,0.5833333333333334,0.41666666666666663,0.9004670183763043,0.14338755648098533,0.0,0.4583333333333333,18.656983860644157,20000066
Random,9.406720973589374,6,0.5,0.45364547512794484,0.75,0.5,0.8759349227476011,0.2339504317309511,0.0,0.2916666666666667,22.49151380388659,20000067
Random,9.521818579609256,6,0.5,0.41924800019780334,0.6666666666666666,0.5,0.8630754326238445,0.19861591311806115,0.0,0.3125,22.708614779397724,20000068
Random,6.961250580233826,4,0.3333333333333333,0.4614842050677962,0.6666666666666666,0.6666666666666667,0.9093353602165438,0.18041783413898868,0.0,0.3958333333333333,21.08960015938862,20000069
Random,11.431236327079963,7,0.5833333333333334,0.5551120734034208,0.6666666666666666,0.41666666666666663,0.8966027913375223,0.19072598294415247,0.0,0.3333333333333333,21.554897333371287,20000070
Random,8.720476293393093,6,0.5,0.45367974884389584,0.5833333333333334,0.5,0.8256525833555077,0.2357893067887853,0.0,0.3125,20.946888492018367,20000071
Random,11.86398259767264,7,0.5833333333333334,0.661745028052563,0.75,0.41666666666666663,0.8683685877760206,0.1804121699978456,0.0,0.3333333333333333,21.302437335887294,20000072
Random,10.728719547708131,7,0.5833333333333334,0.5833410978883462,0.6666666666666666,0.41666666666666663,0.8255608570814088,0.24873981046041016,0.0,0.2708333333333333,22.196948288255964,20000073
Random,4.984136504906181,3,0.25,0.3381295474692165,0.5,0.75,0.8898248284794722,0.15020001150516263,0.0,0.4583333333333333,18.194418876916988,20000074
Random,7.913226783411039,5,0.4166666666666667,0.34366785275190903,0.6666666666666666,0.5833333333333333,0.8627634605863997,0.206623803045315,0.0,0.3125,22.34985247561279,20000075
Random,7.937642506774204,5,0.4166666666666667,0.31693613055005315,0.5833333333333334,0.5833333333333333,0.8872205544470373,0.14554412493162042,0.0,0.4375,19.260514391249192,20000076
Random,18.55242216617041,11,0.9166666666666666,0.8528703519891024,0.9166666666666666,0.08333333333333337,0.8962301806871009,0.19207842912999049,0.0,0.2916666666666667,24.986175546300583,20000077
Random,16.543761684601765,10,0.8333333333333334,0.7593990630868832,0.8333333333333334,0.16666666666666663,0.8564150350979354,0.18062727202059747,0.0,0.2916666666666667,22.917478318823523,20000078
Random,8.680259723345548,6,0.5,0.37160583686138793,0.5833333333333334,0.5,0.8792089337885861,0.17015620663900835,0.0,0.3958333333333333,19.47433447786284,20000079
Random,5.998546972061723,4,0.3333333333333333,0.36929591299296544,0.5,0.6666666666666667,0.8829612799907114,0.21654632921384787,0.0,0.375,20.317923762184837,20000080
Random,7.474636248792953,5,0.4166666666666667,0.348201539015662,0.5833333333333334,0.5833333333333333,0.8316708968168193,0.1945856041662383,0.0,0.375,19.21356284009069,20000081
Random,15.44007842006314,9,0.75,0.7833072947351879,0.8333333333333334,0.25,0.903069607077386,0.1699704026069456,0.0,0.3125,24.07429226630726,20000082
Random,3.3534460965967954,3,0.25,0.34343773325370736,0.5833333333333334,0.75,0.782505613185954,0.30155461488411495,0.0,0.25,21.379527799663737,20000083
Random,7.628828175080208,5,0.4166666666666667,0.40754952305933906,0.6666666666666666,0.5833333333333333,0.8412915581611408,0.2042280801352749,0.0,0.3333333333333333,20.749985280179764,20000084
Random,7.589364796543157,5,0.4166666666666667,0.3269120066037267,0.5833333333333334,0.5833333333333333,0.9015627396413247,0.18022867903827777,0.0,0.3958333333333333,20.089526654074106,20000085
Random,13.197130047903503,8,0.6666666666666666,0.6279436868073205,0.75,0.33333333333333337,0.88568752439037,0.2270673179563767,0.0,0.2916666666666667,22.5154076598148,20000086
Random,9.35998094870206,6,0.5,0.40445823477552817,0.6666666666666666,0.5,0.888206301511468,0.18585407842369026,0.0,0.3541666666666667,22.76232965833552,20000087
Random,11.344831173341582,7,0.5833333333333334,0.4496734826308494,0.5833333333333334,0.41666666666666663,0.9216399506416822,0.12578821157742515,0.0,0.4791666666666667,18.64859653787399,20000088
Random,12.835543983109902,8,0.6666666666666666,0.7520645153252935,0.6666666666666666,0.33333333333333337,0.8199120080018929,0.20331800621445242,0.0,0.3125,22.632714018971285,20000089
Random,6.288224741031226,4,0.3333333333333333,0.3183756812714785,0.5833333333333334,0.6666666666666667,0.8761576996068193,0.12989560467062464,0.0,0.4791666666666667,17.408062812679518,20000090
Random,12.367939134675174,8,0.6666666666666666,0.6327690003381001,0.6666666666666666,0.33333333333333337,0.8567820755872377,0.21894329759359696,0.0,0.3125,22.189471113085233,20000091
Random,11.258598896827776,7,0.5833333333333334,0.5012097827396363,0.6666666666666666,0.41666666666666663,0.8694350602990347,0.21983184182954849,0.0,0.3333333333333333,21.74052393528637,20000092
Random,10.950011586550408,7,0.5833333333333334,0.6524417390907025,0.6666666666666666,0.41666666666666663,0.8097641121614253,0.19748901988627288,0.0,0.2916666666666667,20.838074022159535,20000093
Random,6.135094203427792,4,0.3333333333333333,0.2967021414878477,0.6666666666666666,0.6666666666666667,0.8652850843663172,0.1535828512227804,0.0,0.3958333333333333,19.705776617961664,20000094
Random,9.411528295146873,7,0.5833333333333334,0.4853188576071651,0.5833333333333334,0.41666666666666663,0.7811154004157217,0.3110688423579755,0.0,0.2916666666666667,19.622282967604885,20000095
Random,5.049758476453181,4,0.3333333333333333,0.4350269323767605,0.6666666666666666,0.6666666666666667,0.7888516690075497,0.33139719726742506,0.0,0.16666666666666666,23.075809029213186,20000096
Random,5.925356779391987,4,0.3333333333333333,0.278263797339211,0.6666666666666666,0.6666666666666667,0.8395907253753393,0.2068023189963243,0.0,0.2916666666666667,22.053215443223692,20000097
Random,9.212241513622766,6,0.5,0.4070663422965187,0.6666666666666666,0.5,0.8598317185933321,0.20533670126960135,0.0,0.3125,21.899039886602395,20000098
Random,11.549988305323415,7,0.5833333333333334,0.5396168275598265,0.6666666666666666,0.41666666666666663,0.9051796237058776,0.13775341454574283,0.0,0.4166666666666667,21.190017903644954,20000099
Random,9.235248524779308,6,0.5,0.43649977855425026,0.5833333333333334,0.5,0.8733552047925809,0.16579651768133521,0.0,0.3958333333333333,20.468199015967095,20000100
Random,9.095161900100749,6,0.5,0.33156944191691645,0.6666666666666666,0.5,0.8774454954959471,0.1799795124036863,0.0,0.3541666666666667,20.92577110570264,20000101
Random,14.83615200315663,10,0.8333333333333334,0.7285235683870515,0.8333333333333334,0.16666666666666663,0.7777863503110276,0.2713090932190633,0.0,0.16666666666666666,23.792975506953734,20000102
Random,11.205722076003351,7,0.5833333333333334,0.5557711324029487,0.5833333333333334,0.41666666666666663,0.8681135672026982,0.14357187144475989,0.0,0.3958333333333333,19.97439073514178,20000103
Random,8.840185671187884,6,0.5,0.4485597476481547,0.5833333333333334,0.5,0.8450409910993907,0.20162559994954807,0.0,0.3333333333333333,22.462969524433174,20000104
Random,7.915964167866763,5,0.4166666666666667,0.5037837538682938,0.5833333333333334,0.5833333333333333,0.8897468753960366,0.16253720146141654,0.0,0.4375,18.742998114633426,20000105
Random,7.478571215798849,5,0.4166666666666667,0.32078388035506056,0.5833333333333334,0.5833333333333333,0.8770943745271668,0.16696888913641975,0.0,0.3958333333333333,20.08209174048154,20000106
Random,12.297421957162086,8,0.6666666666666666,0.6085488075559059,0.75,0.33333333333333337,0.8461260639010387,0.22239837810901086,0.0,0.3125,21.367038696669404,20000107
Random,7.611552510589031,5,0.4166666666666667,0.509566509782286,0.6666666666666666,0.5833333333333333,0.8484147013881582,0.22702764305235057,0.0,0.3333333333333333,21.2344084616561,20000108
Random,4.351859733505059,4,0.3333333333333333,0.23848427414401957,0.5833333333333334,0.6666666666666667,0.7717781856541205,0.30092790803549746,0.0,0.25,19.90295360776492,20000109
Random,9.252683263969203,6,0.5,0.4546980936780484,0.5833333333333334,0.5,0.8720770180551151,0.19751738866480253,0.0,0.3125,22.086231305479178,20000110
Random,8.489690513677681,6,0.5,0.4147911444066214,0.6666666666666666,0.5,0.8010821499591986,0.2367395238501396,0.0,0.2708333333333333,21.235262705742194,20000111
Random,13.196854009585692,8,0.6666666666666666,0.6532964488848012,0.6666666666666666,0.33333333333333337,0.8756946136951539,0.2776447803146738,0.0,0.25,25.096170907150555,20000112
Random,7.010261162146538,5,0.4166666666666667,0.43690742269605964,0.5833333333333334,0.5833333333333333,0.8091407719768551,0.2004159478947248,0.0,0.3333333333333333,20.196523026779296,20000113
Random,7.321699624269069,5,0.4166666666666667,0.3859417418854139,0.5,0.5833333333333333,0.850167560651681,0.1847213130007206,0.0,0.3958333333333333,19.487678449531305,20000114
Random,8.87226359384245,6,0.5,0.4029699925190053,0.75,0.5,0.8530341682365509,0.283222628979635,0.0,0.22916666666666666,23.44759867263418,20000115
Random,8.17697313986627,5,0.4166666666666667,0.41648874852943657,0.75,0.5833333333333333,0.8843850766132898,0.18183811629747745,0.0,0.3333333333333333,22.891722918104662,20000116
Random,6.491482108987412,5,0.4166666666666667,0.4431000187676526,0.5833333333333334,0.5833333333333333,0.793009985084263,0.2751561786021769,0.0,0.2916666666666667,20.81901251335659,20000117
Random,5.542068572431279,4,0.3333333333333333,0.3255644601062429,0.6666666666666666,0.6666666666666667,0.8180307314921725,0.24609119405794957,0.0,0.2708333333333333,21.39432932418771,20000118
Random,9.470909811094858,6,0.5,0.4171918664435551,0.6666666666666666,0.5,0.8652537840299407,0.20220766960386483,0.0,0.3125,22.487189760545593,20000119
Random,10.436065465832959,7,0.5833333333333334,0.4482034387007302,0.75,0.41666666666666663,0.8552134676137939,0.2663433246164079,0.0,0.20833333333333334,24.813162659822723,20000120
Random,3.0364785060887214,3,0.25,0.27531229810818864,0.5,0.75,0.7570770563244918,0.27028651657529346,0.0,0.2916666666666667,18.76815118530821,20000121
Random,11.22006966901234,7,0.5833333333333334,0.5018473263412675,0.75,0.41666666666666663,0.8434543608608897,0.19013548147331014,0.0,0.3125,21.73342041916183,20000122
Random,7.851557699112899,5,0.4166666666666667,0.49194478540358316,0.5833333333333334,0.5833333333333333,0.8914879678135135,0.1768615025787783,0.0,0.375,20.484835929714617,20000123
Random,10.35789185640636,7,0.5833333333333334,0.5452344955788947,0.5833333333333334,0.41666666666666663,0.8804120080177779,0.18462649486012847,0.0,0.3958333333333333,20.061805938478383,20000124
Random,8.863120195375949,6,0.5,0.5880237242435677,0.6666666666666666,0.5,0.8310846006412262,0.2688683758062426,0.0,0.25,22.43042069568464,20000125
Random,8.671942300266222,6,0.5,0.45299991094031106,0.5833333333333334,0.5,0.8003228613297448,0.23788546761220922,0.0,0.2916666666666667,20.373839101135562,20000126
Random,10.854050775275017,7,0.5833333333333334,0.5150129816705135,0.6666666666666666,0.41666666666666663,0.8539901772967857,0.22452276728398135,0.0,0.2916666666666667,22.357113066001496,20000127
Random,8.898981471576134,6,0.5,0.402692637789045,0.75,0.5,0.8380707079668109,0.18809613897160785,0.0,0.3333333333333333,20.86571387913897,20000128
Random,11.333880677556337,7,0.5833333333333334,0.5899871773728865,0.6666666666666666,0.41666666666666663,0.8531486960465644,0.20226591301220656,0.0,0.3541666666666667,21.31811203789045,20000129
Random,7.344030362101096,5,0.4166666666666667,0.42381638619025713,0.5833333333333334,0.5833333333333333,0.859728162036521,0.20784935435759566,0.0,0.3333333333333333,20.988947187344376,20000130
Random,9.631232895980457,6,0.5,0.4860793184359404,0.6666666666666666,0.5,0.8592594771985237,0.22783354824624893,0.0,0.2916666666666667,22.811690744045528,20000131
Random,10.696619086567168,7,0.5833333333333334,0.4819526247337425,0.75,0.41666666666666663,0.8204341101503982,0.20275822924117137,0.0,0.2708333333333333,23.194410620967346,20000132
Random,9.912079306359457,6,0.5,0.5515121329027375,0.6666666666666666,0.5,0.8742281817993293,0.1387223412770936,0.0,0.375,20.46621511944184,20000133
Random,10.827551172652925,7,0.5833333333333334,0.44757559850317363,0.6666666666666666,0.41666666666666663,0.8717924127582499,0.15025720417968813,0.0,0.375,21.185002004821413,20000134
Random,9.728488556155868,6,0.5,0.40603988917509953,0.6666666666666666,0.5,0.9233059657195711,0.16180480102958483,0.0,0.3958333333333333,20.08401580801715,20000135
Random,7.619227862360116,5,0.4166666666666667,0.4585700972857658,0.5,0.5833333333333333,0.8868577057539184,0.175648169102841,0.0,0.4583333333333333,17.570074942307656,20000136
Random,12.835805091734846,8,0.6666666666666666,0.6312110627981988,0.8333333333333334,0.33333333333333337,0.8282164482208675,0.23301670752422313,0.0,0.22916666666666666,22.976780523953355,20000137
Random,5.7300108612402605,4,0.3333333333333333,0.3731971054447636,0.5833333333333334,0.6666666666666667,0.8184182487460947,0.22841203342552988,0.0,0.3125,20.58856614514839,20000138
Random,7.08174483979421,5,0.4166666666666667,0.4787484074711345,0.5833333333333334,0.5833333333333333,0.7996402292276293,0.23596954280516355,0.0,0.2708333333333333,21.839413038156387,20000139
Random,6.24908806333184,4,0.3333333333333333,0.4662235130200691,0.75,0.6666666666666667,0.820219625859765,0.21222642397134073,0.0,0.3125,20.326419762864493,20000140
Random,11.024202747503372,7,0.5833333333333334,0.4699278810590689,0.6666666666666666,0.41666666666666663,0.8600548096326692,0.19941359486375695,0.0,0.3125,22.0495131002427,20000141
Random,10.808692672745032,7,0.5833333333333334,0.5645008374497199,0.6666666666666666,0.41666666666666663,0.8067662000494513,0.23251047749646628,0.0,0.3125,21.5377664810147,20000142
Random,8.936654913222855,6,0.5,0.3867437835695187,0.5833333333333334,0.5,0.8417497267483611,0.20380760461267358,0.0,0.3333333333333333,20.9097131978377,20000143
Random,13.05463023740547,8,0.6666666666666666,0.6501171949880544,0.75,0.33333333333333337,0.8833077989746978,0.21252009636409105,0.0,0.2916666666666667,23.645624257752328,20000144
Random,13.200894475586155,8,0.6666666666666666,0.763215129715453,0.6666666666666666,0.33333333333333337,0.8548876760764758,0.21647429973150614,0.0,0.3125,22.43135208412873,20000145
Random,7.33876599360657,5,0.4166666666666667,0.33457122488285884,0.6666666666666666,0.5833333333333333,0.8263766863358457,0.20632475702307382,0.0,0.3125,21.885688841162363,20000146
Random,11.03157163727176,7,0.5833333333333334,0.5601362413815392,0.6666666666666666,0.41666666666666663,0.8528888413547483,0.17286200991517275,0.0,0.3541666666666667,22.50129633464228,20000147
Random,10.956083986091759,7,0.5833333333333334,0.5233230201559897,0.6666666666666666,0.41666666666666663,0.8462270538404063,0.2079538144907865,0.0,0.3333333333333333,20.429879828613053,20000148
Random,7.8387626876129115,5,0.4166666666666667,0.3697832892623031,0.6666666666666666,0.5833333333333333,0.8905149159388707,0.19996280214885612,0.0,0.3333333333333333,22.838719620456413,20000149
Random,4.669014540743469,3,0.25,0.23289593712249804,0.5833333333333334,0.75,0.8810455806554124,0.12703776484230866,0.0,0.4791666666666667,17.796415366599756,20000150
Random,12.733921846008975,8,0.6666666666666666,0.6942043473422743,0.6666666666666666,0.33333333333333337,0.8701627650694087,0.17840520504048965,0.0,0.3333333333333333,21.01263249907707,20000151
Random,8.569881452072007,6,0.5,0.41360853002238157,0.6666666666666666,0.5,0.8150903579474585,0.2591552349718926,0.0,0.2916666666666667,20.21035010029532,20000152
Random,12.294909444884585,8,0.6666666666666666,0.6740697103930411,0.6666666666666666,0.33333333333333337,0.842129457252673,0.24769564303198996,0.0,0.3125,20.412081712778225,20000153
Random,11.832431823940965,8,0.6666666666666666,0.6209410629935557,0.75,0.33333333333333337,0.8478073577789601,0.2965397534272122,0.0,0.20833333333333334,23.412799403704334,20000154
Random,12.682214925730504,8,0.6666666666666666,0.6290191189881292,0.6666666666666666,0.33333333333333337,0.8351412298693778,0.19543816466057207,0.0,0.3125,21.655954099249136,20000155
Random,12.212742904197952,8,0.6666666666666666,0.617538644509432,0.6666666666666666,0.33333333333333337,0.8278378946142899,0.2513764308517466,0.0,0.2916666666666667,21.260678912626858,20000156
Random,6.39781985534492,4,0.3333333333333333,0.45442481965873843,0.5833333333333334,0.6666666666666667,0.8798390375062115,0.21795952554981946,0.0,0.3541666666666667,22.501910768262604,20000157
Random,9.117541510268673,6,0.5,0.3523721315662943,0.75,0.5,0.8885611360138729,0.22534397301440076,0.0,0.2708333333333333,24.117660824076257,20000158
Random,9.476713727640123,6,0.5,0.3915858773101815,0.6666666666666666,0.5,0.8688214116152695,0.1804277644287573,0.0,0.3541666666666667,21.51516283913975,20000159
Random,7.662927132665832,5,0.4166666666666667,0.4182705384498253,0.6666666666666666,0.5833333333333333,0.8593555574215618,0.21698398118422524,0.0,0.3125,21.66603293000836,20000160
Random,10.311970609555381,7,0.5833333333333334,0.5320884510564599,0.75,0.41666666666666663,0.8132871350591776,0.23924181301894346,0.0,0.25,22.40386504059104,20000161
Random,9.571964526941011,6,0.5,0.42222249816462504,0.6666666666666666,0.5,0.8523879153424012,0.186453003414508,0.0,0.3541666666666667,20.414078641809343,20000162
Random,12.489845876562264,8,0.6666666666666666,0.5765935313388495,0.6666666666666666,0.33333333333333337,0.8561290504766745,0.18404322135122997,0.0,0.3541666666666667,20.545305603398774,20000163
Random,11.298086008117473,7,0.5833333333333334,0.4996700648820873,0.6666666666666666,0.41666666666666663,0.8590168094011581,0.21036645774582197,0.0,0.2916666666666667,21.56340753693472,20000164
Random,12.990547261070853,8,0.6666666666666666,0.7151409926198145,0.75,0.33333333333333337,0.8743536337991973,0.21603019035185422,0.0,0.2916666666666667,22.398138590559977,20000165
Random,9.491223729575342,6,0.5,0.4261402410961459,0.6666666666666666,0.5,0.9027957977605338,0.18056696728328955,0.0,0.3958333333333333,20.838656274836094,20000166
Random,11.469811647910987,7,0.5833333333333334,0.6757688629163312,0.6666666666666666,0.41666666666666663,0.8548533886794609,0.1708917462760057,0.0,0.375,21.08842315427359,20000167
Random,9.035892541207215,6,0.5,0.3341269458366973,0.6666666666666666,0.5,0.8633290019723384,0.1683362017137834,0.0,0.375,20.44197256685677,20000168
Random,11.616078186448838,7,0.5833333333333334,0.6652931215686139,0.6666666666666666,0.41666666666666663,0.8731181929980245,0.203099347362265,0.0,0.3541666666666667,22.387246057407303,20000169
Random,9.03947973352599,6,0.5,0.38060298616410115,0.6666666666666666,0.5,0.8570652040326809,0.19741386029382935,0.0,0.3333333333333333,22.260557145927518,20000170
Random,9.287635699061806,6,0.5,0.41706872713813053,0.6666666666666666,0.5,0.8861058410091139,0.16438577704401605,0.0,0.3541666666666667,21.868580878214846,20000171
Random,10.045833201927016,7,0.5833333333333334,0.474944856629898,0.75,0.41666666666666663,0.858878603209035,0.2572038664392571,0.0,0.25,23.335250428437355,20000172
Random,12.37488707082624,8,0.6666666666666666,0.5853555406083368,0.6666666666666666,0.33333333333333337,0.8502186018678078,0.21926560994711797,0.0,0.3125,22.600241660294156,20000173
Random,14.40883054246246,9,0.75,0.674279336687592,0.8333333333333334,0.25,0.8541993922720427,0.24873096539402226,0.0,0.25,23.741234420502348,20000174
Random,5.007063908370507,4,0.3333333333333333,0.32547055728845614,0.5833333333333334,0.6666666666666667,0.7738244388483436,0.22822349570449538,0.0,0.2916666666666667,19.113253234783024,20000175
Random,10.770653206518874,7,0.5833333333333334,0.5177206991953232,0.6666666666666666,0.41666666666666663,0.8566703293626463,0.1894306403197237,0.0,0.3541666666666667,22.069083336455762,20000176
Random,10.687541369005027,7,0.5833333333333334,0.496518693861627,0.6666666666666666,0.41666666666666663,0.8712192008624635,0.19547863644548105,0.0,0.3333333333333333,22.272224712073392,20000177
Random,11.292031804099432,7,0.5833333333333334,0.5018089655277428,0.75,0.41666666666666663,0.8804187690585872,0.20822843871722374,0.0,0.3333333333333333,22.620689344409016,20000178
Random,8.207068641141134,5,0.4166666666666667,0.358199217786172,0.75,0.5833333333333333,0.8882720919580297,0.18985306463082877,0.0,0.3333333333333333,23.426306932185803,20000179
Random,8.374084039983138,5,0.4166666666666667,0.3784245859600821,0.6666666666666666,0.5833333333333333,0.8686741555017559,0.16413618723277404,0.0,0.3541666666666667,21.785946550995725,20000180
Random,9.754875808280847,6,0.5,0.4597638581389073,0.6666666666666666,0.5,0.9070586576135007,0.1367697054112507,0.0,0.4166666666666667,21.301334745191593,20000181
Random,12.826346246198327,8,0.6666666666666666,0.6597461877549865,0.6666666666666666,0.33333333333333337,0.8344550512126553,0.24779086328478359,0.0,0.2708333333333333,23.031109131180724,20000182
Random,1.9401522141232657,3,0.25,0.19682062269450099,0.5,0.75,0.7175441016924112,0.31361246906364043,0.0,0.20833333333333334,20.681518231722382,20000183
Random,9.231463284873572,6,0.5,0.4753767037030107,0.6666666666666666,0.5,0.8380227550741749,0.20140114082144558,0.0,0.3125,21.124338638493473,20000184
Random,14.379661297431822,9,0.75,0.6238134750869394,0.75,0.25,0.8799153365594061,0.17966693030342493,0.0,0.3333333333333333,20.854022936502307,20000185
Random,7.165038913036989,5,0.4166666666666667,0.3758756305203322,0.5833333333333334,0.5833333333333333,0.873362665461418,0.18924217161808285,0.0,0.3541666666666667,20.110169101416652,20000186
Random,8.38137549565366,6,0.5,0.41423109009574943,0.6666666666666666,0.5,0.7962124338744611,0.3051951257162965,0.0,0.20833333333333334,21.83744536633003,20000187
Random,10.867982895521264,7,0.5833333333333334,0.6901791762127218,0.6666666666666666,0.41666666666666663,0.8326309505374755,0.30066307891999516,0.0,0.25,22.19070735628588,20000188
Random,8.788258871713278,6,0.5,0.4208965623088798,0.5833333333333334,0.5,0.8398319930271946,0.1942429194247912,0.0,0.3125,21.729734461796035,20000189
Random,10.604825344294625,7,0.5833333333333334,0.5505466645019534,0.6666666666666666,0.41666666666666663,0.8651189300422321,0.22542917481247401,0.0,0.3333333333333333,20.367333110955347,20000190
Random,17.53794325069856,11,0.9166666666666666,0.9223599923569041,0.9166666666666666,0.08333333333333337,0.8957112753936896,0.12374552519828295,0.0,0.375,22.582810024004864,20000191
Random,6.777248199690308,4,0.3333333333333333,0.36441510177460895,0.6666666666666666,0.6666666666666667,0.8971806378823698,0.17701522954062607,0.0,0.3958333333333333,20.6026524352539,20000192
Random,11.595439707379509,7,0.5833333333333334,0.4942674061910156,0.75,0.41666666666666663,0.8979598391141085,0.20655349965915706,0.0,0.3125,23.24579439127624,20000193
Random,7.542390603051899,5,0.4166666666666667,0.3165424224775324,0.5,0.5833333333333333,0.8908216005264301,0.12397209518134601,0.0,0.5208333333333334,17.216960126153072,20000194
Random,9.608531796008613,6,0.5,0.5015394962466517,0.6666666666666666,0.5,0.8587138689166366,0.2069434386831697,0.0,0.3333333333333333,21.975211918993473,20000195
Random,13.08928482792383,8,0.6666666666666666,0.5645881697249936,0.6666666666666666,0.33333333333333337,0.906843425968927,0.13692879148440631,0.0,0.4166666666666667,19.699187341955433,20000196
Random,9.925710635062304,6,0.5,0.4106652885650479,0.75,0.5,0.8724100312817594,0.1788584749447637,0.0,0.3333333333333333,22.418947014498258,20000197
Random,8.778381791116376,6,0.5,0.3417713343471794,0.6666666666666666,0.5,0.8520970987565945,0.17401370973906502,0.0,0.3541666666666667,20.739669913276995,20000198
Random,9.421443720461884,6,0.5,0.4048765993144296,0.6666666666666666,0.5,0.8651573634324795,0.18006840435007251,0.0,0.375,20.90659553167584,20000199
Random,10.051695900505559,7,0.5833333333333334,0.4941104615052712,0.6666666666666666,0.41666666666666663,0.8250812759231495,0.274754682137476,0.0,0.22916666666666666,23.162912322191,20000200
Random,5.260744927359661,4,0.3333333333333333,0.16280240304452762,0.5833333333333334,0.6666666666666667,0.8548515706557792,0.1557473300351111,0.0,0.4166666666666667,16.835477651325316,20000201
Random,7.217291128733575,5,0.4166666666666667,0.3508629602844501,0.5,0.5833333333333333,0.8933417023446935,0.1724065577565501,0.0,0.4375,19.031233535467578,20000202
Random,14.195115824493781,9,0.75,0.6183489634683421,0.8333333333333334,0.25,0.8821186299523652,0.19889936451788662,0.0,0.3125,22.913296646864552,20000203
Random,10.452583396260689,7,0.5833333333333334,0.48941519668038275,0.75,0.41666666666666663,0.8112262566968602,0.2656820065588259,0.0,0.20833333333333334,23.026455324766932,20000204
Random,11.758364638809274,7,0.5833333333333334,0.7381654238085427,0.8333333333333334,0.41666666666666663,0.8280504583083829,0.24774320971633731,0.0,0.20833333333333334,24.808133271509643,20000205
Random,6.789674644786487,5,0.4166666666666667,0.2569095418791492,0.5833333333333334,0.5833333333333333,0.851448766680211,0.20185731136654014,0.0,0.3541666666666667,20.12372962764524,20000206
Random,9.386560719820256,6,0.5,0.4361027758863621,0.6666666666666666,0.5,0.841749871850729,0.21700327178827494,0.0,0.2916666666666667,23.143322241404462,20000207
Random,9.669775181489907,6,0.5,0.4323181504932799,0.6666666666666666,0.5,0.8748991201600126,0.18448934874807668,0.0,0.3333333333333333,21.68063442880889,20000208
Random,11.841494974204354,7,0.5833333333333334,0.4754874079498781,0.75,0.41666666666666663,0.8880183358325272,0.16173021803141338,0.0,0.3541666666666667,22.493606444212087,20000209
Random,12.388545691183571,8,0.6666666666666666,0.5365059700810683,0.8333333333333334,0.33333333333333337,0.8831324328571452,0.19759807685416908,0.0,0.2708333333333333,24.332680926877693,20000210
Random,10.237799269146572,7,0.5833333333333334,0.42284199816202794,0.75,0.41666666666666663,0.822288074387334,0.19569612295775518,0.0,0.2708333333333333,22.402153584229897,20000211
Random,14.264886454954611,9,0.75,0.7263272675701106,0.8333333333333334,0.25,0.831484588255624,0.22389698091582697,0.0,0.20833333333333334,24.336679601390806,20000212
Random,9.052013552868354,6,0.5,0.582127347852003,0.6666666666666666,0.5,0.8380519485087365,0.2756632057539667,0.0,0.2708333333333333,22.767503669290775,20000213
Random,8.608758715322383,6,0.5,0.39144110605598853,0.6666666666666666,0.5,0.8061263629263394,0.21985253865864765,0.0,0.3333333333333333,19.0320806766828,20000214
Random,11.080088563641874,7,0.5833333333333334,0.6062425921870865,0.6666666666666666,0.41666666666666663,0.8601111305096297,0.28548654411381685,0.0,0.25,24.039291085022498,20000215
Random,10.803911347378222,7,0.5833333333333334,0.41489374670234486,0.75,0.41666666666666663,0.8542110463773861,0.16479519480834137,0.0,0.3333333333333333,21.546963475689168,20000216
Random,10.321639909594506,7,0.5833333333333334,0.635965477277344,0.8333333333333334,0.41666666666666663,0.8223876008265453,0.3364580816503327,0.0,0.16666666666666666,23.580460309444877,20000217
Random,9.96220666339693,7,0.5833333333333334,0.5217659453203624,0.75,0.41666666666666663,0.7895819302826076,0.2474413951641726,0.0,0.2708333333333333,20.95425026769624,20000218
Random,7.538674690703332,5,0.4166666666666667,0.42028720216674664,0.5833333333333334,0.5833333333333333,0.8531467773785902,0.17935864458320694,0.0,0.4166666666666667,18.591449189884262,20000219
Random,10.35527899902557,7,0.5833333333333334,0.5694462808035528,0.75,0.41666666666666663,0.7608087997101712,0.2414368283341469,0.0,0.22916666666666666,21.70906629653428,20000220
Random,6.862747672989874,4,0.3333333333333333,0.4697735537047575,0.5833333333333334,0.6666666666666667,0.896049995165192,0.1587502666275933,0.0,0.3958333333333333,19.840506169179076,20000221
Random,9.945143261524821,6,0.5,0.4103884478144563,0.75,0.5,0.8948327022129169,0.125610319148084,0.0,0.4375,20.684711794756517,20000222
Random,9.039537033004292,6,0.5,0.5101103678269717,0.6666666666666666,0.5,0.8553893133821161,0.2232798175814095,0.0,0.3125,20.865257517795996,20000223
Random,6.1408812760820295,4,0.3333333333333333,0.3050318296307708,0.5833333333333334,0.6666666666666667,0.8880688315548996,0.16438246309562204,0.0,0.3958333333333333,20.76457049062584,20000224
Random,9.05823714952918,6,0.5,0.5766966965961721,0.6666666666666666,0.5,0.8560111715469368,0.25934733539427773,0.0,0.2916666666666667,21.41635746955688,20000225
Random,11.150597102539285,7,0.5833333333333334,0.6127411274075047,0.6666666666666666,0.41666666666666663,0.8398404074158057,0.25831024907220507,0.0,0.25,24.07038242187875,20000226
Random,12.735744632759044,8,0.6666666666666666,0.5822878515486277,0.8333333333333334,0.33333333333333337,0.8653526079234529,0.2168365008081373,0.0,0.2708333333333333,23.78273624219533,20000227
Random,12.358670899751582,8,0.6666666666666666,0.5942212155429752,0.8333333333333334,0.33333333333333337,0.846930887459731,0.24965218718666424,0.0,0.22916666666666666,23.208308512608998,20000228
Random,6.551411700907041,4,0.3333333333333333,0.2818356619086754,0.6666666666666666,0.6666666666666667,0.8946162463172872,0.1747902749952374,0.0,0.375,21.84699980539588,20000229
Random,7.855757092921034,5,0.4166666666666667,0.32803024510612444,0.75,0.5833333333333333,0.8821966099079687,0.2012641489763969,0.0,0.2916666666666667,23.66726723701047,20000230
Random,8.779401350677555,6,0.5,0.3074598460890812,0.6666666666666666,0.5,0.8898413379025595,0.16338235059075448,0.0,0.4375,18.058963101861334,20000231
Random,7.490060341582851,5,0.4166666666666667,0.26328736786055223,0.6666666666666666,0.5833333333333333,0.8500892962865315,0.16434444726332256,0.0,0.3541666666666667,21.083447577766787,20000232
Random,7.9445484142010905,5,0.4166666666666667,0.44906445693071345,0.5833333333333334,0.5833333333333333,0.848331814658707,0.179374437289064,0.0,0.3333333333333333,21.459611964922217,20000233
Random,6.783323579230501,4,0.3333333333333333,0.33229078980050625,0.5833333333333334,0.6666666666666667,0.8737653294965977,0.13026196659866685,0.0,0.4791666666666667,18.080906386467063,20000234
Random,8.116522195250255,6,0.5,0.5627634238892956,0.6666666666666666,0.5,0.7410647587712589,0.2666309667948421,0.0,0.22916666666666666,20.599574138342266,20000235
Random,10.624749847097252,7,0.5833333333333334,0.4944767411286446,0.6666666666666666,0.41666666666666663,0.8896833420793776,0.2020133405188814,0.0,0.3333333333333333,22.457532650988163,20000236
Random,8.039238323752983,5,0.4166666666666667,0.3575215834105232,0.5833333333333334,0.5833333333333333,0.8856499625783156,0.17952633160128859,0.0,0.3958333333333333,20.429872163474823,20000237
Random,9.467257636785556,6,0.5,0.35140823729621284,0.6666666666666666,0.5,0.9026342279959918,0.14841359573147414,0.0,0.3958333333333333,19.95486832683228,20000238
Random,10.274852855905324,6,0.5,0.43175887701066235,0.6666666666666666,0.5,0.9118112875751572,0.15686899473920898,0.0,0.4166666666666667,20.627584384484486,20000239
Random,9.712944490188203,6,0.5,0.434198196140891,0.5833333333333334,0.5,0.8919836107915108,0.1552542272134867,0.0,0.4583333333333333,19.07417556417615,20000240
Random,7.830549392753407,5,0.4166666666666667,0.38808382099254757,0.5833333333333334,0.5833333333333333,0.8791850561648721,0.19702129061941065,0.0,0.375,20.418594378572955,20000241
Random,13.021339813330135,8,0.6666666666666666,0.6761022709001043,0.75,0.33333333333333337,0.9071278984882708,0.1262542951339796,0.0,0.4166666666666667,20.874340959181044,20000242
Random,11.270828040447858,7,0.5833333333333334,0.5618412458621649,0.5833333333333334,0.41666666666666663,0.8514699632319388,0.20608332629201778,0.0,0.375,20.224723616280684,20000243
Random,16.070448678962173,10,0.8333333333333334,0.8475478319947377,0.8333333333333334,0.16666666666666663,0.8454091018350937,0.29062822759994433,0.0,0.16666666666666666,25.84611865706801,20000244
Random,11.083839654100645,7,0.5833333333333334,0.585055375359172,0.5833333333333334,0.41666666666666663,0.8713348155138352,0.20667715021073504,0.0,0.3333333333333333,23.502814225399835,20000245
Random,7.017365161516445,4,0.3333333333333333,0.4660953256567068,0.6666666666666666,0.6666666666666667,0.8950314025783412,0.1938214683143931,0.0,0.3541666666666667,21.74140755051888,20000246
Random,12.25647079562434,8,0.6666666666666666,0.5093301694506963,0.75,0.33333333333333337,0.8845761954817911,0.21690782194190325,0.0,0.3125,21.951489628246193,20000247
Random,16.906819486915385,10,0.8333333333333334,0.8698569814027801,0.8333333333333334,0.16666666666666663,0.9210115409057553,0.15292853816943688,0.0,0.375,22.38519514248589,20000248
Random,7.7365548066430865,5,0.4166666666666667,0.31484166243742984,0.6666666666666666,0.5833333333333333,0.8942491847076776,0.18592104925910716,0.0,0.3958333333333333,20.382489389715193,20000249
Random,14.476438817121283,9,0.75,0.7368034605107614,0.75,0.25,0.8758332192125599,0.20721083305281854,0.0,0.3125,22.60217029927701,20000250
Random,10.771806186893917,7,0.5833333333333334,0.6425694540958479,0.6666666666666666,0.41666666666666663,0.8285308792355432,0.26276506207441686,0.0,0.25,22.05497181012882,20000251
Random,11.238020540333322,7,0.5833333333333334,0.4948578934424915,0.75,0.41666666666666663,0.8880581131388223,0.1681756647266974,0.0,0.3541666666666667,21.514768780121198,20000252
Random,10.503981051973415,7,0.5833333333333334,0.5581401066024293,0.5833333333333334,0.41666666666666663,0.8042110080790487,0.23508176796389244,0.0,0.3125,19.58186333259534,20000253
Random,4.276711412551076,3,0.25,0.2611875035106636,0.5,0.75,0.8976317482360917,0.18435946142315654,0.0,0.4375,19.02870839191909,20000254
Random,9.754577689249935,6,0.5,0.4131261694708326,0.6666666666666666,0.5,0.87811822950467,0.17548463019530372,0.0,0.3541666666666667,20.74971683260996,20000255
Random,8.247424718292654,6,0.5,0.47800342332843077,0.5833333333333334,0.5,0.8133019050651363,0.31018029421375526,0.0,0.20833333333333334,22.558383356497888,20000256
Random,9.313211393940943,6,0.5,0.36700981714675157,0.6666666666666666,0.5,0.8791757123447627,0.13347526620382488,0.0,0.4166666666666667,20.259905218106237,20000257
Random,9.36737874866752,6,0.5,0.5034622080652247,0.5833333333333334,0.5,0.8628874769415068,0.1701137820807703,0.0,0.3958333333333333,19.77941256378172,20000258
Random,10.766394991545296,7,0.5833333333333334,0.5144053614648314,0.6666666666666666,0.41666666666666663,0.8538169327964683,0.19811028679094153,0.0,0.3125,21.807050806182723,20000259
Random,8.11769373022648,5,0.4166666666666667,0.3337366405435265,0.5833333333333334,0.5833333333333333,0.8991578733723857,0.14009010424013016,0.0,0.4375,19.934977714771353,20000260
Random,7.517742098805661,5,0.4166666666666667,0.2944330380791356,0.6666666666666666,0.5833333333333333,0.8843328503135436,0.2385945760375111,0.0,0.2916666666666667,22.633823203262313,20000261
Random,9.304641508639746,6,0.5,0.35177614328772044,0.75,0.5,0.8990877711605966,0.21174140659810473,0.0,0.3541666666666667,22.035402106397417,20000262
Random,13.235920792930175,8,0.6666666666666666,0.7433329870484658,0.75,0.33333333333333337,0.8579298900721536,0.17503671313575905,0.0,0.3541666666666667,22.05565921997064,20000263
Random,9.746803965867652,6,0.5,0.3929803749865943,0.6666666666666666,0.5,0.884478302966795,0.15624781627285256,0.0,0.3958333333333333,21.029050615687467,20000264
Random,14.106210599040164,9,0.75,0.8369072900505035,0.8333333333333334,0.25,0.7813743563411646,0.22689792219875846,0.0,0.25,22.34611623669457,20000265
Random,14.734508216770518,9,0.75,0.6964609159337841,0.8333333333333334,0.25,0.8897538630863892,0.18699477725108696,0.0,0.2916666666666667,23.740204607932398,20000266
Random,5.738502240843682,4,0.3333333333333333,0.22707096311084113,0.5,0.6666666666666667,0.8952623338063983,0.16000082341621763,0.0,0.4375,18.49559727449425,20000267
Random,8.565989895606238,6,0.5,0.4028441762279812,0.5833333333333334,0.5,0.839889865936792,0.21374071553302101,0.0,0.375,20.402261872687014,20000268
Random,9.946066227414661,6,0.5,0.4618103869652489,0.6666666666666666,0.5,0.8886033725685083,0.18031197430922127,0.0,0.3541666666666667,21.83759954809248,20000269
Random,11.424933952713488,7,0.5833333333333334,0.5711009258127132,0.6666666666666666,0.41666666666666663,0.8689188910988443,0.16502906831106184,0.0,0.3958333333333333,19.750312277111263,20000270
Random,14.075084201673567,9,0.75,0.6760998404694442,0.75,0.25,0.8491182293522019,0.23876352530159198,0.0,0.22916666666666666,23.65050574532465,20000271
Random,8.469829336432715,5,0.4166666666666667,0.5421566450551888,0.5833333333333334,0.5833333333333333,0.8712985674382345,0.1521685140875455,0.0,0.3958333333333333,20.376320368860167,20000272
Random,11.7767161475842,7,0.5833333333333334,0.5574661279316907,0.6666666666666666,0.41666666666666663,0.9076061856053572,0.1340620659635355,0.0,0.4375,20.072104887437664,20000273
Random,10.802249749277834,7,0.5833333333333334,0.5128969099550339,0.5833333333333334,0.41666666666666663,0.8844520082952604,0.1682691826320981,0.0,0.4166666666666667,19.42909351634159,20000274
Random,11.823638955332475,8,0.6666666666666666,0.5146190645695341,0.8333333333333334,0.33333333333333337,0.8391469244857152,0.2437930604443188,0.0,0.25,23.586367189519418,20000275
Random,14.754782747217531,9,0.75,0.6320493872719308,0.75,0.25,0.8641077135375076,0.19054445059050917,0.0,0.3125,22.161241509879837,20000276
Random,9.308663132218953,6,0.5,0.4236790353457331,0.6666666666666666,0.5,0.8631327918362358,0.19004410250930748,0.0,0.375,20.903451822619957,20000277
Random,9.937430019720207,7,0.5833333333333334,0.41450264437456597,0.75,0.41666666666666663,0.7684432871796675,0.24862278450704892,0.0,0.22916666666666666,21.77864433992835,20000278
Random,10.993709923894244,7,0.5833333333333334,0.5335411245694801,0.6666666666666666,0.41666666666666663,0.8244649481747167,0.17618987081436047,0.0,0.3541666666666667,20.25359539746221,20000279
Random,15.732068709368399,10,0.8333333333333334,0.7679832312033075,0.9166666666666666,0.16666666666666663,0.8464352257504375,0.19304014753294166,0.0,0.2708333333333333,23.059559144140348,20000280
Random,8.366212029981446,6,0.5,0.4808159226420201,0.6666666666666666,0.5,0.8163950381106041,0.26512389544252346,0.0,0.2916666666666667,20.418612620840232,20000281
Random,10.837248424904736,7,0.5833333333333334,0.5000068646252238,0.6666666666666666,0.41666666666666663,0.8478091433426274,0.20201207874287141,0.0,0.3541666666666667,20.07327492372586,20000282
Random,13.244149919224448,8,0.6666666666666666,0.7116221939802551,0.75,0.33333333333333337,0.8753553375979396,0.17424078363869502,0.0,0.375,22.051137515450517,20000283
Random,9.19982924153394,6,0.5,0.4007373484284854,0.6666666666666666,0.5,0.859875153154649,0.18862753657112508,0.0,0.3541666666666667,20.711161759051812,20000284
Random,12.160113022388575,8,0.6666666666666666,0.5818142490984338,0.6666666666666666,0.33333333333333337,0.7922849358591462,0.18468698060056546,0.0,0.3333333333333333,20.35699131245338,20000285
Random,6.389086427152774,5,0.4166666666666667,0.3525734572434811,0.5833333333333334,0.5833333333333333,0.7890739162964513,0.3120559690514147,0.0,0.22916666666666666,20.948047832644534,20000286
Random,17.997626806192713,11,0.9166666666666666,0.9443402803084145,0.9166666666666666,0.08333333333333337,0.8566383207597653,0.19607380880982483,0.0,0.2708333333333333,24.170178577800407,20000287
Random,12.62448380675799,8,0.6666666666666666,0.6712389377562505,0.75,0.33333333333333337,0.8382460563982083,0.23723007494488288,0.0,0.22916666666666666,24.188311102848164,20000288
Random,10.689460562272089,7,0.5833333333333334,0.39218129029776244,0.8333333333333334,0.41666666666666663,0.8377949724051007,0.16337904330810163,0.0,0.2916666666666667,22.88755817569784,20000289
Random,9.56237393616542,6,0.5,0.333193666397213,0.75,0.5,0.8782091932810557,0.17375491834243487,0.0,0.3333333333333333,22.502609612907715,20000290
Random,13.571942636709188,9,0.75,0.7986729481073256,0.8333333333333334,0.25,0.7868526023748084,0.2992924933824166,0.0,0.1875,22.953052089487578,20000291
Random,10.681009889941022,7,0.5833333333333334,0.5336714587888224,0.5833333333333334,0.41666666666666663,0.8517820056543578,0.2054859525990522,0.0,0.3333333333333333,22.067260506235147,20000292
Random,8.714316535146986,6,0.5,0.3917131915265495,0.6666666666666666,0.5,0.8429617656685527,0.1955618138839447,0.0,0.3541666666666667,20.094642055943986,20000293
Random,7.056644598256289,5,0.4166666666666667,0.3497863333376727,0.5833333333333334,0.5833333333333333,0.8389989867002928,0.24399141615114509,0.0,0.2916666666666667,21.774674685095956,20000294
Random,7.823848469956436,5,0.4166666666666667,0.3840972995976023,0.6666666666666666,0.5833333333333333,0.8446141335484828,0.18257546354886434,0.0,0.3333333333333333,21.711314116134037,20000295
Random,13.36253064608399,8,0.6666666666666666,0.6089377888360855,0.75,0.33333333333333337,0.8809305616853585,0.22194873118251524,0.0,0.3125,22.844057805207907,20000296
Random,11.759269918945018,8,0.6666666666666666,0.49855876302112634,0.75,0.33333333333333337,0.8141106932377027,0.18564764559347355,0.0,0.3125,20.37956197839679,20000297
Random,8.747830202413184,6,0.5,0.3158340875706986,0.75,0.5,0.8532401499011094,0.20494259674286427,0.0,0.3125,21.341098334754218,20000298
Random,12.821654710072295,9,0.75,0.6571092610881432,0.75,0.25,0.8013202070439057,0.2413097503177345,0.0,0.2916666666666667,20.738617252220735,20000299
Random,9.389749278427958,6,0.5,0.4023557104361677,0.5833333333333334,0.5,0.8895137180012641,0.17740522133258352,0.0,0.4375,19.21750570258389,20000300
Random,7.855479037990374,5,0.4166666666666667,0.3636560816071245,0.6666666666666666,0.5833333333333333,0.8850738964012104,0.15455205435454403,0.0,0.3958333333333333,20.979961025006123,20000301
Random,8.660148018717871,6,0.5,0.43277172815681253,0.5833333333333334,0.5,0.8139346496050922,0.24970013555217943,0.0,0.2916666666666667,21.210942524368534,20000302
Random,5.766530945518371,4,0.3333333333333333,0.3184413525673155,0.5833333333333334,0.6666666666666667,0.8719733653109939,0.17958741874143855,0.0,0.3541666666666667,20.821977660001107,20000303
Random,11.912186279007202,7,0.5833333333333334,0.6320239944685908,0.75,0.41666666666666663,0.9071763857972103,0.1348111965381937,0.0,0.4166666666666667,21.224894402842974,20000304
Random,15.905064417244539,10,0.8333333333333334,0.8309511865475614,0.8333333333333334,0.16666666666666663,0.8613146409479331,0.17438374916583535,0.0,0.3125,21.967879744890205,20000305
Random,8.144357857814326,5,0.4166666666666667,0.4603118141358447,0.75,0.5833333333333333,0.8654847115748033,0.18222599051564262,0.0,0.3333333333333333,21.28388547668414,20000306
Random,9.865368749316552,7,0.5833333333333334,0.5585553864683299,0.6666666666666666,0.41666666666666663,0.7778986618031429,0.3099924211160873,0.0,0.20833333333333334,22.37456353177505,20000307
Random,8.066122443208783,5,0.4166666666666667,0.4097716012775514,0.5833333333333334,0.5833333333333333,0.9004129057844129,0.18235328529427897,0.0,0.3958333333333333,21.36402629268266,20000308
Random,9.350490069996688,6,0.5,0.45850477071399687,0.5833333333333334,0.5,0.8850387569478683,0.2328760570643671,0.0,0.3333333333333333,22.796514484780335,20000309
Random,7.651271075255776,5,0.4166666666666667,0.45499327448718546,0.6666666666666666,0.5833333333333333,0.8752774770843406,0.17421602520115206,0.0,0.3541666666666667,21.953369349964326,20000310
Random,6.2306919529290505,5,0.4166666666666667,0.3006644852162465,0.6666666666666666,0.5833333333333333,0.8156498347922829,0.2663131249523991,0.0,0.22916666666666666,22.212677972441224,20000311
Random,7.003186944056475,5,0.4166666666666667,0.48355331737830987,0.5,0.5833333333333333,0.8179102388497693,0.24047902891095144,0.0,0.3125,20.68032600495453,20000312
Random,7.433205587121275,5,0.4166666666666667,0.26494688554953605,0.6666666666666666,0.5833333333333333,0.8930269637092415,0.18215286057956512,0.0,0.375,20.96796331584174,20000313
Random,10.733045595458915,7,0.5833333333333334,0.5656059052406054,0.6666666666666666,0.41666666666666663,0.8502191485001216,0.21937475976527288,0.0,0.3125,22.167677677458418,20000314
Random,10.449285740599315,7,0.5833333333333334,0.48689249004989704,0.6666666666666666,0.41666666666666663,0.8722622963746286,0.23390338321886675,0.0,0.3125,22.458245129873763,20000315
Random,7.570676940733105,5,0.4166666666666667,0.334115746763933,0.5833333333333334,0.5833333333333333,0.8713898828243658,0.19524354581711365,0.0,0.3958333333333333,18.94213663919016,20000316
Random,12.735848020707271,8,0.6666666666666666,0.5547643307070456,0.8333333333333334,0.33333333333333337,0.8675365642707463,0.21794401608093417,0.0,0.25,24.19498145585651,20000317
Random,6.228979934935857,4,0.3333333333333333,0.2398371242477004,0.6666666666666666,0.6666666666666667,0.8865407190258017,0.18261210889446963,0.0,0.3541666666666667,20.817706752909476,20000318
Random,7.366063276401894,5,0.4166666666666667,0.3301451104145307,0.6666666666666666,0.5833333333333333,0.8575378783241656,0.245426608179944,0.0,0.2708333333333333,23.6114341990117,20000319
Random,10.452515955148623,7,0.5833333333333334,0.47288439834663326,0.6666666666666666,0.41666666666666663,0.8147221700687507,0.2522442172625574,0.0,0.2708333333333333,21.804923113588526,20000320
Random,14.435694083662952,9,0.75,0.6669768879543069,0.75,0.25,0.8815416114720126,0.14473741550580885,0.0,0.3541666666666667,23.154414360518018,20000321
Random,11.690721318875388,7,0.5833333333333334,0.5150981046523544,0.6666666666666666,0.41666666666666663,0.8814092289899792,0.16476933434574187,0.0,0.3958333333333333,20.482162256954112,20000322
Random,7.762326696177429,5,0.4166666666666667,0.3263927143845573,0.75,0.5833333333333333,0.8636160099295226,0.21826042845681495,0.0,0.2916666666666667,22.74812027966083,20000323
Random,9.992832823219628,6,0.5,0.4266682707999615,0.75,0.5,0.8975572380988655,0.17957822695351547,0.0,0.3125,24.48552176027674,20000324
Random,13.323286053539848,8,0.6666666666666666,0.7489365886039261,0.75,0.33333333333333337,0.8771673260859867,0.20754227774392842,0.0,0.3125,22.41301926967966,20000325
Random,6.063054066211497,5,0.4166666666666667,0.36513558061456286,0.5833333333333334,0.5833333333333333,0.7420698396613147,0.3266226578220719,0.0,0.22916666666666666,20.182328829380303,20000326
Random,5.953246355260649,4,0.3333333333333333,0.3607781978158098,0.5,0.6666666666666667,0.8831974979639714,0.15638940834048734,0.0,0.4166666666666667,19.423267115631564,20000327
Random,8.53885991013814,6,0.5,0.4219123341653012,0.5833333333333334,0.5,0.8571003276221812,0.22682715502483042,0.0,0.3125,21.377868394528807,20000328
Random,7.405769163625056,5,0.4166666666666667,0.26293124179272337,0.6666666666666666,0.5833333333333333,0.8681169097613921,0.18851470012738492,0.0,0.375,20.588606156798978,20000329
Random,10.64892460613105,7,0.5833333333333334,0.5211242577905666,0.6666666666666666,0.41666666666666663,0.8410458094685925,0.20444086330893074,0.0,0.3125,22.302926272521493,20000330
Random,11.348861724210282,7,0.5833333333333334,0.6312956824052754,0.75,0.41666666666666663,0.9123731273048182,0.21169649714892502,0.0,0.3125,23.98919921767032,20000331
Random,7.67815140227137,5,0.4166666666666667,0.4497522386859508,0.5833333333333334,0.5833333333333333,0.8537035207551543,0.16955431090152925,0.0,0.3958333333333333,18.954439541578793,20000332
Random,5.523006605974842,5,0.4166666666666667,0.40916350129796664,0.5833333333333334,0.5833333333333333,0.7266362380410213,0.31054081115506477,0.0,0.2708333333333333,17.69216079633055,20000333
Random,8.972448695181976,6,0.5,0.4159662523264177,0.6666666666666666,0.5,0.8211061522114168,0.22693370965783655,0.0,0.2708333333333333,21.377156657036995,20000334
Random,13.052908586354567,8,0.6666666666666666,0.6180416694353036,0.75,0.33333333333333337,0.8506144448350477,0.19749342192605646,0.0,0.3125,23.318414107551384,20000335
Random,6.036669701375326,4,0.3333333333333333,0.3006811266339526,0.6666666666666666,0.6666666666666667,0.8933855574119227,0.2409131317776566,0.0,0.3125,23.11538374274804,20000336
Random,8.274897263711928,5,0.4166666666666667,0.390610900665688,0.6666666666666666,0.5833333333333333,0.8995994925696231,0.17115729773533725,0.0,0.3958333333333333,20.491721570447545,20000337
Random,16.259049233265603,10,0.8333333333333334,0.750155831514647,0.8333333333333334,0.16666666666666663,0.8846278523298964,0.2027908727328903,0.0,0.2708333333333333,24.790700272766692,20000338
Random,6.672747336320875,5,0.4166666666666667,0.40767501881483753,0.5833333333333334,0.5833333333333333,0.8400252854413148,0.24600170452663309,0.0,0.3125,20.816072381520144,20000339
Random,10.083159720085318,7,0.5833333333333334,0.5126776538273703,0.5833333333333334,0.41666666666666663,0.8055563805049953,0.24080336442517447,0.0,0.2916666666666667,21.2223794831251,20000340
Random,15.65475616628134,10,0.8333333333333334,0.773253063044652,0.8333333333333334,0.16666666666666663,0.8426394993885155,0.2864137804232067,0.0,0.20833333333333334,25.301679158871252,20000341
Random,13.755218009907813,9,0.75,0.6207922905670906,0.75,0.25,0.8718407243457694,0.1859777975638659,0.0,0.3333333333333333,21.560080828949314,20000342
Random,7.327332771797407,5,0.4166666666666667,0.294972991891567,0.6666666666666666,0.5833333333333333,0.8336903219214191,0.17787157347583313,0.0,0.3958333333333333,18.72507488781856,20000343
Random,8.74082660373405,6,0.5,0.41398344913913177,0.6666666666666666,0.5,0.8154593765565105,0.22234781597482614,0.0,0.2916666666666667,21.567517860985223,20000344
Random,6.088687683934355,4,0.3333333333333333,0.34571616812733913,0.5,0.6666666666666667,0.8700592987345542,0.19490066770818437,0.0,0.375,20.521566834714005,20000345
Random,10.554169541026186,7,0.5833333333333334,0.4915378841572251,0.75,0.41666666666666663,0.7984971180771271,0.23763305262224477,0.0,0.2708333333333333,21.974227847361682,20000346
Random,10.002780349240377,6,0.5,0.43978510782111335,0.6666666666666666,0.5,0.9054232723783265,0.13644395399856005,0.0,0.4166666666666667,20.500557915351337,20000347
Random,13.015408845460506,8,0.6666666666666666,0.618788984764431,0.6666666666666666,0.33333333333333337,0.8822893977921357,0.22378334445505432,0.0,0.2916666666666667,23.367610338790513,20000348
Random,12.760100103711,8,0.6666666666666666,0.6435488707520731,0.75,0.33333333333333337,0.9031518938971873,0.15972744452702362,0.0,0.375,20.526177782467755,20000349
Random,7.722283745633037,5,0.4166666666666667,0.3204116704109605,0.6666666666666666,0.5833333333333333,0.8966656533595989,0.19752334388448156,0.0,0.3541666666666667,21.844734447522214,20000350
Random,11.164911415050558,7,0.5833333333333334,0.49717537325765954,0.75,0.41666666666666663,0.8657055397270401,0.21702334820971658,0.0,0.2916666666666667,22.98719865101506,20000351
Random,2.4328262345082186,2,0.16666666666666666,0.12178453837347358,0.5833333333333334,0.8333333333333334,0.8744260671561318,0.1679127730248381,0.0,0.3958333333333333,20.091829523312427,20000352
Random,7.803470269377201,5,0.4166666666666667,0.41047186682042514,0.5833333333333334,0.5833333333333333,0.8687359418905878,0.18909845544691614,0.0,0.375,21.443741368026483,20000353
Random,12.691433381556935,8,0.6666666666666666,0.6016191857574099,0.6666666666666666,0.33333333333333337,0.8613901315482332,0.16667042509236663,0.0,0.3541666666666667,20.57853557876499,20000354
Random,10.345512829915144,7,0.5833333333333334,0.5621180661662736,0.75,0.41666666666666663,0.8323219655857818,0.2502110006028825,0.0,0.3125,20.799972163686007,20000355
Random,7.620857925345684,5,0.4166666666666667,0.4528703718902481,0.6666666666666666,0.5833333333333333,0.861957273902988,0.23481953201565794,0.0,0.2916666666666667,22.903761285385468,20000356
Random,7.117585230488297,5,0.4166666666666667,0.38169376881999545,0.5833333333333334,0.5833333333333333,0.8517972912523574,0.21366041957611684,0.0,0.3125,20.246426377555707,20000357
Random,17.37077455905608,11,0.9166666666666666,0.9295829565302051,0.9166666666666666,0.08333333333333337,0.8457598930302838,0.21011418044520638,0.0,0.25,23.070558011961754,20000358
Random,9.573207264794197,6,0.5,0.4677907447232699,0.6666666666666666,0.5,0.913243661460888,0.15611830593494358,0.0,0.375,20.909955230358705,20000359
Random,12.01296722903062,8,0.6666666666666666,0.508406629183538,0.8333333333333334,0.33333333333333337,0.8031111460781162,0.21612173458491246,0.0,0.25,22.3493516637021,20000360
Random,7.7893362972639935,5,0.4166666666666667,0.33710056074173483,0.5833333333333334,0.5833333333333333,0.8741130135001097,0.13254503576343676,0.0,0.4583333333333333,18.441413899622052,20000361
Random,8.158127383323894,6,0.5,0.3617167491108753,0.75,0.5,0.8028737022927178,0.2944617419809192,0.0,0.20833333333333334,22.172951895589485,20000362
Random,7.2314479782797605,5,0.4166666666666667,0.28785037193789975,0.6666666666666666,0.5833333333333333,0.8325081264683889,0.2177729726524118,0.0,0.3333333333333333,20.557431862921543,20000363
Random,5.856747771787885,4,0.3333333333333333,0.34271601107245186,0.5,0.6666666666666667,0.8475995901983046,0.17292794954878907,0.0,0.4375,17.978534005113115,20000364
Random,7.267309929863117,5,0.4166666666666667,0.3261587604870714,0.5833333333333334,0.5833333333333333,0.8242520173965954,0.18654729796253208,0.0,0.3333333333333333,20.81138137906463,20000365
Random,10.249507006894264,6,0.5,0.45124668376316956,0.5833333333333334,0.5,0.892085471349822,0.16337218102563186,0.0,0.4166666666666667,19.98691234026573,20000366
Random,11.457487543775716,7,0.5833333333333334,0.5608260548466562,0.75,0.41666666666666663,0.8752884501386281,0.20159154085794753,0.0,0.2916666666666667,23.277195579848573,20000367
Random,11.78632954398955,8,0.6666666666666666,0.63748109687285,0.6666666666666666,0.33333333333333337,0.8122622512253814,0.22861881436177522,0.0,0.3125,21.301015151871365,20000368
Random,12.874665250762058,8,0.6666666666666666,0.5921791965567506,0.75,0.33333333333333337,0.8583619231600533,0.27580123034650855,0.0,0.2708333333333333,23.224532888786957,20000369
Random,11.028461731377341,7,0.5833333333333334,0.516265669288423,0.6666666666666666,0.41666666666666663,0.867020638988809,0.16428709294552865,0.0,0.375,20.405523579979853,20000370
Random,10.689374287308102,7,0.5833333333333334,0.4391308946368094,0.6666666666666666,0.41666666666666663,0.8818383935064619,0.19377454943252023,0.0,0.3541666666666667,21.664547114510675,20000371
Random,4.9768445189845,4,0.3333333333333333,0.19935996828508296,0.6666666666666666,0.6666666666666667,0.8055906604710464,0.25865103877828516,0.0,0.25,21.539280448292153,20000372
Random,14.36843305029299,9,0.75,0.7559276304543928,0.75,0.25,0.877660417959548,0.1711607467410278,0.0,0.3333333333333333,22.862928955951748,20000373
Random,12.05974762319174,8,0.6666666666666666,0.5176898662069973,0.8333333333333334,0.33333333333333337,0.8266754359964731,0.2531099363504215,0.0,0.22916666666666666,23.232065412978297,20000374
Random,11.537394999249885,7,0.5833333333333334,0.504585390085431,0.75,0.41666666666666663,0.9061282610480035,0.1874109426509166,0.0,0.3333333333333333,21.62958471251127,20000375
Random,11.543303499904795,8,0.6666666666666666,0.5195553343934886,0.75,0.33333333333333337,0.8176788137722367,0.22900355156559185,0.0,0.2916666666666667,20.640662542309503,20000376
Random,8.06733117562546,5,0.4166666666666667,0.4152751395302205,0.6666666666666666,0.5833333333333333,0.8639121540796396,0.1603922598220496,0.0,0.375,20.222116997289394,20000377
Random,7.530034599261898,5,0.4166666666666667,0.37641134993845693,0.5833333333333334,0.5833333333333333,0.8601189761597299,0.19189975319574523,0.0,0.3333333333333333,21.172940059599547,20000378
Random,9.395049692560674,6,0.5,0.39704140697606694,0.75,0.5,0.8916216151408328,0.1633057119171584,0.0,0.3541666666666667,22.718987359161414,20000379
Random,14.411025952225287,9,0.75,0.7892058078710861,0.75,0.25,0.8541662553673728,0.2476584287683273,0.0,0.2708333333333333,23.538622716655325,20000380
Random,7.305077102219583,5,0.4166666666666667,0.31442590161758244,0.5833333333333334,0.5833333333333333,0.849410336361114,0.19787912755219458,0.0,0.3125,21.286653361428993,20000381
Random,13.972422091071277,9,0.75,0.8416616195694481,0.75,0.25,0.8449014524838264,0.24839766072351963,0.0,0.2708333333333333,22.226936189448825,20000382
Random,10.633270471339696,7,0.5833333333333334,0.5139792368882,0.5833333333333334,0.41666666666666663,0.8655280667980275,0.16121270204335628,0.0,0.4583333333333333,18.360611812817737,20000383
Random,12.715382543558585,8,0.6666666666666666,0.5830174264158692,0.75,0.33333333333333337,0.856959068153404,0.21684143499234332,0.0,0.2916666666666667,23.79220133254529,20000384
Random,7.8570629920343205,5,0.4166666666666667,0.45002093717121927,0.6666666666666666,0.5833333333333333,0.8623206384690297,0.18375511883250842,0.0,0.3333333333333333,22.00202752209359,20000385
Random,9.11966747500589,6,0.5,0.4447337234116972,0.6666666666666666,0.5,0.8200489290149902,0.23608817558658282,0.0,0.2708333333333333,21.498134820379548,20000386
Random,7.286350970746412,4,0.3333333333333333,0.49338343779617727,0.5833333333333334,0.6666666666666667,0.9174565972765546,0.15140916454774442,0.0,0.4375,20.78883301017427,20000387
Random,13.084419591022142,8,0.6666666666666666,0.732063913281653,0.8333333333333334,0.33333333333333337,0.8876374500574649,0.2054116493244542,0.0,0.3125,21.66561209804918,20000388
Random,11.237557849916207,7,0.5833333333333334,0.5204865798752089,0.8333333333333334,0.41666666666666663,0.8856758313265402,0.2534786483155107,0.0,0.2708333333333333,24.127465918738068,20000389
Random,14.370561250973175,9,0.75,0.7280131237449886,0.75,0.25,0.8701209768726698,0.25799266430052076,0.0,0.22916666666666666,25.63494333542949,20000390
Random,11.09388693376378,7,0.5833333333333334,0.45630399237339897,0.75,0.41666666666666663,0.9104338797711996,0.16216422506713501,0.0,0.3958333333333333,21.663160486667085,20000391
Random,12.926810519329992,8,0.6666666666666666,0.5888337902404147,0.75,0.33333333333333337,0.8771332272491615,0.17328305320788653,0.0,0.3333333333333333,22.81969113638647,20000392
Random,9.227834727815148,6,0.5,0.44814379439673613,0.5833333333333334,0.5,0.8686870020080585,0.205721443054894,0.0,0.3541666666666667,22.15392358353248,20000393
Random,8.85333729903887,6,0.5,0.41818009159993963,0.6666666666666666,0.5,0.8087651969024542,0.28504623887014563,0.0,0.22916666666666666,21.927900694988402,20000394
Random,11.415799930980372,7,0.5833333333333334,0.5475235921097231,0.6666666666666666,0.41666666666666663,0.9038464457691231,0.16171925228594947,0.0,0.4375,19.97555144244952,20000395
Random,8.782064262062564,6,0.5,0.41047899704313257,0.5833333333333334,0.5,0.8539945012539402,0.15474654154422518,0.0,0.375,20.425276878040638,20000396
Random,10.800853398236022,7,0.5833333333333334,0.5486814774254702,0.6666666666666666,0.41666666666666663,0.8864524100397615,0.15534392569367164,0.0,0.375,20.876769963678147,20000397
Random,16.31183971780087,10,0.8333333333333334,0.8890050263917788,0.8333333333333334,0.16666666666666663,0.8890172280506802,0.19138565215153072,0.0,0.3125,23.060557632879405,20000398
Random,4.546543265694513,4,0.3333333333333333,0.37806025991262276,0.5833333333333334,0.6666666666666667,0.76039734739748,0.29713195571180945,0.0,0.25,19.438639135155146,20000399
Random,7.7151912866843,6,0.5,0.5075929040475923,0.5833333333333334,0.5,0.7747421596436604,0.26524884260864917,0.0,0.2916666666666667,19.626821149621417,20000400
Random,11.084760660891826,7,0.5833333333333334,0.5395314554678471,0.6666666666666666,0.41666666666666663,0.8217141781483397,0.26651906514376816,0.0,0.25,23.343182602651734,20000401
Random,10.941876154703822,7,0.5833333333333334,0.5181396596412486,0.5833333333333334,0.41666666666666663,0.826731621883523,0.23187474320993676,0.0,0.3333333333333333,21.004131875061915,20000402
Random,10.70215645838019,7,0.5833333333333334,0.5289806479878172,0.6666666666666666,0.41666666666666663,0.8166969531724915,0.2755299256287164,0.0,0.25,22.166925359104845,20000403
Random,7.936952321290708,6,0.5,0.43308447808354383,0.5833333333333334,0.5,0.7951174325932722,0.25484927703103954,0.0,0.2916666666666667,20.533402678679266,20000404
Random,7.6170090306348275,5,0.4166666666666667,0.3748652894633961,0.6666666666666666,0.5833333333333333,0.776153599393438,0.23434774583880305,0.0,0.2708333333333333,21.923471234187502,20000405
Random,10.657451608111666,7,0.5833333333333334,0.5545989984316994,0.6666666666666666,0.41666666666666663,0.8656660396213623,0.2662205402849016,0.0,0.2916666666666667,22.025814563651377,20000406
Random,13.166048473338481,8,0.6666666666666666,0.5542740839703876,0.6666666666666666,0.33333333333333337,0.9207743527932862,0.1214417279293001,0.0,0.4375,20.290810458608306,20000407
Random,7.758430238101601,5,0.4166666666666667,0.3199647962708226,0.75,0.5833333333333333,0.8534669383658468,0.152450855795441,0.0,0.3541666666666667,22.05499288352539,20000408
Random,11.07894012546807,7,0.5833333333333334,0.5047834746611092,0.75,0.41666666666666663,0.8881436302711064,0.22843515307633608,0.0,0.2916666666666667,23.85045476822687,20000409
Random,13.231000695316467,8,0.6666666666666666,0.5578790584243509,0.8333333333333334,0.33333333333333337,0.87880101958319,0.13684421831315993,0.0,0.3958333333333333,21.898153000062116,20000410
Random,8.075525941907575,5,0.4166666666666667,0.5337440623488015,0.6666666666666666,0.5833333333333333,0.8350239750056513,0.25229287977553466,0.0,0.2708333333333333,23.009424514796613,20000411
Random,6.472736603276477,5,0.4166666666666667,0.3634325184660272,0.6666666666666666,0.5833333333333333,0.7809369103654077,0.30115023429849697,0.0,0.20833333333333334,23.23132529096005,20000412
Random,7.900090307025498,5,0.4166666666666667,0.4006924630859442,0.6666666666666666,0.5833333333333333,0.8592177105079745,0.1549882853608061,0.0,0.4166666666666667,19.011443386633395,20000413
Random,10.83462924409303,7,0.5833333333333334,0.5034110722505841,0.75,0.41666666666666663,0.8444646196600433,0.22311377916354833,0.0,0.25,23.815343292107066,20000414
Random,11.596045565946016,7,0.5833333333333334,0.5601772508591517,0.6666666666666666,0.41666666666666663,0.9060863620903542,0.17222878994484017,0.0,0.4166666666666667,20.876650267746147,20000415
Random,7.2632526928641115,5,0.4166666666666667,0.34208895557093655,0.6666666666666666,0.5833333333333333,0.8506805831460126,0.19988869874048112,0.0,0.3333333333333333,20.43866075393475,20000416
Random,4.54611523766876,3,0.25,0.2361697515770377,0.5,0.75,0.9023899945293703,0.11075633509783883,0.0,0.5208333333333334,17.34830939898388,20000417
Random,12.592096085298857,8,0.6666666666666666,0.6031166230189559,0.75,0.33333333333333337,0.8795387143365958,0.1548141025303687,0.0,0.375,21.06364687960483,20000418
Random,8.898255548488061,6,0.5,0.44001356271931474,0.6666666666666666,0.5,0.8224381476206665,0.24831053244933812,0.0,0.3125,20.399673356236132,20000419
Random,14.503071722620213,9,0.75,0.7647502584741547,0.75,0.25,0.8889466226919044,0.18987748957291659,0.0,0.3541666666666667,22.081551307863517,20000420
Random,6.254564440260385,4,0.3333333333333333,0.349813862671195,0.5833333333333334,0.6666666666666667,0.8570967908782011,0.20887200159956074,0.0,0.3541666666666667,20.36243813712435,20000421
Random,11.193332585779904,7,0.5833333333333334,0.6187174843052134,0.6666666666666666,0.41666666666666663,0.8355562156979325,0.19386283221354295,0.0,0.3125,21.129051700589482,20000422
Random,11.351778706403389,7,0.5833333333333334,0.6933098444099188,0.8333333333333334,0.41666666666666663,0.8260719654065785,0.21915497671382647,0.0,0.2708333333333333,22.15185266061026,20000423
Random,9.418036348027503,6,0.5,0.3899085997700913,0.6666666666666666,0.5,0.8711696858605409,0.156983789021344,0.0,0.3541666666666667,21.2787832511986,20000424
Random,6.855194809271852,5,0.4166666666666667,0.30579042223413083,0.6666666666666666,0.5833333333333333,0.8129299931005834,0.23368066793465836,0.0,0.2708333333333333,20.64393902482508,20000425
Random,11.695673598671878,8,0.6666666666666666,0.5094666868616421,0.75,0.33333333333333337,0.8533007358074295,0.24828618279124082,0.0,0.2708333333333333,22.667116514634312,20000426
Random,12.56566309057063,8,0.6666666666666666,0.5445639415018639,0.6666666666666666,0.33333333333333337,0.878000025469499,0.1414409402209159,0.0,0.3958333333333333,20.835699608848607,20000427
Random,12.706924568224858,8,0.6666666666666666,0.5646905704233629,0.75,0.33333333333333337,0.8881762834574797,0.2127069097986498,0.0,0.3125,23.211185055983552,20000428
Random,16.63479755766774,11,0.9166666666666666,0.903419579601937,0.9166666666666666,0.08333333333333337,0.824437093631285,0.3069334729678976,0.0,0.22916666666666666,23.810152121823474,20000429
Random,9.15390588966037,6,0.5,0.6936590346296411,0.75,0.5,0.8234266694289322,0.2845889455541921,0.0,0.25,22.653216963560958,20000430
Random,10.101742714810594,7,0.5833333333333334,0.5051091053120508,0.6666666666666666,0.41666666666666663,0.8033919621544001,0.25126105739219473,0.0,0.2708333333333333,21.203842844486335,20000431
Random,11.578889382687285,7,0.5833333333333334,0.5445116219946223,0.8333333333333334,0.41666666666666663,0.8892943390848297,0.20162356010936144,0.0,0.2916666666666667,24.178153770995323,20000432
Random,11.548642640026955,7,0.5833333333333334,0.5071361652876738,0.75,0.41666666666666663,0.8867062445919535,0.2130578542397017,0.0,0.2916666666666667,24.124715699487183,20000433
Random,11.042508226857096,7,0.5833333333333334,0.509397256357222,0.6666666666666666,0.41666666666666663,0.8649194686678604,0.179625032891875,0.0,0.375,20.552973503292172,20000434
Random,15.640241793582824,9,0.75,0.8447964862464822,0.8333333333333334,0.25,0.8915854146126749,0.22688414858670206,0.0,0.2708333333333333,25.298944178919637,20000435
Random,14.895278606654433,9,0.75,0.8078072823571596,0.75,0.25,0.8882542648191999,0.1936289624015465,0.0,0.3333333333333333,22.38452956413612,20000436
Random,8.349037624170219,5,0.4166666666666667,0.4194733519513605,0.6666666666666666,0.5833333333333333,0.9124445239258376,0.14127585027871772,0.0,0.4375,20.798002447109468,20000437
Random,12.117983717920062,8,0.6666666666666666,0.5601566263407969,0.6666666666666666,0.33333333333333337,0.8012864827875195,0.20072091380435889,0.0,0.3333333333333333,20.521531776946777,20000438
Random,8.037317963079976,5,0.4166666666666667,0.31900939004465545,0.5833333333333334,0.5833333333333333,0.889345241261044,0.1599027929845748,0.0,0.3958333333333333,20.874129532293363,20000439
Random,14.166882280437287,9,0.75,0.6996718767408947,0.8333333333333334,0.25,0.8680686510126603,0.16331353577311833,0.0,0.3333333333333333,22.31390139557205,20000440
Random,7.0878629939190425,5,0.4166666666666667,0.23841250264384306,0.5833333333333334,0.5833333333333333,0.8559128809564497,0.15550325565495454,0.0,0.4375,17.66276231381529,20000441
Random,15.555171529024015,10,0.8333333333333334,0.8078434261974221,0.8333333333333334,0.16666666666666663,0.8451591546850427,0.24546905390882648,0.0,0.22916666666666666,24.097911264685987,20000442
Random,12.5271188491023,8,0.6666666666666666,0.5635601025968995,0.75,0.33333333333333337,0.8789131014670609,0.26301021822111065,0.0,0.2708333333333333,23.089626948584296,20000443
Random,10.316915291517912,7,0.5833333333333334,0.4515827703036765,0.6666666666666666,0.41666666666666663,0.8180815943469324,0.22181226131303147,0.0,0.2916666666666667,22.17508792337551,20000444
Random,9.486379125374063,6,0.5,0.41486014835585505,0.6666666666666666,0.5,0.8739188488481618,0.18844265300893515,0.0,0.3541666666666667,21.382546180945358,20000445
Random,9.346295426061392,6,0.5,0.5480504611795773,0.6666666666666666,0.5,0.8414765945333218,0.2760397167551328,0.0,0.25,23.432891801138034,20000446
Random,7.926800858490325,5,0.4166666666666667,0.3435688706258188,0.5833333333333334,0.5833333333333333,0.88649056142406,0.19316068202937928,0.0,0.3958333333333333,20.402231936560373,20000447
Random,9.521654672251001,6,0.5,0.5005179388050657,0.6666666666666666,0.5,0.8811929764456771,0.2120199032784901,0.0,0.3125,22.12788570623519,20000448
Random,9.882140632195693,6,0.5,0.5372624059236336,0.5833333333333334,0.5,0.8826641707828785,0.1343593674239356,0.0,0.4375,18.42024798540472,20000449
Random,8.25767466173437,5,0.4166666666666667,0.32530866507349765,0.6666666666666666,0.5833333333333333,0.9133708604871208,0.1651394201118994,0.0,0.3958333333333333,20.48058269091404,20000450
Random,10.877700178711923,7,0.5833333333333334,0.4640254845846814,0.75,0.41666666666666663,0.8715599734626732,0.18543362320023274,0.0,0.3333333333333333,20.750422660038797,20000451
Random,10.216008694423465,6,0.5,0.4782410579551698,0.5833333333333334,0.5,0.895285689667315,0.16560991807832948,0.0,0.4166666666666667,20.085138963040517,20000452
Random,5.334094637703255,4,0.3333333333333333,0.284193314903592,0.5,0.6666666666666667,0.8413996789437573,0.23152953393796458,0.0,0.3541666666666667,19.890551515073042,20000453
Random,10.40899333217784,7,0.5833333333333334,0.3929317732522923,0.75,0.41666666666666663,0.8602661964050412,0.21911440068871946,0.0,0.2916666666666667,23.421883742637405,20000454
Random,10.47679762059492,7,0.5833333333333334,0.4407679511042019,0.75,0.41666666666666663,0.8643442394482209,0.2170932547770005,0.0,0.2708333333333333,22.48501552507176,20000455
Random,9.39678476447325,7,0.5833333333333334,0.42112848272188225,0.75,0.41666666666666663,0.7939176122618344,0.27112770957336246,0.0,0.20833333333333334,22.843005728334703,20000456
Random,7.90183499077584,5,0.4166666666666667,0.329033947185316,0.6666666666666666,0.5833333333333333,0.8544333418517113,0.20176352719406485,0.0,0.3333333333333333,21.31974230742291,20000457
Random,7.565216192677612,5,0.4166666666666667,0.33863591042097413,0.5833333333333334,0.5833333333333333,0.8745299455449241,0.22550312688322097,0.0,0.375,20.93917103289536,20000458
Random,14.172085558761529,9,0.75,0.6558717038356662,0.8333333333333334,0.25,0.8913190292895857,0.26248460202235124,0.0,0.22916666666666666,23.8092686226463,20000459
Random,12.955831406183757,8,0.6666666666666666,0.5160350287790295,0.75,0.33333333333333337,0.9114738843545572,0.1176515260950755,0.0,0.4166666666666667,20.81667813239549,20000460
Random,4.631006561925451,3,0.25,0.21895227645194615,0.6666666666666666,0.75,0.8999845154708971,0.22017432597827305,0.0,0.3333333333333333,21.431679016741143,20000461
Random,13.109009903338782,8,0.6666666666666666,0.7392681545914781,0.8333333333333334,0.33333333333333337,0.8617073215087993,0.2660396067947149,0.0,0.2708333333333333,24.165128294910925,20000462
Random,10.46918472046903,7,0.5833333333333334,0.49902628051013365,0.75,0.41666666666666663,0.8204568862841061,0.27807494927538984,0.0,0.1875,24.118027888314916,20000463
Random,9.72983228914955,7,0.5833333333333334,0.6283953782123162,0.5833333333333334,0.41666666666666663,0.7622092128923065,0.3010843223908087,0.0,0.22916666666666666,22.237353839206577,20000464
Random,10.308020746118366,7,0.5833333333333334,0.4618433302728417,0.75,0.41666666666666663,0.8339960468665678,0.22246897324696582,0.0,0.2916666666666667,21.942580868536783,20000465
Random,9.540647712857062,6,0.5,0.39394374970847984,0.75,0.5,0.8194050448767233,0.19042026665853554,0.0,0.3125,22.54585570532981,20000466
Random,8.08836688763992,5,0.4166666666666667,0.4729451338653854,0.6666666666666666,0.5833333333333333,0.8544925042486234,0.13728831265969932,0.0,0.4166666666666667,18.586130272941464,20000467
Random,12.142873175642103,8,0.6666666666666666,0.5998940604074436,0.75,0.33333333333333337,0.8219744642593229,0.2089164975625372,0.0,0.3541666666666667,20.041207617984707,20000468
Random,9.184294809073789,6,0.5,0.35393846891992325,0.75,0.5,0.8512575818176323,0.18208523874884977,0.0,0.3125,22.765961909566983,20000469
Random,10.838551084697093,7,0.5833333333333334,0.6853456566158361,0.75,0.41666666666666663,0.8267477049525994,0.2267331466805418,0.0,0.2708333333333333,22.131626304885724,20000470
Random,14.224133436230185,9,0.75,0.7315228740022885,0.75,0.25,0.8662828914815232,0.2753444040751797,0.0,0.25,23.40724513612817,20000471
Random,9.631044191689695,6,0.5,0.47341448980211204,0.5833333333333334,0.5,0.8822367969786015,0.1616323667138771,0.0,0.3958333333333333,20.801687567567747,20000472
Random,7.724846824562393,5,0.4166666666666667,0.3123708747116816,0.6666666666666666,0.5833333333333333,0.8906017287259423,0.14503511552343096,0.0,0.3958333333333333,20.33621415547258,20000473
Random,14.290994500103187,9,0.75,0.6587093504569925,0.75,0.25,0.8581745976463019,0.23793049426246693,0.0,0.2708333333333333,23.83353130233115,20000474
Random,9.107825716599969,6,0.5,0.4108217432955258,0.6666666666666666,0.5,0.8773789160093418,0.22071071183316696,0.0,0.3541666666666667,19.79103476541291,20000475
Random,8.701880635382803,6,0.5,0.4137163261462096,0.5833333333333334,0.5,0.8607920953046874,0.14897957497147074,0.0,0.3958333333333333,19.146496180527013,20000476
Random,10.983726008932013,7,0.5833333333333334,0.45966995983019654,0.75,0.41666666666666663,0.8546490416801135,0.20003753819903672,0.0,0.2708333333333333,23.403496784140053,20000477
Random,10.899165444492404,7,0.5833333333333334,0.4438850967420167,0.75,0.41666666666666663,0.8704485417085776,0.23132846386097614,0.0,0.2708333333333333,22.73312380562116,20000478
Random,10.147592441129412,7,0.5833333333333334,0.5434559012113169,0.6666666666666666,0.41666666666666663,0.8007266158795487,0.2889543151917039,0.0,0.25,21.91146803058013,20000479
Random,12.124695707845579,8,0.6666666666666666,0.5955024232945383,0.6666666666666666,0.33333333333333337,0.8583444768024906,0.28907130471359815,0.0,0.25,23.79168591217995,20000480
Random,9.774103970611602,6,0.5,0.5538143158351011,0.6666666666666666,0.5,0.8710988572531572,0.15146473056780937,0.0,0.3541666666666667,21.197073770954127,20000481
Random,8.820993620244057,6,0.5,0.3584004778905424,0.6666666666666666,0.5,0.8450579640694134,0.23167225630931035,0.0,0.2708333333333333,22.885733163162747,20000482
Random,14.969983917307495,9,0.75,0.6857103260592092,0.8333333333333334,0.25,0.8907244226350448,0.16068311656526432,0.0,0.3125,23.59318607314044,20000483
Random,7.744466126483292,5,0.4166666666666667,0.32507063744275055,0.6666666666666666,0.5833333333333333,0.8642878813611165,0.19691923683717202,0.0,0.3333333333333333,21.65420463780072,20000484
Random,7.188458765368322,6,0.5,0.34652477711271124,0.6666666666666666,0.5,0.7142253562089472,0.2864813044808364,0.0,0.16666666666666666,20.955119900364334,20000485
Random,7.540674906766265,5,0.4166666666666667,0.3486673164442064,0.6666666666666666,0.5833333333333333,0.8590311280788739,0.18604427965067713,0.0,0.375,20.191621578881332,20000486
Random,10.977136134723672,7,0.5833333333333334,0.5701800800246049,0.6666666666666666,0.41666666666666663,0.8546230596864222,0.23877105556435274,0.0,0.2916666666666667,22.786366718541164,20000487
Random,6.266291787845413,4,0.3333333333333333,0.34565165812700577,0.5833333333333334,0.6666666666666667,0.8594192667743975,0.17619199775744296,0.0,0.3333333333333333,21.56772444878602,20000488
Random,4.789395244178852,3,0.25,0.27974920211896687,0.4166666666666667,0.75,0.9049281212904984,0.09492146546265805,0.0,0.5625,16.502728776929956,20000489
Random,9.869397170856843,7,0.5833333333333334,0.5681625548825554,0.6666666666666666,0.41666666666666663,0.8019259943715085,0.2933710539898053,0.0,0.25,21.03761874026955,20000490
Random,10.622554394095035,7,0.5833333333333334,0.46631821733556905,0.5833333333333334,0.41666666666666663,0.8556360257321396,0.1811822224784935,0.0,0.4166666666666667,18.689176594207517,20000491
Random,9.633348649222697,7,0.5833333333333334,0.44912338158232235,0.75,0.41666666666666663,0.8341108177736659,0.3039887259937542,0.0,0.22916666666666666,22.988588042514234,20000492
Random,7.5073892533543205,5,0.4166666666666667,0.3300253484264896,0.6666666666666666,0.5833333333333333,0.8594603087411435,0.19417995020253512,0.0,0.3333333333333333,21.601111498810106,20000493
Random,9.249151519852466,6,0.5,0.3538103705433249,0.75,0.5,0.8843435796012425,0.16832269178684175,0.0,0.3541666666666667,20.96572414274253,20000494
Random,9.035054520518838,6,0.5,0.36841979886088955,0.6666666666666666,0.5,0.8450479949737777,0.17765598690943354,0.0,0.3333333333333333,20.823988362612155,20000495
Random,11.042638421413708,7,0.5833333333333334,0.5728294520953305,0.6666666666666666,0.41666666666666663,0.9175737115482877,0.18715569941764368,0.0,0.3541666666666667,22.721820405070364,20000496
Random,7.808594923135777,5,0.4166666666666667,0.4926834694024539,0.5833333333333334,0.5833333333333333,0.8524873156015499,0.17999753605788607,0.0,0.3958333333333333,18.04368670911264,20000497
Random,3.0053733682273505,2,0.16666666666666666,0.17936482479153296,0.5833333333333334,0.8333333333333334,0.869459115740609,0.15229518452286805,0.0,0.4375,18.74045219922865,20000498
Random,9.169718420042805,6,0.5,0.33396607825960256,0.6666666666666666,0.5,0.8669159589135814,0.14491290360496054,0.0,0.4166666666666667,19.25957176126566,20000499
EDF-Periodic,14.453579591664052,9,0.75,0.8236134876950838,0.75,0.25,0.8404405719063316,0.285784226504614,0.0,0.25,23.157483552394897,20000000
EDF-Periodic,11.043307332633344,7,0.5833333333333334,0.6363648418966075,0.6666666666666666,0.41666666666666663,0.851780614551536,0.24651010004359106,0.0,0.25,22.47853205030971,20000001
EDF-Periodic,12.786370032601384,8,0.6666666666666666,0.5812218443470323,0.8333333333333334,0.33333333333333337,0.8977847650785292,0.2579990047048244,0.0,0.25,24.158249878738832,20000002
EDF-Periodic,14.073680136002766,9,0.75,0.7383472111656727,0.75,0.25,0.8330254199419267,0.23880221887883435,0.0,0.25,22.844680435486037,20000003
EDF-Periodic,13.76840590471063,9,0.75,0.6991164139033571,0.75,0.25,0.8083007788455879,0.2119759203574174,0.0,0.25,21.67230319266295,20000004
EDF-Periodic,14.092528118076748,9,0.75,0.6661054169170676,0.75,0.25,0.8337696538338214,0.24401195726314526,0.0,0.25,22.81753822114907,20000005
EDF-Periodic,7.191734699395054,5,0.4166666666666667,0.4398664987540353,0.5833333333333334,0.5833333333333333,0.8164617971670781,0.2866755909779157,0.0,0.25,21.48023008422099,20000006
EDF-Periodic,6.945785423616314,5,0.4166666666666667,0.5005607668355349,0.5833333333333334,0.5833333333333333,0.7921414041496512,0.3034260987884277,0.0,0.25,20.241521403541473,20000007
EDF-Periodic,4.68654736976206,4,0.3333333333333333,0.36056501362494786,0.5,0.6666666666666667,0.7521664023449341,0.2937363578716914,0.0,0.25,20.08085559455497,20000008
EDF-Periodic,12.44696392504064,8,0.6666666666666666,0.655964018482246,0.75,0.33333333333333337,0.8176526613097446,0.24966972373770968,0.0,0.25,22.434392678951717,20000009
EDF-Periodic,12.21095326629052,8,0.6666666666666666,0.575908041821078,0.6666666666666666,0.33333333333333337,0.8218387347532247,0.22769746790225623,0.0,0.25,21.79559682501151,20000010
EDF-Periodic,16.13236272293919,10,0.8333333333333334,0.873594930669756,0.8333333333333334,0.16666666666666663,0.8445456804676047,0.23000422864738646,0.0,0.25,23.216460129273983,20000011
EDF-Periodic,9.479815865544248,6,0.5,0.49831388017641126,0.8333333333333334,0.5,0.8588503250200037,0.2554637189681055,0.0,0.25,23.043176364959294,20000012
EDF-Periodic,10.928064274038883,7,0.5833333333333334,0.6587825259724996,0.6666666666666666,0.41666666666666663,0.8009125207451065,0.26461868275060835,0.0,0.25,21.675534589042346,20000013
EDF-Periodic,7.380188585524256,5,0.4166666666666667,0.41262975859793133,0.75,0.5833333333333333,0.8153787274644514,0.26719043305582263,0.0,0.25,22.727110389303697,20000014
EDF-Periodic,16.567032275375517,10,0.8333333333333334,0.7904297276102032,0.8333333333333334,0.16666666666666663,0.9020008240497589,0.25782648548538134,0.0,0.25,24.28140645149086,20000015
EDF-Periodic,11.82960580243929,8,0.6666666666666666,0.5964252977010891,0.75,0.33333333333333337,0.8021115710888868,0.24921438464294954,0.0,0.25,21.592726231009184,20000016
EDF-Periodic,10.502899104985095,7,0.5833333333333334,0.6836270803806703,0.6666666666666666,0.41666666666666663,0.7985487320203841,0.2625370573403588,0.0,0.25,21.136160196737134,20000017
EDF-Periodic,11.230157943539083,7,0.5833333333333334,0.5901098497121268,0.6666666666666666,0.41666666666666663,0.8493832044461967,0.29983822300564905,0.0,0.25,23.202895382295836,20000018
EDF-Periodic,16.068093889160718,10,0.8333333333333334,0.7396780880466102,0.8333333333333334,0.16666666666666663,0.8970402422560836,0.22455330004520754,0.0,0.25,24.832055023888756,20000019
EDF-Periodic,10.845823455066588,7,0.5833333333333334,0.6262175837192209,0.6666666666666666,0.41666666666666663,0.8281881815476589,0.26462310443992015,0.0,0.25,21.630319430971138,20000020
EDF-Periodic,16.25227179144198,10,0.8333333333333334,0.8549875529563818,0.8333333333333334,0.16666666666666663,0.8482644144678174,0.19664366907340355,0.0,0.25,23.33302833901386,20000021
EDF-Periodic,5.116680114310161,4,0.3333333333333333,0.397967174974404,0.5833333333333334,0.6666666666666667,0.7641408088125193,0.26520325597463595,0.0,0.25,20.451882280200795,20000022
EDF-Periodic,13.99979289807131,9,0.75,0.6890459849436612,0.75,0.25,0.8162912043870935,0.2618618094223242,0.0,0.25,22.392148470942118,20000023
EDF-Periodic,14.449170609283584,9,0.75,0.7185850339755308,0.75,0.25,0.885502285761917,0.23264994032226963,0.0,0.25,24.09260081535172,20000024
EDF-Periodic,8.467753464058411,6,0.5,0.48643728613738946,0.5833333333333334,0.5,0.8121920955898639,0.28824484385230226,0.0,0.25,21.89372092744175,20000025
EDF-Periodic,11.122539768281746,7,0.5833333333333334,0.6271582411005805,0.8333333333333334,0.41666666666666663,0.8473309020245239,0.24921277401162642,0.0,0.25,22.553818886044787,20000026
EDF-Periodic,15.880879479989503,10,0.8333333333333334,0.778703669844218,0.8333333333333334,0.16666666666666663,0.833224459154518,0.235443482956199,0.0,0.25,23.59987179317503,20000027
EDF-Periodic,16.10388459968893,10,0.8333333333333334,0.8387719132270078,0.8333333333333334,0.16666666666666663,0.8447622938800442,0.22248133112111476,0.0,0.25,23.740389768741085,20000028
EDF-Periodic,12.121585947174626,8,0.6666666666666666,0.6484709970123765,0.75,0.33333333333333337,0.8090573736066528,0.2178967203981839,0.0,0.25,22.341223845593287,20000029
EDF-Periodic,4.78775201205084,4,0.3333333333333333,0.3442519934873874,0.5,0.6666666666666667,0.7489898460976985,0.2938771720480082,0.0,0.25,19.825256446109755,20000030
EDF-Periodic,12.882348529144526,8,0.6666666666666666,0.6406007485460516,0.75,0.33333333333333337,0.8360154811845172,0.24536917626736385,0.0,0.25,22.99741711795303,20000031
EDF-Periodic,13.865292563346552,9,0.75,0.6674221079844181,0.75,0.25,0.8611154096582881,0.25523691375596747,0.0,0.25,22.985495461309984,20000032
EDF-Periodic,12.272611792508473,8,0.6666666666666666,0.5540416792994556,0.75,0.33333333333333337,0.8489405252780017,0.26109034306558826,0.0,0.25,22.61254187422161,20000033
EDF-Periodic,10.641271397842957,7,0.5833333333333334,0.5936669964789762,0.6666666666666666,0.41666666666666663,0.8032239795681596,0.2534041470544532,0.0,0.25,22.0218320101491,20000034
EDF-Periodic,12.407281867137748,8,0.6666666666666666,0.731306844068756,0.6666666666666666,0.33333333333333337,0.8093226082362289,0.27814234348823436,0.0,0.25,22.36031906838225,20000035
EDF-Periodic,17.48370440653407,11,0.9166666666666666,0.8431233532732969,0.9166666666666666,0.08333333333333337,0.8642577396637403,0.18165107233408337,0.0,0.25,23.225369461680387,20000036
EDF-Periodic,12.687517317293006,8,0.6666666666666666,0.6742918690978258,0.6666666666666666,0.33333333333333337,0.8568145545596096,0.28150146684131133,0.0,0.25,22.825847324909937,20000037
EDF-Periodic,12.795541591663076,8,0.6666666666666666,0.7449371133274786,0.75,0.33333333333333337,0.8245035152687826,0.25812204144361955,0.0,0.25,22.446204262607495,20000038
EDF-Periodic,14.453170742185325,9,0.75,0.7104035679926417,0.75,0.25,0.8322240794476706,0.24503364859011154,0.0,0.25,23.70505968945331,20000039
EDF-Periodic,5.9525772323561155,4,0.3333333333333333,0.3661337609300615,0.6666666666666666,0.6666666666666667,0.8012538018260612,0.2798590327252988,0.0,0.25,22.29954631909361,20000040
EDF-Periodic,11.047277155276673,7,0.5833333333333334,0.5910678503048732,0.6666666666666666,0.41666666666666663,0.8811142476675217,0.2548622148132073,0.0,0.25,23.92502630907576,20000041
EDF-Periodic,14.346002171231625,9,0.75,0.7526260544799875,0.75,0.25,0.850654954293797,0.251919255549151,0.0,0.25,23.38328007178431,20000042
EDF-Periodic,14.312922594630166,9,0.75,0.7401999304266327,0.75,0.25,0.8495293737709316,0.21978255068708533,0.0,0.25,23.388937064095444,20000043
EDF-Periodic,10.769607233422281,7,0.5833333333333334,0.5943815818673922,0.6666666666666666,0.41666666666666663,0.8261171506412363,0.27273647459171485,0.0,0.25,21.81581234561657,20000044
EDF-Periodic,10.624266211197433,7,0.5833333333333334,0.5443274502821023,0.6666666666666666,0.41666666666666663,0.7843688622926551,0.2667066993433397,0.0,0.25,21.65639075624886,20000045
EDF-Periodic,4.491028113115013,4,0.3333333333333333,0.3678407924871709,0.5,0.6666666666666667,0.7706625325214084,0.3105378983123001,0.0,0.25,20.075706730721617,20000046
EDF-Periodic,17.855256317015165,11,0.9166666666666666,0.8863104518370807,0.9166666666666666,0.08333333333333337,0.8558003509970882,0.19572618481991613,0.0,0.25,24.4653509712231,20000047
EDF-Periodic,6.9590844920682,5,0.4166666666666667,0.4064294001126873,0.6666666666666666,0.5833333333333333,0.7914128647006753,0.26737412058052595,0.0,0.25,21.675220180179693,20000048
EDF-Periodic,8.791394214854764,6,0.5,0.45169668724591455,0.75,0.5,0.8268602661135896,0.23530397014144822,0.0,0.25,22.859769518118092,20000049
EDF-Periodic,8.651884672557218,6,0.5,0.47488893370636415,0.6666666666666666,0.5,0.8231866228098221,0.2560968138457798,0.0,0.25,21.949206818858812,20000050
EDF-Periodic,9.160739261299716,6,0.5,0.5254779035997292,0.6666666666666666,0.5,0.8402783666096317,0.26049079670052183,0.0,0.25,22.947404067469964,20000051
EDF-Periodic,10.943820805183728,7,0.5833333333333334,0.5784001511930669,0.75,0.41666666666666663,0.8372850958181316,0.27166116852270217,0.0,0.25,22.450607353760258,20000052
EDF-Periodic,8.920272182858922,6,0.5,0.4605698003993312,0.75,0.5,0.8372810454702746,0.2539080815175208,0.0,0.25,21.898190245763093,20000053
EDF-Periodic,12.66608035756757,8,0.6666666666666666,0.7096312278436973,0.6666666666666666,0.33333333333333337,0.8485436590094401,0.23907336994645556,0.0,0.25,22.926897411088113,20000054
EDF-Periodic,8.779518617307659,6,0.5,0.4266934555460394,0.75,0.5,0.8413835523223732,0.27358186487601543,0.0,0.25,22.781162163092393,20000055
EDF-Periodic,13.914889852823332,9,0.75,0.658152032757246,0.75,0.25,0.8421673565601293,0.21976860469953519,0.0,0.25,22.343079998863026,20000056
EDF-Periodic,7.046436412050664,5,0.4166666666666667,0.49936959831448424,0.5,0.5833333333333333,0.7803944188198902,0.31755957138578367,0.0,0.25,20.891043920267677,20000057
EDF-Periodic,12.443157336556009,8,0.6666666666666666,0.6691662090160282,0.75,0.33333333333333337,0.7960435884784061,0.2433743911388048,0.0,0.25,22.27451224323663,20000058
EDF-Periodic,9.384139735913472,6,0.5,0.5233024833839132,0.6666666666666666,0.5,0.8284562226384086,0.2898339361695696,0.0,0.25,22.02047272414602,20000059
EDF-Periodic,14.741481765733488,9,0.75,0.7716345073654728,0.75,0.25,0.8752132533884406,0.2451762687814023,0.0,0.25,23.201159480240932,20000060
EDF-Periodic,12.671750611749356,8,0.6666666666666666,0.6620661952021751,0.6666666666666666,0.33333333333333337,0.8026966842507024,0.28409988317080126,0.0,0.25,22.50011068041847,20000061
EDF-Periodic,14.653208221713587,9,0.75,0.6828560567393931,0.75,0.25,0.8582422935921129,0.2694935874082152,0.0,0.25,23.051959128975778,20000062
EDF-Periodic,6.911846807239642,5,0.4166666666666667,0.4219255275133923,0.5833333333333334,0.5833333333333333,0.7904807572700238,0.27516439928890163,0.0,0.25,20.983793248710697,20000063
EDF-Periodic,16.633861641470492,10,0.8333333333333334,0.8425083318908804,0.8333333333333334,0.16666666666666663,0.8730233976348613,0.22174775657595283,0.0,0.25,23.930319489880773,20000064
EDF-Periodic,10.654777239389267,7,0.5833333333333334,0.597629662039789,0.6666666666666666,0.41666666666666663,0.8158566326151148,0.29058754294723416,0.0,0.25,22.68870666674042,20000065
EDF-Periodic,14.952316910550818,9,0.75,0.7447274927297719,0.75,0.25,0.8704214363650321,0.25414695952948446,0.0,0.25,23.89419149323997,20000066
EDF-Periodic,14.841509879186328,9,0.75,0.8341607312764548,0.75,0.25,0.8744822220670819,0.27240871157128105,0.0,0.25,23.39779711087156,20000067
EDF-Periodic,7.683124001383586,5,0.4166666666666667,0.43008568314293805,0.6666666666666666,0.5833333333333333,0.8197075493887759,0.26606535250917035,0.0,0.25,22.380313856645873,20000068
EDF-Periodic,18.19896280650301,11,0.9166666666666666,0.9114784719555357,0.9166666666666666,0.08333333333333337,0.8916280639363586,0.24450378492867433,0.0,0.25,25.415961087309416,20000069
EDF-Periodic,9.398701888059286,6,0.5,0.5324435011193004,0.6666666666666666,0.5,0.8521876886076981,0.257603027673631,0.0,0.25,22.480458908964625,20000070
EDF-Periodic,8.619007276757358,6,0.5,0.45367974884389584,0.6666666666666666,0.5,0.7927615472448292,0.27689686766882843,0.0,0.25,20.835156152396095,20000071
EDF-Periodic,14.087052690415472,9,0.75,0.7058165407193489,0.75,0.25,0.829392871550194,0.20222265908145778,0.0,0.25,22.39006602804591,20000072
EDF-Periodic,10.646117799662282,7,0.5833333333333334,0.5134834938147702,0.75,0.41666666666666663,0.8214901812887138,0.2553353648776971,0.0,0.25,22.233368271446107,20000073
EDF-Periodic,10.470484385976977,7,0.5833333333333334,0.44631332935900836,0.75,0.41666666666666663,0.8197994467819084,0.2342388727352899,0.0,0.25,21.683433440913202,20000074
EDF-Periodic,5.597067496493104,4,0.3333333333333333,0.3551216219570952,0.5833333333333334,0.6666666666666667,0.8250010403736275,0.27312881984793497,0.0,0.25,22.5746592642056,20000075
EDF-Periodic,2.9772575738250553,3,0.25,0.29095120086711146,0.5,0.75,0.7746800211067016,0.31888026528669594,0.0,0.25,19.469049231041595,20000076
EDF-Periodic,15.986110056830258,10,0.8333333333333334,0.7658975108473918,0.8333333333333334,0.16666666666666663,0.8686473532499432,0.22993356860791744,0.0,0.25,25.163359621947944,20000077
EDF-Periodic,16.332130877650005,10,0.8333333333333334,0.8059090950338698,0.8333333333333334,0.16666666666666663,0.8176550811523663,0.21625641175793633,0.0,0.25,23.708620102487078,20000078
EDF-Periodic,14.359265481091684,9,0.75,0.7332753325456024,0.75,0.25,0.8322906066918468,0.24602170224340106,0.0,0.25,22.79453252786825,20000079
EDF-Periodic,8.025779735946596,5,0.4166666666666667,0.5090067501547868,0.6666666666666666,0.5833333333333333,0.8586942350560727,0.30408295472974683,0.0,0.25,23.143880792997827,20000080
EDF-Periodic,4.86909565162992,4,0.3333333333333333,0.3191861952835318,0.5833333333333334,0.6666666666666667,0.7706586741121094,0.29614050530015706,0.0,0.25,20.653001646803506,20000081
EDF-Periodic,18.120589719642332,11,0.9166666666666666,0.8413704854718621,0.9166666666666666,0.08333333333333337,0.8910259859937458,0.1975579462898156,0.0,0.25,25.8035409118041,20000082
EDF-Periodic,12.78726969538254,8,0.6666666666666666,0.7225728554112191,0.75,0.33333333333333337,0.8210276502106502,0.2599794908853303,0.0,0.25,23.13882904229388,20000083
EDF-Periodic,14.17060560763723,9,0.75,0.707291225179486,0.75,0.25,0.8131586177620261,0.24061811425183788,0.0,0.25,22.36286820991307,20000084
EDF-Periodic,11.032562866082419,7,0.5833333333333334,0.5810834470633229,0.6666666666666666,0.41666666666666663,0.84164843691011,0.2814704248667445,0.0,0.25,22.163079398123863,20000085
EDF-Periodic,10.961205444308765,7,0.5833333333333334,0.557547872034184,0.75,0.41666666666666663,0.8494243130967322,0.275139443661101,0.0,0.25,22.962462380739154,20000086
EDF-Periodic,14.79192376038044,9,0.75,0.7715534821314881,0.75,0.25,0.8532356851078955,0.2514110345936223,0.0,0.25,23.024846009903303,20000087
EDF-Periodic,13.338996679953333,8,0.6666666666666666,0.7172632775167916,0.6666666666666666,0.33333333333333337,0.8636980694967568,0.27026336977687954,0.0,0.25,23.841877403282485,20000088
EDF-Periodic,11.590814029487364,8,0.6666666666666666,0.6347950750888213,0.6666666666666666,0.33333333333333337,0.7818509311546308,0.235140140053945,0.0,0.25,20.59521360277511,20000089
EDF-Periodic,10.40441251206992,7,0.5833333333333334,0.5554814973296828,0.75,0.41666666666666663,0.8061303618438541,0.26695620634934386,0.0,0.25,22.29497655421258,20000090
EDF-Periodic,12.282338047860362,8,0.6666666666666666,0.6327690003381001,0.75,0.33333333333333337,0.8287304313992627,0.2594172993858785,0.0,0.25,21.769074296821092,20000091
EDF-Periodic,12.581757309633499,8,0.6666666666666666,0.6172325663868643,0.6666666666666666,0.33333333333333337,0.8361253125758319,0.2715575437221081,0.0,0.25,23.490841793699943,20000092
EDF-Periodic,15.595577680275296,10,0.8333333333333334,0.7652744841452788,0.8333333333333334,0.16666666666666663,0.7908344308436529,0.2072583114008609,0.0,0.25,21.973130504185058,20000093
EDF-Periodic,13.651616399247681,9,0.75,0.728508360500723,0.75,0.25,0.7973117321302973,0.2517343408962763,0.0,0.25,21.586865800969708,20000094
EDF-Periodic,8.89008562882765,6,0.5,0.5068259914386565,0.5833333333333334,0.5,0.8167687004981502,0.29428295225758055,0.0,0.25,21.09297954600491,20000095
EDF-Periodic,12.624545003756715,8,0.6666666666666666,0.6826660704498198,0.75,0.33333333333333337,0.8389912354579702,0.2560380118281112,0.0,0.25,23.796987831718752,20000096
EDF-Periodic,12.461424482299691,8,0.6666666666666666,0.6531983073485513,0.6666666666666666,0.33333333333333337,0.8083937481913398,0.2580223533717954,0.0,0.25,23.40502052079906,20000097
EDF-Periodic,10.659907286067154,7,0.5833333333333334,0.5557695912218976,0.6666666666666666,0.41666666666666663,0.8393467773260482,0.2811637740314139,0.0,0.25,23.53239218844415,20000098
EDF-Periodic,14.573641313073416,9,0.75,0.628890232770223,0.8333333333333334,0.25,0.8705219704710084,0.20045959298942115,0.0,0.25,23.288267830189277,20000099
EDF-Periodic,14.356675910785457,9,0.75,0.7339701961425413,0.75,0.25,0.8503313746758305,0.26640798998335613,0.0,0.25,23.076691529213004,20000100
EDF-Periodic,12.740612246589567,8,0.6666666666666666,0.5745695854407624,0.75,0.33333333333333337,0.8762513050716499,0.26004036845025663,0.0,0.25,23.919266569827165,20000101
EDF-Periodic,13.525592126282193,9,0.75,0.6505418831518992,0.75,0.25,0.8144436679729928,0.21741715952340482,0.0,0.25,21.51611742921491,20000102
EDF-Periodic,12.539405437235953,8,0.6666666666666666,0.7191376456812987,0.6666666666666666,0.33333333333333337,0.8051191118632864,0.24933729652063685,0.0,0.25,22.070388222650575,20000103
EDF-Periodic,10.705234032577579,7,0.5833333333333334,0.5975040162761184,0.6666666666666666,0.41666666666666663,0.7972269953019949,0.24895816517849068,0.0,0.25,21.693840009923797,20000104
EDF-Periodic,15.593149849359968,10,0.8333333333333334,0.817551623186898,0.8333333333333334,0.16666666666666663,0.8497147524338597,0.2479903677812412,0.0,0.25,23.78977809833224,20000105
EDF-Periodic,9.118351851546013,6,0.5,0.5750249687386356,0.5833333333333334,0.5,0.8126206717004759,0.27066403314771165,0.0,0.25,21.480891038905327,20000106
EDF-Periodic,13.715037012785379,9,0.75,0.728328056869703,0.75,0.25,0.8261131766406405,0.2553299580874257,0.0,0.25,22.102803682832924,20000107
EDF-Periodic,15.77823349275108,10,0.8333333333333334,0.8266793192831409,0.8333333333333334,0.16666666666666663,0.8473966748059955,0.25222936679014746,0.0,0.25,23.61493318405902,20000108
EDF-Periodic,5.3324855064579815,4,0.3333333333333333,0.34472629521556103,0.5833333333333334,0.6666666666666667,0.7853214120535567,0.28588747293508937,0.0,0.25,21.241726425121072,20000109
EDF-Periodic,7.495992504341437,5,0.4166666666666667,0.513687715003755,0.5833333333333334,0.5833333333333333,0.8184690799183537,0.2912936744852049,0.0,0.25,22.269756548428806,20000110
EDF-Periodic,12.458919921918104,8,0.6666666666666666,0.664500382386102,0.6666666666666666,0.33333333333333337,0.8162647721755404,0.238978485098734,0.0,0.25,22.785337327126207,20000111
EDF-Periodic,13.37447155382111,8,0.6666666666666666,0.6956609569272469,0.6666666666666666,0.33333333333333337,0.8706699688040146,0.29485615061293496,0.0,0.25,23.762787699264983,20000112
EDF-Periodic,13.803424518382378,9,0.75,0.6249831648340527,0.8333333333333334,0.25,0.8030415950642257,0.20705986993677764,0.0,0.25,23.049014905182418,20000113
EDF-Periodic,6.869061295120674,5,0.4166666666666667,0.46744689425099434,0.5833333333333334,0.5833333333333333,0.7622551763909913,0.29173591161750984,0.0,0.25,20.17724537839617,20000114
EDF-Periodic,8.915940680697808,6,0.5,0.46946935879526536,0.6666666666666666,0.5,0.8436813770481756,0.27804485118914035,0.0,0.25,22.198308783797312,20000115
EDF-Periodic,9.522778907281115,6,0.5,0.5010980101471534,0.8333333333333334,0.5,0.8493854102315357,0.2394454167644072,0.0,0.25,23.89255107794985,20000116
EDF-Periodic,7.162777679595354,5,0.4166666666666667,0.49575601713461664,0.6666666666666666,0.5833333333333333,0.8011758402691443,0.2768759361563492,0.0,0.25,22.68376368388502,20000117
EDF-Periodic,10.728923428766306,7,0.5833333333333334,0.5218106970859104,0.75,0.41666666666666663,0.8252046417136801,0.2451783860425427,0.0,0.25,22.248482196920357,20000118
EDF-Periodic,11.474439980946391,7,0.5833333333333334,0.5744087126669053,0.75,0.41666666666666663,0.8292053232134613,0.25704452716832676,0.0,0.25,23.58276124989175,20000119
EDF-Periodic,11.211185985938071,7,0.5833333333333334,0.6179201698659511,0.6666666666666666,0.41666666666666663,0.85457283314545,0.27219288932944075,0.0,0.25,23.378328495904654,20000120
EDF-Periodic,2.8748369156764064,3,0.25,0.2131620147211729,0.5833333333333334,0.75,0.7471137838412346,0.2913203711812322,0.0,0.25,19.495973945501586,20000121
EDF-Periodic,10.521341955401613,7,0.5833333333333334,0.6570521955973244,0.5833333333333334,0.41666666666666663,0.7858416202048102,0.26093657609569565,0.0,0.25,21.53452401108805,20000122
EDF-Periodic,11.90155712271827,8,0.6666666666666666,0.6129649809105462,0.75,0.33333333333333337,0.846930073065527,0.24522205205768732,0.0,0.25,22.528163080938803,20000123
EDF-Periodic,12.38392192870998,8,0.6666666666666666,0.7331181344453338,0.75,0.33333333333333337,0.8302487417565348,0.26236753743231045,0.0,0.25,22.797412066742993,20000124
EDF-Periodic,15.542024148766565,10,0.8333333333333334,0.715135728521314,0.8333333333333334,0.16666666666666663,0.8488123093497575,0.22375305651364286,0.0,0.25,23.042979743554127,20000125
EDF-Periodic,10.508638031409959,7,0.5833333333333334,0.5474633024914225,0.6666666666666666,0.41666666666666663,0.7855610155738181,0.27533223711652044,0.0,0.25,21.698005660562618,20000126
EDF-Periodic,9.446217961495147,6,0.5,0.5494398841024303,0.6666666666666666,0.5,0.8282974214302946,0.2688255498011567,0.0,0.25,22.01685274215896,20000127
EDF-Periodic,13.484395039790114,9,0.75,0.7092200671302683,0.75,0.25,0.7966280317244983,0.2410270100406484,0.0,0.25,22.324483968659408,20000128
EDF-Periodic,12.232529561519604,8,0.6666666666666666,0.6856595645112781,0.6666666666666666,0.33333333333333337,0.7984616941157877,0.2624218205435104,0.0,0.25,21.686103820902463,20000129
EDF-Periodic,14.346756390695706,9,0.75,0.7664713882131056,0.75,0.25,0.8350115206333784,0.2496085077577316,0.0,0.25,22.08735691532428,20000130
EDF-Periodic,8.818950149809723,6,0.5,0.4086031442276091,0.6666666666666666,0.5,0.8369766405224518,0.2526618867480837,0.0,0.25,21.32456539634001,20000131
EDF-Periodic,16.079390602289827,10,0.8333333333333334,0.7608104880653516,0.8333333333333334,0.16666666666666663,0.8191358717498959,0.22102175086237819,0.0,0.25,23.173368065422885,20000132
EDF-Periodic,16.0502498731961,10,0.8333333333333334,0.809447489315178,0.8333333333333334,0.16666666666666663,0.8475303683403149,0.2074764072457623,0.0,0.25,23.218047195423605,20000133
EDF-Periodic,10.935693686686287,7,0.5833333333333334,0.59888657830523,0.75,0.41666666666666663,0.8057934064548175,0.2527182195443793,0.0,0.25,23.61229684558497,20000134
EDF-Periodic,14.907781253007638,9,0.75,0.7043697794133729,0.8333333333333334,0.25,0.9105600314883033,0.25656473561765963,0.0,0.25,24.539556943208424,20000135
EDF-Periodic,13.974172836897992,9,0.75,0.6845719862368844,0.75,0.25,0.8385389721513267,0.24527328449715233,0.0,0.25,22.29014121029389,20000136
EDF-Periodic,13.95612359418561,9,0.75,0.6480749807972268,0.75,0.25,0.8402021676198973,0.2181166003969748,0.0,0.25,22.219355339477943,20000137
EDF-Periodic,6.905479025615582,5,0.4166666666666667,0.47580644752636647,0.5833333333333334,0.5833333333333333,0.7803168577136311,0.28925852215479503,0.0,0.25,21.53737570448785,20000138
EDF-Periodic,10.549391005184212,7,0.5833333333333334,0.5555550011830332,0.75,0.41666666666666663,0.7911868207745055,0.2367364260845283,0.0,0.25,21.480812647557986,20000139
EDF-Periodic,13.811643301174236,9,0.75,0.8054813452896769,0.75,0.25,0.8231550892287887,0.22604885752809864,0.0,0.25,21.135759387905694,20000140
EDF-Periodic,9.561795648191582,6,0.5,0.6127454570347426,0.5833333333333334,0.5,0.8167486925881944,0.28311311080627394,0.0,0.25,22.13026884672172,20000141
EDF-Periodic,12.091494586564437,8,0.6666666666666666,0.6791585618710888,0.6666666666666666,0.33333333333333337,0.7742078847639028,0.279537268525283,0.0,0.25,21.378854032162256,20000142
EDF-Periodic,8.661920602033234,6,0.5,0.46519347432582947,0.5833333333333334,0.5,0.7874558065242284,0.27685705073927763,0.0,0.25,21.965226237596017,20000143
EDF-Periodic,14.36944145650666,9,0.75,0.7583522557635549,0.75,0.25,0.8531275435879166,0.2462276711532901,0.0,0.25,23.344828966281714,20000144
EDF-Periodic,14.367718707655852,9,0.75,0.7981529483383868,0.75,0.25,0.8289931806775064,0.26291240839207747,0.0,0.25,23.179115954126594,20000145
EDF-Periodic,12.320100208196507,8,0.6666666666666666,0.6209819729306904,0.6666666666666666,0.33333333333333337,0.8047031194342716,0.23815926033460974,0.0,0.25,23.123586925255697,20000146
EDF-Periodic,10.612199044558572,7,0.5833333333333334,0.5823801740249387,0.75,0.41666666666666663,0.7889270377905238,0.24095851897009338,0.0,0.25,21.90014384518726,20000147
EDF-Periodic,10.738129126314746,7,0.5833333333333334,0.5794787318371264,0.6666666666666666,0.41666666666666663,0.8121101217538685,0.2620113723500415,0.0,0.25,21.84121331129953,20000148
EDF-Periodic,12.896932179097886,8,0.6666666666666666,0.6506821263226479,0.75,0.33333333333333337,0.8862882382859606,0.2601978457909317,0.0,0.25,23.689760603239606,20000149
EDF-Periodic,10.75970849932329,7,0.5833333333333334,0.612106010360986,0.75,0.41666666666666663,0.8013670194271336,0.24383578758271907,0.0,0.25,20.92114831237077,20000150
EDF-Periodic,13.900494421204039,9,0.75,0.7551179197896806,0.75,0.25,0.8363929047364399,0.23527938631918333,0.0,0.25,22.796426208569077,20000151
EDF-Periodic,7.693620022228309,5,0.4166666666666667,0.5161522283184421,0.6666666666666666,0.5833333333333333,0.7991014340103207,0.2813118759562783,0.0,0.25,22.310856897916313,20000152
EDF-Periodic,14.567136662560747,9,0.75,0.785166286981513,0.75,0.25,0.8489635185513978,0.2501708012166617,0.0,0.25,23.28724647577448,20000153
EDF-Periodic,16.37685301829586,10,0.8333333333333334,0.7907854490987808,0.8333333333333334,0.16666666666666663,0.8950251160318291,0.24095924430192897,0.0,0.25,24.295014493104453,20000154
EDF-Periodic,9.04149485553916,6,0.5,0.5467798049711228,0.6666666666666666,0.5,0.7857142945262098,0.2522375666312289,0.0,0.25,20.253717659015848,20000155
EDF-Periodic,12.26843217493959,8,0.6666666666666666,0.68155853956262,0.6666666666666666,0.33333333333333337,0.8150380642621471,0.28941565519696744,0.0,0.25,22.26989214132271,20000156
EDF-Periodic,9.015087389280328,6,0.5,0.4645839011915167,0.75,0.5,0.8473564954171735,0.27071413997637583,0.0,0.25,23.230573475110667,20000157
EDF-Periodic,13.137959421311118,8,0.6666666666666666,0.69987598043327,0.75,0.33333333333333337,0.8555155171902052,0.26600774481285266,0.0,0.25,22.882404017387145,20000158
EDF-Periodic,5.583250045144319,4,0.3333333333333333,0.42573618777567274,0.5833333333333334,0.6666666666666667,0.7879843372681492,0.29639974695011423,0.0,0.25,21.35066545414252,20000159
EDF-Periodic,12.460728324706958,8,0.6666666666666666,0.640259152674685,0.75,0.33333333333333337,0.8303385107550239,0.25009560624255694,0.0,0.25,24.322850525357723,20000160
EDF-Periodic,13.952290070968804,9,0.75,0.7734233969440495,0.75,0.25,0.8198482443072077,0.24165082608523547,0.0,0.25,22.71325031903806,20000161
EDF-Periodic,7.042382239576667,5,0.4166666666666667,0.39193578762857045,0.6666666666666666,0.5833333333333333,0.7940321775348022,0.2739114468217809,0.0,0.25,21.334755907956787,20000162
EDF-Periodic,14.179480781404433,9,0.75,0.6845061200580619,0.75,0.25,0.8295218927377005,0.23183794247016,0.0,0.25,23.50852094667952,20000163
EDF-Periodic,11.115565805152753,7,0.5833333333333334,0.5443497317450668,0.6666666666666666,0.41666666666666663,0.8332579949416692,0.2644157894124754,0.0,0.25,22.032869974864287,20000164
EDF-Periodic,15.588927898403856,10,0.8333333333333334,0.7647603172304964,0.8333333333333334,0.16666666666666663,0.862433652305593,0.24294615883128126,0.0,0.25,23.338713539317084,20000165
EDF-Periodic,10.674774436069134,7,0.5833333333333334,0.6070501082142669,0.6666666666666666,0.41666666666666663,0.8569047472811034,0.27716115090748955,0.0,0.25,23.159089331202143,20000166
EDF-Periodic,14.353295266534083,9,0.75,0.7542713398634269,0.8333333333333334,0.25,0.8204247649442792,0.22036721376602633,0.0,0.25,23.146497705305293,20000167
EDF-Periodic,8.595517135801025,6,0.5,0.47085306833085167,0.6666666666666666,0.5,0.7871607205777215,0.2727410388264571,0.0,0.25,21.65623281077644,20000168
EDF-Periodic,16.273337927658524,10,0.8333333333333334,0.8321191075580787,0.8333333333333334,0.16666666666666663,0.8446921486356542,0.25549579735278033,0.0,0.25,24.178938171985195,20000169
EDF-Periodic,9.073766235594427,6,0.5,0.5660601819063473,0.5833333333333334,0.5,0.801653353727275,0.2786591543170029,0.0,0.25,21.760143341470734,20000170
EDF-Periodic,16.043897727768844,10,0.8333333333333334,0.8017049442099268,0.8333333333333334,0.16666666666666663,0.8493870435894119,0.23265977184284103,0.0,0.25,23.00093432057735,20000171
EDF-Periodic,16.080826130872154,10,0.8333333333333334,0.839400579894181,0.8333333333333334,0.16666666666666663,0.8632835386662797,0.2525137026348906,0.0,0.25,23.402991726422407,20000172
EDF-Periodic,14.387088902666111,9,0.75,0.6797649621842211,0.75,0.25,0.8554529431111245,0.24243062291452475,0.0,0.25,24.388754007994404,20000173
EDF-Periodic,14.332302658348084,9,0.75,0.6974750437196471,0.75,0.25,0.8772821366079633,0.24017334105083377,0.0,0.25,23.73051277397758,20000174
EDF-Periodic,8.297124935148052,6,0.5,0.4468788258265183,0.6666666666666666,0.5,0.7851497994891541,0.2513303747815325,0.0,0.25,20.976855648406385,20000175
EDF-Periodic,10.815657829076553,7,0.5833333333333334,0.5616144420909911,0.75,0.41666666666666663,0.8377267250908994,0.24733629115663014,0.0,0.25,23.30891467919976,20000176
EDF-Periodic,14.67101517190273,9,0.75,0.7575478385694682,0.75,0.25,0.855321288642736,0.23176969630985575,0.0,0.25,24.171902778724984,20000177
EDF-Periodic,11.020015516341424,7,0.5833333333333334,0.5480549649498815,0.75,0.41666666666666663,0.8484838127124451,0.25756574228064366,0.0,0.25,22.777012097907466,20000178
EDF-Periodic,7.766915885322749,5,0.4166666666666667,0.4088707184579637,0.75,0.5833333333333333,0.8503640332338115,0.24601239875556913,0.0,0.25,23.337582709506762,20000179
EDF-Periodic,11.274240774834201,7,0.5833333333333334,0.5317735663090855,0.75,0.41666666666666663,0.8316441227571367,0.24606468989679986,0.0,0.25,23.12307084641602,20000180
EDF-Periodic,14.365495972854587,9,0.75,0.8616124737335094,0.75,0.25,0.8504466899451574,0.26470924598955414,0.0,0.25,23.13599779570779,20000181
EDF-Periodic,12.875827802648546,8,0.6666666666666666,0.7105948657828015,0.6666666666666666,0.33333333333333337,0.8257347186493337,0.28002231986237724,0.0,0.25,22.652946285974377,20000182
EDF-Periodic,6.5541641189894,5,0.4166666666666667,0.35036687656656407,0.5833333333333334,0.5833333333333333,0.7877218862006697,0.2643947121102225,0.0,0.25,20.573193338913114,20000183
EDF-Periodic,10.28558316128906,7,0.5833333333333334,0.6037982645322857,0.6666666666666666,0.41666666666666663,0.7868826430943177,0.265677117414407,0.0,0.25,21.82776916707791,20000184
EDF-Periodic,13.016075870021675,8,0.6666666666666666,0.791106989958855,0.6666666666666666,0.33333333333333337,0.8337633305753468,0.2647619380578526,0.0,0.25,21.889316221538483,20000185
EDF-Periodic,10.541971327305228,7,0.5833333333333334,0.47983321772451304,0.75,0.41666666666666663,0.8358498829851592,0.21627073510688485,0.0,0.25,22.684071347762494,20000186
EDF-Periodic,10.768165314165548,7,0.5833333333333334,0.592216699852108,0.5833333333333334,0.41666666666666663,0.8271829326629936,0.2900968123537076,0.0,0.25,21.887748651000535,20000187
EDF-Periodic,16.443770898314376,10,0.8333333333333334,0.7921594296634855,0.8333333333333334,0.16666666666666663,0.8750819061877166,0.2473215667962921,0.0,0.25,24.782713299405536,20000188
EDF-Periodic,6.755044733159311,5,0.4166666666666667,0.440205155968784,0.5833333333333334,0.5833333333333333,0.7795429449136287,0.27137414120989195,0.0,0.25,20.15609450535353,20000189
EDF-Periodic,13.648530538722042,9,0.75,0.652759954275449,0.75,0.25,0.8606681924209362,0.25223892320478186,0.0,0.25,23.2239281863622,20000190
EDF-Periodic,18.75634081371019,12,1.0,1.0,1.0,0.0,0.8686306009805925,0.17396726328990142,0.0,0.2916666666666667,22.642499141465983,20000191
EDF-Periodic,11.155967981206498,7,0.5833333333333334,0.6357178382580071,0.75,0.41666666666666663,0.8568251548530158,0.27655603112791866,0.0,0.25,23.498014240440067,20000192
EDF-Periodic,12.052728946737796,7,0.5833333333333334,0.6696166291340464,0.75,0.41666666666666663,0.879946937359252,0.26589441253322077,0.0,0.25,24.292028831934218,20000193
EDF-Periodic,12.80951298923215,8,0.6666666666666666,0.7144932488662545,0.6666666666666666,0.33333333333333337,0.8257035884938505,0.28755698516049827,0.0,0.25,22.619695610529636,20000194
EDF-Periodic,14.01911939327568,9,0.75,0.6496821936863892,0.75,0.25,0.8275499522921644,0.24899632424508802,0.0,0.25,22.657850651729596,20000195
EDF-Periodic,12.881564422762638,8,0.6666666666666666,0.7323458887354033,0.6666666666666666,0.33333333333333337,0.8544605799223932,0.2577573418501525,0.0,0.25,22.50903623317574,20000196
EDF-Periodic,9.578191057141023,6,0.5,0.5081368564294803,0.75,0.5,0.8234300372536558,0.25592854752268257,0.0,0.25,23.08424183428997,20000197
EDF-Periodic,12.342994374727628,8,0.6666666666666666,0.6014773801450496,0.75,0.33333333333333337,0.8119394134031289,0.24543149985157767,0.0,0.25,22.139040144923346,20000198
EDF-Periodic,10.333318386192014,7,0.5833333333333334,0.5262222817111463,0.6666666666666666,0.41666666666666663,0.8125182471292943,0.26227914455561036,0.0,0.25,20.8464443608716,20000199
EDF-Periodic,9.12389993633542,6,0.5,0.4998318218804246,0.6666666666666666,0.5,0.8453450551833162,0.2732958907652869,0.0,0.25,21.546848335087535,20000200
EDF-Periodic,10.776238801328649,7,0.5833333333333334,0.5374234023764888,0.6666666666666666,0.41666666666666663,0.7993013341321964,0.2504491564957068,0.0,0.25,21.273504397650047,20000201
EDF-Periodic,8.80098653918152,6,0.5,0.5084142070473718,0.6666666666666666,0.5,0.8279529827671211,0.2893828021102301,0.0,0.25,22.279579545469257,20000202
EDF-Periodic,14.20324702947238,9,0.75,0.8188015128606975,0.75,0.25,0.843774030309692,0.2581879555149153,0.0,0.25,23.312257035868708,20000203
EDF-Periodic,12.6626838065969,8,0.6666666666666666,0.6062392801103398,0.75,0.33333333333333337,0.8099815967254506,0.23525551945880652,0.0,0.25,22.543541534177944,20000204
EDF-Periodic,14.462282207492208,9,0.75,0.7854194144195581,0.75,0.25,0.8562728010301601,0.2203851922378818,0.0,0.25,23.59240499542123,20000205
EDF-Periodic,3.3800642795192393,3,0.25,0.31850326557226194,0.5,0.75,0.7861078729619336,0.31452630122667324,0.0,0.25,20.86929920418826,20000206
EDF-Periodic,7.2914520002365375,5,0.4166666666666667,0.3992565033487488,0.6666666666666666,0.5833333333333333,0.8076764179612358,0.2658035275542359,0.0,0.25,22.398083845980143,20000207
EDF-Periodic,9.288269510346177,6,0.5,0.5037194430997806,0.6666666666666666,0.5,0.8291687870453792,0.26112404025667013,0.0,0.25,22.346432672075707,20000208
EDF-Periodic,11.149436663544595,7,0.5833333333333334,0.5833697560107336,0.6666666666666666,0.41666666666666663,0.839658575638091,0.2524471273897331,0.0,0.25,23.081182512436808,20000209
EDF-Periodic,18.144932735860642,11,0.9166666666666666,0.8964834784118206,0.9166666666666666,0.08333333333333337,0.875325089609834,0.20052136298910705,0.0,0.25,25.052607155598338,20000210
EDF-Periodic,7.049375287789108,5,0.4166666666666667,0.46998834781578247,0.6666666666666666,0.5833333333333333,0.7738797745469631,0.2535852426984217,0.0,0.25,20.654170792005747,20000211
EDF-Periodic,16.220049545165494,10,0.8333333333333334,0.8778787938515089,0.8333333333333334,0.16666666666666663,0.8368650715270052,0.23302940299659558,0.0,0.25,23.60044867650798,20000212
EDF-Periodic,15.973819324649911,10,0.8333333333333334,0.7255036175628686,0.8333333333333334,0.16666666666666663,0.8627299743106427,0.22178452601447807,0.0,0.25,23.702945083576573,20000213
EDF-Periodic,11.794216619234117,8,0.6666666666666666,0.5977643379552421,0.6666666666666666,0.33333333333333337,0.7725741238216907,0.25924341486494834,0.0,0.25,21.77318264401744,20000214
EDF-Periodic,12.737636284878484,8,0.6666666666666666,0.675849988114938,0.6666666666666666,0.33333333333333337,0.8602573911389211,0.28620219107029826,0.0,0.25,24.077353158203305,20000215
EDF-Periodic,7.622620997488099,5,0.4166666666666667,0.4744913523188409,0.75,0.5833333333333333,0.8052239033393773,0.25397672514435377,0.0,0.25,21.886477269603194,20000216
EDF-Periodic,18.24160463634311,11,0.9166666666666666,0.8686182199383675,0.9166666666666666,0.08333333333333337,0.8957728250121667,0.20982950723962235,0.0,0.25,25.3242568151424,20000217
EDF-Periodic,10.131242869772718,7,0.5833333333333334,0.5430413987042293,0.75,0.41666666666666663,0.7963476259758947,0.2519611206283279,0.0,0.25,21.283217990284484,20000218
EDF-Periodic,10.711133342598346,7,0.5833333333333334,0.6465963457894475,0.75,0.41666666666666663,0.7896841474921935,0.2702216719267665,0.0,0.25,21.957111280085282,20000219
EDF-Periodic,14.115341816712256,9,0.75,0.6588835295684214,0.8333333333333334,0.25,0.8044074325456863,0.20817793505020613,0.0,0.25,22.387522544157942,20000220
EDF-Periodic,16.17259701657348,10,0.8333333333333334,0.7885939790903718,0.8333333333333334,0.16666666666666663,0.8759251247176287,0.22208642792792752,0.0,0.25,24.332354409309396,20000221
EDF-Periodic,11.91147893526631,8,0.6666666666666666,0.5219207567960442,0.75,0.33333333333333337,0.8456502389593599,0.22518967936049594,0.0,0.25,22.70979545745065,20000222
EDF-Periodic,16.049835699285612,10,0.8333333333333334,0.8284387858075574,0.8333333333333334,0.16666666666666663,0.84983435129141,0.2603128449231853,0.0,0.25,23.67408531087355,20000223
EDF-Periodic,9.342090454494013,6,0.5,0.5372257447152037,0.6666666666666666,0.5,0.825665724737988,0.2498234010236212,0.0,0.25,21.546726921980557,20000224
EDF-Periodic,16.179628808136407,10,0.8333333333333334,0.8441171358638737,0.8333333333333334,0.16666666666666663,0.8667879963926634,0.2593843100758426,0.0,0.25,23.772839505449273,20000225
EDF-Periodic,12.801579544791588,8,0.6666666666666666,0.6666107134569472,0.6666666666666666,0.33333333333333337,0.8412485861637581,0.2498349733896469,0.0,0.25,22.9049646036173,20000226
EDF-Periodic,9.770296141617118,6,0.5,0.6302901364714083,0.75,0.5,0.8544710452301874,0.2525305365696276,0.0,0.25,22.280975653451513,20000227
EDF-Periodic,9.095168735895266,6,0.5,0.4994076432860753,0.75,0.5,0.8436466924427578,0.2442869072056034,0.0,0.25,22.753981742470536,20000228
EDF-Periodic,10.221578465457716,6,0.5,0.5088503114084207,0.75,0.5,0.8803766043093678,0.25214122039352543,0.0,0.25,24.803723802385726,20000229
EDF-Periodic,14.828355208730986,9,0.75,0.6744681038430617,0.8333333333333334,0.25,0.866751183030768,0.23469351683503223,0.0,0.25,24.459902583515913,20000230
EDF-Periodic,12.118265663922829,8,0.6666666666666666,0.6956983024886848,0.6666666666666666,0.33333333333333337,0.8416521234745021,0.2771390188769012,0.0,0.25,22.356853876304747,20000231
EDF-Periodic,6.658233788445617,5,0.4166666666666667,0.4869133394393966,0.5,0.5833333333333333,0.753282605017255,0.29399328004039044,0.0,0.25,20.45460503456385,20000232
EDF-Periodic,14.411823054863202,9,0.75,0.7063821890014268,0.75,0.25,0.8027421344847573,0.232081649058928,0.0,0.25,22.882737123272992,20000233
EDF-Periodic,10.432178311969167,7,0.5833333333333334,0.5085069564101389,0.6666666666666666,0.41666666666666663,0.7712906237614862,0.2393857660756716,0.0,0.25,21.118883759547117,20000234
EDF-Periodic,13.499617819274327,9,0.75,0.7490796985393128,0.75,0.25,0.7745145499352418,0.2314342631958666,0.0,0.25,22.09964895102905,20000235
EDF-Periodic,16.497681294995708,10,0.8333333333333334,0.8093061637638327,0.8333333333333334,0.16666666666666663,0.8901467422655577,0.22623476929784445,0.0,0.25,24.281154465977558,20000236
EDF-Periodic,9.34616405925576,6,0.5,0.4555535125379535,0.6666666666666666,0.5,0.8523244556703906,0.2659104610759904,0.0,0.25,22.908982295746963,20000237
EDF-Periodic,14.690848443684079,9,0.75,0.7219178513079578,0.75,0.25,0.8645431585903279,0.2590659625666862,0.0,0.25,23.541509808814777,20000238
EDF-Periodic,9.581637536300594,6,0.5,0.6057220246989158,0.5833333333333334,0.5,0.8497259414059842,0.29724000192163696,0.0,0.25,23.244934097708004,20000239
EDF-Periodic,12.505459890018606,8,0.6666666666666666,0.6604717442374335,0.6666666666666666,0.33333333333333337,0.8191537795500397,0.2872516492715356,0.0,0.25,21.97951860623319,20000240
EDF-Periodic,12.699634851287225,8,0.6666666666666666,0.6963720649108635,0.6666666666666666,0.33333333333333337,0.827614968879883,0.29368714417791586,0.0,0.25,22.547131157547362,20000241
EDF-Periodic,17.449965931808357,11,0.9166666666666666,0.9481205041778565,0.9166666666666666,0.08333333333333337,0.8689644918694378,0.2184345786720919,0.0,0.25,23.189770815217845,20000242
EDF-Periodic,11.133483524314252,7,0.5833333333333334,0.6038452595899048,0.6666666666666666,0.41666666666666663,0.8036918611789355,0.27833175996450904,0.0,0.25,22.397056384127865,20000243
EDF-Periodic,16.702085537432325,10,0.8333333333333334,0.8475478319947377,0.8333333333333334,0.16666666666666663,0.8711682843491606,0.2377123127663375,0.0,0.25,24.506289937782988,20000244
EDF-Periodic,9.215510379546602,6,0.5,0.5201578077540587,0.6666666666666666,0.5,0.8328662751388091,0.2649795615573904,0.0,0.25,22.06506841409026,20000245
EDF-Periodic,12.792938834105964,8,0.6666666666666666,0.6677917830123912,0.75,0.33333333333333337,0.8750075403467689,0.2498236548788216,0.0,0.25,23.345792791272725,20000246
EDF-Periodic,9.603809281724976,6,0.5,0.5672162598304026,0.75,0.5,0.8464932463454694,0.27394008247822954,0.0,0.25,23.151697825743035,20000247
EDF-Periodic,18.04885531497777,11,0.9166666666666666,0.9156848060827795,0.9166666666666666,0.08333333333333337,0.903159529239999,0.20847820024926686,0.0,0.25,25.70976909909497,20000248
EDF-Periodic,10.722770992433777,7,0.5833333333333334,0.5734869694552394,0.6666666666666666,0.41666666666666663,0.8549148105751133,0.28426135569026223,0.0,0.25,23.770438420565526,20000249
EDF-Periodic,16.06568421893447,10,0.8333333333333334,0.8109729697291113,0.8333333333333334,0.16666666666666663,0.8622765695353835,0.24106607055923734,0.0,0.25,23.10247740633327,20000250
EDF-Periodic,16.263031927068184,10,0.8333333333333334,0.7603877843715761,0.8333333333333334,0.16666666666666663,0.8610036394299585,0.21902529448311414,0.0,0.25,23.748478889914008,20000251
EDF-Periodic,16.03125682255597,10,0.8333333333333334,0.7830788680752605,0.8333333333333334,0.16666666666666663,0.8580154389830957,0.22964501324019984,0.0,0.25,23.592150832960154,20000252
EDF-Periodic,14.573490502508275,9,0.75,0.6685895388534584,0.75,0.25,0.8231598256140099,0.22385917855296267,0.0,0.25,22.85570319528326,20000253
EDF-Periodic,7.712902050814962,5,0.4166666666666667,0.5120172373775622,0.6666666666666666,0.5833333333333333,0.8507242962530904,0.3066233476306805,0.0,0.25,22.370115282288975,20000254
EDF-Periodic,8.993439790652898,6,0.5,0.46523881278345974,0.6666666666666666,0.5,0.8129612574866248,0.2696672455913361,0.0,0.25,22.714088649293153,20000255
EDF-Periodic,11.122753330152957,7,0.5833333333333334,0.5721206362540078,0.6666666666666666,0.41666666666666663,0.8470381947018844,0.2674484999206779,0.0,0.25,23.35810652030008,20000256
EDF-Periodic,13.752244436589976,9,0.75,0.6729462760410914,0.75,0.25,0.8188431741761105,0.23876235540708857,0.0,0.25,21.249035600300605,20000257
EDF-Periodic,12.018517723681038,8,0.6666666666666666,0.7053679402649007,0.6666666666666666,0.33333333333333337,0.7961150425318847,0.2652036710281162,0.0,0.25,21.26670034961724,20000258
EDF-Periodic,12.199863250532305,8,0.6666666666666666,0.7275501888853666,0.6666666666666666,0.33333333333333337,0.8038222546497661,0.28880498699264745,0.0,0.25,21.500612665354446,20000259
EDF-Periodic,12.652356914792255,8,0.6666666666666666,0.6413279338928793,0.6666666666666666,0.33333333333333337,0.8280335428950325,0.27800438026990526,0.0,0.25,22.027359510936474,20000260
EDF-Periodic,11.082882657408206,7,0.5833333333333334,0.6308993227353757,0.5833333333333334,0.41666666666666663,0.8552321051379934,0.3260823383042846,0.0,0.25,22.980486097461213,20000261
EDF-Periodic,5.460804365996056,4,0.3333333333333333,0.3328160647089589,0.6666666666666666,0.6666666666666667,0.8501233050042697,0.2910337948098194,0.0,0.25,21.862419912076316,20000262
EDF-Periodic,17.806366260761983,11,0.9166666666666666,0.8967130168189873,0.9166666666666666,0.08333333333333337,0.8289025669734271,0.20996564386921435,0.0,0.25,24.35826030108498,20000263
EDF-Periodic,7.3800429340230576,5,0.4166666666666667,0.5306540042747796,0.5833333333333334,0.5833333333333333,0.8054912888950226,0.3032990974717695,0.0,0.25,21.19680004155315,20000264
EDF-Periodic,15.66810944086759,10,0.8333333333333334,0.8733650083305914,0.8333333333333334,0.16666666666666663,0.7907621128477823,0.21520783286245723,0.0,0.25,22.346116236694566,20000265
EDF-Periodic,15.574998144556583,10,0.8333333333333334,0.7249622738955646,0.8333333333333334,0.16666666666666663,0.8696805735868587,0.2252646682580514,0.0,0.25,23.646834140978196,20000266
EDF-Periodic,10.9720985635858,7,0.5833333333333334,0.6203647345839471,0.5833333333333334,0.41666666666666663,0.8101895894902112,0.29819454077183144,0.0,0.25,21.339790352310104,20000267
EDF-Periodic,14.119081054359375,9,0.75,0.6795814946858304,0.75,0.25,0.8181470466650129,0.2673004492075504,0.0,0.25,23.667957607962787,20000268
EDF-Periodic,11.50216883408802,7,0.5833333333333334,0.5628199842249796,0.75,0.41666666666666663,0.8685657220431405,0.24949302648693783,0.0,0.25,23.656416326698768,20000269
EDF-Periodic,9.202150177531067,6,0.5,0.5668493697013,0.6666666666666666,0.5,0.816133168655139,0.2434603841916768,0.0,0.25,22.182718539494605,20000270
EDF-Periodic,14.716881788013565,9,0.75,0.7559446353766065,0.75,0.25,0.8619746598878578,0.23728068339326666,0.0,0.25,23.830697368542207,20000271
EDF-Periodic,13.9057411821118,9,0.75,0.7025257142486548,0.75,0.25,0.8151061241537589,0.2158587367237915,0.0,0.25,23.3497760515619,20000272
EDF-Periodic,16.07153846257413,10,0.8333333333333334,0.7129806173272106,0.8333333333333334,0.16666666666666663,0.8786284942358423,0.21832283379297132,0.0,0.25,25.01847756229265,20000273
EDF-Periodic,10.328799419743902,7,0.5833333333333334,0.558068816977794,0.6666666666666666,0.41666666666666663,0.8355243405564486,0.27166070475188897,0.0,0.25,22.96975470564984,20000274
EDF-Periodic,13.871411683499646,9,0.75,0.7625635509166169,0.75,0.25,0.8312351407327961,0.2516230674518665,0.0,0.25,22.487908707032354,20000275
EDF-Periodic,12.348945305604762,8,0.6666666666666666,0.5972440900485302,0.6666666666666666,0.33333333333333337,0.8275007202044159,0.23828353734683758,0.0,0.25,22.540662076878643,20000276
EDF-Periodic,14.146910928488051,9,0.75,0.7089372617440713,0.75,0.25,0.8072205936832186,0.2635906028049339,0.0,0.25,22.929812434698658,20000277
EDF-Periodic,10.317861408992119,7,0.5833333333333334,0.6437180710585922,0.5833333333333334,0.41666666666666663,0.7739403630854339,0.2895072964618288,0.0,0.25,20.642688045122952,20000278
EDF-Periodic,11.897147856539442,8,0.6666666666666666,0.6488595433449997,0.6666666666666666,0.33333333333333337,0.7759146763409716,0.25173823116426625,0.0,0.25,21.40792335622761,20000279
EDF-Periodic,17.195580047189168,11,0.9166666666666666,0.9060962330339286,0.9166666666666666,0.08333333333333337,0.8276620087588759,0.2188563804697474,0.0,0.25,23.800372306316444,20000280
EDF-Periodic,12.439630649928347,8,0.6666666666666666,0.7205834317754534,0.75,0.33333333333333337,0.815470984837237,0.26301631206313647,0.0,0.25,23.63793448801091,20000281
EDF-Periodic,8.949354738996677,6,0.5,0.4897799749786871,0.6666666666666666,0.5,0.8240368598713642,0.27335693504291453,0.0,0.25,21.47126742516165,20000282
EDF-Periodic,15.725130556254829,10,0.8333333333333334,0.8192629596941121,0.8333333333333334,0.16666666666666663,0.830145118858443,0.23303964481566716,0.0,0.25,23.19042017214213,20000283
EDF-Periodic,12.668425099449653,8,0.6666666666666666,0.7263575172341126,0.6666666666666666,0.33333333333333337,0.8020681894435567,0.2765043265261328,0.0,0.25,21.682348311928642,20000284
EDF-Periodic,12.103203690222253,8,0.6666666666666666,0.6767854443299953,0.6666666666666666,0.33333333333333337,0.7744205190971609,0.2519093442412692,0.0,0.25,21.549941007287728,20000285
EDF-Periodic,10.531389951304464,7,0.5833333333333334,0.5428499033065969,0.5833333333333334,0.41666666666666663,0.8144327456021422,0.28730109851835156,0.0,0.25,22.007920395690643,20000286
EDF-Periodic,15.705881801821107,10,0.8333333333333334,0.8469874421130289,0.8333333333333334,0.16666666666666663,0.8428005780849492,0.21505650673699514,0.0,0.25,23.237967288739295,20000287
EDF-Periodic,12.51600102788403,8,0.6666666666666666,0.7344189028816546,0.6666666666666666,0.33333333333333337,0.8309059579252146,0.2386941692519501,0.0,0.25,21.525242248262803,20000288
EDF-Periodic,16.009387983237385,10,0.8333333333333334,0.8610604333054848,0.8333333333333334,0.16666666666666663,0.8100932231247985,0.22781614059471322,0.0,0.25,23.269938654868994,20000289
EDF-Periodic,11.040326688990884,7,0.5833333333333334,0.5162043669288514,0.75,0.41666666666666663,0.8318755212487087,0.25320725304325203,0.0,0.25,23.07686469204454,20000290
EDF-Periodic,15.676090770041927,10,0.8333333333333334,0.7930565812949211,0.8333333333333334,0.16666666666666663,0.8472590294911129,0.22785281241792518,0.0,0.25,24.226664583988676,20000291
EDF-Periodic,10.641811030761666,7,0.5833333333333334,0.5946374579722644,0.6666666666666666,0.41666666666666663,0.811269678856258,0.2792982387671019,0.0,0.25,20.818425956566777,20000292
EDF-Periodic,13.647257706655646,9,0.75,0.6961697025320529,0.75,0.25,0.7967353996386137,0.25501887035397003,0.0,0.25,22.220406646120047,20000293
EDF-Periodic,9.486156757461725,6,0.5,0.5392220955195223,0.6666666666666666,0.5,0.8151968115622136,0.28875892481225307,0.0,0.25,23.0870450804516,20000294
EDF-Periodic,6.140380211844685,4,0.3333333333333333,0.3931700982707552,0.75,0.6666666666666667,0.8063935554372857,0.2502583779980511,0.0,0.25,23.56512884997201,20000295
EDF-Periodic,12.985823970459075,8,0.6666666666666666,0.7030074746455728,0.6666666666666666,0.33333333333333337,0.844155223911935,0.2764974409540584,0.0,0.25,23.839275340440587,20000296
EDF-Periodic,13.390656966330955,9,0.75,0.6739417827388174,0.75,0.25,0.7941481604073929,0.23778320615977325,0.0,0.25,21.87241137031029,20000297
EDF-Periodic,13.639452501854736,9,0.75,0.631150333425559,0.75,0.25,0.8284526292641848,0.2527524102160965,0.0,0.25,22.177372276921083,20000298
EDF-Periodic,10.280936940401912,7,0.5833333333333334,0.5644161398765001,0.75,0.41666666666666663,0.8169476842828036,0.24163244800114322,0.0,0.25,21.365097873098904,20000299
EDF-Periodic,10.995954859148506,7,0.5833333333333334,0.6345754819127919,0.5833333333333334,0.41666666666666663,0.8426723303699811,0.29474832097952186,0.0,0.25,22.805529456102043,20000300
EDF-Periodic,15.813617782858406,10,0.8333333333333334,0.8136920764951192,0.8333333333333334,0.16666666666666663,0.8508332578069906,0.2441182442944545,0.0,0.25,23.363839867906666,20000301
EDF-Periodic,10.659268264114154,7,0.5833333333333334,0.5737420965494386,0.5833333333333334,0.41666666666666663,0.7943872554824596,0.2656665077864892,0.0,0.25,21.824739624149462,20000302
EDF-Periodic,12.638941595641025,8,0.6666666666666666,0.7136072796987316,0.75,0.33333333333333337,0.8292651891568937,0.2573758162213939,0.0,0.25,22.87166595235483,20000303
EDF-Periodic,17.855830921942967,11,0.9166666666666666,0.8918879750027561,0.9166666666666666,0.08333333333333337,0.888536362960092,0.2097565185809027,0.0,0.25,24.456731974068372,20000304
EDF-Periodic,17.49627306506391,11,0.9166666666666666,0.8941147543676649,0.9166666666666666,0.08333333333333337,0.8511026754783123,0.19497145137513247,0.0,0.25,23.684230438325514,20000305
EDF-Periodic,12.757683056380698,8,0.6666666666666666,0.6998991823404141,0.8333333333333334,0.33333333333333337,0.8282934708170467,0.23292208246524546,0.0,0.25,23.19243616564724,20000306
EDF-Periodic,10.477085606469537,7,0.5833333333333334,0.6222279397982226,0.6666666666666666,0.41666666666666663,0.7932079995927602,0.29058102032811983,0.0,0.25,21.36216174079441,20000307
EDF-Periodic,13.227608734243432,8,0.6666666666666666,0.6849343857311698,0.75,0.33333333333333337,0.8568269428111316,0.2737583259099202,0.0,0.25,23.91890891379656,20000308
EDF-Periodic,11.058159333020765,7,0.5833333333333334,0.5568769239902276,0.6666666666666666,0.41666666666666663,0.860971232180475,0.28718201618212746,0.0,0.25,22.712073671668463,20000309
EDF-Periodic,15.742694277147493,10,0.8333333333333334,0.8461935565809161,0.8333333333333334,0.16666666666666663,0.8575252693722364,0.22814437045424582,0.0,0.25,22.699672386024844,20000310
EDF-Periodic,8.641213596265587,6,0.5,0.5351047125054816,0.6666666666666666,0.5,0.8076466550413421,0.2783599964552694,0.0,0.25,21.639573545272174,20000311
EDF-Periodic,9.178407949063772,6,0.5,0.5950936011663138,0.6666666666666666,0.5,0.8011759585857172,0.270157108253134,0.0,0.25,20.533804303703672,20000312
EDF-Periodic,12.337038499989687,8,0.6666666666666666,0.6393321727046238,0.6666666666666666,0.33333333333333337,0.8603864280104668,0.277156893793644,0.0,0.25,23.289556438839472,20000313
EDF-Periodic,10.633834529131406,7,0.5833333333333334,0.6628436371498581,0.6666666666666666,0.41666666666666663,0.8119403400747425,0.2779741942519412,0.0,0.25,21.609704062685047,20000314
EDF-Periodic,5.65233716475291,4,0.3333333333333333,0.410946089714688,0.6666666666666666,0.6666666666666667,0.8229311879485725,0.30218672911180083,0.0,0.25,22.38217913112569,20000315
EDF-Periodic,12.368426257163845,8,0.6666666666666666,0.5911399307665731,0.6666666666666666,0.33333333333333337,0.8238814608737334,0.2780556975592538,0.0,0.25,21.916807465783013,20000316
EDF-Periodic,14.542352668468231,9,0.75,0.7548763157976035,0.75,0.25,0.8603951805487119,0.2386794357023372,0.0,0.25,24.126360330540955,20000317
EDF-Periodic,9.533830020776032,6,0.5,0.5501247936803462,0.6666666666666666,0.5,0.8466045324270098,0.2896200054477385,0.0,0.25,22.995725070318873,20000318
EDF-Periodic,7.278709623552224,5,0.4166666666666667,0.44208860014290585,0.5833333333333334,0.5833333333333333,0.8257193061299355,0.29059427920129416,0.0,0.25,21.79319129611061,20000319
EDF-Periodic,12.85362026059462,8,0.6666666666666666,0.5879830366644662,0.75,0.33333333333333337,0.8212439781429094,0.2579110232653761,0.0,0.25,23.337783617017184,20000320
EDF-Periodic,15.827460053878198,10,0.8333333333333334,0.7603328025977458,0.8333333333333334,0.16666666666666663,0.8503781068818296,0.20011757506856098,0.0,0.25,24.208471428880994,20000321
EDF-Periodic,10.846878322488807,7,0.5833333333333334,0.6425798617605624,0.5833333333333334,0.41666666666666663,0.803327812825586,0.2678598457253188,0.0,0.25,21.184993650545387,20000322
EDF-Periodic,9.624635245406651,6,0.5,0.5111194889917284,0.75,0.5,0.8465647767430374,0.254279383862336,0.0,0.25,23.519753063863647,20000323
EDF-Periodic,13.33324061715772,8,0.6666666666666666,0.6830957329567198,0.75,0.33333333333333337,0.8768962649231483,0.24147181635835593,0.0,0.25,24.741634325452317,20000324
EDF-Periodic,14.267169016779055,9,0.75,0.6965895932335844,0.8333333333333334,0.25,0.8588607238635517,0.2301056229294678,0.0,0.25,24.868519882636452,20000325
EDF-Periodic,12.583974174828338,8,0.6666666666666666,0.5998537591855637,0.6666666666666666,0.33333333333333337,0.8107068371181722,0.2802464761471321,0.0,0.25,22.058147597101755,20000326
EDF-Periodic,14.648439282777108,9,0.75,0.7952365826236688,0.75,0.25,0.8248279877939892,0.2285610871274876,0.0,0.25,23.202383214351997,20000327
EDF-Periodic,14.347513675003716,9,0.75,0.6968032945534653,0.75,0.25,0.8558283424309017,0.25222005249188245,0.0,0.25,23.358849705150778,20000328
EDF-Periodic,8.670167935962976,6,0.5,0.49662923536787007,0.5833333333333334,0.5,0.8073069296845063,0.2852816479269745,0.0,0.25,21.344568506931314,20000329
EDF-Periodic,10.835860539229067,7,0.5833333333333334,0.6428092093580662,0.6666666666666666,0.41666666666666663,0.8142704975989078,0.24338030885881098,0.0,0.25,22.709379906621834,20000330
EDF-Periodic,15.981837583676286,10,0.8333333333333334,0.8425753191368011,0.8333333333333334,0.16666666666666663,0.9051976784479167,0.25171938141679745,0.0,0.25,25.10879276533688,20000331
EDF-Periodic,9.70208571405152,6,0.5,0.633894537235581,0.75,0.5,0.8256119263203349,0.24987199029671756,0.0,0.25,23.078173830414894,20000332
EDF-Periodic,6.938316141990922,5,0.4166666666666667,0.46853940610842876,0.6666666666666666,0.5833333333333333,0.7986102678887766,0.2667777732012398,0.0,0.25,22.3317112595614,20000333
EDF-Periodic,10.611491055477,7,0.5833333333333334,0.5178838080079311,0.6666666666666666,0.41666666666666663,0.8065993567932632,0.2422882088870033,0.0,0.25,22.20858578479938,20000334
EDF-Periodic,10.790002533477718,7,0.5833333333333334,0.6415060586382942,0.6666666666666666,0.41666666666666663,0.7997877797988925,0.2696925587295531,0.0,0.25,21.852081013865437,20000335
EDF-Periodic,5.959057618058696,4,0.3333333333333333,0.3950487822701504,0.6666666666666666,0.6666666666666667,0.855665641760551,0.30281733443381276,0.0,0.25,22.882794509360487,20000336
EDF-Periodic,10.821718979107983,7,0.5833333333333334,0.5096682389784705,0.75,0.41666666666666663,0.8548678753514322,0.2594609024812489,0.0,0.25,23.93557663866186,20000337
EDF-Periodic,16.615562335483098,10,0.8333333333333334,0.828131756338767,0.8333333333333334,0.16666666666666663,0.8838823117626641,0.21898288170065353,0.0,0.25,25.072823179917183,20000338
EDF-Periodic,14.107016406123707,9,0.75,0.7028204328399341,0.75,0.25,0.853175868462812,0.23871395655804376,0.0,0.25,23.2759421427482,20000339
EDF-Periodic,10.210107472887202,7,0.5833333333333334,0.5480188825968652,0.6666666666666666,0.41666666666666663,0.7737580617292151,0.28756671252135696,0.0,0.25,20.772963352516072,20000340
EDF-Periodic,14.428967488374859,9,0.75,0.7713917089731924,0.75,0.25,0.8622860668528699,0.26632946525819295,0.0,0.25,23.889762805013664,20000341
EDF-Periodic,13.615399531178973,9,0.75,0.720441237788302,0.75,0.25,0.842858580177572,0.25052241926816343,0.0,0.25,22.436482884225956,20000342
EDF-Periodic,12.52116455884994,8,0.6666666666666666,0.554798600667037,0.75,0.33333333333333337,0.8175066771305666,0.22428079861155256,0.0,0.25,23.036617003149345,20000343
EDF-Periodic,10.747775793658294,7,0.5833333333333334,0.6471883271945037,0.6666666666666666,0.41666666666666663,0.7776591711287693,0.2651478812317247,0.0,0.25,21.70415751223302,20000344
EDF-Periodic,7.3895333546040725,5,0.4166666666666667,0.44745386209277627,0.5833333333333334,0.5833333333333333,0.824316236123862,0.27755533378326813,0.0,0.25,22.484466784499826,20000345
EDF-Periodic,10.517510454548141,7,0.5833333333333334,0.5578069188531086,0.6666666666666666,0.41666666666666663,0.7901306858357566,0.2558783818439789,0.0,0.25,22.023623617012383,20000346
EDF-Periodic,11.104904617521829,7,0.5833333333333334,0.5777441019906667,0.75,0.41666666666666663,0.8628747288433223,0.25620363973514093,0.0,0.25,24.349956042341898,20000347
EDF-Periodic,12.87883664993441,8,0.6666666666666666,0.6636986783680859,0.6666666666666666,0.33333333333333337,0.8606449131131892,0.2644490308799398,0.0,0.25,23.0818222024015,20000348
EDF-Periodic,17.935484781491056,11,0.9166666666666666,0.9532819057804557,0.9166666666666666,0.08333333333333337,0.8927373615362958,0.2153249623351741,0.0,0.25,24.850853422061505,20000349
EDF-Periodic,9.328995595443052,6,0.5,0.5350465908791704,0.6666666666666666,0.5,0.8381111352063281,0.2964357635856157,0.0,0.25,22.489506331875152,20000350
EDF-Periodic,9.446345707252194,6,0.5,0.5471350344308944,0.6666666666666666,0.5,0.8434512938550128,0.2591581423204053,0.0,0.25,22.829660142880588,20000351
EDF-Periodic,7.729363359240276,5,0.4166666666666667,0.4892062642604647,0.75,0.5833333333333333,0.8184529984186324,0.25063796638881425,0.0,0.25,22.44183814234605,20000352
EDF-Periodic,12.872689347215118,8,0.6666666666666666,0.7146034410251038,0.6666666666666666,0.33333333333333337,0.8247669282858482,0.26215906042007747,0.0,0.25,22.898041145931042,20000353
EDF-Periodic,12.405208855865927,8,0.6666666666666666,0.6332516776658648,0.75,0.33333333333333337,0.7977223185617962,0.23715915714549093,0.0,0.25,22.879310261842114,20000354
EDF-Periodic,15.794966328541499,10,0.8333333333333334,0.8435414238023327,0.8333333333333334,0.16666666666666663,0.8386692475735579,0.24767298108497937,0.0,0.25,22.867536396510555,20000355
EDF-Periodic,11.045370736996867,7,0.5833333333333334,0.5921657240902947,0.75,0.41666666666666663,0.8567579749855924,0.24852148041268585,0.0,0.25,23.382182760914525,20000356
EDF-Periodic,12.104930214994436,8,0.6666666666666666,0.6652607215188718,0.6666666666666666,0.33333333333333337,0.8150297780980575,0.27268265225172633,0.0,0.25,22.352902981558625,20000357
EDF-Periodic,19.497709500270076,12,1.0,1.0,1.0,0.0,0.8558117777171788,0.18793271228548933,0.0,0.25,24.984917512920795,20000358
EDF-Periodic,18.39787316982832,11,0.9166666666666666,0.8751202952640644,0.9166666666666666,0.08333333333333337,0.8919950914042353,0.20269403572307731,0.0,0.25,24.905398685073834,20000359
EDF-Periodic,14.064219683825817,9,0.75,0.7822438652526064,0.75,0.25,0.7927938184984201,0.24641080382749547,0.0,0.25,21.810882679443388,20000360
EDF-Periodic,9.203717695476572,6,0.5,0.46686771482047995,0.6666666666666666,0.5,0.840727387220238,0.2504393135580049,0.0,0.25,23.000375278733053,20000361
EDF-Periodic,10.608701215915975,7,0.5833333333333334,0.6020973939816405,0.6666666666666666,0.41666666666666663,0.819395045256058,0.28524353160196886,0.0,0.25,22.48254365999262,20000362
EDF-Periodic,3.587377524941331,3,0.25,0.2982639797629356,0.5833333333333334,0.75,0.7972187781114228,0.29756571717434716,0.0,0.25,21.979010075908278,20000363
EDF-Periodic,12.446131255335356,8,0.6666666666666666,0.6455969459013866,0.6666666666666666,0.33333333333333337,0.7853621674225072,0.2552254370046175,0.0,0.25,22.172326326254012,20000364
EDF-Periodic,8.827035270738248,6,0.5,0.564423783524878,0.5833333333333334,0.5,0.7423722532598115,0.2877466224886009,0.0,0.25,20.871132842514804,20000365
EDF-Periodic,11.188848118858335,7,0.5833333333333334,0.5870418870848089,0.5833333333333334,0.41666666666666663,0.8458537210974507,0.2815681888251838,0.0,0.25,23.7286258410109,20000366
EDF-Periodic,12.90228417498127,8,0.6666666666666666,0.6820751504717713,0.75,0.33333333333333337,0.8559673558895806,0.23767715617911897,0.0,0.25,23.250787885559237,20000367
EDF-Periodic,15.857535713194585,10,0.8333333333333334,0.814985628187016,0.8333333333333334,0.16666666666666663,0.821884597511176,0.24025001485392797,0.0,0.25,23.047224469346624,20000368
EDF-Periodic,10.851118323732456,7,0.5833333333333334,0.5574338095813752,0.6666666666666666,0.41666666666666663,0.8404464114240161,0.29459442162615823,0.0,0.25,22.515644256531687,20000369
EDF-Periodic,12.11154813541878,8,0.6666666666666666,0.6459777997403082,0.75,0.33333333333333337,0.7887523147629407,0.2593075074441235,0.0,0.25,22.03247624904829,20000370
EDF-Periodic,12.091071494866526,8,0.6666666666666666,0.6253714614607077,0.6666666666666666,0.33333333333333337,0.8302529630485814,0.27364719364954354,0.0,0.25,21.922864791223628,20000371
EDF-Periodic,6.782584806626406,5,0.4166666666666667,0.39175104389650595,0.5833333333333334,0.5833333333333333,0.7907283916132067,0.29644798521994115,0.0,0.25,21.41304472428063,20000372
EDF-Periodic,15.49427199542378,10,0.8333333333333334,0.7976215489797726,0.8333333333333334,0.16666666666666663,0.8503143926477366,0.22116126151034346,0.0,0.25,23.40639598317834,20000373
EDF-Periodic,14.43938175833094,9,0.75,0.7847606515688502,0.75,0.25,0.8233457680955646,0.2569327243202766,0.0,0.25,23.26335032606423,20000374
EDF-Periodic,15.04792050121429,9,0.75,0.7189355948674772,0.8333333333333334,0.25,0.8900637501022534,0.23999196532139236,0.0,0.25,24.481331736506306,20000375
EDF-Periodic,14.004082620583425,9,0.75,0.7847203392217161,0.75,0.25,0.7918927039722456,0.2467067447213868,0.0,0.25,22.933606406693933,20000376
EDF-Periodic,13.497912458750612,9,0.75,0.6278538024510304,0.75,0.25,0.796891776914014,0.23542154064109608,0.0,0.25,21.506485239381366,20000377
EDF-Periodic,12.870536656916462,8,0.6666666666666666,0.6523935912978113,0.75,0.33333333333333337,0.8289308976006545,0.24191530192510538,0.0,0.25,23.32736155079818,20000378
EDF-Periodic,9.891245808852235,6,0.5,0.6070368374086258,0.8333333333333334,0.5,0.8546642778762624,0.24415623069020634,0.0,0.25,23.71805066132239,20000379
EDF-Periodic,14.238130576942918,9,0.75,0.7752352825810437,0.75,0.25,0.8619756335260252,0.26000558210310465,0.0,0.25,23.268928006478696,20000380
EDF-Periodic,3.9385435202564087,3,0.25,0.31909156285923634,0.5833333333333334,0.75,0.8070288986782312,0.2942280287700124,0.0,0.25,21.769580315627866,20000381
EDF-Periodic,17.35408897094473,11,0.9166666666666666,0.8247587964879989,0.9166666666666666,0.08333333333333337,0.885151595624858,0.2187212599810893,0.0,0.25,24.136914433232437,20000382
EDF-Periodic,13.773498943238659,9,0.75,0.6977924781209877,0.75,0.25,0.8185686460016841,0.25449362384120655,0.0,0.25,22.61048526303648,20000383
EDF-Periodic,11.184812970406606,7,0.5833333333333334,0.6418339160057773,0.6666666666666666,0.41666666666666663,0.8346464582007279,0.2567497438907949,0.0,0.25,23.222075002893742,20000384
EDF-Periodic,10.532784659811195,7,0.5833333333333334,0.5743296470600059,0.75,0.41666666666666663,0.8091868047643151,0.25381801822502337,0.0,0.25,21.562216490353084,20000385
EDF-Periodic,8.74867357603746,6,0.5,0.5153163676656645,0.5833333333333334,0.5,0.7962398691484571,0.27646635874617337,0.0,0.25,22.33142936619887,20000386
EDF-Periodic,14.724125233563198,9,0.75,0.7941129814855552,0.75,0.25,0.876951407473535,0.23413953276363475,0.0,0.25,23.547700482357488,20000387
EDF-Periodic,17.698922618790117,11,0.9166666666666666,0.8874413006884836,0.9166666666666666,0.08333333333333337,0.8767664869888566,0.21534256146762898,0.0,0.25,25.144796087959858,20000388
EDF-Periodic,14.735017972174438,9,0.75,0.710244914091878,0.8333333333333334,0.25,0.8985702175621902,0.26072476619836404,0.0,0.25,24.973778849424694,20000389
EDF-Periodic,14.542980895692436,9,0.75,0.7280131237449886,0.75,0.25,0.8685267781136518,0.2392351852627547,0.0,0.25,24.051547956880363,20000390
EDF-Periodic,14.344679986248916,9,0.75,0.8292548585905299,0.75,0.25,0.8590693174604388,0.2699969382055769,0.0,0.25,23.109947453883613,20000391
EDF-Periodic,16.39095453847969,10,0.8333333333333334,0.7949852274940663,0.8333333333333334,0.16666666666666663,0.8680029102984864,0.22131539799486158,0.0,0.25,24.095333456908374,20000392
EDF-Periodic,9.156269273498317,6,0.5,0.5733574348996024,0.5833333333333334,0.5,0.811407916584856,0.2896761478331004,0.0,0.25,22.0568557147797,20000393
EDF-Periodic,10.908694957984867,7,0.5833333333333334,0.5134425604397369,0.6666666666666666,0.41666666666666663,0.8138290859208702,0.2704831551769021,0.0,0.25,21.9279006949884,20000394
EDF-Periodic,14.404189082097197,9,0.75,0.6704672842704762,0.8333333333333334,0.25,0.8591899772254307,0.24078007391375134,0.0,0.25,24.099856514083044,20000395
EDF-Periodic,10.686962803756899,7,0.5833333333333334,0.6860780829386305,0.6666666666666666,0.41666666666666663,0.7807314027085533,0.24980677441845547,0.0,0.25,21.389714414566843,20000396
EDF-Periodic,15.332508148924857,10,0.8333333333333334,0.7319835010529416,0.8333333333333334,0.16666666666666663,0.859747097014151,0.2173371187642541,0.0,0.25,24.029275533178684,20000397
EDF-Periodic,17.575990692322684,11,0.9166666666666666,0.9287306554884953,0.9166666666666666,0.08333333333333337,0.8571044854109057,0.22272066843503602,0.0,0.25,23.75001894831672,20000398
EDF-Periodic,10.056825227094576,7,0.5833333333333334,0.5982468889878882,0.6666666666666666,0.41666666666666663,0.7783426211983354,0.278437546275966,0.0,0.25,20.482264701858412,20000399
EDF-Periodic,10.55708570783828,7,0.5833333333333334,0.6161992734502933,0.75,0.41666666666666663,0.8083605429669273,0.2425737905480787,0.0,0.25,22.067686775140373,20000400
EDF-Periodic,8.993719653717257,6,0.5,0.5027986199694028,0.5833333333333334,0.5,0.8040466183371211,0.28575434404815353,0.0,0.25,22.63289173438426,20000401
EDF-Periodic,9.15173260829108,6,0.5,0.5161736550437604,0.5833333333333334,0.5,0.7927102227384349,0.27908114434561565,0.0,0.25,21.661183053495197,20000402
EDF-Periodic,8.905319689073625,6,0.5,0.4236733725202319,0.6666666666666666,0.5,0.8249652418434716,0.2676587883865617,0.0,0.25,21.512933984757506,20000403
EDF-Periodic,10.214071524743492,7,0.5833333333333334,0.6375105631064938,0.5833333333333334,0.41666666666666663,0.7872559013055853,0.28048572771944663,0.0,0.25,20.59135629200769,20000404
EDF-Periodic,6.754529651936717,5,0.4166666666666667,0.4416010472035375,0.5,0.5833333333333333,0.745943144722102,0.276723589757463,0.0,0.25,19.950497587127256,20000405
EDF-Periodic,12.931716740883772,8,0.6666666666666666,0.6861497630462254,0.75,0.33333333333333337,0.8533167157337477,0.27121012645446646,0.0,0.25,23.844870123073957,20000406
EDF-Periodic,13.174818111836675,8,0.6666666666666666,0.7416171222910746,0.75,0.33333333333333337,0.8572871371866441,0.2627302193158248,0.0,0.25,23.06193668873149,20000407
EDF-Periodic,8.968351808885604,6,0.5,0.41995079660048085,0.8333333333333334,0.5,0.7977170109529976,0.22943271094088158,0.0,0.25,23.16930039402377,20000408
EDF-Periodic,5.573320004380829,4,0.3333333333333333,0.350818843947508,0.6666666666666666,0.6666666666666667,0.858013674490201,0.28944539227995586,0.0,0.25,23.059788112086252,20000409
EDF-Periodic,16.191296313642592,10,0.8333333333333334,0.8554781168958451,0.8333333333333334,0.16666666666666663,0.8344074093834427,0.22965979177407755,0.0,0.25,23.47718687408302,20000410
EDF-Periodic,14.289346267196054,9,0.75,0.7193355336115012,0.75,0.25,0.8275289048781757,0.24574127641850171,0.0,0.25,21.940809443496057,20000411
EDF-Periodic,12.43831144196961,8,0.6666666666666666,0.6817236329870326,0.6666666666666666,0.33333333333333337,0.8033930993363235,0.2800427937440627,0.0,0.25,21.806698595716195,20000412
EDF-Periodic,13.944026036088829,9,0.75,0.7750755379256529,0.75,0.25,0.8018877691607939,0.24352406284161152,0.0,0.25,22.75634171883029,20000413
EDF-Periodic,12.509121926122544,8,0.6666666666666666,0.7102429469090468,0.6666666666666666,0.33333333333333337,0.8209865147331655,0.26733582565035846,0.0,0.25,21.499684167792623,20000414
EDF-Periodic,14.756369813279784,9,0.75,0.8156307269126519,0.75,0.25,0.860781001537115,0.27227097778640236,0.0,0.25,23.34605598162774,20000415
EDF-Periodic,8.425701215277934,6,0.5,0.45566726543776787,0.6666666666666666,0.5,0.8071970962321201,0.2650603747102136,0.0,0.25,21.648474222736223,20000416
EDF-Periodic,14.613861534765912,9,0.75,0.8030661280931296,0.75,0.25,0.82397143481819,0.2539101745402057,0.0,0.25,22.99084080806144,20000417
EDF-Periodic,15.760452681483162,10,0.8333333333333334,0.838394676366489,0.8333333333333334,0.16666666666666663,0.8497608058496283,0.21758688257541028,0.0,0.25,23.594488758210215,20000418
EDF-Periodic,10.540931664639283,7,0.5833333333333334,0.5996502318602629,0.6666666666666666,0.41666666666666663,0.782634317192429,0.2960919438621535,0.0,0.25,21.411688066626873,20000419
EDF-Periodic,15.8730785144663,10,0.8333333333333334,0.8108731532104773,0.8333333333333334,0.16666666666666663,0.8670741904061986,0.22112339863382666,0.0,0.25,23.509321715893464,20000420
EDF-Periodic,10.758637493323635,7,0.5833333333333334,0.553192069356678,0.6666666666666666,0.41666666666666663,0.8063075033251389,0.2884025842262488,0.0,0.25,21.90704964030019,20000421
EDF-Periodic,13.88679764822022,9,0.75,0.6605554437374357,0.75,0.25,0.815528038148528,0.20879253884949014,0.0,0.25,22.935168941464564,20000422
EDF-Periodic,15.618367067443593,10,0.8333333333333334,0.8043897677873842,0.8333333333333334,0.16666666666666663,0.8305483299821823,0.2133672579320499,0.0,0.25,22.361798657475333,20000423
EDF-Periodic,10.56074496818497,7,0.5833333333333334,0.506645444464786,0.75,0.41666666666666663,0.8141589175032528,0.25811914161201793,0.0,0.25,22.791824692410135,20000424
EDF-Periodic,7.22144874685986,5,0.4166666666666667,0.39260413702485203,0.6666666666666666,0.5833333333333333,0.8032094244816701,0.2599478214165261,0.0,0.25,21.335636189040176,20000425
EDF-Periodic,14.06361181742853,9,0.75,0.7049257338527423,0.75,0.25,0.8556461014004876,0.2518235124277637,0.0,0.25,23.24579292483282,20000426
EDF-Periodic,13.96762543312247,9,0.75,0.6671671072217922,0.75,0.25,0.8423568467196825,0.22081766351326548,0.0,0.25,23.178935719614397,20000427
EDF-Periodic,16.71177426842808,10,0.8333333333333334,0.7980224993123696,0.8333333333333334,0.16666666666666663,0.8844226386940427,0.2288980286079103,0.0,0.25,24.866526475210126,20000428
EDF-Periodic,15.515341065490631,10,0.8333333333333334,0.8547280799372391,0.8333333333333334,0.16666666666666663,0.8487883518059464,0.2507013502347308,0.0,0.25,22.933732610141984,20000429
EDF-Periodic,15.46998271306093,10,0.8333333333333334,0.8390048241964735,0.8333333333333334,0.16666666666666663,0.8420203269729578,0.24822957932044365,0.0,0.25,22.02822276266748,20000430
EDF-Periodic,12.305261314870377,8,0.6666666666666666,0.6700727617065965,0.6666666666666666,0.33333333333333337,0.8126366423721288,0.2576247763115151,0.0,0.25,22.410280005092574,20000431
EDF-Periodic,12.874202104920025,8,0.6666666666666666,0.6500745787048356,0.8333333333333334,0.33333333333333337,0.8769476766597023,0.24429448355910063,0.0,0.25,25.751263158767404,20000432
EDF-Periodic,12.732898839861427,8,0.6666666666666666,0.6187561265730704,0.75,0.33333333333333337,0.8538713332617057,0.27112523998042015,0.0,0.25,23.62790825297359,20000433
EDF-Periodic,12.262296408940438,8,0.6666666666666666,0.6834920776148982,0.6666666666666666,0.33333333333333337,0.8163104666344331,0.2738995789287468,0.0,0.25,22.920219146801898,20000434
EDF-Periodic,15.040616933705003,9,0.75,0.8468403328336233,0.75,0.25,0.8889007449489706,0.251903989284843,0.0,0.25,23.968606657417844,20000435
EDF-Periodic,16.248776111561494,10,0.8333333333333334,0.8301642378986454,0.8333333333333334,0.16666666666666663,0.8855917012274827,0.22194559402540237,0.0,0.25,24.419000907814148,20000436
EDF-Periodic,9.45648268072433,6,0.5,0.5854626144085534,0.75,0.5,0.8536488679135993,0.26089461804612823,0.0,0.25,23.10367748111469,20000437
EDF-Periodic,11.813163137505757,8,0.6666666666666666,0.6212469755097814,0.6666666666666666,0.33333333333333337,0.7488230016598946,0.25394037256803187,0.0,0.25,20.13599716558862,20000438
EDF-Periodic,7.19569540832595,5,0.4166666666666667,0.40512958952370265,0.5833333333333334,0.5833333333333333,0.8006999270599614,0.2854992208694595,0.0,0.25,21.281664478712923,20000439
EDF-Periodic,15.448674774033098,10,0.8333333333333334,0.7522010937459938,0.9166666666666666,0.16666666666666663,0.840155351185019,0.2107025714114501,0.0,0.25,23.42097756935603,20000440
EDF-Periodic,8.399484979725882,6,0.5,0.5017205398578664,0.5833333333333334,0.5,0.7469716955724227,0.2944465265127625,0.0,0.25,19.55419106831461,20000441
EDF-Periodic,15.495484829261327,10,0.8333333333333334,0.7337190744667499,0.8333333333333334,0.16666666666666663,0.870132722205069,0.21777045338897114,0.0,0.25,23.692620678656596,20000442
EDF-Periodic,13.187892289563793,8,0.6666666666666666,0.6828610543270173,0.75,0.33333333333333337,0.8669402811325,0.27504649610729076,0.0,0.25,23.707117906554657,20000443
EDF-Periodic,12.375370636649269,8,0.6666666666666666,0.6317401348726499,0.6666666666666666,0.33333333333333337,0.805658993346762,0.25258131271327566,0.0,0.25,21.57593159717921,20000444
EDF-Periodic,7.8876980842487265,5,0.4166666666666667,0.43997339462978696,0.75,0.5833333333333333,0.8155121631876637,0.2537147922192024,0.0,0.25,22.46586157735219,20000445
EDF-Periodic,11.37442271825074,7,0.5833333333333334,0.5574025422150226,0.75,0.41666666666666663,0.8588192365368233,0.24660434491627048,0.0,0.25,23.9253148991805,20000446
EDF-Periodic,7.273292895033938,5,0.4166666666666667,0.3888843746312408,0.5833333333333334,0.5833333333333333,0.8432459242002701,0.2853805631182937,0.0,0.25,22.71356452057535,20000447
EDF-Periodic,12.711596418320436,8,0.6666666666666666,0.6746024906660166,0.75,0.33333333333333337,0.8582470070844993,0.2681473827741266,0.0,0.25,23.249538204203617,20000448
EDF-Periodic,15.844173693013555,10,0.8333333333333334,0.7362359466404191,0.8333333333333334,0.16666666666666663,0.830376693634912,0.21701181614007015,0.0,0.25,23.114617660277755,20000449
EDF-Periodic,14.669938723931743,9,0.75,0.6766788133583052,0.75,0.25,0.8681691399670565,0.27603011541875705,0.0,0.25,24.52950272232052,20000450
EDF-Periodic,10.869715596626861,7,0.5833333333333334,0.5596559797448016,0.75,0.41666666666666663,0.8436573835744028,0.23336560075538068,0.0,0.25,22.16538122349017,20000451
EDF-Periodic,12.940465510919815,8,0.6666666666666666,0.6196232602264524,0.6666666666666666,0.33333333333333337,0.865856927383868,0.26899224278583933,0.0,0.25,23.954163433299232,20000452
EDF-Periodic,5.010017936230656,4,0.3333333333333333,0.4042047775378798,0.5,0.6666666666666667,0.7521452631171845,0.33235759832928197,0.0,0.25,19.40786441988952,20000453
EDF-Periodic,5.160318818145958,4,0.3333333333333333,0.4551987228239452,0.5,0.6666666666666667,0.8013718351211213,0.30815855721576124,0.0,0.25,21.521467059539724,20000454
EDF-Periodic,14.212134067460665,9,0.75,0.7482120064878373,0.75,0.25,0.8400185075641567,0.2587087310773435,0.0,0.25,21.909122623738035,20000455
EDF-Periodic,14.106160424880638,9,0.75,0.7749403187611663,0.75,0.25,0.8308573790974417,0.2606178332644193,0.0,0.25,21.79994051137836,20000456
EDF-Periodic,7.040942187954822,5,0.4166666666666667,0.397654720627177,0.5833333333333334,0.5833333333333333,0.7893471965386215,0.2713041192974492,0.0,0.25,20.195007782464938,20000457
EDF-Periodic,3.851366107423904,3,0.25,0.3109449943305141,0.5833333333333334,0.75,0.8182252863325212,0.31746850431089535,0.0,0.25,22.032563074061777,20000458
EDF-Periodic,16.371397559337407,10,0.8333333333333334,0.8079937071293773,0.8333333333333334,0.16666666666666663,0.895051752232475,0.2548659585326037,0.0,0.25,24.56229042618361,20000459
EDF-Periodic,18.26294537791358,11,0.9166666666666666,0.8693480665574548,0.9166666666666666,0.08333333333333337,0.8852337023933071,0.2080962214795742,0.0,0.25,24.778868331574053,20000460
EDF-Periodic,7.829303346803249,5,0.4166666666666667,0.441622208815883,0.6666666666666666,0.5833333333333333,0.8771265514611066,0.2904206156702768,0.0,0.25,22.713513754312917,20000461
EDF-Periodic,16.05479680389214,10,0.8333333333333334,0.8160084302700334,0.8333333333333334,0.16666666666666663,0.867004841029306,0.2521069417822768,0.0,0.25,23.283500520153304,20000462
EDF-Periodic,14.499668810738077,9,0.75,0.6576976165059198,0.75,0.25,0.8593726463136556,0.2347677664983563,0.0,0.25,24.654817345175925,20000463
EDF-Periodic,10.772175742005897,7,0.5833333333333334,0.6283953782123162,0.6666666666666666,0.41666666666666663,0.8048270328230777,0.24951995930320936,0.0,0.25,22.305696030345572,20000464
EDF-Periodic,14.717785085990968,9,0.75,0.8331857152688515,0.75,0.25,0.8410238177067999,0.24462043376537054,0.0,0.25,23.468864740166566,20000465
EDF-Periodic,5.331746761935987,4,0.3333333333333333,0.35538686770191225,0.5833333333333334,0.6666666666666667,0.7674606644224659,0.25918339313908473,0.0,0.25,21.10071218305959,20000466
EDF-Periodic,14.092750404078767,9,0.75,0.7096967905223037,0.8333333333333334,0.25,0.8220369661208101,0.20159827340499792,0.0,0.25,22.811733289527268,20000467
EDF-Periodic,15.347721088928873,10,0.8333333333333334,0.757311655821267,0.8333333333333334,0.16666666666666663,0.8111511900631015,0.24386066881064372,0.0,0.25,23.35760197330056,20000468
EDF-Periodic,12.492695626007121,8,0.6666666666666666,0.6527255209590308,0.75,0.33333333333333337,0.8029225043969331,0.25539924399510056,0.0,0.25,22.044114303937615,20000469
EDF-Periodic,13.54119294716038,9,0.75,0.7913659080167297,0.75,0.25,0.8150922666987991,0.24106925560032488,0.0,0.25,22.254866804144086,20000470
EDF-Periodic,14.578525329292667,9,0.75,0.7315228740022885,0.75,0.25,0.8867753001529076,0.24867478621686312,0.0,0.25,24.293586600663293,20000471
EDF-Periodic,14.319549006280871,9,0.75,0.694867098238813,0.75,0.25,0.8280045221457829,0.24110391533407094,0.0,0.25,22.530453005830694,20000472
EDF-Periodic,16.123255271671038,10,0.8333333333333334,0.8125591105808411,0.8333333333333334,0.16666666666666663,0.8587818781280285,0.2286883776431806,0.0,0.25,23.72814703215339,20000473
EDF-Periodic,14.990180147046644,9,0.75,0.7889354693141741,0.75,0.25,0.8444277894631217,0.26028503061281555,0.0,0.25,23.83915762876673,20000474
EDF-Periodic,13.301985663653248,8,0.6666666666666666,0.6953947490332113,0.75,0.33333333333333337,0.8563501117673237,0.2599062566277036,0.0,0.25,23.82262528837365,20000475
EDF-Periodic,10.235635225973494,7,0.5833333333333334,0.6358077995677192,0.6666666666666666,0.41666666666666663,0.7998064651922449,0.2497454610976025,0.0,0.25,21.284044849460972,20000476
EDF-Periodic,12.536643661841147,8,0.6666666666666666,0.6888110331808882,0.6666666666666666,0.33333333333333337,0.8194812056029811,0.2594575528027485,0.0,0.25,22.100702956230702,20000477
EDF-Periodic,10.809968971625391,7,0.5833333333333334,0.542069510901533,0.6666666666666666,0.41666666666666663,0.8473598013614282,0.2639452956095129,0.0,0.25,22.439921402220165,20000478
EDF-Periodic,9.081926991685632,6,0.5,0.5037950152060112,0.6666666666666666,0.5,0.8167524772017632,0.2539678423059123,0.0,0.25,22.26900906793142,20000479
EDF-Periodic,14.651786768672785,9,0.75,0.65468041776416,0.75,0.25,0.8950339726166828,0.24990499137982058,0.0,0.25,23.582191874347323,20000480
EDF-Periodic,15.82807856813552,10,0.8333333333333334,0.7770462882125336,0.8333333333333334,0.16666666666666663,0.847480072967956,0.203587690946778,0.0,0.25,23.308050289907587,20000481
EDF-Periodic,7.441303799987876,5,0.4166666666666667,0.40662714811148776,0.6666666666666666,0.5833333333333333,0.8179940451484278,0.28850152439197174,0.0,0.25,22.414843197239712,20000482
EDF-Periodic,16.281539587012524,10,0.8333333333333334,0.797561472329439,0.8333333333333334,0.16666666666666663,0.8607425497400988,0.2038989059131293,0.0,0.25,24.853758579308913,20000483
EDF-Periodic,9.023938924924153,6,0.5,0.4712735882671118,0.6666666666666666,0.5,0.8081613366014642,0.28110859435720187,0.0,0.25,22.177480527746717,20000484
EDF-Periodic,11.71723549989784,8,0.6666666666666666,0.5852097652423386,0.6666666666666666,0.33333333333333337,0.7843365058067029,0.2484044675866972,0.0,0.25,20.22167537547905,20000485
EDF-Periodic,14.321672496106482,9,0.75,0.7711447533201752,0.75,0.25,0.8254083247524493,0.26286366111387766,0.0,0.25,23.178398474965903,20000486
EDF-Periodic,10.993727624868187,7,0.5833333333333334,0.6142974549840814,0.6666666666666666,0.41666666666666663,0.832730615802733,0.2527378263590328,0.0,0.25,23.434233176257216,20000487
EDF-Periodic,11.029727664410643,7,0.5833333333333334,0.5951011405992945,0.6666666666666666,0.41666666666666663,0.8308092030416003,0.2553818266984323,0.0,0.25,23.636440042567973,20000488
EDF-Periodic,12.75507609188588,8,0.6666666666666666,0.6834153551175015,0.6666666666666666,0.33333333333333337,0.8285846588237886,0.2613278166947102,0.0,0.25,21.914732672796696,20000489
EDF-Periodic,10.393907652102802,7,0.5833333333333334,0.6125697533816611,0.6666666666666666,0.41666666666666663,0.8170189690874153,0.28044875355810683,0.0,0.25,22.023172987234663,20000490
EDF-Periodic,14.291016072560684,9,0.75,0.6619236587155817,0.75,0.25,0.8204089148132935,0.2580037757695774,0.0,0.25,22.930217785752667,20000491
EDF-Periodic,12.536918320816106,8,0.6666666666666666,0.7407381514663406,0.6666666666666666,0.33333333333333337,0.8382560416598105,0.2864367915542286,0.0,0.25,21.87476698886263,20000492
EDF-Periodic,7.14695677127886,5,0.4166666666666667,0.4497388796413579,0.6666666666666666,0.5833333333333333,0.7956896087826043,0.28710725379675,0.0,0.25,21.540088356978046,20000493
EDF-Periodic,15.988163035387718,10,0.8333333333333334,0.7843826851573477,0.8333333333333334,0.16666666666666663,0.8496859363421798,0.2374899208374739,0.0,0.25,23.74319245396078,20000494
EDF-Periodic,14.33545671861892,9,0.75,0.7193523919529737,0.75,0.25,0.797762409524081,0.25539931645417036,0.0,0.25,22.64507647715843,20000495
EDF-Periodic,16.172051634022544,10,0.8333333333333334,0.7749005052239533,0.8333333333333334,0.16666666666666663,0.8927762163733703,0.1994006953996467,0.0,0.25,24.071142686105393,20000496
EDF-Periodic,13.368024560864086,9,0.75,0.6498629734628306,0.75,0.25,0.8078757162244173,0.23637926150133162,0.0,0.25,22.408715600863502,20000497
EDF-Periodic,6.943707069529359,5,0.4166666666666667,0.34703661212713455,0.6666666666666666,0.5833333333333333,0.8104775829171231,0.2448903727355668,0.0,0.25,21.858628469540484,20000498
EDF-Periodic,8.72628651131366,6,0.5,0.5853142434155703,0.5833333333333334,0.5,0.7808931413851855,0.2871717977341002,0.0,0.25,20.673846492517946,20000499
EDF-Threshold,14.424619171463025,9,0.75,0.8236134876950838,0.75,0.25,0.8367802683411635,0.2869707851596371,0.0,0.22916666666666666,23.815630519389078,20000000
EDF-Threshold,11.419653868176859,7,0.5833333333333334,0.6363648418966075,0.75,0.41666666666666663,0.8575456411239694,0.2555284719573684,0.0,0.22916666666666666,23.36165569782301,20000001
EDF-Threshold,12.401382786474093,8,0.6666666666666666,0.5812218443470323,0.8333333333333334,0.33333333333333337,0.883353157468532,0.29088603903808485,0.0,0.20833333333333334,24.158249878738847,20000002
EDF-Threshold,13.978326947473091,9,0.75,0.7383472111656727,0.75,0.25,0.8220309872188438,0.2432376263224674,0.0,0.22916666666666666,23.507467090513902,20000003
EDF-Threshold,16.03796755832353,10,0.8333333333333334,0.82679217718853,0.8333333333333334,0.16666666666666663,0.8085487817029232,0.2160877700202768,0.0,0.22916666666666666,23.07843999586039,20000004
EDF-Threshold,15.647030112297385,10,0.8333333333333334,0.751429709759108,0.8333333333333334,0.16666666666666663,0.7945312647332868,0.28453656417925954,0.0,0.1875,24.584028480303967,20000005
EDF-Threshold,7.345659509019131,5,0.4166666666666667,0.4398664987540353,0.5833333333333334,0.5833333333333333,0.8203482826965552,0.2725849994068128,0.0,0.25,21.465023221170988,20000006
EDF-Threshold,7.449346246819804,5,0.4166666666666667,0.5005607668355349,0.5833333333333334,0.5833333333333333,0.8186758186319762,0.26423905361255956,0.0,0.2916666666666667,21.105544436568238,20000007
EDF-Threshold,5.738012631828296,4,0.3333333333333333,0.36056501362494786,0.5833333333333334,0.6666666666666667,0.7948034552526262,0.2461092739676346,0.0,0.3125,20.423214108218957,20000008
EDF-Threshold,11.132118271557465,7,0.5833333333333334,0.606211532899628,0.75,0.41666666666666663,0.8258773137609609,0.2332174337901384,0.0,0.2708333333333333,21.788525244591764,20000009
EDF-Threshold,12.3771029611386,8,0.6666666666666666,0.575908041821078,0.75,0.33333333333333337,0.7937900320228172,0.24094332260069548,0.0,0.22916666666666666,21.909494308932285,20000010
EDF-Threshold,13.749467131099376,9,0.75,0.7881173992198746,0.75,0.25,0.8235863732531095,0.25761060939487657,0.0,0.22916666666666666,22.56077761058784,20000011
EDF-Threshold,8.867478179383227,6,0.5,0.49831388017641126,0.75,0.5,0.8408290553997771,0.27452924322864336,0.0,0.25,22.763446647234378,20000012
EDF-Threshold,9.232883813825072,6,0.5,0.5367224505900258,0.6666666666666666,0.5,0.8173740803816235,0.25016236625441196,0.0,0.2708333333333333,21.73298263182747,20000013
EDF-Threshold,7.2216302099816625,5,0.4166666666666667,0.41262975859793133,0.75,0.5833333333333333,0.7991731400335915,0.27560413679274637,0.0,0.22916666666666666,21.992232611892696,20000014
EDF-Threshold,16.132192353123717,10,0.8333333333333334,0.7904297276102032,0.8333333333333334,0.16666666666666663,0.8828468882649337,0.29354534282753203,0.0,0.20833333333333334,24.281406451490845,20000015
EDF-Threshold,11.842470066182823,8,0.6666666666666666,0.5964252977010891,0.75,0.33333333333333337,0.795343676687243,0.24449040996884355,0.0,0.25,22.356162293219885,20000016
EDF-Threshold,12.4692572423971,8,0.6666666666666666,0.7291930475867175,0.75,0.33333333333333337,0.8036056738730711,0.24907161631164532,0.0,0.25,22.392829424712357,20000017
EDF-Threshold,9.367059006327446,6,0.5,0.4916403672968872,0.6666666666666666,0.5,0.8473355284939145,0.296168336941827,0.0,0.25,22.551441668905234,20000018
EDF-Threshold,15.49377578070725,10,0.8333333333333334,0.7396780880466102,0.8333333333333334,0.16666666666666663,0.8607049213606968,0.2662104425614164,0.0,0.1875,24.808426864314985,20000019
EDF-Threshold,12.600856857425914,8,0.6666666666666666,0.674072972007522,0.6666666666666666,0.33333333333333337,0.8384372134780557,0.24444525730038058,0.0,0.2708333333333333,22.46977164333141,20000020
EDF-Threshold,15.426047535703626,10,0.8333333333333334,0.8549875529563818,0.8333333333333334,0.16666666666666663,0.7915202019469051,0.2543365894523593,0.0,0.1875,23.40817580919043,20000021
EDF-Threshold,5.400608656697921,4,0.3333333333333333,0.397967174974404,0.5833333333333334,0.6666666666666667,0.7856304220563812,0.24637217276450865,0.0,0.2708333333333333,20.549042501777596,20000022
EDF-Threshold,13.936555591889173,9,0.75,0.6890459849436612,0.75,0.25,0.8204458298600943,0.27052634155279714,0.0,0.22916666666666666,23.118907338607467,20000023
EDF-Threshold,16.464868730794638,10,0.8333333333333334,0.8486206286167023,0.8333333333333334,0.16666666666666663,0.8849491674064461,0.2716270987079847,0.0,0.20833333333333334,25.33424092788081,20000024
EDF-Threshold,9.129782417247917,6,0.5,0.48643728613738946,0.6666666666666666,0.5,0.8248174835575308,0.2761457387563971,0.0,0.25,22.069765522140074,20000025
EDF-Threshold,10.887838486042792,7,0.5833333333333334,0.6271582411005805,0.8333333333333334,0.41666666666666663,0.8310417566223398,0.2655162515437597,0.0,0.20833333333333334,23.97228894244798,20000026
EDF-Threshold,15.979377203122457,10,0.8333333333333334,0.778703669844218,0.8333333333333334,0.16666666666666663,0.8413485524548024,0.22924535011332484,0.0,0.22916666666666666,24.922780732191963,20000027
EDF-Threshold,15.817431307926736,10,0.8333333333333334,0.8387719132270078,0.8333333333333334,0.16666666666666663,0.8224764368137029,0.24117728714650521,0.0,0.20833333333333334,23.684173306441153,20000028
EDF-Threshold,12.046698832063413,8,0.6666666666666666,0.6484709970123765,0.75,0.33333333333333337,0.7988643100388998,0.22060092977172494,0.0,0.25,22.422469768449787,20000029
EDF-Threshold,5.3001434600984885,4,0.3333333333333333,0.3442519934873874,0.5,0.6666666666666667,0.7787752092861062,0.2553957444705819,0.0,0.3125,19.55832453449757,20000030
EDF-Threshold,12.524120707529248,8,0.6666666666666666,0.6406007485460516,0.75,0.33333333333333337,0.8140354727970255,0.27169457015854365,0.0,0.20833333333333334,23.83686828121248,20000031
EDF-Threshold,15.745141277064315,10,0.8333333333333334,0.78056534048071,0.8333333333333334,0.16666666666666663,0.8374570836153546,0.2865215959720711,0.0,0.20833333333333334,23.68988649260625,20000032
EDF-Threshold,11.950044536965416,8,0.6666666666666666,0.5540416792994556,0.75,0.33333333333333337,0.8338273351279794,0.28713450377631206,0.0,0.20833333333333334,23.259757009782522,20000033
EDF-Threshold,10.447810860424088,7,0.5833333333333334,0.5936669964789762,0.6666666666666666,0.41666666666666663,0.7872709192740573,0.2655797562218672,0.0,0.22916666666666666,21.455351461649496,20000034
EDF-Threshold,12.269068522970999,8,0.6666666666666666,0.731306844068756,0.6666666666666666,0.33333333333333337,0.7969587501415886,0.28635763779161727,0.0,0.25,22.441418532875904,20000035
EDF-Threshold,16.989234274803742,11,0.9166666666666666,0.8431233532732969,0.9166666666666666,0.08333333333333337,0.822395912953508,0.21222746436754303,0.0,0.20833333333333334,24.062454752334663,20000036
EDF-Threshold,11.16814232597245,7,0.5833333333333334,0.6431187335167776,0.6666666666666666,0.41666666666666663,0.8535675159306906,0.28887762188362737,0.0,0.22916666666666666,22.801212941733297,20000037
EDF-Threshold,12.789411838063032,8,0.6666666666666666,0.7449371133274786,0.75,0.33333333333333337,0.8151245167426019,0.25407105818053427,0.0,0.25,22.44620426260749,20000038
EDF-Threshold,14.303479008092243,9,0.75,0.7104035679926417,0.75,0.25,0.818143086593723,0.2535860411311668,0.0,0.22916666666666666,23.0055263202359,20000039
EDF-Threshold,6.249548836222587,4,0.3333333333333333,0.3661337609300615,0.5833333333333334,0.6666666666666667,0.844157129552029,0.2271646740243302,0.0,0.3125,21.229197907797932,20000040
EDF-Threshold,10.763862101909558,7,0.5833333333333334,0.5910678503048732,0.6666666666666666,0.41666666666666663,0.8550863266052402,0.27137065567447416,0.0,0.22916666666666666,24.030086167003887,20000041
EDF-Threshold,13.874203460740334,9,0.75,0.7526260544799875,0.75,0.25,0.8235529741492736,0.2875139644863984,0.0,0.20833333333333334,23.50808197716241,20000042
EDF-Threshold,14.3248901752186,9,0.75,0.7401999304266327,0.75,0.25,0.8372333879421049,0.21238793479470933,0.0,0.25,23.448897276793886,20000043
EDF-Threshold,10.519253570456941,7,0.5833333333333334,0.5943815818673922,0.6666666666666666,0.41666666666666663,0.8078252741234239,0.2896690428916983,0.0,0.22916666666666666,21.90760822957278,20000044
EDF-Threshold,11.077704396492408,7,0.5833333333333334,0.5443274502821023,0.6666666666666666,0.41666666666666663,0.8157615068984666,0.23516987734468606,0.0,0.2916666666666667,21.01935490142168,20000045
EDF-Threshold,5.270408327808491,4,0.3333333333333333,0.3678407924871709,0.5,0.6666666666666667,0.8186552947831712,0.2533488404126109,0.0,0.3333333333333333,20.452604871215073,20000046
EDF-Threshold,17.230476570359933,11,0.9166666666666666,0.8863104518370807,0.9166666666666666,0.08333333333333337,0.7984156880540617,0.23211507695832365,0.0,0.20833333333333334,23.815965016250846,20000047
EDF-Threshold,7.265160660480589,5,0.4166666666666667,0.4064294001126873,0.6666666666666666,0.5833333333333333,0.8087895595209508,0.24417953378104043,0.0,0.2708333333333333,21.083881092543717,20000048
EDF-Threshold,8.782777600249066,6,0.5,0.45169668724591455,0.75,0.5,0.8202822997296355,0.23291255097089816,0.0,0.22916666666666666,22.07176202269531,20000049
EDF-Threshold,9.04402793915957,6,0.5,0.47488893370636415,0.75,0.5,0.8148518375768815,0.24472921718535767,0.0,0.22916666666666666,22.13162983431115,20000050
EDF-Threshold,9.780466901950696,6,0.5,0.5254779035997292,0.75,0.5,0.8519954154486845,0.2504008269686267,0.0,0.25,23.45731615590339,20000051
EDF-Threshold,11.328792011531027,7,0.5833333333333334,0.5784001511930669,0.75,0.41666666666666663,0.8580559230291719,0.24194541480037887,0.0,0.2916666666666667,23.207985658531168,20000052
EDF-Threshold,14.029500479162929,9,0.75,0.6928591825172427,0.8333333333333334,0.25,0.8308628531057591,0.2663966061789859,0.0,0.20833333333333334,23.902278670946757,20000053
EDF-Threshold,14.388877847236298,9,0.75,0.8140136285760645,0.75,0.25,0.8202113692560505,0.27659713029637656,0.0,0.1875,24.904005411928203,20000054
EDF-Threshold,8.963594899041473,6,0.5,0.4266934555460394,0.75,0.5,0.8418817119098089,0.25465633198912796,0.0,0.2916666666666667,22.781162163092397,20000055
EDF-Threshold,13.952413821519597,9,0.75,0.658152032757246,0.8333333333333334,0.25,0.8167407257009603,0.2500368834913802,0.0,0.20833333333333334,23.20713559834549,20000056
EDF-Threshold,8.062729488462331,5,0.4166666666666667,0.49936959831448424,0.5833333333333334,0.5833333333333333,0.8136855167597106,0.27692435086649264,0.0,0.2916666666666667,21.509371593779395,20000057
EDF-Threshold,10.812016591982825,7,0.5833333333333334,0.547061347220942,0.75,0.41666666666666663,0.8115915276979185,0.22658403085570644,0.0,0.2708333333333333,22.27451224323664,20000058
EDF-Threshold,8.990466300328675,6,0.5,0.5233024833839132,0.5833333333333334,0.5,0.8240091722463753,0.2890310838398558,0.0,0.25,21.864644756122548,20000059
EDF-Threshold,14.316797606780476,9,0.75,0.7716345073654728,0.75,0.25,0.8498384335350747,0.2767267920789913,0.0,0.20833333333333334,24.772224096042272,20000060
EDF-Threshold,13.10049193806227,8,0.6666666666666666,0.6620661952021751,0.6666666666666666,0.33333333333333337,0.8346963268591572,0.25543914965076725,0.0,0.2916666666666667,21.8654135144642,20000061
EDF-Threshold,14.644228849798363,9,0.75,0.6828560567393931,0.75,0.25,0.8758504293212083,0.2792330065139322,0.0,0.22916666666666666,23.793532331539865,20000062
EDF-Threshold,7.488694578053804,5,0.4166666666666667,0.4219255275133923,0.6666666666666666,0.5833333333333333,0.7993666244290902,0.25579725994155184,0.0,0.2708333333333333,21.603329683354353,20000063
EDF-Threshold,16.358623108228034,10,0.8333333333333334,0.8425083318908804,0.8333333333333334,0.16666666666666663,0.8468733186974827,0.23734339765335352,0.0,0.20833333333333334,24.674727123886935,20000064
EDF-Threshold,10.727843113442958,7,0.5833333333333334,0.597629662039789,0.6666666666666666,0.41666666666666663,0.8137172187690137,0.28190680747692415,0.0,0.2708333333333333,21.46731034206024,20000065
EDF-Threshold,14.587613968366908,9,0.75,0.7447274927297719,0.75,0.25,0.8640167706977158,0.2889345165066504,0.0,0.22916666666666666,23.285262068704288,20000066
EDF-Threshold,10.501761536588592,7,0.5833333333333334,0.6153514030825713,0.6666666666666666,0.41666666666666663,0.8530212009793173,0.29220739104876253,0.0,0.22916666666666666,23.36896289566673,20000067
EDF-Threshold,7.6580915771418825,5,0.4166666666666667,0.43008568314293805,0.6666666666666666,0.5833333333333333,0.8195754571717876,0.268606850592521,0.0,0.22916666666666666,23.046092731323554,20000068
EDF-Threshold,17.787336633057013,11,0.9166666666666666,0.9114784719555357,0.9166666666666666,0.08333333333333337,0.878534175616234,0.2808345671692363,0.0,0.20833333333333334,25.4159610873094,20000069
EDF-Threshold,15.034597782166271,9,0.75,0.7977913603539827,0.75,0.25,0.8683024949196692,0.25439539653297133,0.0,0.22916666666666666,24.27233020154403,20000070
EDF-Threshold,8.977758276521667,6,0.5,0.45367974884389584,0.6666666666666666,0.5,0.8219863281310186,0.25413936230314127,0.0,0.2708333333333333,21.570845906397665,20000071
EDF-Threshold,13.99648361191649,9,0.75,0.7058165407193489,0.75,0.25,0.8256794988390294,0.20980025173618647,0.0,0.25,21.845642786933418,20000072
EDF-Threshold,10.968625666979658,7,0.5833333333333334,0.5134834938147702,0.75,0.41666666666666663,0.8283694027613452,0.22518040610178539,0.0,0.2708333333333333,22.233368271446107,20000073
EDF-Threshold,12.457113030538025,8,0.6666666666666666,0.5720970499132507,0.75,0.33333333333333337,0.8178082799307752,0.23036767226509172,0.0,0.25,22.38637224165079,20000074
EDF-Threshold,6.0440610367126,4,0.3333333333333333,0.3551216219570952,0.6666666666666666,0.6666666666666667,0.8268095313755065,0.2786839236943683,0.0,0.22916666666666666,23.324149156778933,20000075
EDF-Threshold,3.2669819361732837,3,0.25,0.29095120086711146,0.5,0.75,0.790860126946937,0.29679069712887274,0.0,0.2708333333333333,20.340148305656655,20000076
EDF-Threshold,15.71472627037991,10,0.8333333333333334,0.7658975108473918,0.8333333333333334,0.16666666666666663,0.8599795489998859,0.25386881090479924,0.0,0.20833333333333334,24.628940540317426,20000077
EDF-Threshold,13.900563023408159,9,0.75,0.7000755667575339,0.75,0.25,0.7988600702084195,0.22888712909856493,0.0,0.22916666666666666,22.410709238759633,20000078
EDF-Threshold,14.199538148405956,9,0.75,0.7332753325456024,0.75,0.25,0.816038998281607,0.25453416185971106,0.0,0.22916666666666666,22.06519727626868,20000079
EDF-Threshold,8.269523618650137,5,0.4166666666666667,0.5090067501547868,0.6666666666666666,0.5833333333333333,0.8678762504889761,0.2832839746645801,0.0,0.25,24.62984281782358,20000080
EDF-Threshold,5.207206243300964,4,0.3333333333333333,0.3191861952835318,0.5833333333333334,0.6666666666666667,0.7923218111218894,0.27175222050598014,0.0,0.2708333333333333,20.835502317209524,20000081
EDF-Threshold,17.629345373424947,11,0.9166666666666666,0.8413704854718621,0.9166666666666666,0.08333333333333337,0.8614424543091793,0.23393746651184344,0.0,0.1875,27.107429241934806,20000082
EDF-Threshold,12.704612644352597,8,0.6666666666666666,0.7225728554112191,0.75,0.33333333333333337,0.8181413523649224,0.2671464514447513,0.0,0.25,23.84361195127327,20000083
EDF-Threshold,13.966373302095858,9,0.75,0.707291225179486,0.75,0.25,0.800057388421039,0.25534169807523716,0.0,0.22916666666666666,22.36864492845728,20000084
EDF-Threshold,13.115148601361323,8,0.6666666666666666,0.6997331253391582,0.6666666666666666,0.33333333333333337,0.84213614996643,0.270035070596572,0.0,0.25,23.73779803547673,20000085
EDF-Threshold,10.664111400784165,7,0.5833333333333334,0.557547872034184,0.6666666666666666,0.41666666666666663,0.8535941963573733,0.26375533874920337,0.0,0.2708333333333333,22.47115882092434,20000086
EDF-Threshold,14.849152758572853,9,0.75,0.7715534821314881,0.75,0.25,0.85807358003357,0.24786862807808344,0.0,0.22916666666666666,24.422750562611828,20000087
EDF-Threshold,12.954130026365872,8,0.6666666666666666,0.7172632775167916,0.6666666666666666,0.33333333333333337,0.8447109604472969,0.30086009166751015,0.0,0.22916666666666666,22.46943574056736,20000088
EDF-Threshold,13.968537101914745,9,0.75,0.7450418103748657,0.75,0.25,0.7959642067963945,0.22485463348640122,0.0,0.25,21.744069943387444,20000089
EDF-Threshold,9.37669109866475,6,0.5,0.5037040016948822,0.75,0.5,0.8337311408745737,0.2299711988919415,0.0,0.2916666666666667,21.519797789076584,20000090
EDF-Threshold,13.989602501533389,9,0.75,0.7417422810068678,0.75,0.25,0.8252961496429828,0.2686925766126424,0.0,0.22916666666666666,23.289096921836773,20000091
EDF-Threshold,10.614645564901837,7,0.5833333333333334,0.5012097827396363,0.6666666666666666,0.41666666666666663,0.8321384256702742,0.2682619965907868,0.0,0.25,22.429043697315198,20000092
EDF-Threshold,15.669991071106118,10,0.8333333333333334,0.7652744841452788,0.8333333333333334,0.16666666666666663,0.7869729469409962,0.19757617457132182,0.0,0.22916666666666666,23.174761084095625,20000093
EDF-Threshold,13.600638557269326,9,0.75,0.728508360500723,0.75,0.25,0.8026204779928693,0.25969890570030746,0.0,0.22916666666666666,23.14383803221161,20000094
EDF-Threshold,9.063064072348928,6,0.5,0.5068259914386565,0.5833333333333334,0.5,0.8232431325329487,0.27950158040817946,0.0,0.2708333333333333,21.3133110968662,20000095
EDF-Threshold,10.723222784637043,7,0.5833333333333334,0.5773619316112192,0.75,0.41666666666666663,0.83478226716261,0.2646925953364294,0.0,0.22916666666666666,22.994640115462232,20000096
EDF-Threshold,9.137116824752002,6,0.5,0.5029339999074113,0.6666666666666666,0.5,0.7948176964310901,0.2461937313607462,0.0,0.25,21.408705675797638,20000097
EDF-Threshold,9.235807780963174,6,0.5,0.44332269047138023,0.6666666666666666,0.5,0.8600986196817826,0.24094833651816736,0.0,0.3125,22.537874030954228,20000098
EDF-Threshold,14.246495525737688,9,0.75,0.628890232770223,0.8333333333333334,0.25,0.840750133113232,0.2196513604913386,0.0,0.22916666666666666,24.011262568396894,20000099
EDF-Threshold,12.580285484351979,8,0.6666666666666666,0.6493572261373389,0.6666666666666666,0.33333333333333337,0.8636337554178372,0.23781351684842988,0.0,0.2916666666666667,22.24417597732947,20000100
EDF-Threshold,12.389509009788522,8,0.6666666666666666,0.5745695854407624,0.75,0.33333333333333337,0.8529639808049344,0.2849699601503408,0.0,0.22916666666666666,22.63594402144562,20000101
EDF-Threshold,13.550263988393727,9,0.75,0.6505418831518992,0.75,0.25,0.8168960786203655,0.21607337921047245,0.0,0.2708333333333333,21.123165800388705,20000102
EDF-Threshold,12.559556459076793,8,0.6666666666666666,0.7191376456812987,0.6666666666666666,0.33333333333333337,0.7976907278407488,0.24352403973428038,0.0,0.25,21.99584212875869,20000103
EDF-Threshold,8.66570149414801,6,0.5,0.4708454339470858,0.6666666666666666,0.5,0.7912509060457111,0.25581755991351685,0.0,0.25,21.774255599392852,20000104
EDF-Threshold,16.93590473393104,11,0.9166666666666666,0.8763481396211382,0.9166666666666666,0.08333333333333337,0.8250661804277226,0.2887180666270234,0.0,0.1875,26.15172131096612,20000105
EDF-Threshold,11.516512859558103,7,0.5833333333333334,0.6623838715288739,0.6666666666666666,0.41666666666666663,0.8221721071750235,0.25227410918156945,0.0,0.25,23.349960750653043,20000106
EDF-Threshold,13.815442756531253,9,0.75,0.728328056869703,0.75,0.25,0.8190596836343741,0.2413442799440976,0.0,0.25,22.132348896302027,20000107
EDF-Threshold,15.778076676660707,10,0.8333333333333334,0.8266793192831409,0.8333333333333334,0.16666666666666663,0.8532347077625833,0.25516471827785475,0.0,0.22916666666666666,24.359174569884807,20000108
EDF-Threshold,5.472121796194543,4,0.3333333333333333,0.34472629521556103,0.5833333333333334,0.6666666666666667,0.7930347803479036,0.27519871023470394,0.0,0.25,21.231737737549842,20000109
EDF-Threshold,5.756983779338553,4,0.3333333333333333,0.3991747740184693,0.5833333333333334,0.6666666666666667,0.8220300140515754,0.27467471161147033,0.0,0.2708333333333333,21.571132422707464,20000110
EDF-Threshold,12.536350768632996,8,0.6666666666666666,0.664500382386102,0.6666666666666666,0.33333333333333337,0.8206220933586147,0.23309143249080364,0.0,0.2708333333333333,22.22473111627421,20000111
EDF-Threshold,13.300405151743533,8,0.6666666666666666,0.6956609569272469,0.6666666666666666,0.33333333333333337,0.8666906117522025,0.3005817223034432,0.0,0.25,25.15145266006514,20000112
EDF-Threshold,12.438890234953673,8,0.6666666666666666,0.5673278515470593,0.8333333333333334,0.33333333333333337,0.814263631616825,0.19559216316887618,0.0,0.25,22.94011486834833,20000113
EDF-Threshold,5.169736214944554,4,0.3333333333333333,0.35252728095077895,0.5833333333333334,0.6666666666666667,0.7722229102120561,0.2727437392437109,0.0,0.2708333333333333,20.827249203738507,20000114
EDF-Threshold,9.163786294102,6,0.5,0.46946935879526536,0.75,0.5,0.8341078831447003,0.28420436661411513,0.0,0.22916666666666666,22.72463163169285,20000115
EDF-Threshold,9.501554473658155,6,0.5,0.5010980101471534,0.8333333333333334,0.5,0.8456593720219493,0.23979327616200644,0.0,0.25,24.766107682804336,20000116
EDF-Threshold,5.833608629577082,4,0.3333333333333333,0.4008077151808889,0.6666666666666666,0.6666666666666667,0.8192723498678482,0.24416327315516528,0.0,0.2916666666666667,21.659169639053083,20000117
EDF-Threshold,10.205738491496202,7,0.5833333333333334,0.5218106970859104,0.75,0.41666666666666663,0.7842344991827771,0.2791917457427268,0.0,0.1875,22.214769258384944,20000118
EDF-Threshold,9.16318332670469,6,0.5,0.48703303929847996,0.6666666666666666,0.5,0.8152570300491241,0.26929403391470075,0.0,0.22916666666666666,22.364562764810962,20000119
EDF-Threshold,11.556486161830877,7,0.5833333333333334,0.6179201698659511,0.6666666666666666,0.41666666666666663,0.8754467415405314,0.24666107520481395,0.0,0.2708333333333333,23.452426354246878,20000120
EDF-Threshold,3.4463426051509574,3,0.25,0.2131620147211729,0.5833333333333334,0.75,0.7805862383395903,0.24852475577681132,0.0,0.2916666666666667,20.13359346967047,20000121
EDF-Threshold,10.716076538638402,7,0.5833333333333334,0.6570521955973244,0.5833333333333334,0.41666666666666663,0.7979290309494722,0.24669542904752714,0.0,0.2708333333333333,21.668963487240344,20000122
EDF-Threshold,15.441729431621534,10,0.8333333333333334,0.8160990584281389,0.8333333333333334,0.16666666666666663,0.8307996658173913,0.2774047345661477,0.0,0.20833333333333334,23.59082890104664,20000123
EDF-Threshold,14.399698219058248,9,0.75,0.8176331616435651,0.8333333333333334,0.25,0.8284105699051384,0.2626898699769757,0.0,0.22916666666666666,23.663041790949894,20000124
EDF-Threshold,15.468977535357268,10,0.8333333333333334,0.715135728521314,0.8333333333333334,0.16666666666666663,0.8436722372285241,0.22879204268316058,0.0,0.22916666666666666,23.736444755776496,20000125
EDF-Threshold,10.873904199214559,7,0.5833333333333334,0.5474633024914225,0.6666666666666666,0.41666666666666663,0.8069626116474476,0.24798447600702278,0.0,0.2708333333333333,22.448186618950125,20000126
EDF-Threshold,9.509040286334303,6,0.5,0.5494398841024303,0.6666666666666666,0.5,0.8252571894225964,0.2607614416265623,0.0,0.25,22.016852742158967,20000127
EDF-Threshold,13.551693996675358,9,0.75,0.7092200671302683,0.75,0.25,0.80645303254035,0.23892920243969454,0.0,0.25,23.058724873181685,20000128
EDF-Threshold,13.98013639341805,9,0.75,0.7298769834354666,0.75,0.25,0.791036135226137,0.26596159168338657,0.0,0.22916666666666666,22.756931798242793,20000129
EDF-Threshold,13.960032180903765,9,0.75,0.7664713882131056,0.75,0.25,0.816747531908227,0.280760285248483,0.0,0.20833333333333334,23.36409973915491,20000130
EDF-Threshold,9.05873957981013,6,0.5,0.4086031442276091,0.6666666666666666,0.5,0.8547623932149268,0.2365766974692796,0.0,0.2708333333333333,22.748219001088597,20000131
EDF-Threshold,12.33245071659424,8,0.6666666666666666,0.6163450489209417,0.75,0.33333333333333337,0.7997389437078682,0.22493839023719828,0.0,0.25,22.43042603888434,20000132
EDF-Threshold,17.16865727015903,11,0.9166666666666666,0.8461341642680034,0.9166666666666666,0.08333333333333337,0.797105045130562,0.2454954319997379,0.0,0.1875,23.998273001824543,20000133
EDF-Threshold,9.257612230696182,6,0.5,0.4807510563114491,0.75,0.5,0.8196070976539985,0.24041832953338751,0.0,0.25,23.624626749891984,20000134
EDF-Threshold,14.44278828137232,9,0.75,0.7043697794133729,0.8333333333333334,0.25,0.8942824480349145,0.29686271176964446,0.0,0.20833333333333334,25.381857597790706,20000135
EDF-Threshold,13.590734537596248,9,0.75,0.6845719862368844,0.75,0.25,0.8144906329045126,0.27319060438434367,0.0,0.22916666666666666,23.05874951722246,20000136
EDF-Threshold,15.945448506498046,10,0.8333333333333334,0.744723640314481,0.8333333333333334,0.16666666666666663,0.837699017185181,0.2360644776637675,0.0,0.22916666666666666,23.613451582516284,20000137
EDF-Threshold,5.40504443279449,4,0.3333333333333333,0.3731971054447636,0.5833333333333334,0.6666666666666667,0.7885881656597876,0.25881423178686663,0.0,0.2916666666666667,19.362022516178502,20000138
EDF-Threshold,10.60197635479961,7,0.5833333333333334,0.5555550011830332,0.75,0.41666666666666663,0.7976246570448432,0.23447770363475942,0.0,0.25,22.75918053153193,20000139
EDF-Threshold,15.425500033165932,10,0.8333333333333334,0.8725362113400563,0.8333333333333334,0.16666666666666663,0.797210217103077,0.24050401072561123,0.0,0.20833333333333334,23.04529581786567,20000140
EDF-Threshold,9.684873524675913,6,0.5,0.6127454570347426,0.5833333333333334,0.5,0.8187714365449642,0.27130387065087475,0.0,0.25,22.23751077303168,20000141
EDF-Threshold,12.542344275302291,8,0.6666666666666666,0.6791585618710888,0.6666666666666666,0.33333333333333337,0.8028328144452015,0.2468862241224055,0.0,0.2708333333333333,21.392773744128913,20000142
EDF-Threshold,7.0536691628491734,5,0.4166666666666667,0.3544749434285905,0.5833333333333334,0.5833333333333333,0.8055374592019321,0.24801755612380091,0.0,0.2708333333333333,21.551082227581666,20000143
EDF-Threshold,16.06882452019878,10,0.8333333333333334,0.8114912411891161,0.8333333333333334,0.16666666666666663,0.8507775374767118,0.2617880925456307,0.0,0.20833333333333334,25.151831195994525,20000144
EDF-Threshold,14.39774128415727,9,0.75,0.7981529483383868,0.75,0.25,0.8314432006545552,0.26101006666170407,0.0,0.25,22.53127640241941,20000145
EDF-Threshold,10.798886961932563,7,0.5833333333333334,0.5207537373942214,0.6666666666666666,0.41666666666666663,0.8249677722410521,0.21672488932325784,0.0,0.2708333333333333,22.52141649610017,20000146
EDF-Threshold,12.324021274419394,8,0.6666666666666666,0.668127292983769,0.75,0.33333333333333337,0.787728588886813,0.23693819789647041,0.0,0.25,21.954110505636383,20000147
EDF-Threshold,9.234082208744711,6,0.5,0.4896424678107968,0.6666666666666666,0.5,0.821838704666957,0.24018758178346947,0.0,0.2708333333333333,22.625851750768312,20000148
EDF-Threshold,14.099213508288646,9,0.75,0.7263445471429958,0.75,0.25,0.8727866806752762,0.3015918020149362,0.0,0.20833333333333334,24.79689645906538,20000149
EDF-Threshold,14.258912960778742,9,0.75,0.7161079551670915,0.8333333333333334,0.25,0.8042510597349469,0.23314032205810067,0.0,0.22916666666666666,23.762695053202535,20000150
EDF-Threshold,13.705578432863502,9,0.75,0.7551179197896806,0.75,0.25,0.8186265736477439,0.24669996956030749,0.0,0.22916666666666666,23.39544767674267,20000151
EDF-Threshold,6.049321435163721,4,0.3333333333333333,0.40811667213769726,0.6666666666666666,0.6666666666666667,0.8151725750794726,0.26445835687991703,0.0,0.2708333333333333,21.600374156535935,20000152
EDF-Threshold,14.236071655429562,9,0.75,0.785166286981513,0.75,0.25,0.8224101368812979,0.2713800486244431,0.0,0.20833333333333334,23.27629338670317,20000153
EDF-Threshold,16.154614044769637,10,0.8333333333333334,0.7907854490987808,0.8333333333333334,0.16666666666666663,0.8802149854358735,0.256704072079599,0.0,0.25,23.484853016603992,20000154
EDF-Threshold,10.924547849066583,7,0.5833333333333334,0.6044590830839204,0.6666666666666666,0.41666666666666663,0.8040895821686457,0.22807583331221257,0.0,0.2708333333333333,21.533442241278724,20000155
EDF-Threshold,12.399830595051467,8,0.6666666666666666,0.68155853956262,0.6666666666666666,0.33333333333333337,0.8211335531671606,0.2787760642211538,0.0,0.25,22.32656009588269,20000156
EDF-Threshold,9.054994276978867,6,0.5,0.4645839011915167,0.75,0.5,0.8413217973116205,0.2635398234550008,0.0,0.25,24.095367364526133,20000157
EDF-Threshold,13.141667032366442,8,0.6666666666666666,0.69987598043327,0.75,0.33333333333333337,0.8448809852290192,0.2603042693473307,0.0,0.22916666666666666,23.618269323563595,20000158
EDF-Threshold,6.106701483663744,4,0.3333333333333333,0.42573618777567274,0.6666666666666666,0.6666666666666667,0.8010263767960438,0.2831057219397515,0.0,0.22916666666666666,22.395521557528845,20000159
EDF-Threshold,12.307821605358335,8,0.6666666666666666,0.640259152674685,0.75,0.33333333333333337,0.8207883962223449,0.26124833224169924,0.0,0.22916666666666666,23.75848645132138,20000160
EDF-Threshold,16.023088934722885,10,0.8333333333333334,0.8362554007243759,0.8333333333333334,0.16666666666666663,0.8274824976607018,0.22694112518250806,0.0,0.25,23.074519369259004,20000161
EDF-Threshold,7.577941831544697,5,0.4166666666666667,0.39193578762857045,0.6666666666666666,0.5833333333333333,0.8229816739666518,0.23259873754103655,0.0,0.2708333333333333,22.020709214102055,20000162
EDF-Threshold,13.942997529299536,9,0.75,0.6845061200580619,0.75,0.25,0.8072380477139677,0.24532969205255373,0.0,0.20833333333333334,23.28927007819894,20000163
EDF-Threshold,13.177857317586064,8,0.6666666666666666,0.6545603396893496,0.6666666666666666,0.33333333333333337,0.8337031304659019,0.2538610102704145,0.0,0.2708333333333333,22.76478519567223,20000164
EDF-Threshold,15.42075326504004,10,0.8333333333333334,0.7647603172304964,0.8333333333333334,0.16666666666666663,0.855858489974251,0.2571767686410082,0.0,0.22916666666666666,24.230751036936667,20000165
EDF-Threshold,13.030722160109425,8,0.6666666666666666,0.6949974291421073,0.75,0.33333333333333337,0.8695608294399184,0.26370721678913805,0.0,0.25,24.074459939441464,20000166
EDF-Threshold,14.039490489239736,9,0.75,0.7542713398634269,0.8333333333333334,0.25,0.7997978396831545,0.242741748770292,0.0,0.22916666666666666,23.146497705305286,20000167
EDF-Threshold,8.515677102370647,6,0.5,0.47085306833085167,0.6666666666666666,0.5,0.7797014946483468,0.2773280960107674,0.0,0.22916666666666666,21.557412709281053,20000168
EDF-Threshold,16.31672854340046,10,0.8333333333333334,0.8321191075580787,0.8333333333333334,0.16666666666666663,0.8467652565550202,0.2520124955060122,0.0,0.25,24.1789381719852,20000169
EDF-Threshold,9.295673297444955,6,0.5,0.5660601819063473,0.5833333333333334,0.5,0.8019063501771521,0.25567033359917835,0.0,0.2916666666666667,20.502326024281565,20000170
EDF-Threshold,15.967833870637781,10,0.8333333333333334,0.8017049442099268,0.8333333333333334,0.16666666666666663,0.8589528003132779,0.2453659686559265,0.0,0.22916666666666666,23.807564941354627,20000171
EDF-Threshold,16.081059755057673,10,0.8333333333333334,0.839400579894181,0.8333333333333334,0.16666666666666663,0.8603080360882451,0.2510016154932155,0.0,0.22916666666666666,24.127187004046935,20000172
EDF-Threshold,14.15802113145328,9,0.75,0.6797649621842211,0.75,0.25,0.8378271261695606,0.25747894061174564,0.0,0.25,24.537093987910776,20000173
EDF-Threshold,16.044402514060966,10,0.8333333333333334,0.7780916426325999,0.8333333333333334,0.16666666666666663,0.8509271648771813,0.2642230880781715,0.0,0.20833333333333334,23.741234420502348,20000174
EDF-Threshold,8.25904693187322,6,0.5,0.4468788258265183,0.6666666666666666,0.5,0.7777067053551582,0.25157528638899596,0.0,0.25,20.996218344367264,20000175
EDF-Threshold,10.355471196987189,7,0.5833333333333334,0.5616144420909911,0.75,0.41666666666666663,0.7995679351174187,0.2761930036791987,0.0,0.20833333333333334,22.492255862361294,20000176
EDF-Threshold,14.209790827938821,9,0.75,0.7575478385694682,0.75,0.25,0.8348782290881193,0.26959236902878875,0.0,0.22916666666666666,23.341381039148878,20000177
EDF-Threshold,11.077067619549918,7,0.5833333333333334,0.5480549649498815,0.75,0.41666666666666663,0.8562169192803143,0.2554893681470265,0.0,0.25,23.543904038779456,20000178
EDF-Threshold,7.706209255740155,5,0.4166666666666667,0.4088707184579637,0.75,0.5833333333333333,0.8367945769176736,0.2455512778456873,0.0,0.25,22.610258967033587,20000179
EDF-Threshold,11.310432539385822,7,0.5833333333333334,0.5317735663090855,0.75,0.41666666666666663,0.8226825344364865,0.2378139202623475,0.0,0.25,23.12307084641602,20000180
EDF-Threshold,13.916922909260606,9,0.75,0.8616124737335094,0.75,0.25,0.824781343372837,0.29860293349443384,0.0,0.20833333333333334,22.311401556543885,20000181
EDF-Threshold,13.174309701291893,8,0.6666666666666666,0.7105948657828015,0.6666666666666666,0.33333333333333337,0.8388955352979298,0.2555108637446601,0.0,0.3125,22.00128855952642,20000182
EDF-Threshold,5.037419782528395,4,0.3333333333333333,0.30179786064726005,0.5833333333333334,0.6666666666666667,0.7853966525572252,0.2595817598122454,0.0,0.25,20.576010423217625,20000183
EDF-Threshold,7.572690524991915,5,0.4166666666666667,0.43718180064355383,0.6666666666666666,0.5833333333333333,0.8249973000405063,0.21681564165158174,0.0,0.3125,21.384986565393906,20000184
EDF-Threshold,14.745576726719868,9,0.75,0.8258107725494636,0.75,0.25,0.8305087937166623,0.26461532063413673,0.0,0.25,23.498603987418996,20000185
EDF-Threshold,10.626979990106507,7,0.5833333333333334,0.47983321772451304,0.75,0.41666666666666663,0.835089210874342,0.20703533000967642,0.0,0.25,23.51639555375989,20000186
EDF-Threshold,10.937578586548758,7,0.5833333333333334,0.592216699852108,0.5833333333333334,0.41666666666666663,0.8269860236980495,0.27235114199798477,0.0,0.2708333333333333,21.240756209990383,20000187
EDF-Threshold,16.07770306395252,10,0.8333333333333334,0.7921594296634855,0.8333333333333334,0.16666666666666663,0.856064486265749,0.27594492291466777,0.0,0.20833333333333334,24.80700332633761,20000188
EDF-Threshold,7.447787855503763,5,0.4166666666666667,0.440205155968784,0.6666666666666666,0.5833333333333333,0.7998143925889272,0.24301451163492815,0.0,0.2708333333333333,21.222474817661208,20000189
EDF-Threshold,15.944261672747832,10,0.8333333333333334,0.7798878496221773,0.8333333333333334,0.16666666666666663,0.8711755610381017,0.26465387147875824,0.0,0.22916666666666666,24.057046845070637,20000190
EDF-Threshold,18.611189527949442,12,1.0,1.0,1.0,0.0,0.8654348014537588,0.18748928912656126,0.0,0.2916666666666667,22.642499141465983,20000191
EDF-Threshold,11.071594318350833,7,0.5833333333333334,0.6357178382580071,0.75,0.41666666666666663,0.8470583911401895,0.2804615724856367,0.0,0.22916666666666666,24.36226820292533,20000192
EDF-Threshold,11.712080185045949,7,0.5833333333333334,0.6696166291340464,0.75,0.41666666666666663,0.8596097965240214,0.29121008812517307,0.0,0.20833333333333334,24.999046893167986,20000193
EDF-Threshold,10.506161098531754,7,0.5833333333333334,0.6001107901192286,0.5833333333333334,0.41666666666666663,0.8268439600238188,0.27831300888173144,0.0,0.2708333333333333,21.39170641084129,20000194
EDF-Threshold,13.800882960474473,9,0.75,0.6496821936863892,0.75,0.25,0.817906547723649,0.26690758371095585,0.0,0.22916666666666666,23.343986564458007,20000195
EDF-Threshold,13.006070955148992,8,0.6666666666666666,0.7323458887354033,0.6666666666666666,0.33333333333333337,0.8570351827679102,0.24607521281599834,0.0,0.25,23.337209964188588,20000196
EDF-Threshold,9.849853655795558,6,0.5,0.5081368564294803,0.75,0.5,0.8335233802447718,0.23267703165839335,0.0,0.25,23.77101752788201,20000197
EDF-Threshold,12.530862485389353,8,0.6666666666666666,0.6014773801450496,0.75,0.33333333333333337,0.8232658668404017,0.2315251317096173,0.0,0.2708333333333333,22.139040144923335,20000198
EDF-Threshold,10.340694020437386,7,0.5833333333333334,0.5262222817111463,0.6666666666666666,0.41666666666666663,0.8025890888241595,0.2565462701691499,0.0,0.25,21.446656107914187,20000199
EDF-Threshold,10.667783321036545,7,0.5833333333333334,0.6287431141999446,0.6666666666666666,0.41666666666666663,0.8291300704391485,0.31074475273675956,0.0,0.20833333333333334,23.55793048646467,20000200
EDF-Threshold,10.975914069358064,7,0.5833333333333334,0.5374234023764888,0.6666666666666666,0.41666666666666663,0.7999273262041616,0.22996264544529188,0.0,0.25,22.45282283513078,20000201
EDF-Threshold,9.011133614544248,6,0.5,0.5084142070473718,0.6666666666666666,0.5,0.836740119719492,0.2718860502361309,0.0,0.25,22.969193607556335,20000202
EDF-Threshold,15.889250350505895,10,0.8333333333333334,0.8782891599329655,0.8333333333333334,0.16666666666666663,0.8264394753961027,0.26898193489210936,0.0,0.22916666666666666,23.76141860892212,20000203
EDF-Threshold,14.261533669880679,9,0.75,0.6685761831228189,0.75,0.25,0.8011641756148645,0.23197010722996717,0.0,0.25,23.411047065959984,20000204
EDF-Threshold,16.12408343068903,10,0.8333333333333334,0.8918850617644597,0.8333333333333334,0.16666666666666663,0.821811338288183,0.25644681265279196,0.0,0.1875,24.83810951894346,20000205
EDF-Threshold,3.922483788121361,3,0.25,0.31850326557226194,0.5,0.75,0.8197229718897786,0.2748318185445411,0.0,0.2916666666666667,21.029462763473763,20000206
EDF-Threshold,7.588700518199353,5,0.4166666666666667,0.3992565033487488,0.6666666666666666,0.5833333333333333,0.8266567646933961,0.24433031363252322,0.0,0.2708333333333333,23.08705899439932,20000207
EDF-Threshold,9.379627839987075,6,0.5,0.5037194430997806,0.6666666666666666,0.5,0.8390865399663481,0.2565664240462278,0.0,0.25,23.159648863676882,20000208
EDF-Threshold,11.153157665451475,7,0.5833333333333334,0.5833697560107336,0.6666666666666666,0.41666666666666663,0.8288184527961452,0.24663946160345993,0.0,0.25,23.159339865923446,20000209
EDF-Threshold,17.814360785763803,11,0.9166666666666666,0.8964834784118206,0.9166666666666666,0.08333333333333337,0.8770834353165138,0.23583511397753473,0.0,0.20833333333333334,25.899245071140907,20000210
EDF-Threshold,7.30876483689592,5,0.4166666666666667,0.46998834781578247,0.6666666666666666,0.5833333333333333,0.7869772414063423,0.23311423142948473,0.0,0.2708333333333333,20.717987942504948,20000211
EDF-Threshold,16.02506149242983,10,0.8333333333333334,0.8778787938515089,0.8333333333333334,0.16666666666666663,0.8184055448695041,0.24411089516114384,0.0,0.20833333333333334,25.070981072080915,20000212
EDF-Threshold,15.928148607825715,10,0.8333333333333334,0.7255036175628686,0.8333333333333334,0.16666666666666663,0.8663644304030284,0.2283591203965246,0.0,0.22916666666666666,25.567147978064654,20000213
EDF-Threshold,12.055557747101805,8,0.6666666666666666,0.5977643379552421,0.6666666666666666,0.33333333333333337,0.7821385343903134,0.23680258599637571,0.0,0.2708333333333333,20.748187674757432,20000214
EDF-Threshold,15.140900854860352,9,0.75,0.793011583435793,0.75,0.25,0.8655143586475672,0.29145689582263395,0.0,0.25,24.711045333123284,20000215
EDF-Threshold,7.7295674411391655,5,0.4166666666666667,0.4744913523188409,0.75,0.5833333333333333,0.8226540473208734,0.25155154258811663,0.0,0.22916666666666666,23.38463574624398,20000216
EDF-Threshold,15.472086953172264,10,0.8333333333333334,0.7466153244720782,0.9166666666666666,0.16666666666666663,0.8534997514066824,0.28710373254776383,0.0,0.16666666666666666,24.640645864462712,20000217
EDF-Threshold,10.243564240243481,7,0.5833333333333334,0.5430413987042293,0.75,0.41666666666666663,0.8026922636672754,0.24343329671664768,0.0,0.2708333333333333,22.760136305858634,20000218
EDF-Threshold,8.922448319956235,6,0.5,0.5698309435821654,0.6666666666666666,0.5,0.79379889630393,0.2568132123483322,0.0,0.2708333333333333,21.211837509099965,20000219
EDF-Threshold,14.065243042377961,9,0.75,0.6588835295684214,0.8333333333333334,0.25,0.7947444171152314,0.2085650496614675,0.0,0.22916666666666666,23.682421455341167,20000220
EDF-Threshold,15.92280195471344,10,0.8333333333333334,0.7885939790903718,0.8333333333333334,0.16666666666666663,0.8765031062405896,0.24839573763316178,0.0,0.22916666666666666,24.313926383764088,20000221
EDF-Threshold,13.99723300023248,9,0.75,0.6598921308129212,0.8333333333333334,0.25,0.8304835259409629,0.25441269396949034,0.0,0.22916666666666666,23.34631953609969,20000222
EDF-Threshold,8.609193483777702,6,0.5,0.44010756369861304,0.75,0.5,0.8454908300892892,0.2619763242211728,0.0,0.22916666666666666,22.40196257862304,20000223
EDF-Threshold,9.266688645222487,6,0.5,0.5372257447152037,0.6666666666666666,0.5,0.815858040902908,0.25277391423853146,0.0,0.22916666666666666,22.917040569979182,20000224
EDF-Threshold,15.585431276019857,10,0.8333333333333334,0.8441171358638737,0.8333333333333334,0.16666666666666663,0.8330136120165288,0.30439269414991593,0.0,0.1875,24.44925694695377,20000225
EDF-Threshold,12.77771737009855,8,0.6666666666666666,0.6666107134569472,0.6666666666666666,0.33333333333333337,0.8442149807764635,0.2538038138931917,0.0,0.25,23.074399834238644,20000226
EDF-Threshold,9.79597635381003,6,0.5,0.6302901364714083,0.8333333333333334,0.5,0.8346474685643518,0.2782061854212068,0.0,0.1875,25.20366744707173,20000227
EDF-Threshold,10.91596758735853,7,0.5833333333333334,0.5458094243403838,0.8333333333333334,0.41666666666666663,0.8314223459498623,0.2460536793012189,0.0,0.25,23.353116801888905,20000228
EDF-Threshold,11.644804676527409,7,0.5833333333333334,0.5980496506758838,0.75,0.41666666666666663,0.857003076317585,0.2787595276360526,0.0,0.20833333333333334,25.42700502459458,20000229
EDF-Threshold,8.772297348557954,6,0.5,0.4045412759981094,0.75,0.5,0.8345312992763191,0.25618380540544233,0.0,0.20833333333333334,23.75285633041177,20000230
EDF-Threshold,14.150239084419356,9,0.75,0.8329664406560201,0.75,0.25,0.8166333103245647,0.3066142362562319,0.0,0.20833333333333334,23.184739657303176,20000231
EDF-Threshold,7.241376216656883,5,0.4166666666666667,0.4869133394393966,0.5,0.5833333333333333,0.7856041871855671,0.24941006818587305,0.0,0.2916666666666667,20.068770575933712,20000232
EDF-Threshold,14.472998745575547,9,0.75,0.7063821890014268,0.75,0.25,0.8065601097153866,0.2276181688917065,0.0,0.25,22.87960566184312,20000233
EDF-Threshold,10.70059780180626,7,0.5833333333333334,0.5085069564101389,0.6666666666666666,0.41666666666666663,0.7830466121401397,0.21730339674030144,0.0,0.2916666666666667,20.455165063825596,20000234
EDF-Threshold,11.968879124770174,8,0.6666666666666666,0.6681058379813976,0.75,0.33333333333333337,0.777764474698697,0.22426832021092905,0.0,0.2708333333333333,20.967495544647164,20000235
EDF-Threshold,15.936622079514267,10,0.8333333333333334,0.8093061637638327,0.8333333333333334,0.16666666666666663,0.8669487500871291,0.27307944148794744,0.0,0.1875,25.083829812855548,20000236
EDF-Threshold,9.378346975802673,6,0.5,0.4555535125379535,0.6666666666666666,0.5,0.8620546525025145,0.2674231723517485,0.0,0.22916666666666666,24.33625636968646,20000237
EDF-Threshold,14.495076450752423,9,0.75,0.7219178513079578,0.75,0.25,0.8521397793957247,0.2732571888997652,0.0,0.22916666666666666,24.30302737522857,20000238
EDF-Threshold,9.892127695008252,6,0.5,0.6057220246989158,0.6666666666666666,0.5,0.8452453439276882,0.30647183994280947,0.0,0.22916666666666666,24.373826561280694,20000239
EDF-Threshold,12.526229919969364,8,0.6666666666666666,0.6604717442374335,0.6666666666666666,0.33333333333333337,0.8222262552427798,0.2866243423313691,0.0,0.25,22.035638174579187,20000240
EDF-Threshold,12.765401002045955,8,0.6666666666666666,0.6963720649108635,0.6666666666666666,0.33333333333333337,0.8261326042895313,0.28609532117870523,0.0,0.25,21.866198961929438,20000241
EDF-Threshold,16.949634225673815,11,0.9166666666666666,0.9481205041778565,0.9166666666666666,0.08333333333333337,0.8430956658559765,0.25761805172104263,0.0,0.1875,23.9334249642175,20000242
EDF-Threshold,11.195101510077988,7,0.5833333333333334,0.6038452595899048,0.6666666666666666,0.41666666666666663,0.801495546855859,0.27081506261924854,0.0,0.25,22.397056384127865,20000243
EDF-Threshold,16.52583624399488,10,0.8333333333333334,0.8475478319947377,0.8333333333333334,0.16666666666666663,0.8598985232660491,0.25043673362451563,0.0,0.20833333333333334,25.231507183080836,20000244
EDF-Threshold,9.291440742773938,6,0.5,0.5201578077540587,0.6666666666666666,0.5,0.833248617492341,0.2572613198979757,0.0,0.25,22.853754763306206,20000245
EDF-Threshold,13.969025785374459,9,0.75,0.7145560623066938,0.8333333333333334,0.25,0.8449170004630661,0.3014106696106182,0.0,0.1875,24.384034819441023,20000246
EDF-Threshold,9.528998583066498,6,0.5,0.5672162598304026,0.75,0.5,0.8308910980350364,0.2739317894332705,0.0,0.22916666666666666,23.15169782574304,20000247
EDF-Threshold,17.67016880221686,11,0.9166666666666666,0.9156848060827795,0.9166666666666666,0.08333333333333337,0.9002193454366868,0.24645462009353955,0.0,0.20833333333333334,25.772976644228553,20000248
EDF-Threshold,10.758544666265832,7,0.5833333333333334,0.5734869694552394,0.6666666666666666,0.41666666666666663,0.854418427766834,0.2802867399286168,0.0,0.2708333333333333,23.384719926968902,20000249
EDF-Threshold,15.723152735893962,10,0.8333333333333334,0.8109729697291113,0.8333333333333334,0.16666666666666663,0.8476984595221532,0.2694573783693414,0.0,0.20833333333333334,23.87190665207507,20000250
EDF-Threshold,15.633700191738717,10,0.8333333333333334,0.7603877843715761,0.8333333333333334,0.16666666666666663,0.8102502159354964,0.2592039718327021,0.0,0.20833333333333334,23.872983483904683,20000251
EDF-Threshold,15.644920908942545,10,0.8333333333333334,0.7830788680752605,0.8333333333333334,0.16666666666666663,0.8341700846680743,0.2579656604174216,0.0,0.1875,25.036228924008842,20000252
EDF-Threshold,14.663936069041224,9,0.75,0.6685895388534584,0.75,0.25,0.8311051902101374,0.21841044767051043,0.0,0.25,22.93584751119181,20000253
EDF-Threshold,8.289937891932885,5,0.4166666666666667,0.5120172373775622,0.75,0.5833333333333333,0.865066284771452,0.29391942284360534,0.0,0.25,24.732481465027668,20000254
EDF-Threshold,6.732987245558106,5,0.4166666666666667,0.35833882193714667,0.6666666666666666,0.5833333333333333,0.7895880228344279,0.29541161921726583,0.0,0.22916666666666666,22.11072060158888,20000255
EDF-Threshold,10.833807644682885,7,0.5833333333333334,0.5721206362540078,0.6666666666666666,0.41666666666666663,0.8176393227188784,0.2828475728323079,0.0,0.22916666666666666,22.71915261686182,20000256
EDF-Threshold,13.537144869850225,9,0.75,0.6729462760410914,0.75,0.25,0.7967650513314858,0.2501294988534997,0.0,0.20833333333333334,22.600058765906418,20000257
EDF-Threshold,12.40133045331956,8,0.6666666666666666,0.7053679402649007,0.6666666666666666,0.33333333333333337,0.8225655174337594,0.23855258247504088,0.0,0.2916666666666667,21.380553822247084,20000258
EDF-Threshold,12.497862703170671,8,0.6666666666666666,0.7275501888853666,0.6666666666666666,0.33333333333333337,0.8149223052662942,0.26331340265108194,0.0,0.2708333333333333,22.226790089732777,20000259
EDF-Threshold,10.773581517659066,7,0.5833333333333334,0.5998120345533745,0.5833333333333334,0.41666666666666663,0.8151087166070061,0.2749445359754456,0.0,0.25,21.025532017144766,20000260
EDF-Threshold,11.387380475508046,7,0.5833333333333334,0.6308993227353757,0.5833333333333334,0.41666666666666663,0.8614490405848292,0.29747228330896935,0.0,0.2916666666666667,22.459559245545236,20000261
EDF-Threshold,7.481264838180746,5,0.4166666666666667,0.46215219473738334,0.75,0.5833333333333333,0.8348848924437563,0.31417466875312977,0.0,0.20833333333333334,23.65296713423946,20000262
EDF-Threshold,16.165417510100916,10,0.8333333333333334,0.8629361788859332,0.8333333333333334,0.16666666666666663,0.8195430121026049,0.19900257855510853,0.0,0.25,23.640986714687397,20000263
EDF-Threshold,7.675798476183721,5,0.4166666666666667,0.5306540042747796,0.5833333333333334,0.5833333333333333,0.8239361932021582,0.28171368065026836,0.0,0.2708333333333333,21.948371072393083,20000264
EDF-Threshold,15.928036769509632,10,0.8333333333333334,0.8733650083305914,0.8333333333333334,0.16666666666666663,0.8087682092633992,0.197135117670053,0.0,0.2708333333333333,22.346116236694563,20000265
EDF-Threshold,15.031990065771174,10,0.8333333333333334,0.7249622738955646,0.8333333333333334,0.16666666666666663,0.8395394203284233,0.2667574331689808,0.0,0.1875,23.76722337158774,20000266
EDF-Threshold,9.123774011991557,6,0.5,0.5099417466681605,0.5833333333333334,0.5,0.8156976870696179,0.2875439538903582,0.0,0.25,22.145392211486584,20000267
EDF-Threshold,9.135700461594313,6,0.5,0.504347832946877,0.6666666666666666,0.5,0.8272391784646193,0.25368250534810083,0.0,0.25,22.137974514742357,20000268
EDF-Threshold,13.0716189069827,8,0.6666666666666666,0.6449739198200697,0.75,0.33333333333333337,0.8555933210022427,0.2593379079935832,0.0,0.22916666666666666,23.656416326698775,20000269
EDF-Threshold,11.050060306793767,7,0.5833333333333334,0.6647624596650676,0.6666666666666666,0.41666666666666663,0.8186773520969624,0.23448000803323907,0.0,0.2708333333333333,23.17358493067493,20000270
EDF-Threshold,14.57941557259702,9,0.75,0.7559446353766065,0.8333333333333334,0.25,0.840930651208366,0.27338482700088257,0.0,0.1875,23.994693001599288,20000271
EDF-Threshold,13.804202417851197,9,0.75,0.7025257142486548,0.75,0.25,0.8042623490216615,0.22101380376822236,0.0,0.22916666666666666,23.332174812957952,20000272
EDF-Threshold,15.562924840504257,10,0.8333333333333334,0.7129806173272106,0.8333333333333334,0.16666666666666663,0.8575756854301012,0.2607770150223785,0.0,0.20833333333333334,25.79117451507181,20000273
EDF-Threshold,10.164009567236853,7,0.5833333333333334,0.558068816977794,0.6666666666666666,0.41666666666666663,0.8280787233492335,0.28510350578443217,0.0,0.22916666666666666,23.065383110236898,20000274
EDF-Threshold,11.783355172304654,8,0.6666666666666666,0.6121892162442196,0.75,0.33333333333333337,0.8258072187845024,0.26230345694122514,0.0,0.22916666666666666,22.469191726553106,20000275
EDF-Threshold,12.3234473568461,8,0.6666666666666666,0.5972440900485302,0.6666666666666666,0.33333333333333337,0.8142648218143497,0.23432162448083202,0.0,0.25,22.737128220942214,20000276
EDF-Threshold,14.137651273093628,9,0.75,0.7089372617440713,0.75,0.25,0.7968851252265944,0.259387416013542,0.0,0.22916666666666666,23.616875063202546,20000277
EDF-Threshold,9.030358887596257,6,0.5,0.5261418396256279,0.5833333333333334,0.5,0.800889269761853,0.23722063718686084,0.0,0.3125,19.205544280538977,20000278
EDF-Threshold,12.328044460575956,8,0.6666666666666666,0.6488595433449997,0.6666666666666666,0.33333333333333337,0.8080993017083692,0.22294548092749533,0.0,0.2916666666666667,21.453315161530597,20000279
EDF-Threshold,16.970945600207592,11,0.9166666666666666,0.9060962330339286,0.9166666666666666,0.08333333333333337,0.8150965987424476,0.2359730970221141,0.0,0.22916666666666666,23.059559144140334,20000280
EDF-Threshold,12.4002322177564,8,0.6666666666666666,0.7205834317754534,0.75,0.33333333333333337,0.8088984637394835,0.26383405486550404,0.0,0.25,22.855602236273214,20000281
EDF-Threshold,11.283127227603345,7,0.5833333333333334,0.619483738662704,0.6666666666666666,0.41666666666666663,0.8609327975991304,0.25535340378069943,0.0,0.2916666666666667,22.91728357413756,20000282
EDF-Threshold,15.879662783389323,10,0.8333333333333334,0.8192629596941121,0.8333333333333334,0.16666666666666663,0.8401239811008171,0.22193196894367795,0.0,0.2708333333333333,23.206373417890568,20000283
EDF-Threshold,12.688623079266504,8,0.6666666666666666,0.7263575172341126,0.6666666666666666,0.33333333333333337,0.7977338558559212,0.27223320350139296,0.0,0.25,22.410805043180396,20000284
EDF-Threshold,14.1285438317432,9,0.75,0.7104063119800966,0.75,0.25,0.7939260621910531,0.2318001584252927,0.0,0.25,22.361534445784347,20000285
EDF-Threshold,10.412678332059912,7,0.5833333333333334,0.5428499033065969,0.5833333333333334,0.41666666666666663,0.8098449128310379,0.29737297580410593,0.0,0.22916666666666666,21.969659727625757,20000286
EDF-Threshold,17.57545583866553,11,0.9166666666666666,0.9443402803084145,0.9166666666666666,0.08333333333333337,0.837610505239642,0.23053604350051274,0.0,0.20833333333333334,24.170178577800417,20000287
EDF-Threshold,14.230990052460914,9,0.75,0.8076463584534258,0.75,0.25,0.8071105695209768,0.2544543439321274,0.0,0.22916666666666666,22.24905255127163,20000288
EDF-Threshold,16.399931906820008,10,0.8333333333333334,0.8610604333054848,0.8333333333333334,0.16666666666666663,0.8311041400790998,0.19763994036534047,0.0,0.2708333333333333,23.979839553851388,20000289
EDF-Threshold,10.418649239459237,7,0.5833333333333334,0.5162043669288514,0.6666666666666666,0.41666666666666663,0.8017588496948017,0.26256258309090147,0.0,0.22916666666666666,23.025969466398074,20000290
EDF-Threshold,15.593082406213881,10,0.8333333333333334,0.7930565812949211,0.8333333333333334,0.16666666666666663,0.8407542982691519,0.2332471513723667,0.0,0.22916666666666666,24.14298418061872,20000291
EDF-Threshold,10.789558601466899,7,0.5833333333333334,0.5946374579722644,0.6666666666666666,0.41666666666666663,0.8187304633531788,0.2676382590671007,0.0,0.25,22.50889146142946,20000292
EDF-Threshold,13.641360380952822,9,0.75,0.6961697025320529,0.75,0.25,0.7929215305285308,0.25372624055964005,0.0,0.22916666666666666,22.134250569797334,20000293
EDF-Threshold,9.336222659966497,6,0.5,0.5392220955195223,0.5833333333333334,0.5,0.8296446325390257,0.2642413961929978,0.0,0.2708333333333333,22.703959259565554,20000294
EDF-Threshold,4.008021613955808,3,0.25,0.26856577450927144,0.6666666666666666,0.75,0.8049976706673659,0.2354232257538648,0.0,0.2916666666666667,20.167210558579953,20000295
EDF-Threshold,11.167758528684466,7,0.5833333333333334,0.5904005917498099,0.6666666666666666,0.41666666666666663,0.8486933906992707,0.26800877452483696,0.0,0.25,23.978269002775843,20000296
EDF-Threshold,13.666691133492254,9,0.75,0.6739417827388174,0.75,0.25,0.8192857220799207,0.22159842791673454,0.0,0.2916666666666667,21.97944815013382,20000297
EDF-Threshold,9.29556058897186,6,0.5,0.5156258953499253,0.75,0.5,0.8312892023581936,0.2504081537722465,0.0,0.22916666666666666,22.172200582420828,20000298
EDF-Threshold,10.292819492154903,7,0.5833333333333334,0.5644161398765001,0.75,0.41666666666666663,0.8151282990998391,0.23948498960205736,0.0,0.25,21.365097873098897,20000299
EDF-Threshold,10.983064006728506,7,0.5833333333333334,0.6345754819127919,0.5833333333333334,0.41666666666666663,0.8461238210397243,0.29781686344147645,0.0,0.25,22.938126724146976,20000300
EDF-Threshold,15.35640165354513,10,0.8333333333333334,0.8136920764951192,0.8333333333333334,0.16666666666666663,0.8383944454114461,0.2855255182334817,0.0,0.20833333333333334,24.054940238950383,20000301
EDF-Threshold,13.225813729104573,8,0.6666666666666666,0.6488979076393039,0.6666666666666666,0.33333333333333337,0.8183376896184044,0.23335761957746012,0.0,0.2916666666666667,22.568347486215014,20000302
EDF-Threshold,11.418336128650333,7,0.5833333333333334,0.6706236882528721,0.75,0.41666666666666663,0.8387597876807796,0.2366582772730799,0.0,0.2708333333333333,22.087505677786712,20000303
EDF-Threshold,16.973528733280276,11,0.9166666666666666,0.8918879750027561,0.9166666666666666,0.08333333333333337,0.8362712237723811,0.27553042697274405,0.0,0.16666666666666666,25.77967960418061,20000304
EDF-Threshold,18.954419480706886,12,1.0,1.0,1.0,0.0,0.8249500297567138,0.24525387720406036,0.0,0.16666666666666666,25.3727413975841,20000305
EDF-Threshold,14.238578993010693,9,0.75,0.733422235901691,0.9166666666666666,0.25,0.8157978929733093,0.2499430818648066,0.0,0.1875,26.092714780817857,20000306
EDF-Threshold,10.925982667047656,7,0.5833333333333334,0.6222279397982226,0.6666666666666666,0.41666666666666663,0.8187702747596394,0.2566020474346716,0.0,0.2916666666666667,20.705592119105695,20000307
EDF-Threshold,12.903069680516484,8,0.6666666666666666,0.6849343857311698,0.75,0.33333333333333337,0.8368527052371265,0.2975773585528079,0.0,0.20833333333333334,24.643155257470497,20000308
EDF-Threshold,10.963138517629313,7,0.5833333333333334,0.5568769239902276,0.6666666666666666,0.41666666666666663,0.8546129591264231,0.2939008812583779,0.0,0.22916666666666666,23.483204424034028,20000309
EDF-Threshold,12.373448726352226,8,0.6666666666666666,0.6534873038780793,0.8333333333333334,0.33333333333333337,0.8487135423574572,0.22858684976771146,0.0,0.25,22.041897351303774,20000310
EDF-Threshold,7.163603907612203,5,0.4166666666666667,0.4610468715026317,0.6666666666666666,0.5833333333333333,0.80413459485464,0.26113574997923084,0.0,0.2708333333333333,20.89442832345212,20000311
EDF-Threshold,12.912335457782543,8,0.6666666666666666,0.7052356703405599,0.75,0.33333333333333337,0.8280840423705284,0.251550671297233,0.0,0.25,23.20033776247937,20000312
EDF-Threshold,12.768898654271483,8,0.6666666666666666,0.6393321727046238,0.75,0.33333333333333337,0.8525405088560559,0.27867609035287716,0.0,0.25,23.510773096812148,20000313
EDF-Threshold,10.648664718029726,7,0.5833333333333334,0.6628436371498581,0.6666666666666666,0.41666666666666663,0.8138108461027603,0.27736463592237437,0.0,0.25,21.684992162159133,20000314
EDF-Threshold,5.941575694578828,4,0.3333333333333333,0.410946089714688,0.6666666666666666,0.6666666666666667,0.835843142228844,0.27851369272840326,0.0,0.2708333333333333,22.38190167246452,20000315
EDF-Threshold,12.4053599366553,8,0.6666666666666666,0.5911399307665731,0.6666666666666666,0.33333333333333337,0.8220949991813717,0.27331520843271256,0.0,0.25,22.598626383131172,20000316
EDF-Threshold,14.32465869147724,9,0.75,0.7548763157976035,0.75,0.25,0.8340879108772979,0.24820225680319194,0.0,0.22916666666666666,24.944183808021137,20000317
EDF-Threshold,9.634857235078266,6,0.5,0.5501247936803462,0.6666666666666666,0.5,0.8545531922056187,0.2830706671805601,0.0,0.25,23.771121434953685,20000318
EDF-Threshold,7.230008184100635,5,0.4166666666666667,0.44208860014290585,0.5833333333333334,0.5833333333333333,0.8236332888941251,0.29462433719292885,0.0,0.22916666666666666,22.97157422752301,20000319
EDF-Threshold,12.488968959229746,8,0.6666666666666666,0.5879830366644662,0.6666666666666666,0.33333333333333337,0.8174736012138278,0.24722151001416895,0.0,0.25,23.200145122108562,20000320
EDF-Threshold,15.200478840979441,10,0.8333333333333334,0.7603328025977458,0.8333333333333334,0.16666666666666663,0.8074373367835112,0.24395773302968896,0.0,0.1875,24.318833398313572,20000321
EDF-Threshold,12.926595179208423,8,0.6666666666666666,0.673105902254222,0.6666666666666666,0.33333333333333337,0.8200688330302185,0.24089418524335737,0.0,0.2708333333333333,21.257122397499018,20000322
EDF-Threshold,7.779850171720809,5,0.4166666666666667,0.4719091498397695,0.75,0.5833333333333333,0.8204904059391979,0.28020541175890634,0.0,0.20833333333333334,23.4376158940537,20000323
EDF-Threshold,13.0382863844572,8,0.6666666666666666,0.6830957329567198,0.8333333333333334,0.33333333333333337,0.8450504101108196,0.2968944649810154,0.0,0.16666666666666666,26.362143720904793,20000324
EDF-Threshold,13.719951324152895,9,0.75,0.6965895932335844,0.8333333333333334,0.25,0.8269896127348012,0.27117191034698435,0.0,0.1875,24.827937219199324,20000325
EDF-Threshold,9.179905487721875,6,0.5,0.43763117729787915,0.6666666666666666,0.5,0.8114893334267602,0.2610812677742505,0.0,0.2708333333333333,21.457368819183948,20000326
EDF-Threshold,14.681711750011704,9,0.75,0.7952365826236688,0.75,0.25,0.8254547679217631,0.22540859518777068,0.0,0.25,23.269977958600297,20000327
EDF-Threshold,13.991582839358049,9,0.75,0.6968032945534653,0.75,0.25,0.830560091919588,0.27666205594931587,0.0,0.22916666666666666,24.01198307222406,20000328
EDF-Threshold,8.935248384119632,6,0.5,0.49662923536787007,0.5833333333333334,0.5,0.8269647341993162,0.26749800350139474,0.0,0.25,22.044015893409604,20000329
EDF-Threshold,7.327637863220186,5,0.4166666666666667,0.5082637102054953,0.6666666666666666,0.5833333333333333,0.7840536504087726,0.26109242497302493,0.0,0.22916666666666666,22.068718536510573,20000330
EDF-Threshold,15.806505649526612,10,0.8333333333333334,0.8515277725938194,0.9166666666666666,0.16666666666666663,0.8835483066049549,0.3073795387514584,0.0,0.16666666666666666,25.360016106242096,20000331
EDF-Threshold,8.020123320911226,5,0.4166666666666667,0.5140724900091304,0.75,0.5833333333333333,0.8263379642247214,0.23505911288848147,0.0,0.25,23.10623152500028,20000332
EDF-Threshold,7.226005617210321,5,0.4166666666666667,0.46853940610842876,0.6666666666666666,0.5833333333333333,0.8114069419951901,0.24320845658575987,0.0,0.2916666666666667,21.044562053009212,20000333
EDF-Threshold,10.791912379795304,7,0.5833333333333334,0.5178838080079311,0.6666666666666666,0.41666666666666663,0.8233231953306882,0.23185624020589213,0.0,0.2708333333333333,22.46017982019448,20000334
EDF-Threshold,11.111057745518085,7,0.5833333333333334,0.6415060586382942,0.6666666666666666,0.41666666666666663,0.8202562790532587,0.24648355710253086,0.0,0.2708333333333333,22.6333992626807,20000335
EDF-Threshold,3.8368116711352265,3,0.25,0.27501434195167046,0.6666666666666666,0.75,0.8485675090847818,0.31573272170504546,0.0,0.22916666666666666,22.816594371913226,20000336
EDF-Threshold,10.060203132100213,7,0.5833333333333334,0.5096682389784705,0.6666666666666666,0.41666666666666663,0.8335435699588606,0.282115444679291,0.0,0.22916666666666666,22.324863335083215,20000337
EDF-Threshold,16.24028381699016,10,0.8333333333333334,0.828131756338767,0.8333333333333334,0.16666666666666663,0.8557377973765302,0.24400213685060015,0.0,0.22916666666666666,24.490466710548386,20000338
EDF-Threshold,13.845455324249244,9,0.75,0.7028204328399341,0.75,0.25,0.8438126587308711,0.26127829772066247,0.0,0.22916666666666666,23.28921999267906,20000339
EDF-Threshold,8.487327819351247,6,0.5,0.4996729082863358,0.5833333333333334,0.5,0.7872128295043508,0.2669041960465163,0.0,0.2708333333333333,20.3562548114537,20000340
EDF-Threshold,14.350616358958032,9,0.75,0.7713917089731924,0.75,0.25,0.8500591848199264,0.2683776002226403,0.0,0.25,23.136004850006312,20000341
EDF-Threshold,15.728563006236985,10,0.8333333333333334,0.8469741339131998,0.8333333333333334,0.16666666666666663,0.8400353026748322,0.26710433741974365,0.0,0.25,23.151487981568327,20000342
EDF-Threshold,12.16294415491138,8,0.6666666666666666,0.554798600667037,0.75,0.33333333333333337,0.7936134547624215,0.24964881283774698,0.0,0.22916666666666666,22.50959438251909,20000343
EDF-Threshold,10.993743402202895,7,0.5833333333333334,0.6471883271945037,0.6666666666666666,0.41666666666666663,0.7981381791869175,0.24976575937073645,0.0,0.2708333333333333,21.714518512041593,20000344
EDF-Threshold,7.4176173237835625,5,0.4166666666666667,0.44745386209277627,0.5833333333333334,0.5833333333333333,0.820995653972178,0.2729696292512289,0.0,0.25,22.704470818502788,20000345
EDF-Threshold,8.978294954005506,6,0.5,0.4588817791145447,0.6666666666666666,0.5,0.8052714669933493,0.23506735680818283,0.0,0.2708333333333333,22.00356323102264,20000346
EDF-Threshold,12.92515777157995,8,0.6666666666666666,0.67235612611242,0.8333333333333334,0.33333333333333337,0.8356793778084759,0.2802064149625015,0.0,0.20833333333333334,24.730971253183707,20000347
EDF-Threshold,12.598942521126098,8,0.6666666666666666,0.6636986783680859,0.6666666666666666,0.33333333333333337,0.8487541543278906,0.28765928990482253,0.0,0.20833333333333334,23.783829215776198,20000348
EDF-Threshold,19.11169453973409,12,1.0,1.0,1.0,0.0,0.8794440065944039,0.2690413973732324,0.0,0.1875,25.68290180715995,20000349
EDF-Threshold,8.82126362459995,6,0.5,0.5350465908791704,0.5833333333333334,0.5,0.8350338154246559,0.2966806388306109,0.0,0.25,22.262733316455108,20000350
EDF-Threshold,9.613104245348767,6,0.5,0.5471350344308944,0.75,0.5,0.8317139650798815,0.2682299186840162,0.0,0.22916666666666666,22.94829204359385,20000351
EDF-Threshold,7.711232023580196,5,0.4166666666666667,0.4892062642604647,0.75,0.5833333333333333,0.818348181778576,0.25247423886671155,0.0,0.22916666666666666,23.909816339384157,20000352
EDF-Threshold,9.536960101213328,6,0.5,0.5411385938038143,0.6666666666666666,0.5,0.8268028796271674,0.24724596725925763,0.0,0.25,22.904679309206976,20000353
EDF-Threshold,12.497248848355007,8,0.6666666666666666,0.6332516776658648,0.75,0.33333333333333337,0.7968254904349017,0.22712324386443097,0.0,0.25,22.213520708447238,20000354
EDF-Threshold,15.449790357473105,10,0.8333333333333334,0.8435414238023327,0.8333333333333334,0.16666666666666663,0.8149706950438169,0.2717795351397334,0.0,0.20833333333333334,22.867536396510562,20000355
EDF-Threshold,12.792361229101935,8,0.6666666666666666,0.6779516308053877,0.8333333333333334,0.33333333333333337,0.8385661979933158,0.2701817575945769,0.0,0.20833333333333334,23.77895189077026,20000356
EDF-Threshold,14.809922879711268,9,0.75,0.7714537433524947,0.75,0.25,0.8416878181012747,0.240479957185137,0.0,0.2708333333333333,22.94607235450617,20000357
EDF-Threshold,19.23968230739418,12,1.0,1.0,1.0,0.0,0.838591279103837,0.20620029557005828,0.0,0.25,24.98491751292079,20000358
EDF-Threshold,17.79702488086206,11,0.9166666666666666,0.8751202952640644,0.9166666666666666,0.08333333333333337,0.8629181409205398,0.250743923915215,0.0,0.20833333333333334,25.68535338597277,20000359
EDF-Threshold,14.41189925813697,9,0.75,0.7822438652526064,0.75,0.25,0.8208177396780673,0.22420614209324066,0.0,0.2708333333333333,23.327126666685505,20000360
EDF-Threshold,7.645171769159885,5,0.4166666666666667,0.42496445558476975,0.6666666666666666,0.5833333333333333,0.8247214432858193,0.24915223329584626,0.0,0.25,23.10928647945667,20000361
EDF-Threshold,10.522645050053809,7,0.5833333333333334,0.6020973939816405,0.6666666666666666,0.41666666666666663,0.8097568191323852,0.28938860248410747,0.0,0.22916666666666666,22.45825736360491,20000362
EDF-Threshold,3.6931178803368554,3,0.25,0.2982639797629356,0.5833333333333334,0.75,0.8119041734477727,0.29389379448882197,0.0,0.25,21.835406441721723,20000363
EDF-Threshold,10.584749501993029,7,0.5833333333333334,0.5294187879664941,0.6666666666666666,0.41666666666666663,0.7795350987670574,0.24392346574111423,0.0,0.25,22.301223745251047,20000364
EDF-Threshold,9.414338646008819,6,0.5,0.564423783524878,0.5833333333333334,0.5,0.7763727094577417,0.2435694156635481,0.0,0.2916666666666667,20.19615930266452,20000365
EDF-Threshold,11.189966284705948,7,0.5833333333333334,0.5870418870848089,0.5833333333333334,0.41666666666666663,0.8389994034933577,0.27802455441401036,0.0,0.25,23.263286838333148,20000366
EDF-Threshold,12.694840625597863,8,0.6666666666666666,0.6820751504717713,0.75,0.33333333333333337,0.8382713547372885,0.2504378586637439,0.0,0.20833333333333334,23.240957287691153,20000367
EDF-Threshold,15.869377655805474,10,0.8333333333333334,0.814985628187016,0.8333333333333334,0.16666666666666663,0.8253285885994522,0.24073847470943224,0.0,0.22916666666666666,23.04722446934663,20000368
EDF-Threshold,12.619857265873039,8,0.6666666666666666,0.6592914667605196,0.6666666666666666,0.33333333333333337,0.8381297002463368,0.3062276036750584,0.0,0.2708333333333333,22.732256325275056,20000369
EDF-Threshold,12.023663912052834,8,0.6666666666666666,0.6459777997403082,0.6666666666666666,0.33333333333333337,0.802359410349827,0.22672047421321948,0.0,0.2916666666666667,21.72241536799746,20000370
EDF-Threshold,12.475278846753502,8,0.6666666666666666,0.6253714614607077,0.6666666666666666,0.33333333333333337,0.8487817944238604,0.2428900101822892,0.0,0.2708333333333333,21.93588952144389,20000371
EDF-Threshold,5.735430729760749,4,0.3333333333333333,0.3577054469486084,0.5833333333333334,0.6666666666666667,0.8127496661731383,0.26348465456973597,0.0,0.2708333333333333,21.474454248280562,20000372
EDF-Threshold,17.39778265194838,11,0.9166666666666666,0.9505439746704275,0.9166666666666666,0.08333333333333337,0.8205508363802525,0.25483448126239566,0.0,0.20833333333333334,24.513874143605427,20000373
EDF-Threshold,14.212492567637682,9,0.75,0.7847606515688502,0.75,0.25,0.8115707177006254,0.27467948982002155,0.0,0.22916666666666666,23.20907663189236,20000374
EDF-Threshold,14.521210059776736,9,0.75,0.7189355948674772,0.8333333333333334,0.25,0.8731189358891435,0.28638522919791626,0.0,0.1875,25.88772069561198,20000375
EDF-Threshold,11.161951272044243,7,0.5833333333333334,0.6372225067468973,0.75,0.41666666666666663,0.8089795277940492,0.2164178504192236,0.0,0.2916666666666667,21.678455977104893,20000376
EDF-Threshold,13.776121113203509,9,0.75,0.6278538024510304,0.75,0.25,0.8134943059591823,0.21474273699150367,0.0,0.2708333333333333,22.263886222722025,20000377
EDF-Threshold,12.755780166139301,8,0.6666666666666666,0.6523935912978113,0.75,0.33333333333333337,0.8131189332059027,0.24596312085035119,0.0,0.25,23.33252098747936,20000378
EDF-Threshold,9.714531155895072,6,0.5,0.6070368374086258,0.8333333333333334,0.5,0.8471730074462641,0.25881837182491246,0.0,0.22916666666666666,23.785192062413046,20000379
EDF-Threshold,14.13921119480045,9,0.75,0.7752352825810437,0.75,0.25,0.8530053037135329,0.26582451950336583,0.0,0.22916666666666666,23.296027205588494,20000380
EDF-Threshold,4.2568758304249785,3,0.25,0.31909156285923634,0.5833333333333334,0.75,0.8238371436341332,0.2694725356054042,0.0,0.2708333333333333,21.918278005361937,20000381
EDF-Threshold,16.977386431293155,11,0.9166666666666666,0.8247587964879989,0.9166666666666666,0.08333333333333337,0.8713229599365745,0.2510467900173195,0.0,0.1875,25.08193782648573,20000382
EDF-Threshold,15.728468675945813,10,0.8333333333333334,0.7510662033115257,0.8333333333333334,0.16666666666666663,0.8229059507821638,0.24734329569773475,0.0,0.25,22.8825393772242,20000383
EDF-Threshold,11.08921071427831,7,0.5833333333333334,0.6418339160057773,0.6666666666666666,0.41666666666666663,0.8184028160354506,0.25858649115485405,0.0,0.25,22.585553186785685,20000384
EDF-Threshold,8.446229454769885,6,0.5,0.4339910568681387,0.6666666666666666,0.5,0.8051196502606744,0.23335754253410293,0.0,0.25,21.325572286848665,20000385
EDF-Threshold,7.223679998408399,5,0.4166666666666667,0.42340292918961087,0.5833333333333334,0.5833333333333333,0.7970409793435542,0.2481493382075942,0.0,0.2708333333333333,21.332012633581773,20000386
EDF-Threshold,16.025082445490415,10,0.8333333333333334,0.8515689951437148,0.8333333333333334,0.16666666666666663,0.8459756294950537,0.2790472031820019,0.0,0.1875,25.487796513035757,20000387
EDF-Threshold,17.39623444846711,11,0.9166666666666666,0.8874413006884836,0.9166666666666666,0.08333333333333337,0.8651960915456454,0.2410873814880028,0.0,0.20833333333333334,25.72890305957564,20000388
EDF-Threshold,14.634431835466508,9,0.75,0.710244914091878,0.8333333333333334,0.25,0.8987294928500712,0.27128212641604715,0.0,0.22916666666666666,24.94942289340789,20000389
EDF-Threshold,14.147310862973473,9,0.75,0.7280131237449886,0.75,0.25,0.8539659912733834,0.2731704202508462,0.0,0.20833333333333334,24.705887203230898,20000390
EDF-Threshold,15.816635309007236,10,0.8333333333333334,0.8617873395708767,0.8333333333333334,0.16666666666666663,0.8429432183915163,0.28656758652940545,0.0,0.20833333333333334,23.803891728525613,20000391
EDF-Threshold,13.758853765268245,9,0.75,0.6887282864904639,0.75,0.25,0.8361525244929563,0.24884189309939597,0.0,0.22916666666666666,22.903599709425322,20000392
EDF-Threshold,6.1271510802211075,4,0.3333333333333333,0.38245303337004294,0.5833333333333334,0.6666666666666667,0.8514778360495759,0.24590141996648932,0.0,0.2916666666666667,21.41379927287901,20000393
EDF-Threshold,10.91907120966274,7,0.5833333333333334,0.5134425604397369,0.6666666666666666,0.41666666666666663,0.8192175707181821,0.27209653802577966,0.0,0.25,23.10694175162878,20000394
EDF-Threshold,14.202926550123834,9,0.75,0.6704672842704762,0.8333333333333334,0.25,0.8543230788172718,0.2593114717902314,0.0,0.25,23.40947473253959,20000395
EDF-Threshold,10.885268966031013,7,0.5833333333333334,0.6860780829386305,0.6666666666666666,0.41666666666666663,0.7816046364756328,0.22958649939844178,0.0,0.2708333333333333,19.941925034598434,20000396
EDF-Threshold,17.262824261238457,11,0.9166666666666666,0.8888703956687699,0.9166666666666666,0.08333333333333337,0.8379481710626742,0.25744050046771555,0.0,0.20833333333333334,24.843717899011047,20000397
EDF-Threshold,17.045090787614996,11,0.9166666666666666,0.9287306554884953,0.9166666666666666,0.08333333333333337,0.8279147344306957,0.26342786635198207,0.0,0.1875,25.266806112549254,20000398
EDF-Threshold,10.176015856383174,7,0.5833333333333334,0.5982468889878882,0.6666666666666666,0.41666666666666663,0.7920201049440418,0.2728605975979244,0.0,0.25,21.819319298292562,20000399
EDF-Threshold,10.734774472629345,7,0.5833333333333334,0.6161992734502933,0.75,0.41666666666666663,0.80960138128853,0.22468496337647773,0.0,0.2708333333333333,22.07818085565559,20000400
EDF-Threshold,9.514017666730897,6,0.5,0.5027986199694028,0.5833333333333334,0.5,0.8354196523598216,0.2472431513705827,0.0,0.2916666666666667,23.020495481426153,20000401
EDF-Threshold,7.833162745207248,5,0.4166666666666667,0.4480809916317924,0.5833333333333334,0.5833333333333333,0.8146911979479828,0.2489639289956248,0.0,0.2708333333333333,21.764510278429437,20000402
EDF-Threshold,10.567656521022798,7,0.5833333333333334,0.5289806479878172,0.6666666666666666,0.41666666666666663,0.801690926982344,0.2820373226750374,0.0,0.25,21.51293398475751,20000403
EDF-Threshold,10.162318588038673,7,0.5833333333333334,0.6375105631064938,0.5833333333333334,0.41666666666666663,0.7777808239473106,0.2811391199470608,0.0,0.25,20.187761862223223,20000404
EDF-Threshold,7.957941709108015,5,0.4166666666666667,0.4416010472035375,0.5833333333333334,0.5833333333333333,0.796014236104814,0.22241606947449624,0.0,0.3125,20.285421384294306,20000405
EDF-Threshold,14.53854816359425,9,0.75,0.7723134224964789,0.75,0.25,0.8568682590068817,0.2851775307509927,0.0,0.22916666666666666,24.531274586863493,20000406
EDF-Threshold,11.154343015903258,7,0.5833333333333334,0.6010063642957952,0.75,0.41666666666666663,0.848919516021717,0.26126848590056145,0.0,0.25,23.061936688731485,20000407
EDF-Threshold,10.887852982164365,7,0.5833333333333334,0.5323341878889571,0.8333333333333334,0.41666666666666663,0.8064263046520922,0.22049498087439345,0.0,0.25,23.937657521335193,20000408
EDF-Threshold,7.868847143902247,5,0.4166666666666667,0.48202133313300616,0.75,0.5833333333333333,0.8544127560775759,0.29607140506342294,0.0,0.22916666666666666,24.409245917691713,20000409
EDF-Threshold,14.219706484133027,9,0.75,0.784352009901502,0.75,0.25,0.8325057062638149,0.2311445720003452,0.0,0.25,22.953682851868216,20000410
EDF-Threshold,5.789686256382699,4,0.3333333333333333,0.3840954151591872,0.6666666666666666,0.6666666666666667,0.8019486866191877,0.24384021154672597,0.0,0.22916666666666666,21.603470212266863,20000411
EDF-Threshold,12.613970454050758,8,0.6666666666666666,0.6817236329870326,0.6666666666666666,0.33333333333333337,0.8077308350639888,0.2639138478494422,0.0,0.2708333333333333,21.837993218437468,20000412
EDF-Threshold,11.053469669156666,7,0.5833333333333334,0.5675163818066334,0.75,0.41666666666666663,0.8388515533207679,0.19948859330302623,0.0,0.3125,21.331989368491218,20000413
EDF-Threshold,8.560488681726858,6,0.5,0.46118093765521334,0.6666666666666666,0.5,0.8061330195114479,0.2701339924422224,0.0,0.25,21.58995871396359,20000414
EDF-Threshold,14.782729142646696,9,0.75,0.8156307269126519,0.75,0.25,0.8606172234586991,0.269443325271474,0.0,0.25,24.159452093963942,20000415
EDF-Threshold,8.539985432227521,6,0.5,0.45566726543776787,0.6666666666666666,0.5,0.8159010200906686,0.25750773070723815,0.0,0.2708333333333333,21.056713733191014,20000416
EDF-Threshold,14.805633940527029,9,0.75,0.8030661280931296,0.75,0.25,0.8305210572555769,0.23720869349211626,0.0,0.2708333333333333,23.730710456039294,20000417
EDF-Threshold,17.603118251625723,11,0.9166666666666666,0.9461829003078187,0.9166666666666666,0.08333333333333337,0.8297284269076237,0.2357629286670905,0.0,0.20833333333333334,24.459364794183,20000418
EDF-Threshold,10.563790154114509,7,0.5833333333333334,0.5996502318602629,0.5833333333333334,0.41666666666666663,0.7977838282811422,0.25830277260497825,0.0,0.3125,19.533268854822108,20000419
EDF-Threshold,17.05873712002075,11,0.9166666666666666,0.861171949506188,0.9166666666666666,0.08333333333333337,0.8515836716647264,0.2773563311421234,0.0,0.16666666666666666,24.998040250390538,20000420
EDF-Threshold,10.698462761739602,7,0.5833333333333334,0.553192069356678,0.5833333333333334,0.41666666666666663,0.8308066323046791,0.25810807318014933,0.0,0.2708333333333333,21.463604418362422,20000421
EDF-Threshold,13.94519121472644,9,0.75,0.6605554437374357,0.75,0.25,0.8171792413334344,0.20353547726421217,0.0,0.25,23.01741728993336,20000422
EDF-Threshold,15.244051878588918,10,0.8333333333333334,0.8043897677873842,0.8333333333333334,0.16666666666666663,0.8094697513462732,0.24181913411979009,0.0,0.22916666666666666,22.486855684250393,20000423
EDF-Threshold,10.466555664257049,7,0.5833333333333334,0.506645444464786,0.75,0.41666666666666663,0.8049941893293218,0.263348163350877,0.0,0.22916666666666666,22.1071447231423,20000424
EDF-Threshold,8.637577983027859,6,0.5,0.4600660447064367,0.6666666666666666,0.5,0.7915390728813909,0.278829794471136,0.0,0.22916666666666666,22.695332172859423,20000425
EDF-Threshold,13.894922185446568,9,0.75,0.7049257338527423,0.75,0.25,0.8442572564648195,0.2637009266247176,0.0,0.22916666666666666,23.352613856102444,20000426
EDF-Threshold,16.320995397095828,10,0.8333333333333334,0.7988100573504097,0.8333333333333334,0.16666666666666663,0.8552413914388483,0.23176694943638596,0.0,0.25,23.601998581946642,20000427
EDF-Threshold,16.211205116114765,10,0.8333333333333334,0.7980224993123696,0.8333333333333334,0.16666666666666663,0.8618929233702207,0.26977579097863663,0.0,0.20833333333333334,25.56226400584928,20000428
EDF-Threshold,15.218428442398878,10,0.8333333333333334,0.8547280799372391,0.8333333333333334,0.16666666666666663,0.8232991619693782,0.2688851535551712,0.0,0.20833333333333334,23.73050679716149,20000429
EDF-Threshold,15.33937861179917,10,0.8333333333333334,0.8390048241964735,0.8333333333333334,0.16666666666666663,0.8292087843016146,0.255428401866206,0.0,0.22916666666666666,22.84729818614169,20000430
EDF-Threshold,12.575220740257357,8,0.6666666666666666,0.6700727617065965,0.75,0.33333333333333337,0.7973034088907566,0.2643021264355511,0.0,0.22916666666666666,22.77112328306993,20000431
EDF-Threshold,14.61990724711477,9,0.75,0.7422205366323921,0.9166666666666666,0.25,0.8603162139716725,0.2727262405244731,0.0,0.1875,25.930616271829557,20000432
EDF-Threshold,12.833320752438295,8,0.6666666666666666,0.6187561265730704,0.75,0.33333333333333337,0.859302955648296,0.26338043528029215,0.0,0.25,22.87718107957758,20000433
EDF-Threshold,12.44753004289357,8,0.6666666666666666,0.6834920776148982,0.6666666666666666,0.33333333333333337,0.8277354667882028,0.2603169088021791,0.0,0.25,22.53297356361418,20000434
EDF-Threshold,16.687076870426978,10,0.8333333333333334,0.9104267239661905,0.8333333333333334,0.16666666666666663,0.8705617570802731,0.2719997119923112,0.0,0.20833333333333334,25.29894417891963,20000435
EDF-Threshold,15.747042912230695,10,0.8333333333333334,0.8301642378986454,0.8333333333333334,0.16666666666666663,0.8691588405589427,0.2659930386214238,0.0,0.1875,25.61925693426892,20000436
EDF-Threshold,7.38009984377649,5,0.4166666666666667,0.44823501196364046,0.75,0.5833333333333333,0.8468776269923972,0.2735122775552387,0.0,0.20833333333333334,23.059083742505173,20000437
EDF-Threshold,12.317457679080801,8,0.6666666666666666,0.6212469755097814,0.6666666666666666,0.33333333333333337,0.7776705016653446,0.21583344115668956,0.0,0.3125,19.641600765478415,20000438
EDF-Threshold,7.443190060172132,5,0.4166666666666667,0.40512958952370265,0.5833333333333334,0.5833333333333333,0.8087190758731371,0.2637281023754034,0.0,0.2708333333333333,21.359972016482015,20000439
EDF-Threshold,13.274201836708958,9,0.75,0.6051829383398557,0.9166666666666666,0.25,0.813662750799185,0.2322346691968411,0.0,0.20833333333333334,22.66936744304338,20000440
EDF-Threshold,6.61344144574141,5,0.4166666666666667,0.3910807662322822,0.5,0.5833333333333333,0.7741513670642304,0.24390349876628192,0.0,0.3333333333333333,18.444042652308305,20000441
EDF-Threshold,17.272699850982278,11,0.9166666666666666,0.8970762030014748,0.9166666666666666,0.08333333333333337,0.8312678377732109,0.2717250025750211,0.0,0.1875,25.13041037203363,20000442
EDF-Threshold,13.155966121443738,8,0.6666666666666666,0.6828610543270173,0.75,0.33333333333333337,0.8736875386282805,0.2817457673676866,0.0,0.22916666666666666,23.707117906554654,20000443
EDF-Threshold,12.423679351318789,8,0.6666666666666666,0.6317401348726499,0.6666666666666666,0.33333333333333337,0.806240121241454,0.247839718882546,0.0,0.25,22.273180507136672,20000444
EDF-Threshold,7.69382831649103,5,0.4166666666666667,0.43997339462978696,0.6666666666666666,0.5833333333333333,0.8198232055891075,0.23572758813928374,0.0,0.2916666666666667,20.88906570221849,20000445
EDF-Threshold,7.918224510706714,5,0.4166666666666667,0.38435072868932996,0.75,0.5833333333333333,0.8582615859921982,0.24480453409621786,0.0,0.25,23.925314899180506,20000446
EDF-Threshold,6.993433778374933,5,0.4166666666666667,0.3888843746312408,0.5833333333333334,0.5833333333333333,0.8182509919091207,0.30203508829136494,0.0,0.22916666666666666,23.27693465102242,20000447
EDF-Threshold,12.606546599521947,8,0.6666666666666666,0.6746024906660166,0.75,0.33333333333333337,0.8575638009950913,0.278748469187599,0.0,0.22916666666666666,23.995972356159562,20000448
EDF-Threshold,15.854458367225249,10,0.8333333333333334,0.7362359466404191,0.8333333333333334,0.16666666666666663,0.8269381582803311,0.2142212282323943,0.0,0.25,23.1696184927443,20000449
EDF-Threshold,12.5384470740701,8,0.6666666666666666,0.5606010202257347,0.75,0.33333333333333337,0.8583600562163687,0.28719353234892514,0.0,0.22916666666666666,23.131539900274827,20000450
EDF-Threshold,12.47964078231428,8,0.6666666666666666,0.6486518164966457,0.75,0.33333333333333337,0.8307304345779375,0.23707179338859544,0.0,0.25,23.198074485683378,20000451
EDF-Threshold,12.686101431113004,8,0.6666666666666666,0.6196232602264524,0.6666666666666666,0.33333333333333337,0.8553622731657861,0.29024117399000854,0.0,0.22916666666666666,23.427545049940772,20000452
EDF-Threshold,5.755891594025572,4,0.3333333333333333,0.4042047775378798,0.5,0.6666666666666667,0.798800763138689,0.27799017565306355,0.0,0.3125,19.407864419889524,20000453
EDF-Threshold,5.444163240122826,4,0.3333333333333333,0.4551987228239452,0.5,0.6666666666666667,0.8060662597577268,0.2809386422448071,0.0,0.2708333333333333,21.687886371986643,20000454
EDF-Threshold,12.32264227575002,8,0.6666666666666666,0.6706268695246335,0.75,0.33333333333333337,0.8134781779743449,0.2702210673501969,0.0,0.25,21.909122623738035,20000455
EDF-Threshold,14.05435126812403,9,0.75,0.7749403187611663,0.75,0.25,0.8351302380963285,0.26815104992600974,0.0,0.22916666666666666,23.196975938460525,20000456
EDF-Threshold,7.2691186125304785,5,0.4166666666666667,0.397654720627177,0.5833333333333334,0.5833333333333333,0.7938987143604046,0.24981150064837676,0.0,0.2916666666666667,20.31672731973221,20000457
EDF-Threshold,4.065635218565596,3,0.25,0.3109449943305141,0.5833333333333334,0.75,0.814464957347961,0.29326864074135583,0.0,0.2916666666666667,21.421784037400684,20000458
EDF-Threshold,16.14945951682945,10,0.8333333333333334,0.8079937071293773,0.8333333333333334,0.16666666666666663,0.8957555889799599,0.2783364230009248,0.0,0.20833333333333334,25.29630721052967,20000459
EDF-Threshold,17.668074439751436,11,0.9166666666666666,0.8693480665574548,0.9166666666666666,0.08333333333333337,0.848840293164359,0.2518652395903231,0.0,0.16666666666666666,26.094968093822526,20000460
EDF-Threshold,9.664117261040523,6,0.5,0.5634889447946658,0.6666666666666666,0.5,0.8667866714849985,0.30153550507265303,0.0,0.22916666666666666,24.31396452376524,20000461
EDF-Threshold,15.798918534905305,10,0.8333333333333334,0.8160084302700334,0.8333333333333334,0.16666666666666663,0.8660510744590987,0.2782840448499686,0.0,0.20833333333333334,24.876983587683146,20000462
EDF-Threshold,16.4798153681145,10,0.8333333333333334,0.7663019495471216,0.8333333333333334,0.16666666666666663,0.8425002154725346,0.26452994318325457,0.0,0.20833333333333334,24.93825447101394,20000463
EDF-Threshold,12.686947839023706,8,0.6666666666666666,0.6806541951104053,0.75,0.33333333333333337,0.7996223106867656,0.2481667682386822,0.0,0.22916666666666666,23.87701365212139,20000464
EDF-Threshold,12.467041600731164,8,0.6666666666666666,0.7064029553252781,0.6666666666666666,0.33333333333333337,0.8388517658835134,0.23409499796898992,0.0,0.2708333333333333,22.46146445497138,20000465
EDF-Threshold,5.476398185926237,4,0.3333333333333333,0.35538686770191225,0.5833333333333334,0.6666666666666667,0.7634217286772946,0.2420960686008479,0.0,0.2708333333333333,20.485748455204575,20000466
EDF-Threshold,12.295011733190208,8,0.6666666666666666,0.6240691993803587,0.8333333333333334,0.33333333333333337,0.8166980366782912,0.21672842807911108,0.0,0.22916666666666666,24.148137397695105,20000467
EDF-Threshold,15.392630008747934,10,0.8333333333333334,0.757311655821267,0.8333333333333334,0.16666666666666663,0.8151318987355488,0.2411730106657152,0.0,0.22916666666666666,24.646806945353468,20000468
EDF-Threshold,10.646327892091396,7,0.5833333333333334,0.5437105505577261,0.75,0.41666666666666663,0.7988027339432767,0.25394224924348,0.0,0.22916666666666666,22.04411430393762,20000469
EDF-Threshold,15.474764803657088,10,0.8333333333333334,0.9048155916985438,0.8333333333333334,0.16666666666666663,0.8142328365601118,0.26182451664546297,0.0,0.22916666666666666,22.699906369912494,20000470
EDF-Threshold,14.262793111744976,9,0.75,0.7315228740022885,0.75,0.25,0.8679627594505702,0.272157288526913,0.0,0.22916666666666666,23.4427631388227,20000471
EDF-Threshold,14.368915839475378,9,0.75,0.694867098238813,0.75,0.25,0.8391202160328136,0.24151938381982516,0.0,0.25,22.654873976783403,20000472
EDF-Threshold,14.220636612991681,9,0.75,0.7387450463992419,0.8333333333333334,0.25,0.8421757833309628,0.25148685693320566,0.0,0.22916666666666666,22.991276705077595,20000473
EDF-Threshold,13.138750262841203,8,0.6666666666666666,0.670514260112458,0.75,0.33333333333333337,0.8461642739427656,0.2541961225910007,0.0,0.25,23.83915762876673,20000474
EDF-Threshold,8.778302672782656,6,0.5,0.509009805333872,0.6666666666666666,0.5,0.831599068882915,0.29771088593964584,0.0,0.20833333333333334,23.079362959176983,20000475
EDF-Threshold,12.199893568808271,8,0.6666666666666666,0.7090978397716795,0.75,0.33333333333333337,0.7952710089756124,0.2458495358010353,0.0,0.25,22.011166931077117,20000476
EDF-Threshold,12.51424758574465,8,0.6666666666666666,0.6888110331808882,0.6666666666666666,0.33333333333333337,0.8170726924325599,0.2605862208109231,0.0,0.22916666666666666,22.731750463040346,20000477
EDF-Threshold,10.436136463670287,7,0.5833333333333334,0.542069510901533,0.6666666666666666,0.41666666666666663,0.8251196967980476,0.29176612957314624,0.0,0.20833333333333334,23.25804130634267,20000478
EDF-Threshold,7.188207387884258,5,0.4166666666666667,0.38011260492182,0.6666666666666666,0.5833333333333333,0.8105069190977696,0.24368551298229293,0.0,0.25,22.198740378251596,20000479
EDF-Threshold,14.265758731243018,9,0.75,0.65468041776416,0.75,0.25,0.8846854419165723,0.2849419799286994,0.0,0.22916666666666666,23.602600878932414,20000480
EDF-Threshold,17.784289375260915,11,0.9166666666666666,0.8738563680974366,0.9166666666666666,0.08333333333333337,0.8273631032103594,0.20719278534740407,0.0,0.22916666666666666,24.254993047965655,20000481
EDF-Threshold,7.815645361697108,5,0.4166666666666667,0.40662714811148776,0.6666666666666666,0.5833333333333333,0.8270434594567334,0.25403231886807953,0.0,0.2708333333333333,22.41484319723971,20000482
EDF-Threshold,15.707120037872699,10,0.8333333333333334,0.797561472329439,0.8333333333333334,0.16666666666666663,0.8315660099675238,0.2491460057289073,0.0,0.16666666666666666,25.21912415379537,20000483
EDF-Threshold,9.562150250823056,6,0.5,0.4712735882671118,0.6666666666666666,0.5,0.8382837918896119,0.24010614222013982,0.0,0.2916666666666667,22.177480527746717,20000484
EDF-Threshold,11.817147588018898,8,0.6666666666666666,0.5852097652423386,0.6666666666666666,0.33333333333333337,0.7852112335331242,0.2384343222706312,0.0,0.25,20.995482746051437,20000485
EDF-Threshold,14.235933779347283,9,0.75,0.7711447533201752,0.75,0.25,0.8281152709757112,0.27314825055459185,0.0,0.22916666666666666,23.962832571703718,20000486
EDF-Threshold,8.915694234332832,6,0.5,0.4902934675768159,0.6666666666666666,0.5,0.8196382319130328,0.26126440705355497,0.0,0.22916666666666666,22.87662870473738,20000487
EDF-Threshold,9.380470029501177,6,0.5,0.5281342508775182,0.6666666666666666,0.5,0.8253169813870939,0.25469919388823054,0.0,0.25,23.022013747940164,20000488
EDF-Threshold,14.426552485145477,9,0.75,0.7246408674340361,0.75,0.25,0.8148944492091031,0.2698396924263607,0.0,0.22916666666666666,23.013800440587097,20000489
EDF-Threshold,10.75697626180424,7,0.5833333333333334,0.6125697533816611,0.75,0.41666666666666663,0.8252282222535356,0.28113078042840295,0.0,0.25,22.172492665756174,20000490
EDF-Threshold,14.240171285802626,9,0.75,0.6619236587155817,0.75,0.25,0.8290039443524072,0.26759762249309865,0.0,0.25,23.13348088326069,20000491
EDF-Threshold,14.666702579325104,9,0.75,0.7968387402321457,0.75,0.25,0.8568107235978074,0.2716329734330409,0.0,0.25,23.80821204833107,20000492
EDF-Threshold,7.547821370177219,5,0.4166666666666667,0.4497388796413579,0.6666666666666666,0.5833333333333333,0.8186809593750732,0.2568462000410722,0.0,0.2708333333333333,22.31289370834644,20000493
EDF-Threshold,15.553467835039049,10,0.8333333333333334,0.7843826851573477,0.8333333333333334,0.16666666666666663,0.8228274939973637,0.26934144970138524,0.0,0.1875,24.98541504898621,20000494
EDF-Threshold,12.411362404865871,8,0.6666666666666666,0.630428516435735,0.6666666666666666,0.33333333333333337,0.82193892316748,0.24138249948601143,0.0,0.2708333333333333,22.202471540949833,20000495
EDF-Threshold,17.642733026904715,11,0.9166666666666666,0.9352837700605214,0.9166666666666666,0.08333333333333337,0.8358991473718554,0.27752350832568634,0.0,0.16666666666666666,25.48660699861599,20000496
EDF-Threshold,15.640433662816875,10,0.8333333333333334,0.7733172908467292,0.8333333333333334,0.16666666666666663,0.8110255543489643,0.24178333747287817,0.0,0.22916666666666666,22.671577604203694,20000497
EDF-Threshold,7.190724737116519,5,0.4166666666666667,0.34703661212713455,0.6666666666666666,0.5833333333333333,0.8251334583981474,0.22648730343574994,0.0,0.25,22.378147472852284,20000498
EDF-Threshold,9.136378694188389,6,0.5,0.5853142434155703,0.5833333333333334,0.5,0.8020843428108257,0.2550494627308027,0.0,0.2708333333333333,22.06620248525202,20000499
SPT-Periodic,13.96361330682134,9,0.75,0.6017113250689397,0.8333333333333334,0.25,0.8641586997709855,0.2381514946642601,0.0,0.25,23.079026398207382,20000000
SPT-Periodic,14.574684376604518,9,0.75,0.6469203079542605,0.8333333333333334,0.25,0.8677986279314243,0.20681663020510718,0.0,0.25,23.3155200224375,20000001
SPT-Periodic,14.436692092197976,9,0.75,0.6384771204178709,0.8333333333333334,0.25,0.9092092236218634,0.2407669522493534,0.0,0.25,25.388598547631915,20000002
SPT-Periodic,14.22778891959333,9,0.75,0.6314522461303778,0.8333333333333334,0.25,0.8505068839728299,0.2034726581866381,0.0,0.25,24.540881646995206,20000003
SPT-Periodic,15.799048778940833,10,0.8333333333333334,0.7245283874309036,0.8333333333333334,0.16666666666666663,0.8196896554124167,0.17914397652955538,0.0,0.25,23.6606876529345,20000004
SPT-Periodic,10.699833756109884,7,0.5833333333333334,0.4773618121384035,0.75,0.41666666666666663,0.8412976303424141,0.2275752473711463,0.0,0.25,22.323316112449458,20000005
SPT-Periodic,9.099120663986348,6,0.5,0.3800065455010529,0.75,0.5,0.8402575374826787,0.2450621961848133,0.0,0.25,23.563909700098705,20000006
SPT-Periodic,9.996387254539554,7,0.5833333333333334,0.3954788957597975,0.75,0.41666666666666663,0.8258672833731152,0.24299210227748025,0.0,0.25,23.092969578554438,20000007
SPT-Periodic,12.47112047679318,8,0.6666666666666666,0.5558190599760571,0.75,0.33333333333333337,0.7866789768671997,0.23610499916368377,0.0,0.25,22.306733891592895,20000008
SPT-Periodic,10.294222796954864,7,0.5833333333333334,0.4575069473326683,0.75,0.41666666666666663,0.8258982332485935,0.2306340206423383,0.0,0.25,22.692317962098087,20000009
SPT-Periodic,10.646800162293918,7,0.5833333333333334,0.4299865229985015,0.75,0.41666666666666663,0.8292394867964266,0.21234574201941658,0.0,0.25,22.998129076989112,20000010
SPT-Periodic,12.289266867540457,8,0.6666666666666666,0.5472636410289535,0.8333333333333334,0.33333333333333337,0.8556699063559247,0.2028769693897419,0.0,0.25,24.211572897427853,20000011
SPT-Periodic,10.347522505732995,7,0.5833333333333334,0.35796787298085225,0.8333333333333334,0.41666666666666663,0.8743381643976186,0.21789281179432493,0.0,0.25,24.553319701299618,20000012
SPT-Periodic,14.455599232002855,9,0.75,0.6477280711645282,0.8333333333333334,0.25,0.8242687527876313,0.22132878124021957,0.0,0.25,23.556918390901963,20000013
SPT-Periodic,10.814376869767477,7,0.5833333333333334,0.462374473146647,0.8333333333333334,0.41666666666666663,0.8303018078914753,0.23670358070994504,0.0,0.25,23.500063237330842,20000014
SPT-Periodic,14.618177405564781,9,0.75,0.6211692890030405,0.8333333333333334,0.25,0.9113528908245073,0.2300414609418063,0.0,0.25,24.742684661264153,20000015
SPT-Periodic,13.96403132536343,9,0.75,0.6490321286803828,0.8333333333333334,0.25,0.8173141382992316,0.21901145732117802,0.0,0.25,22.652362141913187,20000016
SPT-Periodic,13.758200804321794,9,0.75,0.6411252216206378,0.8333333333333334,0.25,0.8163712802369018,0.22860416080648724,0.0,0.25,24.13443819780287,20000017
SPT-Periodic,10.87088705573182,7,0.5833333333333334,0.5170241704464686,0.6666666666666666,0.41666666666666663,0.8609147616962085,0.27861992886826364,0.0,0.25,23.077334858240278,20000018
SPT-Periodic,14.36258942186095,9,0.75,0.608351961878505,0.8333333333333334,0.25,0.9010656874195281,0.20418727095654857,0.0,0.25,24.516759011283106,20000019
SPT-Periodic,10.41665679897234,7,0.5833333333333334,0.4171760025102818,0.75,0.41666666666666663,0.8515064430179798,0.21810592644855217,0.0,0.25,23.086649744431224,20000020
SPT-Periodic,14.536572307227445,9,0.75,0.64440025454073,0.9166666666666666,0.25,0.8564417402748052,0.17905829675724783,0.0,0.25,24.43372686839341,20000021
SPT-Periodic,14.007871583096618,9,0.75,0.6105712827148457,0.8333333333333334,0.25,0.7959763676974018,0.2015811170536004,0.0,0.25,23.017724824816113,20000022
SPT-Periodic,13.963115452108264,9,0.75,0.6490611342371965,0.75,0.25,0.8274377034398582,0.24045495654205343,0.0,0.25,22.22942032964554,20000023
SPT-Periodic,16.38418002326306,10,0.8333333333333334,0.7508914614568944,0.8333333333333334,0.16666666666666663,0.8869851589222378,0.21117620230723677,0.0,0.25,25.079256591003077,20000024
SPT-Periodic,12.522836608586738,8,0.6666666666666666,0.571809895580389,0.75,0.33333333333333337,0.8305914529472892,0.2585877634411691,0.0,0.25,22.422154345064413,20000025
SPT-Periodic,15.551374771509362,10,0.8333333333333334,0.7205485742193348,0.8333333333333334,0.16666666666666663,0.8635313971057424,0.2188541201252141,0.0,0.25,24.101965372178235,20000026
SPT-Periodic,15.679145463456068,10,0.8333333333333334,0.719780189323428,0.8333333333333334,0.16666666666666663,0.8407139690347941,0.21967484382457605,0.0,0.25,24.104224748730342,20000027
SPT-Periodic,12.42206288989691,8,0.6666666666666666,0.5730692997077445,0.8333333333333334,0.33333333333333337,0.8516093565074764,0.20819571345811838,0.0,0.25,24.07680160555884,20000028
SPT-Periodic,15.372761944065967,10,0.8333333333333334,0.6924306275656229,0.8333333333333334,0.16666666666666663,0.8207461734723802,0.1939986560452569,0.0,0.25,23.402294184904708,20000029
SPT-Periodic,8.496752897590316,6,0.5,0.41142185686345273,0.5833333333333334,0.5,0.7718481450743327,0.2544529075064746,0.0,0.25,21.012889212410887,20000030
SPT-Periodic,12.683128232142955,8,0.6666666666666666,0.5777347623113102,0.75,0.33333333333333337,0.8437077463251023,0.2271902752972589,0.0,0.25,23.154304075876254,20000031
SPT-Periodic,12.548848202137403,8,0.6666666666666666,0.5473832035172643,0.8333333333333334,0.33333333333333337,0.8668460632312089,0.24068185847049595,0.0,0.25,23.865213114219,20000032
SPT-Periodic,12.165336935590176,8,0.6666666666666666,0.5251752056995722,0.75,0.33333333333333337,0.8533854569219231,0.24741932904299935,0.0,0.25,23.576062955201223,20000033
SPT-Periodic,13.845513222947643,9,0.75,0.6181091050882082,0.75,0.25,0.8233313181799343,0.21269291707286075,0.0,0.25,23.121190408059785,20000034
SPT-Periodic,10.132375131219211,7,0.5833333333333334,0.4205469671543944,0.75,0.41666666666666663,0.8339504840880033,0.23107676144233147,0.0,0.25,22.994164838723474,20000035
SPT-Periodic,17.50201685044336,11,0.9166666666666666,0.8312466047947481,0.9166666666666666,0.08333333333333337,0.8605785379311413,0.17118473402109266,0.0,0.25,24.454447306289573,20000036
SPT-Periodic,10.862072655458332,7,0.5833333333333334,0.46935187142784357,0.75,0.41666666666666663,0.8729384983652824,0.24995337049496402,0.0,0.25,23.65926788298345,20000037
SPT-Periodic,14.131200036727897,9,0.75,0.6162550224034812,0.8333333333333334,0.25,0.845841279448383,0.20614036359579754,0.0,0.25,22.883576098705934,20000038
SPT-Periodic,12.615729559934495,8,0.6666666666666666,0.5768457629624708,0.75,0.33333333333333337,0.8421853101406599,0.22324625008721535,0.0,0.25,23.457289932345667,20000039
SPT-Periodic,10.761658057010846,7,0.5833333333333334,0.46934160397852,0.6666666666666666,0.41666666666666663,0.8277864016224251,0.23075279788984404,0.0,0.25,22.25314552892106,20000040
SPT-Periodic,14.6240710692108,9,0.75,0.6080376190668283,0.8333333333333334,0.25,0.8964155909533643,0.2125892109632874,0.0,0.25,25.28182210825381,20000041
SPT-Periodic,14.13483342156533,9,0.75,0.6081084097535643,0.8333333333333334,0.25,0.864685253401006,0.22207976071187652,0.0,0.25,24.221722505693368,20000042
SPT-Periodic,14.339201203974017,9,0.75,0.6384657074234188,0.8333333333333334,0.25,0.8607518019654666,0.19605779344797325,0.0,0.25,23.540556113650567,20000043
SPT-Periodic,9.088234715328763,6,0.5,0.41786684365446153,0.75,0.5,0.8415951029966257,0.24461867899213185,0.0,0.25,22.52109456989021,20000044
SPT-Periodic,12.155648255711345,8,0.6666666666666666,0.5653757598208055,0.6666666666666666,0.33333333333333337,0.7963815522226761,0.24280658584489215,0.0,0.25,22.210623283406374,20000045
SPT-Periodic,12.038397417450195,8,0.6666666666666666,0.5528767093182011,0.75,0.33333333333333337,0.7993652347237706,0.26353234170201895,0.0,0.25,22.75426114902971,20000046
SPT-Periodic,17.765925738361467,11,0.9166666666666666,0.842666004513588,0.9166666666666666,0.08333333333333337,0.8606355885689645,0.181153465293866,0.0,0.25,25.12718819635186,20000047
SPT-Periodic,12.092107018878478,8,0.6666666666666666,0.5542079811039705,0.75,0.33333333333333337,0.8075023260826467,0.23724408607987493,0.0,0.25,22.856514296215455,20000048
SPT-Periodic,15.847294790830407,10,0.8333333333333334,0.7336753465100263,0.8333333333333334,0.16666666666666663,0.844738148948864,0.19956840147232877,0.0,0.25,23.223269936387425,20000049
SPT-Periodic,14.21475195919727,9,0.75,0.5997988631372276,0.8333333333333334,0.25,0.8507321992578886,0.19824718577755193,0.0,0.25,24.368269724879866,20000050
SPT-Periodic,10.847751100090989,7,0.5833333333333334,0.4243953487223561,0.8333333333333334,0.41666666666666663,0.8522555573902294,0.23225653991924577,0.0,0.25,23.95243589824179,20000051
SPT-Periodic,10.958498511309827,7,0.5833333333333334,0.47010090685647676,0.8333333333333334,0.41666666666666663,0.8521886553535856,0.24430268469846175,0.0,0.25,23.724299247459985,20000052
SPT-Periodic,10.672711828902717,7,0.5833333333333334,0.42520048076674494,0.8333333333333334,0.41666666666666663,0.8574500776399022,0.2127928323716479,0.0,0.25,23.648303289323387,20000053
SPT-Periodic,16.186834818407224,10,0.8333333333333334,0.7340783494206271,0.8333333333333334,0.16666666666666663,0.8623084691470092,0.20925217261923312,0.0,0.25,25.26497301768171,20000054
SPT-Periodic,10.686304039657376,7,0.5833333333333334,0.41459790825273696,0.8333333333333334,0.41666666666666663,0.8624370653913164,0.22490664147587291,0.0,0.25,23.533261750125803,20000055
SPT-Periodic,14.139106789902353,9,0.75,0.6235939218659224,0.8333333333333334,0.25,0.8407870284729233,0.21777746726115446,0.0,0.25,24.620792126064,20000056
SPT-Periodic,12.511122993711156,8,0.6666666666666666,0.573463502197883,0.6666666666666666,0.33333333333333337,0.8116277027870455,0.26420994483576865,0.0,0.25,21.517014825021658,20000057
SPT-Periodic,12.227230773614478,8,0.6666666666666666,0.502770912203083,0.8333333333333334,0.33333333333333337,0.8165835418243589,0.2053025553674337,0.0,0.25,22.996586597297473,20000058
SPT-Periodic,10.614967879090154,7,0.5833333333333334,0.47992467866798943,0.6666666666666666,0.41666666666666663,0.8497975364746969,0.2534174747685668,0.0,0.25,22.8569742118161,20000059
SPT-Periodic,12.75005545661712,8,0.6666666666666666,0.4992649438872711,0.8333333333333334,0.33333333333333337,0.8928726239937409,0.20211321001575522,0.0,0.25,23.569880903126688,20000060
SPT-Periodic,10.354095682657045,7,0.5833333333333334,0.4704486589029149,0.6666666666666666,0.41666666666666663,0.8167704851415536,0.25687537818041756,0.0,0.25,22.534549370264223,20000061
SPT-Periodic,12.701160291576183,8,0.6666666666666666,0.536098977284786,0.75,0.33333333333333337,0.8667126118540555,0.24451076813165287,0.0,0.25,23.55077290786731,20000062
SPT-Periodic,10.661849445500495,7,0.5833333333333334,0.4490116384941528,0.75,0.41666666666666663,0.8160125100612398,0.23104271033407064,0.0,0.25,22.05641868934167,20000063
SPT-Periodic,16.59630168187464,10,0.8333333333333334,0.7291995168709376,0.9166666666666666,0.16666666666666663,0.8803247643814164,0.19850388588249565,0.0,0.25,25.093302233114844,20000064
SPT-Periodic,12.029150231568202,8,0.6666666666666666,0.520734078753064,0.75,0.33333333333333337,0.8373607589605797,0.25288491339051017,0.0,0.25,24.207236874464716,20000065
SPT-Periodic,13.160829532144536,8,0.6666666666666666,0.5543647206695951,0.8333333333333334,0.33333333333333337,0.8775534587818031,0.22753412422291505,0.0,0.25,24.42775788161642,20000066
SPT-Periodic,12.647356126044007,8,0.6666666666666666,0.5414671940302918,0.8333333333333334,0.33333333333333337,0.8902404490609257,0.2287848907093785,0.0,0.25,24.037924366057467,20000067
SPT-Periodic,11.118199685606386,7,0.5833333333333334,0.4799909373529035,0.75,0.41666666666666663,0.8403041547593726,0.2298011853584204,0.0,0.25,24.08127946326085,20000068
SPT-Periodic,14.540364273859701,9,0.75,0.6452056351719762,0.9166666666666666,0.25,0.8939626168422151,0.22374076756574124,0.0,0.25,25.030737138019443,20000069
SPT-Periodic,16.543292155409457,10,0.8333333333333334,0.7706288498022952,0.8333333333333334,0.16666666666666663,0.8662149624102643,0.23184410991389112,0.0,0.25,24.02790947753385,20000070
SPT-Periodic,6.585341196820271,5,0.4166666666666667,0.3082891861899211,0.6666666666666666,0.5833333333333333,0.8021777196467482,0.25921223735066307,0.0,0.25,22.159102721093156,20000071
SPT-Periodic,10.941315332151625,7,0.5833333333333334,0.48033504676278904,0.8333333333333334,0.41666666666666663,0.835255440247412,0.1890079513383943,0.0,0.25,23.74782687919371,20000072
SPT-Periodic,14.327704839980438,9,0.75,0.6280029869069115,0.8333333333333334,0.25,0.8319270090467364,0.23296794197388618,0.0,0.25,23.5875094646948,20000073
SPT-Periodic,12.38950718891183,8,0.6666666666666666,0.5656708338106878,0.75,0.33333333333333337,0.8226365111644469,0.22894133411923775,0.0,0.25,23.69394051456609,20000074
SPT-Periodic,10.759243269227149,7,0.5833333333333334,0.4845763218223921,0.6666666666666666,0.41666666666666663,0.8363371751478912,0.2455070216295292,0.0,0.25,22.40720143736453,20000075
SPT-Periodic,10.206006613269738,7,0.5833333333333334,0.44659487954457333,0.6666666666666666,0.41666666666666663,0.8127418557194659,0.2566672654744976,0.0,0.25,23.04156008985583,20000076
SPT-Periodic,12.313691571101488,8,0.6666666666666666,0.5068560293152301,0.8333333333333334,0.33333333333333337,0.8708438595945216,0.21515485852108288,0.0,0.25,24.747784552710346,20000077
SPT-Periodic,14.328573432039626,9,0.75,0.6307861581123722,0.8333333333333334,0.25,0.8270968731289418,0.19359654533044535,0.0,0.25,22.481085284660125,20000078
SPT-Periodic,14.497035163095326,9,0.75,0.626280624426769,0.8333333333333334,0.25,0.8496822025575318,0.20729916058232548,0.0,0.25,23.10989616329978,20000079
SPT-Periodic,12.766834659743475,8,0.6666666666666666,0.5546413241420809,0.75,0.33333333333333337,0.8871576269887685,0.25005331101797484,0.0,0.25,24.531706600649095,20000080
SPT-Periodic,10.404110923201436,7,0.5833333333333334,0.4663476112814673,0.6666666666666666,0.41666666666666663,0.8016592150576903,0.2382526487058206,0.0,0.25,21.22328641133402,20000081
SPT-Periodic,13.066242342376308,8,0.6666666666666666,0.5226233229629815,0.9166666666666666,0.33333333333333337,0.8939360974117538,0.17978719441074986,0.0,0.25,24.874693533499364,20000082
SPT-Periodic,12.41339735892266,8,0.6666666666666666,0.5195404789713137,0.8333333333333334,0.33333333333333337,0.8363333940295794,0.21334383198657056,0.0,0.25,23.169455276137292,20000083
SPT-Periodic,12.045888006042826,8,0.6666666666666666,0.512825268382565,0.75,0.33333333333333337,0.8248237519843663,0.2112711372239974,0.0,0.25,22.691617798221912,20000084
SPT-Periodic,12.764173459461103,8,0.6666666666666666,0.5405680115329962,0.75,0.33333333333333337,0.866889219869646,0.23288003111023645,0.0,0.25,23.463885412638827,20000085
SPT-Periodic,14.218077228822121,9,0.75,0.6438669881794838,0.75,0.25,0.869762690311696,0.23695662159997363,0.0,0.25,23.29275514180816,20000086
SPT-Periodic,12.950173610051143,8,0.6666666666666666,0.5362906636339961,0.8333333333333334,0.33333333333333337,0.8715787779635615,0.2086155675789089,0.0,0.25,24.75559670110698,20000087
SPT-Periodic,11.008415031460862,7,0.5833333333333334,0.44797148091151706,0.75,0.41666666666666663,0.8810923917726846,0.2324391691988521,0.0,0.25,24.874570292715852,20000088
SPT-Periodic,10.612722024860679,7,0.5833333333333334,0.46412806716943933,0.8333333333333334,0.41666666666666663,0.7986869883906834,0.19793381207740093,0.0,0.25,22.536627975843103,20000089
SPT-Periodic,14.144756575385152,9,0.75,0.6452774411945649,0.8333333333333334,0.25,0.8275864540558131,0.22391535249493266,0.0,0.25,23.391684355521324,20000090
SPT-Periodic,15.93666720280027,10,0.8333333333333334,0.756685730290236,0.8333333333333334,0.16666666666666663,0.8387240931392704,0.2395561042790968,0.0,0.25,23.026325392027758,20000091
SPT-Periodic,12.891589270088748,8,0.6666666666666666,0.5531600310880143,0.75,0.33333333333333337,0.8493874859646674,0.2388596362492171,0.0,0.25,22.79022283692761,20000092
SPT-Periodic,13.891658293988261,9,0.75,0.6423491843527291,0.8333333333333334,0.25,0.7959144068976879,0.19072502337611238,0.0,0.25,22.693735875463062,20000093
SPT-Periodic,13.64872956025767,9,0.75,0.6082039164067286,0.8333333333333334,0.25,0.810343202388359,0.22415886453443937,0.0,0.25,23.313409198393057,20000094
SPT-Periodic,8.631902403057127,6,0.5,0.3726002194393058,0.6666666666666666,0.5,0.8376791831120415,0.25984891332732113,0.0,0.25,22.693772607136175,20000095
SPT-Periodic,12.250805406960325,8,0.6666666666666666,0.5020921214023156,0.8333333333333334,0.33333333333333337,0.852192608796097,0.22980697923668628,0.0,0.25,24.064683472139468,20000096
SPT-Periodic,8.948593853529738,6,0.5,0.3704577566823109,0.75,0.5,0.8233311802467461,0.22799668777671211,0.0,0.25,22.553852068928094,20000097
SPT-Periodic,10.78903971456163,7,0.5833333333333334,0.47859064677599616,0.75,0.41666666666666663,0.8560547487861591,0.25255424809532573,0.0,0.25,23.1927026045726,20000098
SPT-Periodic,14.561381458743696,9,0.75,0.6217995880114369,0.8333333333333334,0.25,0.8745868010065555,0.18937146631160387,0.0,0.25,23.718734093415932,20000099
SPT-Periodic,12.64509612032963,8,0.6666666666666666,0.5364880931268018,0.8333333333333334,0.33333333333333337,0.8570258681577076,0.23469419557485596,0.0,0.25,23.61077589460554,20000100
SPT-Periodic,12.473733239082188,8,0.6666666666666666,0.5152016027397901,0.75,0.33333333333333337,0.874438271969443,0.23897119107285344,0.0,0.25,24.06265941280796,20000101
SPT-Periodic,15.50253238344157,10,0.8333333333333334,0.7093639463778918,0.8333333333333334,0.16666666666666663,0.8148095953750563,0.20751029813608643,0.0,0.25,24.507126364373143,20000102
SPT-Periodic,14.467943772535007,9,0.75,0.629470385070222,0.8333333333333334,0.25,0.8314259326947043,0.19881214596215027,0.0,0.25,23.69669664325997,20000103
SPT-Periodic,12.25994396505685,8,0.6666666666666666,0.5288732464796319,0.75,0.33333333333333337,0.821470762369597,0.20732313386145704,0.0,0.25,22.612947524532512,20000104
SPT-Periodic,15.689841712516676,10,0.8333333333333334,0.7015178699506479,0.9166666666666666,0.16666666666666663,0.862793738342505,0.2197974100393659,0.0,0.25,23.581455522878848,20000105
SPT-Periodic,12.582291630740595,8,0.6666666666666666,0.5470484562796436,0.75,0.33333333333333337,0.8381152416067841,0.22070626232595233,0.0,0.25,23.59312278165539,20000106
SPT-Periodic,11.991413863498297,8,0.6666666666666666,0.48491523536495995,0.8333333333333334,0.33333333333333337,0.8467693339342658,0.21461281583763706,0.0,0.25,23.29143866844638,20000107
SPT-Periodic,15.95375241144107,10,0.8333333333333334,0.7250174608140851,0.9166666666666666,0.16666666666666663,0.8615749138140404,0.22081752166147095,0.0,0.25,24.12289906397689,20000108
SPT-Periodic,10.739189665167952,7,0.5833333333333334,0.48604918827162213,0.6666666666666666,0.41666666666666663,0.8077627447884805,0.24672057218749965,0.0,0.25,23.399703101637165,20000109
SPT-Periodic,10.469888188939958,7,0.5833333333333334,0.3923561708466012,0.75,0.41666666666666663,0.8541690512743486,0.22066360656521314,0.0,0.25,23.741420937364765,20000110
SPT-Periodic,12.76857151437675,8,0.6666666666666666,0.5391461306701056,0.8333333333333334,0.33333333333333337,0.8306600036286911,0.20967449658752102,0.0,0.25,23.52074442353477,20000111
SPT-Periodic,13.373905598815979,8,0.6666666666666666,0.6026833743222103,0.75,0.33333333333333337,0.8875903493693418,0.2656357714028515,0.0,0.25,23.982040989749184,20000112
SPT-Periodic,13.949866710806745,9,0.75,0.6115289567066617,0.8333333333333334,0.25,0.809612485965323,0.18449957340536197,0.0,0.25,23.19166063317579,20000113
SPT-Periodic,10.596624365467642,7,0.5833333333333334,0.45919812937645926,0.75,0.41666666666666663,0.7961057443052096,0.23060335634767756,0.0,0.25,21.73968836404365,20000114
SPT-Periodic,12.535013394167446,8,0.6666666666666666,0.5438594385055008,0.75,0.33333333333333337,0.8607789611792643,0.24170574729688185,0.0,0.25,24.31616969475359,20000115
SPT-Periodic,14.612332259039752,9,0.75,0.6526001735421054,0.9166666666666666,0.25,0.8592692315915024,0.21728995765105386,0.0,0.25,25.103504362391217,20000116
SPT-Periodic,13.932560356481742,9,0.75,0.6317798534192037,0.8333333333333334,0.25,0.8247306161504309,0.23120052275068811,0.0,0.25,23.686896799692544,20000117
SPT-Periodic,13.935135103878146,9,0.75,0.6158576616612064,0.75,0.25,0.8370082509415419,0.21883069699637003,0.0,0.25,22.99856522677888,20000118
SPT-Periodic,14.690748294392982,9,0.75,0.6608535575830475,0.75,0.25,0.841132987369186,0.2313741116564918,0.0,0.25,24.295067326995085,20000119
SPT-Periodic,13.01289096012636,8,0.6666666666666666,0.5454477129649112,0.8333333333333334,0.33333333333333337,0.8664076173797248,0.2373819556164165,0.0,0.25,24.764413015643576,20000120
SPT-Periodic,10.265898214314289,7,0.5833333333333334,0.48204427401468103,0.6666666666666666,0.41666666666666663,0.7706875619447847,0.2517899176376572,0.0,0.25,21.461463511119668,20000121
SPT-Periodic,12.333448574851628,8,0.6666666666666666,0.5733790662262425,0.75,0.33333333333333337,0.8081834138590199,0.22155877799329074,0.0,0.25,21.896900620680462,20000122
SPT-Periodic,12.146840875408198,8,0.6666666666666666,0.5389681916094111,0.8333333333333334,0.33333333333333337,0.8572770367080862,0.21860654389668874,0.0,0.25,24.249339168023848,20000123
SPT-Periodic,11.954666444380297,8,0.6666666666666666,0.4811746850221312,0.8333333333333334,0.33333333333333337,0.8567741829935555,0.2099766847860971,0.0,0.25,23.10227626121923,20000124
SPT-Periodic,10.630677651305435,7,0.5833333333333334,0.4235566030756823,0.8333333333333334,0.41666666666666663,0.8576450423071881,0.20211480436075271,0.0,0.25,22.89185012569673,20000125
SPT-Periodic,12.118210253679585,8,0.6666666666666666,0.5795718314350314,0.6666666666666666,0.33333333333333337,0.7981403000677317,0.25121433853511393,0.0,0.25,21.79545232213104,20000126
SPT-Periodic,10.909661115704164,7,0.5833333333333334,0.46950071682809574,0.75,0.41666666666666663,0.8528375688905735,0.2200352781708359,0.0,0.25,23.969988849221227,20000127
SPT-Periodic,12.013652613494056,8,0.6666666666666666,0.5257906179464193,0.8333333333333334,0.33333333333333337,0.8101263034254976,0.20939843997817018,0.0,0.25,22.13152744859416,20000128
SPT-Periodic,13.91730230273096,9,0.75,0.6373163998774446,0.75,0.25,0.8202328257194074,0.21793201033097467,0.0,0.25,22.214658493319092,20000129
SPT-Periodic,14.070179114746212,9,0.75,0.6183937184474196,0.8333333333333334,0.25,0.8486697311367463,0.2251198061291638,0.0,0.25,23.041418047961045,20000130
SPT-Periodic,12.852798527393338,8,0.6666666666666666,0.5766504232650289,0.75,0.33333333333333337,0.8428581153455298,0.23635398601650284,0.0,0.25,23.89092274462408,20000131
SPT-Periodic,9.187657472026995,6,0.5,0.35719617017956334,0.8333333333333334,0.5,0.8253014051674161,0.2027679536212517,0.0,0.25,23.173368065422885,20000132
SPT-Periodic,12.363895328479929,8,0.6666666666666666,0.5221494449800695,0.8333333333333334,0.33333333333333337,0.8574394224650969,0.1850254384357207,0.0,0.25,22.647778831992525,20000133
SPT-Periodic,14.250392652869502,9,0.75,0.6267089652420056,0.8333333333333334,0.25,0.8295360078565027,0.20589625743427353,0.0,0.25,23.14695760771606,20000134
SPT-Periodic,11.08593496749181,7,0.5833333333333334,0.4289446591570971,0.8333333333333334,0.41666666666666663,0.9060223772944141,0.2335469334825667,0.0,0.25,23.712472880807965,20000135
SPT-Periodic,12.049109468850206,8,0.6666666666666666,0.5179622587634923,0.75,0.33333333333333337,0.853890333208669,0.21517255811062852,0.0,0.25,22.486033729905746,20000136
SPT-Periodic,12.085925693522217,8,0.6666666666666666,0.5260841058014216,0.75,0.33333333333333337,0.8420363254400739,0.2144573572285966,0.0,0.25,21.914738472400007,20000137
SPT-Periodic,12.221193789011673,8,0.6666666666666666,0.5517000540450726,0.75,0.33333333333333337,0.8092404244821302,0.23776029787156297,0.0,0.25,23.461614817292812,20000138
SPT-Periodic,10.195780087270908,7,0.5833333333333334,0.44317546772749244,0.75,0.41666666666666663,0.8040553674042091,0.20926288004684765,0.0,0.25,22.37535048842506,20000139
SPT-Periodic,13.914672502403972,9,0.75,0.5820700824771015,0.9166666666666666,0.25,0.8383257660606208,0.1810968239047296,0.0,0.25,24.228198894850852,20000140
SPT-Periodic,10.927752678779886,7,0.5833333333333334,0.45427491619477,0.75,0.41666666666666663,0.8459104190375992,0.2332967638910398,0.0,0.25,24.83067572581035,20000141
SPT-Periodic,10.2247885560849,7,0.5833333333333334,0.43309645782445577,0.75,0.41666666666666663,0.7994579654569515,0.23280595530028766,0.0,0.25,22.410100610085504,20000142
SPT-Periodic,10.633647649333897,7,0.5833333333333334,0.47645403458563856,0.6666666666666666,0.41666666666666663,0.8081251430169005,0.24127272398289415,0.0,0.25,22.154576877978844,20000143
SPT-Periodic,16.151526822058397,10,0.8333333333333334,0.7526510246969337,0.8333333333333334,0.16666666666666663,0.8656084437399807,0.219060407636647,0.0,0.25,24.130358796804888,20000144
SPT-Periodic,12.433884877109833,8,0.6666666666666666,0.5487994752526367,0.8333333333333334,0.33333333333333337,0.8482340991106031,0.2269649648011016,0.0,0.25,23.675555983822846,20000145
SPT-Periodic,12.56205095811283,8,0.6666666666666666,0.5509572840261097,0.75,0.33333333333333337,0.8187529655915432,0.21023928842941744,0.0,0.25,22.811828643999004,20000146
SPT-Periodic,13.819725822382459,9,0.75,0.5885938059686346,0.8333333333333334,0.25,0.8071785172184541,0.2035920170044141,0.0,0.25,23.298417488718954,20000147
SPT-Periodic,14.738995066582453,9,0.75,0.6591435087674017,0.8333333333333334,0.25,0.8297797414270853,0.22656679258148035,0.0,0.25,24.372866013119086,20000148
SPT-Periodic,12.368377651405732,8,0.6666666666666666,0.5245171277167621,0.75,0.33333333333333337,0.8868110194157955,0.2248186560650491,0.0,0.25,23.217808310379553,20000149
SPT-Periodic,14.197377388981664,9,0.75,0.6463846667032761,0.8333333333333334,0.25,0.8205331387800349,0.20386908771518228,0.0,0.25,22.32638518908902,20000150
SPT-Periodic,12.161280995548763,8,0.6666666666666666,0.5099611516378894,0.8333333333333334,0.33333333333333337,0.8528847904919935,0.20043603427387813,0.0,0.25,23.55626033688018,20000151
SPT-Periodic,12.482387924195413,8,0.6666666666666666,0.5647825825943751,0.75,0.33333333333333337,0.8196599824134152,0.2405419495471269,0.0,0.25,22.60702471964896,20000152
SPT-Periodic,12.792576688020729,8,0.6666666666666666,0.5667183265674959,0.8333333333333334,0.33333333333333337,0.8657378386561422,0.21904295141968,0.0,0.25,24.800661513348707,20000153
SPT-Periodic,14.537950800358786,9,0.75,0.6578766834710849,0.8333333333333334,0.25,0.9001400117431428,0.2275775465054379,0.0,0.25,25.249656793452896,20000154
SPT-Periodic,12.119254474249031,8,0.6666666666666666,0.509414760235153,0.75,0.33333333333333337,0.8112610497560193,0.19978437070088761,0.0,0.25,23.426246612882448,20000155
SPT-Periodic,12.16372068744536,8,0.6666666666666666,0.5414400225501935,0.75,0.33333333333333337,0.8391133254077965,0.24771107280306395,0.0,0.25,23.153949005237447,20000156
SPT-Periodic,9.140260702483845,6,0.5,0.34957824611345156,0.8333333333333334,0.5,0.8715929949018445,0.22675931233379362,0.0,0.25,24.355607354979426,20000157
SPT-Periodic,14.426945957296095,9,0.75,0.6466007077789718,0.75,0.25,0.875975314857162,0.22288570361293314,0.0,0.25,23.54179265496887,20000158
SPT-Periodic,8.476345353532222,6,0.5,0.34339425089119563,0.6666666666666666,0.5,0.8235463709744227,0.22776682080825342,0.0,0.25,22.13015366305423,20000159
SPT-Periodic,10.385794272537272,7,0.5833333333333334,0.3815027243115575,0.8333333333333334,0.41666666666666663,0.8429219458375524,0.21842234376084538,0.0,0.25,24.804712551295133,20000160
SPT-Periodic,13.884914957040637,9,0.75,0.5745665090385498,0.8333333333333334,0.25,0.8476928197799841,0.17842320378145934,0.0,0.25,22.29450652700247,20000161
SPT-Periodic,12.530601178214557,8,0.6666666666666666,0.5691130925991505,0.75,0.33333333333333337,0.8110777729769006,0.24325817720565449,0.0,0.25,22.138123027287502,20000162
SPT-Periodic,14.099396059279748,9,0.75,0.6466477715650437,0.75,0.25,0.837227551526284,0.21566811402163635,0.0,0.25,23.44237724886624,20000163
SPT-Periodic,12.599841648476625,8,0.6666666666666666,0.5721724402323674,0.6666666666666666,0.33333333333333337,0.841423667429147,0.24433612691569664,0.0,0.25,22.896325807618815,20000164
SPT-Periodic,15.581198066208792,10,0.8333333333333334,0.7309865993127908,0.8333333333333334,0.16666666666666663,0.8706371478642536,0.22585682285765749,0.0,0.25,23.491242871613025,20000165
SPT-Periodic,10.523254389054353,7,0.5833333333333334,0.4641648630083144,0.75,0.41666666666666663,0.8745199666647565,0.24218268850013672,0.0,0.25,22.89375973020726,20000166
SPT-Periodic,13.780382994200266,9,0.75,0.586631542442043,0.8333333333333334,0.25,0.8366601849511651,0.1839196417353343,0.0,0.25,23.817647295419516,20000167
SPT-Periodic,12.005330192803916,8,0.6666666666666666,0.514592866181199,0.75,0.33333333333333337,0.8049940874617943,0.2366380474363611,0.0,0.25,23.74433007451511,20000168
SPT-Periodic,13.987174462965221,9,0.75,0.6030741194638038,0.8333333333333334,0.25,0.8573179277970899,0.22982361023397183,0.0,0.25,23.61807018906846,20000169
SPT-Periodic,10.70635047323981,7,0.5833333333333334,0.45728338402958146,0.75,0.41666666666666663,0.82876184107121,0.2279808184428721,0.0,0.25,23.941567959506294,20000170
SPT-Periodic,12.2748376592522,8,0.6666666666666666,0.5026601275792846,0.8333333333333334,0.33333333333333337,0.8528144085676113,0.20310155506028893,0.0,0.25,24.142869988398793,20000171
SPT-Periodic,15.899632978697987,10,0.8333333333333334,0.7729512789821454,0.8333333333333334,0.16666666666666663,0.8733821146354016,0.23222817878785093,0.0,0.25,23.81235657396913,20000172
SPT-Periodic,16.586616378748822,10,0.8333333333333334,0.7387637415692566,0.8333333333333334,0.16666666666666663,0.8650282188271353,0.2205341253496226,0.0,0.25,24.45295095609907,20000173
SPT-Periodic,16.430502903903154,10,0.8333333333333334,0.7505931139326821,0.8333333333333334,0.16666666666666663,0.8860180244764176,0.22131519295150004,0.0,0.25,24.700139249463827,20000174
SPT-Periodic,8.696462588084932,6,0.5,0.34225766407888053,0.8333333333333334,0.5,0.7977136058008062,0.2235633196276933,0.0,0.25,23.283261735037957,20000175
SPT-Periodic,12.42667047818828,8,0.6666666666666666,0.5000556585550514,0.8333333333333334,0.33333333333333337,0.85478398323617,0.21246397616568294,0.0,0.25,23.559859223360867,20000176
SPT-Periodic,11.118133757713398,7,0.5833333333333334,0.45942147757670687,0.8333333333333334,0.41666666666666663,0.8642963635748174,0.20852908395262207,0.0,0.25,23.797420119288063,20000177
SPT-Periodic,14.664672260269379,9,0.75,0.6468805938164494,0.8333333333333334,0.25,0.862001300284034,0.22896531263030298,0.0,0.25,24.45293299257167,20000178
SPT-Periodic,12.927131931190575,8,0.6666666666666666,0.5379808867540236,0.8333333333333334,0.33333333333333337,0.858052765927587,0.2143230761176463,0.0,0.25,23.832789527652153,20000179
SPT-Periodic,13.023418301177921,8,0.6666666666666666,0.6088727276197684,0.75,0.33333333333333337,0.8322181774626886,0.243064699387444,0.0,0.25,23.81414226769486,20000180
SPT-Periodic,12.408737937554903,8,0.6666666666666666,0.43897727636754347,0.9166666666666666,0.33333333333333337,0.8800892531875965,0.1976179492245377,0.0,0.25,25.338210987796657,20000181
SPT-Periodic,14.493836641003977,9,0.75,0.6666221701480307,0.75,0.25,0.8476986735674626,0.2426108299432109,0.0,0.25,23.55730440054313,20000182
SPT-Periodic,10.221229800066672,7,0.5833333333333334,0.4453141411369856,0.6666666666666666,0.41666666666666663,0.7987781538097863,0.23642306191207044,0.0,0.25,22.283672113529274,20000183
SPT-Periodic,11.769011763659453,8,0.6666666666666666,0.5022269357623534,0.75,0.33333333333333337,0.8121938452926143,0.2143675410782632,0.0,0.25,22.31921656285306,20000184
SPT-Periodic,14.248543527616615,9,0.75,0.5987364907525622,0.8333333333333334,0.25,0.8599837488551249,0.2141252057053403,0.0,0.25,24.222748270929458,20000185
SPT-Periodic,12.563391523377781,8,0.6666666666666666,0.5167171165644073,0.8333333333333334,0.33333333333333337,0.8520824239142861,0.18496718128239145,0.0,0.25,24.063840777431647,20000186
SPT-Periodic,13.010913210030461,8,0.6666666666666666,0.5681454699773176,0.75,0.33333333333333337,0.8476157850271712,0.24900149631643842,0.0,0.25,23.257502913342737,20000187
SPT-Periodic,12.669558949566053,8,0.6666666666666666,0.5356677418740958,0.8333333333333334,0.33333333333333337,0.8820484658796888,0.2320460941363552,0.0,0.25,23.850845399158565,20000188
SPT-Periodic,10.34840271573914,7,0.5833333333333334,0.43420849706681097,0.75,0.41666666666666663,0.805726443686121,0.2193634221553474,0.0,0.25,23.286157166896988,20000189
SPT-Periodic,14.132135951711106,9,0.75,0.6484893866078645,0.8333333333333334,0.25,0.8644426020332346,0.24597070819125,0.0,0.25,23.65007994045669,20000190
SPT-Periodic,17.233803187266975,11,0.9166666666666666,0.8799199407730612,1.0,0.08333333333333337,0.8719309105455023,0.16407075643425678,0.0,0.3125,22.64249914146598,20000191
SPT-Periodic,14.438258439312785,9,0.75,0.6526739234919968,0.8333333333333334,0.25,0.879697406811811,0.2339984750174617,0.0,0.25,25.31069621099387,20000192
SPT-Periodic,15.066876450778938,9,0.75,0.6401973228041811,0.8333333333333334,0.25,0.8934067088894011,0.21828800188879308,0.0,0.25,24.989221903643507,20000193
SPT-Periodic,12.340560388555343,8,0.6666666666666666,0.5375496919305152,0.75,0.33333333333333337,0.8436237442173399,0.2499659850907685,0.0,0.25,22.86135643619661,20000194
SPT-Periodic,8.636390341889129,6,0.5,0.3528356416116214,0.75,0.5,0.8297546520713622,0.23998692172454014,0.0,0.25,22.206926943787124,20000195
SPT-Periodic,16.484726097680156,10,0.8333333333333334,0.7377106688030575,0.8333333333333334,0.16666666666666663,0.8781858130626855,0.2108002638830562,0.0,0.25,24.58339849833842,20000196
SPT-Periodic,11.35367571106658,7,0.5833333333333334,0.473332700871016,0.8333333333333334,0.41666666666666663,0.8412651233931706,0.2197313015172775,0.0,0.25,24.5109718442595,20000197
SPT-Periodic,10.136558644077818,7,0.5833333333333334,0.3932104668960003,0.75,0.41666666666666663,0.8258421092944799,0.21123212246821885,0.0,0.25,23.078206602590193,20000198
SPT-Periodic,12.367757104021988,8,0.6666666666666666,0.5513931061653511,0.75,0.33333333333333337,0.8262642095898145,0.2361498951867038,0.0,0.25,22.422706534521264,20000199
SPT-Periodic,12.85249867609162,8,0.6666666666666666,0.5224494098786973,0.8333333333333334,0.33333333333333337,0.870093184497036,0.22782347258180682,0.0,0.25,23.996634421853944,20000200
SPT-Periodic,12.555092483200074,8,0.6666666666666666,0.5407624922303051,0.75,0.33333333333333337,0.8117552847881235,0.22892067482469,0.0,0.25,22.77671788519828,20000201
SPT-Periodic,13.939545665168986,9,0.75,0.6289401140908646,0.75,0.25,0.8532407810151986,0.24219073005226757,0.0,0.25,23.56366820186223,20000202
SPT-Periodic,15.960331191382734,10,0.8333333333333334,0.6965775822443484,0.9166666666666666,0.16666666666666663,0.8670658360807577,0.21330809094513,0.0,0.25,24.21888205564537,20000203
SPT-Periodic,10.740955018770238,7,0.5833333333333334,0.46556144957815865,0.75,0.41666666666666663,0.8193712427506769,0.21606796516184223,0.0,0.25,23.780296738547943,20000204
SPT-Periodic,12.615506863160707,8,0.6666666666666666,0.5483853613674355,0.8333333333333334,0.33333333333333337,0.8683737161553996,0.19198110288185155,0.0,0.25,24.648518015561336,20000205
SPT-Periodic,10.709565043436921,7,0.5833333333333334,0.43049251308437086,0.75,0.41666666666666663,0.8267292089586747,0.2443332847952875,0.0,0.25,22.6982096368478,20000206
SPT-Periodic,9.122002381921122,6,0.5,0.3949894033398009,0.75,0.5,0.819219445810942,0.2436088151355188,0.0,0.25,22.83431388323336,20000207
SPT-Periodic,10.936832775386481,7,0.5833333333333334,0.4611858378825413,0.75,0.41666666666666663,0.8490630616178706,0.2215262361429895,0.0,0.25,23.214633722091087,20000208
SPT-Periodic,14.61769036172245,9,0.75,0.6357340313044381,0.75,0.25,0.8645598219878137,0.20750937716569262,0.0,0.25,23.233685354892653,20000209
SPT-Periodic,16.277045902224575,10,0.8333333333333334,0.7375494036877712,0.9166666666666666,0.16666666666666663,0.8742449467216336,0.18339823510589312,0.0,0.25,23.78814258229435,20000210
SPT-Periodic,12.139710771879962,8,0.6666666666666666,0.522142212652532,0.8333333333333334,0.33333333333333337,0.7963118965146179,0.20803533316813416,0.0,0.25,22.915277652885635,20000211
SPT-Periodic,14.106743386831797,9,0.75,0.6286045128169919,0.8333333333333334,0.25,0.8548241540205904,0.18895833663105788,0.0,0.25,24.19357499430507,20000212
SPT-Periodic,12.573772649824399,8,0.6666666666666666,0.5238120440239592,0.8333333333333334,0.33333333333333337,0.8613363956135892,0.20645320122119779,0.0,0.25,23.42128419146428,20000213
SPT-Periodic,9.931253241669609,7,0.5833333333333334,0.47235253432865104,0.6666666666666666,0.41666666666666663,0.7795338432131697,0.245340488280674,0.0,0.25,21.142315143395713,20000214
SPT-Periodic,12.755086237100402,8,0.6666666666666666,0.5841100849573893,0.75,0.33333333333333337,0.8759772301644366,0.25750965742123005,0.0,0.25,23.480601894226766,20000215
SPT-Periodic,14.113446916469245,9,0.75,0.5918745476773327,0.8333333333333334,0.25,0.8340454746297375,0.19313533180868805,0.0,0.25,22.796594659530243,20000216
SPT-Periodic,14.656076708705314,9,0.75,0.6190130503429747,0.9166666666666666,0.25,0.8929123413016645,0.19898256345619145,0.0,0.25,25.273200803970898,20000217
SPT-Periodic,13.486596901825237,9,0.75,0.6304622921361271,0.8333333333333334,0.25,0.8077775081164115,0.22649765784258546,0.0,0.25,23.700983504769543,20000218
SPT-Periodic,13.899892511766781,9,0.75,0.6333585322831328,0.8333333333333334,0.25,0.8150231075531796,0.22137950410100693,0.0,0.25,22.8035272079522,20000219
SPT-Periodic,14.166401589608036,9,0.75,0.6303731074305181,0.8333333333333334,0.25,0.811736864399748,0.18992996285243888,0.0,0.25,22.897313715439804,20000220
SPT-Periodic,16.47490042350177,10,0.8333333333333334,0.7218004764800148,0.9166666666666666,0.16666666666666663,0.8742084684215419,0.19233961199478963,0.0,0.25,24.74007803139891,20000221
SPT-Periodic,15.751399121273264,10,0.8333333333333334,0.7102812626362262,0.8333333333333334,0.16666666666666663,0.8412116492309932,0.22092818079568288,0.0,0.25,23.892725982592548,20000222
SPT-Periodic,15.673483889044807,10,0.8333333333333334,0.7068713477618151,0.8333333333333334,0.16666666666666663,0.864454212230591,0.22321884948792414,0.0,0.25,23.516999715128687,20000223
SPT-Periodic,12.938421946628203,8,0.6666666666666666,0.5405422606666327,0.8333333333333334,0.33333333333333337,0.8465826339746503,0.20900906144157505,0.0,0.25,23.74121183878527,20000224
SPT-Periodic,12.27978880157661,8,0.6666666666666666,0.5283608538840602,0.8333333333333334,0.33333333333333337,0.8801728189846122,0.23007094296810462,0.0,0.25,24.650225980714087,20000225
SPT-Periodic,11.053866888550626,7,0.5833333333333334,0.4714793777931263,0.75,0.41666666666666663,0.8591231474440137,0.21727638660808624,0.0,0.25,23.10685621665153,20000226
SPT-Periodic,12.331404488304567,8,0.6666666666666666,0.48772766678675045,0.8333333333333334,0.33333333333333337,0.8709811804785078,0.1903224767552322,0.0,0.25,24.16417505641803,20000227
SPT-Periodic,10.340424282692277,7,0.5833333333333334,0.38225299114328604,0.8333333333333334,0.41666666666666663,0.8522074194824127,0.2160684660347596,0.0,0.25,23.047309511199053,20000228
SPT-Periodic,13.16976170250588,8,0.6666666666666666,0.573464216035302,0.75,0.33333333333333337,0.8912628841293371,0.2270046378416569,0.0,0.25,25.338941854612095,20000229
SPT-Periodic,14.910885475901809,9,0.75,0.6703448428519808,0.8333333333333334,0.25,0.8702862620141586,0.22356205196845902,0.0,0.25,24.27462424343199,20000230
SPT-Periodic,13.95919456660892,9,0.75,0.5795020728579287,0.8333333333333334,0.25,0.8678370932727959,0.2226239904956326,0.0,0.25,22.20232417213609,20000231
SPT-Periodic,8.76440415951741,6,0.5,0.3411175607829932,0.75,0.5,0.791711305155481,0.22239556345608436,0.0,0.25,22.033132812393667,20000232
SPT-Periodic,12.440513507937519,8,0.6666666666666666,0.5660295869074918,0.75,0.33333333333333337,0.8084609315790847,0.21918317065862647,0.0,0.25,23.412527115006455,20000233
SPT-Periodic,10.149559797441546,7,0.5833333333333334,0.4408480798636203,0.6666666666666666,0.41666666666666663,0.7844040315989612,0.2138235944228577,0.0,0.25,21.76296996396257,20000234
SPT-Periodic,13.446568526280853,9,0.75,0.6064033237738624,0.8333333333333334,0.25,0.7895849085187678,0.19987740816734653,0.0,0.25,22.163093578806865,20000235
SPT-Periodic,16.183393039521356,10,0.8333333333333334,0.7179037540308906,0.8333333333333334,0.16666666666666663,0.8942684785936863,0.19754296920508452,0.0,0.25,24.843473596904744,20000236
SPT-Periodic,11.369124841520142,7,0.5833333333333334,0.49335464568672455,0.75,0.41666666666666663,0.8594779101161301,0.25389802153781055,0.0,0.25,24.49688871764459,20000237
SPT-Periodic,10.635792362476465,7,0.5833333333333334,0.4367439551612155,0.75,0.41666666666666663,0.8718221944398019,0.2403245391924452,0.0,0.25,24.42590605216267,20000238
SPT-Periodic,12.917379832094207,8,0.6666666666666666,0.5773742105912917,0.75,0.33333333333333337,0.8772205026977411,0.25192780198747916,0.0,0.25,25.48202761869959,20000239
SPT-Periodic,10.355774594656268,7,0.5833333333333334,0.49422187565533876,0.6666666666666666,0.41666666666666663,0.8316125485804676,0.26652568290182477,0.0,0.25,22.5121535144642,20000240
SPT-Periodic,14.32687794005071,9,0.75,0.6427960893343622,0.75,0.25,0.8527859515070223,0.24856782289390575,0.0,0.25,23.749185976633022,20000241
SPT-Periodic,15.541707812300295,10,0.8333333333333334,0.7069423976254863,0.9166666666666666,0.16666666666666663,0.8831658326102815,0.18075595113146345,0.0,0.25,23.74017124848247,20000242
SPT-Periodic,10.689390944728807,7,0.5833333333333334,0.5069842540631317,0.6666666666666666,0.41666666666666663,0.8200151637227755,0.2498447205270127,0.0,0.25,23.184717095579337,20000243
SPT-Periodic,12.961868634776241,8,0.6666666666666666,0.5529812455929882,0.8333333333333334,0.33333333333333337,0.8855413188363798,0.19943199760021066,0.0,0.25,23.56212369230153,20000244
SPT-Periodic,14.801324832027271,9,0.75,0.6494138720235546,0.8333333333333334,0.25,0.8573100977737343,0.2234994846830984,0.0,0.25,24.308615190530926,20000245
SPT-Periodic,16.093319208614343,10,0.8333333333333334,0.7281419856309699,0.8333333333333334,0.16666666666666663,0.8900964947355211,0.21829461025149569,0.0,0.25,25.237815230747177,20000246
SPT-Periodic,12.535736782612027,8,0.6666666666666666,0.5043811318957931,0.8333333333333334,0.33333333333333337,0.875992027093992,0.22077295959507917,0.0,0.25,24.076177094939975,20000247
SPT-Periodic,18.295521092723362,11,0.9166666666666666,0.8376366606270177,1.0,0.08333333333333337,0.9044472935747835,0.18724754010931224,0.0,0.25,26.238197091334296,20000248
SPT-Periodic,10.58761827401527,7,0.5833333333333334,0.45318205207818024,0.75,0.41666666666666663,0.8671240251651509,0.252056377175667,0.0,0.25,24.105893039280257,20000249
SPT-Periodic,15.840207778729338,10,0.8333333333333334,0.6965656247409149,0.8333333333333334,0.16666666666666663,0.8800088111737869,0.19640176938722334,0.0,0.25,24.180206185022318,20000250
SPT-Periodic,16.253011914160485,10,0.8333333333333334,0.7363951948129355,0.8333333333333334,0.16666666666666663,0.866597737314653,0.20566683916832398,0.0,0.25,23.331107319450716,20000251
SPT-Periodic,14.184771476727066,9,0.75,0.6276558897266921,0.8333333333333334,0.25,0.8673410435599637,0.20776952049485783,0.0,0.25,24.874964416028547,20000252
SPT-Periodic,14.462611443633094,9,0.75,0.6403386472121143,0.75,0.25,0.8251272428314866,0.2131908133196041,0.0,0.25,22.927737821200992,20000253
SPT-Periodic,14.134816958540695,9,0.75,0.6380048724411231,0.75,0.25,0.8794667152712797,0.24806916222801514,0.0,0.25,23.35388519946633,20000254
SPT-Periodic,14.624632525691254,9,0.75,0.6829389900107516,0.75,0.25,0.8236622263653328,0.24741793840051884,0.0,0.25,23.461720253303408,20000255
SPT-Periodic,14.744140341552194,9,0.75,0.6500547943782249,0.75,0.25,0.8674984220562022,0.2288354451133349,0.0,0.25,24.32496998712706,20000256
SPT-Periodic,10.213875549313123,7,0.5833333333333334,0.44797318873789316,0.75,0.41666666666666663,0.8257241619036045,0.22483303038519262,0.0,0.25,22.22441250718631,20000257
SPT-Periodic,11.687940720633197,8,0.6666666666666666,0.5213485692422876,0.75,0.33333333333333337,0.8172214011739811,0.22477087011704847,0.0,0.25,22.234752575719963,20000258
SPT-Periodic,10.220786799428202,7,0.5833333333333334,0.4489010256083208,0.75,0.41666666666666663,0.8316455162048001,0.23811907573106952,0.0,0.25,23.188426173410733,20000259
SPT-Periodic,10.70414028525342,7,0.5833333333333334,0.50793887816446,0.6666666666666666,0.41666666666666663,0.8386477710160388,0.2599700422386919,0.0,0.25,23.177330540637335,20000260
SPT-Periodic,13.007180137683559,8,0.6666666666666666,0.5712003675068265,0.75,0.33333333333333337,0.8740774446088393,0.2860201483002965,0.0,0.25,24.592314114140212,20000261
SPT-Periodic,12.32994093153129,8,0.6666666666666666,0.5421598918481275,0.75,0.33333333333333337,0.8759601453993308,0.2467709938701772,0.0,0.25,23.193372491074427,20000262
SPT-Periodic,14.351214059472364,9,0.75,0.6142297795905366,0.9166666666666666,0.25,0.8436632531547086,0.1776879373466919,0.0,0.25,23.623954408326618,20000263
SPT-Periodic,12.419025256389903,8,0.6666666666666666,0.5184666437872427,0.75,0.33333333333333337,0.8487117669178942,0.2221213522052651,0.0,0.25,22.441150555618464,20000264
SPT-Periodic,15.718246603995716,10,0.8333333333333334,0.7343364800027677,0.9166666666666666,0.16666666666666663,0.8070758449129611,0.17646660609948775,0.0,0.25,22.741301901691976,20000265
SPT-Periodic,17.79327096296114,11,0.9166666666666666,0.8415438397068952,0.9166666666666666,0.08333333333333337,0.8672449162516562,0.22566321781664248,0.0,0.25,24.242155639982407,20000266
SPT-Periodic,12.660892900839542,8,0.6666666666666666,0.5818682535093879,0.6666666666666666,0.33333333333333337,0.8349871223203374,0.2557251069484117,0.0,0.25,22.250492872489218,20000267
SPT-Periodic,12.32298006049177,8,0.6666666666666666,0.5377000072591075,0.75,0.33333333333333337,0.8323491626405858,0.23691480173095947,0.0,0.25,24.157790306102008,20000268
SPT-Periodic,15.086157387496629,9,0.75,0.6475751487256022,0.8333333333333334,0.25,0.8833813244932628,0.22172842316670707,0.0,0.25,24.706678850246334,20000269
SPT-Periodic,12.380386568703448,8,0.6666666666666666,0.49152758977982214,0.8333333333333334,0.33333333333333337,0.8389141960741995,0.1962101183650793,0.0,0.25,23.48111834071169,20000270
SPT-Periodic,14.626965028709034,9,0.75,0.6636171711521411,0.8333333333333334,0.25,0.8564950872426692,0.22228875622643676,0.0,0.25,24.32568643501658,20000271
SPT-Periodic,15.781964310384655,10,0.8333333333333334,0.716532567598469,0.8333333333333334,0.16666666666666663,0.8245977717261704,0.19089650294071422,0.0,0.25,24.407976095252735,20000272
SPT-Periodic,16.081061535190916,10,0.8333333333333334,0.7129806173272106,0.8333333333333334,0.16666666666666663,0.8774862904406925,0.21675974516448124,0.0,0.25,24.938236045126565,20000273
SPT-Periodic,12.02397283104058,8,0.6666666666666666,0.5143486781156442,0.75,0.33333333333333337,0.8575288258468463,0.23182508962486703,0.0,0.25,22.846986200986443,20000274
SPT-Periodic,16.06945324948151,10,0.8333333333333334,0.7463600627588358,0.9166666666666666,0.16666666666666663,0.8476192299119423,0.2194432846752257,0.0,0.25,24.361866937980473,20000275
SPT-Periodic,12.523812803062103,8,0.6666666666666666,0.5379126982647277,0.75,0.33333333333333337,0.8349953267608283,0.22073469160209688,0.0,0.25,22.785850720431704,20000276
SPT-Periodic,13.804220628943762,9,0.75,0.6245243132724361,0.75,0.25,0.8178188588196402,0.2388164840563488,0.0,0.25,23.56246875701729,20000277
SPT-Periodic,10.493474385962694,7,0.5833333333333334,0.4529602472046542,0.75,0.41666666666666663,0.8098377384847492,0.22283684597714723,0.0,0.25,21.960844954418242,20000278
SPT-Periodic,13.672909160774259,9,0.75,0.6226850247654915,0.75,0.25,0.7943478816070882,0.2129448202587806,0.0,0.25,22.007893219701668,20000279
SPT-Periodic,13.780592051156468,9,0.75,0.625245853519778,0.9166666666666666,0.25,0.8366359807527042,0.19571491536373395,0.0,0.25,25.097420451169615,20000280
SPT-Periodic,13.866938053465415,9,0.75,0.6318387177560714,0.8333333333333334,0.25,0.8348101805034616,0.2242013289589838,0.0,0.25,23.412731738350704,20000281
SPT-Periodic,12.308834296034819,8,0.6666666666666666,0.5478523020556594,0.75,0.33333333333333337,0.8383055886082259,0.23833132310388092,0.0,0.25,23.38276451530642,20000282
SPT-Periodic,15.343179150001616,10,0.8333333333333334,0.7002767983821189,0.8333333333333334,0.16666666666666663,0.8428409331439735,0.20386926892517976,0.0,0.25,23.44940075969438,20000283
SPT-Periodic,10.593296547145307,7,0.5833333333333334,0.4441553487263528,0.75,0.41666666666666663,0.8319378408323055,0.2203335172033366,0.0,0.25,23.08769875117071,20000284
SPT-Periodic,12.41442879108231,8,0.6666666666666666,0.5259103158912051,0.8333333333333334,0.33333333333333337,0.7979032268740816,0.20904861045745657,0.0,0.25,22.91389761890625,20000285
SPT-Periodic,12.715033130619071,8,0.6666666666666666,0.5865245924811183,0.6666666666666666,0.33333333333333337,0.8271090168232442,0.2633257844928423,0.0,0.25,23.297318098265176,20000286
SPT-Periodic,15.670038508364694,10,0.8333333333333334,0.7008573492924948,0.9166666666666666,0.16666666666666663,0.8566791612246064,0.18607012357269695,0.0,0.25,23.887571487010874,20000287
SPT-Periodic,14.192878219870655,9,0.75,0.6183793944150346,0.8333333333333334,0.25,0.8530326788630544,0.1951030723244954,0.0,0.25,23.93768494224539,20000288
SPT-Periodic,13.856560129401219,9,0.75,0.6305327065920725,0.8333333333333334,0.25,0.818979447328959,0.19445918231265927,0.0,0.25,23.824926155252186,20000289
SPT-Periodic,10.80449766111848,7,0.5833333333333334,0.43149429661011063,0.75,0.41666666666666663,0.8475964486066855,0.21737456673198544,0.0,0.25,23.465127238401866,20000290
SPT-Periodic,16.058921418736777,10,0.8333333333333334,0.74118907254355,0.9166666666666666,0.16666666666666663,0.8564279157827018,0.20572925663776476,0.0,0.25,24.108746803616185,20000291
SPT-Periodic,12.390659127721248,8,0.6666666666666666,0.5672246421205701,0.75,0.33333333333333337,0.8307822210286865,0.24424858767194801,0.0,0.25,22.397808633384443,20000292
SPT-Periodic,13.894723443844894,9,0.75,0.6223811980982854,0.8333333333333334,0.25,0.8095826980577736,0.2275294298404866,0.0,0.25,23.046069902737756,20000293
SPT-Periodic,10.899105912716983,7,0.5833333333333334,0.4644710159524587,0.75,0.41666666666666663,0.8371875884827634,0.24772317233612007,0.0,0.25,22.846987125860615,20000294
SPT-Periodic,14.484304873395484,9,0.75,0.6280364418443886,0.8333333333333334,0.25,0.8301205469985633,0.2009751386278987,0.0,0.25,23.17811564642712,20000295
SPT-Periodic,10.792343448434078,7,0.5833333333333334,0.4415927714390639,0.75,0.41666666666666663,0.8624130251357788,0.23816935375230633,0.0,0.25,23.17695977208124,20000296
SPT-Periodic,11.684428712781884,8,0.6666666666666666,0.4810213804269275,0.8333333333333334,0.33333333333333337,0.7998367813974827,0.22362718153309413,0.0,0.25,22.180952559731725,20000297
SPT-Periodic,11.99873536561062,8,0.6666666666666666,0.5171543697421006,0.75,0.33333333333333337,0.8360733041356047,0.23208264243098356,0.0,0.25,21.892594802603536,20000298
SPT-Periodic,11.926101877958539,8,0.6666666666666666,0.44857143672141375,0.9166666666666666,0.33333333333333337,0.8338578324655902,0.20791229840917547,0.0,0.25,23.281595688433644,20000299
SPT-Periodic,12.96984439856586,8,0.6666666666666666,0.5579619991983538,0.75,0.33333333333333337,0.8676002572840199,0.2404434494122264,0.0,0.25,23.416201585034596,20000300
SPT-Periodic,15.967275301030616,10,0.8333333333333334,0.7246974777084646,0.9166666666666666,0.16666666666666663,0.8603650529542769,0.2229572857243988,0.0,0.25,24.969894898878646,20000301
SPT-Periodic,12.967172958276372,8,0.6666666666666666,0.5616721577736139,0.75,0.33333333333333337,0.8125865359226454,0.2274716123208184,0.0,0.25,23.052873935803238,20000302
SPT-Periodic,10.861132355126825,7,0.5833333333333334,0.48314553922262704,0.8333333333333334,0.41666666666666663,0.8476887167001766,0.22279278053595378,0.0,0.25,24.19342772846193,20000303
SPT-Periodic,16.123852371802734,10,0.8333333333333334,0.760098675084581,0.9166666666666666,0.16666666666666663,0.8906219186865064,0.19744131808383206,0.0,0.25,25.344724963081948,20000304
SPT-Periodic,12.622385184927158,8,0.6666666666666666,0.5604504115869497,0.9166666666666666,0.33333333333333337,0.859678533787649,0.1679460446413311,0.0,0.25,22.774572886844233,20000305
SPT-Periodic,13.669031144586791,9,0.75,0.5589127919084637,0.8333333333333334,0.25,0.854229302633939,0.1873434866207133,0.0,0.25,23.425885429267147,20000306
SPT-Periodic,13.791499294933807,9,0.75,0.6243007937132935,0.75,0.25,0.8238737259370774,0.23576142194627567,0.0,0.25,22.366235370131314,20000307
SPT-Periodic,14.857390128794025,9,0.75,0.6288436219779537,0.8333333333333334,0.25,0.8784844361362941,0.2333109071890623,0.0,0.25,24.570740034261764,20000308
SPT-Periodic,12.972317340744324,8,0.6666666666666666,0.5706219981695612,0.75,0.33333333333333337,0.8730754493829265,0.26217177289770893,0.0,0.25,24.594459226042524,20000309
SPT-Periodic,15.655372989496996,10,0.8333333333333334,0.7254845942423319,0.9166666666666666,0.16666666666666663,0.8638373156162844,0.21373015790190583,0.0,0.25,23.75200057463296,20000310
SPT-Periodic,12.147286584264702,8,0.6666666666666666,0.5089903279733133,0.8333333333333334,0.33333333333333337,0.8363061093617438,0.22702426678570578,0.0,0.25,22.947335212947316,20000311
SPT-Periodic,14.36638989075466,9,0.75,0.6194896562592949,0.8333333333333334,0.25,0.8311934817209368,0.20578406127304238,0.0,0.25,23.698315573839146,20000312
SPT-Periodic,12.410214728275804,8,0.6666666666666666,0.5337317904687405,0.75,0.33333333333333337,0.8747677580843819,0.23912113621493694,0.0,0.25,23.289438346390614,20000313
SPT-Periodic,14.028093187302408,9,0.75,0.6151103606027896,0.8333333333333334,0.25,0.8415907454006127,0.22085437958335064,0.0,0.25,22.372045114848646,20000314
SPT-Periodic,14.249586331946471,9,0.75,0.6182879015509912,0.8333333333333334,0.25,0.8558181111676925,0.24172880741676792,0.0,0.25,23.441746719321706,20000315
SPT-Periodic,10.455575416679036,7,0.5833333333333334,0.4694860039915692,0.6666666666666666,0.41666666666666663,0.8304105837806954,0.2625318130855974,0.0,0.25,22.456771310539906,20000316
SPT-Periodic,14.470935890883972,9,0.75,0.6453480105640452,0.8333333333333334,0.25,0.8710003138119703,0.2179305307196481,0.0,0.25,25.77627732507511,20000317
SPT-Periodic,10.985888427372014,7,0.5833333333333334,0.47769093577969635,0.75,0.41666666666666663,0.8637508065476657,0.2496951909630282,0.0,0.25,23.205082270878453,20000318
SPT-Periodic,10.634344709372867,7,0.5833333333333334,0.4916722312594497,0.6666666666666666,0.41666666666666663,0.8442180211566574,0.2581131682120388,0.0,0.25,23.15139544010841,20000319
SPT-Periodic,12.346445492719091,8,0.6666666666666666,0.5422492208455908,0.6666666666666666,0.33333333333333337,0.8326308815329758,0.22963440338116428,0.0,0.25,22.065067421499215,20000320
SPT-Periodic,18.083118641794865,11,0.9166666666666666,0.8562878613321081,0.9166666666666666,0.08333333333333337,0.8573243791621031,0.18622558346133233,0.0,0.25,24.139318057613902,20000321
SPT-Periodic,12.63370160407241,8,0.6666666666666666,0.5522888958952052,0.75,0.33333333333333337,0.8264304428868998,0.22253141913246713,0.0,0.25,23.337732170393163,20000322
SPT-Periodic,9.274873356557332,6,0.5,0.409321306943568,0.75,0.5,0.8582077909048079,0.22668638386569398,0.0,0.25,23.314767146401447,20000323
SPT-Periodic,13.347326512004487,8,0.6666666666666666,0.5959052255146206,0.8333333333333334,0.33333333333333337,0.8835766618909663,0.22253893218357587,0.0,0.25,26.011697825489843,20000324
SPT-Periodic,14.596162446491135,9,0.75,0.6214747940289866,0.9166666666666666,0.25,0.870660777210665,0.2008677662878551,0.0,0.25,24.571666857611508,20000325
SPT-Periodic,12.631102889342952,8,0.6666666666666666,0.594063916148379,0.6666666666666666,0.33333333333333337,0.8141157557762234,0.2716295382259166,0.0,0.25,21.903978788555744,20000326
SPT-Periodic,14.185275168554348,9,0.75,0.6100879519092697,0.8333333333333334,0.25,0.8394237372537069,0.19718476800022866,0.0,0.25,23.461536708149094,20000327
SPT-Periodic,13.972499260348338,9,0.75,0.6122801820908391,0.75,0.25,0.8667511457236392,0.2315352904547385,0.0,0.25,23.28453239262639,20000328
SPT-Periodic,12.458960167311268,8,0.6666666666666666,0.5483443693991289,0.75,0.33333333333333337,0.8231672139963747,0.25685047219760704,0.0,0.25,23.10927182010743,20000329
SPT-Periodic,12.639246829822435,8,0.6666666666666666,0.5232091267741417,0.8333333333333334,0.33333333333333337,0.8383037678443294,0.1935591720410708,0.0,0.25,22.78111378817114,20000330
SPT-Periodic,14.272702873926976,9,0.75,0.6204120714928565,0.9166666666666666,0.25,0.9136275823964078,0.2289261411026413,0.0,0.25,25.436881539660963,20000331
SPT-Periodic,12.294606581957796,8,0.6666666666666666,0.48192956005046156,0.8333333333333334,0.33333333333333337,0.8545841552836405,0.18676375849975735,0.0,0.25,23.65069396383837,20000332
SPT-Periodic,12.022803925102428,8,0.6666666666666666,0.49822984038906537,0.8333333333333334,0.33333333333333337,0.8261075212771795,0.21514342097212547,0.0,0.25,21.624927285693794,20000333
SPT-Periodic,10.893415535156882,7,0.5833333333333334,0.4769029250318113,0.75,0.41666666666666663,0.8133414848710804,0.2291206992628316,0.0,0.25,22.529129008920567,20000334
SPT-Periodic,12.20529334607495,8,0.6666666666666666,0.5524482089432659,0.75,0.33333333333333337,0.8247477346606354,0.22523695201078278,0.0,0.25,22.77023469041634,20000335
SPT-Periodic,12.359845751827427,8,0.6666666666666666,0.5277233331221927,0.75,0.33333333333333337,0.8788442893206216,0.2613229996653302,0.0,0.25,23.815908936162344,20000336
SPT-Periodic,12.320329586827201,8,0.6666666666666666,0.5344478806385173,0.75,0.33333333333333337,0.8649462036879972,0.23793458911967372,0.0,0.25,22.336132467101404,20000337
SPT-Periodic,16.24189182312469,10,0.8333333333333334,0.725929209018952,0.8333333333333334,0.16666666666666663,0.892268698030144,0.19171379340654118,0.0,0.25,24.790523999454134,20000338
SPT-Periodic,16.07658655441856,10,0.8333333333333334,0.7313619783008846,0.8333333333333334,0.16666666666666663,0.8631279605625743,0.2150959445901811,0.0,0.25,22.496233529459847,20000339
SPT-Periodic,11.629421434755216,8,0.6666666666666666,0.5398103122851725,0.6666666666666666,0.33333333333333337,0.7929826125421185,0.25190445004851275,0.0,0.25,21.183320956177212,20000340
SPT-Periodic,14.244527509034988,9,0.75,0.6190377058252131,0.8333333333333334,0.25,0.8793788447925474,0.23117384074115907,0.0,0.25,24.845175130607547,20000341
SPT-Periodic,17.669934707146023,11,0.9166666666666666,0.857141204017393,0.9166666666666666,0.08333333333333337,0.8490148282605068,0.23219581248610857,0.0,0.25,24.30935832840558,20000342
SPT-Periodic,12.506853194738198,8,0.6666666666666666,0.5474329592257798,0.75,0.33333333333333337,0.8186013616017215,0.21996685325586185,0.0,0.25,22.859085299930264,20000343
SPT-Periodic,13.805043032217682,9,0.75,0.6176528415372126,0.75,0.25,0.8055558640557824,0.21100060182643202,0.0,0.25,22.325204218361822,20000344
SPT-Periodic,11.090686223600523,7,0.5833333333333334,0.4553871292096969,0.75,0.41666666666666663,0.8455823932842049,0.2358990171384653,0.0,0.25,22.9884898615408,20000345
SPT-Periodic,8.580901942391367,6,0.5,0.34625131859015323,0.75,0.5,0.8027643931163064,0.22917915227463126,0.0,0.25,22.37670880325665,20000346
SPT-Periodic,10.80253670919091,7,0.5833333333333334,0.4819107495017886,0.75,0.41666666666666663,0.8746861697093881,0.23036358056673042,0.0,0.25,23.359217835524756,20000347
SPT-Periodic,10.855310834532759,7,0.5833333333333334,0.43222634078205957,0.75,0.41666666666666663,0.8754906191316456,0.23004551716273913,0.0,0.25,24.34029242491026,20000348
SPT-Periodic,14.747444771183352,9,0.75,0.6328009113942592,1.0,0.25,0.8992927722333116,0.18593922254992004,0.0,0.25,25.682901807159954,20000349
SPT-Periodic,10.910854017934035,7,0.5833333333333334,0.47420034605826333,0.75,0.41666666666666663,0.8655526699296129,0.24635600377583144,0.0,0.25,23.277591648662053,20000350
SPT-Periodic,14.82281014197308,9,0.75,0.654051631137752,0.8333333333333334,0.25,0.8628457858100198,0.2217367570262486,0.0,0.25,24.125560677011638,20000351
SPT-Periodic,12.350666383259377,8,0.6666666666666666,0.5329963784892109,0.8333333333333334,0.33333333333333337,0.8366674152653627,0.21108984472019884,0.0,0.25,23.472835893258182,20000352
SPT-Periodic,12.568477524843363,8,0.6666666666666666,0.5255290636126706,0.75,0.33333333333333337,0.8536282139277409,0.20635424822849746,0.0,0.25,23.062537279743225,20000353
SPT-Periodic,14.24903133299767,9,0.75,0.6300918168363118,0.8333333333333334,0.25,0.8141134835768638,0.20396499611462046,0.0,0.25,22.842074456063468,20000354
SPT-Periodic,15.995777792314561,10,0.8333333333333334,0.7294566370797299,0.9166666666666666,0.16666666666666663,0.8567142519836702,0.20908139165001197,0.0,0.25,24.02550934584018,20000355
SPT-Periodic,14.313530844664397,9,0.75,0.6290093512568393,0.8333333333333334,0.25,0.8734459508401002,0.21835586060078885,0.0,0.25,23.93088863961395,20000356
SPT-Periodic,13.934601388312725,9,0.75,0.6503260680222743,0.75,0.25,0.8335817917594129,0.2363686006291281,0.0,0.25,23.050672647742786,20000357
SPT-Periodic,17.320223293986608,11,0.9166666666666666,0.8430214131776023,0.9166666666666666,0.08333333333333337,0.8599945306616488,0.1756641518629314,0.0,0.25,24.74801793361594,20000358
SPT-Periodic,18.313696966300675,11,0.9166666666666666,0.8516504870981056,0.9166666666666666,0.08333333333333337,0.8941721947697469,0.19701226679171904,0.0,0.25,24.532470481515958,20000359
SPT-Periodic,13.81445749944683,9,0.75,0.6075503639241306,0.8333333333333334,0.25,0.8112485210787902,0.20816562110376094,0.0,0.25,22.995993489096247,20000360
SPT-Periodic,9.213066720999851,6,0.5,0.36558605149743956,0.75,0.5,0.8570431677951031,0.21412568149766095,0.0,0.25,23.221659285247323,20000361
SPT-Periodic,13.946677083800363,9,0.75,0.6392018704969757,0.75,0.25,0.8367990554923109,0.2534173773477688,0.0,0.25,23.320097698084606,20000362
SPT-Periodic,12.09654693995169,8,0.6666666666666666,0.5605824473700962,0.6666666666666666,0.33333333333333337,0.8147324920349185,0.2646660383088075,0.0,0.25,22.648950068435504,20000363
SPT-Periodic,8.763333001635415,6,0.5,0.3522021678431081,0.75,0.5,0.7992120015265126,0.22873654887101433,0.0,0.25,22.405229818983543,20000364
SPT-Periodic,12.10803285952133,8,0.6666666666666666,0.5453559085172559,0.6666666666666666,0.33333333333333337,0.7794502982353632,0.21730962413737073,0.0,0.25,22.070802744937357,20000365
SPT-Periodic,13.033982636315118,8,0.6666666666666666,0.5836977846694629,0.6666666666666666,0.33333333333333337,0.8633343919143299,0.2511931794252132,0.0,0.25,24.27385147740185,20000366
SPT-Periodic,12.578851122313237,8,0.6666666666666666,0.48404816089635333,0.8333333333333334,0.33333333333333337,0.8739170712377128,0.200017033465515,0.0,0.25,24.21287507930738,20000367
SPT-Periodic,13.981441078850148,9,0.75,0.6467157484623461,0.8333333333333334,0.25,0.8331011424813122,0.21634617469141407,0.0,0.25,24.20887501264607,20000368
SPT-Periodic,14.571733244122147,9,0.75,0.6624025891546401,0.75,0.25,0.8546282669697783,0.2701280024909771,0.0,0.25,24.2641925606148,20000369
SPT-Periodic,15.706156223360162,10,0.8333333333333334,0.7374919784515814,0.8333333333333334,0.16666666666666663,0.8075928824631705,0.2224205379503675,0.0,0.25,23.091170320935788,20000370
SPT-Periodic,14.04942109013098,9,0.75,0.6235122182376516,0.75,0.25,0.8516526550726079,0.23513656844127961,0.0,0.25,22.847520937452064,20000371
SPT-Periodic,10.446821147054083,7,0.5833333333333334,0.467989322558728,0.6666666666666666,0.41666666666666663,0.8131370821210483,0.2541363570017421,0.0,0.25,22.03714047927031,20000372
SPT-Periodic,13.862293807368887,9,0.75,0.5669473049992663,0.9166666666666666,0.25,0.8586434713565678,0.19599681612072425,0.0,0.25,23.64240221994324,20000373
SPT-Periodic,14.173672447458992,9,0.75,0.6248450649066877,0.8333333333333334,0.25,0.8380040644805229,0.2217330973415034,0.0,0.25,23.36950770847888,20000374
SPT-Periodic,13.069497740927,8,0.6666666666666666,0.5558482135747256,0.8333333333333334,0.33333333333333337,0.8949573796354854,0.2186572923418825,0.0,0.25,23.718876207949528,20000375
SPT-Periodic,13.690030222595748,9,0.75,0.5808699523986803,0.8333333333333334,0.25,0.8144678552733765,0.20130733636949785,0.0,0.25,23.81343282418774,20000376
SPT-Periodic,9.856208606903735,7,0.5833333333333334,0.3986097662268358,0.75,0.41666666666666663,0.8012808591919584,0.22549250505340476,0.0,0.25,22.297729305341008,20000377
SPT-Periodic,11.02953338422962,7,0.5833333333333334,0.4379977258634766,0.8333333333333334,0.41666666666666663,0.837903527519901,0.22257122851414077,0.0,0.25,24.229167849162433,20000378
SPT-Periodic,14.236136172356087,9,0.75,0.5814916690051282,0.9166666666666666,0.25,0.8726572219103854,0.20772268451036716,0.0,0.25,24.87975238286972,20000379
SPT-Periodic,14.517395975480904,9,0.75,0.5984155390833663,0.9166666666666666,0.25,0.8835208762399045,0.21647378940272125,0.0,0.25,25.03980117803953,20000380
SPT-Periodic,11.154819181705275,7,0.5833333333333334,0.4552930952223791,0.75,0.41666666666666663,0.8398479456835545,0.22962355928104383,0.0,0.25,23.043063577571452,20000381
SPT-Periodic,13.86679471165919,9,0.75,0.5654637018102712,0.9166666666666666,0.25,0.8840545946581505,0.2054512939833946,0.0,0.25,24.57393928276799,20000382
SPT-Periodic,13.986148811068656,9,0.75,0.6196042438777722,0.8333333333333334,0.25,0.8298216012361813,0.22946732287988372,0.0,0.25,22.675934951758553,20000383
SPT-Periodic,12.569979515943455,8,0.6666666666666666,0.5528991821031153,0.75,0.33333333333333337,0.8562885177239212,0.21036197451078123,0.0,0.25,23.7515040169171,20000384
SPT-Periodic,11.964870999278046,8,0.6666666666666666,0.47913552198983855,0.8333333333333334,0.33333333333333337,0.8294529221309196,0.21325221366473945,0.0,0.25,23.891497580933674,20000385
SPT-Periodic,12.73744648120239,8,0.6666666666666666,0.5712253841971899,0.75,0.33333333333333337,0.822097087233848,0.23045081548648663,0.0,0.25,22.31317444526819,20000386
SPT-Periodic,16.707367706612665,10,0.8333333333333334,0.7421732474632905,0.9166666666666666,0.16666666666666663,0.8899165512972886,0.19897250694776245,0.0,0.25,25.071799430399537,20000387
SPT-Periodic,12.55456598975375,8,0.6666666666666666,0.5566886897877744,0.9166666666666666,0.33333333333333337,0.8734187682053736,0.20915174126109756,0.0,0.25,24.848827801412902,20000388
SPT-Periodic,16.268435370832883,10,0.8333333333333334,0.7295953109410926,0.8333333333333334,0.16666666666666663,0.9005408025176029,0.2298902021184692,0.0,0.25,24.34840836778998,20000389
SPT-Periodic,14.592588687870052,9,0.75,0.633914602783333,0.8333333333333334,0.25,0.87869069377818,0.21676354992973165,0.0,0.25,24.717723875394295,20000390
SPT-Periodic,12.692657272507192,8,0.6666666666666666,0.5371808106610546,0.9166666666666666,0.33333333333333337,0.877262103647185,0.23333322456220942,0.0,0.25,24.904702061967573,20000391
SPT-Periodic,14.452589469180593,9,0.75,0.6440610512363897,0.8333333333333334,0.25,0.8731144693032326,0.20656480841739058,0.0,0.25,24.495017199845563,20000392
SPT-Periodic,12.5974458839556,8,0.6666666666666666,0.5569250263424985,0.75,0.33333333333333337,0.8394704892207084,0.24296743981488023,0.0,0.25,22.909464560906514,20000393
SPT-Periodic,10.778273710443987,7,0.5833333333333334,0.482081281416888,0.6666666666666666,0.41666666666666663,0.8175501290909445,0.2517148530245608,0.0,0.25,23.05713152961952,20000394
SPT-Periodic,14.166001459712676,9,0.75,0.6128503798305939,0.8333333333333334,0.25,0.8650355941347848,0.2288701996000638,0.0,0.25,24.639942262185922,20000395
SPT-Periodic,14.054962671350003,9,0.75,0.6278857214792278,0.8333333333333334,0.25,0.8093008037933832,0.19720378810285732,0.0,0.25,23.35412992161206,20000396
SPT-Periodic,15.811558447768824,10,0.8333333333333334,0.71078687318652,0.9166666666666666,0.16666666666666663,0.8650330105553382,0.20338005479484544,0.0,0.25,24.160783296298295,20000397
SPT-Periodic,15.398963276791166,10,0.8333333333333334,0.693094863981352,0.9166666666666666,0.16666666666666663,0.8603194859438984,0.20483224458270502,0.0,0.25,24.521204706996294,20000398
SPT-Periodic,13.565962344194611,9,0.75,0.5821955699904618,0.8333333333333334,0.25,0.8077665330124946,0.22389258302446302,0.0,0.25,23.00241479640825,20000399
SPT-Periodic,11.909347000046521,8,0.6666666666666666,0.5283184993773574,0.8333333333333334,0.33333333333333337,0.819475149456582,0.21956793870147986,0.0,0.25,23.369230647675398,20000400
SPT-Periodic,12.559931474023978,8,0.6666666666666666,0.5813150098603233,0.6666666666666666,0.33333333333333337,0.820492351904365,0.2570375980000639,0.0,0.25,23.15309697180129,20000401
SPT-Periodic,10.763212313448342,7,0.5833333333333334,0.47612418616299695,0.6666666666666666,0.41666666666666663,0.8078446791654518,0.25024387190352865,0.0,0.25,22.162643870419853,20000402
SPT-Periodic,12.426530661328858,8,0.6666666666666666,0.5716814535300276,0.6666666666666666,0.33333333333333337,0.8343378458340077,0.24694327083566603,0.0,0.25,22.56457811986654,20000403
SPT-Periodic,13.803423636169418,9,0.75,0.6371239038856882,0.75,0.25,0.8139615312882954,0.23215531330167824,0.0,0.25,23.29156245912662,20000404
SPT-Periodic,10.814634949581388,7,0.5833333333333334,0.5005285480427604,0.6666666666666666,0.41666666666666663,0.768122274826208,0.2368829746387152,0.0,0.25,21.15186637480066,20000405
SPT-Periodic,12.629451801352088,8,0.6666666666666666,0.5206391763882205,0.8333333333333334,0.33333333333333337,0.8716826248500699,0.23580156652867856,0.0,0.25,23.45730187204124,20000406
SPT-Periodic,14.528880207974087,9,0.75,0.6343936220375929,0.8333333333333334,0.25,0.8800901946492274,0.2207091886424741,0.0,0.25,23.150021265390535,20000407
SPT-Periodic,10.401035799301006,7,0.5833333333333334,0.42203856546163143,0.8333333333333334,0.41666666666666663,0.8070985625700616,0.20422845977737122,0.0,0.25,22.70769886989154,20000408
SPT-Periodic,10.777355252610349,7,0.5833333333333334,0.4005464008799572,0.8333333333333334,0.41666666666666663,0.8894083909387828,0.22678742906250382,0.0,0.25,23.680646846001427,20000409
SPT-Periodic,13.867077022423446,9,0.75,0.5995095388508235,0.8333333333333334,0.25,0.8454788760144375,0.19668088565247288,0.0,0.25,24.290966098839444,20000410
SPT-Periodic,14.651792736671618,9,0.75,0.6389473763554254,0.8333333333333334,0.25,0.8486154547000911,0.20303511075033395,0.0,0.25,23.950069846701343,20000411
SPT-Periodic,12.662373402638373,8,0.6666666666666666,0.6103753087334947,0.75,0.33333333333333337,0.8189150378432887,0.2513652915878937,0.0,0.25,22.55559255645454,20000412
SPT-Periodic,12.26502619549797,8,0.6666666666666666,0.5571911245841431,0.8333333333333334,0.33333333333333337,0.8180888789583621,0.21051215590788538,0.0,0.25,23.987942098393546,20000413
SPT-Periodic,12.191096382962405,8,0.6666666666666666,0.5476523482521644,0.75,0.33333333333333337,0.8412619467627724,0.23330306972732986,0.0,0.25,22.848151653960816,20000414
SPT-Periodic,14.42245516367742,9,0.75,0.608479560636881,0.8333333333333334,0.25,0.8885690328631499,0.21695183436009544,0.0,0.25,24.163268829904307,20000415
SPT-Periodic,13.601626127637978,9,0.75,0.6327455331225998,0.75,0.25,0.8251698336696335,0.23304728651325965,0.0,0.25,22.77650907701543,20000416
SPT-Periodic,11.893380182314415,8,0.6666666666666666,0.49279140572141156,0.75,0.33333333333333337,0.8453473744859,0.21394147646434605,0.0,0.25,22.249248808223516,20000417
SPT-Periodic,15.993299410470135,10,0.8333333333333334,0.7483886284983456,0.9166666666666666,0.16666666666666663,0.8611669182892397,0.18993956339068027,0.0,0.25,24.905386697132364,20000418
SPT-Periodic,12.021785025929011,8,0.6666666666666666,0.5128081621227122,0.75,0.33333333333333337,0.8103253925995278,0.2476892128326442,0.0,0.25,22.04882717652939,20000419
SPT-Periodic,15.795594027481181,10,0.8333333333333334,0.6947725173759026,0.9166666666666666,0.16666666666666663,0.8709802422969464,0.2069382094964987,0.0,0.25,24.66480449894925,20000420
SPT-Periodic,12.345118276530883,8,0.6666666666666666,0.5723721673472564,0.6666666666666666,0.33333333333333337,0.8240952105585103,0.2564086302109708,0.0,0.25,22.926263348475164,20000421
SPT-Periodic,14.340788719934743,9,0.75,0.6515305942279838,0.8333333333333334,0.25,0.8195145529852064,0.19693150077686528,0.0,0.25,23.007741376161487,20000422
SPT-Periodic,13.389174580405854,9,0.75,0.5745486926002403,0.8333333333333334,0.25,0.8363127242016466,0.19820890913958208,0.0,0.25,22.98242813323383,20000423
SPT-Periodic,12.306411199761135,8,0.6666666666666666,0.5514514992819745,0.75,0.33333333333333337,0.8275790070923069,0.22777307933374877,0.0,0.25,23.571950229668765,20000424
SPT-Periodic,6.993116936820449,5,0.4166666666666667,0.2624705458999091,0.75,0.5833333333333333,0.8119871156950449,0.2393444321128412,0.0,0.25,22.23743924038651,20000425
SPT-Periodic,14.147540558106378,9,0.75,0.6183858246485167,0.8333333333333334,0.25,0.8645918700513526,0.2332259831166318,0.0,0.25,22.79724237983843,20000426
SPT-Periodic,16.046431467930415,10,0.8333333333333334,0.7457538841514542,0.8333333333333334,0.16666666666666663,0.8411606179700831,0.21568400198867121,0.0,0.25,23.796576625429196,20000427
SPT-Periodic,16.426270222367606,10,0.8333333333333334,0.7317906207525001,0.8333333333333334,0.16666666666666663,0.881034399297461,0.20797715088350574,0.0,0.25,25.551916969921468,20000428
SPT-Periodic,13.727082162313517,9,0.75,0.5678122975403304,0.9166666666666666,0.25,0.8635503650400492,0.21057518903314434,0.0,0.25,23.55502419518647,20000429
SPT-Periodic,17.452045996869646,11,0.9166666666666666,0.8282289048988517,0.9166666666666666,0.08333333333333337,0.8666351707548038,0.20388512644485393,0.0,0.25,23.554697934909814,20000430
SPT-Periodic,12.396158450856902,8,0.6666666666666666,0.5510950245648041,0.75,0.33333333333333337,0.8356906463566078,0.21391083174527337,0.0,0.25,22.21840750010098,20000431
SPT-Periodic,14.320123300632591,9,0.75,0.6506068270847556,0.8333333333333334,0.25,0.8879352537786187,0.217605617228505,0.0,0.25,24.505014119429926,20000432
SPT-Periodic,12.774346903721694,8,0.6666666666666666,0.5952397976332341,0.75,0.33333333333333337,0.863649663829052,0.25244705924377814,0.0,0.25,23.10630332716609,20000433
SPT-Periodic,13.707987613737657,9,0.75,0.6221253348255817,0.75,0.25,0.8342962506601763,0.2420354513299261,0.0,0.25,23.001270945609747,20000434
SPT-Periodic,12.740238988246281,8,0.6666666666666666,0.5392780153996236,0.8333333333333334,0.33333333333333337,0.9004667878453075,0.21509387307688246,0.0,0.25,24.874358157953587,20000435
SPT-Periodic,16.16995244877237,10,0.8333333333333334,0.7038379920950366,0.9166666666666666,0.16666666666666663,0.8843770758130974,0.19730322118894553,0.0,0.25,25.499094107549666,20000436
SPT-Periodic,12.23799297455043,8,0.6666666666666666,0.5074286319531153,0.8333333333333334,0.33333333333333337,0.8733773175233406,0.22286751097684543,0.0,0.25,24.198515043551573,20000437
SPT-Periodic,10.022598951646392,7,0.5833333333333334,0.4164702501725256,0.75,0.41666666666666663,0.7638889672176298,0.22436442170749551,0.0,0.25,21.21702715151338,20000438
SPT-Periodic,10.921005542582709,7,0.5833333333333334,0.4902689008717992,0.6666666666666666,0.41666666666666663,0.8217526544378231,0.2502199937817817,0.0,0.25,21.870898810434877,20000439
SPT-Periodic,15.477888106899696,10,0.8333333333333334,0.7526552657625093,0.9166666666666666,0.16666666666666663,0.8414933139703006,0.20594155360846508,0.0,0.25,23.911932331186637,20000440
SPT-Periodic,11.746722739632963,8,0.6666666666666666,0.5366924299202961,0.6666666666666666,0.33333333333333337,0.7703330133198752,0.2523593171495407,0.0,0.25,21.39492512137899,20000441
SPT-Periodic,17.76174405926419,11,0.9166666666666666,0.836642871465275,0.9166666666666666,0.08333333333333337,0.8758580505145298,0.2052460008124469,0.0,0.25,24.21303581117514,20000442
SPT-Periodic,10.78700154937423,7,0.5833333333333334,0.45004627283682613,0.75,0.41666666666666663,0.884086706739143,0.23941314383686274,0.0,0.25,24.277923909617904,20000443
SPT-Periodic,12.414225581885216,8,0.6666666666666666,0.5456565902740301,0.75,0.33333333333333337,0.8151009168158042,0.22949542119683344,0.0,0.25,23.993306754990428,20000444
SPT-Periodic,14.36850125448265,9,0.75,0.6348038971823621,0.75,0.25,0.8333677617642475,0.2146828838028615,0.0,0.25,22.408780948432184,20000445
SPT-Periodic,14.845941466063504,9,0.75,0.6392410417685618,0.8333333333333334,0.25,0.8746918843872843,0.21851666714075813,0.0,0.25,24.793250001292733,20000446
SPT-Periodic,10.991127819131263,7,0.5833333333333334,0.4812352477580071,0.6666666666666666,0.41666666666666663,0.8565834168116911,0.25810387663945716,0.0,0.25,23.175336348141307,20000447
SPT-Periodic,14.473576557676942,9,0.75,0.6605679397352004,0.8333333333333334,0.25,0.8720245661721315,0.23889273911975958,0.0,0.25,24.103366779307994,20000448
SPT-Periodic,16.023522928031944,10,0.8333333333333334,0.7297617045910862,0.8333333333333334,0.16666666666666663,0.8387326425225906,0.1979809463639175,0.0,0.25,22.949856652778088,20000449
SPT-Periodic,12.691732885542821,8,0.6666666666666666,0.5492833146829599,0.75,0.33333333333333337,0.8671373654689768,0.2627046421306758,0.0,0.25,23.250199792730438,20000450
SPT-Periodic,14.16746449410358,9,0.75,0.6182053108700607,0.8333333333333334,0.25,0.8511208477492199,0.21699157823100546,0.0,0.25,24.223992235328478,20000451
SPT-Periodic,13.146920433851358,8,0.6666666666666666,0.5735882788802543,0.75,0.33333333333333337,0.8662878007394536,0.2540134313866253,0.0,0.25,24.09745346385261,20000452
SPT-Periodic,10.62701244301752,7,0.5833333333333334,0.49169635037255677,0.6666666666666666,0.41666666666666663,0.7926204178314938,0.2694472913474661,0.0,0.25,21.70951720070644,20000453
SPT-Periodic,12.351277680797736,8,0.6666666666666666,0.4868264941755349,0.8333333333333334,0.33333333333333337,0.8436854603076206,0.23556848339049774,0.0,0.25,23.619541203820315,20000454
SPT-Periodic,12.515783764130749,8,0.6666666666666666,0.5301480528651429,0.8333333333333334,0.33333333333333337,0.859134490390046,0.22259821034292612,0.0,0.25,22.84840772045073,20000455
SPT-Periodic,12.17856982231861,8,0.6666666666666666,0.5098879479335462,0.8333333333333334,0.33333333333333337,0.8511212295580505,0.2207262978926436,0.0,0.25,22.523730057889477,20000456
SPT-Periodic,7.055044698563474,5,0.4166666666666667,0.29944795854361067,0.6666666666666666,0.5833333333333333,0.8048089052814925,0.23747446847504372,0.0,0.25,21.266856717760625,20000457
SPT-Periodic,10.729028112355792,7,0.5833333333333334,0.4905608572766069,0.6666666666666666,0.41666666666666663,0.8405279358390824,0.2807266897157927,0.0,0.25,22.451830781694174,20000458
SPT-Periodic,14.48199230042474,9,0.75,0.6566916024632589,0.8333333333333334,0.25,0.8994991737934676,0.23426033266354274,0.0,0.25,23.71341299888871,20000459
SPT-Periodic,16.53259712390903,10,0.8333333333333334,0.7488458997153511,0.9166666666666666,0.16666666666666663,0.8862252281271635,0.1986962840504262,0.0,0.25,25.446229614433367,20000460
SPT-Periodic,12.831708942324992,8,0.6666666666666666,0.5367403725498399,0.75,0.33333333333333337,0.9012681059344612,0.2407022407655993,0.0,0.25,24.337170327327165,20000461
SPT-Periodic,14.572735402951324,9,0.75,0.6439030152677974,0.9166666666666666,0.25,0.8768133094474647,0.2250804515187617,0.0,0.25,24.802458840480472,20000462
SPT-Periodic,10.968392956309113,7,0.5833333333333334,0.4645053178928758,0.75,0.41666666666666663,0.8609408411415848,0.22528638019435798,0.0,0.25,23.134385164307826,20000463
SPT-Periodic,12.545546188807288,8,0.6666666666666666,0.5079026173233004,0.8333333333333334,0.33333333333333337,0.8279743070169112,0.20128178205475175,0.0,0.25,22.98974771427113,20000464
SPT-Periodic,14.225764847961708,9,0.75,0.6320268809614144,0.8333333333333334,0.25,0.858600486184534,0.21141652324131588,0.0,0.25,24.22415292746877,20000465
SPT-Periodic,10.866318595161433,7,0.5833333333333334,0.48852359189070776,0.75,0.41666666666666663,0.7874684714552879,0.2231269634305675,0.0,0.25,22.37910412397677,20000466
SPT-Periodic,12.632461791355524,8,0.6666666666666666,0.543358412865939,0.9166666666666666,0.33333333333333337,0.8286635864888634,0.18428185276252637,0.0,0.25,23.825649249234964,20000467
SPT-Periodic,13.545548997429012,9,0.75,0.5779887118587672,0.8333333333333334,0.25,0.824953080874487,0.2112137551534573,0.0,0.25,23.03353503946347,20000468
SPT-Periodic,12.020893616710774,8,0.6666666666666666,0.5389127814968453,0.75,0.33333333333333337,0.8138633631047506,0.23126914210675817,0.0,0.25,23.249884173263446,20000469
SPT-Periodic,15.528211064591765,10,0.8333333333333334,0.7498943693400417,0.9166666666666666,0.16666666666666663,0.8273349903756929,0.21362293135262375,0.0,0.25,23.650161197767744,20000470
SPT-Periodic,14.284845330200422,9,0.75,0.6450315493186644,0.75,0.25,0.8958491306624309,0.21964530268571622,0.0,0.25,23.368085255794078,20000471
SPT-Periodic,12.431108624186919,8,0.6666666666666666,0.5383550254488307,0.75,0.33333333333333337,0.842679110001442,0.21291086803844048,0.0,0.25,22.04572519732626,20000472
SPT-Periodic,14.413647298356072,9,0.75,0.5914769778743302,0.9166666666666666,0.25,0.868938922230574,0.20329109591976083,0.0,0.25,25.218743387144443,20000473
SPT-Periodic,12.472122171115148,8,0.6666666666666666,0.5259530204595426,0.75,0.33333333333333337,0.8647846381950789,0.2170729882601633,0.0,0.25,23.59288011616279,20000474
SPT-Periodic,14.298279411388261,9,0.75,0.6193171508359767,0.75,0.25,0.876768386829965,0.21935919107993984,0.0,0.25,23.518079223054613,20000475
SPT-Periodic,15.43281890312099,10,0.8333333333333334,0.7437862519292312,0.8333333333333334,0.16666666666666663,0.8184846493310864,0.21341865289678755,0.0,0.25,22.69683237229183,20000476
SPT-Periodic,14.198468731339656,9,0.75,0.6358085481969658,0.75,0.25,0.8429344306606538,0.21349755761433634,0.0,0.25,22.783001731133417,20000477
SPT-Periodic,12.755306649956543,8,0.6666666666666666,0.5553233600785775,0.75,0.33333333333333337,0.8643754491899669,0.23091514882375233,0.0,0.25,24.199796823102496,20000478
SPT-Periodic,10.509006200785011,7,0.5833333333333334,0.4213280732159287,0.75,0.41666666666666663,0.8306368812199793,0.2213823410398071,0.0,0.25,23.293429763519324,20000479
SPT-Periodic,12.572626827552922,8,0.6666666666666666,0.5373904588749477,0.75,0.33333333333333337,0.8847798519360633,0.2566893622352486,0.0,0.25,24.768497134722235,20000480
SPT-Periodic,10.825596305624005,7,0.5833333333333334,0.4562035017548192,0.8333333333333334,0.41666666666666663,0.8548764959215532,0.1822937805965227,0.0,0.25,23.551829699893897,20000481
SPT-Periodic,10.978886095665095,7,0.5833333333333334,0.4485230257218036,0.75,0.41666666666666663,0.8438161393098081,0.24191328336070628,0.0,0.25,23.48458001238248,20000482
SPT-Periodic,16.571409698519275,10,0.8333333333333334,0.7609912549122545,0.9166666666666666,0.16666666666666663,0.8648587677569756,0.19340069945346294,0.0,0.25,24.718212988814138,20000483
SPT-Periodic,10.80392700352235,7,0.5833333333333334,0.4702303239816619,0.75,0.41666666666666663,0.8209832596673886,0.25371913457421097,0.0,0.25,22.797286548792343,20000484
SPT-Periodic,13.830973371493256,9,0.75,0.62178294865307,0.75,0.25,0.7947705256306282,0.21792492433260593,0.0,0.25,22.337746555036787,20000485
SPT-Periodic,14.228508820591648,9,0.75,0.6500486029294893,0.8333333333333334,0.25,0.8382295206165967,0.23630304264443655,0.0,0.25,23.891338594715542,20000486
SPT-Periodic,12.90938743692016,8,0.6666666666666666,0.5433838246640669,0.8333333333333334,0.33333333333333337,0.8531994695715985,0.21607931452080045,0.0,0.25,23.940275085245595,20000487
SPT-Periodic,14.694012209831495,9,0.75,0.6222601955541257,0.8333333333333334,0.25,0.8489111459075446,0.21483221041495107,0.0,0.25,24.057729777676084,20000488
SPT-Periodic,12.383592175518183,8,0.6666666666666666,0.5335970960846969,0.75,0.33333333333333337,0.8416272251745074,0.2335675991975911,0.0,0.25,23.946533558293627,20000489
SPT-Periodic,14.12244307264109,9,0.75,0.6128702861567163,0.8333333333333334,0.25,0.8481104739249051,0.22032191446737334,0.0,0.25,23.17041088165687,20000490
SPT-Periodic,14.199006519377653,9,0.75,0.6446964420891549,0.75,0.25,0.8095683163232218,0.24771825953199886,0.0,0.25,22.524062943989286,20000491
SPT-Periodic,14.166429061696615,9,0.75,0.6254401703357457,0.8333333333333334,0.25,0.8495034538037306,0.2411932929117752,0.0,0.25,23.213664271643523,20000492
SPT-Periodic,10.355574005137985,7,0.5833333333333334,0.43558252794572294,0.75,0.41666666666666663,0.816595658870006,0.24598250069013824,0.0,0.25,21.473699708422572,20000493
SPT-Periodic,14.179359129440659,9,0.75,0.6398687112271697,0.8333333333333334,0.25,0.8570565353765104,0.21862461851217566,0.0,0.25,23.136635139830425,20000494
SPT-Periodic,12.164317114088611,8,0.6666666666666666,0.5426988896470966,0.75,0.33333333333333337,0.8074152507970619,0.23600872757867034,0.0,0.25,23.17909610260057,20000495
SPT-Periodic,12.983717623355291,8,0.6666666666666666,0.5236271367335829,0.9166666666666666,0.33333333333333337,0.8944992326838898,0.18682275169694396,0.0,0.25,24.684079317912612,20000496
SPT-Periodic,13.796086943698086,9,0.75,0.6219321266340786,0.8333333333333334,0.25,0.8152576866970902,0.22123504403385433,0.0,0.25,21.994124072299844,20000497
SPT-Periodic,10.636095479551983,7,0.5833333333333334,0.46985522521629947,0.75,0.41666666666666663,0.8169487358186972,0.2308943150757885,0.0,0.25,22.81246112275374,20000498
SPT-Periodic,13.795208548737849,9,0.75,0.6266260354539724,0.75,0.25,0.8124305216315783,0.23223035904097725,0.0,0.25,23.157520365065974,20000499
SPT-Threshold,15.51557669538626,10,0.8333333333333334,0.7265930654320614,0.8333333333333334,0.16666666666666663,0.8554874737196339,0.26944422351153446,0.0,0.20833333333333334,23.746558225769252,20000000
SPT-Threshold,15.988214727570453,10,0.8333333333333334,0.7297928770005953,0.8333333333333334,0.16666666666666663,0.8654155857758585,0.23363255407383007,0.0,0.20833333333333334,24.765821665762196,20000001
SPT-Threshold,14.526376438866045,9,0.75,0.6384771204178709,0.9166666666666666,0.25,0.8966010641109472,0.2725867102193403,0.0,0.20833333333333334,26.784912264020644,20000002
SPT-Threshold,15.77977872027448,10,0.8333333333333334,0.7441562408070357,0.8333333333333334,0.16666666666666663,0.8297666003496463,0.21969346253439834,0.0,0.22916666666666666,25.079975151865096,20000003
SPT-Threshold,15.827511812733087,10,0.8333333333333334,0.7245283874309036,0.8333333333333334,0.16666666666666663,0.8217513278247344,0.17720991338235456,0.0,0.25,24.285096300705003,20000004
SPT-Threshold,10.095047543872125,7,0.5833333333333334,0.4773618121384035,0.75,0.41666666666666663,0.8007188241679298,0.270284408058671,0.0,0.1875,23.452188122497844,20000005
SPT-Threshold,10.837660371155739,7,0.5833333333333334,0.4674437175432769,0.75,0.41666666666666663,0.8360238821029439,0.24797666293598494,0.0,0.22916666666666666,24.129878452081307,20000006
SPT-Threshold,11.909172356421283,8,0.6666666666666666,0.4966579131782878,0.75,0.33333333333333337,0.82833987753565,0.2341561685576344,0.0,0.25,22.690884245234784,20000007
SPT-Threshold,12.700262488516039,8,0.6666666666666666,0.5558190599760571,0.75,0.33333333333333337,0.8009008648168212,0.21934698358402985,0.0,0.2708333333333333,22.30673389159289,20000008
SPT-Threshold,10.297517862526298,7,0.5833333333333334,0.4575069473326683,0.75,0.41666666666666663,0.8260245075717685,0.2303539218069016,0.0,0.25,23.13805049269873,20000009
SPT-Threshold,10.398410266009828,7,0.5833333333333334,0.4299865229985015,0.75,0.41666666666666663,0.8019139003098227,0.2245568963057072,0.0,0.22916666666666666,22.923731166242,20000010
SPT-Threshold,12.263210748510335,8,0.6666666666666666,0.5608761296554909,0.9166666666666666,0.33333333333333337,0.830759197198654,0.2441710563283327,0.0,0.20833333333333334,24.239906038637688,20000011
SPT-Threshold,11.615642688097557,8,0.6666666666666666,0.45925979800858796,0.8333333333333334,0.33333333333333337,0.844262502195634,0.254017967883825,0.0,0.22916666666666666,24.042935550988123,20000012
SPT-Threshold,14.433762310411199,9,0.75,0.6477280711645282,0.8333333333333334,0.25,0.8269534014938004,0.2249457849257681,0.0,0.25,23.556918390901956,20000013
SPT-Threshold,9.824036453613298,7,0.5833333333333334,0.462374473146647,0.75,0.41666666666666663,0.7883999334934142,0.2714021218968283,0.0,0.1875,22.944652977429403,20000014
SPT-Threshold,14.199830594869614,9,0.75,0.6211692890030405,0.8333333333333334,0.25,0.8904387089946741,0.2631621628076363,0.0,0.20833333333333334,25.422455503104633,20000015
SPT-Threshold,13.790899801887184,9,0.75,0.6490321286803828,0.8333333333333334,0.25,0.8030141802563661,0.22989601199518725,0.0,0.25,23.321250697253088,20000016
SPT-Threshold,11.959820764667617,8,0.6666666666666666,0.5638217378640892,0.8333333333333334,0.33333333333333337,0.7991365925470566,0.23852662452629422,0.0,0.22916666666666666,23.559943011544846,20000017
SPT-Threshold,10.652668711764047,7,0.5833333333333334,0.5170241704464686,0.6666666666666666,0.41666666666666663,0.8436456937162022,0.29271647237490406,0.0,0.22916666666666666,23.228642571770973,20000018
SPT-Threshold,16.017673858733822,10,0.8333333333333334,0.7303747128313246,0.9166666666666666,0.16666666666666663,0.8681994733871132,0.2567913233365197,0.0,0.1875,25.233963805417197,20000019
SPT-Threshold,10.267314140898712,7,0.5833333333333334,0.4171760025102818,0.75,0.41666666666666663,0.8410147888490546,0.22841662624675893,0.0,0.25,23.063727523194444,20000020
SPT-Threshold,13.751760323590645,9,0.75,0.64440025454073,0.9166666666666666,0.25,0.8046170545184713,0.23489720217458024,0.0,0.1875,24.512970685854125,20000021
SPT-Threshold,14.0348864093553,9,0.75,0.6105712827148457,0.8333333333333334,0.25,0.801147409549524,0.2013525935777153,0.0,0.25,23.064720089443036,20000022
SPT-Threshold,13.890188078312198,9,0.75,0.6490611342371965,0.75,0.25,0.8314069508684726,0.25003618169345015,0.0,0.22916666666666666,23.569590631264262,20000023
SPT-Threshold,16.016510876496934,10,0.8333333333333334,0.7508914614568944,0.8333333333333334,0.16666666666666663,0.8865423922393445,0.24925368842059573,0.0,0.20833333333333334,25.83523413161365,20000024
SPT-Threshold,12.29566976298471,8,0.6666666666666666,0.571809895580389,0.75,0.33333333333333337,0.8206783214329688,0.2772944107675536,0.0,0.22916666666666666,23.16482394783957,20000025
SPT-Threshold,15.456039836849618,10,0.8333333333333334,0.7205485742193348,0.9166666666666666,0.16666666666666663,0.8311527025162745,0.26086587047693627,0.0,0.1875,24.402515073971994,20000026
SPT-Threshold,15.560094084243444,10,0.8333333333333334,0.719780189323428,0.8333333333333334,0.16666666666666663,0.8311551073529332,0.2272965983182941,0.0,0.20833333333333334,23.81857311732239,20000027
SPT-Threshold,14.089557550454773,9,0.75,0.6618116827141834,0.9166666666666666,0.25,0.8252683247541688,0.23782060243336176,0.0,0.1875,24.431188328892464,20000028
SPT-Threshold,15.074564806169768,10,0.8333333333333334,0.6924306275656229,0.8333333333333334,0.16666666666666663,0.7991027727404095,0.21423915754345899,0.0,0.22916666666666666,23.430555614368533,20000029
SPT-Threshold,8.93922427089046,6,0.5,0.41142185686345273,0.5833333333333334,0.5,0.7965839038466447,0.22073001884053176,0.0,0.3125,20.726680204746106,20000030
SPT-Threshold,12.348957420604098,8,0.6666666666666666,0.5777347623113102,0.75,0.33333333333333337,0.8214861257531415,0.2508889245465764,0.0,0.22916666666666666,23.315358923395074,20000031
SPT-Threshold,12.30279165006637,8,0.6666666666666666,0.5473832035172643,0.8333333333333334,0.33333333333333337,0.8523522346417957,0.25906583501652247,0.0,0.22916666666666666,23.184612013648856,20000032
SPT-Threshold,11.896092543882794,8,0.6666666666666666,0.5251752056995722,0.75,0.33333333333333337,0.8399930823100349,0.26876943253990787,0.0,0.20833333333333334,24.14277589430567,20000033
SPT-Threshold,13.882044021165514,9,0.75,0.6181091050882082,0.8333333333333334,0.25,0.7930001090262294,0.24174448658377776,0.0,0.20833333333333334,23.19859394356317,20000034
SPT-Threshold,11.493789667230855,8,0.6666666666666666,0.5204916881295139,0.75,0.33333333333333337,0.8064859518650981,0.2611813996324437,0.0,0.22916666666666666,23.144664543721724,20000035
SPT-Threshold,16.9822428877729,11,0.9166666666666666,0.8312466047947481,0.9166666666666666,0.08333333333333337,0.8243823753508966,0.20722977384247568,0.0,0.20833333333333334,24.61208949267562,20000036
SPT-Threshold,12.327206472110857,8,0.6666666666666666,0.5680891989410942,0.75,0.33333333333333337,0.8545297724954407,0.2787102950749984,0.0,0.20833333333333334,25.118202584227134,20000037
SPT-Threshold,13.719117077820716,9,0.75,0.6162550224034812,0.8333333333333334,0.25,0.8144749382235457,0.23338250120287732,0.0,0.20833333333333334,24.362802088318755,20000038
SPT-Threshold,12.488288256906719,8,0.6666666666666666,0.5768457629624708,0.75,0.33333333333333337,0.8305161494723707,0.230686805485131,0.0,0.22916666666666666,24.102275432557253,20000039
SPT-Threshold,10.981616385806477,7,0.5833333333333334,0.46934160397852,0.6666666666666666,0.41666666666666663,0.8440089384124184,0.215951740368629,0.0,0.2708333333333333,22.481837002317857,20000040
SPT-Threshold,14.032107083594875,9,0.75,0.6080376190668283,0.8333333333333334,0.25,0.8584815579645634,0.2552851096372124,0.0,0.1875,26.03169259483677,20000041
SPT-Threshold,13.395985404619841,9,0.75,0.6081084097535643,0.8333333333333334,0.25,0.8222893880821386,0.27784516315093133,0.0,0.1875,25.45018004470723,20000042
SPT-Threshold,14.145052122552725,9,0.75,0.6384657074234188,0.8333333333333334,0.25,0.8366772488398503,0.20424437953321595,0.0,0.22916666666666666,24.319929739937834,20000043
SPT-Threshold,8.75582844394655,6,0.5,0.41786684365446153,0.75,0.5,0.8186039705426786,0.2677487660341395,0.0,0.20833333333333334,22.57079129943317,20000044
SPT-Threshold,12.816120706257253,8,0.6666666666666666,0.5653757598208055,0.75,0.33333333333333337,0.8122812485019839,0.2283997110796194,0.0,0.2708333333333333,22.61837917946976,20000045
SPT-Threshold,10.425230655658895,7,0.5833333333333334,0.4585050881673245,0.75,0.41666666666666663,0.8128691533980034,0.2509389838311515,0.0,0.2708333333333333,22.811969460063047,20000046
SPT-Threshold,17.11952251006512,11,0.9166666666666666,0.842666004513588,0.9166666666666666,0.08333333333333337,0.7992295254468263,0.21778410334699974,0.0,0.20833333333333334,23.888425117384024,20000047
SPT-Threshold,10.721716743090958,7,0.5833333333333334,0.4779967210662703,0.75,0.41666666666666663,0.8246847909952787,0.2146361765068182,0.0,0.2708333333333333,23.018745896550218,20000048
SPT-Threshold,15.541502306144775,10,0.8333333333333334,0.7336753465100263,0.8333333333333334,0.16666666666666663,0.8106343241665496,0.21436987290259168,0.0,0.20833333333333334,23.240346130781635,20000049
SPT-Threshold,13.909061118052119,9,0.75,0.5997988631372276,0.8333333333333334,0.25,0.8142485157591226,0.2118481399807887,0.0,0.20833333333333334,24.376378427382228,20000050
SPT-Threshold,10.781002311638211,7,0.5833333333333334,0.4243953487223561,0.8333333333333334,0.41666666666666663,0.853492855419487,0.23982818773103878,0.0,0.22916666666666666,24.624026998745933,20000051
SPT-Threshold,11.047353010950989,7,0.5833333333333334,0.47010090685647676,0.8333333333333334,0.41666666666666663,0.858090982827384,0.23799817138940638,0.0,0.2708333333333333,23.72429924746,20000052
SPT-Threshold,14.009969713022043,9,0.75,0.6446965594983403,0.9166666666666666,0.25,0.8218575536142922,0.268706973259299,0.0,0.16666666666666666,25.265149519992455,20000053
SPT-Threshold,15.291579996819074,10,0.8333333333333334,0.7340783494206271,0.8333333333333334,0.16666666666666663,0.810730718208954,0.2767190077323057,0.0,0.14583333333333334,25.49144354304954,20000054
SPT-Threshold,10.43733630981922,7,0.5833333333333334,0.41459790825273696,0.8333333333333334,0.41666666666666663,0.8481812415811188,0.24371286809558224,0.0,0.25,22.80036094821661,20000055
SPT-Threshold,13.770407257051616,9,0.75,0.6235939218659224,0.8333333333333334,0.25,0.817831514864016,0.24470591179531906,0.0,0.20833333333333334,24.780399122270744,20000056
SPT-Threshold,12.529379526968274,8,0.6666666666666666,0.573463502197883,0.6666666666666666,0.33333333333333337,0.8116148402961318,0.2623017913760293,0.0,0.25,22.22274088164699,20000057
SPT-Threshold,12.281638017736807,8,0.6666666666666666,0.502770912203083,0.8333333333333334,0.33333333333333337,0.8220875679682088,0.20238714717661588,0.0,0.25,23.799278502995634,20000058
SPT-Threshold,10.685068781735009,7,0.5833333333333334,0.47992467866798943,0.75,0.41666666666666663,0.8263438253856839,0.2813875152540244,0.0,0.20833333333333334,23.045728383645297,20000059
SPT-Threshold,15.548880226325986,10,0.8333333333333334,0.7363945544719018,0.8333333333333334,0.16666666666666663,0.8386609428531934,0.27338499410011396,0.0,0.16666666666666666,25.68531715633809,20000060
SPT-Threshold,10.541144642601,7,0.5833333333333334,0.4704486589029149,0.6666666666666666,0.41666666666666663,0.8366175739553215,0.24731465592647286,0.0,0.2708333333333333,22.66215407219601,20000061
SPT-Threshold,14.441467742387132,9,0.75,0.6456609568782983,0.75,0.25,0.8786595934145378,0.26986650464298734,0.0,0.22916666666666666,24.440854525195324,20000062
SPT-Threshold,10.508682693074835,7,0.5833333333333334,0.4490116384941528,0.75,0.41666666666666663,0.8047809928360108,0.24138182176579562,0.0,0.25,22.771831095985778,20000063
SPT-Threshold,16.171595579116033,10,0.8333333333333334,0.7291995168709376,0.9166666666666666,0.16666666666666663,0.8419326650680846,0.22354805526318475,0.0,0.1875,25.09330223311485,20000064
SPT-Threshold,10.005295943738219,7,0.5833333333333334,0.414739488768574,0.75,0.41666666666666663,0.812598111595269,0.257715669513693,0.0,0.25,22.542624423959186,20000065
SPT-Threshold,12.79736363650096,8,0.6666666666666666,0.5543647206695951,0.8333333333333334,0.33333333333333337,0.8702869942417536,0.2617619227490964,0.0,0.22916666666666666,25.001367805813544,20000066
SPT-Threshold,12.592184686209727,8,0.6666666666666666,0.5414671940302918,0.9166666666666666,0.33333333333333337,0.8671950471406916,0.2713436598322631,0.0,0.20833333333333334,25.80794848766978,20000067
SPT-Threshold,10.789847034503605,7,0.5833333333333334,0.4799909373529035,0.75,0.41666666666666663,0.8218608220866251,0.2547829201785871,0.0,0.20833333333333334,24.002544184871827,20000068
SPT-Threshold,13.811132347787833,9,0.75,0.6452056351719762,0.9166666666666666,0.25,0.8738256111089053,0.28963392366490553,0.0,0.1875,24.35879651684426,20000069
SPT-Threshold,16.298698563776426,10,0.8333333333333334,0.7706288498022952,0.8333333333333334,0.16666666666666663,0.8653314479969775,0.25688085183568793,0.0,0.1875,25.473408229190603,20000070
SPT-Threshold,6.9536226235709835,5,0.4166666666666667,0.3082891861899211,0.6666666666666666,0.5833333333333333,0.8322493463498062,0.23588540208232664,0.0,0.2708333333333333,22.236619964231345,20000071
SPT-Threshold,10.676065389970436,7,0.5833333333333334,0.48033504676278904,0.8333333333333334,0.41666666666666663,0.8125356384162347,0.20527825273334588,0.0,0.22916666666666666,24.474685177291192,20000072
SPT-Threshold,12.149231005929602,8,0.6666666666666666,0.5117246719865606,0.75,0.33333333333333337,0.8299049302784715,0.21359718842823253,0.0,0.2708333333333333,22.977238991529997,20000073
SPT-Threshold,12.32972241348931,8,0.6666666666666666,0.5656708338106878,0.75,0.33333333333333337,0.8156104389090707,0.23165587876472862,0.0,0.22916666666666666,23.69308277928209,20000074
SPT-Threshold,11.15548528179116,7,0.5833333333333334,0.4845763218223921,0.75,0.41666666666666663,0.8383272676408934,0.2532650920762156,0.0,0.20833333333333334,23.455786069822917,20000075
SPT-Threshold,10.228144647342955,7,0.5833333333333334,0.44659487954457333,0.6666666666666666,0.41666666666666663,0.813482539822183,0.25473156230989663,0.0,0.25,22.641080064564946,20000076
SPT-Threshold,16.238861147956353,10,0.8333333333333334,0.740477198338487,0.9166666666666666,0.16666666666666663,0.8699222935422776,0.23211429944635764,0.0,0.22916666666666666,24.98617554630059,20000077
SPT-Threshold,14.161441252242714,9,0.75,0.6307861581123722,0.8333333333333334,0.25,0.810905575183885,0.20291049842009537,0.0,0.22916666666666666,22.481085284660125,20000078
SPT-Threshold,14.032773183078358,9,0.75,0.626280624426769,0.8333333333333334,0.25,0.8143518315495525,0.23799459799677045,0.0,0.20833333333333334,23.84301517020735,20000079
SPT-Threshold,12.574570077793677,8,0.6666666666666666,0.5546413241420809,0.75,0.33333333333333337,0.8784461891455176,0.2657251527161197,0.0,0.20833333333333334,25.024939066593614,20000080
SPT-Threshold,10.422227545370687,7,0.5833333333333334,0.4663476112814673,0.6666666666666666,0.41666666666666663,0.8010298091948034,0.2360507976317471,0.0,0.25,22.16742655746102,20000081
SPT-Threshold,14.160800622647416,9,0.75,0.6053794308438661,0.9166666666666666,0.25,0.862287749691618,0.2204221598233013,0.0,0.1875,25.661013219991055,20000082
SPT-Threshold,12.067973051866996,8,0.6666666666666666,0.5195404789713137,0.8333333333333334,0.33333333333333337,0.8228630359725312,0.24259035160967835,0.0,0.22916666666666666,23.884506455759617,20000083
SPT-Threshold,11.850621027786426,8,0.6666666666666666,0.512825268382565,0.75,0.33333333333333337,0.8090262413165658,0.2237126921251382,0.0,0.22916666666666666,23.11849869954396,20000084
SPT-Threshold,12.456666762397017,8,0.6666666666666666,0.5405680115329962,0.75,0.33333333333333337,0.8422678619158454,0.2526012997441795,0.0,0.20833333333333334,24.915021735270976,20000085
SPT-Threshold,13.99181758582326,9,0.75,0.6438669881794838,0.75,0.25,0.8568779406990771,0.2540829596060458,0.0,0.25,23.294011446692146,20000086
SPT-Threshold,12.733746399352984,8,0.6666666666666666,0.5362906636339961,0.8333333333333334,0.33333333333333337,0.8635757967080279,0.22715857806553355,0.0,0.20833333333333334,25.47625768453795,20000087
SPT-Threshold,12.849594483111298,8,0.6666666666666666,0.5598602234600362,0.8333333333333334,0.33333333333333337,0.8544454578212952,0.27780720004168347,0.0,0.20833333333333334,25.26967733283561,20000088
SPT-Threshold,12.287895805858476,8,0.6666666666666666,0.5485056783679495,0.8333333333333334,0.33333333333333337,0.8018213487488645,0.1977392545868344,0.0,0.25,22.545787512448552,20000089
SPT-Threshold,12.42757905917415,8,0.6666666666666666,0.5378133876094745,0.8333333333333334,0.33333333333333337,0.8292010252802102,0.21603811260426284,0.0,0.25,22.66108912789349,20000090
SPT-Threshold,15.495565298541166,10,0.8333333333333334,0.756685730290236,0.8333333333333334,0.16666666666666663,0.8138778615863727,0.2730811035296379,0.0,0.20833333333333334,23.026325392027758,20000091
SPT-Threshold,14.789013384903686,9,0.75,0.6578757636103455,0.75,0.25,0.8440317043343457,0.2373362427783562,0.0,0.25,23.532095398188776,20000092
SPT-Threshold,13.956343009465023,9,0.75,0.6423491843527291,0.8333333333333334,0.25,0.7884638603582714,0.18026175891090768,0.0,0.25,22.618843483401857,20000093
SPT-Threshold,13.32055798141106,9,0.75,0.6082039164067286,0.8333333333333334,0.25,0.7950563301363394,0.25069996787161924,0.0,0.22916666666666666,22.7055697023454,20000094
SPT-Threshold,9.15678735016847,6,0.5,0.3726002194393058,0.75,0.5,0.8382840926428838,0.2537463118678815,0.0,0.25,23.302887920206807,20000095
SPT-Threshold,11.763661385892606,8,0.6666666666666666,0.5020921214023156,0.8333333333333334,0.33333333333333337,0.8237826150355806,0.26634615121764843,0.0,0.1875,23.211640624240957,20000096
SPT-Threshold,8.609345503465235,6,0.5,0.3704577566823109,0.75,0.5,0.7874999229133591,0.24541942890840404,0.0,0.22916666666666666,22.63455348450935,20000097
SPT-Threshold,10.98947777729453,7,0.5833333333333334,0.47859064677599616,0.75,0.41666666666666663,0.8598236600881034,0.23355973887828693,0.0,0.2916666666666667,23.3896215221789,20000098
SPT-Threshold,14.349927730164561,9,0.75,0.6217995880114369,0.8333333333333334,0.25,0.8505231052204051,0.199366048478855,0.0,0.22916666666666666,23.760595011388386,20000099
SPT-Threshold,12.598319015477307,8,0.6666666666666666,0.5364880931268018,0.8333333333333334,0.33333333333333337,0.8666145999634169,0.24436117656649495,0.0,0.25,24.407699084263108,20000100
SPT-Threshold,12.073133730274296,8,0.6666666666666666,0.5152016027397901,0.75,0.33333333333333337,0.8576434479087834,0.2723028945433457,0.0,0.20833333333333334,23.745153958884245,20000101
SPT-Threshold,15.499901807780772,10,0.8333333333333334,0.7093639463778918,0.8333333333333334,0.16666666666666663,0.815747657323204,0.20825334740816023,0.0,0.25,23.677490972866806,20000102
SPT-Threshold,14.205472468976604,9,0.75,0.629470385070222,0.8333333333333334,0.25,0.8150227127867681,0.21795129679551617,0.0,0.22916666666666666,23.083222555816562,20000103
SPT-Threshold,13.669477254274852,9,0.75,0.6315656082750076,0.75,0.25,0.7983039346651525,0.23781858615119858,0.0,0.20833333333333334,23.164928303203858,20000104
SPT-Threshold,15.040551578868097,10,0.8333333333333334,0.7015178699506479,0.9166666666666666,0.16666666666666663,0.8374703520224877,0.27477010580108496,0.0,0.1875,25.558464277886564,20000105
SPT-Threshold,12.479127456056213,8,0.6666666666666666,0.5470484562796436,0.75,0.33333333333333337,0.8262112945899455,0.22550055701382268,0.0,0.22916666666666666,23.43790310218411,20000106
SPT-Threshold,11.724378800860576,8,0.6666666666666666,0.48491523536495995,0.8333333333333334,0.33333333333333337,0.8222228995923203,0.2301557510247603,0.0,0.20833333333333334,23.09620053832176,20000107
SPT-Threshold,15.734515471956051,10,0.8333333333333334,0.7250174608140851,0.9166666666666666,0.16666666666666663,0.856974766284483,0.24135462909304795,0.0,0.20833333333333334,26.15814560130888,20000108
SPT-Threshold,10.619471373106922,7,0.5833333333333334,0.48604918827162213,0.6666666666666666,0.41666666666666663,0.7974734894425288,0.2540465999375476,0.0,0.22916666666666666,23.402161314730122,20000109
SPT-Threshold,10.585191911649705,7,0.5833333333333334,0.3923561708466012,0.8333333333333334,0.41666666666666663,0.8255219206815614,0.2445889719858102,0.0,0.20833333333333334,24.400445508089433,20000110
SPT-Threshold,12.644295535638502,8,0.6666666666666666,0.5391461306701056,0.8333333333333334,0.33333333333333337,0.8276360100024783,0.2211079142263143,0.0,0.25,24.33039742770723,20000111
SPT-Threshold,12.797509632335595,8,0.6666666666666666,0.6026833743222103,0.6666666666666666,0.33333333333333337,0.8813100071979102,0.27638264305505134,0.0,0.22916666666666666,23.977528668272743,20000112
SPT-Threshold,13.868487993136789,9,0.75,0.6115289567066617,0.8333333333333334,0.25,0.8035222545056383,0.1899314074328072,0.0,0.22916666666666666,23.82217295025991,20000113
SPT-Threshold,10.556008775989227,7,0.5833333333333334,0.45919812937645926,0.75,0.41666666666666663,0.7843238399222225,0.2289431947268529,0.0,0.25,21.73968836404365,20000114
SPT-Threshold,12.433018582034578,8,0.6666666666666666,0.5438594385055008,0.75,0.33333333333333337,0.8523235975151571,0.2481025250620024,0.0,0.22916666666666666,24.256377620192918,20000115
SPT-Threshold,14.43193594507144,9,0.75,0.6526001735421054,0.9166666666666666,0.25,0.8507674084500678,0.2318303287853689,0.0,0.25,25.10350436239121,20000116
SPT-Threshold,12.352645137825796,8,0.6666666666666666,0.5311557997913378,0.8333333333333334,0.33333333333333337,0.8353224668808554,0.21786559873153863,0.0,0.2708333333333333,22.489980310823192,20000117
SPT-Threshold,13.70300014728491,9,0.75,0.6158576616612064,0.8333333333333334,0.25,0.7803808454473865,0.2646491987938498,0.0,0.1875,23.59101754665491,20000118
SPT-Threshold,14.36683098543882,9,0.75,0.6608535575830475,0.75,0.25,0.8211886443448678,0.2551433264937248,0.0,0.20833333333333334,23.09108796138642,20000119
SPT-Threshold,12.932715885971987,8,0.6666666666666666,0.5454477129649112,0.8333333333333334,0.33333333333333337,0.8690033991342636,0.24703141671809972,0.0,0.22916666666666666,24.764413015643584,20000120
SPT-Threshold,10.360419772821887,7,0.5833333333333334,0.48204427401468103,0.6666666666666666,0.41666666666666663,0.7738670382775616,0.24353366012617103,0.0,0.25,21.849339720883833,20000121
SPT-Threshold,12.094973717529397,8,0.6666666666666666,0.5733790662262425,0.75,0.33333333333333337,0.7890980806407528,0.23685724235522343,0.0,0.22916666666666666,21.972836361888056,20000122
SPT-Threshold,15.53076119200974,10,0.8333333333333334,0.7634419695565833,0.9166666666666666,0.16666666666666663,0.8160848157831365,0.2663378628582587,0.0,0.1875,24.302868671155995,20000123
SPT-Threshold,13.170209058698333,9,0.75,0.5818047891872653,0.8333333333333334,0.25,0.8264204322457832,0.2474760759598061,0.0,0.20833333333333334,23.803589401067555,20000124
SPT-Threshold,11.918686458316948,8,0.6666666666666666,0.4955808936130427,0.8333333333333334,0.33333333333333337,0.8367016487726474,0.22400196657185845,0.0,0.22916666666666666,23.62641401665692,20000125
SPT-Threshold,12.488892051925692,8,0.6666666666666666,0.5795718314350314,0.75,0.33333333333333337,0.7953709531470962,0.2573269158396791,0.0,0.22916666666666666,23.282873102101846,20000126
SPT-Threshold,10.624732623813642,7,0.5833333333333334,0.46950071682809574,0.75,0.41666666666666663,0.8334250844407366,0.24000908718451355,0.0,0.20833333333333334,24.263051399451896,20000127
SPT-Threshold,13.362631550665732,9,0.75,0.5964852057144181,0.8333333333333334,0.25,0.7970315029899081,0.22738520269280005,0.0,0.22916666666666666,22.894510002399166,20000128
SPT-Threshold,13.635897468910322,9,0.75,0.6504589749566678,0.75,0.25,0.8007431039068793,0.24732197135591957,0.0,0.20833333333333334,22.593769331535068,20000129
SPT-Threshold,15.377973321405909,10,0.8333333333333334,0.7262316595939903,0.8333333333333334,0.16666666666666663,0.8242207873966043,0.2644161313087731,0.0,0.20833333333333334,23.120536975820546,20000130
SPT-Threshold,11.276746000432816,7,0.5833333333333334,0.47826883576212276,0.75,0.41666666666666663,0.8636485611833491,0.21894462522931316,0.0,0.2708333333333333,23.200349480382243,20000131
SPT-Threshold,8.841041200905115,6,0.5,0.35719617017956334,0.8333333333333334,0.5,0.790744364530017,0.22159529487774784,0.0,0.22916666666666666,23.816654603477115,20000132
SPT-Threshold,15.60425995125015,10,0.8333333333333334,0.7387606903405846,0.9166666666666666,0.16666666666666663,0.8043806431661316,0.23033713215113216,0.0,0.1875,23.99827300182454,20000133
SPT-Threshold,14.00154595031299,9,0.75,0.6267089652420056,0.8333333333333334,0.25,0.8178087460349853,0.22595415803981853,0.0,0.1875,24.34795895029801,20000134
SPT-Threshold,14.094130468331397,9,0.75,0.6442223747770095,0.8333333333333334,0.25,0.8997588807385156,0.3007429950759181,0.0,0.1875,25.119493211155568,20000135
SPT-Threshold,13.81591632591023,9,0.75,0.6490291308879543,0.8333333333333334,0.25,0.8204565124655993,0.26646830266086924,0.0,0.20833333333333334,22.70023486514647,20000136
SPT-Threshold,15.981336043765436,10,0.8333333333333334,0.744723640314481,0.8333333333333334,0.16666666666666663,0.8391922787066132,0.2330728232924634,0.0,0.22916666666666666,23.60753362734276,20000137
SPT-Threshold,12.028991416415247,8,0.6666666666666666,0.5517000540450726,0.75,0.33333333333333337,0.7837655169785185,0.24504392459855126,0.0,0.25,21.379351673898018,20000138
SPT-Threshold,12.410735980561368,8,0.6666666666666666,0.5483547307794763,0.8333333333333334,0.33333333333333337,0.8069648730444859,0.21360500432977014,0.0,0.25,22.794496444000227,20000139
SPT-Threshold,15.41762710593005,10,0.8333333333333334,0.7315883054095353,0.9166666666666666,0.16666666666666663,0.8085457386490357,0.2055597845070415,0.0,0.20833333333333334,25.042967151969904,20000140
SPT-Threshold,8.816067849984991,6,0.5,0.3545502663061802,0.75,0.5,0.8257652917894713,0.2495501098029614,0.0,0.20833333333333334,22.94896944337506,20000141
SPT-Threshold,10.461232365152998,7,0.5833333333333334,0.43309645782445577,0.75,0.41666666666666663,0.8132357266978337,0.21506527247613527,0.0,0.2708333333333333,21.796117062671442,20000142
SPT-Threshold,10.696475557084058,7,0.5833333333333334,0.47645403458563856,0.6666666666666666,0.41666666666666663,0.8037399060541569,0.23253553177754727,0.0,0.25,22.15950209727272,20000143
SPT-Threshold,15.807919655262817,10,0.8333333333333334,0.7526510246969337,0.8333333333333334,0.16666666666666663,0.8538359133202897,0.24896655563467393,0.0,0.20833333333333334,25.599463430157837,20000144
SPT-Threshold,14.049770629132519,9,0.75,0.6444162346601263,0.8333333333333334,0.25,0.842607213396327,0.23669509840567707,0.0,0.25,24.475825814977338,20000145
SPT-Threshold,12.844923836532587,8,0.6666666666666666,0.5509572840261097,0.75,0.33333333333333337,0.8335514911810415,0.18817262638877508,0.0,0.2708333333333333,22.79273815431767,20000146
SPT-Threshold,13.707831419942876,9,0.75,0.5885938059686346,0.8333333333333334,0.25,0.7930893160083837,0.20820308332016904,0.0,0.22916666666666666,22.051076464428018,20000147
SPT-Threshold,12.555138016381616,8,0.6666666666666666,0.5744576125837353,0.75,0.33333333333333337,0.8189139625439692,0.22254084791182605,0.0,0.25,22.99006899670751,20000148
SPT-Threshold,12.101751371698013,8,0.6666666666666666,0.5245171277167621,0.8333333333333334,0.33333333333333337,0.8730656768705334,0.2932182503380645,0.0,0.1875,24.798086484451556,20000149
SPT-Threshold,14.006070499711358,9,0.75,0.6463846667032761,0.8333333333333334,0.25,0.7967678806764903,0.21191425962906632,0.0,0.22916666666666666,23.072652197945533,20000150
SPT-Threshold,11.647197500494546,8,0.6666666666666666,0.5099611516378894,0.8333333333333334,0.33333333333333337,0.8146987038882655,0.23489335504016198,0.0,0.20833333333333334,24.14127917461669,20000151
SPT-Threshold,12.664487617130924,8,0.6666666666666666,0.5647825825943751,0.75,0.33333333333333337,0.8320251278637718,0.22775580425818945,0.0,0.2708333333333333,21.968362151900788,20000152
SPT-Threshold,12.368353062183502,8,0.6666666666666666,0.5667183265674959,0.8333333333333334,0.33333333333333337,0.8367241583190873,0.24872607227586338,0.0,0.1875,25.41800217852436,20000153
SPT-Threshold,12.531649674545735,8,0.6666666666666666,0.5600787000709778,0.8333333333333334,0.33333333333333337,0.8806064626208295,0.2444765719909671,0.0,0.25,23.74495010271492,20000154
SPT-Threshold,12.136988097991845,8,0.6666666666666666,0.509414760235153,0.75,0.33333333333333337,0.8066781628072642,0.19564567475329997,0.0,0.25,23.040024730014768,20000155
SPT-Threshold,13.990794410330505,9,0.75,0.639649995988065,0.75,0.25,0.8386874918766672,0.24518958412902334,0.0,0.25,23.289746710945284,20000156
SPT-Threshold,12.100097397788103,8,0.6666666666666666,0.4888921717756274,0.8333333333333334,0.33333333333333337,0.8523642540451345,0.24573492875458747,0.0,0.22916666666666666,24.46410455375487,20000157
SPT-Threshold,13.974772653699072,9,0.75,0.6466007077789718,0.75,0.25,0.8335427192618067,0.2487707916066125,0.0,0.20833333333333334,24.20759185055316,20000158
SPT-Threshold,10.430683054942648,7,0.5833333333333334,0.4345761684649221,0.75,0.41666666666666663,0.7964417317588482,0.2482891689429101,0.0,0.20833333333333334,22.91258020105342,20000159
SPT-Threshold,10.233282691189249,7,0.5833333333333334,0.3815027243115575,0.8333333333333334,0.41666666666666663,0.839063665859701,0.23237982682900593,0.0,0.22916666666666666,24.348346327791397,20000160
SPT-Threshold,13.79695403386513,9,0.75,0.5745665090385498,0.8333333333333334,0.25,0.8405840680975237,0.18403142410434528,0.0,0.22916666666666666,23.806615161609635,20000161
SPT-Threshold,12.840874585787992,8,0.6666666666666666,0.5691130925991505,0.75,0.33333333333333337,0.8248977312145093,0.21784800970222595,0.0,0.2708333333333333,22.86726396589236,20000162
SPT-Threshold,16.030199899035445,10,0.8333333333333334,0.7545603602842559,0.8333333333333334,0.16666666666666663,0.8106854684566599,0.23837360842174937,0.0,0.20833333333333334,23.568240728230677,20000163
SPT-Threshold,12.524340215123592,8,0.6666666666666666,0.5721724402323674,0.6666666666666666,0.33333333333333337,0.8284237670519685,0.24570090936804878,0.0,0.25,23.080465897491667,20000164
SPT-Threshold,15.216658432168659,10,0.8333333333333334,0.7309865993127908,0.8333333333333334,0.16666666666666663,0.8588679568911027,0.2579451059169287,0.0,0.20833333333333334,24.20902156505921,20000165
SPT-Threshold,10.678176538526898,7,0.5833333333333334,0.4641648630083144,0.8333333333333334,0.41666666666666663,0.8643167331622901,0.26751307972364097,0.0,0.20833333333333334,24.38734878095237,20000166
SPT-Threshold,13.260130430308827,9,0.75,0.586631542442043,0.8333333333333334,0.25,0.8015634761002154,0.22056426271521734,0.0,0.20833333333333334,23.346521692296022,20000167
SPT-Threshold,11.649457428388317,8,0.6666666666666666,0.514592866181199,0.75,0.33333333333333337,0.7799681514503716,0.2611951590572745,0.0,0.20833333333333334,22.376114969698033,20000168
SPT-Threshold,15.839471679718658,10,0.8333333333333334,0.7309586569375609,0.8333333333333334,0.16666666666666663,0.8573044453642416,0.23517430799970118,0.0,0.22916666666666666,24.53357685699466,20000169
SPT-Threshold,10.425712384121864,7,0.5833333333333334,0.45728338402958146,0.75,0.41666666666666663,0.7939758710344765,0.2398209677076252,0.0,0.22916666666666666,21.504670607807114,20000170
SPT-Threshold,15.873023568731822,10,0.8333333333333334,0.7438545728754695,0.9166666666666666,0.16666666666666663,0.840389752806637,0.2526450505939711,0.0,0.1875,24.95705972528137,20000171
SPT-Threshold,16.02252186931135,10,0.8333333333333334,0.7729512789821454,0.9166666666666666,0.16666666666666663,0.8581418897932114,0.256068781303316,0.0,0.20833333333333334,25.091090902072004,20000172
SPT-Threshold,16.19358261472231,10,0.8333333333333334,0.7387637415692566,0.8333333333333334,0.16666666666666663,0.8373576040035582,0.24763983502392875,0.0,0.22916666666666666,24.52574222187081,20000173
SPT-Threshold,16.031228252444215,10,0.8333333333333334,0.7505931139326821,0.8333333333333334,0.16666666666666663,0.8617077827336229,0.2507511816070747,0.0,0.20833333333333334,24.64921124902791,20000174
SPT-Threshold,8.670329477239687,6,0.5,0.34225766407888053,0.8333333333333334,0.5,0.788492680746003,0.22167505614667207,0.0,0.25,22.611523927968726,20000175
SPT-Threshold,11.789400780291801,8,0.6666666666666666,0.5000556585550514,0.8333333333333334,0.33333333333333337,0.8093152503915452,0.2561118699409202,0.0,0.1875,24.26175670219776,20000176
SPT-Threshold,14.141183262193,9,0.75,0.6474880699559009,0.8333333333333334,0.25,0.8444166070011834,0.2467138285374927,0.0,0.20833333333333334,25.125840328083978,20000177
SPT-Threshold,14.531804655005025,9,0.75,0.6597468870413387,0.8333333333333334,0.25,0.8616798546981371,0.2500845580831839,0.0,0.22916666666666666,26.014339996108937,20000178
SPT-Threshold,12.283166616875882,8,0.6666666666666666,0.5379808867540236,0.75,0.33333333333333337,0.8396962736002681,0.22375146953064343,0.0,0.25,23.792934538295334,20000179
SPT-Threshold,13.081698747640344,8,0.6666666666666666,0.6088727276197684,0.75,0.33333333333333337,0.8211713880928969,0.23147042486271188,0.0,0.25,23.112997769667636,20000180
SPT-Threshold,13.47027664670086,9,0.75,0.554694581043458,0.9166666666666666,0.25,0.8317029946434288,0.24892382024358325,0.0,0.16666666666666666,25.298009870175786,20000181
SPT-Threshold,14.589875627013143,9,0.75,0.6666221701480307,0.75,0.25,0.8489387907164462,0.23322682747508147,0.0,0.2708333333333333,22.915674160749433,20000182
SPT-Threshold,10.087176028165848,7,0.5833333333333334,0.4453141411369856,0.6666666666666666,0.41666666666666663,0.785240090559402,0.24361796485988008,0.0,0.22916666666666666,21.61115061808692,20000183
SPT-Threshold,11.972019882181657,8,0.6666666666666666,0.5022269357623534,0.75,0.33333333333333337,0.8246489408474815,0.199448409842968,0.0,0.2708333333333333,22.763115688150364,20000184
SPT-Threshold,13.989291725682337,9,0.75,0.5987364907525622,0.8333333333333334,0.25,0.8431600816081741,0.23271876811668632,0.0,0.22916666666666666,25.031842789119565,20000185
SPT-Threshold,14.021081399372457,9,0.75,0.5886222259008872,0.8333333333333334,0.25,0.8376247260644835,0.1933023774043248,0.0,0.22916666666666666,24.089770473568006,20000186
SPT-Threshold,12.738334748029008,8,0.6666666666666666,0.5681454699773176,0.75,0.33333333333333337,0.8205331206810665,0.26385375393520477,0.0,0.22916666666666666,23.25750291334274,20000187
SPT-Threshold,14.05974732010963,9,0.75,0.6447684144345572,0.8333333333333334,0.25,0.8612819851411851,0.2675049403872393,0.0,0.20833333333333334,24.695123270048732,20000188
SPT-Threshold,10.559917136321857,7,0.5833333333333334,0.43420849706681097,0.75,0.41666666666666663,0.8192222665625192,0.20407858144951385,0.0,0.25,22.900520937540726,20000189
SPT-Threshold,15.596129633603317,10,0.8333333333333334,0.7569314582271947,0.8333333333333334,0.16666666666666663,0.8611591961260837,0.27964848566622497,0.0,0.20833333333333334,24.544841682370503,20000190
SPT-Threshold,18.37123997181329,12,1.0,1.0,1.0,0.0,0.8495240969819527,0.20452868232150723,0.0,0.2916666666666667,22.64249914146599,20000191
SPT-Threshold,14.14517918824452,9,0.75,0.6526739234919968,0.8333333333333334,0.25,0.8595140540809956,0.2544358873049984,0.0,0.22916666666666666,25.41883665188538,20000192
SPT-Threshold,14.40393290659414,9,0.75,0.6401973228041811,0.8333333333333334,0.25,0.871886698443436,0.276584615851727,0.0,0.1875,26.517659396831842,20000193
SPT-Threshold,13.933791161549482,9,0.75,0.6510424576292434,0.75,0.25,0.8321628275916423,0.2780593804262825,0.0,0.22916666666666666,23.61273520927756,20000194
SPT-Threshold,11.687473130952615,8,0.6666666666666666,0.5123092750168843,0.75,0.33333333333333337,0.8155599794727272,0.27016607146378374,0.0,0.20833333333333334,23.586746240706034,20000195
SPT-Threshold,16.108739119434485,10,0.8333333333333334,0.7377106688030575,0.8333333333333334,0.16666666666666663,0.8559657761955854,0.2388555556834301,0.0,0.1875,25.848365002723074,20000196
SPT-Threshold,10.742744066234907,7,0.5833333333333334,0.473332700871016,0.75,0.41666666666666663,0.8263943157547008,0.22785198837534323,0.0,0.22916666666666666,23.635778926888662,20000197
SPT-Threshold,12.490465993847877,8,0.6666666666666666,0.5153492591592281,0.8333333333333334,0.33333333333333337,0.8227449832365048,0.2131695858088037,0.0,0.25,23.832912700594523,20000198
SPT-Threshold,13.888524484652542,9,0.75,0.6314976372312232,0.75,0.25,0.8060237774240436,0.24621851991497298,0.0,0.22916666666666666,22.47675463692483,20000199
SPT-Threshold,12.3289165971764,8,0.6666666666666666,0.5224494098786973,0.8333333333333334,0.33333333333333337,0.849203717393682,0.2719185389171314,0.0,0.20833333333333334,23.996634421853948,20000200
SPT-Threshold,12.71053440668699,8,0.6666666666666666,0.5407624922303051,0.75,0.33333333333333337,0.8052887016477914,0.20949551622463672,0.0,0.25,22.79437592683375,20000201
SPT-Threshold,14.531719748207847,9,0.75,0.6289401140908646,0.8333333333333334,0.25,0.8554444424822624,0.23090652963932357,0.0,0.25,23.90523415232142,20000202
SPT-Threshold,15.522217227442566,10,0.8333333333333334,0.6965775822443484,0.9166666666666666,0.16666666666666663,0.8383841528949484,0.244604120595993,0.0,0.20833333333333334,24.21888205564536,20000203
SPT-Threshold,8.867900978223116,6,0.5,0.34873736614820156,0.75,0.5,0.8111776918361672,0.20666634996587166,0.0,0.25,22.51801341142093,20000204
SPT-Threshold,14.270348556194795,9,0.75,0.6413273286041786,0.9166666666666666,0.25,0.8369616989781582,0.22644184447056995,0.0,0.1875,24.844207544387967,20000205
SPT-Threshold,10.063148991024725,7,0.5833333333333334,0.43049251308437086,0.6666666666666666,0.41666666666666663,0.8108399867846989,0.25277457817812493,0.0,0.25,22.653913155759454,20000206
SPT-Threshold,9.354569881206254,6,0.5,0.3949894033398009,0.75,0.5,0.8352303754461742,0.2273884987775998,0.0,0.2708333333333333,22.834313883233364,20000207
SPT-Threshold,10.806314228459225,7,0.5833333333333334,0.4611858378825413,0.75,0.41666666666666663,0.8460806818688399,0.23363072824006315,0.0,0.22916666666666666,23.99023921037124,20000208
SPT-Threshold,14.071972736024767,9,0.75,0.6357340313044381,0.75,0.25,0.8228522714479661,0.24350118790594374,0.0,0.20833333333333334,23.431376485116644,20000209
SPT-Threshold,16.400571616536144,10,0.8333333333333334,0.7375494036877712,1.0,0.16666666666666663,0.876283546906286,0.22032642812921358,0.0,0.20833333333333334,26.970653446785498,20000210
SPT-Threshold,12.19784121985335,8,0.6666666666666666,0.522142212652532,0.8333333333333334,0.33333333333333337,0.7957584065065708,0.2017033331668828,0.0,0.25,22.987804636989164,20000211
SPT-Threshold,14.135032454954018,9,0.75,0.6286045128169919,0.9166666666666666,0.25,0.8183479888646178,0.21371529033531408,0.0,0.1875,24.37051290286078,20000212
SPT-Threshold,12.232823546995451,8,0.6666666666666666,0.5238120440239592,0.8333333333333334,0.33333333333333337,0.8555842292389159,0.23909264957854312,0.0,0.20833333333333334,24.865871091828275,20000213
SPT-Threshold,10.195474448648088,7,0.5833333333333334,0.47235253432865104,0.6666666666666666,0.41666666666666663,0.7914559724542141,0.22377851050760475,0.0,0.2708333333333333,20.76584149935925,20000214
SPT-Threshold,14.202461618093544,9,0.75,0.6733589294216786,0.75,0.25,0.8684569910240111,0.2919096629609234,0.0,0.22916666666666666,24.496149811285132,20000215
SPT-Threshold,13.755614465375622,9,0.75,0.5918745476773327,0.8333333333333334,0.25,0.8178593403192839,0.22231647830904736,0.0,0.1875,24.92681890864501,20000216
SPT-Threshold,13.990237234669712,9,0.75,0.6190130503429747,0.9166666666666666,0.25,0.8689392726319679,0.2563543076667183,0.0,0.1875,25.41633891398378,20000217
SPT-Threshold,11.643368343467797,8,0.6666666666666666,0.5172311832371423,0.8333333333333334,0.33333333333333337,0.8004259064054841,0.23033193283474182,0.0,0.25,23.373247146056823,20000218
SPT-Threshold,12.100731714023464,8,0.6666666666666666,0.532299398700971,0.8333333333333334,0.33333333333333337,0.8064906259864659,0.22190909863525898,0.0,0.25,22.866327230981735,20000219
SPT-Threshold,14.160978912517937,9,0.75,0.6303731074305181,0.8333333333333334,0.25,0.8016645474241905,0.18545866656154583,0.0,0.25,22.871722080077486,20000220
SPT-Threshold,16.074842033840415,10,0.8333333333333334,0.7218004764800148,0.9166666666666666,0.16666666666666663,0.8689012355762609,0.23135874449520655,0.0,0.22916666666666666,24.740078031398905,20000221
SPT-Threshold,15.411652152262375,10,0.8333333333333334,0.7102812626362262,0.8333333333333334,0.16666666666666663,0.8219034589663106,0.24666439493530856,0.0,0.20833333333333334,24.1362339026551,20000222
SPT-Threshold,15.306235953626677,10,0.8333333333333334,0.7068713477618151,0.8333333333333334,0.16666666666666663,0.8487177767244534,0.2536056250075776,0.0,0.22916666666666666,24.2397163366854,20000223
SPT-Threshold,12.600830845983594,8,0.6666666666666666,0.5405422606666327,0.8333333333333334,0.33333333333333337,0.82346601365678,0.23261649093312006,0.0,0.20833333333333334,24.33586161995056,20000224
SPT-Threshold,15.423568092153852,10,0.8333333333333334,0.7346579660510704,0.9166666666666666,0.16666666666666663,0.8391551531013283,0.29500790651185443,0.0,0.16666666666666666,25.426336990697017,20000225
SPT-Threshold,12.602324361424301,8,0.6666666666666666,0.5660271452621349,0.75,0.33333333333333337,0.8500739445591536,0.2388613015356897,0.0,0.22916666666666666,24.52653091341568,20000226
SPT-Threshold,12.275823745113152,8,0.6666666666666666,0.48772766678675045,0.9166666666666666,0.33333333333333337,0.8478094732287454,0.23398229887305003,0.0,0.1875,26.079083463382904,20000227
SPT-Threshold,9.960492409359247,7,0.5833333333333334,0.38225299114328604,0.8333333333333334,0.41666666666666663,0.8336794116262943,0.24638069891222472,0.0,0.20833333333333334,23.762264743179234,20000228
SPT-Threshold,13.066383860281347,8,0.6666666666666666,0.573464216035302,0.8333333333333334,0.33333333333333337,0.858904282032261,0.27076174651802015,0.0,0.1875,25.651469626792945,20000229
SPT-Threshold,14.537640780089477,9,0.75,0.6703448428519808,0.8333333333333334,0.25,0.8376777681887216,0.24613746086952482,0.0,0.20833333333333334,25.00952978921411,20000230
SPT-Threshold,11.452055770578523,8,0.6666666666666666,0.47994074649170354,0.8333333333333334,0.33333333333333337,0.834871525863354,0.28411040688617506,0.0,0.1875,24.129247221383462,20000231
SPT-Threshold,9.012636347741639,6,0.5,0.3411175607829932,0.75,0.5,0.800629211576271,0.20099699705978832,0.0,0.25,22.03313281239366,20000232
SPT-Threshold,14.749610782449386,9,0.75,0.6716510977807935,0.8333333333333334,0.25,0.8113666569626018,0.2186970880736403,0.0,0.25,24.345079718416894,20000233
SPT-Threshold,12.19245431550219,8,0.6666666666666666,0.532248495775704,0.6666666666666666,0.33333333333333337,0.7953341344010947,0.19347487988481923,0.0,0.2916666666666667,21.616308746368045,20000234
SPT-Threshold,13.370941548575834,9,0.75,0.6064033237738624,0.8333333333333334,0.25,0.784502723320046,0.20521412574559095,0.0,0.25,20.909598563538243,20000235
SPT-Threshold,16.022227888191985,10,0.8333333333333334,0.7179037540308906,0.9166666666666666,0.16666666666666663,0.8781047680811653,0.2556336114324467,0.0,0.1875,25.209200361735213,20000236
SPT-Threshold,11.350569264502967,7,0.5833333333333334,0.49335464568672455,0.75,0.41666666666666663,0.8647864570293148,0.2584851676003584,0.0,0.22916666666666666,25.82944700523378,20000237
SPT-Threshold,10.767310644785226,7,0.5833333333333334,0.4367439551612155,0.8333333333333334,0.41666666666666663,0.8452831150767833,0.2619014457948406,0.0,0.20833333333333334,24.659356276902752,20000238
SPT-Threshold,12.421292560737331,8,0.6666666666666666,0.5773742105912917,0.75,0.33333333333333337,0.8552723870780378,0.2926295016106357,0.0,0.1875,24.89058426863046,20000239
SPT-Threshold,12.55064301240769,8,0.6666666666666666,0.5904572014902925,0.75,0.33333333333333337,0.8292665948814784,0.2738855600913454,0.0,0.22916666666666666,23.39612755404221,20000240
SPT-Threshold,12.05066740995528,8,0.6666666666666666,0.5408385989798276,0.75,0.33333333333333337,0.8220586171791341,0.27665786185545416,0.0,0.20833333333333334,23.201285916942265,20000241
SPT-Threshold,17.03181199459112,11,0.9166666666666666,0.8252998982970137,1.0,0.08333333333333337,0.8405785465839702,0.2314427735868504,0.0,0.16666666666666666,24.856773755555427,20000242
SPT-Threshold,10.551719448500265,7,0.5833333333333334,0.5055880966463897,0.6666666666666666,0.41666666666666663,0.8022181798157587,0.2543819041361706,0.0,0.22916666666666666,22.65423306722124,20000243
SPT-Threshold,14.363555669756622,9,0.75,0.6700919068561599,0.8333333333333334,0.25,0.8604932508247378,0.2337453329858907,0.0,0.1875,25.555104839906775,20000244
SPT-Threshold,14.710816888294222,9,0.75,0.6812770110128694,0.8333333333333334,0.25,0.8428486349275338,0.24435633650780308,0.0,0.22916666666666666,24.308615190530926,20000245
SPT-Threshold,15.671079903065328,10,0.8333333333333334,0.7281419856309699,0.9166666666666666,0.16666666666666663,0.8487529830647657,0.29126101677212446,0.0,0.16666666666666666,26.218916142985265,20000246
SPT-Threshold,14.033374410617725,9,0.75,0.6129356844303889,0.8333333333333334,0.25,0.8485661647241928,0.24117667319600736,0.0,0.22916666666666666,23.3953194168572,20000247
SPT-Threshold,19.826697967543527,12,1.0,1.0,1.0,0.0,0.9023821143054644,0.229168231005877,0.0,0.1875,26.2381970913343,20000248
SPT-Threshold,10.39836929739516,7,0.5833333333333334,0.45318205207818024,0.75,0.41666666666666663,0.8621652146254374,0.26929040697040524,0.0,0.25,23.721297666021016,20000249
SPT-Threshold,15.535432137730787,10,0.8333333333333334,0.6965656247409149,0.9166666666666666,0.16666666666666663,0.8351453776569153,0.2572005489838493,0.0,0.16666666666666666,25.323892689008826,20000250
SPT-Threshold,15.53682106305073,10,0.8333333333333334,0.7363951948129355,0.8333333333333334,0.16666666666666663,0.8128058110591221,0.2533740896978249,0.0,0.1875,24.105993722510924,20000251
SPT-Threshold,15.962583661696943,10,0.8333333333333334,0.7613088552079311,0.9166666666666666,0.16666666666666663,0.8319367016748253,0.2521092420922791,0.0,0.1875,25.695065531543943,20000252
SPT-Threshold,14.5064574373732,9,0.75,0.6403386472121143,0.75,0.25,0.8284567744960293,0.21028828813728082,0.0,0.25,23.1119960686911,20000253
SPT-Threshold,14.233852430643164,9,0.75,0.6380048724411231,0.8333333333333334,0.25,0.8727135976201614,0.2829268425797069,0.0,0.1875,25.530286596485194,20000254
SPT-Threshold,14.096447261472154,9,0.75,0.6829389900107516,0.75,0.25,0.7890762156147,0.2851442313813594,0.0,0.20833333333333334,22.865665119456583,20000255
SPT-Threshold,12.142669988943316,8,0.6666666666666666,0.5366458614528008,0.75,0.33333333333333337,0.8181093584111959,0.27299541078890854,0.0,0.1875,23.67576657702204,20000256
SPT-Threshold,9.928520278634439,7,0.5833333333333334,0.44797318873789316,0.75,0.41666666666666663,0.7996668732217841,0.2415288934066455,0.0,0.20833333333333334,22.212744938324736,20000257
SPT-Threshold,13.885596886451856,9,0.75,0.6209053733690807,0.8333333333333334,0.25,0.8201370372228801,0.22696108442515406,0.0,0.25,22.463900340895297,20000258
SPT-Threshold,11.784770919186968,8,0.6666666666666666,0.5464672160067006,0.75,0.33333333333333337,0.8142797680196168,0.25030806635422415,0.0,0.22916666666666666,23.07366444484949,20000259
SPT-Threshold,10.435826852350624,7,0.5833333333333334,0.50793887816446,0.6666666666666666,0.41666666666666663,0.814297026156226,0.2757439857361591,0.0,0.22916666666666666,22.672669780292075,20000260
SPT-Threshold,10.573614954082819,7,0.5833333333333334,0.46947222401539496,0.6666666666666666,0.41666666666666663,0.8638131107697083,0.28353816703860096,0.0,0.25,23.451120232141,20000261
SPT-Threshold,11.826781766211933,8,0.6666666666666666,0.5421598918481275,0.75,0.33333333333333337,0.8537835071728912,0.28809508781105764,0.0,0.20833333333333334,23.58967788847604,20000262
SPT-Threshold,14.024073556022602,9,0.75,0.6142297795905366,0.9166666666666666,0.25,0.8177867771127009,0.1988268351017053,0.0,0.20833333333333334,24.954303354996267,20000263
SPT-Threshold,12.150999347239603,8,0.6666666666666666,0.5184666437872427,0.75,0.33333333333333337,0.8366899367020699,0.24402980263384236,0.0,0.22916666666666666,23.667212955778293,20000264
SPT-Threshold,15.638654233763345,10,0.8333333333333334,0.707408697138253,0.9166666666666666,0.16666666666666663,0.8107828493076704,0.17471541197461896,0.0,0.2708333333333333,23.955822284899607,20000265
SPT-Threshold,14.914011299254236,10,0.8333333333333334,0.6968811769218228,0.8333333333333334,0.16666666666666663,0.8327004648573372,0.25721609689265024,0.0,0.1875,24.012026762637785,20000266
SPT-Threshold,12.52011054811198,8,0.6666666666666666,0.5818682535093879,0.6666666666666666,0.33333333333333337,0.8196393475129146,0.2627160479538209,0.0,0.22916666666666666,22.30217829955171,20000267
SPT-Threshold,12.139135249461694,8,0.6666666666666666,0.5377000072591075,0.75,0.33333333333333337,0.8136711897142792,0.24672631641677212,0.0,0.22916666666666666,22.779506065391775,20000268
SPT-Threshold,14.215674395916317,9,0.75,0.6475751487256022,0.75,0.25,0.8579396576746819,0.25078874694393527,0.0,0.20833333333333334,24.672797167751984,20000269
SPT-Threshold,12.232480893463864,8,0.6666666666666666,0.49152758977982214,0.8333333333333334,0.33333333333333337,0.830004539000326,0.20716213099893235,0.0,0.25,23.08936452797612,20000270
SPT-Threshold,14.420523823016175,9,0.75,0.6636171711521411,0.8333333333333334,0.25,0.8528691232732832,0.24198006650141654,0.0,0.1875,25.472903637409907,20000271
SPT-Threshold,18.097416281621232,11,0.9166666666666666,0.8523919307612948,0.9166666666666666,0.08333333333333337,0.8135468620323506,0.19239727919227623,0.0,0.22916666666666666,24.848513060279494,20000272
SPT-Threshold,15.610183860762596,10,0.8333333333333334,0.7129806173272106,0.8333333333333334,0.16666666666666663,0.8557476403170948,0.2549401778556321,0.0,0.20833333333333334,25.137771028694747,20000273
SPT-Threshold,11.99402099866607,8,0.6666666666666666,0.5143486781156442,0.8333333333333334,0.33333333333333337,0.8288449949385374,0.2680726194790196,0.0,0.20833333333333334,23.270681426539255,20000274
SPT-Threshold,13.541904091567677,9,0.75,0.62864742621005,0.8333333333333334,0.25,0.8324225317579756,0.2417463273116617,0.0,0.22916666666666666,23.532609948424096,20000275
SPT-Threshold,12.434307945361564,8,0.6666666666666666,0.5379126982647277,0.75,0.33333333333333337,0.8169789577452128,0.22104992977142843,0.0,0.22916666666666666,22.833933567732597,20000276
SPT-Threshold,13.666967759432202,9,0.75,0.6245243132724361,0.75,0.25,0.7979420584001778,0.243175257754071,0.0,0.20833333333333334,23.714691248860998,20000277
SPT-Threshold,10.532978524618152,7,0.5833333333333334,0.4529602472046542,0.75,0.41666666666666663,0.7968023133613961,0.21220411897219468,0.0,0.2708333333333333,22.02377327877498,20000278
SPT-Threshold,13.690059211846203,9,0.75,0.6226850247654915,0.75,0.25,0.7969574139890173,0.21246312279641832,0.0,0.25,22.63743332451859,20000279
SPT-Threshold,13.393847894072678,9,0.75,0.625245853519778,0.9166666666666666,0.25,0.812363192772922,0.22386437107007115,0.0,0.20833333333333334,25.020140704687098,20000280
SPT-Threshold,15.372663744986818,10,0.8333333333333334,0.7440517128283824,0.8333333333333334,0.16666666666666663,0.8118714036876303,0.2427167763533792,0.0,0.22916666666666666,23.409267422540104,20000281
SPT-Threshold,12.398066277646423,8,0.6666666666666666,0.5478523020556594,0.75,0.33333333333333337,0.8634916633049013,0.24162936236767704,0.0,0.25,23.4463965480332,20000282
SPT-Threshold,15.047010777902443,10,0.8333333333333334,0.7002767983821189,0.8333333333333334,0.16666666666666663,0.8251054418324474,0.2258523953630804,0.0,0.22916666666666666,23.569182502416513,20000283
SPT-Threshold,12.54135085162251,8,0.6666666666666666,0.5549042246176072,0.8333333333333334,0.33333333333333337,0.7964235679779909,0.24282777488908047,0.0,0.20833333333333334,24.138561565271,20000284
SPT-Threshold,10.622891369552026,7,0.5833333333333334,0.43538904754903035,0.8333333333333334,0.41666666666666663,0.794821522471827,0.2137158950493586,0.0,0.22916666666666666,23.631459452591315,20000285
SPT-Threshold,12.548655936393537,8,0.6666666666666666,0.5865245924811183,0.6666666666666666,0.33333333333333337,0.8217730789786079,0.2779887733023509,0.0,0.22916666666666666,23.3434446405562,20000286
SPT-Threshold,17.052952030458535,11,0.9166666666666666,0.8331260482561131,0.9166666666666666,0.08333333333333337,0.8428243000496867,0.22294367712756225,0.0,0.1875,25.589045032160026,20000287
SPT-Threshold,13.578686472054883,9,0.75,0.6183793944150346,0.8333333333333334,0.25,0.8064883143565122,0.2358091971353676,0.0,0.1875,23.930002340988885,20000288
SPT-Threshold,16.250588131670945,10,0.8333333333333334,0.7313500391379221,0.9166666666666666,0.16666666666666663,0.8296370847933533,0.17666464875819285,0.0,0.25,24.330253820944108,20000289
SPT-Threshold,10.459807813826695,7,0.5833333333333334,0.43149429661011063,0.75,0.41666666666666663,0.809256914957853,0.23410999233379748,0.0,0.20833333333333334,22.966772560622065,20000290
SPT-Threshold,15.851674779653946,10,0.8333333333333334,0.74118907254355,0.9166666666666666,0.16666666666666663,0.8465128079263824,0.2223598942807329,0.0,0.22916666666666666,24.108746803616192,20000291
SPT-Threshold,10.63606753431716,7,0.5833333333333334,0.497457695514438,0.75,0.41666666666666663,0.8224013225632886,0.2511014887965699,0.0,0.22916666666666666,23.25177714091472,20000292
SPT-Threshold,13.933039215836432,9,0.75,0.6223811980982854,0.8333333333333334,0.25,0.8079523068022983,0.2227230079636303,0.0,0.22916666666666666,23.56264388485152,20000293
SPT-Threshold,10.829883082461283,7,0.5833333333333334,0.4644710159524587,0.75,0.41666666666666663,0.8348751776657405,0.2537776784125772,0.0,0.22916666666666666,22.846987125860615,20000294
SPT-Threshold,13.937862950440506,9,0.75,0.6280364418443886,0.75,0.25,0.8151423543633705,0.20380434400906264,0.0,0.2708333333333333,21.57376448137406,20000295
SPT-Threshold,12.430416013663832,8,0.6666666666666666,0.5485528376658452,0.75,0.33333333333333337,0.8581374829357271,0.2620317989989225,0.0,0.22916666666666666,24.68625294862983,20000296
SPT-Threshold,11.8119866879296,8,0.6666666666666666,0.4810213804269275,0.8333333333333334,0.33333333333333337,0.8176934347136849,0.21926821911330815,0.0,0.2916666666666667,21.573087659896153,20000297
SPT-Threshold,11.905215120711594,8,0.6666666666666666,0.5171543697421006,0.75,0.33333333333333337,0.8218346309165178,0.23470499799842282,0.0,0.22916666666666666,22.86456372277603,20000298
SPT-Threshold,11.742832418794814,8,0.6666666666666666,0.44857143672141375,0.9166666666666666,0.33333333333333337,0.8170021040193802,0.2185750028489585,0.0,0.22916666666666666,23.281595688433647,20000299
SPT-Threshold,12.465138662637424,8,0.6666666666666666,0.5579619991983538,0.75,0.33333333333333337,0.8560317986271677,0.2872327342430126,0.0,0.20833333333333334,24.74563495125436,20000300
SPT-Threshold,15.37409950934498,10,0.8333333333333334,0.7246974777084646,0.9166666666666666,0.16666666666666663,0.8294292393716303,0.2692785239003295,0.0,0.20833333333333334,24.39191230120921,20000301
SPT-Threshold,12.564511716029054,8,0.6666666666666666,0.5616721577736139,0.6666666666666666,0.33333333333333337,0.8095941267639576,0.22032676942717488,0.0,0.25,22.756407221755488,20000302
SPT-Threshold,10.685638668162404,7,0.5833333333333334,0.48314553922262704,0.8333333333333334,0.41666666666666663,0.8357871624781291,0.2351225958170573,0.0,0.22916666666666666,24.207521832343314,20000303
SPT-Threshold,15.287514617102593,10,0.8333333333333334,0.760098675084581,0.9166666666666666,0.16666666666666663,0.8432700038560884,0.2608838767832209,0.0,0.16666666666666666,25.748817939976785,20000304
SPT-Threshold,15.680245185798125,10,0.8333333333333334,0.7421160390139029,1.0,0.16666666666666663,0.83329239549042,0.22229898076395907,0.0,0.1875,25.37274139758409,20000305
SPT-Threshold,15.602256848431187,10,0.8333333333333334,0.6977029879231809,0.9166666666666666,0.16666666666666663,0.8325415376641292,0.21965397841627785,0.0,0.1875,25.61346873455789,20000306
SPT-Threshold,13.570678748520097,9,0.75,0.6243007937132935,0.75,0.25,0.8165602236072281,0.2551068110327792,0.0,0.25,22.700074128776425,20000307
SPT-Threshold,14.084038017246003,9,0.75,0.6288436219779537,0.8333333333333334,0.25,0.8349912849041488,0.29212184319257556,0.0,0.16666666666666666,24.570740034261764,20000308
SPT-Threshold,12.829788867197228,8,0.6666666666666666,0.5706219981695612,0.75,0.33333333333333337,0.8613425925443444,0.27115206047290674,0.0,0.22916666666666666,24.64709357806244,20000309
SPT-Threshold,15.428977162904367,10,0.8333333333333334,0.7254845942423319,0.9166666666666666,0.16666666666666663,0.8447591084787623,0.2277739529365439,0.0,0.25,23.821022467346005,20000310
SPT-Threshold,11.820148002348876,8,0.6666666666666666,0.5089903279733133,0.8333333333333334,0.33333333333333337,0.804642132865751,0.24526921415394107,0.0,0.22916666666666666,22.275303285156674,20000311
SPT-Threshold,14.563541466312966,9,0.75,0.6194896562592949,0.8333333333333334,0.25,0.845617176854824,0.19245928638599505,0.0,0.2708333333333333,23.76019799680768,20000312
SPT-Threshold,12.069934925263121,8,0.6666666666666666,0.5337317904687405,0.75,0.33333333333333337,0.846976500865161,0.26067132041914803,0.0,0.22916666666666666,23.395040179822143,20000313
SPT-Threshold,13.620945994020342,9,0.75,0.6151103606027896,0.8333333333333334,0.25,0.8269826797556828,0.25596151272776774,0.0,0.20833333333333334,23.77320963208363,20000314
SPT-Threshold,14.17091897112622,9,0.75,0.6182879015509912,0.8333333333333334,0.25,0.8489380974304482,0.24648331730025552,0.0,0.25,23.441746719321717,20000315
SPT-Threshold,10.329693863224612,7,0.5833333333333334,0.4694860039915692,0.6666666666666666,0.41666666666666663,0.8219550310440388,0.27141669853543815,0.0,0.22916666666666666,22.552140545017618,20000316
SPT-Threshold,14.292156727419489,9,0.75,0.6453480105640452,0.8333333333333334,0.25,0.8474915472091551,0.22479897694579054,0.0,0.22916666666666666,25.924388773750355,20000317
SPT-Threshold,10.540265369403269,7,0.5833333333333334,0.47769093577969635,0.75,0.41666666666666663,0.847724123996355,0.28810091822578393,0.0,0.20833333333333334,24.666265121938455,20000318
SPT-Threshold,10.976392647314148,7,0.5833333333333334,0.4916722312594497,0.75,0.41666666666666663,0.8396500418926546,0.2673928274115321,0.0,0.22916666666666666,24.030926363593164,20000319
SPT-Threshold,12.834969896083246,8,0.6666666666666666,0.5422492208455908,0.75,0.33333333333333337,0.8238759996219942,0.22502827603200792,0.0,0.25,22.749058974399595,20000320
SPT-Threshold,17.44465550642003,11,0.9166666666666666,0.8562878613321081,0.9166666666666666,0.08333333333333337,0.8141422753520883,0.23114110815786978,0.0,0.1875,24.790468404390193,20000321
SPT-Threshold,12.53733149131976,8,0.6666666666666666,0.5522888958952052,0.75,0.33333333333333337,0.8179241628186306,0.22831683251006687,0.0,0.22916666666666666,23.34851639113561,20000322
SPT-Threshold,9.320984911006889,6,0.5,0.409321306943568,0.8333333333333334,0.5,0.831284741330388,0.2527301868307293,0.0,0.20833333333333334,25.20985622470256,20000323
SPT-Threshold,14.422207632432636,9,0.75,0.687600168269735,0.8333333333333334,0.25,0.8503691327647189,0.2769258310333541,0.0,0.16666666666666666,26.74527382064756,20000324
SPT-Threshold,13.861552279895442,9,0.75,0.6214747940289866,0.9166666666666666,0.25,0.8227913979634002,0.253454969017941,0.0,0.16666666666666666,24.571666857611508,20000325
SPT-Threshold,12.752826729459482,8,0.6666666666666666,0.594063916148379,0.6666666666666666,0.33333333333333337,0.8110382147088012,0.2574112010134006,0.0,0.2708333333333333,22.006151549550577,20000326
SPT-Threshold,14.049629185068204,9,0.75,0.6100879519092697,0.8333333333333334,0.25,0.8306969136598171,0.20695114614975796,0.0,0.22916666666666666,24.360053278705188,20000327
SPT-Threshold,13.818075201443678,9,0.75,0.6122801820908391,0.8333333333333334,0.25,0.8262370162309045,0.2770973496879395,0.0,0.20833333333333334,23.61147668609289,20000328
SPT-Threshold,12.485395352486632,8,0.6666666666666666,0.5483443693991289,0.75,0.33333333333333337,0.825882349377327,0.2554543747656497,0.0,0.25,23.915020918835104,20000329
SPT-Threshold,13.710133525373719,9,0.75,0.6314914055749848,0.8333333333333334,0.25,0.7867337930222087,0.24454055060370763,0.0,0.1875,24.03209637342019,20000330
SPT-Threshold,13.332029487125736,9,0.75,0.6204120714928565,0.9166666666666666,0.25,0.8761767072784646,0.3081875146687987,0.0,0.14583333333333334,26.76314198390624,20000331
SPT-Threshold,12.439895152879892,8,0.6666666666666666,0.48192956005046156,0.9166666666666666,0.33333333333333337,0.8344963007689131,0.20803523369509982,0.0,0.20833333333333334,25.20797402106809,20000332
SPT-Threshold,11.784488291212378,8,0.6666666666666666,0.49822984038906537,0.8333333333333334,0.33333333333333337,0.8032848380498824,0.22855662455535752,0.0,0.25,21.624927285693794,20000333
SPT-Threshold,10.870302403969088,7,0.5833333333333334,0.4769029250318113,0.75,0.41666666666666663,0.8199292566003479,0.23482220295952713,0.0,0.25,22.52912900892057,20000334
SPT-Threshold,14.38578785652279,9,0.75,0.6522795961674056,0.8333333333333334,0.25,0.8239426124917326,0.2288813403486407,0.0,0.25,23.53073902749613,20000335
SPT-Threshold,11.879293395141346,8,0.6666666666666666,0.5277233331221927,0.75,0.33333333333333337,0.8534151984497397,0.2986659913846891,0.0,0.20833333333333334,22.338203008810456,20000336
SPT-Threshold,11.80542124139625,8,0.6666666666666666,0.5344478806385173,0.75,0.33333333333333337,0.8356626482961828,0.2769290974061565,0.0,0.20833333333333334,22.509961792405022,20000337
SPT-Threshold,18.154863643696693,11,0.9166666666666666,0.8588280477401384,0.9166666666666666,0.08333333333333337,0.8621450967013682,0.22516074321470003,0.0,0.20833333333333334,25.1952757859781,20000338
SPT-Threshold,15.56855220389331,10,0.8333333333333334,0.7313619783008846,0.8333333333333334,0.16666666666666663,0.8416121627604415,0.2572582905354947,0.0,0.20833333333333334,23.91671627832984,20000339
SPT-Threshold,11.898827165127669,8,0.6666666666666666,0.5398103122851725,0.6666666666666666,0.33333333333333337,0.8053361461673177,0.23001811994731533,0.0,0.2708333333333333,21.170208815081054,20000340
SPT-Threshold,13.935795352663519,9,0.75,0.6190377058252131,0.8333333333333334,0.25,0.8567649569579109,0.25202649644586866,0.0,0.22916666666666666,24.1431780582008,20000341
SPT-Threshold,15.027073402094027,10,0.8333333333333334,0.7215967034365264,0.8333333333333334,0.16666666666666663,0.8340231388452791,0.25605290477098375,0.0,0.22916666666666666,22.994535210808195,20000342
SPT-Threshold,12.254300236087266,8,0.6666666666666666,0.5474329592257798,0.75,0.33333333333333337,0.8014392249820329,0.2376933848054902,0.0,0.22916666666666666,23.41428290387399,20000343
SPT-Threshold,13.703668170652023,9,0.75,0.6365657661621974,0.75,0.25,0.7915111329641613,0.22877665310069895,0.0,0.22916666666666666,22.589240217273716,20000344
SPT-Threshold,12.731625930542936,8,0.6666666666666666,0.5729090928700041,0.75,0.33333333333333337,0.8241319722125603,0.26234713012138017,0.0,0.20833333333333334,23.64144978725872,20000345
SPT-Threshold,8.786589686197992,6,0.5,0.34625131859015323,0.75,0.5,0.8147777496337838,0.21376002388684615,0.0,0.2708333333333333,21.70704217157158,20000346
SPT-Threshold,10.722216998376897,7,0.5833333333333334,0.4819107495017886,0.8333333333333334,0.41666666666666663,0.8374025469918275,0.26479974776480103,0.0,0.20833333333333334,23.924026355342598,20000347
SPT-Threshold,14.420471753948624,9,0.75,0.6473625935241364,0.8333333333333334,0.25,0.8436949825877776,0.28767446408827785,0.0,0.16666666666666666,25.1516125150591,20000348
SPT-Threshold,15.42976531719263,10,0.8333333333333334,0.7182085894177094,1.0,0.16666666666666663,0.868617782479436,0.2662545313794861,0.0,0.16666666666666666,25.682901807159954,20000349
SPT-Threshold,12.060115529212167,8,0.6666666666666666,0.5550674845409812,0.75,0.33333333333333337,0.8310518128943309,0.29002486620660767,0.0,0.20833333333333334,23.414012242410305,20000350
SPT-Threshold,14.27999860487359,9,0.75,0.654051631137752,0.8333333333333334,0.25,0.8300281556905534,0.2618708104143786,0.0,0.1875,24.813143460837384,20000351
SPT-Threshold,12.126147630184397,8,0.6666666666666666,0.5329963784892109,0.8333333333333334,0.33333333333333337,0.8239047386137256,0.22809587650635751,0.0,0.20833333333333334,24.75672680066863,20000352
SPT-Threshold,12.127625423245282,8,0.6666666666666666,0.5255290636126706,0.75,0.33333333333333337,0.8180435874538371,0.23448402890801245,0.0,0.20833333333333334,23.573323613840923,20000353
SPT-Threshold,14.141198232620612,9,0.75,0.6300918168363118,0.8333333333333334,0.25,0.8030425472806316,0.20966214258911475,0.0,0.22916666666666666,24.162964664380365,20000354
SPT-Threshold,15.414667586280569,10,0.8333333333333334,0.7294566370797299,0.9166666666666666,0.16666666666666663,0.8179047534422984,0.25020895550786665,0.0,0.20833333333333334,24.655403912120285,20000355
SPT-Threshold,13.967424886118,9,0.75,0.6290093512568393,0.9166666666666666,0.25,0.8293827081229731,0.28287971468433715,0.0,0.16666666666666666,25.703893685118235,20000356
SPT-Threshold,14.08045694940738,9,0.75,0.6503260680222743,0.75,0.25,0.845201447764972,0.22698514101788056,0.0,0.25,23.081924078248807,20000357
SPT-Threshold,17.23330847083717,11,0.9166666666666666,0.9094687318918627,0.9166666666666666,0.08333333333333337,0.8357129973262202,0.20852755229242628,0.0,0.22916666666666666,24.411182781187723,20000358
SPT-Threshold,17.685787943829965,11,0.9166666666666666,0.8516504870981056,0.9166666666666666,0.08333333333333337,0.8645927445147615,0.2476297315049252,0.0,0.1875,26.04433644559852,20000359
SPT-Threshold,13.998616600115497,9,0.75,0.6075503639241306,0.8333333333333334,0.25,0.8307196700234104,0.1987179559230846,0.0,0.2708333333333333,23.189327381635362,20000360
SPT-Threshold,8.750430495797971,6,0.5,0.36558605149743956,0.75,0.5,0.8183320473274384,0.24296139472235745,0.0,0.20833333333333334,23.92490891321909,20000361
SPT-Threshold,11.881596860578751,8,0.6666666666666666,0.5371869869613572,0.75,0.33333333333333337,0.82003941884162,0.2693091386511782,0.0,0.20833333333333334,23.294490851140836,20000362
SPT-Threshold,12.621443778084558,8,0.6666666666666666,0.5605824473700962,0.75,0.33333333333333337,0.8293720417266028,0.2650421064810112,0.0,0.22916666666666666,22.89893490553094,20000363
SPT-Threshold,8.786919783635321,6,0.5,0.3522021678431081,0.75,0.5,0.7864928171098976,0.21992000020438351,0.0,0.25,21.754106975878837,20000364
SPT-Threshold,12.321687907588391,8,0.6666666666666666,0.5453559085172559,0.6666666666666666,0.33333333333333337,0.7863421997627364,0.19849984072740487,0.0,0.2708333333333333,22.019049812989973,20000365
SPT-Threshold,12.896853862840437,8,0.6666666666666666,0.5836977846694629,0.6666666666666666,0.33333333333333337,0.8494619026868611,0.2585411820484241,0.0,0.22916666666666666,24.280207547104006,20000366
SPT-Threshold,11.915827291391285,8,0.6666666666666666,0.48404816089635333,0.8333333333333334,0.33333333333333337,0.8298456354079725,0.24704629793834845,0.0,0.1875,23.465503354690338,20000367
SPT-Threshold,13.792946041392895,9,0.75,0.6467157484623461,0.8333333333333334,0.25,0.8297738786397805,0.23431744250577802,0.0,0.20833333333333334,24.748945090529645,20000368
SPT-Threshold,9.966138922664763,7,0.5833333333333334,0.4616979616900563,0.6666666666666666,0.41666666666666663,0.8426174105452123,0.3034596001023674,0.0,0.25,22.870284362457554,20000369
SPT-Threshold,13.92107161392857,9,0.75,0.6091335667704983,0.8333333333333334,0.25,0.8034625307361659,0.20858277936108668,0.0,0.2708333333333333,22.41236887965117,20000370
SPT-Threshold,14.081451749470158,9,0.75,0.6235122182376516,0.75,0.25,0.848572445158775,0.23025993646986523,0.0,0.25,23.55386244267573,20000371
SPT-Threshold,10.58215422483661,7,0.5833333333333334,0.467989322558728,0.6666666666666666,0.41666666666666663,0.8219403949673412,0.2444408178225419,0.0,0.25,23.428277512236033,20000372
SPT-Threshold,16.954383977478177,11,0.9166666666666666,0.8470775743093452,0.9166666666666666,0.08333333333333337,0.8189021388432143,0.2389066287911349,0.0,0.20833333333333334,25.06511040746789,20000373
SPT-Threshold,13.718548939668405,9,0.75,0.6248450649066877,0.8333333333333334,0.25,0.8192659234935942,0.25977272557622444,0.0,0.20833333333333334,24.536965132451517,20000374
SPT-Threshold,12.307352551908995,8,0.6666666666666666,0.5558482135747256,0.8333333333333334,0.33333333333333337,0.8657640195445717,0.2834507361524678,0.0,0.16666666666666666,25.065124344639788,20000375
SPT-Threshold,13.653371140184923,9,0.75,0.5808699523986803,0.8333333333333334,0.25,0.807094245254414,0.20143918577781028,0.0,0.25,24.215150304295424,20000376
SPT-Threshold,10.134870413902183,7,0.5833333333333334,0.3986097662268358,0.75,0.41666666666666663,0.8179640029315024,0.20480680536083842,0.0,0.2708333333333333,21.718633669102125,20000377
SPT-Threshold,8.464959690756304,6,0.5,0.36435535052029955,0.75,0.5,0.8000691537275543,0.2484427327317732,0.0,0.20833333333333334,22.96137346189138,20000378
SPT-Threshold,14.000915376190607,9,0.75,0.5814916690051282,0.9166666666666666,0.25,0.8570146765367491,0.2244035780907864,0.0,0.25,24.2371678518397,20000379
SPT-Threshold,13.980759075061346,9,0.75,0.5984155390833663,0.9166666666666666,0.25,0.8533836301999974,0.25730484350980515,0.0,0.1875,25.03980117803953,20000380
SPT-Threshold,11.090876274063525,7,0.5833333333333334,0.4552930952223791,0.75,0.41666666666666663,0.8297127273409254,0.23121666965574492,0.0,0.25,23.043063577571445,20000381
SPT-Threshold,14.994489809825465,10,0.8333333333333334,0.6813536295775539,0.9166666666666666,0.16666666666666663,0.8665505565799982,0.2610900767163793,0.0,0.1875,26.164543192692538,20000382
SPT-Threshold,13.791685306472928,9,0.75,0.6196042438777722,0.8333333333333334,0.25,0.8157067567817418,0.24266651571471978,0.0,0.22916666666666666,23.414714339132807,20000383
SPT-Threshold,12.518827421528714,8,0.6666666666666666,0.5528991821031153,0.8333333333333334,0.33333333333333337,0.8126473569510478,0.24050746443266738,0.0,0.20833333333333334,23.998874355367594,20000384
SPT-Threshold,11.76332535834773,8,0.6666666666666666,0.47913552198983855,0.8333333333333334,0.33333333333333337,0.8027030842227588,0.22087163230756734,0.0,0.20833333333333334,24.5675289361981,20000385
SPT-Threshold,12.115818482580275,8,0.6666666666666666,0.5712253841971899,0.6666666666666666,0.33333333333333337,0.7990383505680744,0.23778681204628302,0.0,0.22916666666666666,21.96608642384009,20000386
SPT-Threshold,16.14158738339676,10,0.8333333333333334,0.7421732474632905,0.9166666666666666,0.16666666666666663,0.8510656995067031,0.2384825313874599,0.0,0.1875,26.346466723301642,20000387
SPT-Threshold,12.227215275321907,8,0.6666666666666666,0.5566886897877744,0.9166666666666666,0.33333333333333337,0.8679358035233702,0.2405092916734127,0.0,0.20833333333333334,26.234781215619215,20000388
SPT-Threshold,16.335909019456714,10,0.8333333333333334,0.7295953109410926,0.9166666666666666,0.16666666666666663,0.8985839318237536,0.2722038387530985,0.0,0.20833333333333334,26.21273904418175,20000389
SPT-Threshold,14.219120022663885,9,0.75,0.633914602783333,0.8333333333333334,0.25,0.8650081227711978,0.24882525038521575,0.0,0.20833333333333334,25.47415484571185,20000390
SPT-Threshold,14.090222904153874,9,0.75,0.6452056696549036,0.9166666666666666,0.25,0.8558830787042258,0.26134463214512976,0.0,0.20833333333333334,25.614702708427124,20000391
SPT-Threshold,14.072163276436498,9,0.75,0.6440610512363897,0.8333333333333334,0.25,0.8445851310556697,0.23192786770445215,0.0,0.22916666666666666,25.339501444622673,20000392
SPT-Threshold,13.030617486296139,8,0.6666666666666666,0.5874683356839178,0.75,0.33333333333333337,0.8604963782824937,0.22738566003415808,0.0,0.25,24.493373561595575,20000393
SPT-Threshold,10.769277748921116,7,0.5833333333333334,0.482081281416888,0.6666666666666666,0.41666666666666663,0.828261592251952,0.2580076639303632,0.0,0.22916666666666666,23.03228016643223,20000394
SPT-Threshold,13.786958387184029,9,0.75,0.6128503798305939,0.8333333333333334,0.25,0.8526413004577211,0.2621567061499321,0.0,0.22916666666666666,24.604922556689424,20000395
SPT-Threshold,14.116017549629582,9,0.75,0.6278857214792278,0.8333333333333334,0.25,0.803295196494194,0.18784110129913986,0.0,0.2708333333333333,22.07895289987896,20000396
SPT-Threshold,15.30268703871193,10,0.8333333333333334,0.71078687318652,0.9166666666666666,0.16666666666666663,0.8435894064029283,0.24566569116206682,0.0,0.20833333333333334,24.961031935440495,20000397
SPT-Threshold,14.829473447995776,10,0.8333333333333334,0.693094863981352,0.9166666666666666,0.16666666666666663,0.8270221072646714,0.24750541240927815,0.0,0.1875,24.64931787318149,20000398
SPT-Threshold,13.254738248331094,9,0.75,0.5821955699904618,0.8333333333333334,0.25,0.7935885248334084,0.24922275558737006,0.0,0.20833333333333334,23.69022596176646,20000399
SPT-Threshold,11.958548692809043,8,0.6666666666666666,0.5283184993773574,0.8333333333333334,0.33333333333333337,0.8146107487572435,0.21201056202238133,0.0,0.25,22.053562379898928,20000400
SPT-Threshold,12.92065895552686,8,0.6666666666666666,0.5813150098603233,0.6666666666666666,0.33333333333333337,0.8433783600891394,0.23090482276923396,0.0,0.2708333333333333,22.763642939536773,20000401
SPT-Threshold,10.736584136923003,7,0.5833333333333334,0.47612418616299695,0.6666666666666666,0.41666666666666663,0.8040302107215981,0.25111040606965745,0.0,0.22916666666666666,22.826081734180715,20000402
SPT-Threshold,12.317693966097867,8,0.6666666666666666,0.5716814535300276,0.6666666666666666,0.33333333333333337,0.8192623979810153,0.250742702662398,0.0,0.25,22.909236337058516,20000403
SPT-Threshold,13.489879334669698,9,0.75,0.6371239038856882,0.75,0.25,0.7859256250574452,0.2507982249258083,0.0,0.22916666666666666,22.245532365454906,20000404
SPT-Threshold,11.279245793160168,7,0.5833333333333334,0.5005285480427604,0.6666666666666666,0.41666666666666663,0.7988863358156585,0.20386804226065172,0.0,0.2916666666666667,21.88343917371413,20000405
SPT-Threshold,12.27118166189321,8,0.6666666666666666,0.5206391763882205,0.8333333333333334,0.33333333333333337,0.864611871768408,0.26958599618148127,0.0,0.20833333333333334,24.603432592339786,20000406
SPT-Threshold,14.048651843870374,9,0.75,0.6343936220375929,0.8333333333333334,0.25,0.8496478640606506,0.255511811275656,0.0,0.20833333333333334,24.597096307784877,20000407
SPT-Threshold,12.53848722332685,8,0.6666666666666666,0.5358236588390303,0.9166666666666666,0.33333333333333337,0.8003238924771399,0.21088463138126243,0.0,0.22916666666666666,25.56858218699471,20000408
SPT-Threshold,12.22091871336135,8,0.6666666666666666,0.5067151105727264,0.8333333333333334,0.33333333333333337,0.8748344247004546,0.25827996755078847,0.0,0.20833333333333334,25.10226298009837,20000409
SPT-Threshold,17.777359731175522,11,0.9166666666666666,0.8442621999120486,0.9166666666666666,0.08333333333333337,0.8361936978885369,0.2142256902616612,0.0,0.22916666666666666,25.718509180420376,20000410
SPT-Threshold,14.224847357284787,9,0.75,0.6389473763554254,0.8333333333333334,0.25,0.8067567872232182,0.22657925403135915,0.0,0.20833333333333334,23.986009585218433,20000411
SPT-Threshold,12.820215284205238,8,0.6666666666666666,0.6103753087334947,0.75,0.33333333333333337,0.8215177210167331,0.23622477051140142,0.0,0.2708333333333333,22.555592556454545,20000412
SPT-Threshold,12.572738443781452,8,0.6666666666666666,0.5571911245841431,0.8333333333333334,0.33333333333333337,0.838667192055817,0.1887479532604168,0.0,0.2916666666666667,22.784935466686562,20000413
SPT-Threshold,12.295095734344043,8,0.6666666666666666,0.5476523482521644,0.8333333333333334,0.33333333333333337,0.8130659912149844,0.2535811537696591,0.0,0.22916666666666666,23.572554144412308,20000414
SPT-Threshold,13.995164992285066,9,0.75,0.608479560636881,0.8333333333333334,0.25,0.8657796388402469,0.25006653020201447,0.0,0.20833333333333334,24.322174020638442,20000415
SPT-Threshold,13.761479360756557,9,0.75,0.6327455331225998,0.8333333333333334,0.25,0.8136245052186557,0.25670352803510127,0.0,0.22916666666666666,22.868869474307132,20000416
SPT-Threshold,12.344994335718823,8,0.6666666666666666,0.49279140572141156,0.8333333333333334,0.33333333333333337,0.8409569232271412,0.21346686657451616,0.0,0.25,23.455095762327648,20000417
SPT-Threshold,15.561775695034099,10,0.8333333333333334,0.7483886284983456,0.9166666666666666,0.16666666666666663,0.8299011598478523,0.21925707119457385,0.0,0.20833333333333334,25.674308243260423,20000418
SPT-Threshold,8.054057437921092,6,0.5,0.29861331803801716,0.6666666666666666,0.5,0.8170613610702704,0.22247574315620167,0.0,0.3125,20.33660377367065,20000419
SPT-Threshold,15.19262768552032,10,0.8333333333333334,0.6947725173759026,0.9166666666666666,0.16666666666666663,0.8604780941616333,0.2644961293830978,0.0,0.1875,25.203552684005686,20000420
SPT-Threshold,12.600725914744896,8,0.6666666666666666,0.5723721673472564,0.6666666666666666,0.33333333333333337,0.8366374007594309,0.2360539296641376,0.0,0.2708333333333333,22.081425132489677,20000421
SPT-Threshold,14.393505335406594,9,0.75,0.6515305942279838,0.8333333333333334,0.25,0.8213841171282233,0.19237496873672247,0.0,0.25,23.07758689443263,20000422
SPT-Threshold,13.159036998762838,9,0.75,0.5745486926002403,0.8333333333333334,0.25,0.8222324165559473,0.21514142007121348,0.0,0.22916666666666666,22.91599026698398,20000423
SPT-Threshold,12.007306183272364,8,0.6666666666666666,0.5514514992819745,0.75,0.33333333333333337,0.8037926452559633,0.24703667096649098,0.0,0.22916666666666666,23.653306477850936,20000424
SPT-Threshold,6.574651359254461,5,0.4166666666666667,0.2624705458999091,0.75,0.5833333333333333,0.7787868180686804,0.2663344476294496,0.0,0.20833333333333334,22.237439240386514,20000425
SPT-Threshold,13.74886649964709,9,0.75,0.6183858246485167,0.8333333333333334,0.25,0.8443310835413632,0.26462413761781284,0.0,0.20833333333333334,24.283282381257905,20000426
SPT-Threshold,16.07808919290513,10,0.8333333333333334,0.7457538841514542,0.8333333333333334,0.16666666666666663,0.857654930094245,0.22063347836588665,0.0,0.25,24.613692652946963,20000427
SPT-Threshold,16.47810684356867,10,0.8333333333333334,0.7317906207525001,0.9166666666666666,0.16666666666666663,0.8711533113934552,0.24740487670797148,0.0,0.20833333333333334,26.262434496105275,20000428
SPT-Threshold,13.30557080855168,9,0.75,0.5678122975403304,0.9166666666666666,0.25,0.8316063667820278,0.2385106225876581,0.0,0.20833333333333334,23.577951268684522,20000429
SPT-Threshold,17.03517975513725,11,0.9166666666666666,0.8282289048988517,0.9166666666666666,0.08333333333333337,0.8396171136578691,0.23379966474351135,0.0,0.20833333333333334,24.377457175995033,20000430
SPT-Threshold,11.86234594544797,8,0.6666666666666666,0.5510950245648041,0.75,0.33333333333333337,0.79177852969676,0.24756024272877952,0.0,0.20833333333333334,22.97116949566859,20000431
SPT-Threshold,14.177301309585236,9,0.75,0.6506068270847556,0.9166666666666666,0.25,0.8572805000824341,0.2615035034598115,0.0,0.1875,26.40658101790279,20000432
SPT-Threshold,12.633834950959667,8,0.6666666666666666,0.5952397976332341,0.75,0.33333333333333337,0.8545167917581872,0.2625172849543897,0.0,0.25,23.904786993554325,20000433
SPT-Threshold,13.659042607287585,9,0.75,0.6221253348255817,0.75,0.25,0.8364006977705222,0.24818611305698193,0.0,0.22916666666666666,23.18008121712696,20000434
SPT-Threshold,16.206273612350962,10,0.8333333333333334,0.7745973279775983,0.9166666666666666,0.16666666666666663,0.8740869219175073,0.2716088053934899,0.0,0.16666666666666666,25.63166791910714,20000435
SPT-Threshold,15.509696126269827,10,0.8333333333333334,0.7038379920950366,0.9166666666666666,0.16666666666666663,0.8646633554262458,0.2562230612562013,0.0,0.16666666666666666,26.057507685828117,20000436
SPT-Threshold,14.113256425779037,9,0.75,0.615975829557197,0.9166666666666666,0.25,0.858785223484457,0.25402105617875503,0.0,0.1875,25.098992821652327,20000437
SPT-Threshold,10.345660364174424,7,0.5833333333333334,0.4164702501725256,0.75,0.41666666666666663,0.7764635191625465,0.19699946720828396,0.0,0.2916666666666667,20.685487539401286,20000438
SPT-Threshold,10.872069813274855,7,0.5833333333333334,0.4902689008717992,0.6666666666666666,0.41666666666666663,0.8142898054095307,0.2515860410705369,0.0,0.25,21.963974519197876,20000439
SPT-Threshold,16.757907051839947,11,0.9166666666666666,0.8529818445938621,0.9166666666666666,0.08333333333333337,0.8162363496742872,0.2321685186914947,0.0,0.20833333333333334,25.121875590265475,20000440
SPT-Threshold,10.248349140587424,7,0.5833333333333334,0.42605265629471206,0.6666666666666666,0.41666666666666663,0.7807667518576543,0.2114280148360538,0.0,0.3125,19.78885108010456,20000441
SPT-Threshold,17.012792880340655,11,0.9166666666666666,0.836642871465275,0.9166666666666666,0.08333333333333337,0.834985928744168,0.2628256877318001,0.0,0.1875,24.95581343276874,20000442
SPT-Threshold,10.874196997819183,7,0.5833333333333334,0.45004627283682613,0.8333333333333334,0.41666666666666663,0.8789407953840579,0.2768301154009066,0.0,0.20833333333333334,25.26047117434984,20000443
SPT-Threshold,12.247343129011455,8,0.6666666666666666,0.5456565902740301,0.75,0.33333333333333337,0.800656137109624,0.23965662018476055,0.0,0.22916666666666666,23.489730060953857,20000444
SPT-Threshold,14.497566413571615,9,0.75,0.6348038971823621,0.75,0.25,0.8315858452100398,0.2003476381206569,0.0,0.2916666666666667,22.07029254129114,20000445
SPT-Threshold,14.74771706029314,9,0.75,0.6392410417685618,0.8333333333333334,0.25,0.8632109084361298,0.22300788809959338,0.0,0.25,24.86013097938534,20000446
SPT-Threshold,10.560447224362683,7,0.5833333333333334,0.4812352477580071,0.6666666666666666,0.41666666666666663,0.8311392191014443,0.2902443397393942,0.0,0.20833333333333334,23.022495407765977,20000447
SPT-Threshold,14.075739811633492,9,0.75,0.6605679397352004,0.8333333333333334,0.25,0.8617686482211816,0.2752061078571437,0.0,0.20833333333333334,24.161386121965858,20000448
SPT-Threshold,15.850228956325648,10,0.8333333333333334,0.7297617045910862,0.8333333333333334,0.16666666666666663,0.82450779075848,0.20891997586793495,0.0,0.22916666666666666,24.509228110600016,20000449
SPT-Threshold,12.583071451570474,8,0.6666666666666666,0.5492833146829599,0.75,0.33333333333333337,0.8711155512350643,0.2760126343858395,0.0,0.22916666666666666,23.30006628698506,20000450
SPT-Threshold,15.739739229463686,10,0.8333333333333334,0.721701257024317,0.8333333333333334,0.16666666666666663,0.833677689862076,0.2301271469447499,0.0,0.25,23.86369423378841,20000451
SPT-Threshold,12.979405083884222,8,0.6666666666666666,0.5735882788802543,0.75,0.33333333333333337,0.8661492761873489,0.27139368473214937,0.0,0.22916666666666666,24.852827782449815,20000452
SPT-Threshold,10.59982178138502,7,0.5833333333333334,0.49169635037255677,0.6666666666666666,0.41666666666666663,0.7861875798991637,0.26906323296802026,0.0,0.25,21.1440758913859,20000453
SPT-Threshold,12.215081494995113,8,0.6666666666666666,0.4868264941755349,0.8333333333333334,0.33333333333333337,0.822610934069662,0.23921832295929193,0.0,0.22916666666666666,24.217259298337684,20000454
SPT-Threshold,13.733171702381597,9,0.75,0.628073386117217,0.8333333333333334,0.25,0.8220598220768979,0.2602559247840783,0.0,0.20833333333333334,22.84840772045073,20000455
SPT-Threshold,11.685828783966192,8,0.6666666666666666,0.5098879479335462,0.8333333333333334,0.33333333333333337,0.8365509703409018,0.26476835977911256,0.0,0.1875,24.687730532509242,20000456
SPT-Threshold,7.183830392988169,5,0.4166666666666667,0.29944795854361067,0.6666666666666666,0.5833333333333333,0.8061865716404727,0.22474812515196205,0.0,0.2708333333333333,21.382011309969595,20000457
SPT-Threshold,10.636036440339105,7,0.5833333333333334,0.4905608572766069,0.6666666666666666,0.41666666666666663,0.8221876562922983,0.2812431824441384,0.0,0.2708333333333333,21.88563690383131,20000458
SPT-Threshold,14.490437080503511,9,0.75,0.6566916024632589,0.9166666666666666,0.25,0.8925161099029867,0.2748216462871465,0.0,0.1875,25.787544164896357,20000459
SPT-Threshold,16.06930636486631,10,0.8333333333333334,0.7488458997153511,0.9166666666666666,0.16666666666666663,0.857364048996211,0.23252514855190018,0.0,0.1875,26.77032242858113,20000460
SPT-Threshold,12.228958248592429,8,0.6666666666666666,0.5367403725498399,0.75,0.33333333333333337,0.8698545732519065,0.2877820050214645,0.0,0.1875,24.999190334253242,20000461
SPT-Threshold,14.064157077071519,9,0.75,0.6439030152677974,0.9166666666666666,0.25,0.870398257703839,0.27484983459276185,0.0,0.1875,26.820226390641185,20000462
SPT-Threshold,14.544223497147424,9,0.75,0.6722342807623333,0.8333333333333334,0.25,0.8341014531613711,0.27427747638873884,0.0,0.1875,24.92249178645756,20000463
SPT-Threshold,12.11386811544817,8,0.6666666666666666,0.5251989953600795,0.8333333333333334,0.33333333333333337,0.7897229220702678,0.23671670557006497,0.0,0.1875,23.57740900287303,20000464
SPT-Threshold,14.084092344190736,9,0.75,0.6320268809614144,0.8333333333333334,0.25,0.8453871987770363,0.21956743201370985,0.0,0.25,23.06514301241575,20000465
SPT-Threshold,10.781572187200222,7,0.5833333333333334,0.48852359189070776,0.75,0.41666666666666663,0.7711579425923771,0.22379944982840505,0.0,0.25,22.379104123976774,20000466
SPT-Threshold,12.501891444657492,8,0.6666666666666666,0.543358412865939,0.9166666666666666,0.33333333333333337,0.826268566373683,0.19668542048598125,0.0,0.22916666666666666,23.82564924923496,20000467
SPT-Threshold,13.267417436834304,9,0.75,0.5779887118587672,0.8333333333333334,0.25,0.8091952244775356,0.23230686451693036,0.0,0.20833333333333334,24.21702380730684,20000468
SPT-Threshold,10.049932952389677,7,0.5833333333333334,0.42989781109554065,0.75,0.41666666666666663,0.8002303368680218,0.23803394971416222,0.0,0.22916666666666666,22.64968260162674,20000469
SPT-Threshold,15.162895216015555,10,0.8333333333333334,0.7498943693400417,0.9166666666666666,0.16666666666666663,0.8179083447918364,0.2469633427873846,0.0,0.20833333333333334,24.248682863495407,20000470
SPT-Threshold,14.170813410572293,9,0.75,0.6450315493186644,0.8333333333333334,0.25,0.8730155981232622,0.2666560810063427,0.0,0.20833333333333334,24.17706614607102,20000471
SPT-Threshold,13.996647172649109,9,0.75,0.6367439273216885,0.75,0.25,0.8411056872023126,0.23633253195104978,0.0,0.22916666666666666,22.961008542097346,20000472
SPT-Threshold,15.6818087346504,10,0.8333333333333334,0.6990568540904074,0.9166666666666666,0.16666666666666663,0.8405365989275744,0.240948051439443,0.0,0.20833333333333334,24.57356986501452,20000473
SPT-Threshold,16.32520600608823,10,0.8333333333333334,0.7488224608008338,0.8333333333333334,0.16666666666666663,0.8386227501806509,0.2431302691593856,0.0,0.20833333333333334,25.418385830539748,20000474
SPT-Threshold,15.79769431806618,10,0.8333333333333334,0.7417555353780194,0.8333333333333334,0.16666666666666663,0.8258993679643615,0.29068596588480555,0.0,0.16666666666666666,24.05990656082844,20000475
SPT-Threshold,15.345386328125988,10,0.8333333333333334,0.7437862519292312,0.8333333333333334,0.16666666666666663,0.8067521425917427,0.21665995942242855,0.0,0.25,22.646120093070145,20000476
SPT-Threshold,13.967271696704932,9,0.75,0.639279345308639,0.75,0.25,0.8271333703313068,0.2323537388857043,0.0,0.20833333333333334,23.582337444728225,20000477
SPT-Threshold,13.881679196893483,9,0.75,0.6422890688297734,0.75,0.25,0.8300339011445678,0.28046448917365835,0.0,0.20833333333333334,24.978379731605997,20000478
SPT-Threshold,10.281725664286956,7,0.5833333333333334,0.4213280732159287,0.75,0.41666666666666663,0.8054500120407146,0.2324639623353885,0.0,0.22916666666666666,22.599509129160527,20000479
SPT-Threshold,14.625538213827708,9,0.75,0.652978624719935,0.8333333333333334,0.25,0.8765063244569852,0.29159872025654066,0.0,0.22916666666666666,25.368662818407696,20000480
SPT-Threshold,10.556506461304567,7,0.5833333333333334,0.4562035017548192,0.8333333333333334,0.41666666666666663,0.8298357157621828,0.19780358263344514,0.0,0.20833333333333334,23.816789588496963,20000481
SPT-Threshold,10.856381635791198,7,0.5833333333333334,0.4485230257218036,0.75,0.41666666666666663,0.8311123221136505,0.24832225599949143,0.0,0.22916666666666666,23.52246896231909,20000482
SPT-Threshold,15.892136460640216,10,0.8333333333333334,0.7609912549122545,0.9166666666666666,0.16666666666666663,0.8266053569144852,0.2450316229779531,0.0,0.16666666666666666,25.37899676624116,20000483
SPT-Threshold,10.678224379605991,7,0.5833333333333334,0.4702303239816619,0.6666666666666666,0.41666666666666663,0.838313554955478,0.2277355153974143,0.0,0.2708333333333333,22.742163643111002,20000484
SPT-Threshold,13.795560826507112,9,0.75,0.62178294865307,0.75,0.25,0.7793032204090428,0.21388007849120325,0.0,0.25,23.34669178167633,20000485
SPT-Threshold,14.016626393174816,9,0.75,0.6500486029294893,0.8333333333333334,0.25,0.8317418007290769,0.25513026888993,0.0,0.22916666666666666,23.978406767723527,20000486
SPT-Threshold,12.658608239077287,8,0.6666666666666666,0.5433838246640669,0.8333333333333334,0.33333333333333337,0.8352450743907297,0.23322495003899832,0.0,0.22916666666666666,23.940275085245602,20000487
SPT-Threshold,14.266851886599625,9,0.75,0.6222601955541257,0.8333333333333334,0.25,0.8269100884227553,0.24832754867587628,0.0,0.20833333333333334,24.057729777676087,20000488
SPT-Threshold,12.26430578969591,8,0.6666666666666666,0.5335970960846969,0.75,0.33333333333333337,0.8301755321634245,0.2402674178818702,0.0,0.22916666666666666,23.52611814117712,20000489
SPT-Threshold,15.682351333853084,10,0.8333333333333334,0.7157449905890214,0.8333333333333334,0.16666666666666663,0.8423595674820956,0.24075037380990846,0.0,0.22916666666666666,23.17865242697609,20000490
SPT-Threshold,14.148139893670633,9,0.75,0.6446964420891549,0.75,0.25,0.8309373798739622,0.2637013981518497,0.0,0.22916666666666666,23.39656750681286,20000491
SPT-Threshold,14.114111257296159,9,0.75,0.6254401703357457,0.8333333333333334,0.25,0.8594480611689249,0.251615367886087,0.0,0.22916666666666666,24.56943945702705,20000492
SPT-Threshold,10.441039906315392,7,0.5833333333333334,0.43558252794572294,0.75,0.41666666666666663,0.8212096534728128,0.23938679995222853,0.0,0.25,22.19917347128744,20000493
SPT-Threshold,13.563537816665068,9,0.75,0.6398687112271697,0.8333333333333334,0.25,0.8186239395673468,0.26355637402171767,0.0,0.1875,25.016554407090958,20000494
SPT-Threshold,12.213198538977474,8,0.6666666666666666,0.5426988896470966,0.75,0.33333333333333337,0.8175802056864864,0.23599938993079253,0.0,0.25,22.6386586125359,20000495
SPT-Threshold,13.868729946627097,9,0.75,0.6464138983854602,0.9166666666666666,0.25,0.8453998985866183,0.25972525042972444,0.0,0.14583333333333334,26.09496141596108,20000496
SPT-Threshold,15.487667419525938,10,0.8333333333333334,0.7319738570352484,0.8333333333333334,0.16666666666666663,0.8162704682927654,0.2320917142915916,0.0,0.22916666666666666,23.347677315174213,20000497
SPT-Threshold,10.78883662472228,7,0.5833333333333334,0.46985522521629947,0.75,0.41666666666666663,0.8227151995377114,0.2178670109800561,0.0,0.25,22.774874647426927,20000498
SPT-Threshold,13.66486698750383,9,0.75,0.6266260354539724,0.75,0.25,0.8024872425701034,0.24083596547211705,0.0,0.22916666666666666,23.232841304940884,20000499
Cog-Heuristic,13.842766890085096,8,0.6666666666666666,0.7942187633224045,0.75,0.33333333333333337,0.8748685773996213,0.2206262226502483,0.0,0.3333333333333333,23.157483552394897,20000000
Cog-Heuristic,14.742801345937886,9,0.75,0.664831699954163,0.8333333333333334,0.25,0.8794411002757664,0.21786953558811914,0.0,0.2708333333333333,23.941583470810983,20000001
Cog-Heuristic,12.905599206742837,8,0.6666666666666666,0.6499203110510217,0.75,0.33333333333333337,0.8988234464935504,0.24232700558964823,0.0,0.2708333333333333,24.259212323176456,20000002
Cog-Heuristic,12.190099333863886,8,0.6666666666666666,0.5471570960506101,0.8333333333333334,0.33333333333333337,0.8242836066816915,0.23251007611327154,0.0,0.25,24.137478802043937,20000003
Cog-Heuristic,11.778532859520059,8,0.6666666666666666,0.48628242058236903,0.8333333333333334,0.33333333333333337,0.7876519632959965,0.20987588655949552,0.0,0.25,22.916717832285443,20000004
Cog-Heuristic,10.454386965332219,7,0.5833333333333334,0.47524151524844455,0.75,0.41666666666666663,0.8273608042244037,0.24893634919117788,0.0,0.25,22.698318330084543,20000005
Cog-Heuristic,8.69565407567364,6,0.5,0.3819594062641454,0.6666666666666666,0.5,0.834427515674772,0.24566907418548914,0.0,0.25,22.03126222621817,20000006
Cog-Heuristic,10.866317508375003,7,0.5833333333333334,0.44253883922017323,0.75,0.41666666666666663,0.8589242348220782,0.2067253236371891,0.0,0.3333333333333333,22.29438741755165,20000007
Cog-Heuristic,8.681743899137242,6,0.5,0.36739894824430747,0.6666666666666666,0.5,0.802628921583262,0.2160867207164324,0.0,0.2916666666666667,21.384408542638294,20000008
Cog-Heuristic,9.496695204294847,6,0.5,0.49315717949663174,0.75,0.5,0.8376683136151932,0.2119974238983927,0.0,0.2916666666666667,22.04108398814634,20000009
Cog-Heuristic,9.071522940992898,6,0.5,0.3561785129662024,0.75,0.5,0.8241089285645543,0.204007893717894,0.0,0.2916666666666667,21.592131784212132,20000010
Cog-Heuristic,15.785072401102925,10,0.8333333333333334,0.7752782374676592,0.9166666666666666,0.16666666666666663,0.8343208415718761,0.2419902844015853,0.0,0.20833333333333334,24.347257082328806,20000011
Cog-Heuristic,11.89985899261244,8,0.6666666666666666,0.490141426658235,0.8333333333333334,0.33333333333333337,0.8572104024853561,0.24705995855822724,0.0,0.22916666666666666,24.27423918610737,20000012
Cog-Heuristic,12.604237017166191,8,0.6666666666666666,0.5475980437317197,0.75,0.33333333333333337,0.8496870945264726,0.20040057397390434,0.0,0.2916666666666667,22.028945379687592,20000013
Cog-Heuristic,10.475894208516861,7,0.5833333333333334,0.4396751358978034,0.75,0.41666666666666663,0.839416341405518,0.2213717663000345,0.0,0.2916666666666667,22.8557444506685,20000014
Cog-Heuristic,13.121077190287153,8,0.6666666666666666,0.6147559532999474,0.75,0.33333333333333337,0.9113881945926026,0.22746039865028633,0.0,0.2916666666666667,24.83438785017996,20000015
Cog-Heuristic,8.433840340528027,6,0.5,0.5180828931597806,0.5833333333333334,0.5,0.8140535835637938,0.23525958589478224,0.0,0.2916666666666667,21.238910966736093,20000016
Cog-Heuristic,13.901543562262706,9,0.75,0.6456228884573261,0.8333333333333334,0.25,0.8219044804264106,0.21978014119365671,0.0,0.2708333333333333,22.979204617875407,20000017
Cog-Heuristic,9.821657580578599,6,0.5,0.4653285210056405,0.6666666666666666,0.5,0.8739046284401283,0.24045810069727647,0.0,0.3333333333333333,22.180054515729054,20000018
Cog-Heuristic,14.393087021877305,9,0.75,0.6176553370937907,0.8333333333333334,0.25,0.8917212217471301,0.2027816207727545,0.0,0.2708333333333333,23.146953311631112,20000019
Cog-Heuristic,14.424821380965609,9,0.75,0.6592283152562279,0.8333333333333334,0.25,0.8397235215178873,0.24382444632562802,0.0,0.22916666666666666,24.447677668340496,20000020
Cog-Heuristic,13.883529474360632,9,0.75,0.6960367355405572,0.8333333333333334,0.25,0.8167762721355635,0.21760912649025235,0.0,0.22916666666666666,22.90585126339585,20000021
Cog-Heuristic,8.415806067949013,6,0.5,0.3126609439758241,0.75,0.5,0.7942448862859269,0.20013861624871418,0.0,0.2708333333333333,21.49663437414209,20000022
Cog-Heuristic,11.12454965583024,7,0.5833333333333334,0.5395867645512255,0.75,0.41666666666666663,0.8441226440589548,0.2233067130007569,0.0,0.2916666666666667,22.68621780969312,20000023
Cog-Heuristic,16.460137285045533,10,0.8333333333333334,0.7809338407592105,0.8333333333333334,0.16666666666666663,0.8961380663671704,0.22932000817735768,0.0,0.25,25.67721343015346,20000024
Cog-Heuristic,12.334644984473604,8,0.6666666666666666,0.583965188957471,0.6666666666666666,0.33333333333333337,0.8303028183244979,0.24127282993436094,0.0,0.2708333333333333,21.198105335618386,20000025
Cog-Heuristic,13.123709862170442,8,0.6666666666666666,0.7466092663667971,0.8333333333333334,0.33333333333333337,0.8560110931665935,0.24372199287307517,0.0,0.25,24.281712082574803,20000026
Cog-Heuristic,15.739897891332639,10,0.8333333333333334,0.7342963172093431,0.8333333333333334,0.16666666666666663,0.8365906752086868,0.22126895861030302,0.0,0.25,23.73848046755208,20000027
Cog-Heuristic,14.558307519703249,9,0.75,0.7480688740360187,0.9166666666666666,0.25,0.829103071037868,0.23787440141830352,0.0,0.20833333333333334,24.940810824217696,20000028
Cog-Heuristic,11.598676723667872,8,0.6666666666666666,0.45191212944841064,0.8333333333333334,0.33333333333333337,0.796819662752255,0.20260384651212485,0.0,0.2708333333333333,21.16325370295825,20000029
Cog-Heuristic,5.423374947461804,4,0.3333333333333333,0.31079242677886226,0.5,0.6666666666666667,0.7971949528055139,0.22773427420710957,0.0,0.3541666666666667,18.879226517947586,20000030
Cog-Heuristic,10.970603749243766,7,0.5833333333333334,0.48988116745280097,0.75,0.41666666666666663,0.8356122247937687,0.2246796649029522,0.0,0.2916666666666667,22.264551389675006,20000031
Cog-Heuristic,12.232310509190452,8,0.6666666666666666,0.5428556821446905,0.75,0.33333333333333337,0.8663162700988466,0.22945946773383008,0.0,0.2708333333333333,22.39796608742311,20000032
Cog-Heuristic,12.719988508173975,8,0.6666666666666666,0.5540416792994556,0.75,0.33333333333333337,0.8715711353933285,0.22580390690809518,0.0,0.2916666666666667,23.417591896572333,20000033
Cog-Heuristic,11.87569580006959,8,0.6666666666666666,0.5018888747589305,0.75,0.33333333333333337,0.8188344644621731,0.22053509638229798,0.0,0.2708333333333333,22.746622568488505,20000034
Cog-Heuristic,11.869399250750927,8,0.6666666666666666,0.554719490956986,0.75,0.33333333333333337,0.8159835549439114,0.25141312545814964,0.0,0.25,22.513292260717375,20000035
Cog-Heuristic,15.210143403391347,10,0.8333333333333334,0.6743699580680451,0.9166666666666666,0.16666666666666663,0.8241326416067248,0.19660613061381219,0.0,0.22916666666666666,23.31212233859203,20000036
Cog-Heuristic,11.19976195213055,7,0.5833333333333334,0.489900762129227,0.75,0.41666666666666663,0.882156928370271,0.23613892136665834,0.0,0.2708333333333333,24.127639199832227,20000037
Cog-Heuristic,14.493946571918835,9,0.75,0.7289022031402829,0.75,0.25,0.8515935854221189,0.20297940438070827,0.0,0.2916666666666667,23.424178802900983,20000038
Cog-Heuristic,12.397162493258097,8,0.6666666666666666,0.5579260936939017,0.75,0.33333333333333337,0.8347573871956575,0.23578104484647996,0.0,0.25,23.310667551701414,20000039
Cog-Heuristic,9.294722350560363,6,0.5,0.40732985183402554,0.6666666666666666,0.5,0.8296392270629628,0.21945575912632312,0.0,0.2708333333333333,22.303890882149112,20000040
Cog-Heuristic,12.79495565777524,8,0.6666666666666666,0.569755644003204,0.75,0.33333333333333337,0.8966985466508411,0.2125957712828516,0.0,0.2916666666666667,23.31389901596228,20000041
Cog-Heuristic,15.93528883863877,10,0.8333333333333334,0.7370616288538291,0.8333333333333334,0.16666666666666663,0.8552069533026829,0.23373312767059098,0.0,0.25,24.968390637179898,20000042
Cog-Heuristic,13.915862743704867,9,0.75,0.6134712240888037,0.8333333333333334,0.25,0.8282276619477534,0.21204489385744504,0.0,0.25,22.143222661206377,20000043
Cog-Heuristic,9.154345183100515,6,0.5,0.4311546993667373,0.75,0.5,0.8355523569316868,0.24883183140736795,0.0,0.25,22.445502139629944,20000044
Cog-Heuristic,11.383339252552853,7,0.5833333333333334,0.5443274502821023,0.6666666666666666,0.41666666666666663,0.8322705679563338,0.21158744370065627,0.0,0.3333333333333333,21.01935490142168,20000045
Cog-Heuristic,8.457522913820501,6,0.5,0.36507702417126947,0.6666666666666666,0.5,0.8213697972735311,0.23669857244595408,0.0,0.3125,19.63902540515946,20000046
Cog-Heuristic,15.56742002151924,10,0.8333333333333334,0.7289764563506687,0.9166666666666666,0.16666666666666663,0.8262240744305008,0.21795116140311052,0.0,0.22916666666666666,23.815965016250843,20000047
Cog-Heuristic,5.556759362982479,4,0.3333333333333333,0.33966842181735624,0.6666666666666666,0.6666666666666667,0.810216473622317,0.24421092191169602,0.0,0.25,21.9869103453576,20000048
Cog-Heuristic,12.219416213973247,8,0.6666666666666666,0.5094036349501408,0.8333333333333334,0.33333333333333337,0.8231212474475917,0.20083176596837712,0.0,0.25,22.44571441745347,20000049
Cog-Heuristic,10.143284838830144,7,0.5833333333333334,0.3670131948930864,0.8333333333333334,0.41666666666666663,0.8162492118621484,0.22884014741903771,0.0,0.22916666666666666,23.76418303581899,20000050
Cog-Heuristic,10.666341940293067,7,0.5833333333333334,0.45046884416621147,0.75,0.41666666666666663,0.85996601940075,0.22352764946124704,0.0,0.2708333333333333,22.595827846582793,20000051
Cog-Heuristic,10.791022951402201,7,0.5833333333333334,0.4708539376592316,0.75,0.41666666666666663,0.8594386659161257,0.2353103377980611,0.0,0.2916666666666667,24.46011816943068,20000052
Cog-Heuristic,12.173212228858615,8,0.6666666666666666,0.5384360423848504,0.8333333333333334,0.33333333333333337,0.8459051298272741,0.2473041082192872,0.0,0.20833333333333334,24.35833087669124,20000053
Cog-Heuristic,16.129415001702537,10,0.8333333333333334,0.7759938525961952,0.8333333333333334,0.16666666666666663,0.8475608670736898,0.23793542344738064,0.0,0.20833333333333334,25.540389522056575,20000054
Cog-Heuristic,9.833686323558732,7,0.5833333333333334,0.4248833022053859,0.6666666666666666,0.41666666666666663,0.8468582247374083,0.2283456035746446,0.0,0.2916666666666667,22.72040720887232,20000055
Cog-Heuristic,11.948218479028544,8,0.6666666666666666,0.5198132877767142,0.75,0.33333333333333337,0.8388649744323405,0.219166044226766,0.0,0.25,22.56219857309171,20000056
Cog-Heuristic,9.487330089673518,6,0.5,0.4049717539914575,0.6666666666666666,0.5,0.8451713779402695,0.22411814291924373,0.0,0.3333333333333333,21.53485296468212,20000057
Cog-Heuristic,12.20055494298728,8,0.6666666666666666,0.577477709134476,0.8333333333333334,0.33333333333333337,0.7945307834894916,0.24514844482035672,0.0,0.22916666666666666,23.224149998295857,20000058
Cog-Heuristic,9.639465774801591,6,0.5,0.46968082228989466,0.6666666666666666,0.5,0.8577434295662533,0.23977521947340305,0.0,0.3125,22.404679252543307,20000059
Cog-Heuristic,14.898838549855874,9,0.75,0.7716345073654728,0.75,0.25,0.8783118320021616,0.23033422640884718,0.0,0.2708333333333333,24.18811067633521,20000060
Cog-Heuristic,11.157468892608085,7,0.5833333333333334,0.5017170954416574,0.6666666666666666,0.41666666666666663,0.8573970084375935,0.22250904529706664,0.0,0.3333333333333333,21.57793429771335,20000061
Cog-Heuristic,6.8421551934104325,4,0.3333333333333333,0.418585280557585,0.6666666666666666,0.6666666666666667,0.8854584940437927,0.24246775582603183,0.0,0.2916666666666667,23.710099937998862,20000062
Cog-Heuristic,10.72003611115371,7,0.5833333333333334,0.47683677848435896,0.6666666666666666,0.41666666666666663,0.8349634951550032,0.2077753119496316,0.0,0.2916666666666667,21.71199681561634,20000063
Cog-Heuristic,12.5901384464781,8,0.6666666666666666,0.5262061514787519,0.8333333333333334,0.33333333333333337,0.8603033908500635,0.2000027303164722,0.0,0.25,23.515326491206558,20000064
Cog-Heuristic,10.140158833842742,7,0.5833333333333334,0.42821328738348763,0.6666666666666666,0.41666666666666663,0.8410785408294243,0.22487168693411905,0.0,0.3333333333333333,20.875219257985876,20000065
Cog-Heuristic,16.926801847420784,10,0.8333333333333334,0.75215616634907,0.8333333333333334,0.16666666666666663,0.8831712124635809,0.21703365885947676,0.0,0.2916666666666667,24.427757881616422,20000066
Cog-Heuristic,14.109054360165473,9,0.75,0.6391142169192591,0.8333333333333334,0.25,0.8771770487858749,0.2613669951946388,0.0,0.22916666666666666,25.42305585886362,20000067
Cog-Heuristic,8.876651909798591,6,0.5,0.41924800019780334,0.6666666666666666,0.5,0.8238886991556252,0.24622740782256233,0.0,0.22916666666666666,23.250644679690314,20000068
Cog-Heuristic,13.236631374058051,8,0.6666666666666666,0.7200289231938709,0.8333333333333334,0.33333333333333337,0.9000266279604922,0.23967419995871997,0.0,0.2916666666666667,23.009784796651456,20000069
Cog-Heuristic,13.205008344438793,8,0.6666666666666666,0.593509076351674,0.8333333333333334,0.33333333333333337,0.8836406621766756,0.23197239774850223,0.0,0.22916666666666666,24.493392287350257,20000070
Cog-Heuristic,7.079328847896374,5,0.4166666666666667,0.3190012071795076,0.6666666666666666,0.5833333333333333,0.8317737841939463,0.23599108267817304,0.0,0.2916666666666667,21.60990600046485,20000071
Cog-Heuristic,15.9911937485916,10,0.8333333333333334,0.7793681933544311,0.8333333333333334,0.16666666666666663,0.8238925758351665,0.20673542199280281,0.0,0.25,23.18228896688196,20000072
Cog-Heuristic,8.530513316049507,6,0.5,0.3858304442128332,0.6666666666666666,0.5,0.8351726955751465,0.2275423071167427,0.0,0.2708333333333333,21.87480109954085,20000073
Cog-Heuristic,10.606781105688597,7,0.5833333333333334,0.44631332935900836,0.75,0.41666666666666663,0.8202272756250969,0.22025521218692332,0.0,0.2708333333333333,22.424110759987645,20000074
Cog-Heuristic,7.400237456494813,5,0.4166666666666667,0.34366785275190903,0.6666666666666666,0.5833333333333333,0.8369048767437501,0.2471308993444298,0.0,0.25,23.662424582366064,20000075
Cog-Heuristic,6.773829903557714,5,0.4166666666666667,0.31693613055005315,0.5833333333333334,0.5833333333333333,0.8256229697850525,0.23597581210234553,0.0,0.3125,20.410207201796545,20000076
Cog-Heuristic,14.170103886810827,9,0.75,0.6192491829658455,0.8333333333333334,0.25,0.8756202932298324,0.21197291796086656,0.0,0.2708333333333333,23.759776436688245,20000077
Cog-Heuristic,14.276776924172145,9,0.75,0.6564410462493561,0.8333333333333334,0.25,0.8182440128332571,0.21274862784227386,0.0,0.25,23.705943516913837,20000078
Cog-Heuristic,10.16553444872481,7,0.5833333333333334,0.40904857003754047,0.75,0.41666666666666663,0.8333270922475219,0.2264850628113465,0.0,0.25,22.16016628222819,20000079
Cog-Heuristic,11.474007273342444,7,0.5833333333333334,0.5381738358072429,0.6666666666666666,0.41666666666666663,0.8964974134861811,0.22067590850545024,0.0,0.3125,22.69461058297314,20000080
Cog-Heuristic,5.054850964919747,4,0.3333333333333333,0.22931605113572784,0.5833333333333334,0.6666666666666667,0.8176615895864973,0.23147907108525292,0.0,0.3333333333333333,20.37218068053562,20000081
Cog-Heuristic,14.741736696751481,9,0.75,0.7078184982737092,0.8333333333333334,0.25,0.8799502705200634,0.19442348352631247,0.0,0.2708333333333333,25.034456019463605,20000082
Cog-Heuristic,13.88514252491039,9,0.75,0.7038512970724009,0.75,0.25,0.8298465834357627,0.25615640461285905,0.0,0.25,23.35882315553104,20000083
Cog-Heuristic,10.47974109416435,7,0.5833333333333334,0.44279402441497734,0.75,0.41666666666666663,0.823314871120114,0.2147477297423607,0.0,0.2708333333333333,22.577761759000733,20000084
Cog-Heuristic,9.146688762424795,6,0.5,0.3480557068817604,0.75,0.5,0.8577117082064598,0.2320884321653426,0.0,0.2708333333333333,23.75515083919177,20000085
Cog-Heuristic,10.880364628143974,7,0.5833333333333334,0.5056022140751464,0.6666666666666666,0.41666666666666663,0.8794058937230872,0.21906542159997403,0.0,0.3333333333333333,22.222562771805755,20000086
Cog-Heuristic,13.14966086039426,8,0.6666666666666666,0.6903034542561268,0.6666666666666666,0.33333333333333337,0.8741799860842687,0.21516410038065373,0.0,0.2916666666666667,22.73936507953745,20000087
Cog-Heuristic,13.144984636333053,8,0.6666666666666666,0.5615622251793686,0.75,0.33333333333333337,0.8876035041888338,0.21531010688331134,0.0,0.2916666666666667,23.669665542312487,20000088
Cog-Heuristic,10.484914220848736,7,0.5833333333333334,0.42862972719266584,0.8333333333333334,0.41666666666666663,0.8060061205109005,0.2045737156834954,0.0,0.2708333333333333,22.56067437806744,20000089
Cog-Heuristic,10.755201527352796,7,0.5833333333333334,0.49281228577554587,0.75,0.41666666666666663,0.8427323884081813,0.20596239712955686,0.0,0.2916666666666667,22.184301192648256,20000090
Cog-Heuristic,12.45708444888218,8,0.6666666666666666,0.5618103448971926,0.8333333333333334,0.33333333333333337,0.8390166525468574,0.24400290363164587,0.0,0.25,23.707671986604268,20000091
Cog-Heuristic,11.152206426449833,7,0.5833333333333334,0.5012097827396363,0.6666666666666666,0.41666666666666663,0.860016592115164,0.22620515673531508,0.0,0.3125,23.195195996485477,20000092
Cog-Heuristic,13.360277822501043,9,0.75,0.6272622362460968,0.8333333333333334,0.25,0.7541214732733846,0.22405986648080747,0.0,0.20833333333333334,22.658184421188093,20000093
Cog-Heuristic,13.674755750948961,9,0.75,0.6238148509452283,0.75,0.25,0.8451974887987745,0.20229283599363704,0.0,0.2916666666666667,22.122639874272448,20000094
Cog-Heuristic,11.151912650006603,7,0.5833333333333334,0.4853188576071651,0.6666666666666666,0.41666666666666663,0.8610005960901338,0.21993999817924514,0.0,0.3333333333333333,22.22832025033553,20000095
Cog-Heuristic,9.581245882515946,6,0.5,0.564880357530318,0.6666666666666666,0.5,0.8596033000787863,0.22555528469092834,0.0,0.2916666666666667,23.889481355949727,20000096
Cog-Heuristic,6.68473279171379,5,0.4166666666666667,0.2791240335157355,0.6666666666666666,0.5833333333333333,0.8084711081940643,0.22392296703288786,0.0,0.2708333333333333,21.303023635196926,20000097
Cog-Heuristic,9.236833386166504,6,0.5,0.4182205608719778,0.6666666666666666,0.5,0.8775755708312744,0.21846435085996244,0.0,0.3125,21.876689884695942,20000098
Cog-Heuristic,12.121314666888221,8,0.6666666666666666,0.5026860604116347,0.8333333333333334,0.33333333333333337,0.8218086304453901,0.22301002194972572,0.0,0.20833333333333334,23.006440443525666,20000099
Cog-Heuristic,11.02984264527687,7,0.5833333333333334,0.48834262208548007,0.75,0.41666666666666663,0.8687201381219376,0.21610970439911178,0.0,0.3125,22.542973429833445,20000100
Cog-Heuristic,8.959543051417544,6,0.5,0.42090307010746514,0.6666666666666666,0.5,0.8740778855868534,0.2477700179977352,0.0,0.2708333333333333,22.414377727152353,20000101
Cog-Heuristic,9.894427347204129,7,0.5833333333333334,0.38031924269005435,0.8333333333333334,0.41666666666666663,0.7881654942852846,0.2248618560230781,0.0,0.22916666666666666,21.768362041416776,20000102
Cog-Heuristic,11.857886697639467,8,0.6666666666666666,0.5334858933828045,0.75,0.33333333333333337,0.7828245129917691,0.22224156665989567,0.0,0.22916666666666666,22.57834795481009,20000103
Cog-Heuristic,8.40955203851791,6,0.5,0.36040283587616084,0.6666666666666666,0.5,0.820946870991177,0.2174247315231421,0.0,0.2916666666666667,21.996359514552463,20000104
Cog-Heuristic,15.514897579777589,10,0.8333333333333334,0.7168395237159837,0.9166666666666666,0.16666666666666663,0.8547879162821643,0.246776209789771,0.0,0.22916666666666666,24.118201268743476,20000105
Cog-Heuristic,11.477226450202167,7,0.5833333333333334,0.5015574381645642,0.75,0.41666666666666663,0.8562829618686821,0.19770235258919708,0.0,0.3125,22.551365724826884,20000106
Cog-Heuristic,15.547486856288323,10,0.8333333333333334,0.729569619517547,0.8333333333333334,0.16666666666666663,0.8362661007902646,0.22661096156361393,0.0,0.25,23.844974316157334,20000107
Cog-Heuristic,8.027896782060882,5,0.4166666666666667,0.509566509782286,0.75,0.5833333333333333,0.8592752442719376,0.2285460963833468,0.0,0.2708333333333333,22.90240848045577,20000108
Cog-Heuristic,7.8065308515398435,5,0.4166666666666667,0.34703817759570676,0.6666666666666666,0.5833333333333333,0.8307976652372382,0.22181359380988738,0.0,0.3125,22.053237612977025,20000109
Cog-Heuristic,12.914860758443814,8,0.6666666666666666,0.5395727654953592,0.8333333333333334,0.33333333333333337,0.8445086613418077,0.23243306933167882,0.0,0.25,24.56136632792676,20000110
Cog-Heuristic,10.959440227545944,7,0.5833333333333334,0.5904933667275926,0.6666666666666666,0.41666666666666663,0.8240072237777829,0.22676761806205184,0.0,0.2708333333333333,22.5779085136196,20000111
Cog-Heuristic,13.496080399247749,8,0.6666666666666666,0.6532964488848012,0.6666666666666666,0.33333333333333337,0.8907242443042289,0.253990180029414,0.0,0.2916666666666667,22.950798342409957,20000112
Cog-Heuristic,11.638557261636691,8,0.6666666666666666,0.4764465679204399,0.8333333333333334,0.33333333333333337,0.7901821868665633,0.22119236966796732,0.0,0.22916666666666666,23.843808159447818,20000113
Cog-Heuristic,8.91075830003515,6,0.5,0.425604420327669,0.6666666666666666,0.5,0.7985014277036928,0.23181834086865435,0.0,0.2916666666666667,20.868997477890982,20000114
Cog-Heuristic,9.533119955477307,6,0.5,0.4029699925190053,0.75,0.5,0.8798805585879332,0.227806619818362,0.0,0.2916666666666667,23.527959969965725,20000115
Cog-Heuristic,14.310774588576125,9,0.75,0.697874564582292,0.8333333333333334,0.25,0.8485129550468863,0.22908205128239745,0.0,0.2708333333333333,23.041598141521426,20000116
Cog-Heuristic,11.996087498824275,8,0.6666666666666666,0.5792647901551805,0.75,0.33333333333333337,0.8216652814101201,0.2382553624400098,0.0,0.2708333333333333,22.185338427537992,20000117
Cog-Heuristic,11.812825257815707,8,0.6666666666666666,0.5055395162364378,0.75,0.33333333333333337,0.8202736823093266,0.2395055840468352,0.0,0.22916666666666666,22.627836528093717,20000118
Cog-Heuristic,11.18856994686052,7,0.5833333333333334,0.4940017213080762,0.75,0.41666666666666663,0.8392492260879495,0.2338398539457538,0.0,0.2708333333333333,23.607721334911414,20000119
Cog-Heuristic,12.756702292974477,8,0.6666666666666666,0.549414658687563,0.75,0.33333333333333337,0.8824967545942947,0.22947273002821258,0.0,0.2708333333333333,24.842462233932498,20000120
Cog-Heuristic,3.2334180897950016,3,0.25,0.17847227138948296,0.5833333333333334,0.75,0.7880421657591503,0.24429877059325053,0.0,0.2916666666666667,20.121515110246804,20000121
Cog-Heuristic,10.331360884242796,7,0.5833333333333334,0.5018473263412675,0.6666666666666666,0.41666666666666663,0.7992787094547861,0.21829794456298005,0.0,0.2708333333333333,21.608262144367362,20000122
Cog-Heuristic,12.996979298274828,8,0.6666666666666666,0.7599104837917549,0.75,0.33333333333333337,0.8554344770911829,0.23111171567607788,0.0,0.2916666666666667,22.62093775642958,20000123
Cog-Heuristic,14.26637919016627,9,0.75,0.7103872546174346,0.8333333333333334,0.25,0.8512608284303497,0.22523525186773105,0.0,0.2708333333333333,23.473242890381062,20000124
Cog-Heuristic,14.237543616522204,9,0.75,0.7344249021746542,0.75,0.25,0.8565400697413027,0.2202190303427507,0.0,0.2916666666666667,22.443763417390176,20000125
Cog-Heuristic,9.266977788134255,6,0.5,0.45299991094031106,0.6666666666666666,0.5,0.8199128752053655,0.23180754931261868,0.0,0.2916666666666667,21.73766817201869,20000126
Cog-Heuristic,11.319277985872445,7,0.5833333333333334,0.5150129816705135,0.75,0.41666666666666663,0.8505779998720312,0.21906243006508838,0.0,0.2708333333333333,23.658444828617494,20000127
Cog-Heuristic,13.762199700828683,9,0.75,0.6062953101415147,0.8333333333333334,0.25,0.8238359727377821,0.20663272778005828,0.0,0.2708333333333333,23.281969906087472,20000128
Cog-Heuristic,10.32345397705724,7,0.5833333333333334,0.44744828225307776,0.75,0.41666666666666663,0.8129223103654399,0.2334880483321633,0.0,0.2708333333333333,22.205080345891545,20000129
Cog-Heuristic,6.982662347226993,5,0.4166666666666667,0.42381638619025713,0.5833333333333334,0.5833333333333333,0.8487864715367346,0.23228627876021624,0.0,0.2916666666666667,22.43008861609412,20000130
Cog-Heuristic,9.388395238153525,6,0.5,0.4086031442276091,0.6666666666666666,0.5,0.8670757478896703,0.20839424372921386,0.0,0.3125,22.230636730038423,20000131
Cog-Heuristic,10.086156619979993,7,0.5833333333333334,0.45162191478112484,0.75,0.41666666666666663,0.7792836967592726,0.2220210222041484,0.0,0.22916666666666666,22.772222924701847,20000132
Cog-Heuristic,14.256598611220161,9,0.75,0.702074015387759,0.8333333333333334,0.25,0.8372433390073257,0.20741741278236278,0.0,0.25,23.239068897036315,20000133
Cog-Heuristic,11.075938818663445,7,0.5833333333333334,0.44757559850317363,0.8333333333333334,0.41666666666666663,0.8441466967305113,0.20381441036671288,0.0,0.2708333333333333,24.10225722966421,20000134
Cog-Heuristic,10.94857126578166,7,0.5833333333333334,0.5749298351369808,0.6666666666666666,0.41666666666666663,0.9050308129563209,0.2553499354529604,0.0,0.2708333333333333,24.15384595367131,20000135
Cog-Heuristic,14.18955257650621,9,0.75,0.6104504307467321,0.8333333333333334,0.25,0.8515670852579009,0.22658548352303018,0.0,0.2708333333333333,23.144910650522153,20000136
Cog-Heuristic,14.660411844804468,9,0.75,0.6829836484414541,0.8333333333333334,0.25,0.8541423597338665,0.21431652114231392,0.0,0.2708333333333333,23.674683420328623,20000137
Cog-Heuristic,8.989079591441097,6,0.5,0.41158537385275684,0.6666666666666666,0.5,0.8286430990211043,0.2117316740007097,0.0,0.3333333333333333,20.931072251997357,20000138
Cog-Heuristic,9.997250565962611,7,0.5833333333333334,0.4206163463801997,0.75,0.41666666666666663,0.7987431001014024,0.2225819688253701,0.0,0.2708333333333333,21.220060124607656,20000139
Cog-Heuristic,13.042829477548484,9,0.75,0.7230179884076227,0.75,0.25,0.7922568364529559,0.2423689537101615,0.0,0.22916666666666666,23.026620614071845,20000140
Cog-Heuristic,11.19212935634081,7,0.5833333333333334,0.4699278810590689,0.75,0.41666666666666663,0.8433756497407764,0.22388761788147402,0.0,0.25,23.236915597444895,20000141
Cog-Heuristic,8.049815142604722,6,0.5,0.3446974110042466,0.6666666666666666,0.5,0.7895232560988461,0.23325030479886388,0.0,0.2708333333333333,20.37490564624414,20000142
Cog-Heuristic,8.692828992508252,6,0.5,0.3867437835695187,0.5833333333333334,0.5,0.8097637420933053,0.21321314569291613,0.0,0.3125,20.603079778999618,20000143
Cog-Heuristic,13.188147342577574,8,0.6666666666666666,0.6957302095243978,0.75,0.33333333333333337,0.8766234143279868,0.2194144762172904,0.0,0.2708333333333333,24.4153883002571,20000144
Cog-Heuristic,16.170863638530353,10,0.8333333333333334,0.7789694451917006,0.8333333333333334,0.16666666666666663,0.8526810242079469,0.22962779641143394,0.0,0.2916666666666667,24.001044368816913,20000145
Cog-Heuristic,9.34232705142024,6,0.5,0.40854774033077823,0.75,0.5,0.8155450033854216,0.20732205452405728,0.0,0.2708333333333333,22.272453315273523,20000146
Cog-Heuristic,10.260272216544104,7,0.5833333333333334,0.4914522278106296,0.6666666666666666,0.41666666666666663,0.8183468046226686,0.20014138958466365,0.0,0.2916666666666667,21.444445341745958,20000147
Cog-Heuristic,8.823414097894469,6,0.5,0.43863712397232335,0.6666666666666666,0.5,0.8189487327080988,0.23615532795773012,0.0,0.2708333333333333,22.020733617331366,20000148
Cog-Heuristic,11.26369251176069,7,0.5833333333333334,0.6405646363704072,0.6666666666666666,0.41666666666666663,0.8808493992671232,0.26453689962139393,0.0,0.2708333333333333,23.384303604416033,20000149
Cog-Heuristic,10.04858129884053,7,0.5833333333333334,0.4287845146410583,0.75,0.41666666666666663,0.7978779575023056,0.20747820218085708,0.0,0.25,21.922016139741164,20000150
Cog-Heuristic,11.900930720898915,8,0.6666666666666666,0.5204856315373011,0.8333333333333334,0.33333333333333337,0.8312824293164249,0.22181191884590026,0.0,0.25,22.92514705609046,20000151
Cog-Heuristic,11.061012842923722,7,0.5833333333333334,0.5218842753302928,0.6666666666666666,0.41666666666666663,0.8458452888453752,0.21135668877691974,0.0,0.3333333333333333,21.871654999218414,20000152
Cog-Heuristic,12.622425308190712,8,0.6666666666666666,0.6266618241960902,0.75,0.33333333333333337,0.8484701924050405,0.22922350619481424,0.0,0.25,23.233901375061283,20000153
Cog-Heuristic,14.836054284904922,9,0.75,0.6740944929413051,0.8333333333333334,0.25,0.8990921763649867,0.2077449070059286,0.0,0.3125,23.162680977436896,20000154
Cog-Heuristic,10.30410516040405,7,0.5833333333333334,0.42110503535499705,0.75,0.41666666666666663,0.7960257316644467,0.2106490288959414,0.0,0.25,21.870801332828538,20000155
Cog-Heuristic,12.589288992641842,8,0.6666666666666666,0.5652079479325169,0.75,0.33333333333333337,0.8525099186288205,0.23512053509799571,0.0,0.2916666666666667,22.864756161807463,20000156
Cog-Heuristic,7.615165386989599,5,0.4166666666666667,0.43415541859978385,0.6666666666666666,0.5833333333333333,0.8698693513992898,0.21995949411861004,0.0,0.2916666666666667,22.092073160538302,20000157
Cog-Heuristic,8.697829197236262,6,0.5,0.3523721315662943,0.75,0.5,0.8313093025391861,0.2404380888845994,0.0,0.25,23.329464657143077,20000158
Cog-Heuristic,10.884348020535564,7,0.5833333333333334,0.44370953968873594,0.75,0.41666666666666663,0.8319483815156307,0.22957051437359524,0.0,0.2708333333333333,22.74346896420818,20000159
Cog-Heuristic,13.850866491015948,9,0.75,0.6198392640761592,0.8333333333333334,0.25,0.8220276095144564,0.2374036160463395,0.0,0.22916666666666666,25.508975393241574,20000160
Cog-Heuristic,13.631008209904778,9,0.75,0.6251766294382887,0.8333333333333334,0.25,0.8197400087758379,0.23014802326197803,0.0,0.22916666666666666,23.081644273205043,20000161
Cog-Heuristic,7.349568298231423,5,0.4166666666666667,0.3112048903623779,0.6666666666666666,0.5833333333333333,0.8338658942312355,0.20921480218130994,0.0,0.3125,21.193254846035018,20000162
Cog-Heuristic,14.141097433377755,9,0.75,0.6845061200580619,0.75,0.25,0.8130954363553755,0.22762297969844317,0.0,0.25,22.70124676576776,20000163
Cog-Heuristic,12.618484714469643,8,0.6666666666666666,0.5740352946270262,0.6666666666666666,0.33333333333333337,0.835440493649476,0.24106659674750117,0.0,0.2916666666666667,21.86706880833095,20000164
Cog-Heuristic,10.92822488994616,7,0.5833333333333334,0.5734641228477511,0.75,0.41666666666666663,0.8773865913416534,0.22013493879152335,0.0,0.2916666666666667,21.987578459417133,20000165
Cog-Heuristic,13.178918530190044,8,0.6666666666666666,0.6294852391194108,0.75,0.33333333333333337,0.8899302477777941,0.2092259300733945,0.0,0.3125,23.737838087659405,20000166
Cog-Heuristic,13.51646323210957,9,0.75,0.6622200866045708,0.8333333333333334,0.25,0.7955532163461285,0.23190139662991074,0.0,0.20833333333333334,23.28772393943106,20000167
Cog-Heuristic,8.303253975160663,6,0.5,0.3341269458366973,0.75,0.5,0.7865063028504391,0.25121823083460953,0.0,0.25,21.71725483900332,20000168
Cog-Heuristic,13.61293893004715,9,0.75,0.623354074557774,0.75,0.25,0.8578314600520317,0.23472105785638017,0.0,0.25,23.918352387793945,20000169
Cog-Heuristic,9.089574359087415,6,0.5,0.38060298616410115,0.75,0.5,0.819646033015473,0.22321968185099694,0.0,0.2708333333333333,22.28867174133618,20000170
Cog-Heuristic,10.516453551666759,7,0.5833333333333334,0.461236872679991,0.75,0.41666666666666663,0.868311245051166,0.21358068088828394,0.0,0.2708333333333333,24.490098376857134,20000171
Cog-Heuristic,12.417270321235213,8,0.6666666666666666,0.5924501035201716,0.75,0.33333333333333337,0.8854614964616134,0.21231162918543767,0.0,0.2916666666666667,23.42079980529258,20000172
Cog-Heuristic,12.47655082730413,8,0.6666666666666666,0.5695548119685011,0.75,0.33333333333333337,0.8464497402060909,0.2366225183290821,0.0,0.2708333333333333,22.694218708811547,20000173
Cog-Heuristic,12.6698845713425,8,0.6666666666666666,0.5936627377746391,0.75,0.33333333333333337,0.8739862020764791,0.22419360775841668,0.0,0.2708333333333333,23.636499206171493,20000174
Cog-Heuristic,9.577410091620218,7,0.5833333333333334,0.42683588627877567,0.75,0.41666666666666663,0.7595304811286273,0.24256043460789697,0.0,0.22916666666666666,21.91961468598164,20000175
Cog-Heuristic,10.206252724033835,7,0.5833333333333334,0.4038085968143188,0.75,0.41666666666666663,0.8393577820250977,0.2113394625313815,0.0,0.2708333333333333,22.771353763344464,20000176
Cog-Heuristic,14.4239674529388,9,0.75,0.6596729817340342,0.8333333333333334,0.25,0.8571371780430344,0.2302655033020826,0.0,0.22916666666666666,24.56188345243675,20000177
Cog-Heuristic,12.79708471019744,8,0.6666666666666666,0.6030897140214546,0.75,0.33333333333333337,0.8652857094961567,0.2326568035879646,0.0,0.2708333333333333,23.256127953633023,20000178
Cog-Heuristic,6.312222224788854,4,0.3333333333333333,0.31487950595326075,0.75,0.6666666666666667,0.8535302964273613,0.21463540098536163,0.0,0.2708333333333333,22.60288205005651,20000179
Cog-Heuristic,10.986476357269787,7,0.5833333333333334,0.5317735663090855,0.6666666666666666,0.41666666666666663,0.8294656939642605,0.22991779779403468,0.0,0.2708333333333333,22.724113722989376,20000180
Cog-Heuristic,10.101743541706304,7,0.5833333333333334,0.5016269122661672,0.75,0.41666666666666663,0.8464458804694818,0.25352956754379646,0.0,0.20833333333333334,24.270771204653162,20000181
Cog-Heuristic,12.643801288489943,8,0.6666666666666666,0.5891077684387386,0.6666666666666666,0.33333333333333337,0.8578607329032911,0.22051579104983884,0.0,0.3125,22.454103141071265,20000182
Cog-Heuristic,7.026721179885747,5,0.4166666666666667,0.28678545596822885,0.6666666666666666,0.5833333333333333,0.808491594120356,0.21937470599306583,0.0,0.2916666666666667,21.897132072968432,20000183
Cog-Heuristic,9.948010844530284,7,0.5833333333333334,0.3932698050322462,0.75,0.41666666666666663,0.8047037588660851,0.2145890578667636,0.0,0.2708333333333333,22.330142981421226,20000184
Cog-Heuristic,12.381964644748066,8,0.6666666666666666,0.588925751953343,0.6666666666666666,0.33333333333333337,0.8638226909382736,0.19794245984312764,0.0,0.3125,21.747675940808133,20000185
Cog-Heuristic,8.622962506161068,6,0.5,0.35390912449393785,0.75,0.5,0.8166628061455201,0.20405328393628408,0.0,0.25,23.053053225039857,20000186
Cog-Heuristic,9.263290302077717,6,0.5,0.41423109009574943,0.6666666666666666,0.5,0.849854813973557,0.2401501900966719,0.0,0.2916666666666667,21.984973935347146,20000187
Cog-Heuristic,11.232894245826966,7,0.5833333333333334,0.6254981097927107,0.6666666666666666,0.41666666666666663,0.8776053322738644,0.2341151809004701,0.0,0.2916666666666667,23.06629649065216,20000188
Cog-Heuristic,8.178499214092922,6,0.5,0.3447300498789262,0.6666666666666666,0.5,0.7898836534550117,0.21563078814315392,0.0,0.2708333333333333,21.191231769016767,20000189
Cog-Heuristic,16.410507072606535,10,0.8333333333333334,0.7798878496221773,0.8333333333333334,0.16666666666666663,0.8891089487200965,0.2250533361678075,0.0,0.2708333333333333,24.070317801676648,20000190
Cog-Heuristic,18.494491671026125,12,1.0,1.0,1.0,0.0,0.8547964479700608,0.19432613914755845,0.0,0.2708333333333333,22.64249914146599,20000191
Cog-Heuristic,11.309479106740723,7,0.5833333333333334,0.4982443592127624,0.8333333333333334,0.41666666666666663,0.8782829906353946,0.2292618463678527,0.0,0.2916666666666667,24.333869941335777,20000192
Cog-Heuristic,11.29011064705309,7,0.5833333333333334,0.4942674061910156,0.75,0.41666666666666663,0.8983242917331262,0.23854083641933457,0.0,0.2708333333333333,24.781632057773262,20000193
Cog-Heuristic,10.554319403334944,7,0.5833333333333334,0.4725098888349269,0.6666666666666666,0.41666666666666663,0.8550306525145893,0.23043097878960528,0.0,0.3125,21.984103513292045,20000194
Cog-Heuristic,12.248352007972976,8,0.6666666666666666,0.5322544157558301,0.75,0.33333333333333337,0.8377042661307628,0.23860214649111214,0.0,0.2708333333333333,22.755893367150385,20000195
Cog-Heuristic,12.966400651311517,8,0.6666666666666666,0.6160928169226959,0.75,0.33333333333333337,0.8759497466856855,0.2219861563341977,0.0,0.2708333333333333,23.738489546087866,20000196
Cog-Heuristic,4.741095398122274,3,0.25,0.31414564949398727,0.6666666666666666,0.75,0.8517206199497109,0.22077988651240896,0.0,0.2916666666666667,22.673766985654797,20000197
Cog-Heuristic,10.791784930831517,7,0.5833333333333334,0.41735384483841365,0.8333333333333334,0.41666666666666663,0.8284517579548031,0.20780879756021978,0.0,0.25,23.78872408931423,20000198
Cog-Heuristic,6.542531171633442,5,0.4166666666666667,0.2729067743314724,0.6666666666666666,0.5833333333333333,0.8071395363702951,0.24101057872446185,0.0,0.2708333333333333,20.83924100046588,20000199
Cog-Heuristic,11.256421933918027,7,0.5833333333333334,0.5549628419614588,0.75,0.41666666666666663,0.8627119980113988,0.25546470919706016,0.0,0.2708333333333333,23.199461081904712,20000200
Cog-Heuristic,10.964781478125452,7,0.5833333333333334,0.4506731267834255,0.75,0.41666666666666663,0.8124126533062294,0.21437246549545566,0.0,0.2708333333333333,22.83905967219503,20000201
Cog-Heuristic,10.723927423238212,7,0.5833333333333334,0.4626616280381925,0.75,0.41666666666666663,0.854334533885385,0.23033828931304537,0.0,0.2916666666666667,22.335490138613892,20000202
Cog-Heuristic,12.41661903152582,8,0.6666666666666666,0.6529750428829628,0.75,0.33333333333333337,0.8563136908985944,0.2279389952968367,0.0,0.2916666666666667,22.268716224217393,20000203
Cog-Heuristic,10.806332403236475,7,0.5833333333333334,0.4645384253435034,0.75,0.41666666666666663,0.8059392759854932,0.21123978045187256,0.0,0.2708333333333333,21.85714664084253,20000204
Cog-Heuristic,13.063395038224645,8,0.6666666666666666,0.6704542414162767,0.8333333333333334,0.33333333333333337,0.8544289979269871,0.2135942064801232,0.0,0.25,24.1837607177201,20000205
Cog-Heuristic,6.895613235125732,5,0.4166666666666667,0.2569095418791492,0.6666666666666666,0.5833333333333333,0.8286275139861998,0.22686754688905122,0.0,0.3125,21.75536623205423,20000206
Cog-Heuristic,9.440574643352203,6,0.5,0.41135455522600217,0.75,0.5,0.8311964421647314,0.23121259914357273,0.0,0.2916666666666667,23.26282614136781,20000207
Cog-Heuristic,9.339103777095492,6,0.5,0.3853306834681361,0.75,0.5,0.8559805443541081,0.21882118596921374,0.0,0.2708333333333333,23.086847452908557,20000208
Cog-Heuristic,10.956923094018217,7,0.5833333333333334,0.4754874079498781,0.75,0.41666666666666663,0.8390375760665855,0.2293827423344977,0.0,0.22916666666666666,23.61122640595147,20000209
Cog-Heuristic,18.000471573940093,11,0.9166666666666666,0.8964834784118206,0.9166666666666666,0.08333333333333337,0.8862866564281751,0.22105018409833524,0.0,0.22916666666666666,25.872242761257226,20000210
Cog-Heuristic,11.556263735622714,8,0.6666666666666666,0.5245899874393913,0.75,0.33333333333333337,0.7779993461075311,0.2189293093417637,0.0,0.25,22.57725706492154,20000211
Cog-Heuristic,12.173190142587346,8,0.6666666666666666,0.5535231128650657,0.8333333333333334,0.33333333333333337,0.8226144868584638,0.2143893893334332,0.0,0.22916666666666666,24.322003621469545,20000212
Cog-Heuristic,7.013286679377982,4,0.3333333333333333,0.4570734235145818,0.75,0.6666666666666667,0.8684828599044033,0.2139843360728467,0.0,0.2916666666666667,22.78787142811894,20000213
Cog-Heuristic,8.509340747636177,6,0.5,0.39144110605598853,0.6666666666666666,0.5,0.7956516659780895,0.2249712284851689,0.0,0.2708333333333333,21.626108223295553,20000214
Cog-Heuristic,4.542365252130249,3,0.25,0.32276661870956785,0.5833333333333334,0.75,0.8897578532468904,0.24457667244572945,0.0,0.3333333333333333,21.915647115779375,20000215
Cog-Heuristic,10.358607490656798,7,0.5833333333333334,0.41489374670234486,0.8333333333333334,0.41666666666666663,0.8089058633009812,0.23253364157911474,0.0,0.22916666666666666,23.53443409793819,20000216
Cog-Heuristic,11.693320490528102,7,0.5833333333333334,0.635965477277344,0.8333333333333334,0.41666666666666663,0.8884513871200527,0.2266065809498372,0.0,0.25,24.32091999087875,20000217
Cog-Heuristic,11.825107673316293,8,0.6666666666666666,0.5217133052772166,0.8333333333333334,0.33333333333333337,0.8175146537760648,0.22281018170542813,0.0,0.25,23.35911215024924,20000218
Cog-Heuristic,12.16516886864469,8,0.6666666666666666,0.5397077086995089,0.8333333333333334,0.33333333333333337,0.8112595488394648,0.23108510882805514,0.0,0.25,23.026165615821665,20000219
Cog-Heuristic,10.062327376882482,7,0.5833333333333334,0.4401437463786182,0.75,0.41666666666666663,0.7823618692925534,0.20430738359472547,0.0,0.25,21.43160192142691,20000220
Cog-Heuristic,14.524271626795949,9,0.75,0.7393744184767675,0.75,0.25,0.8886981398003764,0.2107646768468663,0.0,0.2916666666666667,23.467499444280275,20000221
Cog-Heuristic,14.014320691374854,9,0.75,0.5940477748020538,0.8333333333333334,0.25,0.8561241252348474,0.21876903597792885,0.0,0.25,23.701763935953863,20000222
Cog-Heuristic,10.653540080786271,7,0.5833333333333334,0.4761548638404821,0.8333333333333334,0.41666666666666663,0.8555612948828589,0.23928133408104224,0.0,0.25,23.075460523741558,20000223
Cog-Heuristic,10.53902275454546,7,0.5833333333333334,0.46022215547809076,0.75,0.41666666666666663,0.8155086656803063,0.2319600868404755,0.0,0.25,22.653922777036122,20000224
Cog-Heuristic,11.306470117326135,7,0.5833333333333334,0.6333403036411547,0.75,0.41666666666666663,0.8765135196874961,0.2351704232669781,0.0,0.2708333333333333,23.908032171191493,20000225
Cog-Heuristic,12.948945042004825,8,0.6666666666666666,0.5654505818180596,0.75,0.33333333333333337,0.8654630864891174,0.21010074635181064,0.0,0.2708333333333333,23.948374274601584,20000226
Cog-Heuristic,10.114666522461777,7,0.5833333333333334,0.44565596675646213,0.75,0.41666666666666663,0.84386254092413,0.2313741279459157,0.0,0.22916666666666666,23.51473323405582,20000227
Cog-Heuristic,8.240351539308206,5,0.4166666666666667,0.44434057784454073,0.8333333333333334,0.5833333333333333,0.857110751638357,0.21582115740132043,0.0,0.2708333333333333,22.484646880435335,20000228
Cog-Heuristic,9.704246276527572,6,0.5,0.4402143560282815,0.75,0.5,0.8802984716559963,0.2445044170668528,0.0,0.25,25.329523700455454,20000229
Cog-Heuristic,7.610579641974274,5,0.4166666666666667,0.32803024510612444,0.75,0.5833333333333333,0.8618179929096351,0.21661415828418454,0.0,0.2708333333333333,23.15784977675491,20000230
Cog-Heuristic,14.134033755481234,9,0.75,0.6725708362947497,0.8333333333333334,0.25,0.853746968002055,0.2551634257330822,0.0,0.22916666666666666,22.996172272187057,20000231
Cog-Heuristic,6.8376660908312985,5,0.4166666666666667,0.26328736786055223,0.6666666666666666,0.5833333333333333,0.7926643275456559,0.2035896973461715,0.0,0.2916666666666667,21.177122297382706,20000232
Cog-Heuristic,12.535726931681875,8,0.6666666666666666,0.5854698964349706,0.75,0.33333333333333337,0.8050376520604834,0.22166142640800066,0.0,0.2708333333333333,21.63203426898003,20000233
Cog-Heuristic,8.112719796536325,6,0.5,0.3552107085687263,0.6666666666666666,0.5,0.7577500484828015,0.23550611341906624,0.0,0.2708333333333333,20.65968176187617,20000234
Cog-Heuristic,12.073163253888211,8,0.6666666666666666,0.6296684142243587,0.75,0.33333333333333337,0.790751973549599,0.20184456081222302,0.0,0.2916666666666667,21.781618290744913,20000235
Cog-Heuristic,16.51962082058832,10,0.8333333333333334,0.8093061637638327,0.8333333333333334,0.16666666666666663,0.8882070724625294,0.2229795671471,0.0,0.25,25.917475437840782,20000236
Cog-Heuristic,9.857518075596243,6,0.5,0.4555535125379535,0.6666666666666666,0.5,0.8818722463361274,0.22741831304005775,0.0,0.2916666666666667,23.838729128001273,20000237
Cog-Heuristic,14.620558073541835,9,0.75,0.6567435134888855,0.75,0.25,0.8812857562122085,0.22277256445906354,0.0,0.2916666666666667,24.02834819516991,20000238
Cog-Heuristic,11.620921151896615,7,0.5833333333333334,0.5198998347488465,0.75,0.41666666666666663,0.8863534825219137,0.23867434400926468,0.0,0.2708333333333333,24.48608364445914,20000239
Cog-Heuristic,9.369775632346794,6,0.5,0.434198196140891,0.6666666666666666,0.5,0.866596725723905,0.2230080041790402,0.0,0.3125,22.997598196176504,20000240
Cog-Heuristic,10.530968581722,7,0.5833333333333334,0.4724934687542642,0.6666666666666666,0.41666666666666663,0.8580430384151975,0.2385360685508353,0.0,0.2708333333333333,22.18531907771623,20000241
Cog-Heuristic,15.295024452922858,10,0.8333333333333334,0.829763003506329,0.8333333333333334,0.16666666666666663,0.8435635236838607,0.21055318161292477,0.0,0.22916666666666666,23.917814294731457,20000242
Cog-Heuristic,10.92343132875618,7,0.5833333333333334,0.5618412458621649,0.5833333333333334,0.41666666666666663,0.8318965684742355,0.2324837863810497,0.0,0.3125,21.777375064616923,20000243
Cog-Heuristic,16.683793137625113,10,0.8333333333333334,0.8475478319947377,0.8333333333333334,0.16666666666666663,0.8728249783942985,0.24044611810215724,0.0,0.22916666666666666,25.27517840660609,20000244
Cog-Heuristic,14.454557123134238,9,0.75,0.6812770110128694,0.75,0.25,0.8556505098496082,0.2353509368294153,0.0,0.25,24.779329089423968,20000245
Cog-Heuristic,8.281593631341188,5,0.4166666666666667,0.5120080974185958,0.75,0.5833333333333333,0.8804279398241066,0.24966358899653274,0.0,0.2708333333333333,24.214097602939628,20000246
Cog-Heuristic,12.418878010932781,8,0.6666666666666666,0.5093301694506963,0.8333333333333334,0.33333333333333337,0.8547184637768224,0.23645722140867242,0.0,0.25,23.876213847866644,20000247
Cog-Heuristic,19.998352500510162,12,1.0,1.0,1.0,0.0,0.9039317129937383,0.2120623498326563,0.0,0.22916666666666666,26.238197091334296,20000248
Cog-Heuristic,11.343444470629125,7,0.5833333333333334,0.5346645038546037,0.75,0.41666666666666663,0.8759239718944466,0.24134425190545125,0.0,0.2916666666666667,22.929540119972998,20000249
Cog-Heuristic,14.25720172039604,9,0.75,0.6625236905688402,0.8333333333333334,0.25,0.8676339022105394,0.21845057778814814,0.0,0.25,23.91632423219423,20000250
Cog-Heuristic,16.34278348837196,10,0.8333333333333334,0.7603877843715761,0.8333333333333334,0.16666666666666663,0.8611438250462641,0.21078793298879037,0.0,0.2708333333333333,23.082143212105695,20000251
Cog-Heuristic,12.195158551733781,8,0.6666666666666666,0.574692968737232,0.75,0.33333333333333337,0.8510879729511093,0.22095623710400672,0.0,0.25,22.94936701907057,20000252
Cog-Heuristic,10.979678837417266,7,0.5833333333333334,0.45315019185310207,0.75,0.41666666666666663,0.8226041738255913,0.20481756989969832,0.0,0.2708333333333333,22.178428634173663,20000253
Cog-Heuristic,10.927856282383019,7,0.5833333333333334,0.5515482659053903,0.6666666666666666,0.41666666666666663,0.8754652896746965,0.24999048859817385,0.0,0.2708333333333333,22.973686912072633,20000254
Cog-Heuristic,8.816709251503749,6,0.5,0.4131261694708326,0.6666666666666666,0.5,0.8268747434370355,0.24755751609338095,0.0,0.2708333333333333,22.322801234439645,20000255
Cog-Heuristic,10.939318757398787,7,0.5833333333333334,0.4599101210939426,0.75,0.41666666666666663,0.8559891150427932,0.24342187825486947,0.0,0.25,24.26768689217053,20000256
Cog-Heuristic,11.81041771148789,8,0.6666666666666666,0.5759882440040116,0.75,0.33333333333333337,0.8008825367121162,0.24848022270255732,0.0,0.22916666666666666,22.86043468217668,20000257
Cog-Heuristic,10.432918367374864,7,0.5833333333333334,0.43253134449294267,0.75,0.41666666666666663,0.8419676060416954,0.2011588557659779,0.0,0.3333333333333333,21.177120181648004,20000258
Cog-Heuristic,10.424665229245809,7,0.5833333333333334,0.46147750312241376,0.75,0.41666666666666663,0.8414960603823625,0.2326940533099159,0.0,0.2708333333333333,23.374100859961377,20000259
Cog-Heuristic,10.75205611879537,7,0.5833333333333334,0.5085261735538518,0.6666666666666666,0.41666666666666663,0.8329198968344498,0.2557315969370247,0.0,0.2708333333333333,21.58038364862131,20000260
Cog-Heuristic,7.2793585851416385,5,0.4166666666666667,0.2944330380791356,0.5833333333333334,0.5833333333333333,0.8951004075034442,0.2188187392132693,0.0,0.3541666666666667,20.49673607860099,20000261
Cog-Heuristic,9.498837238818853,6,0.5,0.48256967465445416,0.6666666666666666,0.5,0.8853359187139588,0.22801304844122638,0.0,0.2916666666666667,23.478805470515734,20000262
Cog-Heuristic,13.50495272704702,9,0.75,0.607725945235933,0.8333333333333334,0.25,0.8115582879530195,0.20469060413544446,0.0,0.22916666666666666,23.325176905486252,20000263
Cog-Heuristic,8.966203072357096,6,0.5,0.31501888506028014,0.75,0.5,0.8624986777459545,0.21484647088990758,0.0,0.2916666666666667,22.82996042394016,20000264
Cog-Heuristic,15.329122193155193,10,0.8333333333333334,0.7414764090537421,0.9166666666666666,0.16666666666666663,0.7873135860273085,0.21528995489820738,0.0,0.25,23.222891989702052,20000265
Cog-Heuristic,12.28384312596989,8,0.6666666666666666,0.5798793501224535,0.75,0.33333333333333337,0.8814296352401306,0.20542381347635527,0.0,0.2916666666666667,21.964795576434685,20000266
Cog-Heuristic,7.384547166539689,5,0.4166666666666667,0.3371483495703131,0.6666666666666666,0.5833333333333333,0.8306454630694621,0.25543190067663507,0.0,0.2916666666666667,21.798589984289176,20000267
Cog-Heuristic,8.61316359900193,6,0.5,0.3470615641872021,0.6666666666666666,0.5,0.840770141332975,0.216265919844187,0.0,0.3125,21.94848318639872,20000268
Cog-Heuristic,11.439164659359566,7,0.5833333333333334,0.5320000518704666,0.75,0.41666666666666663,0.8752791751353733,0.23087909318303368,0.0,0.2708333333333333,24.232637703416575,20000269
Cog-Heuristic,9.71036871614616,7,0.5833333333333334,0.3936144998160544,0.75,0.41666666666666663,0.7873873111803681,0.22548561505954967,0.0,0.22916666666666666,22.083591207352683,20000270
Cog-Heuristic,13.10749986262809,8,0.6666666666666666,0.575726470304289,0.8333333333333334,0.33333333333333337,0.8734319498130203,0.21297148746240394,0.0,0.25,23.994693001599277,20000271
Cog-Heuristic,13.725657479016876,9,0.75,0.6063540388318632,0.8333333333333334,0.25,0.8047643297935071,0.21536600153634208,0.0,0.22916666666666666,22.918091450576796,20000272
Cog-Heuristic,15.912697307924944,10,0.8333333333333334,0.7129806173272106,0.8333333333333334,0.16666666666666663,0.8678635202003742,0.2294863003845271,0.0,0.25,24.641454117984402,20000273
Cog-Heuristic,14.23664649604756,9,0.75,0.6405336900406222,0.75,0.25,0.8718578124390842,0.2119161768289511,0.0,0.2916666666666667,23.547779661800163,20000274
Cog-Heuristic,10.627100059859716,7,0.5833333333333334,0.41809208697600875,0.8333333333333334,0.41666666666666663,0.8671780796596522,0.20480047547288918,0.0,0.3125,22.848983483519284,20000275
Cog-Heuristic,14.425269381554255,9,0.75,0.6320493872719308,0.75,0.25,0.8313719168933503,0.2085008611916883,0.0,0.2708333333333333,22.17924263446224,20000276
Cog-Heuristic,10.059993825788641,7,0.5833333333333334,0.4138833967405221,0.75,0.41666666666666663,0.8020666567875706,0.2440529698586745,0.0,0.25,22.57762506995583,20000277
Cog-Heuristic,8.049457557431865,6,0.5,0.3304091781740217,0.6666666666666666,0.5,0.7906947571031249,0.22507384542685702,0.0,0.2916666666666667,20.557406013686894,20000278
Cog-Heuristic,10.348846727419284,7,0.5833333333333334,0.5239612763443261,0.6666666666666666,0.41666666666666663,0.800323924094617,0.21137882721202628,0.0,0.2916666666666667,20.835954201653184,20000279
Cog-Heuristic,15.28320203745569,10,0.8333333333333334,0.7478059688220645,0.9166666666666666,0.16666666666666663,0.8252207311602585,0.2180004115450851,0.0,0.22916666666666666,22.791012735732167,20000280
Cog-Heuristic,10.571236441833399,7,0.5833333333333334,0.5713228176412896,0.6666666666666666,0.41666666666666663,0.8428315602440758,0.22087944665282375,0.0,0.2916666666666667,22.829276923446592,20000281
Cog-Heuristic,12.541996098583951,8,0.6666666666666666,0.5598423346177965,0.75,0.33333333333333337,0.8602498740985226,0.23392361472141956,0.0,0.2708333333333333,22.849790343500935,20000282
Cog-Heuristic,16.078829106404452,10,0.8333333333333334,0.8557095241430632,0.8333333333333334,0.16666666666666663,0.8420110021944481,0.22519557288514314,0.0,0.2708333333333333,22.99763448892119,20000283
Cog-Heuristic,10.335559764141138,7,0.5833333333333334,0.4900111246731384,0.6666666666666666,0.41666666666666663,0.813589925336776,0.22993937428968855,0.0,0.2708333333333333,22.198107245912844,20000284
Cog-Heuristic,10.077454788186795,7,0.5833333333333334,0.43695739036662296,0.75,0.41666666666666663,0.7645321428947902,0.2179500315382059,0.0,0.25,21.561140511682556,20000285
Cog-Heuristic,9.04645855225522,6,0.5,0.4405470210692772,0.5833333333333334,0.5,0.8389598090956097,0.25218511594655046,0.0,0.2916666666666667,22.297625438976755,20000286
Cog-Heuristic,17.018457827098917,11,0.9166666666666666,0.8331260482561131,0.9166666666666666,0.08333333333333337,0.835029061107951,0.22263920383998773,0.0,0.20833333333333334,24.03430132799221,20000287
Cog-Heuristic,10.622075548927121,7,0.5833333333333334,0.4171974977782152,0.8333333333333334,0.41666666666666663,0.834028718587453,0.20140013636645637,0.0,0.25,22.490013347847093,20000288
Cog-Heuristic,14.022051731572796,9,0.75,0.6277028933266404,0.8333333333333334,0.25,0.836510633103465,0.18943552405660405,0.0,0.2708333333333333,24.013717173410644,20000289
Cog-Heuristic,8.848940688739788,6,0.5,0.333193666397213,0.75,0.5,0.8186394397278717,0.21828600483934543,0.0,0.25,23.282182742646288,20000290
Cog-Heuristic,13.790676396608331,9,0.75,0.6673062960997834,0.75,0.25,0.8647125544004872,0.19750045616859477,0.0,0.2916666666666667,23.74531109256456,20000291
Cog-Heuristic,8.93323994171055,6,0.5,0.38667034045993176,0.75,0.5,0.833347996681502,0.24531600636483356,0.0,0.25,22.2917294431961,20000292
Cog-Heuristic,13.744145899672306,9,0.75,0.6609044327033715,0.75,0.25,0.8120694673118015,0.2274177630410478,0.0,0.25,22.35138249833498,20000293
Cog-Heuristic,11.3907639931245,7,0.5833333333333334,0.47910089383355264,0.75,0.41666666666666663,0.8542941668130312,0.22380314955711125,0.0,0.2916666666666667,23.740863824319437,20000294
Cog-Heuristic,10.438896028177435,7,0.5833333333333334,0.44009702344481055,0.75,0.41666666666666663,0.8049715034990598,0.21163797678697546,0.0,0.2708333333333333,21.513406162425685,20000295
Cog-Heuristic,13.051296486983857,8,0.6666666666666666,0.6089377888360855,0.75,0.33333333333333337,0.8598555947883405,0.24383147264026964,0.0,0.2708333333333333,24.816556513457684,20000296
Cog-Heuristic,11.923222919464978,8,0.6666666666666666,0.49855876302112634,0.8333333333333334,0.33333333333333337,0.8207165376696429,0.21805941947657373,0.0,0.2916666666666667,21.573087659896153,20000297
Cog-Heuristic,8.23799189320759,6,0.5,0.2993979049749051,0.75,0.5,0.8130344960975432,0.22861097979020503,0.0,0.2708333333333333,21.360639266304585,20000298
Cog-Heuristic,15.287962956853958,10,0.8333333333333334,0.7073008227477108,0.8333333333333334,0.16666666666666663,0.8441252289125137,0.19222532301279252,0.0,0.2708333333333333,22.539879812651073,20000299
Cog-Heuristic,11.038482831254836,7,0.5833333333333334,0.510465294580573,0.6666666666666666,0.41666666666666663,0.8744405685474099,0.24755158199098704,0.0,0.2708333333333333,23.805041638154716,20000300
Cog-Heuristic,12.102238691340183,8,0.6666666666666666,0.5343590386620881,0.8333333333333334,0.33333333333333337,0.8613612516570699,0.23206140805132516,0.0,0.2708333333333333,24.0575485146192,20000301
Cog-Heuristic,9.634684309054238,6,0.5,0.43277172815681253,0.6666666666666666,0.5,0.8294400752979129,0.20679460742897815,0.0,0.3125,21.684790550551213,20000302
Cog-Heuristic,10.806023011480278,7,0.5833333333333334,0.5499493165148024,0.75,0.41666666666666663,0.8429505145892492,0.2301847481199445,0.0,0.25,22.800231914679223,20000303
Cog-Heuristic,14.776100827567369,9,0.75,0.7884399567788323,0.9166666666666666,0.25,0.8656688200210064,0.22148416459577072,0.0,0.22916666666666666,25.37596936353946,20000304
Cog-Heuristic,17.36016519960402,11,0.9166666666666666,0.829884234063746,1.0,0.08333333333333337,0.8379055905062597,0.21650041147962748,0.0,0.22916666666666666,25.372741397584097,20000305
Cog-Heuristic,8.178796213461407,5,0.4166666666666667,0.55253994151283,0.75,0.5833333333333333,0.838095646210775,0.22073682750243617,0.0,0.25,23.779583199205156,20000306
Cog-Heuristic,12.326435555301527,8,0.6666666666666666,0.5589720499582196,0.75,0.33333333333333337,0.8282713775890582,0.23177595307234078,0.0,0.2916666666666667,22.0982955179528,20000307
Cog-Heuristic,8.611745715384044,5,0.4166666666666667,0.5354388100189273,0.6666666666666666,0.5833333333333333,0.8713546918947848,0.24376442899698916,0.0,0.2916666666666667,23.448276092007603,20000308
Cog-Heuristic,10.03109933284109,6,0.5,0.4862289238230248,0.6666666666666666,0.5,0.8853117863138825,0.22942510474661496,0.0,0.3125,22.752840287148793,20000309
Cog-Heuristic,12.673087136612825,8,0.6666666666666666,0.7533420625228675,0.75,0.33333333333333337,0.8621494720905692,0.2157182901099978,0.0,0.2916666666666667,21.88587041986879,20000310
Cog-Heuristic,13.59261952225479,9,0.75,0.6391732615087545,0.75,0.25,0.830466628484444,0.23142671399400708,0.0,0.2708333333333333,22.21061361947334,20000311
Cog-Heuristic,10.349782375527766,7,0.5833333333333334,0.40984429339539036,0.75,0.41666666666666663,0.8323906868565324,0.21221916139371935,0.0,0.2708333333333333,21.86945146818968,20000312
Cog-Heuristic,7.38455760767241,5,0.4166666666666667,0.26494688554953605,0.75,0.5833333333333333,0.873974767158709,0.22377043745425565,0.0,0.3125,22.246911775536645,20000313
Cog-Heuristic,14.438749967237042,9,0.75,0.6698786098264181,0.8333333333333334,0.25,0.8471526055787651,0.21782297693268182,0.0,0.2708333333333333,23.141345055620985,20000314
Cog-Heuristic,8.448602817121532,6,0.5,0.2982083678345322,0.75,0.5,0.8537789621981536,0.23527216907213744,0.0,0.2916666666666667,22.16072729212989,20000315
Cog-Heuristic,11.112407672425944,7,0.5833333333333334,0.5152228854674383,0.6666666666666666,0.41666666666666663,0.8488994866204664,0.24019163851514977,0.0,0.3125,20.707824853846887,20000316
Cog-Heuristic,12.216807146758702,8,0.6666666666666666,0.5547643307070456,0.8333333333333334,0.33333333333333337,0.8326044756056835,0.254544729451379,0.0,0.1875,24.30934540507128,20000317
Cog-Heuristic,7.60618859508827,5,0.4166666666666667,0.3465509781602901,0.6666666666666666,0.5833333333333333,0.8783365306937879,0.23222721068173058,0.0,0.2916666666666667,23.1014019555515,20000318
Cog-Heuristic,7.374036936730161,5,0.4166666666666667,0.3301451104145307,0.6666666666666666,0.5833333333333333,0.8555958025310471,0.24362498066585703,0.0,0.2708333333333333,23.109600068724337,20000319
Cog-Heuristic,10.787677597833934,7,0.5833333333333334,0.47288439834663326,0.6666666666666666,0.41666666666666663,0.8258731829465978,0.2229070525884279,0.0,0.2916666666666667,21.996099646205124,20000320
Cog-Heuristic,17.75631488295992,11,0.9166666666666666,0.8988303283678274,0.9166666666666666,0.08333333333333337,0.8262572343700921,0.23193379140444195,0.0,0.20833333333333334,24.792111388665305,20000321
Cog-Heuristic,8.681041525228222,6,0.5,0.3958411519190151,0.6666666666666666,0.5,0.812028283782102,0.22892731177623218,0.0,0.25,22.387243101585195,20000322
Cog-Heuristic,7.595962497711575,5,0.4166666666666667,0.3263927143845573,0.75,0.5833333333333333,0.8457920859959477,0.22667807049688696,0.0,0.2708333333333333,22.748120279660824,20000323
Cog-Heuristic,9.205555907726806,6,0.5,0.4266682707999615,0.75,0.5,0.857592468097563,0.24160385398336678,0.0,0.22916666666666666,24.481432028171593,20000324
Cog-Heuristic,12.591689371121031,8,0.6666666666666666,0.5775678424359038,0.8333333333333334,0.33333333333333337,0.8656381073666356,0.21820298061952445,0.0,0.25,24.097676073020875,20000325
Cog-Heuristic,7.1573448590921505,5,0.4166666666666667,0.36513558061456286,0.5833333333333334,0.5833333333333333,0.8213421698245881,0.25227019864530736,0.0,0.3125,20.88866908295553,20000326
Cog-Heuristic,13.841522466578555,9,0.75,0.5737956712382053,0.8333333333333334,0.25,0.8283247015133535,0.2096869196287657,0.0,0.25,23.45855799951604,20000327
Cog-Heuristic,9.384559360040173,6,0.5,0.4879747066486222,0.6666666666666666,0.5,0.8630174548108723,0.22240343347440739,0.0,0.3125,22.07260985104875,20000328
Cog-Heuristic,6.747838928130396,5,0.4166666666666667,0.26293124179272337,0.6666666666666666,0.5833333333333333,0.83353704057595,0.23975916506535763,0.0,0.2708333333333333,22.151047175003477,20000329
Cog-Heuristic,9.182962826773505,6,0.5,0.44917037764438,0.75,0.5,0.819623681252458,0.21586467482777882,0.0,0.25,22.318686114531392,20000330
Cog-Heuristic,14.14837699850509,9,0.75,0.6515498307290795,0.9166666666666666,0.25,0.9009077463439464,0.2534893836970297,0.0,0.22916666666666666,24.997862105109576,20000331
Cog-Heuristic,13.736362516309356,9,0.75,0.6034008743365735,0.8333333333333334,0.25,0.8263965463175001,0.21956073375117158,0.0,0.22916666666666666,24.377318266655454,20000332
Cog-Heuristic,11.407420221837146,8,0.6666666666666666,0.484286761715089,0.75,0.33333333333333337,0.8173194116211041,0.22326713864892875,0.0,0.2708333333333333,22.17780196210477,20000333
Cog-Heuristic,11.274847375920356,7,0.5833333333333334,0.5178838080079311,0.6666666666666666,0.41666666666666663,0.8485368755590388,0.19415735155704153,0.0,0.3333333333333333,21.197578790547787,20000334
Cog-Heuristic,10.597668641607509,7,0.5833333333333334,0.49332082539239624,0.75,0.41666666666666663,0.8213335860124227,0.23818876227137672,0.0,0.2708333333333333,22.46771940515907,20000335
Cog-Heuristic,9.10756440768133,6,0.5,0.3697749539373021,0.75,0.5,0.8851558797580051,0.25423476997484895,0.0,0.2916666666666667,22.49363611913467,20000336
Cog-Heuristic,10.808295259847892,7,0.5833333333333334,0.4887082830534383,0.75,0.41666666666666663,0.8672718204718203,0.24456278344131568,0.0,0.2708333333333333,23.584872920529897,20000337
Cog-Heuristic,16.216108859496046,10,0.8333333333333334,0.750155831514647,0.8333333333333334,0.16666666666666663,0.8774007906529473,0.20365029749541108,0.0,0.25,24.794990485343817,20000338
Cog-Heuristic,11.00981529290909,7,0.5833333333333334,0.5279664311041989,0.75,0.41666666666666663,0.8676458876690614,0.2147949413957444,0.0,0.2916666666666667,23.392344189241832,20000339
Cog-Heuristic,10.705156865262703,7,0.5833333333333334,0.49257822434170634,0.6666666666666666,0.41666666666666663,0.8240706012158715,0.21380915833652683,0.0,0.3125,20.871689850730533,20000340
Cog-Heuristic,13.953290970128453,9,0.75,0.6642774429662137,0.75,0.25,0.8666199653648609,0.24070829306990385,0.0,0.2708333333333333,23.00643025047313,20000341
Cog-Heuristic,15.759343903713631,10,0.8333333333333334,0.7563367911479572,0.8333333333333334,0.16666666666666663,0.8627467742121201,0.21661282417602967,0.0,0.3125,22.468955874311323,20000342
Cog-Heuristic,12.105332318745546,8,0.6666666666666666,0.554798600667037,0.75,0.33333333333333337,0.7808387345846092,0.24926268568278145,0.0,0.22916666666666666,21.827057089485596,20000343
Cog-Heuristic,11.56717541756485,8,0.6666666666666666,0.5147229625358845,0.75,0.33333333333333337,0.7746735011959199,0.24691105826516724,0.0,0.22916666666666666,22.017101214897956,20000344
Cog-Heuristic,9.144754605396143,6,0.5,0.4068080999672295,0.6666666666666666,0.5,0.838806587791915,0.23789581848826866,0.0,0.2708333333333333,22.412279789820456,20000345
Cog-Heuristic,8.757992444193908,6,0.5,0.3483007931951674,0.75,0.5,0.8140106551626302,0.21756749201672596,0.0,0.2916666666666667,21.861109759827496,20000346
Cog-Heuristic,11.06887050680157,7,0.5833333333333334,0.48810437439957965,0.75,0.41666666666666663,0.8755973463483478,0.21137200513325513,0.0,0.2916666666666667,22.393855273357655,20000347
Cog-Heuristic,10.900259351266484,7,0.5833333333333334,0.5052551849126691,0.6666666666666666,0.41666666666666663,0.8739201634152366,0.2390690586150576,0.0,0.25,24.089431713625114,20000348
Cog-Heuristic,17.68161503321783,11,0.9166666666666666,0.9532819057804557,0.9166666666666666,0.08333333333333337,0.8891882900547244,0.23999519203951739,0.0,0.22916666666666666,24.04366271133629,20000349
Cog-Heuristic,11.14684577856281,7,0.5833333333333334,0.5388232328814273,0.6666666666666666,0.41666666666666663,0.8705294516787045,0.24088402272461876,0.0,0.3125,22.72930543458468,20000350
Cog-Heuristic,10.705244314426784,7,0.5833333333333334,0.49717537325765954,0.75,0.41666666666666663,0.8339348263162227,0.24901998115261711,0.0,0.22916666666666666,23.580268317655513,20000351
Cog-Heuristic,10.442741555501403,7,0.5833333333333334,0.46578186525324855,0.8333333333333334,0.41666666666666663,0.8186105307666122,0.24791873760695426,0.0,0.20833333333333334,23.91630132736542,20000352
Cog-Heuristic,12.751531719619686,8,0.6666666666666666,0.5703729737773399,0.75,0.33333333333333337,0.843112426311594,0.218833367985787,0.0,0.2708333333333333,23.366241656389402,20000353
Cog-Heuristic,10.124223546513214,7,0.5833333333333334,0.4348728253460609,0.75,0.41666666666666663,0.7839040262811571,0.21100953879614817,0.0,0.25,21.90572012108227,20000354
Cog-Heuristic,13.621247313765554,9,0.75,0.7210580218403093,0.75,0.25,0.8411380076323391,0.24123707536451136,0.0,0.25,23.13343422719331,20000355
Cog-Heuristic,10.624532498388517,7,0.5833333333333334,0.5365444020369932,0.75,0.41666666666666663,0.8515748893772196,0.2600001590102601,0.0,0.22916666666666666,24.26190515177724,20000356
Cog-Heuristic,10.649112099799183,7,0.5833333333333334,0.4803668411007435,0.75,0.41666666666666663,0.8350594272861122,0.23134745757490682,0.0,0.2708333333333333,22.342936255018603,20000357
Cog-Heuristic,17.26556147156483,11,0.9166666666666666,0.8430214131776023,1.0,0.08333333333333337,0.8359769508141136,0.2166238226204293,0.0,0.20833333333333334,24.984917512920802,20000358
Cog-Heuristic,13.924448856022732,9,0.75,0.6812840272162805,0.75,0.25,0.8804426055480828,0.22206615513035352,0.0,0.25,23.681493880957824,20000359
Cog-Heuristic,13.864658163934596,9,0.75,0.622239096554747,0.8333333333333334,0.25,0.819527585396985,0.21991147823425963,0.0,0.22916666666666666,23.632934043023926,20000360
Cog-Heuristic,6.970092123988521,5,0.4166666666666667,0.27829992778003254,0.6666666666666666,0.5833333333333333,0.8375022637557875,0.21113531346429723,0.0,0.2916666666666667,22.258877269930213,20000361
Cog-Heuristic,8.380640368808898,6,0.5,0.3617167491108753,0.6666666666666666,0.5,0.8393186533179788,0.23886915896273953,0.0,0.2916666666666667,21.949243299656928,20000362
Cog-Heuristic,7.5326437946986085,5,0.4166666666666667,0.3470756559379668,0.6666666666666666,0.5833333333333333,0.8536662776924597,0.2359904375259835,0.0,0.2916666666666667,22.08305461500547,20000363
Cog-Heuristic,8.428754351560098,6,0.5,0.35291659237300704,0.6666666666666666,0.5,0.8025947483754224,0.22227664896255475,0.0,0.2708333333333333,22.21558927588613,20000364
Cog-Heuristic,8.751401046799286,6,0.5,0.43642751490461584,0.5833333333333334,0.5,0.7852023763640007,0.21297759338928923,0.0,0.3125,20.048490485013346,20000365
Cog-Heuristic,11.805422245821127,7,0.5833333333333334,0.533789659396841,0.6666666666666666,0.41666666666666663,0.8729873879775593,0.23225971924798283,0.0,0.2916666666666667,23.391047476758054,20000366
Cog-Heuristic,13.840841600656397,9,0.75,0.6411754942120439,0.75,0.25,0.8528283474799719,0.23152554934036584,0.0,0.25,22.603446142984733,20000367
Cog-Heuristic,10.37204240699557,7,0.5833333333333334,0.4375693184533894,0.8333333333333334,0.41666666666666663,0.8208561938228945,0.22215420927729004,0.0,0.25,23.606988336309936,20000368
Cog-Heuristic,11.222579624246004,7,0.5833333333333334,0.5018386173957772,0.75,0.41666666666666663,0.8660591110567841,0.26226303234407805,0.0,0.2916666666666667,23.224532888786957,20000369
Cog-Heuristic,11.830231712804489,8,0.6666666666666666,0.5098786811795449,0.75,0.33333333333333337,0.8192031439343346,0.2083646957321044,0.0,0.2916666666666667,22.574921766213002,20000370
Cog-Heuristic,10.538887291892722,7,0.5833333333333334,0.4391308946368094,0.6666666666666666,0.41666666666666663,0.8699035068108906,0.20348283477383763,0.0,0.3125,20.993829035774908,20000371
Cog-Heuristic,7.181300801613155,5,0.4166666666666667,0.3074973903430582,0.6666666666666666,0.5833333333333333,0.8273607935742998,0.24267247975569725,0.0,0.2916666666666667,21.08885269278495,20000372
Cog-Heuristic,13.863245786004452,9,0.75,0.7559276304543928,0.75,0.25,0.8474880455993263,0.2086982339243065,0.0,0.2708333333333333,23.655089039134772,20000373
Cog-Heuristic,11.965673557658869,8,0.6666666666666666,0.5176898662069973,0.8333333333333334,0.33333333333333337,0.815953472176279,0.2575483362666646,0.0,0.20833333333333334,23.232065412978297,20000374
Cog-Heuristic,12.94317901137767,8,0.6666666666666666,0.6331703553672852,0.75,0.33333333333333337,0.8935382055644959,0.24041446232803812,0.0,0.25,24.385128200415554,20000375
Cog-Heuristic,13.723914960590756,9,0.75,0.6106855119253857,0.8333333333333334,0.25,0.8016189397334775,0.2114248732220302,0.0,0.25,23.246926609211627,20000376
Cog-Heuristic,10.233661073488841,7,0.5833333333333334,0.44039160032132546,0.75,0.41666666666666663,0.8121048349531907,0.21923508265873282,0.0,0.2708333333333333,21.65520855116979,20000377
Cog-Heuristic,10.88600173810658,7,0.5833333333333334,0.5359105987041355,0.75,0.41666666666666663,0.8194387619381976,0.2452202681633571,0.0,0.25,22.58891973925993,20000378
Cog-Heuristic,11.854813860074993,8,0.6666666666666666,0.4827397682564665,0.8333333333333334,0.33333333333333337,0.8550313437593638,0.2282725162512984,0.0,0.22916666666666666,23.427246324361324,20000379
Cog-Heuristic,14.622321238225819,9,0.75,0.7752352825810437,0.75,0.25,0.8775412139503612,0.22776851176497068,0.0,0.2708333333333333,24.149831736732928,20000380
Cog-Heuristic,4.856252787953252,4,0.3333333333333333,0.1987778303484849,0.5833333333333334,0.6666666666666667,0.8210155843631911,0.2312025127226809,0.0,0.2916666666666667,21.10828621238614,20000381
Cog-Heuristic,13.955449432196843,9,0.75,0.7441143569795424,0.75,0.25,0.8887184387388553,0.2141066607932638,0.0,0.2708333333333333,23.878292921309853,20000382
Cog-Heuristic,16.306454376336475,10,0.8333333333333334,0.7510662033115257,0.8333333333333334,0.16666666666666663,0.8562529011331338,0.20380992708252624,0.0,0.2916666666666667,22.882539377224195,20000383
Cog-Heuristic,11.2653178834337,7,0.5833333333333334,0.4942191933281607,0.8333333333333334,0.41666666666666663,0.8374628201549283,0.21981504845516472,0.0,0.25,23.998874355367594,20000384
Cog-Heuristic,10.018609832635924,7,0.5833333333333334,0.3592972628664708,0.8333333333333334,0.41666666666666663,0.8096049067547565,0.21787039942568134,0.0,0.22916666666666666,22.773633727568313,20000385
Cog-Heuristic,8.735532624166568,6,0.5,0.39752231486325074,0.6666666666666666,0.5,0.8034595471720252,0.23418742752586952,0.0,0.2708333333333333,21.0702013556165,20000386
Cog-Heuristic,13.327178573755367,8,0.6666666666666666,0.7452934051892628,0.75,0.33333333333333337,0.873872522356486,0.22263188730233255,0.0,0.2708333333333333,23.643737277907185,20000387
Cog-Heuristic,15.473630045095604,10,0.8333333333333334,0.7580781877798212,0.8333333333333334,0.16666666666666663,0.8733607777699385,0.21239204452238614,0.0,0.2708333333333333,23.181034873111727,20000388
Cog-Heuristic,11.754876586624471,7,0.5833333333333334,0.6782762249947866,0.6666666666666666,0.41666666666666663,0.902921023476762,0.23452777314992246,0.0,0.3125,22.99197483957977,20000389
Cog-Heuristic,13.041693243944556,8,0.6666666666666666,0.6134462716782438,0.75,0.33333333333333337,0.8836474969747807,0.20940020242652577,0.0,0.2916666666666667,23.47911013028412,20000390
Cog-Heuristic,12.355365526341687,8,0.6666666666666666,0.5697191796667941,0.8333333333333334,0.33333333333333337,0.8710616305130309,0.24179554119048582,0.0,0.25,24.84559534825371,20000391
Cog-Heuristic,14.206750646432658,9,0.75,0.6540287144530846,0.8333333333333334,0.25,0.8596678915564441,0.233168402529754,0.0,0.25,24.174173461263493,20000392
Cog-Heuristic,10.9082300320777,7,0.5833333333333334,0.4771832058334536,0.6666666666666666,0.41666666666666663,0.8574674623928233,0.20544109108453643,0.0,0.3125,22.73341342027307,20000393
Cog-Heuristic,11.227379659390616,7,0.5833333333333334,0.5134425604397369,0.6666666666666666,0.41666666666666663,0.8362317876555333,0.24848818298113504,0.0,0.2708333333333333,23.35196559323762,20000394
Cog-Heuristic,11.545495731739866,7,0.5833333333333334,0.5475235921097231,0.8333333333333334,0.41666666666666663,0.8703168188560305,0.21684186916096326,0.0,0.2916666666666667,24.236598615673998,20000395
Cog-Heuristic,10.04353543151704,7,0.5833333333333334,0.4380720976953915,0.75,0.41666666666666663,0.7872009445294935,0.2069989938269811,0.0,0.2708333333333333,21.278942470647447,20000396
Cog-Heuristic,15.245276148486132,10,0.8333333333333334,0.7319835010529416,0.8333333333333334,0.16666666666666663,0.8515544350436682,0.22232745449137994,0.0,0.2708333333333333,23.993962381323648,20000397
Cog-Heuristic,15.084898084676615,10,0.8333333333333334,0.7527770930585973,0.8333333333333334,0.16666666666666663,0.8572177244843978,0.22536747035880855,0.0,0.25,23.41415593576045,20000398
Cog-Heuristic,13.842385091038887,9,0.75,0.7008243798718969,0.75,0.25,0.826199424597427,0.23982110225376072,0.0,0.2916666666666667,22.216619886537693,20000399
Cog-Heuristic,10.095837376090639,7,0.5833333333333334,0.4245408624339147,0.8333333333333334,0.41666666666666663,0.8135449468219796,0.22802505945382898,0.0,0.22916666666666666,23.01320153066152,20000400
Cog-Heuristic,11.621697338758414,7,0.5833333333333334,0.5395314554678471,0.6666666666666666,0.41666666666666663,0.8480698636745899,0.22376600396245652,0.0,0.3125,22.767564868341744,20000401
Cog-Heuristic,5.8446664110182205,4,0.3333333333333333,0.24520865392111377,0.6666666666666666,0.6666666666666667,0.8226066481721407,0.21887308394330893,0.0,0.2916666666666667,21.292917466027685,20000402
Cog-Heuristic,11.292772663891958,7,0.5833333333333334,0.5289806479878172,0.6666666666666666,0.41666666666666663,0.840880410232843,0.2260991327514159,0.0,0.3333333333333333,21.512933984757506,20000403
Cog-Heuristic,8.53247415723189,6,0.5,0.35181569133967,0.75,0.5,0.8056136152150773,0.23572855488556388,0.0,0.25,22.348424915298903,20000404
Cog-Heuristic,7.630396771454057,5,0.4166666666666667,0.3748652894633961,0.5833333333333334,0.5833333333333333,0.804711435968919,0.20498401614175377,0.0,0.3125,20.888501163045596,20000405
Cog-Heuristic,7.751914030958847,5,0.4166666666666667,0.44608266803433827,0.6666666666666666,0.5833333333333333,0.8698970000080585,0.24841251234090697,0.0,0.2708333333333333,24.421712008239478,20000406
Cog-Heuristic,13.028331153018339,8,0.6666666666666666,0.5542740839703876,0.8333333333333334,0.33333333333333337,0.8829865067638186,0.21519530969301728,0.0,0.2708333333333333,24.21741767565986,20000407
Cog-Heuristic,8.481027520086966,6,0.5,0.3245574226313276,0.8333333333333334,0.5,0.7941157415986613,0.2253547955990176,0.0,0.25,22.67715122925316,20000408
Cog-Heuristic,9.301777697249928,6,0.5,0.4293607031139315,0.75,0.5,0.8856916222802917,0.24024894498225882,0.0,0.2708333333333333,23.843851211372602,20000409
Cog-Heuristic,12.270839866086785,8,0.6666666666666666,0.5578790584243509,0.8333333333333334,0.33333333333333337,0.8407941691867663,0.21785754615970623,0.0,0.25,24.26385062622795,20000410
Cog-Heuristic,10.331788584216419,7,0.5833333333333334,0.4257946102883307,0.75,0.41666666666666663,0.8072304693733315,0.21632660604892107,0.0,0.25,21.358107735460038,20000411
Cog-Heuristic,9.319743317836345,6,0.5,0.46612812055627945,0.6666666666666666,0.5,0.8309983589539623,0.22185298434829162,0.0,0.3125,21.32491994713564,20000412
Cog-Heuristic,13.977327258034583,9,0.75,0.6558026043415079,0.8333333333333334,0.25,0.8222404555405461,0.21346211588535188,0.0,0.2708333333333333,21.995271022100127,20000413
Cog-Heuristic,7.609855357406195,5,0.4166666666666667,0.4204502870092901,0.6666666666666666,0.5833333333333333,0.8526325903427342,0.21703698985812778,0.0,0.2916666666666667,23.27569682143654,20000414
Cog-Heuristic,12.373567685538296,8,0.6666666666666666,0.598396862434903,0.75,0.33333333333333337,0.867833242858957,0.2534370042636519,0.0,0.25,23.8756094799268,20000415
Cog-Heuristic,8.545945222243882,6,0.5,0.33805353458690196,0.75,0.5,0.8381488526159737,0.22194183152897226,0.0,0.2916666666666667,22.093731724655537,20000416
Cog-Heuristic,10.622557924274918,7,0.5833333333333334,0.41253765790363783,0.8333333333333334,0.41666666666666663,0.8339127630428772,0.2154643164684135,0.0,0.25,23.48063795097579,20000417
Cog-Heuristic,12.35662682078794,8,0.6666666666666666,0.5448155161192105,0.9166666666666666,0.33333333333333337,0.8481835310806215,0.21445858048175392,0.0,0.22916666666666666,23.69163051216929,20000418
Cog-Heuristic,8.285202511953772,6,0.5,0.3321829076845998,0.6666666666666666,0.5,0.8234491727593113,0.23048474800153562,0.0,0.3125,19.661282468006302,20000419
Cog-Heuristic,15.643728735186071,10,0.8333333333333334,0.7204615349111363,0.9166666666666666,0.16666666666666663,0.8757242876205452,0.24108177191736654,0.0,0.22916666666666666,25.24722451450375,20000420
Cog-Heuristic,8.80350204283778,6,0.5,0.4422593369297194,0.5833333333333334,0.5,0.83345217844131,0.2531626839638047,0.0,0.2916666666666667,21.67987612325259,20000421
Cog-Heuristic,14.740792675436296,9,0.75,0.7205680095918826,0.8333333333333334,0.25,0.8229224748222014,0.2021590333364598,0.0,0.2708333333333333,23.189531272594902,20000422
Cog-Heuristic,11.984671415883762,8,0.6666666666666666,0.6681155496125475,0.75,0.33333333333333337,0.8238077683028905,0.22511114540997648,0.0,0.2708333333333333,21.650188017493758,20000423
Cog-Heuristic,9.171026185673657,6,0.5,0.3899085997700913,0.75,0.5,0.8370390635959559,0.21642965495079747,0.0,0.2916666666666667,22.107144723142294,20000424
Cog-Heuristic,6.757170599724267,5,0.4166666666666667,0.2624705458999091,0.6666666666666666,0.5833333333333333,0.8205473971651124,0.22071611020404105,0.0,0.2916666666666667,21.262189261705128,20000425
Cog-Heuristic,16.22574236837027,10,0.8333333333333334,0.7539338551397055,0.8333333333333334,0.16666666666666663,0.8667805210019557,0.22371600391394,0.0,0.2916666666666667,23.03217376283675,20000426
Cog-Heuristic,16.496992077876502,10,0.8333333333333334,0.7494201384651809,0.8333333333333334,0.16666666666666663,0.872258487678792,0.18690072081326947,0.0,0.3125,22.760995642064223,20000427
Cog-Heuristic,13.557797656963587,8,0.6666666666666666,0.727502437580286,0.75,0.33333333333333337,0.8805159106936741,0.22674477278290603,0.0,0.2708333333333333,25.162980271804603,20000428
Cog-Heuristic,15.271789068242816,10,0.8333333333333334,0.7413488154032193,0.8333333333333334,0.16666666666666663,0.8569673704928379,0.21317437542993467,0.0,0.25,23.657243424424014,20000429
Cog-Heuristic,12.821214705823943,9,0.75,0.5516133599003091,0.8333333333333334,0.25,0.8377096133180663,0.2457588419753339,0.0,0.22916666666666666,23.44245697685085,20000430
Cog-Heuristic,8.717311800754857,6,0.5,0.3842076625499003,0.75,0.5,0.804307460390941,0.24275802055090578,0.0,0.25,22.394795236539995,20000431
Cog-Heuristic,11.341031144537673,7,0.5833333333333334,0.5616977721155416,0.8333333333333334,0.41666666666666663,0.8802720523454383,0.230609843551735,0.0,0.25,25.68692192930016,20000432
Cog-Heuristic,9.250176585230419,6,0.5,0.41146210554197077,0.75,0.5,0.853510582972777,0.2477011866711835,0.0,0.25,23.59706875623194,20000433
Cog-Heuristic,11.982820441514294,8,0.6666666666666666,0.549174936959945,0.75,0.33333333333333337,0.8280426067628484,0.2496377246498477,0.0,0.25,23.292208617075538,20000434
Cog-Heuristic,13.305338501864135,8,0.6666666666666666,0.7264332846371272,0.75,0.33333333333333337,0.8884617938642307,0.229416739549937,0.0,0.2708333333333333,24.58507266827955,20000435
Cog-Heuristic,16.386659291929018,10,0.8333333333333334,0.8643933215023254,0.8333333333333334,0.16666666666666663,0.8828724322724598,0.22825036412212718,0.0,0.25,24.961537480872444,20000436
Cog-Heuristic,12.206398993821502,8,0.6666666666666666,0.5582441148723902,0.75,0.33333333333333337,0.8792952391199269,0.21919855906913935,0.0,0.2708333333333333,23.23143795430635,20000437
Cog-Heuristic,11.696359981610371,8,0.6666666666666666,0.5601566263407969,0.6666666666666666,0.33333333333333337,0.7579720045187356,0.22298281386889296,0.0,0.2708333333333333,21.0418842940308,20000438
Cog-Heuristic,9.234954463709645,6,0.5,0.4067752280536294,0.6666666666666666,0.5,0.8186622738198981,0.24183018213647448,0.0,0.2916666666666667,21.8056393470661,20000439
Cog-Heuristic,15.056451273418865,10,0.8333333333333334,0.7522010937459938,0.9166666666666666,0.16666666666666663,0.8069454158685373,0.23495421840052552,0.0,0.22916666666666666,22.669367443043374,20000440
Cog-Heuristic,6.365400905256259,5,0.4166666666666667,0.23841250264384306,0.6666666666666666,0.5833333333333333,0.7659250820767832,0.2358142976118119,0.0,0.2916666666666667,20.1292058319464,20000441
Cog-Heuristic,15.818771220895876,10,0.8333333333333334,0.8078434261974221,0.8333333333333334,0.16666666666666663,0.8640933813335913,0.22747786599644912,0.0,0.25,24.950818893597038,20000442
Cog-Heuristic,6.297139903034525,4,0.3333333333333333,0.31456946123305873,0.75,0.6666666666666667,0.8881240974673658,0.24584908516196521,0.0,0.2708333333333333,23.034383618491155,20000443
Cog-Heuristic,9.01653499345084,6,0.5,0.37399022783858604,0.75,0.5,0.8155836754882677,0.2250282248058045,0.0,0.2708333333333333,22.217572076802792,20000444
Cog-Heuristic,10.076036656582206,7,0.5833333333333334,0.4418445851538243,0.6666666666666666,0.41666666666666663,0.8185243469381985,0.23588958675101002,0.0,0.2708333333333333,22.201171074040744,20000445
Cog-Heuristic,13.326011971636921,8,0.6666666666666666,0.546876959585609,0.8333333333333334,0.33333333333333337,0.8878275241116126,0.20248168537234154,0.0,0.2916666666666667,24.40350672276411,20000446
Cog-Heuristic,7.631172831585238,5,0.4166666666666667,0.3435688706258188,0.6666666666666666,0.5833333333333333,0.8550527432764007,0.25572779566435627,0.0,0.2708333333333333,23.23006560320301,20000447
Cog-Heuristic,9.204565917884834,6,0.5,0.44981177128179617,0.6666666666666666,0.5,0.8880490230081789,0.2169957022234663,0.0,0.3125,22.049458678406083,20000448
Cog-Heuristic,15.639939562235833,10,0.8333333333333334,0.7362359466404191,0.8333333333333334,0.16666666666666663,0.8144342062288218,0.2303149610597044,0.0,0.22916666666666666,23.92443548070425,20000449
Cog-Heuristic,10.622128840978698,7,0.5833333333333334,0.44544765353854554,0.6666666666666666,0.41666666666666663,0.8833160554504342,0.24263585823767256,0.0,0.2916666666666667,23.04093393716615,20000450
Cog-Heuristic,6.38900887672257,4,0.3333333333333333,0.44547878504107824,0.75,0.6666666666666667,0.8406011641795761,0.24680498069481316,0.0,0.25,23.142144238303587,20000451
Cog-Heuristic,13.546025079586155,8,0.6666666666666666,0.5916596090039172,0.75,0.33333333333333337,0.8842463628419616,0.23568934493396432,0.0,0.2916666666666667,23.709008806051713,20000452
Cog-Heuristic,7.59896437701573,5,0.4166666666666667,0.39046119606080854,0.5833333333333334,0.5833333333333333,0.8250500681856813,0.2435681890818042,0.0,0.3333333333333333,21.599899839801054,20000453
Cog-Heuristic,10.3393751746397,7,0.5833333333333334,0.3929317732522923,0.75,0.41666666666666663,0.8487781344415523,0.22062226111719818,0.0,0.2708333333333333,22.457045268185304,20000454
Cog-Heuristic,11.951312364882657,8,0.6666666666666666,0.5573875391643865,0.75,0.33333333333333337,0.8475125286332791,0.24816770244795902,0.0,0.25,22.401644610030228,20000455
Cog-Heuristic,14.368875593056863,9,0.75,0.703357859327311,0.8333333333333334,0.25,0.8510702705109399,0.23839032453140285,0.0,0.25,24.088169332686853,20000456
Cog-Heuristic,7.067958070421003,5,0.4166666666666667,0.329033947185316,0.5833333333333334,0.5833333333333333,0.8158710350369587,0.22117282400534502,0.0,0.3125,20.63052324716146,20000457
Cog-Heuristic,5.646714335366842,4,0.3333333333333333,0.29332600988941665,0.5833333333333334,0.6666666666666667,0.8452806100549696,0.24854929749968777,0.0,0.3333333333333333,20.951433604017414,20000458
Cog-Heuristic,14.755960810727416,9,0.75,0.7479164617230881,0.75,0.25,0.9054339866162157,0.22931398961651814,0.0,0.2708333333333333,25.011627652314395,20000459
Cog-Heuristic,16.081239737238615,10,0.8333333333333334,0.7503422016582137,0.9166666666666666,0.16666666666666663,0.8643874211228719,0.2357819363257331,0.0,0.20833333333333334,24.778868331574053,20000460
Cog-Heuristic,11.037654357466542,7,0.5833333333333334,0.5099267875680662,0.6666666666666666,0.41666666666666663,0.8931487825541344,0.24462461552904405,0.0,0.2708333333333333,23.002108435568623,20000461
Cog-Heuristic,10.30705066468575,6,0.5,0.6163683707289775,0.8333333333333334,0.5,0.8813033157749,0.24477168221398926,0.0,0.2708333333333333,24.16512829491092,20000462
Cog-Heuristic,14.378020246806969,9,0.75,0.6576976165059198,0.75,0.25,0.8541050528728883,0.24480569518746223,0.0,0.25,24.722917966420013,20000463
Cog-Heuristic,12.076721622394533,8,0.6666666666666666,0.563882622497626,0.75,0.33333333333333337,0.8066604263490552,0.23168866334351992,0.0,0.22916666666666666,23.4872396990155,20000464
Cog-Heuristic,12.521771203163084,8,0.6666666666666666,0.5384942479434254,0.8333333333333334,0.33333333333333337,0.8561512252675483,0.21218448242590093,0.0,0.2708333333333333,23.324700364310914,20000465
Cog-Heuristic,8.720819653693905,6,0.5,0.39394374970847984,0.6666666666666666,0.5,0.781716533694158,0.20976465069258257,0.0,0.2708333333333333,22.277925118439256,20000466
Cog-Heuristic,13.368040848918422,9,0.75,0.6662443299749576,0.8333333333333334,0.25,0.7947016498908129,0.23685979936984533,0.0,0.1875,24.169333336392068,20000467
Cog-Heuristic,12.1284326498004,8,0.6666666666666666,0.505654952754471,0.8333333333333334,0.33333333333333337,0.8335973021855668,0.2055192069043267,0.0,0.2708333333333333,23.242121634846473,20000468
Cog-Heuristic,8.55619265740675,6,0.5,0.35393846891992325,0.75,0.5,0.813908068665079,0.22883778963788956,0.0,0.22916666666666666,23.424617205524846,20000469
Cog-Heuristic,13.749752640148435,9,0.75,0.7913659080167297,0.75,0.25,0.8316637429449445,0.22763002570380833,0.0,0.2708333333333333,23.20006154335714,20000470
Cog-Heuristic,14.464777349791037,9,0.75,0.6558752767822246,0.75,0.25,0.8972238031914271,0.20963344691575211,0.0,0.2916666666666667,23.595856481562365,20000471
Cog-Heuristic,10.940228841544286,7,0.5833333333333334,0.4737031361383509,0.75,0.41666666666666663,0.8443890899894507,0.21259130140619775,0.0,0.2916666666666667,22.680461714612676,20000472
Cog-Heuristic,11.647110413985418,8,0.6666666666666666,0.5116159646712486,0.75,0.33333333333333337,0.8536798310572119,0.23043308532757303,0.0,0.22916666666666666,24.899467679066515,20000473
Cog-Heuristic,11.004428676734959,7,0.5833333333333334,0.4718666383814423,0.75,0.41666666666666663,0.8606006731288461,0.21125430815759508,0.0,0.2916666666666667,22.79659523648349,20000474
Cog-Heuristic,9.031370640093385,6,0.5,0.4108217432955258,0.75,0.5,0.8481805928476801,0.2572160694909874,0.0,0.25,22.43251784725761,20000475
Cog-Heuristic,13.371807313993607,9,0.75,0.6916552529944455,0.75,0.25,0.8031612500647395,0.23095528730938344,0.0,0.25,21.791037838502067,20000476
Cog-Heuristic,12.4951384759939,8,0.6666666666666666,0.5504870540049509,0.75,0.33333333333333337,0.8422776928574193,0.21909129424467721,0.0,0.2708333333333333,23.091125493501835,20000477
Cog-Heuristic,10.608306984054872,7,0.5833333333333334,0.4438850967420167,0.75,0.41666666666666663,0.8485688199249193,0.25068635926472327,0.0,0.22916666666666666,23.965566504001544,20000478
Cog-Heuristic,8.826455802107748,6,0.5,0.3434782847480703,0.75,0.5,0.8027345578176615,0.21114507150473996,0.0,0.2708333333333333,21.71774931855541,20000479
Cog-Heuristic,9.628221308946548,6,0.5,0.5021186830496122,0.6666666666666666,0.5,0.897599264777163,0.24977417733237994,0.0,0.2916666666666667,23.078160644965187,20000480
Cog-Heuristic,14.300614048241354,9,0.75,0.6532103097248001,0.9166666666666666,0.25,0.8335082155620088,0.20814260968159395,0.0,0.22916666666666666,24.254993047965662,20000481
Cog-Heuristic,8.998965886748817,6,0.5,0.3584004778905424,0.6666666666666666,0.5,0.8469450995268731,0.21407704627712731,0.0,0.2916666666666667,21.60110514224863,20000482
Cog-Heuristic,16.59449335323449,10,0.8333333333333334,0.7969622400744343,0.9166666666666666,0.16666666666666663,0.8624205513508697,0.20777314730694718,0.0,0.22916666666666666,24.718212988814148,20000483
Cog-Heuristic,7.5980031439860465,5,0.4166666666666667,0.32507063744275055,0.6666666666666666,0.5833333333333333,0.8510714444760232,0.20556757907142154,0.0,0.3333333333333333,21.065160164611235,20000484
Cog-Heuristic,10.028715723943186,7,0.5833333333333334,0.451137424624035,0.6666666666666666,0.41666666666666663,0.7770635923218122,0.21281933072821033,0.0,0.2916666666666667,21.19032526099602,20000485
Cog-Heuristic,15.942918662509214,10,0.8333333333333334,0.7653337789308804,0.8333333333333334,0.16666666666666663,0.8385997311741363,0.2526040112813474,0.0,0.25,24.204923660157935,20000486
Cog-Heuristic,13.055902193319621,8,0.6666666666666666,0.6237637061475113,0.75,0.33333333333333337,0.8532481968240798,0.21880622064276775,0.0,0.2916666666666667,23.552851434258564,20000487
Cog-Heuristic,12.839641114959601,8,0.6666666666666666,0.5743108278235554,0.75,0.33333333333333337,0.8523402106974803,0.20941410137940167,0.0,0.2708333333333333,22.87571956552852,20000488
Cog-Heuristic,12.164368788854102,8,0.6666666666666666,0.5331235174214441,0.75,0.33333333333333337,0.8133838785355865,0.24470616683196433,0.0,0.25,21.662891281471865,20000489
Cog-Heuristic,9.595872916692022,7,0.5833333333333334,0.4006729231944913,0.75,0.41666666666666663,0.81688920314161,0.2695641839790111,0.0,0.25,22.44589864943075,20000490
Cog-Heuristic,10.221161137989935,7,0.5833333333333334,0.43184582816923767,0.6666666666666666,0.41666666666666663,0.8337826879692815,0.2342460474935838,0.0,0.2708333333333333,22.890363171139505,20000491
Cog-Heuristic,12.38971630937581,8,0.6666666666666666,0.5597567990759124,0.75,0.33333333333333337,0.8632056447993998,0.22303464121773697,0.0,0.2916666666666667,22.69301031388823,20000492
Cog-Heuristic,10.569709140497102,7,0.5833333333333334,0.4189868344831693,0.75,0.41666666666666663,0.839562558852967,0.2289638994304565,0.0,0.2916666666666667,21.850395282663595,20000493
Cog-Heuristic,10.546366148410423,7,0.5833333333333334,0.46973436461093826,0.8333333333333334,0.41666666666666663,0.8430758441870253,0.24540405382795036,0.0,0.22916666666666666,23.490116852712802,20000494
Cog-Heuristic,10.321449249485408,7,0.5833333333333334,0.45758188661013927,0.75,0.41666666666666663,0.7818638957233869,0.23986486346793842,0.0,0.2708333333333333,21.673048809260905,20000495
Cog-Heuristic,13.280192308703414,8,0.6666666666666666,0.7332127169318988,0.8333333333333334,0.33333333333333337,0.8713932902357876,0.22469937059083533,0.0,0.25,25.17688339892606,20000496
Cog-Heuristic,15.76796239969013,10,0.8333333333333334,0.7386200582638759,0.8333333333333334,0.16666666666666663,0.8269446371447146,0.21276909900990262,0.0,0.2708333333333333,22.103028729726415,20000497
Cog-Heuristic,10.581627621063701,7,0.5833333333333334,0.43539636204696547,0.75,0.41666666666666663,0.8240677261636823,0.22015904591516033,0.0,0.2708333333333333,21.45413333602488,20000498
Cog-Heuristic,10.430601946712398,7,0.5833333333333334,0.4431444859280421,0.75,0.41666666666666663,0.8120701286189052,0.22898865644181746,0.0,0.2708333333333333,22.478187915120312,20000499
