method,return,on_time,on_time_rate,weighted_on_time,completion_rate,miss_rate,mean_attention,mean_fatigue,high_fatigue_frac,break_frac,effort,seed
FIFO,-0.036986452292338434,6,0.5,0.5504164840987459,0.5,0.5,0.5117533237998927,0.611164924147628,0.4583333333333333,0.0,16.659092443531723,20000000
FIFO,2.442317798825628,6,0.5,0.5501741709087654,0.5833333333333334,0.5,0.5714866167618186,0.5322263570071137,0.2916666666666667,0.0,19.327000182818995,20000001
FIFO,-0.08171292700154598,5,0.4166666666666667,0.3840022562417976,0.5833333333333334,0.5833333333333333,0.6215378190513948,0.5788815155271912,0.3541666666666667,0.0,19.273481383098176,20000002
FIFO,-2.2676084192223156,5,0.4166666666666667,0.3653829234625084,0.4166666666666667,0.5833333333333333,0.3998057782215214,0.5215928639448607,0.3333333333333333,0.0,13.853187193019448,20000003
FIFO,0.4004183402714818,6,0.5,0.4378312718285678,0.5,0.5,0.3745219292795867,0.466942152310146,0.25,0.0,13.455220172008847,20000004
FIFO,-0.9343557802230256,5,0.4166666666666667,0.3341082811118222,0.5,0.5833333333333333,0.4825106948100517,0.5179580738835371,0.2916666666666667,0.0,16.346886587828152,20000005
FIFO,-2.003359055261672,5,0.4166666666666667,0.39848432067738343,0.4166666666666667,0.5833333333333333,0.45104913522603757,0.5778928437253463,0.4166666666666667,0.0,14.529812972390536,20000006
FIFO,-11.154116000541245,2,0.16666666666666666,0.22881336409751413,0.16666666666666666,0.8333333333333334,0.28743897492802767,0.6573157829183381,0.5208333333333334,0.0,9.24324001948841,20000007
FIFO,-8.011145562302623,3,0.25,0.26715425435024137,0.25,0.75,0.27228983261056733,0.588119487069558,0.4375,0.0,9.773221580752054,20000008
FIFO,0.6935911831503554,6,0.5,0.4085076204049187,0.5833333333333334,0.5,0.4844001155031335,0.5360171605765205,0.2708333333333333,0.0,17.022115809562095,20000009
FIFO,-1.6495469871215347,5,0.4166666666666667,0.38718322999123306,0.4166666666666667,0.5833333333333333,0.40817293786593467,0.5240158455247426,0.3125,0.0,14.063577222624305,20000010
FIFO,3.7559267186834475,7,0.5833333333333334,0.6566750529275442,0.5833333333333334,0.41666666666666663,0.546016136348197,0.5187351854586516,0.1875,0.0,18.566168821061495,20000011
FIFO,3.741353896906996,7,0.5833333333333334,0.4651054601091934,0.6666666666666666,0.41666666666666663,0.5644553692370219,0.507648082098216,0.25,0.0,18.225419935010752,20000012
FIFO,-0.9839394427225234,5,0.4166666666666667,0.47126171074263995,0.5,0.5833333333333333,0.4293888871822437,0.5385847056693973,0.20833333333333334,0.0,15.702521597825392,20000013
FIFO,-5.738238151331199,4,0.3333333333333333,0.3292961928635785,0.3333333333333333,0.6666666666666667,0.34805288218010727,0.596599370943213,0.3958333333333333,0.0,11.18702332814272,20000014
FIFO,2.8354633619886433,6,0.5,0.44725084584812647,0.6666666666666666,0.5,0.6586264024973314,0.5531520223416883,0.3333333333333333,0.0,20.290049629537442,20000015
FIFO,-3.393136654307031,5,0.4166666666666667,0.3615537286463142,0.4166666666666667,0.5833333333333333,0.35783874906604934,0.5572336990575305,0.3541666666666667,0.0,12.464040280869261,20000016
FIFO,-2.5126774602013136,5,0.4166666666666667,0.46216607555489414,0.4166666666666667,0.5833333333333333,0.3983944958293469,0.5619726889861497,0.3333333333333333,0.0,13.359801770829911,20000017
FIFO,-4.0161331346989435,4,0.3333333333333333,0.3261267982303081,0.4166666666666667,0.6666666666666667,0.47447710636401563,0.6163502687076967,0.4583333333333333,0.0,14.54853352461173,20000018
FIFO,7.37349448544502,8,0.6666666666666666,0.6058114349679268,0.75,0.33333333333333337,0.6720282546350699,0.49556645091379686,0.25,0.0,21.787140807075783,20000019
FIFO,-2.882132047766535,4,0.3333333333333333,0.3570636836513467,0.5,0.6666666666666667,0.4586337300213219,0.5561742700949108,0.3541666666666667,0.0,15.522920064237724,20000020
FIFO,7.155087681792696,8,0.6666666666666666,0.5996996594939108,0.75,0.33333333333333337,0.5605831563890783,0.42747258625730994,0.125,0.0,20.307155733247324,20000021
FIFO,-5.235400456997205,4,0.3333333333333333,0.36784021317625787,0.3333333333333333,0.6666666666666667,0.2679853339514297,0.5377535588697099,0.20833333333333334,0.0,10.301563725528467,20000022
FIFO,-1.280099882376621,5,0.4166666666666667,0.40358190579165065,0.5,0.5833333333333333,0.47586587937076436,0.5596250076105069,0.3333333333333333,0.0,16.233425315850237,20000023
FIFO,7.594575424908445,8,0.6666666666666666,0.6556846953895026,0.75,0.33333333333333337,0.6516139683154523,0.4989549102033821,0.3125,0.0,21.936661803041844,20000024
FIFO,-8.435480492910086,3,0.25,0.25539602878391043,0.25,0.75,0.32599195326971925,0.6304901781351092,0.5,0.0,10.809283196615818,20000025
FIFO,-2.5212631223857414,5,0.4166666666666667,0.4230164792477814,0.4166666666666667,0.5833333333333333,0.4465004880331979,0.5705138639187591,0.375,0.0,14.522497429775159,20000026
FIFO,-0.6889907604066985,5,0.4166666666666667,0.3258962345534274,0.5833333333333334,0.5833333333333333,0.4623470057172237,0.490660175696823,0.20833333333333334,0.0,15.546923961777415,20000027
FIFO,-2.230312737587909,4,0.3333333333333333,0.4269307002922557,0.5,0.6666666666666667,0.47097128111047537,0.5256660621347932,0.22916666666666666,0.0,16.12859049197391,20000028
FIFO,-1.1355618158027716,5,0.4166666666666667,0.4063365952751841,0.5,0.5833333333333333,0.40707965669688234,0.49034086495391294,0.14583333333333334,0.0,15.058266085469521,20000029
FIFO,-7.552415471177729,3,0.25,0.22299888470806686,0.25,0.75,0.2878278109374472,0.5659338184248354,0.375,0.0,10.02175777571378,20000030
FIFO,1.3108971454602132,6,0.5,0.47610118195278156,0.5,0.5,0.4894462004930345,0.5210062587871613,0.25,0.0,16.91036543749819,20000031
FIFO,0.8094611317837759,6,0.5,0.42341689959336154,0.5,0.5,0.5351673662416173,0.536383945730407,0.3125,0.0,16.140348341218388,20000032
FIFO,-1.799878588235186,5,0.4166666666666667,0.3808080843502738,0.4166666666666667,0.5833333333333333,0.4972134812487859,0.571004585711585,0.3958333333333333,0.0,14.83459808186249,20000033
FIFO,0.6626902446378073,6,0.5,0.4327370573846626,0.5,0.5,0.43369203564896197,0.5003099571422404,0.25,0.0,15.98782770267625,20000034
FIFO,-3.7545712440177574,4,0.3333333333333333,0.37716868612243737,0.4166666666666667,0.6666666666666667,0.44556400619512954,0.5770844352549503,0.3333333333333333,0.0,15.248719471140218,20000035
FIFO,3.9949152205073792,7,0.5833333333333334,0.4911901876599787,0.6666666666666666,0.41666666666666663,0.504039482369825,0.442224747512537,0.22916666666666666,0.0,17.535658573460317,20000036
FIFO,-1.0827590782653622,5,0.4166666666666667,0.3935542753198222,0.5,0.5833333333333333,0.5184287222057987,0.5772365883694057,0.375,0.0,16.673283046620263,20000037
FIFO,0.4276575432666183,6,0.5,0.5308049414860532,0.5,0.5,0.46965228671823195,0.5529408645303152,0.22916666666666666,0.0,16.041269207458047,20000038
FIFO,-1.7215240501462912,5,0.4166666666666667,0.42270300177758596,0.4166666666666667,0.5833333333333333,0.44278419801627117,0.5537648672780985,0.2916666666666667,0.0,14.941071301852539,20000039
FIFO,-4.390679574699065,4,0.3333333333333333,0.3574274707479454,0.3333333333333333,0.6666666666666667,0.3579190008776481,0.5678529052265154,0.375,0.0,11.830845940402027,20000040
FIFO,4.56669692704822,7,0.5833333333333334,0.5815105622696664,0.5833333333333334,0.41666666666666663,0.607272150590211,0.5190983955013573,0.2916666666666667,0.0,19.492246941282655,20000041
FIFO,-1.1296281753394513,5,0.4166666666666667,0.4673605356078565,0.5,0.5833333333333333,0.4887293772646823,0.5676563036148125,0.4166666666666667,0.0,16.575873533037626,20000042
FIFO,3.5147121434455855,7,0.5833333333333334,0.5487367877800823,0.5833333333333334,0.41666666666666663,0.47870820757942695,0.4777462955945584,0.20833333333333334,0.0,16.26386373159295,20000043
FIFO,-2.831559105693286,4,0.3333333333333333,0.3162512658840989,0.5,0.6666666666666667,0.463063975160104,0.541530521646405,0.2708333333333333,0.0,15.512623983825202,20000044
FIFO,-4.910329676261948,4,0.3333333333333333,0.3596107280952166,0.3333333333333333,0.6666666666666667,0.35199135557965305,0.5862493302852488,0.3958333333333333,0.0,12.372834133540266,20000045
FIFO,-7.358941128270326,3,0.25,0.30622755469057683,0.3333333333333333,0.75,0.3590900767212108,0.6306665260139485,0.4583333333333333,0.0,12.189651426331514,20000046
FIFO,2.2287957777047236,6,0.5,0.45268349873807506,0.5833333333333334,0.5,0.5180390744986131,0.45233726568082755,0.20833333333333334,0.0,17.514883676533053,20000047
FIFO,-2.9829771483477954,5,0.4166666666666667,0.416777837695158,0.4166666666666667,0.5833333333333333,0.3682826731665972,0.5770967821270868,0.3125,0.0,12.965864680847499,20000048
FIFO,-2.702152594770415,4,0.3333333333333333,0.30625357285294663,0.5,0.6666666666666667,0.4515550503985435,0.5086471473174061,0.22916666666666666,0.0,15.314785817037004,20000049
FIFO,-1.5292589871449096,5,0.4166666666666667,0.36227504919955644,0.5,0.5833333333333333,0.4231124622082518,0.521477032756107,0.3125,0.0,14.51766759747195,20000050
FIFO,0.8768118089684385,6,0.5,0.4678984389121423,0.5,0.5,0.5137923882766083,0.546739016617705,0.3333333333333333,0.0,17.0912395619663,20000051
FIFO,-1.279983954173385,5,0.4166666666666667,0.426531582363131,0.5,0.5833333333333333,0.4914832741784645,0.5754638151771174,0.3333333333333333,0.0,16.577690464608054,20000052
FIFO,-3.068324244577055,4,0.3333333333333333,0.38761689762883483,0.5,0.6666666666666667,0.4621132368830099,0.5686096856845935,0.3541666666666667,0.0,16.07487262404127,20000053
FIFO,1.5594284299365637,6,0.5,0.5851790259606138,0.5,0.5,0.501631499759239,0.5357885984422183,0.3333333333333333,0.0,16.87277854662129,20000054
FIFO,0.8113214512987386,6,0.5,0.42823995304649703,0.5833333333333334,0.5,0.5245961601642519,0.5534061033118564,0.3125,0.0,17.4564537966258,20000055
FIFO,0.36706727162303165,6,0.5,0.460515692279248,0.5,0.5,0.4603803534560578,0.5306703529138468,0.3125,0.0,15.681953901310909,20000056
FIFO,-7.434874832908558,3,0.25,0.24152741246206408,0.3333333333333333,0.75,0.348176874130454,0.6216177364406504,0.4791666666666667,0.0,11.857317788491805,20000057
FIFO,-2.0203986169990613,5,0.4166666666666667,0.32416299814528693,0.5,0.5833333333333333,0.4041670395477568,0.5179258323773355,0.3125,0.0,15.06430132842196,20000058
FIFO,-4.738270709178522,4,0.3333333333333333,0.38021999609340795,0.3333333333333333,0.6666666666666667,0.39751256451011824,0.6114385359228954,0.4375,0.0,12.894516957538858,20000059
FIFO,-1.5653118805301198,4,0.3333333333333333,0.35007624833030593,0.5,0.6666666666666667,0.5618224037135948,0.5336701954441425,0.2916666666666667,0.0,17.838865402352,20000060
FIFO,-5.5289227316791365,4,0.3333333333333333,0.32639784177003606,0.3333333333333333,0.6666666666666667,0.3554297742642039,0.6080886182889281,0.4375,0.0,12.450587221353027,20000061
FIFO,-0.7998075329059637,4,0.3333333333333333,0.37436575842360703,0.5833333333333334,0.6666666666666667,0.6337924223407324,0.5778321952035732,0.3333333333333333,0.0,20.662884661719627,20000062
FIFO,-7.487462429878616,3,0.25,0.3201951548592368,0.25,0.75,0.32256507444903443,0.6047261356301655,0.4583333333333333,0.0,10.856338236799635,20000063
FIFO,2.8946958857110117,6,0.5,0.3704078385084945,0.6666666666666666,0.5,0.5870474544612511,0.47225790430353504,0.25,0.0,19.23873647310819,20000064
FIFO,-4.852355044101953,4,0.3333333333333333,0.36388216331269846,0.3333333333333333,0.6666666666666667,0.3909801114147052,0.5933142703531016,0.3958333333333333,0.0,13.09785111209878,20000065
FIFO,6.5978964415052985,8,0.6666666666666666,0.5976296125990771,0.6666666666666666,0.33333333333333337,0.6263120233620718,0.5208416224689457,0.3125,0.0,20.427604050967886,20000066
FIFO,-0.4812131880119075,5,0.4166666666666667,0.5110112606295558,0.5,0.5833333333333333,0.5792682440212382,0.5983567637332127,0.3958333333333333,0.0,18.443053273173835,20000067
FIFO,-4.987855882847587,3,0.25,0.2942426992774245,0.4166666666666667,0.75,0.4170991623903184,0.5555623030080131,0.375,0.0,13.94182477101604,20000068
FIFO,3.3174138664260098,6,0.5,0.5172416905638197,0.75,0.5,0.6683970263668687,0.5435029305425215,0.22916666666666666,0.0,21.40278608605194,20000069
FIFO,-0.9210609686385074,4,0.3333333333333333,0.41930984537214316,0.5833333333333334,0.6666666666666667,0.5810990912689058,0.557844139235532,0.3541666666666667,0.0,18.974596196593144,20000070
FIFO,-2.810811774554792,5,0.4166666666666667,0.3384743791975188,0.4166666666666667,0.5833333333333333,0.38098049463431466,0.5543001929984466,0.2916666666666667,0.0,13.585442044038707,20000071
FIFO,6.736314077632753,8,0.6666666666666666,0.5386612791844115,0.75,0.33333333333333337,0.5127916133544939,0.4190322767822388,0.020833333333333332,0.0,19.341821304080156,20000072
FIFO,-1.5157318286305872,5,0.4166666666666667,0.38875708929538105,0.5,0.5833333333333333,0.449536268633675,0.5484451088472359,0.20833333333333334,0.0,16.217580881533404,20000073
FIFO,-0.2229829872237148,5,0.4166666666666667,0.3394373811783554,0.5833333333333334,0.5833333333333333,0.4470374813673912,0.482630000583594,0.08333333333333333,0.0,15.902316993021385,20000074
FIFO,-7.435414827587925,3,0.25,0.301482516555838,0.25,0.75,0.355996573224122,0.6218176542271974,0.4791666666666667,0.0,11.447310407176044,20000075
FIFO,-8.483317113672186,3,0.25,0.25963354830238433,0.25,0.75,0.3129678739164345,0.6349264393716273,0.4791666666666667,0.0,10.396067171254385,20000076
FIFO,8.438108676277272,9,0.75,0.6744876574340876,0.75,0.25,0.6352939454580485,0.49922229635525467,0.1875,0.0,21.001195740982414,20000077
FIFO,-0.3123671093746294,5,0.4166666666666667,0.39950884238155093,0.5,0.5833333333333333,0.4387120537921543,0.47366055536214996,0.16666666666666666,0.0,14.937035509804097,20000078
FIFO,-4.528689588657027,4,0.3333333333333333,0.42045743787566514,0.3333333333333333,0.6666666666666667,0.3710921143373547,0.577488996554439,0.4166666666666667,0.0,12.364119076960469,20000079
FIFO,1.2664556580598683,6,0.5,0.5572825852417174,0.5,0.5,0.5481286102404127,0.5969202529755103,0.4166666666666667,0.0,17.631843223394103,20000080
FIFO,-2.454709071997039,5,0.4166666666666667,0.3602134934163215,0.4166666666666667,0.5833333333333333,0.3731920308639765,0.5500343948599264,0.2708333333333333,0.0,12.73003478876516,20000081
FIFO,8.398468021572006,8,0.6666666666666666,0.5689380944472753,0.8333333333333334,0.33333333333333337,0.6620041365334445,0.4335761516949714,0.08333333333333333,0.0,22.798933587895423,20000082
FIFO,-2.801445733324024,4,0.3333333333333333,0.3440378813960257,0.5,0.6666666666666667,0.48324958932309664,0.5569775701718683,0.3125,0.0,16.93879381408889,20000083
FIFO,-5.314192277185676,4,0.3333333333333333,0.3377663059486427,0.3333333333333333,0.6666666666666667,0.343102898523703,0.5746186246058617,0.4166666666666667,0.0,11.496531277044852,20000084
FIFO,0.6999581734654097,6,0.5,0.46377248474576377,0.5,0.5,0.4894162415610525,0.5600660044919986,0.2916666666666667,0.0,16.45690155385934,20000085
FIFO,-1.4770495580694618,5,0.4166666666666667,0.37630869351179336,0.5,0.5833333333333333,0.4848212726995464,0.5671466014350272,0.3958333333333333,0.0,15.208275991372167,20000086
FIFO,2.7699994445248244,6,0.5,0.5209289643634825,0.5833333333333334,0.5,0.5735228413020212,0.516838506939321,0.22916666666666666,0.0,19.468120348886323,20000087
FIFO,-1.0570160304378917,5,0.4166666666666667,0.4448382418589479,0.4166666666666667,0.5833333333333333,0.5123062378489823,0.5762846565006675,0.4166666666666667,0.0,16.520739999766594,20000088
FIFO,-5.664874706328119,4,0.3333333333333333,0.33651634125504293,0.3333333333333333,0.6666666666666667,0.2834863062348176,0.5498605459593543,0.3541666666666667,0.0,10.741136368014912,20000089
FIFO,-5.646720439186108,4,0.3333333333333333,0.35316171488631465,0.3333333333333333,0.6666666666666667,0.3269199117666612,0.5832045862661485,0.4166666666666667,0.0,11.033170842378548,20000090
FIFO,-0.12596988679745547,6,0.5,0.47144394310336707,0.5,0.5,0.46557947192835786,0.5646818208884506,0.25,0.0,16.435659683038825,20000091
FIFO,-1.8195968479043225,5,0.4166666666666667,0.4046902222330267,0.4166666666666667,0.5833333333333333,0.4470567535885393,0.5731534736208802,0.375,0.0,14.85524640599236,20000092
FIFO,-2.6980952990482185,5,0.4166666666666667,0.3346289850804186,0.4166666666666667,0.5833333333333333,0.32990107404743096,0.49267321458870866,0.2708333333333333,0.0,12.020414286174441,20000093
FIFO,-3.1054752924878124,5,0.4166666666666667,0.4434033290921592,0.4166666666666667,0.5833333333333333,0.364202808472668,0.5722663464029824,0.3958333333333333,0.0,12.344193148299956,20000094
FIFO,-3.9252615794751953,4,0.3333333333333333,0.35715480323897825,0.4166666666666667,0.6666666666666667,0.4318041627076387,0.5965070143053736,0.3333333333333333,0.0,14.52934439565279,20000095
FIFO,-1.381921138831894,5,0.4166666666666667,0.34659044751078055,0.5,0.5833333333333333,0.4868306948527456,0.5421982900738018,0.2916666666666667,0.0,15.823245477958773,20000096
FIFO,-7.217919437137623,3,0.25,0.29064074949448565,0.25,0.75,0.3174803377822576,0.5737685090579103,0.375,0.0,11.144801754374251,20000097
FIFO,0.5392316726040345,6,0.5,0.4689340413390592,0.5,0.5,0.5266077673874284,0.5825416063354435,0.4166666666666667,0.0,17.35483586002198,20000098
FIFO,7.287454658595882,8,0.6666666666666666,0.5721937522886825,0.75,0.33333333333333337,0.5928922928282899,0.4509788688998387,0.041666666666666664,0.0,20.548576920604102,20000099
FIFO,-1.8727451205445955,4,0.3333333333333333,0.34987134709500417,0.5833333333333334,0.6666666666666667,0.5519828039753994,0.5656678370954636,0.375,0.0,18.699803619165134,20000100
FIFO,1.2818546391840653,6,0.5,0.4029897703878298,0.5,0.5,0.5800259080603455,0.5459499982783681,0.3541666666666667,0.0,17.215066952041614,20000101
FIFO,-5.162057901283707,4,0.3333333333333333,0.3557709766060369,0.3333333333333333,0.6666666666666667,0.35544578531328197,0.5663097195034802,0.3958333333333333,0.0,11.487632447106922,20000102
FIFO,2.245597822393546,6,0.5,0.47975235453327786,0.5833333333333334,0.5,0.47952849332420594,0.4738780575811013,0.10416666666666667,0.0,17.207408787256043,20000103
FIFO,-0.8003677181730824,5,0.4166666666666667,0.41462025962044763,0.5,0.5833333333333333,0.42540438868149516,0.5097005753452735,0.25,0.0,15.133375727432531,20000104
FIFO,2.443892978036299,7,0.5833333333333334,0.5761012972995371,0.5833333333333334,0.41666666666666663,0.5321834651576858,0.5528422290594669,0.2708333333333333,0.0,17.877959792935812,20000105
FIFO,-3.137759036926035,4,0.3333333333333333,0.362499820458701,0.4166666666666667,0.6666666666666667,0.42058924599706726,0.5422937866165897,0.3541666666666667,0.0,15.06191487179449,20000106
FIFO,0.46872107524009476,6,0.5,0.44832978285481395,0.5833333333333334,0.5,0.48755696259072917,0.5442646834387921,0.22916666666666666,0.0,16.44746932010404,20000107
FIFO,0.4335080072415951,6,0.5,0.5476606003603357,0.5,0.5,0.49125194891930174,0.5563780228680911,0.3958333333333333,0.0,15.913983368495684,20000108
FIFO,-6.998165620308804,3,0.25,0.2714224065240212,0.25,0.75,0.33526645305862984,0.5785248762140378,0.3958333333333333,0.0,11.641247144994797,20000109
FIFO,-4.19712710558923,4,0.3333333333333333,0.3470926929465112,0.3333333333333333,0.6666666666666667,0.4162230062493541,0.5668221348850637,0.3958333333333333,0.0,13.344281257473176,20000110
FIFO,1.2802828942940754,6,0.5,0.5309579962590755,0.5,0.5,0.4716706396803454,0.5266206065870764,0.22916666666666666,0.0,17.59279899629692,20000111
FIFO,-0.9695827642728556,5,0.4166666666666667,0.4630467414794912,0.4166666666666667,0.5833333333333333,0.553471544509807,0.6142635467559733,0.4583333333333333,0.0,16.955618590225868,20000112
FIFO,0.13049241329183126,5,0.4166666666666667,0.36749592506534895,0.6666666666666666,0.5833333333333333,0.42371940824303844,0.46227920433137104,0.0,0.0,17.134466495737616,20000113
FIFO,-7.950014344717244,3,0.25,0.25883923116546176,0.25,0.75,0.2975964852860081,0.5910184987715613,0.4375,0.0,10.472538407308583,20000114
FIFO,-4.23629379692209,4,0.3333333333333333,0.2971021632044635,0.4166666666666667,0.6666666666666667,0.4476293747761271,0.5908817194103511,0.3958333333333333,0.0,13.970611502115291,20000115
FIFO,-0.1142362877698051,5,0.4166666666666667,0.38300629987725937,0.5833333333333334,0.5833333333333333,0.5192136850762372,0.5167545821945521,0.2708333333333333,0.0,17.330166988272655,20000116
FIFO,-1.7205032828784732,5,0.4166666666666667,0.5037891026197061,0.5,0.5833333333333333,0.4385686555121455,0.5797918315968668,0.2916666666666667,0.0,15.537048999813331,20000117
FIFO,-5.115685448722799,4,0.3333333333333333,0.3256592089679537,0.3333333333333333,0.6666666666666667,0.37295568357646575,0.5773580678300169,0.4166666666666667,0.0,12.056485083110836,20000118
FIFO,1.1470022706225556,6,0.5,0.4471225717199878,0.5,0.5,0.4942237096084831,0.5330127079308414,0.2916666666666667,0.0,16.383116564451033,20000119
FIFO,-2.174139615432804,4,0.3333333333333333,0.32630679602154067,0.5,0.6666666666666667,0.5494361043772816,0.5663426686538097,0.375,0.0,17.860825138550975,20000120
FIFO,-5.665676740262632,4,0.3333333333333333,0.2545841435015272,0.3333333333333333,0.6666666666666667,0.2988535527197294,0.5553015083145575,0.3541666666666667,0.0,10.728219295902099,20000121
FIFO,-7.4328973357777866,3,0.25,0.2940026199298034,0.25,0.75,0.31293205343019986,0.5762701553669026,0.3958333333333333,0.0,10.897284665833375,20000122
FIFO,2.604573248595282,7,0.5833333333333334,0.5146737776485297,0.6666666666666666,0.41666666666666663,0.48609893505377927,0.5289895894021416,0.14583333333333334,0.0,17.24353409588588,20000123
FIFO,-2.981330340140352,4,0.3333333333333333,0.2989438735877536,0.5,0.6666666666666667,0.5009077273316352,0.5441232685626024,0.25,0.0,16.121636581413686,20000124
FIFO,2.841593762460575,7,0.5833333333333334,0.46134042196114555,0.5833333333333334,0.41666666666666663,0.5125541429100527,0.49773907549076707,0.22916666666666666,0.0,17.487951571654992,20000125
FIFO,-5.361929434882406,4,0.3333333333333333,0.31157065899261827,0.3333333333333333,0.6666666666666667,0.35023936684876933,0.5859500641145872,0.4166666666666667,0.0,12.142713845009196,20000126
FIFO,-1.356068378891167,5,0.4166666666666667,0.45144358730931267,0.4166666666666667,0.5833333333333333,0.4781605142411875,0.5675357816955903,0.3333333333333333,0.0,15.64663379020768,20000127
FIFO,-6.095756204258273,4,0.3333333333333333,0.27219261101467934,0.3333333333333333,0.6666666666666667,0.3166134528503023,0.5652342274351314,0.375,0.0,11.173512983705495,20000128
FIFO,1.0174540702511454,6,0.5,0.4568627026812646,0.5833333333333334,0.5,0.4811901953989466,0.5332818949211049,0.20833333333333334,0.0,16.838201015181912,20000129
FIFO,-2.9268349150946715,5,0.4166666666666667,0.4202505704250209,0.4166666666666667,0.5833333333333333,0.43076151749989067,0.5954388399819455,0.4166666666666667,0.0,14.653389745858366,20000130
FIFO,1.478257545750331,6,0.5,0.43701763051559106,0.5,0.5,0.5247099973675627,0.5245319766755755,0.3125,0.0,17.44835857614297,20000131
FIFO,-0.5112865879498648,5,0.4166666666666667,0.3559721081238888,0.5,0.5833333333333333,0.44213430515154933,0.47695338315349983,0.16666666666666666,0.0,15.586177543852717,20000132
FIFO,2.2128714918795245,6,0.5,0.48789256878721643,0.5833333333333334,0.5,0.4870116075858659,0.45842789625002506,0.16666666666666666,0.0,16.427368345203885,20000133
FIFO,-5.164800386690823,4,0.3333333333333333,0.3984913609611477,0.3333333333333333,0.6666666666666667,0.33776278605580007,0.581350383714105,0.4166666666666667,0.0,11.635556104361799,20000134
FIFO,7.765969009852297,8,0.6666666666666666,0.6101812837462369,0.8333333333333334,0.33333333333333337,0.7298882680833367,0.5454862440524835,0.3125,0.0,23.78321906984674,20000135
FIFO,1.02300564652145,6,0.5,0.48573822949571555,0.5833333333333334,0.5,0.5144320688867345,0.5575786841666323,0.3333333333333333,0.0,17.427655419807692,20000136
FIFO,4.254181057981409,7,0.5833333333333334,0.49256278771461054,0.6666666666666666,0.41666666666666663,0.5482289576901528,0.4846614594263099,0.1875,0.0,17.993305901744765,20000137
FIFO,-7.908204404957018,3,0.25,0.3113950145226874,0.25,0.75,0.2904314027731944,0.6017160768622069,0.4166666666666667,0.0,9.978614338112827,20000138
FIFO,-5.386292812194244,4,0.3333333333333333,0.27887888174411013,0.3333333333333333,0.6666666666666667,0.3153010772083684,0.5373748767597236,0.3541666666666667,0.0,10.777580222048403,20000139
FIFO,-5.047402567512248,4,0.3333333333333333,0.3849184049340221,0.3333333333333333,0.6666666666666667,0.32671380908155245,0.5390049316338604,0.375,0.0,10.688485646255705,20000140
FIFO,-3.628223621410406,4,0.3333333333333333,0.35615878990747185,0.3333333333333333,0.6666666666666667,0.4557728149038676,0.5678868800174491,0.3958333333333333,0.0,14.400109700690516,20000141
FIFO,-5.503786554192693,4,0.3333333333333333,0.2772616158327328,0.3333333333333333,0.6666666666666667,0.3333027948964431,0.5608715879550322,0.3541666666666667,0.0,11.66683913121386,20000142
FIFO,-10.815547192642,2,0.16666666666666666,0.1917616299923487,0.16666666666666666,0.8333333333333334,0.26709561704081286,0.6274350915801806,0.5,0.0,8.406174629047097,20000143
FIFO,4.345773768766708,7,0.5833333333333334,0.5869712148241362,0.6666666666666666,0.41666666666666663,0.5855000602619406,0.528384043125902,0.20833333333333334,0.0,20.19921785519998,20000144
FIFO,-1.6571908348456397,5,0.4166666666666667,0.5078825537474716,0.4166666666666667,0.5833333333333333,0.4647585700475971,0.576196588863482,0.3958333333333333,0.0,16.037758111025305,20000145
FIFO,-2.0662190856471927,5,0.4166666666666667,0.3861597802952851,0.4166666666666667,0.5833333333333333,0.3662142504776984,0.5224926007742751,0.2916666666666667,0.0,12.937023015250547,20000146
FIFO,-2.2982743823845326,5,0.4166666666666667,0.41921631338687076,0.4166666666666667,0.5833333333333333,0.3567687723407709,0.5218552744643029,0.2708333333333333,0.0,13.71132970244402,20000147
FIFO,-4.34000361696921,4,0.3333333333333333,0.2812957985109647,0.4166666666666667,0.6666666666666667,0.3758368881888802,0.5503864123086837,0.3958333333333333,0.0,13.10518943127483,20000148
FIFO,5.083263413973929,7,0.5833333333333334,0.5100579414349947,0.6666666666666666,0.41666666666666663,0.6878265626158591,0.53131514332733,0.2916666666666667,0.0,22.037221399744293,20000149
FIFO,-7.570009262844766,3,0.25,0.29729840993998646,0.25,0.75,0.29049813711338757,0.5646687061347527,0.3541666666666667,0.0,10.237817822368731,20000150
FIFO,3.127631065513405,7,0.5833333333333334,0.5732759594104204,0.5833333333333334,0.41666666666666663,0.4894638538686326,0.49985731001515993,0.2708333333333333,0.0,17.15798364726272,20000151
FIFO,-7.124349675095256,3,0.25,0.34120341487334305,0.25,0.75,0.3507858712130931,0.6072105575138369,0.4375,0.0,11.933102090178403,20000152
FIFO,-1.7206734635897825,5,0.4166666666666667,0.41839755266917716,0.4166666666666667,0.5833333333333333,0.44775544152562863,0.5413195425539818,0.375,0.0,14.955254839112587,20000153
FIFO,3.8256273526135773,6,0.5,0.5046119288692903,0.75,0.5,0.6545673561859225,0.5178684241738319,0.20833333333333334,0.0,21.12905786352462,20000154
FIFO,-6.92303858287772,3,0.25,0.30882768274371586,0.25,0.75,0.3177427684750675,0.5576637194077974,0.3125,0.0,10.819494666585799,20000155
FIFO,-5.032387022079233,4,0.3333333333333333,0.2858800789815952,0.4166666666666667,0.6666666666666667,0.39861093656319485,0.5962369671824987,0.3958333333333333,0.0,13.033826381753965,20000156
FIFO,0.5963080560397382,5,0.4166666666666667,0.3499214284620098,0.6666666666666666,0.5833333333333333,0.560086538781579,0.5142050763747906,0.25,0.0,18.391439043765786,20000157
FIFO,-0.10855881543057833,5,0.4166666666666667,0.3886880886288164,0.5833333333333334,0.5833333333333333,0.5208645355294079,0.5352698567836435,0.25,0.0,17.13322329024165,20000158
FIFO,-10.771201954855266,2,0.16666666666666666,0.22167649297860634,0.16666666666666666,0.8333333333333334,0.28436624511684044,0.641320019001367,0.5208333333333334,0.0,9.618586473286442,20000159
FIFO,1.133095002895335,6,0.5,0.5221545096023956,0.5,0.5,0.4901987076316572,0.529071631542407,0.3333333333333333,0.0,17.111556868908348,20000160
FIFO,-5.159838979886994,4,0.3333333333333333,0.41361160090777865,0.3333333333333333,0.6666666666666667,0.3502594227876578,0.5785932472717228,0.4166666666666667,0.0,12.198357943260572,20000161
FIFO,-9.721519128084328,2,0.16666666666666666,0.23542090068723226,0.25,0.8333333333333334,0.2923907647416083,0.6144546344630807,0.4166666666666667,0.0,9.67170788907013,20000162
FIFO,-1.9220683108018486,5,0.4166666666666667,0.4331164538700529,0.4166666666666667,0.5833333333333333,0.4052803708178489,0.543126008411064,0.2916666666666667,0.0,14.47446933975184,20000163
FIFO,1.2069380795233897,6,0.5,0.40104299616114286,0.5,0.5,0.49583186070908863,0.5204255750504528,0.2916666666666667,0.0,16.132759301344926,20000164
FIFO,4.593598150611735,7,0.5833333333333334,0.5232611206307994,0.75,0.41666666666666663,0.6233835518212935,0.5121114255698803,0.125,0.0,20.530998564819065,20000165
FIFO,0.6942666505915507,6,0.5,0.561484224218373,0.5,0.5,0.5408796495714915,0.5984512929607333,0.3958333333333333,0.0,17.54547151260283,20000166
FIFO,1.8698163048441738,6,0.5,0.5180627662852474,0.5833333333333334,0.5,0.48211062574975233,0.4843353153893164,0.125,0.0,17.020893571221638,20000167
FIFO,-5.646451239832177,4,0.3333333333333333,0.2623928486172593,0.3333333333333333,0.6666666666666667,0.3234145034551425,0.5603916622873899,0.3958333333333333,0.0,11.178534466385765,20000168
FIFO,5.402293011315534,8,0.6666666666666666,0.5683606350134389,0.6666666666666666,0.33333333333333337,0.5767651726662624,0.5212758988651632,0.22916666666666666,0.0,19.353229829523688,20000169
FIFO,-6.609592201557888,3,0.25,0.32447851650625414,0.25,0.75,0.36218310682936067,0.578608547545372,0.4166666666666667,0.0,11.636968305868107,20000170
FIFO,3.572058585095096,7,0.5833333333333334,0.5500149796122384,0.5833333333333334,0.41666666666666663,0.5458266363998092,0.5070639540056754,0.20833333333333334,0.0,18.24012714635268,20000171
FIFO,0.2973111296598938,5,0.4166666666666667,0.4466535088041824,0.6666666666666666,0.5833333333333333,0.5777452432121803,0.5585546218624725,0.2916666666666667,0.0,19.541759676210514,20000172
FIFO,-3.339022439611604,4,0.3333333333333333,0.35144097232182875,0.4166666666666667,0.6666666666666667,0.46233835510337445,0.5643016696509937,0.375,0.0,14.99280392639589,20000173
FIFO,1.9568018694498353,6,0.5,0.44304019238979436,0.5833333333333334,0.5,0.5744561014374022,0.530213554295098,0.3125,0.0,17.888555049070412,20000174
FIFO,-0.22079140011041543,6,0.5,0.41916957594423637,0.5,0.5,0.3601283383696625,0.49686314823212746,0.125,0.0,13.531175716719357,20000175
FIFO,0.42848634709523115,6,0.5,0.42843767862560633,0.5,0.5,0.4595413974910842,0.5172151111269933,0.2708333333333333,0.0,15.37604345243747,20000176
FIFO,4.142357571026921,7,0.5833333333333334,0.5507944353001049,0.5833333333333334,0.41666666666666663,0.569475620549016,0.5037069518204843,0.2708333333333333,0.0,18.90287179239602,20000177
FIFO,2.2966762678362533,6,0.5,0.5445564181385631,0.5833333333333334,0.5,0.5803956148765684,0.5527176884047932,0.3333333333333333,0.0,19.077456276045517,20000178
FIFO,-4.011112516848684,3,0.25,0.2902875976159536,0.5,0.75,0.4898401261036634,0.5492965565854324,0.3125,0.0,16.879319078398137,20000179
FIFO,-0.7155125285090316,5,0.4166666666666667,0.36598821674638826,0.5,0.5833333333333333,0.4636278529732631,0.5229513978853856,0.2708333333333333,0.0,15.87440308043389,20000180
FIFO,-0.0660938784552827,5,0.4166666666666667,0.48619275023976355,0.5833333333333334,0.5833333333333333,0.5162350292765286,0.5355414013781493,0.20833333333333334,0.0,17.190847209368226,20000181
FIFO,-4.734264934008384,4,0.3333333333333333,0.3691207245279053,0.3333333333333333,0.6666666666666667,0.41541357317114774,0.6058041917687397,0.4375,0.0,13.811376008542716,20000182
FIFO,-8.229591877869238,3,0.25,0.25620611368804286,0.25,0.75,0.27168114888680844,0.5968927670015902,0.4375,0.0,9.882832480386844,20000183
FIFO,-2.9258846694550678,5,0.4166666666666667,0.4226778873935647,0.4166666666666667,0.5833333333333333,0.3478738449026126,0.556822506415379,0.3125,0.0,12.882870706768243,20000184
FIFO,-0.9591547706398988,5,0.4166666666666667,0.4367929521104042,0.5,0.5833333333333333,0.4740543281559236,0.5467712505143248,0.2708333333333333,0.0,15.84858462791013,20000185
FIFO,1.0239989227364077,6,0.5,0.4577449160337676,0.5,0.5,0.4395206491632493,0.48054604911154436,0.20833333333333334,0.0,14.895890035920178,20000186
FIFO,-4.807718397025567,4,0.3333333333333333,0.33963432627887197,0.3333333333333333,0.6666666666666667,0.38935053297361777,0.5968930942386419,0.4583333333333333,0.0,12.834689637144724,20000187
FIFO,1.6911253913712512,6,0.5,0.4743955327942656,0.5833333333333334,0.5,0.5834428019871366,0.5558370143305096,0.25,0.0,18.81631183398851,20000188
FIFO,-5.784559207221655,4,0.3333333333333333,0.29217945789075933,0.3333333333333333,0.6666666666666667,0.3136990297664538,0.5710539505750999,0.3958333333333333,0.0,10.819786734755455,20000189
FIFO,2.7994658985113543,7,0.5833333333333334,0.5169600136526119,0.5833333333333334,0.41666666666666663,0.5791106918369913,0.5612168641425649,0.3125,0.0,18.577589822879638,20000190
FIFO,14.375298324975727,12,1.0,1.0,1.0,0.0,0.6439461092912521,0.41997833233368187,0.0,0.041666666666666664,22.64249914146598,20000191
FIFO,-1.5901550647170615,5,0.4166666666666667,0.40176575922513147,0.5,0.5833333333333333,0.4933784404184116,0.5779322778537664,0.375,0.0,15.919225912436197,20000192
FIFO,1.119972500888666,5,0.4166666666666667,0.39369157325025056,0.5833333333333334,0.5833333333333333,0.6450846390749385,0.5448709280817364,0.3125,0.0,20.290501973367373,20000193
FIFO,-1.7162023502699397,5,0.4166666666666667,0.45851925060022347,0.4166666666666667,0.5833333333333333,0.48094742797299844,0.5953819303953968,0.4375,0.0,15.549967672737061,20000194
FIFO,-2.5079932257167563,5,0.4166666666666667,0.4272274738546216,0.4166666666666667,0.5833333333333333,0.41028150385031853,0.5829896177199348,0.4166666666666667,0.0,13.892023714830884,20000195
FIFO,-1.6991751837585345,4,0.3333333333333333,0.3502099562425312,0.5833333333333334,0.6666666666666667,0.5473417991222269,0.5570345580976294,0.3125,0.0,18.5547131328373,20000196
FIFO,-1.858906568826594,5,0.4166666666666667,0.4181641897938097,0.4166666666666667,0.5833333333333333,0.42232947496982537,0.5532219326324129,0.375,0.0,14.74715702966702,20000197
FIFO,-8.066697280106423,2,0.16666666666666666,0.25883543223283445,0.3333333333333333,0.8333333333333334,0.3551624797201942,0.5790259960149128,0.3541666666666667,0.0,12.32773054285226,20000198
FIFO,-5.6326631629964545,4,0.3333333333333333,0.29061961726802343,0.3333333333333333,0.6666666666666667,0.36226213260459234,0.5915475054376823,0.4375,0.0,11.487118102425839,20000199
FIFO,-3.249618514098739,4,0.3333333333333333,0.4037277281455887,0.4166666666666667,0.6666666666666667,0.4889164272381599,0.5946102050132684,0.4375,0.0,15.397871070203877,20000200
FIFO,-2.357128670939729,5,0.4166666666666667,0.3659296624688238,0.4166666666666667,0.5833333333333333,0.3676671871848802,0.5391829881918064,0.3958333333333333,0.0,12.652258199579853,20000201
FIFO,-8.313450136739831,3,0.25,0.27417299398452255,0.25,0.75,0.34787811456901924,0.63481457657038,0.4791666666666667,0.0,11.040813204087792,20000202
FIFO,-4.419855025344466,4,0.3333333333333333,0.4649051983100761,0.4166666666666667,0.6666666666666667,0.41859470678410143,0.6103368615975499,0.4791666666666667,0.0,13.778832546099473,20000203
FIFO,-5.28361978099649,4,0.3333333333333333,0.23656196040439267,0.3333333333333333,0.6666666666666667,0.32117130260882715,0.5305499619014901,0.375,0.0,11.03987709624151,20000204
FIFO,7.491312894225105,8,0.6666666666666666,0.6404439809455803,0.75,0.33333333333333337,0.60634798029089,0.455553911832304,0.08333333333333333,0.0,20.79912043413582,20000205
FIFO,-5.164717274778255,4,0.3333333333333333,0.34501493218886986,0.3333333333333333,0.6666666666666667,0.3478742670798567,0.5941518292072504,0.4166666666666667,0.0,12.023673422115506,20000206
FIFO,-4.623395938934436,4,0.3333333333333333,0.2843028215647624,0.3333333333333333,0.6666666666666667,0.3675365527299157,0.5442805561137961,0.3125,0.0,12.135077254884509,20000207
FIFO,-2.6223990753129773,4,0.3333333333333333,0.353307138314229,0.4166666666666667,0.6666666666666667,0.46790191917922536,0.5314403561878316,0.2916666666666667,0.0,15.168355937208597,20000208
FIFO,1.5050737740576232,6,0.5,0.4411436233621408,0.5,0.5,0.5194993884068712,0.5168672376346009,0.2916666666666667,0.0,17.14298853687374,20000209
FIFO,14.365929173911724,11,0.9166666666666666,0.8964834784118206,0.9166666666666666,0.08333333333333337,0.7182985258346983,0.4374017741942837,0.14583333333333334,0.0,24.77820631692731,20000210
FIFO,-2.2515737656797628,5,0.4166666666666667,0.36929113555787435,0.4166666666666667,0.5833333333333333,0.3544844920906909,0.4996905350742102,0.20833333333333334,0.0,13.730265039412405,20000211
FIFO,1.266477583503473,6,0.5,0.5803507841308632,0.5,0.5,0.4697572498836027,0.5124792923151972,0.2708333333333333,0.0,16.776137014613514,20000212
FIFO,3.8071867161295927,6,0.5,0.42571913179063414,0.75,0.5,0.6348198120694464,0.4883542281155213,0.20833333333333334,0.0,21.39409787289529,20000213
FIFO,-4.428438657319116,4,0.3333333333333333,0.32338924113434975,0.4166666666666667,0.6666666666666667,0.35637247118160326,0.555844873602202,0.2916666666666667,0.0,13.085351863315951,20000214
FIFO,0.9232209664819648,6,0.5,0.5811002228644356,0.5,0.5,0.5601715639400492,0.628098944591457,0.4791666666666667,0.0,18.367210416127328,20000215
FIFO,-0.9592805685696792,5,0.4166666666666667,0.37195549776631703,0.5,0.5833333333333333,0.4288473719263166,0.48958162595863913,0.22916666666666666,0.0,14.86283771099294,20000216
FIFO,8.249889838119826,8,0.6666666666666666,0.5746505541985121,0.8333333333333334,0.33333333333333337,0.6964359121841895,0.4629816580212441,0.20833333333333334,0.0,22.624324822516257,20000217
FIFO,-0.8545235760191195,6,0.5,0.4738166046862892,0.5,0.5,0.3980606298681306,0.5512229235248631,0.2916666666666667,0.0,13.991652267318967,20000218
FIFO,-3.963765916617388,4,0.3333333333333333,0.3392636124458794,0.4166666666666667,0.6666666666666667,0.3866833883316761,0.538372782249922,0.22916666666666666,0.0,14.032458225285303,20000219
FIFO,3.292695458760387,7,0.5833333333333334,0.46550326557727306,0.5833333333333334,0.41666666666666663,0.4096672040053557,0.42785191019050045,0.10416666666666667,0.0,14.752523018569724,20000220
FIFO,6.702004967703184,8,0.6666666666666666,0.5891742132315155,0.6666666666666666,0.33333333333333337,0.621182120032274,0.47248925334583586,0.25,0.0,20.492169861877482,20000221
FIFO,-2.3025348331552804,5,0.4166666666666667,0.38537853625819857,0.4166666666666667,0.5833333333333333,0.4340442113558824,0.551688485091871,0.375,0.0,13.668783475618675,20000222
FIFO,0.03372551170693239,6,0.5,0.4994004387380245,0.5,0.5,0.49751474122330713,0.5749805859550913,0.375,0.0,15.914526012481348,20000223
FIFO,-2.773533799587873,4,0.3333333333333333,0.36363524544521536,0.4166666666666667,0.6666666666666667,0.4600056945280457,0.5322809599055065,0.2708333333333333,0.0,15.15586057561592,20000224
FIFO,4.131368094297093,7,0.5833333333333334,0.5253303255219294,0.6666666666666666,0.41666666666666663,0.6148031419773474,0.5249481971438956,0.16666666666666666,0.0,20.16976368337113,20000225
FIFO,0.5922566601522945,5,0.4166666666666667,0.42642194292672286,0.5833333333333334,0.5833333333333333,0.5408987120762743,0.5347599440466172,0.3125,0.0,18.981587402016846,20000226
FIFO,-3.8816800361171677,4,0.3333333333333333,0.44472433289448643,0.3333333333333333,0.6666666666666667,0.4505090327340038,0.5751590701586552,0.375,0.0,14.016365779037445,20000227
FIFO,1.3782689620198219,6,0.5,0.4887570084237042,0.5833333333333334,0.5,0.5285436310993824,0.539161416669923,0.3125,0.0,18.22520016944143,20000228
FIFO,0.3797484140903089,5,0.4166666666666667,0.393973595921058,0.5,0.5833333333333333,0.5776909292803376,0.5376978695863969,0.3541666666666667,0.0,18.932706037874404,20000229
FIFO,4.564588847773388,7,0.5833333333333334,0.47269354173202477,0.6666666666666666,0.41666666666666663,0.573188487321767,0.48844036939540864,0.22916666666666666,0.0,19.300420438276994,20000230
FIFO,0.05182954325436606,6,0.5,0.44995873310520984,0.5,0.5,0.5194210180737927,0.5728950230410489,0.3541666666666667,0.0,16.496194239388046,20000231
FIFO,-7.3585194341413604,3,0.25,0.19252465881066902,0.3333333333333333,0.75,0.30227867989629736,0.559537074564096,0.375,0.0,11.144512746985303,20000232
FIFO,-3.2394780237321776,4,0.3333333333333333,0.310446070405331,0.4166666666666667,0.6666666666666667,0.39542584251680307,0.509729660479588,0.22916666666666666,0.0,13.968180741891919,20000233
FIFO,-5.4389809214103515,4,0.3333333333333333,0.2841427386606046,0.3333333333333333,0.6666666666666667,0.2900133164436975,0.5459629503023584,0.375,0.0,10.150484769416378,20000234
FIFO,-4.587516070146194,4,0.3333333333333333,0.3847192321392223,0.4166666666666667,0.6666666666666667,0.3134549329918007,0.5342849160800283,0.1875,0.0,11.939726795443848,20000235
FIFO,9.428150348762586,9,0.75,0.7268915611215374,0.75,0.25,0.6789828237004093,0.49152794230713126,0.22916666666666666,0.0,22.46397841075442,20000236
FIFO,2.870605632571516,6,0.5,0.5269566285586668,0.5833333333333334,0.5,0.6131124756838983,0.5663600361613749,0.375,0.0,20.824394997270076,20000237
FIFO,1.1828757058054848,6,0.5,0.41648199890242793,0.5833333333333334,0.5,0.5405640748723649,0.5547580784764218,0.3125,0.0,18.383027596745823,20000238
FIFO,-2.691645279824325,4,0.3333333333333333,0.40247763710513373,0.4166666666666667,0.6666666666666667,0.5323782232348225,0.5991431663016891,0.4166666666666667,0.0,16.597461786361325,20000239
FIFO,-4.7140755391194915,4,0.3333333333333333,0.3585262469254129,0.3333333333333333,0.6666666666666667,0.42346682344552833,0.6079832076748141,0.4166666666666667,0.0,13.897002702117533,20000240
FIFO,-4.685319179299552,4,0.3333333333333333,0.41056635326621443,0.3333333333333333,0.6666666666666667,0.4055933052532355,0.617140773824906,0.4791666666666667,0.0,13.029808384895217,20000241
FIFO,4.598907813962807,7,0.5833333333333334,0.6541264088881327,0.75,0.41666666666666663,0.5744637753160956,0.49344701161503907,0.08333333333333333,0.0,19.937805782240158,20000242
FIFO,-4.452573935707772,4,0.3333333333333333,0.29062996803428304,0.3333333333333333,0.6666666666666667,0.38363589005303217,0.5493298402967279,0.3541666666666667,0.0,12.4807037297886,20000243
FIFO,4.856807831110929,7,0.5833333333333334,0.6300068081526413,0.6666666666666666,0.41666666666666663,0.6008732392697391,0.5263266297433574,0.22916666666666666,0.0,20.576231601700403,20000244
FIFO,2.087462267179811,6,0.5,0.541771831921406,0.5833333333333334,0.5,0.5358142297054448,0.5444953777365198,0.25,0.0,18.678457955450778,20000245
FIFO,2.0757213609016576,6,0.5,0.5178068515936378,0.5833333333333334,0.5,0.5725460782844771,0.5355352405343082,0.2708333333333333,0.0,18.90110061900183,20000246
FIFO,-1.2032048969059574,5,0.4166666666666667,0.39940676761289906,0.5,0.5833333333333333,0.5010989515111336,0.5639966904828665,0.3958333333333333,0.0,16.828150576489254,20000247
FIFO,17.642424604096377,12,1.0,1.0,1.0,0.0,0.797075922178486,0.4012907856953543,0.0,0.0625,26.23819709133429,20000248
FIFO,4.007659360769394,7,0.5833333333333334,0.4817268913492333,0.6666666666666666,0.41666666666666663,0.6066514795545379,0.5439445361381307,0.2916666666666667,0.0,19.270234530522096,20000249
FIFO,-4.043086099521922,4,0.3333333333333333,0.3937047369934993,0.4166666666666667,0.6666666666666667,0.4187673141935595,0.5782210541742946,0.4375,0.0,14.647778841692404,20000250
FIFO,-1.0228634758092596,5,0.4166666666666667,0.46453844624558943,0.5,0.5833333333333333,0.45969520814409776,0.5434890280387067,0.3958333333333333,0.0,15.260299769033303,20000251
FIFO,-0.9647030552719014,5,0.4166666666666667,0.4009374981854122,0.5,0.5833333333333333,0.4802571118449932,0.5297294581232007,0.3333333333333333,0.0,15.332641007001419,20000252
FIFO,-1.8603314296751583,5,0.4166666666666667,0.3242647821570437,0.4166666666666667,0.5833333333333333,0.40355010633602023,0.5099488846041277,0.3333333333333333,0.0,13.706229920163548,20000253
FIFO,-6.347398057139941,3,0.25,0.3158525891942755,0.3333333333333333,0.75,0.4776347016623659,0.6367151016809084,0.4791666666666667,0.0,14.262373961937742,20000254
FIFO,-3.9102515326952068,4,0.3333333333333333,0.32779673962170797,0.4166666666666667,0.6666666666666667,0.421572819269505,0.5769391522888433,0.375,0.0,13.831820193209891,20000255
FIFO,-6.743235901094952,3,0.25,0.34863704281865204,0.25,0.75,0.38178284474155677,0.6113797913041342,0.5,0.0,11.722840091073381,20000256
FIFO,-6.766239220280109,3,0.25,0.29891135569174476,0.3333333333333333,0.75,0.33999464992536427,0.5677971039493326,0.3541666666666667,0.0,11.748412834265986,20000257
FIFO,-8.479640502858297,3,0.25,0.270131975502229,0.25,0.75,0.30685503904943834,0.6115574537139383,0.4375,0.0,10.269010884092426,20000258
FIFO,-4.540497292119975,4,0.3333333333333333,0.34623353431500303,0.4166666666666667,0.6666666666666667,0.39814371007588073,0.5842629431106688,0.375,0.0,13.301549059205817,20000259
FIFO,-5.531406928318931,3,0.25,0.2521093233151514,0.4166666666666667,0.75,0.42705128346042875,0.5763006614473111,0.3541666666666667,0.0,13.942219887195836,20000260
FIFO,-6.580028727778691,3,0.25,0.2425945395186477,0.3333333333333333,0.75,0.47627404254519384,0.640944909658983,0.5208333333333334,0.0,13.847100712314845,20000261
FIFO,-4.740075094322139,4,0.3333333333333333,0.394048645977066,0.3333333333333333,0.6666666666666667,0.44462070652124236,0.6222943582684319,0.4791666666666667,0.0,13.510749251135502,20000262
FIFO,3.758077718822249,7,0.5833333333333334,0.5918722301540047,0.5833333333333334,0.41666666666666663,0.4748248999786064,0.45974323738985684,0.25,0.0,16.392070548488263,20000263
FIFO,-6.671296448902242,3,0.25,0.29561993282977206,0.3333333333333333,0.75,0.3907503987307172,0.6092730350103365,0.4583333333333333,0.0,12.140450732081002,20000264
FIFO,2.597731635627566,7,0.5833333333333334,0.5495213541518219,0.5833333333333334,0.41666666666666663,0.40346782065283215,0.4626474214137053,0.16666666666666666,0.0,15.192100346157874,20000265
FIFO,6.011301115252156,8,0.6666666666666666,0.5540156382072172,0.75,0.33333333333333337,0.6035583219581818,0.4997035898649031,0.0625,0.0,20.060267040227885,20000266
FIFO,-4.904726124230785,4,0.3333333333333333,0.3078335005526833,0.3333333333333333,0.6666666666666667,0.3751679409548947,0.5837836954625794,0.4166666666666667,0.0,12.49817564258097,20000267
FIFO,-7.984083668810973,3,0.25,0.2755372978856628,0.25,0.75,0.3186562281722855,0.6080766296890691,0.4583333333333333,0.0,10.572400416804527,20000268
FIFO,2.4515548065766435,6,0.5,0.43820015206106333,0.5833333333333334,0.5,0.6013373765704343,0.531033237977141,0.3333333333333333,0.0,19.05272808961795,20000269
FIFO,-0.4486757173520323,5,0.4166666666666667,0.47076892908605933,0.5,0.5833333333333333,0.4453955873209369,0.5105469023363581,0.2708333333333333,0.0,15.851904808253598,20000270
FIFO,6.926229499787867,8,0.6666666666666666,0.6629663141653261,0.6666666666666666,0.33333333333333337,0.5994906549386073,0.4962110129656005,0.2708333333333333,0.0,20.51340437112598,20000271
FIFO,-2.474295168773293,5,0.4166666666666667,0.3288873327734466,0.4166666666666667,0.5833333333333333,0.35864158803449087,0.49763444382054517,0.3333333333333333,0.0,13.015799128354137,20000272
FIFO,6.646641570984804,8,0.6666666666666666,0.5334232317309807,0.6666666666666666,0.33333333333333337,0.6273594790432492,0.4728861797786105,0.22916666666666666,0.0,20.357193812284706,20000273
FIFO,-4.715468652317537,4,0.3333333333333333,0.38309098779015466,0.3333333333333333,0.6666666666666667,0.43173873561739945,0.6043246883726655,0.3958333333333333,0.0,13.469030138814729,20000274
FIFO,0.6217221516972455,6,0.5,0.4420039841385672,0.5833333333333334,0.5,0.4843135411882576,0.5323233944590425,0.22916666666666666,0.0,17.214146307906955,20000275
FIFO,0.9851127713968193,6,0.5,0.4340398643095711,0.5,0.5,0.4455743949242987,0.5042835234196629,0.25,0.0,15.335792716815641,20000276
FIFO,-0.584544578519171,6,0.5,0.4236790353457331,0.5,0.5,0.4022355992522007,0.5528671099172316,0.2916666666666667,0.0,14.317346586249101,20000277
FIFO,-3.3092899382044942,5,0.4166666666666667,0.304207316499351,0.4166666666666667,0.5833333333333333,0.339195423781995,0.5402498489431203,0.3541666666666667,0.0,12.111390620174392,20000278
FIFO,-2.981675977164379,5,0.4166666666666667,0.39867654007595293,0.4166666666666667,0.5833333333333333,0.3514267572306046,0.5560025739757003,0.3125,0.0,13.059326779329954,20000279
FIFO,5.052469341832257,8,0.6666666666666666,0.7394923065997587,0.6666666666666666,0.33333333333333337,0.4943229862130572,0.5015572116301318,0.08333333333333333,0.0,18.073036986500764,20000280
FIFO,-5.066907225317339,4,0.3333333333333333,0.36900678271260495,0.3333333333333333,0.6666666666666667,0.39058786638266113,0.5833297839280274,0.3958333333333333,0.0,12.777742481557524,20000281
FIFO,3.5896967339181707,7,0.5833333333333334,0.5187102843336032,0.5833333333333334,0.41666666666666663,0.5585579275194705,0.5304933407774582,0.2916666666666667,0.0,18.730366679614285,20000282
FIFO,2.141818742145053,7,0.5833333333333334,0.515094350441309,0.5833333333333334,0.41666666666666663,0.4624159788189046,0.5170283906895679,0.25,0.0,15.8212409480224,20000283
FIFO,-6.9284300050845715,3,0.25,0.25479104162970806,0.3333333333333333,0.75,0.3344084203022029,0.5747726031396078,0.4166666666666667,0.0,11.242397774751034,20000284
FIFO,-9.791032058262244,2,0.16666666666666666,0.2256450767298873,0.25,0.8333333333333334,0.23630308354001983,0.5766656680765581,0.375,0.0,8.691964512628955,20000285
FIFO,-5.408387031726715,3,0.25,0.24528664520511137,0.4166666666666667,0.75,0.4265147457264938,0.5702694772441889,0.2916666666666667,0.0,14.054956180268299,20000286
FIFO,5.901028939684683,8,0.6666666666666666,0.7347127548875763,0.6666666666666666,0.33333333333333337,0.543952835631769,0.4906024586836697,0.20833333333333334,0.0,19.96665742819712,20000287
FIFO,-3.1291236717457527,4,0.3333333333333333,0.41984863344774137,0.4166666666666667,0.6666666666666667,0.4160168258584996,0.5349179569186008,0.3125,0.0,14.098412898980001,20000288
FIFO,-0.8697235138465358,5,0.4166666666666667,0.4301543159013219,0.5,0.5833333333333333,0.4315244159010761,0.49840622907979437,0.2708333333333333,0.0,15.863710203905718,20000289
FIFO,3.3442072360281454,7,0.5833333333333334,0.47723798679013274,0.5833333333333334,0.41666666666666663,0.5032275189646399,0.5089399113361076,0.1875,0.0,16.85040963663009,20000290
FIFO,2.2222108994648506,6,0.5,0.467254503549306,0.6666666666666666,0.5,0.5496553570016449,0.5058505680925757,0.25,0.0,19.224631090742783,20000291
FIFO,-8.306966819004789,3,0.25,0.27390835289695287,0.25,0.75,0.30006031492823587,0.6132281590140892,0.4375,0.0,9.630358565836241,20000292
FIFO,-1.947237528290062,5,0.4166666666666667,0.34869050538266627,0.5,0.5833333333333333,0.41370275031063725,0.5331296466159668,0.2708333333333333,0.0,14.815567248695409,20000293
FIFO,-1.3657166418132136,5,0.4166666666666667,0.4475236919913711,0.4166666666666667,0.5833333333333333,0.4696563470315251,0.5763886058084169,0.4166666666666667,0.0,15.954642954128825,20000294
FIFO,-3.114761019211267,4,0.3333333333333333,0.35795540855474195,0.4166666666666667,0.6666666666666667,0.4161135800889287,0.5227934989060735,0.1875,0.0,14.65336430747353,20000295
FIFO,-1.426003387360538,5,0.4166666666666667,0.44639343663290343,0.4166666666666667,0.5833333333333333,0.507892398434583,0.5911553262342014,0.4166666666666667,0.0,16.38507207081794,20000296
FIFO,-0.8244251501754691,6,0.5,0.4408396183908955,0.5,0.5,0.3871096445935674,0.541333554668742,0.25,0.0,13.437413273019565,20000297
FIFO,-5.399190457239092,4,0.3333333333333333,0.30806007892460263,0.3333333333333333,0.6666666666666667,0.356770777725183,0.5762602469750195,0.3541666666666667,0.0,12.24987727556446,20000298
FIFO,0.30225810123805674,6,0.5,0.4485934701064739,0.5833333333333334,0.5,0.43119094520324036,0.512267595117164,0.25,0.0,15.487272195233258,20000299
FIFO,1.5482411859960723,6,0.5,0.5212296977296778,0.5,0.5,0.5460529470668632,0.5745497573748962,0.3958333333333333,0.0,17.555007645733703,20000300
FIFO,1.1202363792931525,6,0.5,0.456308519210552,0.5833333333333334,0.5,0.5390584040979685,0.540061379841898,0.2916666666666667,0.0,18.09272143476015,20000301
FIFO,-4.678957318537636,4,0.3333333333333333,0.3380325490963656,0.3333333333333333,0.6666666666666667,0.34960441857580066,0.5687553154166414,0.4166666666666667,0.0,11.846618548537524,20000302
FIFO,-0.5460038586195561,5,0.4166666666666667,0.40155292434144785,0.5,0.5833333333333333,0.4909435194644374,0.5117403687330769,0.22916666666666666,0.0,16.03465769833446,20000303
FIFO,9.838599426282409,9,0.75,0.7981192443547285,0.8333333333333334,0.25,0.6877039561096416,0.4764248050188143,0.125,0.0,23.05990373321155,20000304
FIFO,11.039103108117144,10,0.8333333333333334,0.7239989884314109,0.8333333333333334,0.16666666666666663,0.6278824231545173,0.4094431589546102,0.10416666666666667,0.0,22.04204513485201,20000305
FIFO,-0.9724599271452841,5,0.4166666666666667,0.44326112017206476,0.5,0.5833333333333333,0.4625129977988425,0.5185310275223288,0.2916666666666667,0.0,15.935337028675303,20000306
FIFO,-3.1017215937373424,5,0.4166666666666667,0.42939769934801336,0.4166666666666667,0.5833333333333333,0.3890155469725765,0.5989752807084697,0.3541666666666667,0.0,13.208231937787007,20000307
FIFO,-1.3412261577189173,5,0.4166666666666667,0.41772417743713375,0.4166666666666667,0.5833333333333333,0.5099040156819338,0.572385742854587,0.375,0.0,15.615877642052483,20000308
FIFO,-0.9456934240275359,5,0.4166666666666667,0.4327927290790719,0.5,0.5833333333333333,0.5273469337385529,0.602599815049473,0.4375,0.0,17.275550540205632,20000309
FIFO,-0.5185231993576181,5,0.4166666666666667,0.5655031803661251,0.5833333333333334,0.5833333333333333,0.5090546107484087,0.5631841181984761,0.3333333333333333,0.0,17.733312740382434,20000310
FIFO,0.574695984547323,6,0.5,0.4656209562957448,0.5833333333333334,0.5,0.4623998304558124,0.539817813724572,0.1875,0.0,16.306325757388606,20000311
FIFO,-2.713803504714253,5,0.4166666666666667,0.40139373654147276,0.4166666666666667,0.5833333333333333,0.3601955490112534,0.5481869589354126,0.2916666666666667,0.0,12.96948550555601,20000312
FIFO,-1.3713896059265256,5,0.4166666666666667,0.34971171017815844,0.5,0.5833333333333333,0.5041003680693369,0.5620367201777715,0.3541666666666667,0.0,16.698327804918954,20000313
FIFO,-5.018141689852936,4,0.3333333333333333,0.3861864920274531,0.3333333333333333,0.6666666666666667,0.40878913225486424,0.6018500072173961,0.4375,0.0,13.05412289043972,20000314
FIFO,-7.985572786975416,3,0.25,0.33672136136893716,0.25,0.75,0.33954881982852064,0.6349442916487408,0.5,0.0,10.821639234099258,20000315
FIFO,0.33897267971727363,6,0.5,0.3840501170293662,0.5,0.5,0.4868647549711292,0.5540272104628928,0.3125,0.0,15.289870388951796,20000316
FIFO,4.141254507302472,7,0.5833333333333334,0.5727452185696105,0.6666666666666666,0.41666666666666663,0.55558979901164,0.5232056801546537,0.1875,0.0,19.898454591050537,20000317
FIFO,-0.7397233067436801,5,0.4166666666666667,0.3933917250854718,0.5,0.5833333333333333,0.5503571033646283,0.580382473258597,0.3958333333333333,0.0,18.152620282916644,20000318
FIFO,-6.7482313048268985,3,0.25,0.2712741011119863,0.3333333333333333,0.75,0.3842097105841062,0.6078351235839468,0.4583333333333333,0.0,13.211523037304252,20000319
FIFO,-4.509886423070041,4,0.3333333333333333,0.2917618321391388,0.3333333333333333,0.6666666666666667,0.39036112771646225,0.5576998634978159,0.3541666666666667,0.0,12.967837081016821,20000320
FIFO,7.112804067049467,8,0.6666666666666666,0.6023090673013349,0.75,0.33333333333333337,0.5821662062272881,0.4438581372275457,0.125,0.0,20.783004009089815,20000321
FIFO,-4.559896649736493,4,0.3333333333333333,0.36232395358582026,0.3333333333333333,0.6666666666666667,0.34573045209104897,0.5590292732496313,0.3333333333333333,0.0,11.935180031085157,20000322
FIFO,-4.579893212122489,4,0.3333333333333333,0.31263921159361147,0.3333333333333333,0.6666666666666667,0.40830991974995695,0.5649154618532729,0.4166666666666667,0.0,13.163072443570869,20000323
FIFO,1.1369889045996544,5,0.4166666666666667,0.4238305177785342,0.5833333333333334,0.5833333333333333,0.5830461541527899,0.5139267448154057,0.25,0.0,19.246679689367852,20000324
FIFO,2.0057096619181958,6,0.5,0.4896774774693065,0.5833333333333334,0.5,0.5368602313819756,0.5021431333516361,0.16666666666666666,0.0,17.843236262594598,20000325
FIFO,-7.046576157970435,3,0.25,0.2568969333206256,0.3333333333333333,0.75,0.36628373517679486,0.6151470523890394,0.4375,0.0,12.297548167486061,20000326
FIFO,0.35001644968852874,6,0.5,0.39578887155821013,0.5,0.5,0.42021936733451914,0.4876786814940986,0.2708333333333333,0.0,14.908767993087572,20000327
FIFO,0.4142807096733556,6,0.5,0.4219123341653012,0.5,0.5,0.49716070591831985,0.5460073730017372,0.3333333333333333,0.0,15.92867111025024,20000328
FIFO,-7.886564309695048,3,0.25,0.26901755680334843,0.25,0.75,0.3214359994280873,0.6085478978700033,0.4375,0.0,10.81877593758831,20000329
FIFO,-1.6901574629782115,5,0.4166666666666667,0.45545875093450555,0.4166666666666667,0.5833333333333333,0.4110941903777247,0.5346464113780333,0.3333333333333333,0.0,14.149640687950757,20000330
FIFO,6.6225770485564475,8,0.6666666666666666,0.6439490441783715,0.75,0.33333333333333337,0.6971873894353294,0.53755898175062,0.20833333333333334,0.0,22.248306996618364,20000331
FIFO,-0.5519628054214598,5,0.4166666666666667,0.4342066832760749,0.5,0.5833333333333333,0.4640314446051488,0.5074423071470323,0.2916666666666667,0.0,15.432886211312509,20000332
FIFO,-5.676417839766158,4,0.3333333333333333,0.3531933895655246,0.3333333333333333,0.6666666666666667,0.3283686497185991,0.5809525492611004,0.3958333333333333,0.0,11.042621424296572,20000333
FIFO,-1.5367071652286521,5,0.4166666666666667,0.36222058512508853,0.4166666666666667,0.5833333333333333,0.4343618976936931,0.5249285494660394,0.3333333333333333,0.0,14.925373146673488,20000334
FIFO,-5.155197447003535,4,0.3333333333333333,0.36511951691801453,0.3333333333333333,0.6666666666666667,0.3635277249635891,0.5872900760509858,0.4166666666666667,0.0,12.699725543327899,20000335
FIFO,-4.318301757197895,4,0.3333333333333333,0.3159343556168435,0.4166666666666667,0.6666666666666667,0.48299447413563273,0.622282831123145,0.4375,0.0,14.117885189601756,20000336
FIFO,1.5080376379048293,6,0.5,0.35688533981877163,0.5833333333333334,0.5,0.5785581541448402,0.5305277059438595,0.2916666666666667,0.0,17.98523302226206,20000337
FIFO,3.478615647712287,6,0.5,0.479059936524719,0.6666666666666666,0.5,0.6118397260609797,0.48706720823561817,0.1875,0.0,21.38179344664682,20000338
FIFO,0.06914629322164112,5,0.4166666666666667,0.3895979501131781,0.5833333333333334,0.5833333333333333,0.5450321219762487,0.5226243655563252,0.2916666666666667,0.0,17.636098966899493,20000339
FIFO,-8.577015278187663,3,0.25,0.23482379071942422,0.25,0.75,0.28754297688864217,0.6084625524688608,0.4375,0.0,10.187901448088311,20000340
FIFO,3.2860227132884168,7,0.5833333333333334,0.5634927736789417,0.5833333333333334,0.41666666666666663,0.552295736283275,0.5428000539371528,0.3125,0.0,18.105244027241994,20000341
FIFO,2.8692746705353596,7,0.5833333333333334,0.5897764015890049,0.5833333333333334,0.41666666666666663,0.5236632943602074,0.5375531893740471,0.3333333333333333,0.0,16.352670889322646,20000342
FIFO,-2.0920192680516374,5,0.4166666666666667,0.3632189058203959,0.4166666666666667,0.5833333333333333,0.38959385171020383,0.5281636990120564,0.3125,0.0,13.208538884184877,20000343
FIFO,-8.13023272691601,3,0.25,0.2744063941393467,0.25,0.75,0.2935526324962984,0.5953939298352487,0.4583333333333333,0.0,10.08137257194564,20000344
FIFO,-3.6851152144015424,4,0.3333333333333333,0.28352207401483626,0.4166666666666667,0.6666666666666667,0.4390257137460904,0.5626241104832711,0.4166666666666667,0.0,14.430032018674908,20000345
FIFO,-1.7270784268931223,5,0.4166666666666667,0.4183738148520028,0.4166666666666667,0.5833333333333333,0.3944472414433641,0.5302619109091601,0.25,0.0,14.662168897110188,20000346
FIFO,0.9593115260626026,6,0.5,0.463909214440042,0.5,0.5,0.5246015949482857,0.5425553964628277,0.3125,0.0,16.900194112785574,20000347
FIFO,0.4618371807338133,5,0.4166666666666667,0.442924158903296,0.5833333333333334,0.5833333333333333,0.5836875149717988,0.5668261425182738,0.2916666666666667,0.0,19.431137794226505,20000348
FIFO,13.015663116181434,11,0.9166666666666666,0.9219269724194963,0.9166666666666666,0.08333333333333337,0.6908819744327115,0.47722178818582744,0.020833333333333332,0.0,23.959699207369955,20000349
FIFO,-5.0702050101809455,4,0.3333333333333333,0.3567376735212594,0.3333333333333333,0.6666666666666667,0.4118631409086298,0.6183035227483258,0.4166666666666667,0.0,12.595078156578175,20000350
FIFO,-1.2546681547151814,5,0.4166666666666667,0.4519394636883647,0.4166666666666667,0.5833333333333333,0.4793000123717073,0.5581365184095206,0.3541666666666667,0.0,15.423731209310919,20000351
FIFO,-2.5717353362243167,5,0.4166666666666667,0.4539033671278032,0.4166666666666667,0.5833333333333333,0.38685039406393734,0.5624809898603661,0.3333333333333333,0.0,13.650171483997754,20000352
FIFO,-1.9553694081211606,4,0.3333333333333333,0.3444818884072137,0.5,0.6666666666666667,0.4975371161548492,0.5310343237099456,0.2916666666666667,0.0,17.858978922152712,20000353
FIFO,-5.148956280506632,4,0.3333333333333333,0.27658925757874137,0.3333333333333333,0.6666666666666667,0.311583615092539,0.52350055494681,0.3125,0.0,11.630376308307952,20000354
FIFO,-2.17570035912891,5,0.4166666666666667,0.4526529946366857,0.4166666666666667,0.5833333333333333,0.4465466834175422,0.5585671569270114,0.3541666666666667,0.0,14.345271830945734,20000355
FIFO,-1.3878879685159067,5,0.4166666666666667,0.5288177163607889,0.5,0.5833333333333333,0.4754646306269721,0.5958450738830946,0.4166666666666667,0.0,16.397993163118606,20000356
FIFO,-4.472707114179044,4,0.3333333333333333,0.4028148402020256,0.4166666666666667,0.6666666666666667,0.37983369421206264,0.5923150759679844,0.3125,0.0,13.424268695181027,20000357
FIFO,10.863365803508046,10,0.8333333333333334,0.8390516884220678,0.8333333333333334,0.16666666666666663,0.6098533865912114,0.4348559110970089,0.0,0.0,22.79537438442097,20000358
FIFO,8.84921810745679,9,0.75,0.6788754769191809,0.75,0.25,0.6399569004084967,0.47443849576789904,0.1875,0.0,22.44657443323576,20000359
FIFO,-0.7038417664985581,5,0.4166666666666667,0.4440238478283251,0.5,0.5833333333333333,0.4362670431040654,0.500226693924766,0.1875,0.0,15.482178832633926,20000360
FIFO,-4.080097585074814,4,0.3333333333333333,0.3538400837271441,0.3333333333333333,0.6666666666666667,0.39776321340687043,0.5545122244834237,0.3541666666666667,0.0,12.857011812329532,20000361
FIFO,-10.914685954627592,2,0.16666666666666666,0.246761060361836,0.16666666666666666,0.8333333333333334,0.3158383875045679,0.6679174816656048,0.5416666666666666,0.0,9.903681104762157,20000362
FIFO,-6.257372375319858,3,0.25,0.22561657070105712,0.4166666666666667,0.75,0.39788358806043905,0.5909416052114351,0.4166666666666667,0.0,13.530993246918936,20000363
FIFO,-2.6946719532961345,5,0.4166666666666667,0.32404159681234435,0.4166666666666667,0.5833333333333333,0.34887945521257363,0.5269304503307375,0.3333333333333333,0.0,12.538966084059437,20000364
FIFO,-7.28701256623042,3,0.25,0.1995184659685517,0.3333333333333333,0.75,0.2982950392639447,0.5609406651362373,0.3541666666666667,0.0,10.709601429878491,20000365
FIFO,-3.2948011087576208,4,0.3333333333333333,0.342378211419088,0.4166666666666667,0.6666666666666667,0.4587989743204728,0.5850550621492793,0.375,0.0,15.176283652957286,20000366
FIFO,-1.664348643249735,5,0.4166666666666667,0.45235950981829276,0.4166666666666667,0.5833333333333333,0.44912633322813605,0.5536226362170417,0.3541666666666667,0.0,14.593406458880759,20000367
FIFO,-3.4431301555357297,4,0.3333333333333333,0.3021593734150113,0.5,0.6666666666666667,0.39517233225213383,0.5175672628534036,0.25,0.0,14.14313763314132,20000368
FIFO,-4.617647027597425,4,0.3333333333333333,0.3478224639782159,0.3333333333333333,0.6666666666666667,0.45741395568142734,0.6213425001005769,0.4791666666666667,0.0,14.317520256374932,20000369
FIFO,-5.5344577031838496,4,0.3333333333333333,0.3269661149939366,0.3333333333333333,0.6666666666666667,0.3254820537924243,0.5656400258605925,0.3541666666666667,0.0,11.25500819599159,20000370
FIFO,-8.275116673310995,2,0.16666666666666666,0.22987911944546102,0.3333333333333333,0.8333333333333334,0.40382461759954497,0.6101729515394577,0.4166666666666667,0.0,12.373915366389491,20000371
FIFO,-8.307893655759859,2,0.16666666666666666,0.2144087635845074,0.3333333333333333,0.8333333333333334,0.37232481765529596,0.6013269638021878,0.4166666666666667,0.0,12.659887936678594,20000372
FIFO,3.700036411170647,7,0.5833333333333334,0.515023283135007,0.6666666666666666,0.41666666666666663,0.5499514035817966,0.48701806126443814,0.20833333333333334,0.0,19.015291040844456,20000373
FIFO,0.7240978111041936,6,0.5,0.4822150142770169,0.5,0.5,0.48455745328457994,0.5353603574816387,0.2708333333333333,0.0,16.64717873021358,20000374
FIFO,3.056703499056619,6,0.5,0.5810400581668439,0.5833333333333334,0.5,0.6204566169286065,0.5431935157384237,0.3125,0.0,19.092255920401918,20000375
FIFO,-2.3823373190217074,5,0.4166666666666667,0.4765069597863616,0.4166666666666667,0.5833333333333333,0.3655097302153008,0.5453507393607315,0.2708333333333333,0.0,13.30423668539745,20000376
FIFO,-5.676619043153558,4,0.3333333333333333,0.2927332611668368,0.3333333333333333,0.6666666666666667,0.2973740087428198,0.5519903122293498,0.3125,0.0,10.564021100284938,20000377
FIFO,-1.682184836986134,5,0.4166666666666667,0.4618616657267609,0.4166666666666667,0.5833333333333333,0.4141270207055046,0.5537754728833536,0.375,0.0,14.204793517708694,20000378
FIFO,0.9053252573329365,5,0.4166666666666667,0.502899729183351,0.6666666666666666,0.5833333333333333,0.5532546586645523,0.5211742500574471,0.14583333333333334,0.0,18.92662215030835,20000379
FIFO,1.4877355846470302,6,0.5,0.43725298204738794,0.5833333333333334,0.5,0.5472708105110667,0.5247623340938847,0.2708333333333333,0.0,18.051555093913223,20000380
FIFO,-9.233837333811051,2,0.16666666666666666,0.16004906159263693,0.25,0.8333333333333334,0.3362987262622335,0.5900128354544495,0.4583333333333333,0.0,10.601504391508987,20000381
FIFO,9.45779651311163,9,0.75,0.6915815296458206,0.9166666666666666,0.25,0.7022609876681924,0.49058239321420194,0.0625,0.0,23.772279936495174,20000382
FIFO,-2.964665805185117,5,0.4166666666666667,0.3614655195280769,0.4166666666666667,0.5833333333333333,0.3858945992725973,0.5546481812109323,0.3333333333333333,0.0,12.861018848552648,20000383
FIFO,0.8852119136622161,6,0.5,0.49539425966271716,0.5,0.5,0.45315693811597973,0.5250755447201161,0.3333333333333333,0.0,15.738016988046375,20000384
FIFO,-1.6466848699659735,5,0.4166666666666667,0.33904264955843216,0.5,0.5833333333333333,0.4078564004384155,0.5049385261802511,0.20833333333333334,0.0,13.831334562183061,20000385
FIFO,-4.5204044127956555,4,0.3333333333333333,0.3219314541845166,0.3333333333333333,0.6666666666666667,0.3892400376240078,0.5640016753188489,0.3958333333333333,0.0,12.673650830955937,20000386
FIFO,5.367666212242044,7,0.5833333333333334,0.5931560139536081,0.6666666666666666,0.41666666666666663,0.6537668779527314,0.5037844875336752,0.25,0.0,21.438596343876863,20000387
FIFO,8.972111720735075,9,0.75,0.6934972301702103,0.8333333333333334,0.25,0.6670090836704313,0.48049953771541015,0.08333333333333333,0.0,22.575213826069096,20000388
FIFO,3.943236724114792,7,0.5833333333333334,0.5143239075767503,0.6666666666666666,0.41666666666666663,0.6463081619098489,0.5670887907718695,0.3333333333333333,0.0,21.1132598411246,20000389
FIFO,3.069660463481937,6,0.5,0.5445290389715159,0.6666666666666666,0.5,0.5857467710795377,0.5264709194454008,0.2916666666666667,0.0,19.540967133848643,20000390
FIFO,1.117261387160341,6,0.5,0.49386802596453633,0.5833333333333334,0.5,0.5532536594278464,0.5619739893307789,0.3541666666666667,0.0,18.824391652099365,20000391
FIFO,3.1147655185401786,6,0.5,0.42209781696007975,0.6666666666666666,0.5,0.5967218596124221,0.48528410881240913,0.20833333333333334,0.0,19.669004751262644,20000392
FIFO,-4.562326851996068,4,0.3333333333333333,0.35593793455702627,0.3333333333333333,0.6666666666666667,0.39625085485889433,0.5835704623644913,0.3958333333333333,0.0,12.445164522497766,20000393
FIFO,-4.342171884373115,4,0.3333333333333333,0.3137119494773412,0.3333333333333333,0.6666666666666667,0.4290784231589937,0.5873402572857044,0.4375,0.0,13.732256927278096,20000394
FIFO,2.2227117964049015,6,0.5,0.4801776271753039,0.6666666666666666,0.5,0.5856773420784985,0.546532242073299,0.22916666666666666,0.0,18.86543093445013,20000395
FIFO,-7.747101406822498,3,0.25,0.2817521798499156,0.25,0.75,0.28637352118546217,0.5653324525333047,0.4166666666666667,0.0,10.208698121592906,20000396
FIFO,8.041775193710714,9,0.75,0.6843279683119,0.8333333333333334,0.25,0.5593004800215436,0.47708792814247064,0.14583333333333334,0.0,20.926480550584778,20000397
FIFO,5.356618152470676,8,0.6666666666666666,0.528596576151424,0.75,0.33333333333333337,0.5513068868203109,0.4827304997997399,0.10416666666666667,0.0,19.00397678238318,20000398
FIFO,-8.999498248602762,3,0.25,0.2431509489318674,0.25,0.75,0.2949135235536911,0.6226049783803748,0.4791666666666667,0.0,10.178129730623667,20000399
FIFO,-2.836823759374292,5,0.4166666666666667,0.39818773210904584,0.4166666666666667,0.5833333333333333,0.3752019404985272,0.5411822441697844,0.3125,0.0,12.320430323964148,20000400
FIFO,-1.9711561657125731,5,0.4166666666666667,0.4112488246968895,0.4166666666666667,0.5833333333333333,0.42036632893401693,0.5784872719144335,0.4166666666666667,0.0,14.353261648910973,20000401
FIFO,-9.569967206817674,2,0.16666666666666666,0.20410072210536756,0.25,0.8333333333333334,0.29914492905171836,0.6104531868354103,0.4583333333333333,0.0,9.99678790587637,20000402
FIFO,-4.782405361459354,4,0.3333333333333333,0.30517314099253373,0.3333333333333333,0.6666666666666667,0.3985598312068843,0.5816054258406448,0.4166666666666667,0.0,12.944533552733159,20000403
FIFO,-8.428797865551825,3,0.25,0.31674030669877185,0.25,0.75,0.27130556870097605,0.6162842202610349,0.4583333333333333,0.0,8.770567895098473,20000404
FIFO,-7.88198655944065,3,0.25,0.24797362582589905,0.25,0.75,0.26958746606225853,0.5819804945871058,0.4375,0.0,9.801626831970738,20000405
FIFO,4.349329891690065,7,0.5833333333333334,0.5660012275838145,0.6666666666666666,0.41666666666666663,0.6254703055801211,0.5556496363860233,0.25,0.0,20.11316864894288,20000406
FIFO,2.3623917747558103,6,0.5,0.45639395204293026,0.5833333333333334,0.5,0.603641029024209,0.5243889161154492,0.2708333333333333,0.0,19.142687010454477,20000407
FIFO,-2.043740305737435,5,0.4166666666666667,0.42563893402044234,0.4166666666666667,0.5833333333333333,0.36606465493024537,0.5101272330708222,0.20833333333333334,0.0,14.074508329602825,20000408
FIFO,1.6812986697373142,6,0.5,0.42130684815854774,0.5833333333333334,0.5,0.5822360699933476,0.541405991032356,0.3541666666666667,0.0,17.73393115562555,20000409
FIFO,3.5602335623539285,7,0.5833333333333334,0.5993931215742342,0.5833333333333334,0.41666666666666663,0.512594635008853,0.5019690790817254,0.25,0.0,18.07350891799498,20000410
FIFO,-0.9247613374554986,5,0.4166666666666667,0.37525514126899634,0.5,0.5833333333333333,0.4495734011646288,0.5140998791247332,0.25,0.0,15.444131258334524,20000411
FIFO,-2.0306771144548046,5,0.4166666666666667,0.42217627874380903,0.4166666666666667,0.5833333333333333,0.43920203598577706,0.5734833352025814,0.3333333333333333,0.0,14.964843498557002,20000412
FIFO,-1.0745682128475023,5,0.4166666666666667,0.4139944646448978,0.5,0.5833333333333333,0.4373908795171781,0.5097202451345618,0.20833333333333334,0.0,15.555959431805409,20000413
FIFO,-2.927971946446556,5,0.4166666666666667,0.32368789727558656,0.4166666666666667,0.5833333333333333,0.42115276239098764,0.5630828064819355,0.3958333333333333,0.0,13.889023833881035,20000414
FIFO,0.9176265239738854,6,0.5,0.507195391650082,0.5,0.5,0.5392658399355015,0.5639443390820493,0.3125,0.0,17.08311467970609,20000415
FIFO,-5.335390243368055,4,0.3333333333333333,0.3962695966305475,0.3333333333333333,0.6666666666666667,0.3555612926002267,0.5984702968546421,0.3958333333333333,0.0,12.200945759510697,20000416
FIFO,-4.681633669489835,4,0.3333333333333333,0.3566065944753734,0.3333333333333333,0.6666666666666667,0.4090387474190001,0.5777861558414391,0.3958333333333333,0.0,13.214012905495482,20000417
FIFO,4.478115267359763,7,0.5833333333333334,0.5541553052116788,0.6666666666666666,0.41666666666666663,0.5499401187625667,0.4616625158900076,0.14583333333333334,0.0,19.1606794787641,20000418
FIFO,-10.212295231863292,2,0.16666666666666666,0.2472033648981628,0.25,0.8333333333333334,0.26062983166997283,0.6244954994136759,0.4375,0.0,8.7408907998164,20000419
FIFO,11.214380791001817,10,0.8333333333333334,0.7204615349111363,0.9166666666666666,0.16666666666666663,0.7211775728039552,0.4928938058817877,0.16666666666666666,0.0,23.834390687486128,20000420
FIFO,-7.009357417027857,3,0.25,0.2816991448528993,0.3333333333333333,0.75,0.3337361703691155,0.5977711500079982,0.3958333333333333,0.0,11.446234231079165,20000421
FIFO,1.6799359997814605,6,0.5,0.42529660799996244,0.5833333333333334,0.5,0.4439107274050573,0.4590892766650116,0.08333333333333333,0.0,16.728328073532246,20000422
FIFO,-3.1969995932144006,4,0.3333333333333333,0.42896114210271874,0.5,0.6666666666666667,0.4273987713274227,0.545503593297136,0.16666666666666666,0.0,15.486449298893705,20000423
FIFO,-3.244512706881997,4,0.3333333333333333,0.3551593247751601,0.5,0.6666666666666667,0.41414764680446553,0.5514838842713831,0.3541666666666667,0.0,14.913276019528059,20000424
FIFO,-7.349676241150316,3,0.25,0.23687064632571414,0.25,0.75,0.3221755354152243,0.5641234866646903,0.375,0.0,10.538203753835262,20000425
FIFO,2.883048460399555,7,0.5833333333333334,0.45420122155881976,0.5833333333333334,0.41666666666666663,0.5524975074949855,0.5240300923412997,0.3125,0.0,17.501176005026853,20000426
FIFO,8.452845642797543,9,0.75,0.6671671072217922,0.75,0.25,0.6136285380838529,0.49386200319806184,0.20833333333333334,0.0,20.9645503485244,20000427
FIFO,7.110477302774129,8,0.6666666666666666,0.5901318185334194,0.75,0.33333333333333337,0.6645023621674608,0.5150956826625017,0.22916666666666666,0.0,21.899634870372637,20000428
FIFO,5.592519016866698,8,0.6666666666666666,0.5386537195531376,0.75,0.33333333333333337,0.5848964722735769,0.49651864905609805,0.16666666666666666,0.0,18.78236982557245,20000429
FIFO,-0.6474215579407074,6,0.5,0.49317847579300944,0.5,0.5,0.4319057205700005,0.5532217611987386,0.375,0.0,13.57959681371868,20000430
FIFO,0.6454584846018614,6,0.5,0.4391548553557244,0.5,0.5,0.4442302455307896,0.5112492337676657,0.20833333333333334,0.0,16.043175526807527,20000431
FIFO,2.3406762832834573,6,0.5,0.4901152507008994,0.6666666666666666,0.5,0.5855035743445471,0.5332001535002368,0.2708333333333333,0.0,19.301711250260563,20000432
FIFO,-3.8319136437318244,4,0.3333333333333333,0.3211635549695533,0.4166666666666667,0.6666666666666667,0.45297692885588403,0.5778639821626598,0.375,0.0,14.864437027114317,20000433
FIFO,0.060781530849140175,6,0.5,0.43384476438361136,0.5,0.5,0.47744716909620816,0.5562286642053633,0.3333333333333333,0.0,15.753443594297336,20000434
FIFO,7.504451453819009,8,0.6666666666666666,0.7049662863119643,0.75,0.33333333333333337,0.6699857571098337,0.5231231987610264,0.2708333333333333,0.0,22.126465453175236,20000435
FIFO,9.424955583618054,9,0.75,0.7885806441349171,0.8333333333333334,0.25,0.6605780530451167,0.5001320359287016,0.14583333333333334,0.0,23.307976295814324,20000436
FIFO,0.9345736108478155,6,0.5,0.5200764369062464,0.5833333333333334,0.5,0.5258000103789494,0.5705056093247642,0.375,0.0,17.767255930853075,20000437
FIFO,-5.745954830222528,4,0.3333333333333333,0.24402609864210809,0.3333333333333333,0.6666666666666667,0.281899587689302,0.5354854860950202,0.3541666666666667,0.0,9.847665746749051,20000438
FIFO,-4.371908102707243,4,0.3333333333333333,0.3089200687388645,0.3333333333333333,0.6666666666666667,0.38533092593138135,0.5652094971203384,0.375,0.0,12.917356583197135,20000439
FIFO,2.042597941327431,7,0.5833333333333334,0.5670215153263057,0.5833333333333334,0.41666666666666663,0.45252230658467757,0.5124338235949505,0.14583333333333334,0.0,16.234776892930203,20000440
FIFO,-8.70356179888044,3,0.25,0.24184579241544354,0.25,0.75,0.26426717015460577,0.6122713221251478,0.4791666666666667,0.0,8.441423629340342,20000441
FIFO,8.292044236796041,9,0.75,0.6645083343087866,0.75,0.25,0.6206972453738455,0.4770914823416243,0.16666666666666666,0.0,20.084373378247477,20000442
FIFO,4.382023070375592,7,0.5833333333333334,0.553466132461795,0.6666666666666666,0.41666666666666663,0.6335647808308864,0.5647601183463352,0.3125,0.0,21.02792226169839,20000443
FIFO,-3.507971468512308,4,0.3333333333333333,0.285101550989497,0.4166666666666667,0.6666666666666667,0.4111540198124977,0.5269619647393702,0.3333333333333333,0.0,14.510617031625511,20000444
FIFO,-0.7084787896525073,5,0.4166666666666667,0.41345445523084423,0.5,0.5833333333333333,0.4597258555751518,0.5281186912217772,0.20833333333333334,0.0,15.744058454486796,20000445
FIFO,-3.1855667110886605,4,0.3333333333333333,0.3963115587598782,0.4166666666666667,0.6666666666666667,0.4751518298673387,0.5815272184657335,0.375,0.0,14.601704437670426,20000446
FIFO,-4.678869535759304,4,0.3333333333333333,0.3539726897189089,0.3333333333333333,0.6666666666666667,0.3977523191724061,0.6111847680932461,0.4791666666666667,0.0,12.733059414289784,20000447
FIFO,1.4975346219374144,6,0.5,0.48228574751223385,0.5833333333333334,0.5,0.5807183835522245,0.568244024415204,0.3541666666666667,0.0,18.4589859969808,20000448
FIFO,-1.5658184539217292,5,0.4166666666666667,0.4218489573760686,0.4166666666666667,0.5833333333333333,0.41758247692587386,0.515942537402279,0.2916666666666667,0.0,13.952019510056108,20000449
FIFO,-2.064025469981123,5,0.4166666666666667,0.394869874193894,0.4166666666666667,0.5833333333333333,0.5032465041716571,0.6090481998577358,0.4583333333333333,0.0,15.69922709259156,20000450
FIFO,0.9266985180649527,6,0.5,0.4774197688430184,0.5,0.5,0.48600054254620845,0.5214400442582557,0.3125,0.0,15.817060100676986,20000451
FIFO,0.41555674701159484,5,0.4166666666666667,0.4465279065882935,0.5,0.5833333333333333,0.598494020308087,0.5737562238829615,0.3541666666666667,0.0,18.83177007749509,20000452
FIFO,-11.147343423862536,2,0.16666666666666666,0.20995310806147044,0.16666666666666666,0.8333333333333334,0.24483252543807962,0.6459367472821654,0.5208333333333334,0.0,8.02022623776628,20000453
FIFO,-4.955311897138349,4,0.3333333333333333,0.3670044133663657,0.3333333333333333,0.6666666666666667,0.37478972375590164,0.5868919553708594,0.4166666666666667,0.0,12.435965431048338,20000454
FIFO,-1.3322307454274949,5,0.4166666666666667,0.39346603425353954,0.5,0.5833333333333333,0.47896153296383276,0.551922027950432,0.3333333333333333,0.0,15.69758954762992,20000455
FIFO,2.596262312394618,7,0.5833333333333334,0.5812553297569331,0.5833333333333334,0.41666666666666663,0.5064903730966891,0.552414498353558,0.2708333333333333,0.0,17.159857231373802,20000456
FIFO,-5.4992415216018005,3,0.25,0.20046903617228126,0.4166666666666667,0.75,0.3699042558371937,0.5261124276850303,0.2708333333333333,0.0,12.861563604814368,20000457
FIFO,-7.838520540304128,3,0.25,0.27442629669540836,0.25,0.75,0.3727450000483908,0.6455701093648203,0.5,0.0,11.738848897231602,20000458
FIFO,2.9951144727904544,6,0.5,0.5071408156879009,0.6666666666666666,0.5,0.6614995732012575,0.5557393265896529,0.3125,0.0,20.69011956651687,20000459
FIFO,6.809405076941184,8,0.6666666666666666,0.6153408219607238,0.6666666666666666,0.33333333333333337,0.6043507582179394,0.4632051298445015,0.22916666666666666,0.0,20.454963757701712,20000460
FIFO,-0.6937532173150831,5,0.4166666666666667,0.3685511013713021,0.5,0.5833333333333333,0.5575133600855114,0.5742228765145648,0.375,0.0,16.413973501675372,20000461
FIFO,9.282432723992034,9,0.75,0.6439030152677974,0.8333333333333334,0.25,0.6893039191458187,0.4911252425291052,0.16666666666666666,0.0,23.450416791880414,20000462
FIFO,4.908307516453789,7,0.5833333333333334,0.4987285163881384,0.6666666666666666,0.41666666666666663,0.5885682707496093,0.4945785584637714,0.14583333333333334,0.0,19.744065846851672,20000463
FIFO,-6.853852341673004,3,0.25,0.2855633923989517,0.3333333333333333,0.75,0.3523442739689176,0.5852054106113961,0.4375,0.0,12.602336473841339,20000464
FIFO,1.1220118400363641,6,0.5,0.47130215835346173,0.5,0.5,0.49770231453842567,0.5095629334513746,0.2916666666666667,0.0,16.5254800008224,20000465
FIFO,-4.080163225848208,4,0.3333333333333333,0.3254030250092399,0.3333333333333333,0.6666666666666667,0.3542651824315512,0.5233493720737242,0.2916666666666667,0.0,13.184884447467695,20000466
FIFO,2.650056694307777,6,0.5,0.4550804429299565,0.6666666666666666,0.5,0.4939029771328542,0.4423437944524155,0.08333333333333333,0.0,17.50173658643996,20000467
FIFO,-2.813358251407508,5,0.4166666666666667,0.41262897550347394,0.4166666666666667,0.5833333333333333,0.37764959077660537,0.5495593445430673,0.3541666666666667,0.0,13.259514745760377,20000468
FIFO,-2.6953286568959336,5,0.4166666666666667,0.4253512445259679,0.4166666666666667,0.5833333333333333,0.36051621257159283,0.5587861090042305,0.2708333333333333,0.0,13.079034042655653,20000469
FIFO,2.873823575256915,7,0.5833333333333334,0.49383125089694857,0.6666666666666666,0.41666666666666663,0.5104384681198152,0.504590291074881,0.10416666666666667,0.0,18.44345358661961,20000470
FIFO,2.6972535435950373,6,0.5,0.5688538421991964,0.5833333333333334,0.5,0.6201077785476382,0.5563004434162098,0.3541666666666667,0.0,19.763930628702457,20000471
FIFO,3.3335467555177667,7,0.5833333333333334,0.4961069526370731,0.5833333333333334,0.41666666666666663,0.5118776142616519,0.5085579605508559,0.20833333333333334,0.0,16.745668323284914,20000472
FIFO,4.5741744661909856,7,0.5833333333333334,0.5182849105257306,0.75,0.41666666666666663,0.5783965464430317,0.4959387685750376,0.041666666666666664,0.0,20.881541586872874,20000473
FIFO,-0.2003646556373937,5,0.4166666666666667,0.3941320528139591,0.5,0.5833333333333333,0.5325362614505743,0.5292181720258294,0.25,0.0,17.455280873952812,20000474
FIFO,-0.6274440123029885,5,0.4166666666666667,0.45267862691094307,0.5,0.5833333333333333,0.516398486657724,0.5647647827602063,0.4166666666666667,0.0,16.35465158353196,20000475
FIFO,-2.905189191862988,4,0.3333333333333333,0.45398160762556294,0.5,0.6666666666666667,0.42651821385346417,0.5450389921968385,0.20833333333333334,0.0,15.867870758207305,20000476
FIFO,-1.5991683061376878,5,0.4166666666666667,0.4741597098765435,0.4166666666666667,0.5833333333333333,0.43529859924803654,0.5616959429764546,0.2916666666666667,0.0,15.335884579851268,20000477
FIFO,-2.6707791040186764,4,0.3333333333333333,0.36316441265581123,0.4166666666666667,0.6666666666666667,0.5059789845448769,0.5639821393202599,0.375,0.0,16.539365970012295,20000478
FIFO,-5.041905576650736,4,0.3333333333333333,0.26929784663273393,0.3333333333333333,0.6666666666666667,0.3611527658779415,0.5509009097262193,0.3541666666666667,0.0,11.91452492167141,20000479
FIFO,4.221024501621336,7,0.5833333333333334,0.426162996085342,0.6666666666666666,0.41666666666666663,0.6437966414138738,0.539404748003435,0.2916666666666667,0.0,21.32085210243291,20000480
FIFO,8.498174558558704,9,0.75,0.658871905901925,0.75,0.25,0.556719084684207,0.4345801416610313,0.041666666666666664,0.0,20.759507643193018,20000481
FIFO,-4.954957848273902,4,0.3333333333333333,0.3762638613002907,0.3333333333333333,0.6666666666666667,0.3725654565568381,0.6109809436472561,0.5,0.0,12.633027855403173,20000482
FIFO,7.414107187568073,8,0.6666666666666666,0.5932334296776478,0.75,0.33333333333333337,0.5896147984492947,0.43979887579102944,0.125,0.0,20.572447541785532,20000483
FIFO,-7.283596140111737,3,0.25,0.2177127328778456,0.3333333333333333,0.75,0.34624109558226435,0.5928583860457218,0.4166666666666667,0.0,11.653581597614615,20000484
FIFO,-5.098437899415854,4,0.3333333333333333,0.3054004439745119,0.3333333333333333,0.6666666666666667,0.3253283066033133,0.5460922714622929,0.3125,0.0,11.676331921272563,20000485
FIFO,0.061647057385277204,6,0.5,0.4430838328208123,0.5,0.5,0.4794221517358653,0.5538480804796463,0.3333333333333333,0.0,16.53964575752737,20000486
FIFO,-1.2393376942919043,4,0.3333333333333333,0.38640284131217034,0.5833333333333334,0.6666666666666667,0.5205639076832401,0.5306864425070306,0.25,0.0,17.971074958332345,20000487
FIFO,2.1155971496610166,6,0.5,0.4997231481083647,0.5833333333333334,0.5,0.5229952951369544,0.5260643508576114,0.2916666666666667,0.0,18.544995659967267,20000488
FIFO,-0.8894814716362012,5,0.4166666666666667,0.3783606623678341,0.5,0.5833333333333333,0.4597239973605178,0.5264861285935708,0.2708333333333333,0.0,14.870226483259344,20000489
FIFO,-3.6544851398242026,4,0.3333333333333333,0.40002445746222903,0.5,0.6666666666666667,0.4228655636888143,0.581521242426294,0.22916666666666666,0.0,15.62253246021454,20000490
FIFO,2.910128984019409,7,0.5833333333333334,0.43184582816923767,0.5833333333333334,0.41666666666666663,0.5204278352477058,0.5241277700478278,0.2708333333333333,0.0,17.693045903796797,20000491
FIFO,3.067531023473336,7,0.5833333333333334,0.5734318370277468,0.5833333333333334,0.41666666666666663,0.5413636129882323,0.5574947738594579,0.3541666666666667,0.0,18.379486490184703,20000492
FIFO,-8.55506126580793,3,0.25,0.28145930826905396,0.25,0.75,0.29489772900058603,0.6293244436409481,0.4583333333333333,0.0,9.68289820697031,20000493
FIFO,-0.3079621332437419,5,0.4166666666666667,0.34410033280604907,0.5833333333333334,0.5833333333333333,0.5078354128499082,0.5075036108943003,0.22916666666666666,0.0,16.62208391055504,20000494
FIFO,-4.370231496284347,4,0.3333333333333333,0.31284466114896226,0.4166666666666667,0.6666666666666667,0.34889352556578396,0.5434497507528121,0.22916666666666666,0.0,12.208391046564104,20000495
FIFO,7.588397782346149,8,0.6666666666666666,0.6784883997068463,0.75,0.33333333333333337,0.6680666004914664,0.49214859472654365,0.20833333333333334,0.0,21.758787682219765,20000496
FIFO,2.209692910669407,7,0.5833333333333334,0.4868292631624351,0.5833333333333334,0.41666666666666663,0.44943255359732115,0.5101944503280184,0.1875,0.0,15.51089564488224,20000497
FIFO,-5.223444038524569,4,0.3333333333333333,0.3286749308867677,0.3333333333333333,0.6666666666666667,0.3185291088860691,0.5620724427737546,0.375,0.0,10.66206609185262,20000498
FIFO,-7.050491928401937,3,0.25,0.28989057136558755,0.3333333333333333,0.75,0.3314576610040191,0.5875811477952058,0.375,0.0,11.474145621759442,20000499
EDF,-3.8506243229273878,4,0.3333333333333333,0.47766505069886805,0.4166666666666667,0.6666666666666667,0.4792046139602684,0.630417183429261,0.5,0.0,15.375772604433404,20000000
EDF,1.619614570004137,6,0.5,0.4995985058522727,0.5,0.5,0.5572233650640197,0.5315304215752664,0.3125,0.0,17.829213858254636,20000001
EDF,5.893568395313013,8,0.6666666666666666,0.5812218443470323,0.6666666666666666,0.33333333333333337,0.6707839651831752,0.5519053382188175,0.25,0.0,21.421154597375427,20000002
EDF,-6.396162743605589,3,0.25,0.347761324803409,0.3333333333333333,0.75,0.35660223912594985,0.5754148294783107,0.3958333333333333,0.0,12.288458105762142,20000003
EDF,-0.6914372774539517,5,0.4166666666666667,0.43454278446024885,0.5,0.5833333333333333,0.39765757838168075,0.4743890405512126,0.020833333333333332,0.0,14.680891783919666,20000004
EDF,1.5392728112288556,6,0.5,0.47346947646932513,0.5833333333333334,0.5,0.49471544983965016,0.5238875965634301,0.25,0.0,16.86296503984876,20000005
EDF,-3.838691098655357,4,0.3333333333333333,0.3241569101709085,0.4166666666666667,0.6666666666666667,0.44018257158741275,0.5835884136611185,0.4166666666666667,0.0,14.158843028993871,20000006
EDF,-8.403064332984208,3,0.25,0.2998453018333063,0.25,0.75,0.30979823038679244,0.6309350974212135,0.4791666666666667,0.0,10.471273528453336,20000007
EDF,-7.935242958430644,3,0.25,0.2627025602466154,0.25,0.75,0.2717369472101771,0.5820092806991003,0.4166666666666667,0.0,10.123430639176004,20000008
EDF,2.6599802295224078,7,0.5833333333333334,0.5247992697611118,0.5833333333333334,0.41666666666666663,0.4893259881584691,0.5326108589111109,0.20833333333333334,0.0,16.747347182120386,20000009
EDF,0.7287565128795093,6,0.5,0.4012906788711948,0.5,0.5,0.43751509410044537,0.4986219912771787,0.2708333333333333,0.0,15.16524625755354,20000010
EDF,5.663945075426894,8,0.6666666666666666,0.6935535006205038,0.6666666666666666,0.33333333333333337,0.5549581511549077,0.5135787239296671,0.20833333333333334,0.0,19.17588703547596,20000011
EDF,0.3900952194484648,6,0.5,0.49831388017641126,0.5,0.5,0.4990227624476263,0.5594347809779634,0.3125,0.0,16.340148346367727,20000012
EDF,-2.1872828408550475,5,0.4166666666666667,0.4361444813122128,0.4166666666666667,0.5833333333333333,0.39511027049690345,0.5541111708747751,0.3125,0.0,13.560432337889734,20000013
EDF,-4.716182867273508,4,0.3333333333333333,0.3225803743451916,0.4166666666666667,0.6666666666666667,0.3811571400948062,0.5788745523195384,0.3333333333333333,0.0,13.158528437341516,20000014
EDF,4.775852503745483,7,0.5833333333333334,0.6402934704415915,0.6666666666666666,0.41666666666666663,0.6333346869639,0.5590464455892207,0.3958333333333333,0.0,21.1898654816586,20000015
EDF,-1.9794748408609735,5,0.4166666666666667,0.38991957505390845,0.5,0.5833333333333333,0.3955758282759927,0.5322992360612778,0.22916666666666666,0.0,14.40336378999432,20000016
EDF,-2.4717089490012993,5,0.4166666666666667,0.4822242784662905,0.4166666666666667,0.5833333333333333,0.39673589803540343,0.565683809559571,0.3125,0.0,13.927853763869544,20000017
EDF,-4.367396672500841,4,0.3333333333333333,0.37021668323574364,0.3333333333333333,0.6666666666666667,0.4690319188272752,0.6286913761345507,0.4583333333333333,0.0,14.082622953427244,20000018
EDF,10.975448315847915,10,0.8333333333333334,0.7396780880466102,0.8333333333333334,0.16666666666666663,0.6776384515195196,0.49207777216171783,0.22916666666666666,0.0,23.187777330742712,20000019
EDF,-1.8529975061724122,5,0.4166666666666667,0.41915906954344834,0.4166666666666667,0.5833333333333333,0.4493401237481464,0.5587476102191052,0.3333333333333333,0.0,14.779671476765984,20000020
EDF,8.856021752515778,9,0.75,0.7184121853642539,0.75,0.25,0.5622328249915116,0.4323007249841047,0.0625,0.0,20.568661055702233,20000021
EDF,-10.81558351478539,2,0.16666666666666666,0.23752505706580673,0.16666666666666666,0.8333333333333334,0.22225688796022766,0.6028346738130974,0.4583333333333333,0.0,7.401506702453195,20000022
EDF,0.2545220516709561,6,0.5,0.4733585102469664,0.5,0.5,0.46477877757598174,0.5576990699243147,0.3541666666666667,0.0,15.533605761092872,20000023
EDF,9.454216431106175,9,0.75,0.7185850339755308,0.75,0.25,0.6905428645226278,0.5003746944287095,0.22916666666666666,0.0,22.43120857021454,20000024
EDF,-5.420503533583553,4,0.3333333333333333,0.3239837220828751,0.3333333333333333,0.6666666666666667,0.36402851487985294,0.5991430090800335,0.4166666666666667,0.0,11.952628231060414,20000025
EDF,0.0845168025402323,6,0.5,0.49070610319293706,0.5,0.5,0.47505178610862747,0.549250738215931,0.3541666666666667,0.0,15.082947592624125,20000026
EDF,-3.1041548878324376,5,0.4166666666666667,0.2930756051336161,0.4166666666666667,0.5833333333333333,0.38631500564924176,0.5337454005571562,0.3333333333333333,0.0,12.650245294816832,20000027
EDF,3.285731630594905,7,0.5833333333333334,0.5300564240483335,0.5833333333333334,0.41666666666666663,0.5039991091200092,0.48589528981018854,0.20833333333333334,0.0,17.420692554227468,20000028
EDF,2.546850074279107,7,0.5833333333333334,0.489024430334291,0.5833333333333334,0.41666666666666663,0.4130146207577841,0.46623987544654,0.22916666666666666,0.0,15.163339549733442,20000029
EDF,-8.04613183379167,3,0.25,0.2629204131633358,0.25,0.75,0.2662221955653472,0.5999630681681603,0.4583333333333333,0.0,9.08915435921414,20000030
EDF,-0.4734851059818528,5,0.4166666666666667,0.3995114481816428,0.5,0.5833333333333333,0.4908696895992663,0.5265194744797751,0.22916666666666666,0.0,16.57067363673057,20000031
EDF,0.7295086179648864,6,0.5,0.46500341008192186,0.5,0.5,0.5225121797962402,0.5494155852096427,0.3125,0.0,16.11159483943092,20000032
EDF,3.1315267170076204,7,0.5833333333333334,0.464415447395059,0.6666666666666666,0.41666666666666663,0.5633384375016107,0.5583999859021578,0.22916666666666666,0.0,19.103190860387876,20000033
EDF,0.3349168853362521,6,0.5,0.46693895201391106,0.5,0.5,0.4147194459409613,0.5206776422050627,0.3125,0.0,14.825181428234396,20000034
EDF,-2.2554265737222345,5,0.4166666666666667,0.4380850915586342,0.4166666666666667,0.5833333333333333,0.4399896143718589,0.577603300543169,0.3541666666666667,0.0,14.857793406073986,20000035
EDF,10.131962069485397,10,0.8333333333333334,0.7194564760372266,0.8333333333333334,0.16666666666666663,0.5534375346525058,0.4212762599736682,0.0,0.0,20.47013533281757,20000036
EDF,-1.7368452182418666,5,0.4166666666666667,0.46111846725202466,0.4166666666666667,0.5833333333333333,0.4868576625976159,0.5999759280155882,0.3958333333333333,0.0,15.68540884549645,20000037
EDF,-4.539217484173806,4,0.3333333333333333,0.39121585529049907,0.3333333333333333,0.6666666666666667,0.407247349747973,0.5757557403156383,0.3958333333333333,0.0,13.290619832460605,20000038
EDF,-0.7876462810154967,5,0.4166666666666667,0.41098673337896524,0.5,0.5833333333333333,0.4701784362110157,0.5344756260988666,0.25,0.0,15.79921965345404,20000039
EDF,-6.524938967055173,3,0.25,0.2734551385291194,0.3333333333333333,0.75,0.3472040553663307,0.5812966066464575,0.3958333333333333,0.0,11.955140369767475,20000040
EDF,4.325504457066018,7,0.5833333333333334,0.5910678503048732,0.5833333333333334,0.41666666666666663,0.6013364653593322,0.5322909367761791,0.2708333333333333,0.0,19.380352217242798,20000041
EDF,2.877830961518105,7,0.5833333333333334,0.5212665863299756,0.5833333333333334,0.41666666666666663,0.5396353011507449,0.5412088243764559,0.22916666666666666,0.0,18.075405992005685,20000042
EDF,5.908360587691272,8,0.6666666666666666,0.6053808103802913,0.6666666666666666,0.33333333333333337,0.5089796297172862,0.4656488733279387,0.08333333333333333,0.0,18.13618909085053,20000043
EDF,-2.2898425256338872,5,0.4166666666666667,0.3788574609917122,0.4166666666666667,0.5833333333333333,0.42478177633887965,0.5585437106554179,0.3333333333333333,0.0,13.791703470082101,20000044
EDF,-3.0054618329698344,5,0.4166666666666667,0.349584382236779,0.4166666666666667,0.5833333333333333,0.3655887956457183,0.567653348205157,0.3541666666666667,0.0,13.265730381333565,20000045
EDF,-5.702095398913536,4,0.3333333333333333,0.3678407924871709,0.3333333333333333,0.6666666666666667,0.3643991425538267,0.6277549705535331,0.4583333333333333,0.0,12.392500689372781,20000046
EDF,8.575917234003121,9,0.75,0.697287197085811,0.75,0.25,0.5504979342821926,0.4292680006248975,0.0625,0.0,20.421499419532072,20000047
EDF,-1.7367892170091275,5,0.4166666666666667,0.4064294001126873,0.5,0.5833333333333333,0.40275978510332644,0.5447323680378995,0.20833333333333334,0.0,14.772797133117106,20000048
EDF,0.48379507369882435,6,0.5,0.45169668724591455,0.5,0.5,0.43742515696803713,0.5007436839994961,0.2916666666666667,0.0,14.728438147484788,20000049
EDF,-4.7127271923551515,4,0.3333333333333333,0.3953760375854308,0.3333333333333333,0.6666666666666667,0.3606757772613127,0.5656504816219187,0.4166666666666667,0.0,11.9877492045406,20000050
EDF,1.6613815966715955,6,0.5,0.5254779035997292,0.5833333333333334,0.5,0.5329762295371986,0.5540231017308734,0.20833333333333334,0.0,18.495334311491085,20000051
EDF,-0.12117458300232897,6,0.5,0.4550556710403909,0.5,0.5,0.47716609610072824,0.5753074153497227,0.3333333333333333,0.0,15.821807752186984,20000052
EDF,-2.2424467981302527,5,0.4166666666666667,0.3931878573510057,0.4166666666666667,0.5833333333333333,0.45476079062319846,0.558596162100235,0.375,0.0,14.55588307086877,20000053
EDF,1.37052825077396,6,0.5,0.483906870364904,0.5,0.5,0.519317099627578,0.5181368149852819,0.3125,0.0,17.50044217823655,20000054
EDF,0.2518439274328139,6,0.5,0.4266934555460394,0.5,0.5,0.5187228400044624,0.557990885772104,0.3125,0.0,16.406306587568587,20000055
EDF,2.9647498251674564,7,0.5833333333333334,0.44827676090919794,0.5833333333333334,0.41666666666666663,0.5082804978717074,0.4931082208772044,0.25,0.0,16.99614661655143,20000056
EDF,-8.101119711943166,3,0.25,0.295354397797862,0.25,0.75,0.326947878592888,0.6454762437914635,0.5,0.0,10.897168256504697,20000057
EDF,-0.018388531913631212,6,0.5,0.4043311939557171,0.5,0.5,0.41227937709963064,0.5052197277248789,0.2916666666666667,0.0,14.192712991925841,20000058
EDF,-5.297189159583601,4,0.3333333333333333,0.3028018237355075,0.3333333333333333,0.6666666666666667,0.39177122879684756,0.60389916158899,0.4375,0.0,13.066711250613023,20000059
EDF,4.140754106187102,7,0.5833333333333334,0.6037303233351194,0.5833333333333334,0.41666666666666663,0.5752228116635117,0.5261350241809262,0.2916666666666667,0.0,18.732470256800422,20000060
EDF,-2.83790212084915,5,0.4166666666666667,0.3907584638157365,0.4166666666666667,0.5833333333333333,0.3955838661966631,0.594214201028619,0.3958333333333333,0.0,13.884346863899692,20000061
EDF,1.4586080872900786,6,0.5,0.43937260349704593,0.5,0.5,0.5936819791821725,0.5654864880437348,0.375,0.0,18.422161913297117,20000062
EDF,-4.6508693701133685,4,0.3333333333333333,0.3235128437651688,0.3333333333333333,0.6666666666666667,0.36740348128986877,0.5588946499046544,0.3541666666666667,0.0,12.513275131324635,20000063
EDF,4.764951008545797,7,0.5833333333333334,0.5647414981037416,0.6666666666666666,0.41666666666666663,0.5747604780119756,0.4913892526468444,0.22916666666666666,0.0,19.30635632107081,20000064
EDF,-5.636105790576622,4,0.3333333333333333,0.2678665378271353,0.3333333333333333,0.6666666666666667,0.3802110765855609,0.590464038092529,0.4166666666666667,0.0,12.457410638464644,20000065
EDF,6.649692662501465,8,0.6666666666666666,0.619035167839742,0.6666666666666666,0.33333333333333337,0.6254710385210515,0.526277544919825,0.2916666666666667,0.0,20.094367283148845,20000066
EDF,3.6428402620222444,7,0.5833333333333334,0.6153514030825713,0.5833333333333334,0.41666666666666663,0.6139982711825192,0.5729157913710102,0.3125,0.0,19.606624226371437,20000067
EDF,-3.2494881289063784,4,0.3333333333333333,0.3287362744126909,0.4166666666666667,0.6666666666666667,0.42689925956200464,0.5452011163446838,0.3541666666666667,0.0,14.014744745217904,20000068
EDF,10.414948897955805,10,0.8333333333333334,0.7580147344064616,0.8333333333333334,0.16666666666666663,0.6940418538752869,0.5230918313189129,0.16666666666666666,0.0,23.075964666711155,20000069
EDF,2.128357104612257,6,0.5,0.5324435011193004,0.5,0.5,0.5800973819455939,0.5373670591342677,0.3333333333333333,0.0,18.458036167586016,20000070
EDF,-5.570735761032679,4,0.3333333333333333,0.2884164251742807,0.3333333333333333,0.6666666666666667,0.34475779865067163,0.5812101073389787,0.375,0.0,12.180311599823028,20000071
EDF,4.53123584790197,7,0.5833333333333334,0.4764841222816494,0.6666666666666666,0.41666666666666663,0.5045859837762617,0.4298343762237458,0.08333333333333333,0.0,17.506127414614372,20000072
EDF,-2.934242151163105,5,0.4166666666666667,0.32272690793275427,0.4166666666666667,0.5833333333333333,0.40841319695814,0.558712382686114,0.3541666666666667,0.0,13.55026160886867,20000073
EDF,2.754391919369435,7,0.5833333333333334,0.44631332935900836,0.5833333333333334,0.41666666666666663,0.43642990135116305,0.4838401545689288,0.16666666666666666,0.0,16.01469255170984,20000074
EDF,-3.1273301813358287,4,0.3333333333333333,0.3551216219570952,0.4166666666666667,0.6666666666666667,0.45137905690915175,0.565478670984504,0.3333333333333333,0.0,15.226696676161362,20000075
EDF,-8.341347915037703,3,0.25,0.29095120086711146,0.25,0.75,0.3087692551677566,0.6392716896125475,0.5,0.0,10.2261584061268,20000076
EDF,8.795707345117986,9,0.75,0.6744876574340876,0.75,0.25,0.6429367205714219,0.4844187532431537,0.20833333333333334,0.0,20.558404969074378,20000077
EDF,1.6518013770364428,6,0.5,0.47650243496937794,0.5833333333333334,0.5,0.4415721274047219,0.4762702634548719,0.14583333333333334,0.0,15.944134968740629,20000078
EDF,-1.6673190430177807,5,0.4166666666666667,0.4686768212580992,0.4166666666666667,0.5833333333333333,0.4173123530007444,0.547593422353407,0.3958333333333333,0.0,14.668386604825418,20000079
EDF,-1.4076313544945875,5,0.4166666666666667,0.5090067501547868,0.4166666666666667,0.5833333333333333,0.517946729696719,0.6228330321854552,0.4791666666666667,0.0,16.17646238847556,20000080
EDF,-11.181007260967844,2,0.16666666666666666,0.18911420783163227,0.16666666666666666,0.8333333333333334,0.26553350051505165,0.6415303798392064,0.5208333333333334,0.0,8.71865702252248,20000081
EDF,11.519915240378365,10,0.8333333333333334,0.7584094256891747,0.8333333333333334,0.16666666666666663,0.6602890646029376,0.44491579238680073,0.020833333333333332,0.0,23.861832342030592,20000082
EDF,-2.0822804595538007,5,0.4166666666666667,0.4408801509253338,0.4166666666666667,0.5833333333333333,0.451249212313017,0.5707867743742855,0.375,0.0,15.616094261455647,20000083
EDF,2.4417808600521798,7,0.5833333333333334,0.49022511123822704,0.5833333333333334,0.41666666666666663,0.43744107003571636,0.509208094855964,0.14583333333333334,0.0,16.27831089958897,20000084
EDF,-2.079191776904043,5,0.4166666666666667,0.38393538958882173,0.4166666666666667,0.5833333333333333,0.4534964893280853,0.5750627366304407,0.3541666666666667,0.0,14.635719540832486,20000085
EDF,-4.882190389712195,4,0.3333333333333333,0.3511845822164892,0.3333333333333333,0.6666666666666667,0.42405839931125416,0.6031788685892473,0.4375,0.0,13.119062816984181,20000086
EDF,1.673827382610337,6,0.5,0.5322006419700528,0.5,0.5,0.5285595461929495,0.5348935692190618,0.3125,0.0,17.384560322935535,20000087
EDF,1.914155451053634,6,0.5,0.5347627418807982,0.5,0.5,0.5648232654283406,0.5637125186591567,0.3541666666666667,0.0,18.746731608135402,20000088
EDF,-7.954001266622137,3,0.25,0.2696769499813777,0.25,0.75,0.2750496044167375,0.5642840355844431,0.3958333333333333,0.0,9.423288647237632,20000089
EDF,-2.6585092064194917,5,0.4166666666666667,0.41185246612115073,0.4166666666666667,0.5833333333333333,0.3799093935433266,0.5530687779217799,0.25,0.0,13.371593826182878,20000090
EDF,-0.1803021258793891,6,0.5,0.46739093126915626,0.5,0.5,0.44703295066244514,0.5567847707385077,0.3125,0.0,14.955976269274602,20000091
EDF,0.7906671114467398,6,0.5,0.39245506789042794,0.5,0.5,0.5020188746764148,0.5374651578702277,0.25,0.0,16.15484399796244,20000092
EDF,-1.924461883557084,5,0.4166666666666667,0.41437439084878314,0.4166666666666667,0.5833333333333333,0.33672902350526357,0.48178669314209516,0.10416666666666667,0.0,13.095871427554282,20000093
EDF,-0.9665171860356043,6,0.5,0.4279480700094597,0.5,0.5,0.3938260333556897,0.5485601606732943,0.2916666666666667,0.0,14.243915451788823,20000094
EDF,-2.2306231135835772,5,0.4166666666666667,0.3982146453259235,0.4166666666666667,0.5833333333333333,0.4318747310587587,0.5875261254463495,0.3958333333333333,0.0,13.769701688008912,20000095
EDF,-1.4208234904791917,5,0.4166666666666667,0.3933912891384672,0.5,0.5833333333333333,0.47236710117367836,0.5530207612717213,0.3125,0.0,15.890636491519716,20000096
EDF,-7.3402513298405925,3,0.25,0.2801199861933835,0.25,0.75,0.318040635435993,0.5761769194852706,0.3958333333333333,0.0,10.750721480457267,20000097
EDF,0.8025751378099539,6,0.5,0.44332269047138023,0.5,0.5,0.5411576760363898,0.5656651082179797,0.3125,0.0,17.155021358050906,20000098
EDF,6.948053700631091,8,0.6666666666666666,0.5097767051704207,0.6666666666666666,0.33333333333333337,0.5968113509217167,0.43145285948744605,0.125,0.0,19.772009714545423,20000099
EDF,1.3275050199739304,6,0.5,0.49500969670571,0.5833333333333334,0.5,0.551251431648212,0.5707216114797696,0.3125,0.0,17.460060651278518,20000100
EDF,1.8546941989355514,6,0.5,0.42665895146214405,0.5833333333333334,0.5,0.574584861181879,0.5487303600721098,0.3541666666666667,0.0,18.017659305724262,20000101
EDF,4.721545279376787,8,0.6666666666666666,0.5381455491890316,0.6666666666666666,0.33333333333333337,0.4648293092355449,0.48010604196067125,0.020833333333333332,0.0,17.462011934793885,20000102
EDF,-4.4550121308299655,4,0.3333333333333333,0.3869559911708966,0.3333333333333333,0.6666666666666667,0.36735607543853477,0.5577547237279364,0.3958333333333333,0.0,12.403973333302735,20000103
EDF,-4.267438028150242,4,0.3333333333333333,0.2376568959538857,0.3333333333333333,0.6666666666666667,0.40738981230999993,0.516517281994156,0.3125,0.0,14.700295391878681,20000104
EDF,0.11637429363388829,6,0.5,0.5718254748032422,0.5,0.5,0.4882227331674973,0.5726283466449399,0.3958333333333333,0.0,16.01020195414973,20000105
EDF,-4.481912086581145,4,0.3333333333333333,0.418887935670015,0.3333333333333333,0.6666666666666667,0.3627990446450704,0.5835999779173945,0.4375,0.0,12.46244568882694,20000106
EDF,-2.3422312165641546,5,0.4166666666666667,0.45692297587756836,0.4166666666666667,0.5833333333333333,0.42951486376090037,0.5684739788856163,0.3958333333333333,0.0,13.777287925878053,20000107
EDF,0.9030182671426896,6,0.5,0.5476606003603357,0.5833333333333334,0.5,0.5064292826780583,0.5571110692122001,0.3958333333333333,0.0,17.006689417501224,20000108
EDF,-4.927987649547559,4,0.3333333333333333,0.34472629521556103,0.3333333333333333,0.6666666666666667,0.3364510757265409,0.5830523117366767,0.375,0.0,11.76443089068764,20000109
EDF,-4.47014891603814,4,0.3333333333333333,0.3991747740184693,0.3333333333333333,0.6666666666666667,0.3925577227568015,0.5902332558795557,0.4166666666666667,0.0,13.175154313821954,20000110
EDF,1.0813836847645968,6,0.5,0.5136534163135729,0.5,0.5,0.4575000166942839,0.5233367273955314,0.3125,0.0,15.460632976952526,20000111
EDF,1.468183686536448,6,0.5,0.5186380757466937,0.5,0.5,0.5781015260230994,0.6028165815016441,0.3958333333333333,0.0,18.750706244429598,20000112
EDF,1.5800883989194134,6,0.5,0.48352073606940393,0.5833333333333334,0.5,0.4184582841206656,0.4620869825204459,0.0,0.0,16.777109880677724,20000113
EDF,-7.646591498889434,3,0.25,0.28928391889133387,0.25,0.75,0.2861843858930866,0.5820100728810349,0.3541666666666667,0.0,9.953814859456413,20000114
EDF,-3.159247679166035,4,0.3333333333333333,0.32202177433412926,0.5,0.6666666666666667,0.4801714386391582,0.5775070071670366,0.375,0.0,15.519557580192636,20000115
EDF,0.9174442795298261,6,0.5,0.5010980101471534,0.5,0.5,0.5082669229984782,0.5312851702319855,0.2708333333333333,0.0,16.8541241084325,20000116
EDF,-4.067727681827467,4,0.3333333333333333,0.4008077151808889,0.4166666666666667,0.6666666666666667,0.43090165569126926,0.5866137509532089,0.3541666666666667,0.0,14.639164047652493,20000117
EDF,0.6285274174562279,6,0.5,0.4457854058913751,0.5,0.5,0.45654936654420064,0.5221288112982214,0.22916666666666666,0.0,15.37401750326385,20000118
EDF,-0.4264254806001606,5,0.4166666666666667,0.4277701906437842,0.5,0.5833333333333333,0.487038614540758,0.5443437300349964,0.3333333333333333,0.0,16.393344142134808,20000119
EDF,1.418501318011257,6,0.5,0.50788176411267,0.5,0.5,0.562473739804927,0.567715065640259,0.3125,0.0,18.079569947420726,20000120
EDF,-8.65786680064944,3,0.25,0.2131620147211729,0.25,0.75,0.2734450235380456,0.6022898049992472,0.4375,0.0,9.162487741137207,20000121
EDF,-4.881880302659409,4,0.3333333333333333,0.35161962410080305,0.3333333333333333,0.6666666666666667,0.3321388350202858,0.5528468612671786,0.3541666666666667,0.0,11.740237203521787,20000122
EDF,-0.49172096799427245,5,0.4166666666666667,0.435980830246255,0.6666666666666666,0.5833333333333333,0.48191202294862734,0.5388481556375729,0.10416666666666667,0.0,17.2759416555387,20000123
EDF,-1.5685410013838197,5,0.4166666666666667,0.43825828812524126,0.5,0.5833333333333333,0.4692961382351708,0.5581903125343132,0.3333333333333333,0.0,15.41340178582624,20000124
EDF,2.9189517669116753,7,0.5833333333333334,0.5439417138558913,0.5833333333333334,0.41666666666666663,0.48972507320555164,0.5100631727471865,0.2916666666666667,0.0,16.4732702941852,20000125
EDF,-5.374801229015088,4,0.3333333333333333,0.35642552218480733,0.3333333333333333,0.6666666666666667,0.3375215071321229,0.5992018678007659,0.4375,0.0,11.889799629798643,20000126
EDF,-1.0845959284769886,5,0.4166666666666667,0.47543663991375745,0.4166666666666667,0.5833333333333333,0.4774090760680482,0.5625715644784074,0.375,0.0,16.12366091088395,20000127
EDF,-2.088184412967295,5,0.4166666666666667,0.41432302489955014,0.5,0.5833333333333333,0.3746461761788173,0.5283228072912898,0.0625,0.0,14.874932791760656,20000128
EDF,0.27519557496436287,6,0.5,0.526822372338183,0.5,0.5,0.4442715173731549,0.560907292122506,0.25,0.0,16.070481089866174,20000129
EDF,3.154980090740514,7,0.5833333333333334,0.5159271895956767,0.5833333333333334,0.41666666666666663,0.5343022987293465,0.5207326270022382,0.2708333333333333,0.0,17.269668758084084,20000130
EDF,0.8341192377813704,6,0.5,0.4086031442276091,0.5,0.5,0.49736573972837084,0.5325154558145364,0.3541666666666667,0.0,16.588140370767128,20000131
EDF,-1.4497209909028315,5,0.4166666666666667,0.3977213883998836,0.4166666666666667,0.5833333333333333,0.40662017856580474,0.5004103821598181,0.25,0.0,13.864835116742602,20000132
EDF,5.866659204264369,8,0.6666666666666666,0.6252038511651697,0.6666666666666666,0.33333333333333337,0.5003770508744921,0.4572240248798251,0.0625,0.0,18.35801637192756,20000133
EDF,-2.718753571077693,5,0.4166666666666667,0.3409979540696006,0.4166666666666667,0.5833333333333333,0.38295627834891693,0.5339744887723076,0.3541666666666667,0.0,13.691440914608572,20000134
EDF,6.953821214259063,8,0.6666666666666666,0.6251787214909135,0.75,0.33333333333333337,0.7154704731422484,0.5672805564957967,0.25,0.0,23.34019125184325,20000135
EDF,2.968019132055989,7,0.5833333333333334,0.48926574913774784,0.5833333333333334,0.41666666666666663,0.5284786404465635,0.5228475737132234,0.2916666666666667,0.0,17.15510987100673,20000136
EDF,5.947220416474724,8,0.6666666666666666,0.5362614586873642,0.6666666666666666,0.33333333333333337,0.5553764613050386,0.47511081523492354,0.1875,0.0,18.6724650602316,20000137
EDF,-8.412985421515467,3,0.25,0.24885570079437133,0.25,0.75,0.29418649862474594,0.605233752516524,0.4375,0.0,9.548546185722962,20000138
EDF,-2.0703732964781647,5,0.4166666666666667,0.39433831661366386,0.4166666666666667,0.5833333333333333,0.3501422430521088,0.5012815279897392,0.125,0.0,13.21323192197871,20000139
EDF,-3.33573605427572,4,0.3333333333333333,0.4157649067192968,0.4166666666666667,0.6666666666666667,0.3870409215462765,0.5093111772381504,0.25,0.0,13.64418454223767,20000140
EDF,-3.809680301102273,4,0.3333333333333333,0.3921079297196312,0.3333333333333333,0.6666666666666667,0.4347364245509175,0.5820639233247702,0.4375,0.0,14.198163455719582,20000141
EDF,-7.976992244443269,3,0.25,0.29088888364354765,0.25,0.75,0.30018385689493027,0.6002866628681366,0.4375,0.0,9.695619804726164,20000142
EDF,-3.7210979171337337,4,0.3333333333333333,0.31851301177468694,0.4166666666666667,0.6666666666666667,0.35877622694124583,0.5345060701541973,0.22916666666666666,0.0,12.842534142429583,20000143
EDF,3.4942239903491483,7,0.5833333333333334,0.598843015978493,0.5833333333333334,0.41666666666666663,0.5572909928790515,0.542355716127994,0.3125,0.0,18.653346537350508,20000144
EDF,2.772875623370682,7,0.5833333333333334,0.5355026951474451,0.5833333333333334,0.41666666666666663,0.5141959520539204,0.5361878771210163,0.3125,0.0,17.345736749724804,20000145
EDF,-1.3618580206222286,5,0.4166666666666667,0.36437754746264384,0.4166666666666667,0.5833333333333333,0.40122678853898047,0.4946467029060851,0.22916666666666666,0.0,13.899978153567323,20000146
EDF,-2.0904857525946277,5,0.4166666666666667,0.39605584004635774,0.4166666666666667,0.5833333333333333,0.36754227407138146,0.508373291094704,0.25,0.0,13.649305944854442,20000147
EDF,-2.1367817569299614,5,0.4166666666666667,0.39594904736178604,0.4166666666666667,0.5833333333333333,0.4017214310242405,0.5464509855054994,0.3125,0.0,14.38654662489869,20000148
EDF,7.263526441864574,8,0.6666666666666666,0.6617323157906522,0.75,0.33333333333333337,0.6990443574743376,0.5546082875418455,0.2916666666666667,0.0,22.443112580240275,20000149
EDF,-8.135550617196323,3,0.25,0.2615738635777991,0.25,0.75,0.2839245891408996,0.5784274824471235,0.4166666666666667,0.0,9.561879578562268,20000150
EDF,0.6883325925102128,6,0.5,0.48881625359340775,0.5,0.5,0.4750743857868461,0.5145278695725589,0.2708333333333333,0.0,16.090289798021054,20000151
EDF,-7.590656513343288,3,0.25,0.3050413200838762,0.25,0.75,0.34575443971401265,0.6142623108515014,0.4375,0.0,11.758332626220701,20000152
EDF,-1.161297879041248,5,0.4166666666666667,0.4419542859556526,0.4166666666666667,0.5833333333333333,0.473478728150579,0.5334754017300473,0.3541666666666667,0.0,15.357821051541364,20000153
EDF,6.450956805908764,8,0.6666666666666666,0.6624821144706485,0.6666666666666666,0.33333333333333337,0.6290782037595564,0.52640516355457,0.2708333333333333,0.0,20.358120918666177,20000154
EDF,-5.0984007887222536,4,0.3333333333333333,0.3495535838613373,0.3333333333333333,0.6666666666666667,0.3170587929419972,0.5557558860093904,0.3958333333333333,0.0,10.539612769514273,20000155
EDF,-5.52258749277049,4,0.3333333333333333,0.3426070159534154,0.3333333333333333,0.6666666666666667,0.3766603506958939,0.610396686521052,0.4375,0.0,11.9785453617154,20000156
EDF,-0.032331225431374344,6,0.5,0.4645839011915167,0.5,0.5,0.4672201565318533,0.5615957045152952,0.3958333333333333,0.0,15.663972049902931,20000157
EDF,-0.9796496806219231,5,0.4166666666666667,0.4302871127178123,0.5,0.5833333333333333,0.48799098950307457,0.5596188079607798,0.3541666666666667,0.0,16.050933595262077,20000158
EDF,-7.884716037112393,3,0.25,0.30986803096230037,0.25,0.75,0.30569273752818454,0.6173211980360521,0.4791666666666667,0.0,10.66973481638863,20000159
EDF,1.9573507204969338,6,0.5,0.4982764478679884,0.5833333333333334,0.5,0.5181439440757748,0.5114698647731779,0.25,0.0,18.28207656737408,20000160
EDF,-1.2410493519296335,5,0.4166666666666667,0.4731353079950529,0.5,0.5833333333333333,0.4343399288701491,0.5318985437204122,0.125,0.0,15.432401298123633,20000161
EDF,-4.923372474383638,4,0.3333333333333333,0.3168043855779764,0.3333333333333333,0.6666666666666667,0.3418566119653028,0.5591321710006649,0.3541666666666667,0.0,11.57069679997529,20000162
EDF,0.7421907515291997,6,0.5,0.4699843578129332,0.5,0.5,0.44200637275980975,0.5146618866717915,0.22916666666666666,0.0,15.993609891281967,20000163
EDF,-0.7085350299467978,5,0.4166666666666667,0.4078324902974024,0.5,0.5833333333333333,0.46763655953367733,0.5509602887250011,0.3541666666666667,0.0,16.134650817470504,20000164
EDF,5.6144494516425185,8,0.6666666666666666,0.5763099237816818,0.6666666666666666,0.33333333333333337,0.6017788404313169,0.5086408302069371,0.2708333333333333,0.0,18.80209242629814,20000165
EDF,1.2696240163683559,6,0.5,0.5000124981837331,0.5833333333333334,0.5,0.5718377832904581,0.5841304688772891,0.3541666666666667,0.0,18.93889878793384,20000166
EDF,3.0028152871057454,7,0.5833333333333334,0.535769553812413,0.5833333333333334,0.41666666666666663,0.46715680970064205,0.4825319336055696,0.22916666666666666,0.0,16.630496218751528,20000167
EDF,-7.8637568657779084,3,0.25,0.2237277394237343,0.25,0.75,0.3138555583611504,0.5775586751702982,0.3958333333333333,0.0,10.921984018044736,20000168
EDF,2.9435328664296585,7,0.5833333333333334,0.546352132471355,0.5833333333333334,0.41666666666666663,0.5238630776850773,0.5369474618435317,0.3541666666666667,0.0,17.959629187310398,20000169
EDF,-4.336413690774003,4,0.3333333333333333,0.3701986977888436,0.3333333333333333,0.6666666666666667,0.38051353234026264,0.5660177044375915,0.375,0.0,12.360993451477094,20000170
EDF,5.558603157023117,8,0.6666666666666666,0.6680800463016316,0.6666666666666666,0.33333333333333337,0.5444608213517598,0.520927992373687,0.10416666666666667,0.0,19.767840812864858,20000171
EDF,5.279091502092087,8,0.6666666666666666,0.6824210678031337,0.6666666666666666,0.33333333333333337,0.5783119391011221,0.5537125995287027,0.3125,0.0,19.389499534937947,20000172
EDF,6.189071966969204,8,0.6666666666666666,0.5853555406083368,0.6666666666666666,0.33333333333333337,0.5708043678761543,0.5046582084372383,0.1875,0.0,19.68564027821525,20000173
EDF,5.940443636859282,8,0.6666666666666666,0.6250828283738441,0.6666666666666666,0.33333333333333337,0.5928502355419725,0.529507678653684,0.3333333333333333,0.0,20.27052771019023,20000174
EDF,-4.458948168761138,4,0.3333333333333333,0.32547055728845614,0.4166666666666667,0.6666666666666667,0.3239165846832744,0.5292680869597348,0.20833333333333334,0.0,11.940142435030479,20000175
EDF,-1.5988506676657417,5,0.4166666666666667,0.3372674028308605,0.5,0.5833333333333333,0.43981416323847994,0.5266457402814866,0.3125,0.0,14.182442021765322,20000176
EDF,6.595828623909695,8,0.6666666666666666,0.644339095692721,0.6666666666666666,0.33333333333333337,0.5933478595526595,0.5000083699322249,0.1875,0.0,20.352798397998498,20000177
EDF,3.717697940686863,7,0.5833333333333334,0.5480549649498815,0.5833333333333334,0.41666666666666663,0.5746732597924668,0.539347024056648,0.3333333333333333,0.0,19.668682939259934,20000178
EDF,-1.3241553910644521,5,0.4166666666666667,0.4088707184579637,0.4166666666666667,0.5833333333333333,0.479843640477517,0.5444356089273813,0.3333333333333333,0.0,15.555523777103907,20000179
EDF,-0.814794949901899,5,0.4166666666666667,0.3784245859600821,0.5,0.5833333333333333,0.4532169982378644,0.5282097685338248,0.2916666666666667,0.0,15.59899994235369,20000180
EDF,-4.882165160801378,4,0.3333333333333333,0.45035968442345187,0.3333333333333333,0.6666666666666667,0.39573761640516364,0.5971022008003543,0.4166666666666667,0.0,12.571479240718539,20000181
EDF,-1.7877056401631135,5,0.4166666666666667,0.40608245758343947,0.4166666666666667,0.5833333333333333,0.46869293526452255,0.572274738861764,0.4166666666666667,0.0,16.0499913730884,20000182
EDF,-3.8164268044715217,4,0.3333333333333333,0.30179786064726005,0.4166666666666667,0.6666666666666667,0.3528869817724205,0.5237013179439645,0.14583333333333334,0.0,12.712095467795844,20000183
EDF,-4.566468247371548,4,0.3333333333333333,0.38865407088348813,0.3333333333333333,0.6666666666666667,0.35054928073105973,0.5532170717968888,0.3125,0.0,12.446478064844623,20000184
EDF,0.793493809639946,6,0.5,0.5159837255136385,0.5,0.5,0.4677704030910877,0.5375371688635023,0.3125,0.0,15.384868584261246,20000185
EDF,3.631245994909548,7,0.5833333333333334,0.47983321772451304,0.5833333333333334,0.41666666666666663,0.4711654327908586,0.4463172294482729,0.1875,0.0,16.177996131428248,20000186
EDF,-4.891965835121976,4,0.3333333333333333,0.33963432627887197,0.3333333333333333,0.6666666666666667,0.397422990956155,0.6053172106307653,0.4166666666666667,0.0,13.055431735384778,20000187
EDF,6.3909898158685365,8,0.6666666666666666,0.6032567965635902,0.75,0.33333333333333337,0.6205185179843652,0.5311610176714224,0.16666666666666666,0.0,21.116236855410815,20000188
EDF,-5.763064093835624,4,0.3333333333333333,0.3062738617362002,0.3333333333333333,0.6666666666666667,0.31088679396094093,0.5739756837057501,0.3958333333333333,0.0,11.020738424354185,20000189
EDF,4.063429941987915,7,0.5833333333333334,0.5169600136526119,0.6666666666666666,0.41666666666666663,0.6096098002975853,0.5330158792518097,0.2708333333333333,0.0,18.845100956587917,20000190
EDF,14.781556910951279,12,1.0,1.0,1.0,0.0,0.6551087815017745,0.4044003670860496,0.0,0.0625,22.642499141465983,20000191
EDF,-1.350052377370583,5,0.4166666666666667,0.475148022234256,0.5,0.5833333333333333,0.49808301684164985,0.5900106391729907,0.3958333333333333,0.0,15.563529789052458,20000192
EDF,0.36063058072877496,5,0.4166666666666667,0.45645761281511943,0.5,0.5833333333333333,0.5924007666823016,0.5637052866997982,0.4166666666666667,0.0,19.240105105603558,20000193
EDF,-1.9101223351461396,5,0.4166666666666667,0.4528922940537069,0.4166666666666667,0.5833333333333333,0.4809264088660974,0.6031716723645126,0.4166666666666667,0.0,15.813240387296918,20000194
EDF,3.250306678409049,7,0.5833333333333334,0.46902024478739396,0.6666666666666666,0.41666666666666663,0.5130489295366468,0.5264999028751062,0.125,0.0,18.1730164799325,20000195
EDF,1.3444955352056236,6,0.5,0.4930508950170575,0.5,0.5,0.5445911385984943,0.5427733381306433,0.3125,0.0,17.79611187037066,20000196
EDF,-1.6781200731043235,5,0.4166666666666667,0.4059199135897737,0.4166666666666667,0.5833333333333333,0.43385021583941236,0.5446730662564896,0.375,0.0,14.644669591349205,20000197
EDF,-1.6894563918102388,5,0.4166666666666667,0.42224034142161754,0.4166666666666667,0.5833333333333333,0.4168129224507647,0.532373959859238,0.25,0.0,14.944885789516285,20000198
EDF,-5.570770310515456,4,0.3333333333333333,0.2753865786973725,0.3333333333333333,0.6666666666666667,0.36780591966962417,0.5849606271984228,0.4375,0.0,11.589114544411112,20000199
EDF,1.00140168262554,6,0.5,0.4998318218804246,0.5,0.5,0.5235278246943261,0.5627464211891321,0.3333333333333333,0.0,16.69145244803595,20000200
EDF,-1.7846509109508848,5,0.4166666666666667,0.319486203976639,0.4166666666666667,0.5833333333333333,0.3979025617412098,0.5048805490530398,0.3125,0.0,13.953229048565142,20000201
EDF,-4.621357456492216,4,0.3333333333333333,0.3384529144266729,0.4166666666666667,0.6666666666666667,0.42425048852486075,0.6042751122213901,0.375,0.0,13.42538320367976,20000202
EDF,-2.2087772526053504,5,0.4166666666666667,0.4892216404954235,0.4166666666666667,0.5833333333333333,0.44542979002623473,0.5755749307970522,0.4375,0.0,14.978724883804338,20000203
EDF,0.045710267705274754,6,0.5,0.36053310041315656,0.5,0.5,0.3810471729610824,0.48883620979593423,0.25,0.0,14.027964929944561,20000204
EDF,6.289581329237327,8,0.6666666666666666,0.6787707106531258,0.6666666666666666,0.33333333333333337,0.5593323080353306,0.48819342615072014,0.25,0.0,19.00974089506385,20000205
EDF,-10.326392775519592,2,0.16666666666666666,0.22078657664582896,0.16666666666666666,0.8333333333333334,0.3034417902302455,0.6300739428629184,0.5,0.0,9.984223666938176,20000206
EDF,-4.960520093131065,4,0.3333333333333333,0.2997925428748298,0.3333333333333333,0.6666666666666667,0.3436426324921473,0.5564143491886796,0.3333333333333333,0.0,11.560021319439642,20000207
EDF,-1.0255050027495802,5,0.4166666666666667,0.4356164722208905,0.4166666666666667,0.5833333333333333,0.4626497035897403,0.5398587536944606,0.3333333333333333,0.0,15.600943419199307,20000208
EDF,-0.36160923892672514,5,0.4166666666666667,0.3670402709944031,0.5,0.5833333333333333,0.4991916133428243,0.5209586049157248,0.3541666666666667,0.0,15.905533458663927,20000209
EDF,12.141824993135568,10,0.8333333333333334,0.7594177971228545,0.8333333333333334,0.16666666666666663,0.7220720086291168,0.4342530497147374,0.16666666666666666,0.0,23.568627070259144,20000210
EDF,-5.396806222858547,4,0.3333333333333333,0.3395401890315364,0.3333333333333333,0.6666666666666667,0.3097596240660685,0.5527815422833384,0.3541666666666667,0.0,11.021399781781025,20000211
EDF,-1.142351232971341,5,0.4166666666666667,0.5232432881642274,0.4166666666666667,0.5833333333333333,0.44537574019043485,0.5291914524565399,0.2708333333333333,0.0,15.38488587477702,20000212
EDF,10.758493658927664,10,0.8333333333333334,0.7255036175628686,0.8333333333333334,0.16666666666666663,0.6403210834922398,0.4870018562653986,0.08333333333333333,0.0,22.54009826029238,20000213
EDF,-5.295396966928516,4,0.3333333333333333,0.2868481091023813,0.3333333333333333,0.6666666666666667,0.3497104112980505,0.5649906733653841,0.3541666666666667,0.0,12.054172967775907,20000214
EDF,3.7826566624110565,7,0.5833333333333334,0.5690566997434044,0.5833333333333334,0.41666666666666663,0.6242611770903832,0.584368876191804,0.3541666666666667,0.0,20.283894848485982,20000215
EDF,-5.752829508587839,4,0.3333333333333333,0.32790952256062333,0.3333333333333333,0.6666666666666667,0.31918913812121374,0.5747399607007826,0.4375,0.0,11.394261815391655,20000216
EDF,11.701754056369507,10,0.8333333333333334,0.7466153244720782,0.8333333333333334,0.16666666666666663,0.7180011736176232,0.46254946529181956,0.08333333333333333,0.0,24.08717857153143,20000217
EDF,-0.3472663455136557,6,0.5,0.4298102898052446,0.5,0.5,0.42888218048009646,0.5261492258655255,0.22916666666666666,0.0,15.059966294813572,20000218
EDF,-8.425868699303052,3,0.25,0.27843758244761646,0.25,0.75,0.3177933389142824,0.6158825856806767,0.4583333333333333,0.0,10.276927414502715,20000219
EDF,-0.6938795425737638,5,0.4166666666666667,0.396962271889616,0.5,0.5833333333333333,0.37810813895599127,0.4592250662259038,0.10416666666666667,0.0,13.792652522805437,20000220
EDF,9.449091634909173,9,0.75,0.7393744184767675,0.75,0.25,0.6558831518327635,0.4754816706338236,0.20833333333333334,0.0,20.954653633710144,20000221
EDF,5.247349014117335,8,0.6666666666666666,0.5219207567960442,0.6666666666666666,0.33333333333333337,0.5395853434925066,0.49401550527745997,0.16666666666666666,0.0,19.127355481596776,20000222
EDF,2.5211406981220996,7,0.5833333333333334,0.49087772032899074,0.5833333333333334,0.41666666666666663,0.5419287347345683,0.5428289854778632,0.2708333333333333,0.0,17.409018258795477,20000223
EDF,-3.5306595609022233,4,0.3333333333333333,0.30124931014543566,0.4166666666666667,0.6666666666666667,0.42481759298049965,0.5387019756828638,0.375,0.0,13.718259763426612,20000224
EDF,0.6513168555952289,6,0.5,0.42976581566415495,0.5833333333333334,0.5,0.5377662865376894,0.5633384631426681,0.3333333333333333,0.0,16.9039239415983,20000225
EDF,1.686570765085163,6,0.5,0.49362362057763437,0.5,0.5,0.5284650713905973,0.5317262483790114,0.3333333333333333,0.0,17.49884058790916,20000226
EDF,-4.97075103884775,3,0.25,0.3713034259098195,0.4166666666666667,0.75,0.4600392005346887,0.5751299855860738,0.4375,0.0,15.356797648746802,20000227
EDF,2.9725755226538513,7,0.5833333333333334,0.5458094243403838,0.5833333333333334,0.41666666666666663,0.5307169858836751,0.5325468489079221,0.2916666666666667,0.0,17.686540098835454,20000228
EDF,1.6188056013513086,5,0.4166666666666667,0.4299185312520539,0.5833333333333334,0.5833333333333333,0.6205465334270662,0.52708103743495,0.2708333333333333,0.0,20.78387718146228,20000229
EDF,4.68451500895256,7,0.5833333333333334,0.47269354173202477,0.6666666666666666,0.41666666666666663,0.5798589824752167,0.4855294627440518,0.22916666666666666,0.0,19.18354667033098,20000230
EDF,0.22354550034383136,6,0.5,0.525081530241603,0.5,0.5,0.5140890462754285,0.58793716466456,0.3541666666666667,0.0,16.530127974098097,20000231
EDF,-7.683713118586807,3,0.25,0.2617256997112918,0.25,0.75,0.287155587370257,0.5746542646673618,0.3958333333333333,0.0,9.852569222613294,20000232
EDF,0.5975357077563026,6,0.5,0.42279616639644646,0.5,0.5,0.4116059192502484,0.4957362349763072,0.20833333333333334,0.0,15.07220542565116,20000233
EDF,-4.479237714672461,4,0.3333333333333333,0.28190054908099693,0.3333333333333333,0.6666666666666667,0.30633063193509585,0.5032063931354578,0.22916666666666666,0.0,11.27370437305541,20000234
EDF,-2.9911387208124824,5,0.4166666666666667,0.3703270987533061,0.4166666666666667,0.5833333333333333,0.3287775718615567,0.5142673647444694,0.25,0.0,12.143677838688443,20000235
EDF,9.10362926971625,9,0.75,0.7268915611215374,0.75,0.25,0.6717174728956795,0.5047974064384295,0.22916666666666666,0.0,22.46397841075441,20000236
EDF,1.769796499635487,6,0.5,0.4555535125379535,0.5,0.5,0.5669016006772774,0.5524576930559161,0.375,0.0,18.243220644383417,20000237
EDF,1.2996950503412759,6,0.5,0.47290669405429053,0.5,0.5,0.5317298684696756,0.5430305840431107,0.3125,0.0,17.18329431090704,20000238
EDF,-1.2610046776963832,5,0.4166666666666667,0.5005916506569627,0.4166666666666667,0.5833333333333333,0.4998152809687271,0.6063791529481753,0.4375,0.0,16.66097018954556,20000239
EDF,-2.2238962351054146,5,0.4166666666666667,0.3948374225788121,0.4166666666666667,0.5833333333333333,0.45339748587508,0.5866419785515833,0.375,0.0,14.196191996997227,20000240
EDF,-7.464129760292115,3,0.25,0.30860886291167966,0.25,0.75,0.3824457557591769,0.6298762341093846,0.4791666666666667,0.0,11.770100403943106,20000241
EDF,6.192453913645183,8,0.6666666666666666,0.7363790203115372,0.75,0.33333333333333337,0.5822590086926617,0.49525463867958,0.0625,0.0,19.857819411258617,20000242
EDF,-4.7307330540013055,4,0.3333333333333333,0.30272535453359584,0.3333333333333333,0.6666666666666667,0.3678382460088237,0.5611459623321472,0.375,0.0,12.75397720427323,20000243
EDF,2.6621997519673393,6,0.5,0.5448430389922366,0.5833333333333334,0.5,0.5789100634416259,0.5254809308917181,0.2916666666666667,0.0,19.65892077286737,20000244
EDF,1.193010615882749,6,0.5,0.5201578077540587,0.5,0.5,0.5013338411822564,0.5478572876807426,0.3541666666666667,0.0,16.82524401558859,20000245
EDF,4.392308058868686,7,0.5833333333333334,0.5860963272628684,0.6666666666666666,0.41666666666666663,0.5935508782338647,0.5287011813687159,0.25,0.0,19.880808582294588,20000246
EDF,-1.8601013566609388,5,0.4166666666666667,0.42939996188443424,0.4166666666666667,0.5833333333333333,0.4707543719354528,0.5683755914440677,0.4166666666666667,0.0,14.84320350502271,20000247
EDF,14.255421829519909,11,0.9166666666666666,0.9156848060827795,0.9166666666666666,0.08333333333333337,0.769235605303901,0.46064168116751425,0.0625,0.0,26.020760558733706,20000248
EDF,1.391306900770633,6,0.5,0.4926503380650501,0.5833333333333334,0.5,0.5518926276484176,0.5767841304115766,0.4166666666666667,0.0,18.049980580049134,20000249
EDF,2.996581009029631,7,0.5833333333333334,0.593194920753209,0.5833333333333334,0.41666666666666663,0.523325796637622,0.5396315611741543,0.22916666666666666,0.0,17.951386773388183,20000250
EDF,3.516623438134258,7,0.5833333333333334,0.4478344483533856,0.5833333333333334,0.41666666666666663,0.5332086965174716,0.47833850549317697,0.25,0.0,17.56502525291004,20000251
EDF,3.8890395954856065,7,0.5833333333333334,0.5665351201557793,0.6666666666666666,0.41666666666666663,0.5369646702020875,0.5117981616559514,0.14583333333333334,0.0,18.76275454320894,20000252
EDF,-0.987173196811125,5,0.4166666666666667,0.36943166143818407,0.4166666666666667,0.5833333333333333,0.4369598347763301,0.499724151603067,0.22916666666666666,0.0,14.577090857352866,20000253
EDF,-4.007239813045647,4,0.3333333333333333,0.397007991985038,0.4166666666666667,0.6666666666666667,0.48952657294166535,0.6331479058563058,0.4791666666666667,0.0,14.79116737862791,20000254
EDF,-1.572602053383664,5,0.4166666666666667,0.35833882193714667,0.5,0.5833333333333333,0.4504283750963108,0.5606579755729454,0.2916666666666667,0.0,15.875998108493306,20000255
EDF,-1.3463406981342707,5,0.4166666666666667,0.3582698521430529,0.4166666666666667,0.5833333333333333,0.47916907659138724,0.5393073512770256,0.3333333333333333,0.0,15.14984507488944,20000256
EDF,-2.3720196680313963,5,0.4166666666666667,0.35840040634449766,0.4166666666666667,0.5833333333333333,0.39050076735685674,0.5249023272740665,0.2708333333333333,0.0,13.447855386492162,20000257
EDF,-3.313454528865413,5,0.4166666666666667,0.38294553857379776,0.4166666666666667,0.5833333333333333,0.3548035346429512,0.5622196539328809,0.2916666666666667,0.0,12.156923046015777,20000258
EDF,-5.318730421014038,4,0.3333333333333333,0.3934747111668443,0.3333333333333333,0.6666666666666667,0.37164160144837166,0.6068892911876703,0.4166666666666667,0.0,12.134112909194423,20000259
EDF,-3.763012598672445,4,0.3333333333333333,0.3129690886592934,0.4166666666666667,0.6666666666666667,0.43158512105230823,0.5705804362670496,0.3541666666666667,0.0,13.615861583830712,20000260
EDF,-7.412416097962703,3,0.25,0.32115569375600067,0.25,0.75,0.43356933748041043,0.6734105738748603,0.5625,0.0,12.55276671758228,20000261
EDF,-4.296100637015716,4,0.3333333333333333,0.3328160647089589,0.4166666666666667,0.6666666666666667,0.4588663663433649,0.6080860046377913,0.4375,0.0,13.942730722671786,20000262
EDF,6.1864094830200385,8,0.6666666666666666,0.6705428816842274,0.6666666666666666,0.33333333333333337,0.5021261599055117,0.4494588847723189,0.125,0.0,18.4118447620565,20000263
EDF,-4.840313795598703,4,0.3333333333333333,0.41305519823991493,0.3333333333333333,0.6666666666666667,0.39357074695280825,0.6152006003166915,0.4166666666666667,0.0,12.54167899096444,20000264
EDF,-1.9987799516869018,5,0.4166666666666667,0.40455322529932203,0.4166666666666667,0.5833333333333333,0.3798834402862277,0.4913129723566816,0.22916666666666666,0.0,14.83176861680334,20000265
EDF,8.007966052092069,9,0.75,0.6012676963231065,0.75,0.25,0.6057648915474805,0.473535843829068,0.20833333333333334,0.0,19.0242000411269,20000266
EDF,-9.608571789293126,2,0.16666666666666666,0.19673942749255252,0.25,0.8333333333333334,0.3254172204694312,0.6224992470461839,0.5,0.0,10.535001505638316,20000267
EDF,-8.206635491754284,3,0.25,0.25366472812440627,0.25,0.75,0.3207103697972691,0.6118807486590151,0.4583333333333333,0.0,10.90241998804414,20000268
EDF,4.699888413954989,7,0.5833333333333334,0.5628199842249796,0.5833333333333334,0.41666666666666663,0.6154141217447381,0.5238618163876071,0.3125,0.0,20.094929532841,20000269
EDF,-1.587040357615812,5,0.4166666666666667,0.4469349066451797,0.4166666666666667,0.5833333333333333,0.4148389734572495,0.5265333912466744,0.3333333333333333,0.0,14.758636313491785,20000270
EDF,5.001256205797992,7,0.5833333333333334,0.5901312097669127,0.6666666666666666,0.41666666666666663,0.6024714994372322,0.5107726108010128,0.22916666666666666,0.0,19.672731067717276,20000271
EDF,0.9917607279174812,6,0.5,0.4825296982099085,0.5,0.5,0.41413205130255576,0.47498454921133143,0.08333333333333333,0.0,15.519368730666363,20000272
EDF,8.7116831222811,9,0.75,0.586867309155765,0.75,0.25,0.6431491086633941,0.47067711030835585,0.16666666666666666,0.0,22.165569168871695,20000273
EDF,-2.327404166009683,5,0.4166666666666667,0.39210553663075487,0.4166666666666667,0.5833333333333333,0.4546874969459713,0.5729073148334063,0.3958333333333333,0.0,14.376373250429697,20000274
EDF,-1.9919284732653801,5,0.4166666666666667,0.3545614146763618,0.5,0.5833333333333333,0.4403998090702778,0.5435780799898047,0.3541666666666667,0.0,14.127847370169993,20000275
EDF,-2.048862639327055,5,0.4166666666666667,0.334333423395904,0.4166666666666667,0.5833333333333333,0.4045305762233807,0.5230986036536683,0.3125,0.0,13.941343240726795,20000276
EDF,-3.2851653184343252,5,0.4166666666666667,0.35571981131138797,0.4166666666666667,0.5833333333333333,0.37272576506016253,0.5741693853207971,0.3958333333333333,0.0,13.129178247519413,20000277
EDF,-8.579550028556742,3,0.25,0.29506812521986575,0.25,0.75,0.27442499083841615,0.6224971727997746,0.5,0.0,8.916923107766113,20000278
EDF,-2.489979537701087,5,0.4166666666666667,0.38093112965684284,0.4166666666666667,0.5833333333333333,0.3647968564576993,0.5305411969059389,0.22916666666666666,0.0,13.966594476949226,20000279
EDF,3.4716175848880506,7,0.5833333333333334,0.6674877317589362,0.6666666666666666,0.41666666666666663,0.4909467796656493,0.5037231126191738,0.125,0.0,18.253519046371498,20000280
EDF,-2.4687648914053257,5,0.4166666666666667,0.49772764794056507,0.4166666666666667,0.5833333333333333,0.41393030721815743,0.581107982405909,0.3125,0.0,14.374490952014897,20000281
EDF,0.5708867213668345,6,0.5,0.4897799749786871,0.5,0.5,0.4919405483728969,0.5649225383867832,0.375,0.0,16.2720244654343,20000282
EDF,4.530056816373942,8,0.6666666666666666,0.5699052027642557,0.6666666666666666,0.33333333333333337,0.49389922281538157,0.5038521723963932,0.1875,0.0,17.794664321753807,20000283
EDF,-4.748518250985599,4,0.3333333333333333,0.3502728408140182,0.3333333333333333,0.6666666666666667,0.359036946343316,0.5642968453988325,0.3333333333333333,0.0,12.364636879840734,20000284
EDF,-5.529368230759811,4,0.3333333333333333,0.3124949280086582,0.3333333333333333,0.6666666666666667,0.26926024119994824,0.5381553455775127,0.3541666666666667,0.0,10.176956071647997,20000285
EDF,-4.929782575680079,4,0.3333333333333333,0.29356501690314285,0.3333333333333333,0.6666666666666667,0.37671489458593266,0.5825721720472239,0.4166666666666667,0.0,11.697761602774559,20000286
EDF,6.572940679389395,8,0.6666666666666666,0.7347127548875763,0.75,0.33333333333333337,0.5623043769421829,0.48141111478823007,0.16666666666666666,0.0,20.644086825028122,20000287
EDF,-0.6232816224442599,5,0.4166666666666667,0.4532589751982898,0.5,0.5833333333333333,0.4551022672151524,0.5145213753435024,0.25,0.0,15.130730335441102,20000288
EDF,2.9305554804102814,7,0.5833333333333334,0.5795159259345719,0.5833333333333334,0.41666666666666663,0.4479745119589502,0.4917919013659231,0.1875,0.0,16.572377108526656,20000289
EDF,-4.567161618207131,4,0.3333333333333333,0.32015816649968126,0.3333333333333333,0.6666666666666667,0.3922607098474629,0.5662483505074921,0.4166666666666667,0.0,13.590133745744003,20000290
EDF,5.627006001016891,8,0.6666666666666666,0.6866625005960114,0.6666666666666666,0.33333333333333337,0.5557224488185939,0.5135969748658303,0.125,0.0,19.905100141282905,20000291
EDF,-5.5520718028248375,4,0.3333333333333333,0.31641788084315625,0.3333333333333333,0.6666666666666667,0.33852084975047353,0.5839642431086177,0.375,0.0,10.982380393391995,20000292
EDF,-3.175019387243969,5,0.4166666666666667,0.2952551922697472,0.4166666666666667,0.5833333333333333,0.3953065080703578,0.5465341201550572,0.375,0.0,13.363297288577224,20000293
EDF,-3.909697600713848,4,0.3333333333333333,0.42264213662330885,0.3333333333333333,0.6666666666666667,0.4361575932339636,0.6033214423226152,0.4791666666666667,0.0,14.730689198883564,20000294
EDF,-4.847334999219184,4,0.3333333333333333,0.3931700982707552,0.3333333333333333,0.6666666666666667,0.34435145262757166,0.5707703965829808,0.3958333333333333,0.0,11.84157611373535,20000295
EDF,1.3668188094486373,6,0.5,0.5271326594861834,0.5,0.5,0.5456609518233632,0.5761322794059545,0.3958333333333333,0.0,18.025399655478775,20000296
EDF,1.506538029042701,7,0.5833333333333334,0.46353261854810135,0.5833333333333334,0.41666666666666663,0.4112669657618548,0.5177818124384777,0.20833333333333334,0.0,15.379787318150122,20000297
EDF,-5.528338587473512,4,0.3333333333333333,0.3052580733071553,0.3333333333333333,0.6666666666666667,0.34607841059602856,0.5765793665236477,0.375,0.0,12.041818662715363,20000298
EDF,-0.3560693550200533,6,0.5,0.4164040607078489,0.5,0.5,0.4267282066250697,0.5133097184336393,0.2708333333333333,0.0,14.627882134773373,20000299
EDF,-1.0891208027769381,5,0.4166666666666667,0.48498237587503823,0.4166666666666667,0.5833333333333333,0.5069147092488238,0.5985079646652552,0.4375,0.0,15.90243385075099,20000300
EDF,5.034539143042208,8,0.6666666666666666,0.6470455377911905,0.6666666666666666,0.33333333333333337,0.563846507168687,0.5423199921951646,0.20833333333333334,0.0,19.685719324569266,20000301
EDF,-4.607517939034194,4,0.3333333333333333,0.31587551592574287,0.3333333333333333,0.6666666666666667,0.3585592289600284,0.5596629909001519,0.375,0.0,12.919335891675718,20000302
EDF,0.6042624745650083,6,0.5,0.5336822293650523,0.5,0.5,0.45318678871511836,0.5368070155154122,0.2708333333333333,0.0,15.387458466152081,20000303
EDF,13.503000979580207,11,0.9166666666666666,0.8918879750027561,0.9166666666666666,0.08333333333333337,0.7002645788568888,0.4595863508102658,0.125,0.0,24.246067312281642,20000304
EDF,8.566003086249452,9,0.75,0.749005610729453,0.75,0.25,0.586482872721497,0.4463924909857669,0.16666666666666666,0.0,20.081285626665036,20000305
EDF,2.731332694518631,7,0.5833333333333334,0.5599439452162591,0.5833333333333334,0.41666666666666663,0.46631795563131845,0.5029894722882333,0.3125,0.0,17.519813721193557,20000306
EDF,-8.512167536347164,3,0.25,0.3090816386225436,0.25,0.75,0.3295570054783992,0.6486150992581744,0.5208333333333334,0.0,10.698440221265965,20000307
EDF,-1.5877877770864213,5,0.4166666666666667,0.38819250724263094,0.4166666666666667,0.5833333333333333,0.5051755204075051,0.5708834843107478,0.3958333333333333,0.0,15.871916769069045,20000308
EDF,-0.9393213222619103,5,0.4166666666666667,0.4307633512867215,0.5,0.5833333333333333,0.5270073272726853,0.5995309282140967,0.4375,0.0,16.8145285916229,20000309
EDF,5.889306424164703,8,0.6666666666666666,0.6534873038780793,0.75,0.33333333333333337,0.5795365833077649,0.505664612435288,0.125,0.0,20.066096152786198,20000310
EDF,-2.3542181199426864,5,0.4166666666666667,0.4610468715026317,0.4166666666666667,0.5833333333333333,0.41230842437215354,0.5694945913348243,0.375,0.0,14.179667404055062,20000311
EDF,-7.784353880250668,3,0.25,0.33471892538576653,0.25,0.75,0.29224679880515797,0.5973666992618442,0.4375,0.0,10.008180882970214,20000312
EDF,-4.701153523004934,4,0.3333333333333333,0.35174164440547506,0.3333333333333333,0.6666666666666667,0.43818781469122925,0.6034336193585804,0.4375,0.0,13.511942720890186,20000313
EDF,-2.5278096710379643,5,0.4166666666666667,0.49927670372034255,0.4166666666666667,0.5833333333333333,0.42455561926781704,0.5980069684521206,0.375,0.0,14.366295368248341,20000314
EDF,-10.058621495411371,2,0.16666666666666666,0.25973852583220114,0.25,0.8333333333333334,0.3280688248660155,0.648606453172199,0.4791666666666667,0.0,10.140620643927706,20000315
EDF,-2.473580406086015,5,0.4166666666666667,0.334115746763933,0.4166666666666667,0.5833333333333333,0.453011752870081,0.5830993755495403,0.375,0.0,15.152648153776738,20000316
EDF,3.7814999575525667,7,0.5833333333333334,0.561225675038225,0.5833333333333334,0.41666666666666663,0.5499663117052238,0.5139070026241834,0.22916666666666666,0.0,18.932890624539844,20000317
EDF,-1.5965469050485404,5,0.4166666666666667,0.44055248783326906,0.4166666666666667,0.5833333333333333,0.5105253240961587,0.6008531244394634,0.3958333333333333,0.0,16.018852431548137,20000318
EDF,-4.498524029142075,4,0.3333333333333333,0.34746262313368315,0.3333333333333333,0.6666666666666667,0.41434233096499584,0.5928248014907701,0.4166666666666667,0.0,13.871859455099742,20000319
EDF,-5.094789446913379,4,0.3333333333333333,0.26671751780461217,0.3333333333333333,0.6666666666666667,0.37090253361256725,0.5674787875284127,0.4166666666666667,0.0,12.873468102459166,20000320
EDF,8.774780583577233,9,0.75,0.6669768879543069,0.75,0.25,0.5864966076764246,0.44007085351924485,0.10416666666666667,0.0,20.823386221221522,20000321
EDF,-4.146838914232973,4,0.3333333333333333,0.3489996802435937,0.3333333333333333,0.6666666666666667,0.3713086876446133,0.5448377269949374,0.2708333333333333,0.0,12.81792940218462,20000322
EDF,-0.7985269173613097,5,0.4166666666666667,0.4176690101182614,0.5,0.5833333333333333,0.48728056141934406,0.546237354316419,0.22916666666666666,0.0,16.542968288471133,20000323
EDF,4.502094163089855,7,0.5833333333333334,0.5805091966233288,0.5833333333333334,0.41666666666666663,0.5784630696337899,0.5117544836901121,0.25,0.0,19.831505975595995,20000324
EDF,3.863078458271583,7,0.5833333333333334,0.5334165468041078,0.6666666666666666,0.41666666666666663,0.5419058264936251,0.5033120565181712,0.1875,0.0,18.86842858784553,20000325
EDF,-4.740748123753014,4,0.3333333333333333,0.33437304174892335,0.3333333333333333,0.6666666666666667,0.38647665105579915,0.5964327891332385,0.4166666666666667,0.0,13.02725502486168,20000326
EDF,3.346695406937064,7,0.5833333333333334,0.5051528153582551,0.5833333333333334,0.41666666666666663,0.4557189528291128,0.4660364766232769,0.20833333333333334,0.0,16.39901348298668,20000327
EDF,1.4035034553642625,6,0.5,0.48914469646645015,0.5833333333333334,0.5,0.5160064819258968,0.5482262222574029,0.3333333333333333,0.0,17.813361482948995,20000328
EDF,-8.49169674548002,3,0.25,0.21906038477730008,0.25,0.75,0.31606392392089994,0.6159869521268205,0.4583333333333333,0.0,10.684522180999778,20000329
EDF,-3.2346059337883024,4,0.3333333333333333,0.46469401408843186,0.4166666666666667,0.6666666666666667,0.3971168267790722,0.5501944846617022,0.375,0.0,13.885146270910864,20000330
EDF,6.2840530130071715,8,0.6666666666666666,0.6688406839690578,0.75,0.33333333333333337,0.6772617771318208,0.5540781714271522,0.22916666666666666,0.0,21.304680164133806,20000331
EDF,-1.6587902497574327,5,0.4166666666666667,0.5140724900091304,0.4166666666666667,0.5833333333333333,0.42881531804033113,0.551031865678942,0.2916666666666667,0.0,15.032133114146124,20000332
EDF,-5.962601697466956,4,0.3333333333333333,0.3193158462658975,0.3333333333333333,0.6666666666666667,0.33249440115383017,0.586303126508596,0.4166666666666667,0.0,11.140906438553756,20000333
EDF,0.8744217380762496,6,0.5,0.4159662523264177,0.5,0.5,0.45444980763035603,0.5097131531023323,0.2916666666666667,0.0,16.401135271872725,20000334
EDF,-4.816603053848489,4,0.3333333333333333,0.39678357620527155,0.3333333333333333,0.6666666666666667,0.3637827034765086,0.5816657012393174,0.3958333333333333,0.0,12.66441870830703,20000335
EDF,-5.844660494524686,3,0.25,0.27501434195167046,0.4166666666666667,0.75,0.4846051642138764,0.6281127536269734,0.5,0.0,15.050846514674491,20000336
EDF,3.0179254249646332,7,0.5833333333333334,0.5096682389784705,0.5833333333333334,0.41666666666666663,0.5543099994298881,0.5528038089301917,0.3333333333333333,0.0,17.879138269739897,20000337
EDF,6.9090196852634325,8,0.6666666666666666,0.6541239757689091,0.6666666666666666,0.33333333333333337,0.6051042973562478,0.48045304051524385,0.22916666666666666,0.0,20.796365889106614,20000338
EDF,3.6822169959474045,7,0.5833333333333334,0.5435586073687146,0.5833333333333334,0.41666666666666663,0.5645999330902317,0.5183798772026773,0.25,0.0,17.880048358717612,20000339
EDF,-9.20305616400223,3,0.25,0.19512509596336763,0.25,0.75,0.27774081623442803,0.6199219426958952,0.4166666666666667,0.0,9.639104865333037,20000340
EDF,3.1377289767548207,7,0.5833333333333334,0.5711091761525391,0.5833333333333334,0.41666666666666663,0.5493806216683326,0.55181569478412,0.3125,0.0,17.345613036230723,20000341
EDF,4.927883858488897,8,0.6666666666666666,0.5848967372074355,0.6666666666666666,0.33333333333333337,0.5645173064879341,0.5273074346443836,0.16666666666666666,0.0,18.041680365743186,20000342
EDF,3.1677769545091996,7,0.5833333333333334,0.45303009274182704,0.5833333333333334,0.41666666666666663,0.44432197430243164,0.47400051228718504,0.1875,0.0,16.54137824342749,20000343
EDF,-2.461605942551209,5,0.4166666666666667,0.40266040969086486,0.4166666666666667,0.5833333333333333,0.3453390421284037,0.5305739710137329,0.1875,0.0,12.455532956645028,20000344
EDF,-4.349224291324042,4,0.3333333333333333,0.34571616812733913,0.3333333333333333,0.6666666666666667,0.41703058467399573,0.5878030429028783,0.4166666666666667,0.0,13.940827536944278,20000345
EDF,-3.9631671582712036,4,0.3333333333333333,0.3272835930106491,0.4166666666666667,0.6666666666666667,0.3764332602629234,0.5465707245351531,0.3333333333333333,0.0,13.089808947386262,20000346
EDF,-0.7651114316565037,5,0.4166666666666667,0.43137659684354146,0.5,0.5833333333333333,0.5162271365659666,0.5596087941663054,0.3333333333333333,0.0,17.199614017229834,20000347
EDF,2.191874800385637,6,0.5,0.4212245382526094,0.5833333333333334,0.5,0.5842829577897158,0.5348626537594491,0.3333333333333333,0.0,17.9643152098855,20000348
EDF,11.115578728255183,10,0.8333333333333334,0.8605140733676698,0.8333333333333334,0.16666666666666663,0.7044650035968303,0.4873446424011465,0.020833333333333332,0.0,23.701218825636552,20000349
EDF,-4.211289224960994,4,0.3333333333333333,0.33413738611408933,0.4166666666666667,0.6666666666666667,0.4469455589458365,0.6036296786703772,0.375,0.0,13.92597582310651,20000350
EDF,-1.2266062292222704,5,0.4166666666666667,0.4397885195659936,0.4166666666666667,0.5833333333333333,0.4794978272431365,0.5520683964989602,0.3541666666666667,0.0,15.644589854676157,20000351
EDF,-4.2422041148607015,4,0.3333333333333333,0.39496244237313954,0.4166666666666667,0.6666666666666667,0.38384594203179684,0.5706417235903936,0.3333333333333333,0.0,13.34982871400334,20000352
EDF,-3.9603828450197494,3,0.25,0.2935119809695874,0.5,0.75,0.47708456874803584,0.5450012320309406,0.3333333333333333,0.0,16.043204381220225,20000353
EDF,-4.5014102005995875,4,0.3333333333333333,0.32022918494781205,0.3333333333333333,0.6666666666666667,0.32572003964133134,0.5125467569192418,0.2708333333333333,0.0,11.981617217122766,20000354
EDF,0.3432471167306459,6,0.5,0.5334114354602041,0.5,0.5,0.4876764252027758,0.551726516476747,0.22916666666666666,0.0,16.575970933124193,20000355
EDF,0.672459625016659,6,0.5,0.4507584953219004,0.5,0.5,0.5169239933743847,0.5405109283356221,0.3333333333333333,0.0,16.42511133155793,20000356
EDF,-5.1288947553155895,4,0.3333333333333333,0.3764742170658307,0.3333333333333333,0.6666666666666667,0.36275709654811,0.5902953564999313,0.3958333333333333,0.0,12.64728435944567,20000357
EDF,12.844396449417085,11,0.9166666666666666,0.9295829565302051,0.9166666666666666,0.08333333333333337,0.6131737963464,0.4359528750152634,0.0,0.0,23.568837787614882,20000358
EDF,11.788669809880808,10,0.8333333333333334,0.7267707823621701,0.8333333333333334,0.16666666666666663,0.6860157595011155,0.4383515245648,0.125,0.0,22.575659593965593,20000359
EDF,-2.023919590771343,5,0.4166666666666667,0.41047522356603333,0.4166666666666667,0.5833333333333333,0.398480754425878,0.5228276900339147,0.3125,0.0,14.096791091992289,20000360
EDF,-1.9292555758996683,4,0.3333333333333333,0.3538400837271441,0.5,0.6666666666666667,0.4733666524198566,0.5177622866431908,0.16666666666666666,0.0,16.172792791745934,20000361
EDF,-2.5960069624034006,5,0.4166666666666667,0.39372334003827847,0.4166666666666667,0.5833333333333333,0.43409443730140573,0.5863873913853654,0.3333333333333333,0.0,14.62568492165605,20000362
EDF,-4.4605265623091945,4,0.3333333333333333,0.342213104064684,0.4166666666666667,0.6666666666666667,0.39443021385770943,0.5991356728085866,0.3333333333333333,0.0,13.734583078880316,20000363
EDF,-2.735515758836166,5,0.4166666666666667,0.34486509059966797,0.4166666666666667,0.5833333333333333,0.3419408960883203,0.534200703655119,0.3333333333333333,0.0,12.717870148546037,20000364
EDF,-10.322702272015498,2,0.16666666666666666,0.2280113963579546,0.16666666666666666,0.8333333333333334,0.26296915215235367,0.609839820141945,0.4583333333333333,0.0,8.928399730501432,20000365
EDF,-0.9418849546195073,5,0.4166666666666667,0.3958792849021715,0.4166666666666667,0.5833333333333333,0.4994459115972088,0.5641738146544543,0.3333333333333333,0.0,16.579245000036337,20000366
EDF,-1.0698709986724806,5,0.4166666666666667,0.42055056771840077,0.4166666666666667,0.5833333333333333,0.4749989100936256,0.5240468676676918,0.3333333333333333,0.0,14.514468887279826,20000367
EDF,-2.3154778431040897,5,0.4166666666666667,0.4243698912376888,0.4166666666666667,0.5833333333333333,0.384032059799953,0.532276330859988,0.20833333333333334,0.0,13.48284317508701,20000368
EDF,0.33740339326700086,6,0.5,0.4720795174442634,0.5,0.5,0.5046793635928929,0.5974980985999707,0.4375,0.0,16.547778866012198,20000369
EDF,-0.8749260012995668,6,0.5,0.3880760943203878,0.5,0.5,0.36235662347182734,0.519070708455667,0.2708333333333333,0.0,12.93361130749499,20000370
EDF,-4.924606631910587,4,0.3333333333333333,0.3266769663071261,0.3333333333333333,0.6666666666666667,0.41295855455256586,0.5917359851335793,0.4375,0.0,13.07398406790539,20000371
EDF,-5.8558406774348555,3,0.25,0.298361637160826,0.4166666666666667,0.75,0.3881735817336221,0.5909037229281343,0.2916666666666667,0.0,13.708363345561121,20000372
EDF,5.499518625030973,8,0.6666666666666666,0.6131220484405392,0.6666666666666666,0.33333333333333337,0.5564861838313497,0.48590878866204545,0.1875,0.0,18.94548973166105,20000373
EDF,-3.9008865566725697,4,0.3333333333333333,0.3366157733065209,0.4166666666666667,0.6666666666666667,0.42989749617612477,0.565429986143099,0.4166666666666667,0.0,14.237063845014838,20000374
EDF,3.71005197871083,6,0.5,0.5313092267385348,0.6666666666666666,0.5,0.6536655501719381,0.5267521371580304,0.2916666666666667,0.0,20.6168446948379,20000375
EDF,-0.27324494693461876,6,0.5,0.48338816592496786,0.5,0.5,0.3822970457031452,0.5243370292914926,0.2916666666666667,0.0,14.123030938946602,20000376
EDF,-0.5582087726680889,6,0.5,0.3393785191248262,0.5,0.5,0.36358950144395646,0.49191693374102147,0.1875,0.0,13.03237771411743,20000377
EDF,0.9590107787081217,6,0.5,0.4789184639383491,0.5,0.5,0.4597799101055499,0.5238480818038976,0.2708333333333333,0.0,15.860244975651643,20000378
EDF,-1.8237776161007586,5,0.4166666666666667,0.46693593073945017,0.4166666666666667,0.5833333333333333,0.46499107049321386,0.5571635789852061,0.3958333333333333,0.0,14.469850753604225,20000379
EDF,2.6573154811937294,7,0.5833333333333334,0.5389119683688057,0.5833333333333334,0.41666666666666663,0.5364013871332406,0.5487060784110239,0.22916666666666666,0.0,17.954631431482767,20000380
EDF,-9.859150306896947,2,0.16666666666666666,0.23039744435021406,0.16666666666666666,0.8333333333333334,0.3122114782903911,0.6160947547298218,0.4791666666666667,0.0,9.669190339683047,20000381
EDF,12.447995019366916,11,0.9166666666666666,0.8247587964879989,0.9166666666666666,0.08333333333333337,0.6970415252132492,0.4921192203356326,0.041666666666666664,0.0,23.354325103949087,20000382
EDF,-2.114206453830123,5,0.4166666666666667,0.41646762337321935,0.5,0.5833333333333333,0.40788196060725923,0.5597768892768847,0.25,0.0,14.459859106462174,20000383
EDF,-0.43446977397855546,5,0.4166666666666667,0.48701431402813283,0.5,0.5833333333333333,0.46610132171247126,0.5353966974791823,0.3125,0.0,16.003060718590913,20000384
EDF,-1.5488222332586408,5,0.4166666666666667,0.4009833826995772,0.5,0.5833333333333333,0.395377886369319,0.5094937659715376,0.16666666666666666,0.0,13.563820966631036,20000385
EDF,-6.207749586202883,3,0.25,0.2758642503726284,0.3333333333333333,0.75,0.37657178112796713,0.5724040045299085,0.4375,0.0,12.810036380616367,20000386
EDF,7.156928492326758,8,0.6666666666666666,0.6434889711436459,0.6666666666666666,0.33333333333333337,0.6678304500350051,0.4957590278532138,0.25,0.0,21.81697612899108,20000387
EDF,10.619129081795933,10,0.8333333333333334,0.7580781877798212,0.8333333333333334,0.16666666666666663,0.6681324241043488,0.4747606317094073,0.08333333333333333,0.0,22.204909032752873,20000388
EDF,4.979852647902754,7,0.5833333333333334,0.5872279158724307,0.75,0.41666666666666663,0.6801393625270062,0.5684375004984352,0.2708333333333333,0.0,21.844808240379773,20000389
EDF,4.135089400120419,7,0.5833333333333334,0.5354997542718047,0.5833333333333334,0.41666666666666663,0.599986540513476,0.5170919861343075,0.22916666666666666,0.0,19.49510793795443,20000390
EDF,-2.8864199299960256,4,0.3333333333333333,0.4608824605558886,0.5,0.6666666666666667,0.5022993675588996,0.596052556099011,0.3958333333333333,0.0,16.50357316132916,20000391
EDF,8.329042511802275,9,0.75,0.6887282864904639,0.75,0.25,0.5952512395384253,0.4958111046470246,0.16666666666666666,0.0,20.90589910202393,20000392
EDF,-4.760797518826579,4,0.3333333333333333,0.38245303337004294,0.3333333333333333,0.6666666666666667,0.37691666632143334,0.5952523126398342,0.4375,0.0,12.231514338881357,20000393
EDF,0.6242903975142431,6,0.5,0.41818009159993963,0.5,0.5,0.4738593153698432,0.5561449618117243,0.3333333333333333,0.0,16.236393113193724,20000394
EDF,5.694239951431218,8,0.6666666666666666,0.5279605577252484,0.6666666666666666,0.33333333333333337,0.6011230172525336,0.5079148234241478,0.25,0.0,19.884965333262688,20000395
EDF,-5.004812403605889,4,0.3333333333333333,0.39470467648374,0.3333333333333333,0.6666666666666667,0.30088445749506887,0.5466821269201434,0.3541666666666667,0.0,10.528426521020268,20000396
EDF,7.9109889246966105,9,0.75,0.6894551506932916,0.75,0.25,0.5675867414695643,0.4729493319562838,0.10416666666666667,0.0,19.43822443714905,20000397
EDF,7.008884584785817,9,0.75,0.7130514639618807,0.75,0.25,0.5343970580311824,0.4967166458018344,0.10416666666666667,0.0,19.117558208350363,20000398
EDF,-6.177790618547658,4,0.3333333333333333,0.3042385303946499,0.3333333333333333,0.6666666666666667,0.3241822259869212,0.5896419908511387,0.375,0.0,11.003679553398811,20000399
EDF,-2.300493612303597,5,0.4166666666666667,0.4357459530663081,0.4166666666666667,0.5833333333333333,0.3921247674437465,0.5337553049806725,0.25,0.0,13.244452320150184,20000400
EDF,-3.420192418853784,4,0.3333333333333333,0.3786177424747659,0.4166666666666667,0.6666666666666667,0.42705202310928075,0.5826784427102442,0.4166666666666667,0.0,14.699757082529473,20000401
EDF,-7.607433678363055,3,0.25,0.2842842584503796,0.25,0.75,0.29823981986540643,0.6015111188292184,0.4791666666666667,0.0,9.784896484736283,20000402
EDF,0.39537581480061457,6,0.5,0.4236733725202319,0.5,0.5,0.45937370322676974,0.5503247430828115,0.2708333333333333,0.0,15.852401790792673,20000403
EDF,-8.94661017178301,2,0.16666666666666666,0.19840243448167652,0.3333333333333333,0.8333333333333334,0.308703565192621,0.5783664611952297,0.2916666666666667,0.0,10.385097633238766,20000404
EDF,-7.103483895123446,3,0.25,0.2598686706532034,0.25,0.75,0.2734871226902113,0.5488897478104745,0.3333333333333333,0.0,10.318835763846538,20000405
EDF,3.4896255196829076,7,0.5833333333333334,0.5545989984316994,0.5833333333333334,0.41666666666666663,0.5810827728409135,0.554978087329578,0.3541666666666667,0.0,18.20575178911722,20000406
EDF,0.9503440221976369,6,0.5,0.49425897948652703,0.5,0.5,0.535806558609664,0.5563527634367468,0.3541666666666667,0.0,17.062408792147284,20000407
EDF,-1.0870882952312784,5,0.4166666666666667,0.3590897053691358,0.5833333333333334,0.5833333333333333,0.3926148011979498,0.49183707226045,0.10416666666666667,0.0,15.556094989420407,20000408
EDF,-3.5176189537679545,4,0.3333333333333333,0.350818843947508,0.4166666666666667,0.6666666666666667,0.5123428195718583,0.5943859281152961,0.4583333333333333,0.0,16.058266783045063,20000409
EDF,5.664918930332252,8,0.6666666666666666,0.6469055020827383,0.6666666666666666,0.33333333333333337,0.5344660370170614,0.49700469192799135,0.10416666666666667,0.0,18.591094059093052,20000410
EDF,-4.280840415141511,4,0.3333333333333333,0.3840954151591872,0.3333333333333333,0.6666666666666667,0.37354596585227434,0.5536887725843226,0.3958333333333333,0.0,11.835583439676755,20000411
EDF,-4.55221404806758,4,0.3333333333333333,0.38358605433170506,0.3333333333333333,0.6666666666666667,0.4079907459204171,0.5955440553623946,0.4166666666666667,0.0,13.209074340481914,20000412
EDF,-4.706773794863203,4,0.3333333333333333,0.39890507654370905,0.3333333333333333,0.6666666666666667,0.37527997675808944,0.5650106325229259,0.375,0.0,13.030026182008495,20000413
EDF,0.23274135072008106,6,0.5,0.46118093765521334,0.5,0.5,0.45488247174397234,0.5452244203904223,0.3333333333333333,0.0,15.397520621953731,20000414
EDF,3.183197774841194,7,0.5833333333333334,0.6100464350816202,0.5833333333333334,0.41666666666666663,0.5545677243479029,0.5694100664201657,0.3125,0.0,18.23310403742961,20000415
EDF,-1.4991917146242821,5,0.4166666666666667,0.3921369066440097,0.5,0.5833333333333333,0.4410516951922185,0.5367936677907209,0.22916666666666666,0.0,14.542831046776085,20000416
EDF,0.8849864150174684,6,0.5,0.5012181624390462,0.5,0.5,0.47406586013917335,0.5291088914311101,0.2916666666666667,0.0,15.543830947413236,20000417
EDF,3.5903923359684686,7,0.5833333333333334,0.7055249150008058,0.5833333333333334,0.41666666666666663,0.4987274981582083,0.5058230455769605,0.22916666666666666,0.0,17.491327441428425,20000418
EDF,-8.91783699182007,3,0.25,0.225568784044378,0.25,0.75,0.2810991185399753,0.6192547678962372,0.4791666666666667,0.0,8.847504067092851,20000419
EDF,8.420417538359434,9,0.75,0.6463560851814316,0.75,0.25,0.6570849621346371,0.48128956285417424,0.22916666666666666,0.0,21.07169923518175,20000420
EDF,-7.8844847431410505,3,0.25,0.2901023323844606,0.25,0.75,0.3059487511590921,0.6135560369526946,0.5,0.0,10.32590383223658,20000421
EDF,5.588027065574322,8,0.6666666666666666,0.5354674424801596,0.6666666666666666,0.33333333333333337,0.46599325764373023,0.44346050777349316,0.0625,0.0,17.820277623594443,20000422
EDF,7.005341549663642,9,0.75,0.6360579832199457,0.75,0.25,0.5062247427506984,0.4716196394577447,0.08333333333333333,0.0,18.63300172039938,20000423
EDF,-2.8526309541894492,4,0.3333333333333333,0.37476090833259806,0.5,0.6666666666666667,0.4348287705948412,0.5453763322300041,0.1875,0.0,14.949357682567555,20000424
EDF,-5.143222121537181,4,0.3333333333333333,0.29200626216614234,0.3333333333333333,0.6666666666666667,0.3355653159132217,0.5569200140386974,0.3333333333333333,0.0,11.377433804403761,20000425
EDF,2.9740447424276155,7,0.5833333333333334,0.45420122155881976,0.5833333333333334,0.41666666666666663,0.561639236922919,0.5238615673663047,0.2708333333333333,0.0,17.66008006565251,20000426
EDF,8.664394980843781,9,0.75,0.6671671072217922,0.75,0.25,0.6116366749003456,0.4818478769163997,0.22916666666666666,0.0,20.659635440373965,20000427
EDF,9.381717196002377,9,0.75,0.693057984916168,0.75,0.25,0.6760419980583232,0.496211810428074,0.1875,0.0,23.547379058340677,20000428
EDF,0.026807211705452527,6,0.5,0.5373091343480335,0.5,0.5,0.4926086348300969,0.5598839998623274,0.3125,0.0,15.610534926494697,20000429
EDF,-0.42963764345772404,6,0.5,0.38876191157314044,0.5,0.5,0.46302625487552734,0.5262527217958075,0.3333333333333333,0.0,14.848606024311923,20000430
EDF,-2.523353365424813,5,0.4166666666666667,0.39231378912873716,0.4166666666666667,0.5833333333333333,0.3797699913555472,0.5481770080438113,0.3541666666666667,0.0,13.147438766705566,20000431
EDF,4.296896073118797,7,0.5833333333333334,0.5616977721155416,0.6666666666666666,0.41666666666666663,0.6051400271395811,0.5236527561935086,0.16666666666666666,0.0,20.145401243781013,20000432
EDF,-3.970764052803018,4,0.3333333333333333,0.297774458441008,0.4166666666666667,0.6666666666666667,0.4493560526939582,0.5760739327797889,0.375,0.0,13.807416886206491,20000433
EDF,1.133575691650429,6,0.5,0.5092632555119149,0.5833333333333334,0.5,0.497753397563967,0.5563793285910399,0.3125,0.0,17.132683607208342,20000434
EDF,7.165898361989099,8,0.6666666666666666,0.728477131224268,0.6666666666666666,0.33333333333333337,0.6581228905224233,0.5233675001683076,0.3125,0.0,21.149872603791184,20000435
EDF,10.921980651538128,10,0.8333333333333334,0.8301642378986454,0.8333333333333334,0.16666666666666663,0.6690962814204932,0.501560275958961,0.125,0.0,22.8215341207836,20000436
EDF,-1.7658832664419273,5,0.4166666666666667,0.44823501196364046,0.4166666666666667,0.5833333333333333,0.49521585999628925,0.5703066677573496,0.3958333333333333,0.0,15.336946323593818,20000437
EDF,-5.59144069907655,4,0.3333333333333333,0.21903323799561944,0.3333333333333333,0.6666666666666667,0.29277773146310276,0.5231197933249885,0.3125,0.0,10.943965462888915,20000438
EDF,-4.670070366621492,4,0.3333333333333333,0.30104522301867503,0.3333333333333333,0.6666666666666667,0.3742005034482288,0.5714813645905571,0.3958333333333333,0.0,12.243842467677583,20000439
EDF,6.891273996285159,9,0.75,0.6051829383398557,0.75,0.25,0.5161087552154809,0.45858779536081934,0.041666666666666664,0.0,18.001875273741174,20000440
EDF,-6.208635831652998,4,0.3333333333333333,0.2762307048708143,0.3333333333333333,0.6666666666666667,0.2762926392247064,0.5813867900015858,0.3333333333333333,0.0,9.776146146644395,20000441
EDF,10.280756524054459,10,0.8333333333333334,0.7337190744667499,0.8333333333333334,0.16666666666666663,0.6240639590596078,0.47498445823588004,0.1875,0.0,21.47010683084801,20000442
EDF,1.872540079956699,6,0.5,0.443109219170377,0.5833333333333334,0.5,0.5969864610958749,0.5606060316473978,0.375,0.0,18.24532252087379,20000443
EDF,-2.1373359879106455,5,0.4166666666666667,0.3791440073111821,0.4166666666666667,0.5833333333333333,0.4028239505094709,0.5450530748714767,0.3333333333333333,0.0,13.490818902072,20000444
EDF,-4.663002529004579,4,0.3333333333333333,0.3153313136169823,0.3333333333333333,0.6666666666666667,0.389712314079363,0.5652504154306053,0.4166666666666667,0.0,12.157732205281574,20000445
EDF,0.6688441664863682,5,0.4166666666666667,0.38435072868932996,0.5833333333333334,0.5833333333333333,0.5583607631081132,0.515098973754446,0.2916666666666667,0.0,18.421031290104732,20000446
EDF,-1.6645855704577295,5,0.4166666666666667,0.3888843746312408,0.4166666666666667,0.5833333333333333,0.46948710986386716,0.5848136440700045,0.375,0.0,15.843631263943525,20000447
EDF,1.7147014629271644,6,0.5,0.5321219622621474,0.5833333333333334,0.5,0.5770464342818394,0.572446258196051,0.3541666666666667,0.0,19.550061879238577,20000448
EDF,3.131725380113852,7,0.5833333333333334,0.5139305990430153,0.5833333333333334,0.41666666666666663,0.46627355628330314,0.4840649554612451,0.20833333333333334,0.0,16.816755627157526,20000449
EDF,3.6105253198128904,7,0.5833333333333334,0.481014903375523,0.6666666666666666,0.41666666666666663,0.6048875662385761,0.5797262389422233,0.25,0.0,19.707409082512424,20000450
EDF,0.8618690913267462,6,0.5,0.42331201303202726,0.5,0.5,0.4934438441535942,0.5092198930303682,0.3125,0.0,16.208265585311413,20000451
EDF,4.37758724598112,7,0.5833333333333334,0.5319766505703135,0.5833333333333334,0.41666666666666663,0.62471708773781,0.558710949082117,0.3541666666666667,0.0,20.45568337150141,20000452
EDF,-11.554793940020097,2,0.16666666666666666,0.20995310806147044,0.16666666666666666,0.8333333333333334,0.2371469714647476,0.6633153513453726,0.5416666666666666,0.0,7.62988948620858,20000453
EDF,-7.921409488374451,3,0.25,0.3304775017688371,0.25,0.75,0.32592939102019,0.624747106871772,0.5,0.0,10.575118767787572,20000454
EDF,0.7816736829969684,6,0.5,0.5100856223137241,0.5,0.5,0.4979267839320607,0.5478482589249726,0.2708333333333333,0.0,15.932339726739945,20000455
EDF,2.4826071338433984,7,0.5833333333333334,0.5343558880817414,0.5833333333333334,0.41666666666666663,0.5085884711471055,0.5432444778281204,0.25,0.0,16.875561766937068,20000456
EDF,-5.032496006593835,4,0.3333333333333333,0.29220328834618275,0.3333333333333333,0.6666666666666667,0.33426048437141537,0.5621721803914818,0.375,0.0,11.321750182147246,20000457
EDF,-10.165753236821587,2,0.16666666666666666,0.20639932808269387,0.25,0.8333333333333334,0.34725711799606973,0.6692303550919031,0.5416666666666666,0.0,10.775817975524149,20000458
EDF,8.256840929355052,9,0.75,0.7044890681446524,0.75,0.25,0.6816063546820165,0.5521399713736149,0.2916666666666667,0.0,22.469775321415604,20000459
EDF,8.941703410614625,9,0.75,0.7343466868599648,0.75,0.25,0.60212346543379,0.4684551555217793,0.22916666666666666,0.0,20.63914282117101,20000460
EDF,-2.716477721164006,4,0.3333333333333333,0.3360473107823956,0.5,0.6666666666666667,0.5402176159664503,0.5980667437286639,0.4375,0.0,16.804273714186277,20000461
EDF,6.002232171511335,8,0.6666666666666666,0.6807940787169485,0.6666666666666666,0.33333333333333337,0.6267533518981513,0.544143665360854,0.2708333333333333,0.0,20.82975480863909,20000462
EDF,4.125808311497039,7,0.5833333333333334,0.5039676809942278,0.5833333333333334,0.41666666666666663,0.5650339999950136,0.5066795352896164,0.25,0.0,19.092748154023514,20000463
EDF,-3.634604168641326,4,0.3333333333333333,0.4349791117660502,0.4166666666666667,0.6666666666666667,0.3784503199997265,0.5574696937759983,0.375,0.0,13.748052814044406,20000464
EDF,1.1921390883314458,6,0.5,0.48369564183734154,0.5,0.5,0.5045142380329469,0.5136000920752113,0.2708333333333333,0.0,16.62226530220334,20000465
EDF,-4.327890727037324,4,0.3333333333333333,0.35538686770191225,0.3333333333333333,0.6666666666666667,0.34096255096917577,0.5419209075918482,0.3541666666666667,0.0,11.98932766304705,20000466
EDF,4.307521118569111,7,0.5833333333333334,0.537646909276237,0.6666666666666666,0.41666666666666663,0.4926461455733606,0.4402366028200082,0.0625,0.0,17.611083707143482,20000467
EDF,-2.9695664462242215,5,0.4166666666666667,0.4458050451462474,0.4166666666666667,0.5833333333333333,0.3722014176371986,0.5659122023839896,0.3125,0.0,13.559110032354855,20000468
EDF,-7.689078375971647,3,0.25,0.2884331858022019,0.25,0.75,0.3202001768714546,0.5909593084104633,0.4166666666666667,0.0,10.901342330133652,20000469
EDF,2.0965861761412348,7,0.5833333333333334,0.6008787735277311,0.5833333333333334,0.41666666666666663,0.46905161279671265,0.5354093979507669,0.20833333333333334,0.0,16.408169605811864,20000470
EDF,4.968650331681996,7,0.5833333333333334,0.6151485043940995,0.6666666666666666,0.41666666666666663,0.6357974367136174,0.5387393422694929,0.3333333333333333,0.0,19.73368168434436,20000471
EDF,0.7469671293895512,6,0.5,0.44902833144736554,0.5,0.5,0.4644799502969634,0.5232444438222063,0.3333333333333333,0.0,15.946059373134457,20000472
EDF,5.67483070826433,8,0.6666666666666666,0.5877245660651064,0.6666666666666666,0.33333333333333337,0.5718448628739591,0.4986208198860078,0.125,0.0,18.99808021631436,20000473
EDF,1.7850457910193853,6,0.5,0.5188225414924715,0.5833333333333334,0.5,0.5184626090314266,0.5433837328174169,0.3125,0.0,17.754257219220285,20000474
EDF,1.845126971039003,6,0.5,0.509009805333872,0.5833333333333334,0.5,0.5469584879058721,0.5539675964499043,0.3541666666666667,0.0,18.10316362386868,20000475
EDF,-1.7582036889261041,5,0.4166666666666667,0.42690234429042573,0.5,0.5833333333333333,0.42724783281402745,0.5412594895641544,0.2708333333333333,0.0,14.640052757661127,20000476
EDF,-4.475282910870032,4,0.3333333333333333,0.3437608498686751,0.3333333333333333,0.6666666666666667,0.4022829783366997,0.5666351679920548,0.3958333333333333,0.0,13.588457761668751,20000477
EDF,1.4962017159436831,6,0.5,0.5133534805451442,0.5,0.5,0.5225985313593186,0.5515072082802746,0.3333333333333333,0.0,17.105465059100165,20000478
EDF,-2.3320905692898393,5,0.4166666666666667,0.38011260492182,0.4166666666666667,0.5833333333333333,0.38045765960463535,0.5418705879180222,0.2708333333333333,0.0,12.882398535902993,20000479
EDF,6.344434840810436,8,0.6666666666666666,0.5390922519191726,0.6666666666666666,0.33333333333333337,0.662167702055037,0.5385069042238613,0.22916666666666666,0.0,21.016678091245694,20000480
EDF,4.4847669546451545,7,0.5833333333333334,0.5587265394132058,0.6666666666666666,0.41666666666666663,0.5261324772663588,0.46277858600648125,0.125,0.0,18.544470923961743,20000481
EDF,-2.0220475818374535,5,0.4166666666666667,0.40662714811148776,0.4166666666666667,0.5833333333333333,0.4307470778140219,0.578887315580099,0.3541666666666667,0.0,14.440119484200745,20000482
EDF,9.065328518888396,9,0.75,0.6863095583142139,0.75,0.25,0.5919759528515433,0.4433652687656939,0.10416666666666667,0.0,20.80835038831304,20000483
EDF,-5.002537164894012,4,0.3333333333333333,0.35900590065177923,0.3333333333333333,0.6666666666666667,0.35164427011988875,0.5911419830903681,0.3958333333333333,0.0,12.336969752828727,20000484
EDF,-3.059861170706022,5,0.4166666666666667,0.36336436499274505,0.4166666666666667,0.5833333333333333,0.3336689583010979,0.5445857817328079,0.20833333333333334,0.0,12.25181537773346,20000485
EDF,0.5724036048402197,6,0.5,0.46736035939979753,0.5,0.5,0.4968103658209193,0.544766818545142,0.2916666666666667,0.0,16.824739314761644,20000486
EDF,1.2268247844087115,6,0.5,0.4902934675768159,0.5,0.5,0.4967463344427079,0.5283513803264356,0.3125,0.0,16.573615109177638,20000487
EDF,2.3160584411468266,6,0.5,0.5281342508775182,0.5833333333333334,0.5,0.5256846792470086,0.5258865142410879,0.2708333333333333,0.0,18.59817258208725,20000488
EDF,0.5311103628304461,6,0.5,0.44499361680447286,0.5,0.5,0.4522724556644547,0.5340099290562974,0.25,0.0,15.068503997037983,20000489
EDF,-6.164985646379572,4,0.3333333333333333,0.32500622595243966,0.3333333333333333,0.6666666666666667,0.343682218718994,0.6100072943769,0.4375,0.0,11.205088120716434,20000490
EDF,-2.177812366257858,5,0.4166666666666667,0.3644653535724186,0.4166666666666667,0.5833333333333333,0.4479468896738246,0.5683761306948212,0.3958333333333333,0.0,16.224157025430767,20000491
EDF,0.6014093003721497,6,0.5,0.5667992215608707,0.5,0.5,0.5193370471491334,0.5943458531776117,0.375,0.0,16.686930876183812,20000492
EDF,-8.664456171661314,3,0.25,0.28145930826905396,0.25,0.75,0.2919505607823513,0.6335485108783612,0.4583333333333333,0.0,9.554835801657768,20000493
EDF,2.66234458528918,7,0.5833333333333334,0.5159691976636296,0.5833333333333334,0.41666666666666663,0.5068294366437692,0.5269236792086951,0.16666666666666666,0.0,18.019137546266325,20000494
EDF,-5.568073188206126,4,0.3333333333333333,0.27162571698966714,0.3333333333333333,0.6666666666666667,0.3241484446581696,0.559418612436869,0.3541666666666667,0.0,11.302027175232404,20000495
EDF,11.91928548520767,10,0.8333333333333334,0.7749005052239533,0.8333333333333334,0.16666666666666663,0.7068422932436956,0.45142567714577014,0.16666666666666666,0.0,24.858878636742553,20000496
EDF,2.2545326563923456,7,0.5833333333333334,0.4868292631624351,0.5833333333333334,0.41666666666666663,0.44942736705744296,0.5078564536350099,0.20833333333333334,0.0,15.485744910697948,20000497
EDF,-1.493710131772814,5,0.4166666666666667,0.34703661212713455,0.5,0.5833333333333333,0.3944259781512692,0.5114641984996795,0.16666666666666666,0.0,14.075207230971355,20000498
EDF,-5.236583085682411,4,0.3333333333333333,0.3531619769184442,0.3333333333333333,0.6666666666666667,0.339985931995572,0.5784916108000796,0.375,0.0,11.50071073987334,20000499
SPT,7.758773572404424,9,0.75,0.6018244027602682,0.75,0.25,0.6294804664309773,0.5167842262315929,0.20833333333333334,0.0,20.96690135120318,20000000
SPT,5.182519792053457,7,0.5833333333333334,0.4485183439527583,0.75,0.41666666666666663,0.6180188390270179,0.4816131992497969,0.16666666666666666,0.0,20.87444861848222,20000001
SPT,7.174576912032211,8,0.6666666666666666,0.5435791840091532,0.75,0.33333333333333337,0.7112347692369617,0.5143629715573996,0.22916666666666666,0.0,22.74876581947806,20000002
SPT,8.172849703967723,9,0.75,0.6214860929545634,0.75,0.25,0.5234611590190056,0.44008402266683894,0.08333333333333333,0.0,19.243089531471437,20000003
SPT,5.846708446537315,8,0.6666666666666666,0.48628242058236903,0.6666666666666666,0.33333333333333337,0.45507527944538695,0.3957748513098309,0.08333333333333333,0.0,17.762454368141654,20000004
SPT,0.19058667411377028,5,0.4166666666666667,0.2925884422133976,0.5833333333333334,0.5833333333333333,0.5308999717671411,0.48875063902535976,0.1875,0.0,18.069224837558533,20000005
SPT,3.7583365692423785,7,0.5833333333333334,0.4674437175432769,0.5833333333333334,0.41666666666666663,0.5465004262061824,0.5111823759753286,0.2708333333333333,0.0,17.921290757725394,20000006
SPT,0.9110233944203863,6,0.5,0.32135585289066754,0.5833333333333334,0.5,0.47829304544849355,0.49565525592202747,0.1875,0.0,16.01222763217149,20000007
SPT,-5.130085226537387,4,0.3333333333333333,0.27175037233213845,0.3333333333333333,0.6666666666666667,0.3012269638582716,0.5325993380567652,0.3125,0.0,11.137029363774172,20000008
SPT,1.778033311907508,6,0.5,0.35249258332735145,0.6666666666666666,0.5,0.5202207779834368,0.4959367218037068,0.22916666666666666,0.0,17.83591929138921,20000009
SPT,3.9083241103219475,7,0.5833333333333334,0.4299865229985015,0.5833333333333334,0.41666666666666663,0.4960560883416317,0.4519687346049663,0.14583333333333334,0.0,17.050059061229206,20000010
SPT,7.5616767005129715,8,0.6666666666666666,0.5608761296554909,0.8333333333333334,0.33333333333333337,0.6219602344821108,0.44794760620845236,0.08333333333333333,0.0,21.458343498419726,20000011
SPT,6.636928117554085,8,0.6666666666666666,0.45925979800858796,0.75,0.33333333333333337,0.6132421272777889,0.45731423728604215,0.1875,0.0,20.299990566316,20000012
SPT,4.022845385240206,7,0.5833333333333334,0.4901908242684329,0.6666666666666666,0.41666666666666663,0.4980520688248314,0.4771626814396515,0.08333333333333333,0.0,18.362283431834477,20000013
SPT,1.3588656172728266,6,0.5,0.37584189195480205,0.5833333333333334,0.5,0.48942022863655693,0.49039387290613545,0.125,0.0,16.71194625142681,20000014
SPT,11.421116872660132,10,0.8333333333333334,0.7389424274111321,0.8333333333333334,0.16666666666666663,0.7122624209742877,0.5081801021948696,0.25,0.0,23.35113898362118,20000015
SPT,1.5372938105507319,6,0.5,0.3598806058763358,0.6666666666666666,0.5,0.4635760850914195,0.471215455561544,0.10416666666666667,0.0,16.73405994971152,20000016
SPT,4.848075708492852,8,0.6666666666666666,0.5638217378640892,0.6666666666666666,0.33333333333333337,0.49110478262961443,0.49315532690464653,0.041666666666666664,0.0,18.453500912698416,20000017
SPT,0.9372459284509733,6,0.5,0.45108056153070897,0.5,0.5,0.5392035977510646,0.5801563727897189,0.3958333333333333,0.0,17.234038529719207,20000018
SPT,11.839198865905626,10,0.8333333333333334,0.7303747128313246,0.8333333333333334,0.16666666666666663,0.7058945424325614,0.4579971018090118,0.16666666666666666,0.0,23.78147306089781,20000019
SPT,4.475761154114031,7,0.5833333333333334,0.4171760025102818,0.6666666666666666,0.41666666666666663,0.564319263172548,0.4644050283083194,0.16666666666666666,0.0,18.964946405141056,20000020
SPT,9.705380842991865,9,0.75,0.64440025454073,0.8333333333333334,0.25,0.5930853018043108,0.4014019349935462,0.0,0.0,21.156337377048242,20000021
SPT,-1.9895142359418934,5,0.4166666666666667,0.3268132296972518,0.4166666666666667,0.5833333333333333,0.3282200529493693,0.4623189410416075,0.1875,0.0,12.934872713916047,20000022
SPT,3.4897172353350028,7,0.5833333333333334,0.4601539343612127,0.5833333333333334,0.41666666666666663,0.5433102739454395,0.5015042705496418,0.20833333333333334,0.0,17.862581319618457,20000023
SPT,10.26686604011533,9,0.75,0.6561813250393703,0.8333333333333334,0.25,0.705151049557878,0.4645299855733538,0.16666666666666666,0.0,23.314121464242966,20000024
SPT,-1.6282439000206756,5,0.4166666666666667,0.3750126995070118,0.5,0.5833333333333333,0.4414430214822664,0.5590335215625833,0.2708333333333333,0.0,14.810898273338239,20000025
SPT,7.890615112848984,9,0.75,0.6010975489531183,0.75,0.25,0.5963541020671692,0.4736758692744605,0.08333333333333333,0.0,20.074705290896414,20000026
SPT,5.46366047263394,8,0.6666666666666666,0.49848385916764604,0.6666666666666666,0.33333333333333337,0.5110386779821322,0.4548813758308452,0.08333333333333333,0.0,17.83029291018907,20000027
SPT,4.3895478789924365,7,0.5833333333333334,0.4581989024656305,0.6666666666666666,0.41666666666666663,0.5498718907795933,0.4492203702817698,0.10416666666666667,0.0,18.76251857613695,20000028
SPT,5.7606013328889665,8,0.6666666666666666,0.45191212944841064,0.6666666666666666,0.33333333333333337,0.490860335557681,0.4039137024323751,0.0625,0.0,17.676849250462755,20000029
SPT,-4.717423785431796,4,0.3333333333333333,0.2772785387778201,0.3333333333333333,0.6666666666666667,0.3089120862058447,0.5329386369350301,0.3125,0.0,10.840207355465727,20000030
SPT,4.039009400540917,7,0.5833333333333334,0.4876997090080693,0.5833333333333334,0.41666666666666663,0.5315343769356132,0.4826736533129428,0.1875,0.0,17.615943670483635,20000031
SPT,4.000074754103926,7,0.5833333333333334,0.43423997102097245,0.6666666666666666,0.41666666666666663,0.5845145690403845,0.4991746986531191,0.22916666666666666,0.0,19.17599141994354,20000032
SPT,3.7872753103575802,7,0.5833333333333334,0.42794062817535744,0.6666666666666666,0.41666666666666663,0.5778164931070632,0.5190681842209052,0.2916666666666667,0.0,18.354618323334503,20000033
SPT,5.765465063794314,8,0.6666666666666666,0.5018888747589305,0.6666666666666666,0.33333333333333337,0.49218867791975285,0.44588322243208695,0.16666666666666666,0.0,17.76761037307497,20000034
SPT,5.3362814865923935,8,0.6666666666666666,0.5204916881295139,0.6666666666666666,0.33333333333333337,0.5360951304511109,0.4951053421104583,0.22916666666666666,0.0,18.679649911568337,20000035
SPT,11.100262346786845,10,0.8333333333333334,0.6743699580680451,0.8333333333333334,0.16666666666666663,0.5885564465335749,0.3756497114503084,0.0625,0.0,21.209471925396574,20000036
SPT,6.066679055192498,8,0.6666666666666666,0.5680891989410942,0.6666666666666666,0.33333333333333337,0.596310345223435,0.5262471923516235,0.25,0.0,19.624421332170947,20000037
SPT,8.316401246414909,9,0.75,0.6162550224034812,0.75,0.25,0.5676764300029548,0.45509887442214064,0.08333333333333333,0.0,20.35415460293243,20000038
SPT,4.131955783476501,7,0.5833333333333334,0.48401919888710526,0.5833333333333334,0.41666666666666663,0.5359748432841284,0.47561572856551965,0.14583333333333334,0.0,17.934436036686968,20000039
SPT,1.3924056453993365,6,0.5,0.4100535567076007,0.5,0.5,0.4565224476840218,0.4957912263798216,0.20833333333333334,0.0,15.680540776483229,20000040
SPT,9.74434732726222,9,0.75,0.6080376190668283,0.75,0.25,0.6836849357383539,0.45387281430198395,0.1875,0.0,22.852824596057086,20000041
SPT,6.451322729532082,8,0.6666666666666666,0.4902329077329876,0.75,0.33333333333333337,0.6053358111092634,0.47732936596145276,0.16666666666666666,0.0,20.631963405139363,20000042
SPT,6.242385817307357,8,0.6666666666666666,0.5568272014885948,0.6666666666666666,0.33333333333333337,0.52716453672917,0.44079130344330814,0.020833333333333332,0.0,18.71589676349596,20000043
SPT,-0.3003975260291255,5,0.4166666666666667,0.31717491083002725,0.5833333333333334,0.5833333333333333,0.4961445711872036,0.5083242322307658,0.22916666666666666,0.0,16.21711968783525,20000044
SPT,0.244324615199081,6,0.5,0.3830191401836617,0.5,0.5,0.4096361209651063,0.512907596385726,0.22916666666666666,0.0,14.753116655128386,20000045
SPT,-0.2444878461110161,6,0.5,0.36507702417126947,0.5,0.5,0.4501148359808476,0.5414961351054253,0.2708333333333333,0.0,15.707518065526529,20000046
SPT,11.473871180095063,10,0.8333333333333334,0.689469139428535,0.8333333333333334,0.16666666666666663,0.5971067842918653,0.3774071498596617,0.0625,0.0,20.594310671968955,20000047
SPT,2.4375358000700063,7,0.5833333333333334,0.4630711032812445,0.5833333333333334,0.41666666666666663,0.4394947814663588,0.5043471290812537,0.20833333333333334,0.0,16.12921258542039,20000048
SPT,8.469608437163979,9,0.75,0.6154782980950892,0.75,0.25,0.5415650538667317,0.42600454756048595,0.0625,0.0,19.008757366486712,20000049
SPT,8.70188723227568,9,0.75,0.5997988631372276,0.75,0.25,0.545175698089297,0.42215896519430424,0.125,0.0,19.184131655872676,20000050
SPT,5.95181912686164,8,0.6666666666666666,0.5331911874683997,0.6666666666666666,0.33333333333333337,0.5810189669951792,0.49729380611783713,0.20833333333333334,0.0,20.156429682604905,20000051
SPT,2.015664507829224,6,0.5,0.37874749221425474,0.6666666666666666,0.5,0.5611154101948931,0.5198560125606524,0.22916666666666666,0.0,18.808929367816653,20000052
SPT,6.59032599161057,8,0.6666666666666666,0.5249647616205179,0.75,0.33333333333333337,0.5870555616768197,0.4664705845310298,0.125,0.0,20.40733487550082,20000053
SPT,8.616488721226798,9,0.75,0.6144546027491897,0.75,0.25,0.6025391459167687,0.46356531666249584,0.125,0.0,21.579779895666732,20000054
SPT,4.950617264253996,7,0.5833333333333334,0.41459790825273696,0.75,0.41666666666666663,0.6172881453164416,0.4797551230403907,0.1875,0.0,20.063769007994562,20000055
SPT,6.46393827088927,8,0.6666666666666666,0.5060396671148923,0.75,0.33333333333333337,0.557912000909778,0.4575739887445868,0.14583333333333334,0.0,19.75362179165518,20000056
SPT,-1.8484194807537344,5,0.4166666666666667,0.3183075093371349,0.4166666666666667,0.5833333333333333,0.4375656676783093,0.5421132472656155,0.3333333333333333,0.0,14.756364706100554,20000057
SPT,5.567731916691298,8,0.6666666666666666,0.502770912203083,0.6666666666666666,0.33333333333333337,0.4794364248178054,0.4386451462575387,0.125,0.0,17.40210776717978,20000058
SPT,3.2390955672280333,7,0.5833333333333334,0.47992467866798943,0.5833333333333334,0.41666666666666663,0.5159152604685936,0.5330301338826863,0.25,0.0,17.149021435735012,20000059
SPT,9.29734249992907,9,0.75,0.6088002805754497,0.75,0.25,0.6596828860583831,0.4578886759931233,0.14583333333333334,0.0,22.418123726215835,20000060
SPT,-1.4129082128626993,5,0.4166666666666667,0.2937704977467842,0.5,0.5833333333333333,0.459467848414634,0.5335082157347967,0.2708333333333333,0.0,15.94684862806648,20000061
SPT,6.635325117062794,8,0.6666666666666666,0.5550341192767443,0.6666666666666666,0.33333333333333337,0.6399935532507758,0.5248571715105582,0.2708333333333333,0.0,20.493101159136252,20000062
SPT,3.192598079456425,7,0.5833333333333334,0.4490116384941528,0.5833333333333334,0.41666666666666663,0.4639957053293897,0.4846304212679682,0.16666666666666666,0.0,16.499708378000065,20000063
SPT,10.204110716045763,9,0.75,0.603943946462186,0.8333333333333334,0.25,0.6485316628848726,0.41509198298154965,0.14583333333333334,0.0,22.38902530874632,20000064
SPT,2.521276533646963,7,0.5833333333333334,0.414739488768574,0.5833333333333334,0.41666666666666663,0.4901238200143509,0.5134970847385172,0.20833333333333334,0.0,16.74689808202477,20000065
SPT,7.772559701533341,8,0.6666666666666666,0.5543647206695951,0.75,0.33333333333333337,0.6688531299444417,0.4854210253818784,0.22916666666666666,0.0,22.17341796614977,20000066
SPT,7.501094729253139,8,0.6666666666666666,0.5414671940302918,0.8333333333333334,0.33333333333333337,0.7013363443071611,0.5105349529925628,0.16666666666666666,0.0,23.73097564128682,20000067
SPT,2.2979076875280335,6,0.5,0.3935428391239667,0.5833333333333334,0.5,0.5195066426108281,0.48562750812614225,0.1875,0.0,18.39020921644206,20000068
SPT,7.928619532567814,8,0.6666666666666666,0.4917418976229022,0.8333333333333334,0.33333333333333337,0.7357173257782632,0.4719087345679227,0.16666666666666666,0.0,23.46603092686384,20000069
SPT,9.004724826773089,9,0.75,0.6777677982160152,0.75,0.25,0.6408138132325899,0.49906793389357434,0.16666666666666666,0.0,22.03578178477931,20000070
SPT,-2.203113290650723,5,0.4166666666666667,0.3082891861899211,0.5,0.5833333333333333,0.3933345981651599,0.538361349077745,0.2916666666666667,0.0,13.942415442179906,20000071
SPT,3.212054041472342,6,0.5,0.3751222733362928,0.6666666666666666,0.5,0.5168358468373037,0.41284233946470117,0.020833333333333332,0.0,19.027222000519735,20000072
SPT,2.7044056902609714,7,0.5833333333333334,0.40420792218498647,0.5833333333333334,0.41666666666666663,0.4882534106689565,0.492397838836365,0.22916666666666666,0.0,16.92051567011397,20000073
SPT,1.417573639372836,6,0.5,0.3732791390494325,0.5833333333333334,0.5,0.45028720964026475,0.4738488205268383,0.125,0.0,15.876896560082477,20000074
SPT,-0.4071925767865754,5,0.4166666666666667,0.29953482884114085,0.5,0.5833333333333333,0.5037356988986531,0.5082075181117115,0.2916666666666667,0.0,15.79533366112889,20000075
SPT,0.11152090391244251,6,0.5,0.3986866521439332,0.5,0.5,0.42555111579040134,0.539390673546855,0.2708333333333333,0.0,15.325955074441959,20000076
SPT,9.400554849212007,9,0.75,0.6227492790477936,0.8333333333333334,0.25,0.6569208601622406,0.46485267015265036,0.20833333333333334,0.0,22.224111889044575,20000077
SPT,6.1096410483191015,8,0.6666666666666666,0.5249526298360363,0.6666666666666666,0.33333333333333337,0.4910937493232,0.42586793542944695,0.041666666666666664,0.0,18.046988639953938,20000078
SPT,4.317016841187424,7,0.5833333333333334,0.40284672994241116,0.6666666666666666,0.41666666666666663,0.5379192336101184,0.4512093313900454,0.14583333333333334,0.0,18.996018084135205,20000079
SPT,6.400746885801978,8,0.6666666666666666,0.5546413241420809,0.6666666666666666,0.33333333333333337,0.6495070970121449,0.535346234300452,0.20833333333333334,0.0,21.442651618774804,20000080
SPT,0.5402155469258345,6,0.5,0.38464919423959276,0.5,0.5,0.41099887450399697,0.5017589967676197,0.22916666666666666,0.0,14.439819389811706,20000081
SPT,10.651623522865892,9,0.75,0.6053794308438661,0.8333333333333334,0.25,0.6926918174045612,0.3989626253082903,0.08333333333333333,0.0,23.4029486583347,20000082
SPT,6.3882223723201,8,0.6666666666666666,0.5195404789713137,0.75,0.33333333333333337,0.5718662143934788,0.4730799924301006,0.08333333333333333,0.0,20.189516792818775,20000083
SPT,5.655189229628446,8,0.6666666666666666,0.49773726531267015,0.6666666666666666,0.33333333333333337,0.48778562573720924,0.4479490479118425,0.08333333333333333,0.0,17.079101550665644,20000084
SPT,4.149301431864519,7,0.5833333333333334,0.42573465136693633,0.5833333333333334,0.41666666666666663,0.5730060773686835,0.4842927966086003,0.22916666666666666,0.0,18.658308988154623,20000085
SPT,5.929306276623658,8,0.6666666666666666,0.5419335711647914,0.6666666666666666,0.33333333333333337,0.5825221674292821,0.5061535231518312,0.22916666666666666,0.0,19.5682518067646,20000086
SPT,7.657792402259043,8,0.6666666666666666,0.5362906636339961,0.75,0.33333333333333337,0.6278728767016999,0.45285194286401365,0.16666666666666666,0.0,22.281580266605364,20000087
SPT,7.28031899300129,8,0.6666666666666666,0.5598602234600362,0.6666666666666666,0.33333333333333337,0.6498342607344959,0.49352813230715875,0.20833333333333334,0.0,21.361487523713006,20000088
SPT,1.1297436366761395,6,0.5,0.34413159975820573,0.5833333333333334,0.5,0.3868707973505258,0.42659402261498663,0.041666666666666664,0.0,14.5597753952663,20000089
SPT,2.7714897729894177,7,0.5833333333333334,0.45529272403595894,0.5833333333333334,0.41666666666666663,0.4569647735125492,0.48048879411857426,0.125,0.0,15.860993069862591,20000090
SPT,3.204533940379859,7,0.5833333333333334,0.43804361615826576,0.6666666666666666,0.41666666666666663,0.5192048300711264,0.5061288495440893,0.20833333333333334,0.0,17.688279279604725,20000091
SPT,3.5344764467444127,7,0.5833333333333334,0.45250388420337145,0.5833333333333334,0.41666666666666663,0.507490397768335,0.5016426804752862,0.3125,0.0,16.668475732195272,20000092
SPT,3.6142202824566225,7,0.5833333333333334,0.4076236684980079,0.6666666666666666,0.41666666666666663,0.4100030622636471,0.4039101954666546,0.0,0.0,16.162929910152943,20000093
SPT,4.921592781272353,8,0.6666666666666666,0.4991784508472287,0.6666666666666666,0.33333333333333337,0.48682226627839364,0.46878020436689943,0.10416666666666667,0.0,17.096747023441655,20000094
SPT,0.6196792739393807,6,0.5,0.379603859243622,0.5,0.5,0.5013181603414542,0.5436340541617325,0.2708333333333333,0.0,16.091607646132385,20000095
SPT,5.448374631753075,8,0.6666666666666666,0.5020921214023156,0.6666666666666666,0.33333333333333337,0.5564366588213153,0.4884100695556837,0.10416666666666667,0.0,18.852606593064746,20000096
SPT,-1.006833101183711,5,0.4166666666666667,0.29525197549442406,0.5,0.5833333333333333,0.42871672172910436,0.4864414527857086,0.1875,0.0,15.224717232403963,20000097
SPT,4.207207289875255,7,0.5833333333333334,0.47859064677599616,0.6666666666666666,0.41666666666666663,0.5898181517617168,0.5273635071971194,0.2708333333333333,0.0,19.122257627374264,20000098
SPT,6.233613678614534,7,0.5833333333333334,0.4030028486863422,0.75,0.41666666666666663,0.6175052648785998,0.4059213725599715,0.10416666666666667,0.0,20.569714295487177,20000099
SPT,8.36521470071795,9,0.75,0.6318378306697141,0.75,0.25,0.6206696473035243,0.5043636125382903,0.22916666666666666,0.0,20.874174347200814,20000100
SPT,4.861316676441904,7,0.5833333333333334,0.4116897054561909,0.6666666666666666,0.41666666666666663,0.6363353061100104,0.49464430689703615,0.3125,0.0,20.414416787131305,20000101
SPT,5.799670052286431,8,0.6666666666666666,0.47983953332654505,0.6666666666666666,0.33333333333333337,0.4982885744558525,0.4210612851738836,0.10416666666666667,0.0,17.454488398197398,20000102
SPT,6.439934632878768,8,0.6666666666666666,0.5334858933828045,0.6666666666666666,0.33333333333333337,0.5163207539870411,0.4310804938407859,0.10416666666666667,0.0,19.095296800475186,20000103
SPT,1.7189008987527776,6,0.5,0.4033833753571723,0.5833333333333334,0.5,0.46095795629834946,0.4737171666937822,0.22916666666666666,0.0,16.879889355341014,20000104
SPT,9.755883906334384,10,0.8333333333333334,0.7015178699506479,0.8333333333333334,0.16666666666666663,0.6086703163125935,0.4837399097404558,0.16666666666666666,0.0,21.043719531224227,20000105
SPT,6.243405710684851,8,0.6666666666666666,0.5470484562796436,0.6666666666666666,0.33333333333333337,0.5190833135284079,0.4672669453343777,0.10416666666666667,0.0,19.241718625729625,20000106
SPT,6.291184801161984,8,0.6666666666666666,0.48491523536495995,0.75,0.33333333333333337,0.579277163668221,0.45905243239337223,0.125,0.0,19.105555529938382,20000107
SPT,8.250878172776966,9,0.75,0.6087704269723471,0.75,0.25,0.6209900210308713,0.4682266154703563,0.125,0.0,20.330094756538884,20000108
SPT,-1.7223685993304145,5,0.4166666666666667,0.3407112985773947,0.4166666666666667,0.5833333333333333,0.4006904535038475,0.5244955908362042,0.2916666666666667,0.0,14.407228839559702,20000109
SPT,4.37808297059401,7,0.5833333333333334,0.3923561708466012,0.6666666666666666,0.41666666666666663,0.5504598615344667,0.46453860144744774,0.22916666666666666,0.0,18.294499507990622,20000110
SPT,6.38482503290005,8,0.6666666666666666,0.5391461306701056,0.6666666666666666,0.33333333333333337,0.5408896702066998,0.4547216022679832,0.14583333333333334,0.0,19.47389173417337,20000111
SPT,4.40284766990445,7,0.5833333333333334,0.5162181299196543,0.5833333333333334,0.41666666666666663,0.6405980775199489,0.5582510155187549,0.3125,0.0,20.263705115945516,20000112
SPT,4.396897200601346,7,0.5833333333333334,0.38547890937126705,0.6666666666666666,0.41666666666666663,0.47153199582333966,0.3910881534794255,0.0625,0.0,17.16507673305364,20000113
SPT,0.36781014228705033,6,0.5,0.39290710150178443,0.5,0.5,0.3836883676798268,0.4902690395719979,0.0625,0.0,14.117314823280973,20000114
SPT,3.699385180495528,7,0.5833333333333334,0.4559140745820772,0.5833333333333334,0.41666666666666663,0.5594588637422108,0.5079630995215257,0.22916666666666666,0.0,18.491768103013698,20000115
SPT,6.323777032107583,8,0.6666666666666666,0.5556273180552664,0.6666666666666666,0.33333333333333337,0.5887767635803628,0.4645665304213234,0.14583333333333334,0.0,19.412862748433085,20000116
SPT,5.120229687359922,8,0.6666666666666666,0.5311557997913378,0.6666666666666666,0.33333333333333337,0.5333835033655756,0.49901374807294047,0.14583333333333334,0.0,18.65037606630294,20000117
SPT,5.80717478796816,8,0.6666666666666666,0.4976670097110679,0.6666666666666666,0.33333333333333337,0.5222460955724539,0.46133053943683183,0.14583333333333334,0.0,18.046902882115234,20000118
SPT,4.380251252028833,7,0.5833333333333334,0.4672380136858411,0.5833333333333334,0.41666666666666663,0.5564150375961,0.48235541331339,0.20833333333333334,0.0,18.51339693079997,20000119
SPT,4.584656974818074,7,0.5833333333333334,0.4395217907821117,0.6666666666666666,0.41666666666666663,0.619333861148581,0.5059553731157018,0.20833333333333334,0.0,21.213551175447577,20000120
SPT,-5.008939195995289,4,0.3333333333333333,0.2529966767049299,0.3333333333333333,0.6666666666666667,0.3100804495060205,0.5260190582264944,0.25,0.0,11.395235447155411,20000121
SPT,0.4809461645314155,6,0.5,0.4552111443560567,0.5,0.5,0.3938196316875248,0.4996633154246295,0.1875,0.0,14.89531614098453,20000122
SPT,4.269540677586195,7,0.5833333333333334,0.39778421794801294,0.75,0.41666666666666663,0.5518491377754701,0.4569539233434252,0.10416666666666667,0.0,19.495593474482316,20000123
SPT,7.859584614217712,9,0.75,0.5818047891872653,0.75,0.25,0.585794557058235,0.463370253143478,0.125,0.0,20.111837988732173,20000124
SPT,6.569611525854822,8,0.6666666666666666,0.4955808936130427,0.75,0.33333333333333337,0.5694846859624826,0.4422180525093795,0.14583333333333334,0.0,19.12638234109218,20000125
SPT,0.18265958706023278,6,0.5,0.4144562669237452,0.5,0.5,0.41203701591662206,0.5277624878287911,0.20833333333333334,0.0,15.198314877645624,20000126
SPT,5.03140759462661,7,0.5833333333333334,0.46950071682809574,0.6666666666666666,0.41666666666666663,0.5825894542311258,0.47190855190243525,0.1875,0.0,20.400227643306703,20000127
SPT,4.676669591423865,8,0.6666666666666666,0.47532089377908726,0.6666666666666666,0.33333333333333337,0.4410060645065769,0.44561293206009217,0.10416666666666667,0.0,16.12064409307709,20000128
SPT,5.867859937008935,8,0.6666666666666666,0.5576988863426392,0.6666666666666666,0.33333333333333337,0.5280545603783814,0.47930165793275953,0.16666666666666666,0.0,18.02791334011905,20000129
SPT,7.882154485475702,9,0.75,0.6033090990720328,0.75,0.25,0.5885649701307186,0.4889909194595609,0.125,0.0,19.892556630315216,20000130
SPT,3.942709794252006,7,0.5833333333333334,0.47304228490994227,0.5833333333333334,0.41666666666666663,0.5500802453179353,0.5020638123268005,0.2708333333333333,0.0,18.990207738216164,20000131
SPT,2.55279723625912,6,0.5,0.35719617017956334,0.6666666666666666,0.5,0.48045415959961285,0.4356936818890469,0.10416666666666667,0.0,17.563309455469323,20000132
SPT,6.877183988420649,8,0.6666666666666666,0.5316628642605303,0.75,0.33333333333333337,0.5414012445460078,0.41529140912766493,0.0,0.0,18.884556769298314,20000133
SPT,5.873464923974906,8,0.6666666666666666,0.5370908991419924,0.6666666666666666,0.33333333333333337,0.4938277551845389,0.44687325218772606,0.08333333333333333,0.0,18.011548018757537,20000134
SPT,8.140120744415814,8,0.6666666666666666,0.5231331548242332,0.8333333333333334,0.33333333333333337,0.7558549837201355,0.5136928259865692,0.25,0.0,23.902553148309504,20000135
SPT,6.704606175956021,8,0.6666666666666666,0.5179622587634923,0.75,0.33333333333333337,0.6019772605940196,0.47346187255506217,0.14583333333333334,0.0,20.158370493076724,20000136
SPT,6.074716951107657,8,0.6666666666666666,0.54255049657557,0.6666666666666666,0.33333333333333337,0.5572880857425049,0.4717092296305961,0.20833333333333334,0.0,17.97246030192498,20000137
SPT,0.401354084605531,6,0.5,0.367823192329912,0.5,0.5,0.4195751717142864,0.4901152362428087,0.14583333333333334,0.0,15.103984127774797,20000138
SPT,2.641672730584741,7,0.5833333333333334,0.4206163463801997,0.5833333333333334,0.41666666666666663,0.3999993348705894,0.4463872605184216,0.14583333333333334,0.0,15.181354484446166,20000139
SPT,8.487942767615886,9,0.75,0.5820700824771015,0.8333333333333334,0.25,0.516898058823528,0.3980869381732856,0.0,0.0,20.020638087899382,20000140
SPT,3.169350367925555,6,0.5,0.3951155136731298,0.6666666666666666,0.5,0.5766899280247437,0.4894007169036101,0.16666666666666666,0.0,19.758044343711077,20000141
SPT,-4.176474710228378,4,0.3333333333333333,0.2250508274423047,0.4166666666666667,0.6666666666666667,0.36835379548021036,0.5122378594815485,0.25,0.0,13.337261552562314,20000142
SPT,-1.9900020571009724,5,0.4166666666666667,0.30380057814736966,0.4166666666666667,0.5833333333333333,0.3804382291898884,0.5095475782301141,0.25,0.0,13.532213251564368,20000143
SPT,8.893668808964856,9,0.75,0.6557638311510289,0.75,0.25,0.6380425016020256,0.47784720502829153,0.16666666666666666,0.0,21.646239902039824,20000144
SPT,4.780447274488381,7,0.5833333333333334,0.42495230139892864,0.75,0.41666666666666663,0.5957610662953668,0.476054146370515,0.16666666666666666,0.0,20.287973523919835,20000145
SPT,2.105522120656851,6,0.5,0.39458109409453207,0.5833333333333334,0.5,0.451677877266184,0.45005407826902194,0.125,0.0,16.232998266699163,20000146
SPT,5.741451807852373,8,0.6666666666666666,0.4806027543664048,0.6666666666666666,0.33333333333333337,0.4693406556738415,0.4151073493948049,0.08333333333333333,0.0,16.7353039582156,20000147
SPT,3.48500968141024,7,0.5833333333333334,0.49218671935319747,0.5833333333333334,0.41666666666666663,0.4778478428079304,0.4859216690567895,0.16666666666666666,0.0,16.92820631265887,20000148
SPT,7.611717724836327,8,0.6666666666666666,0.5245171277167621,0.75,0.33333333333333337,0.7088704886788854,0.4928845220268414,0.22916666666666666,0.0,22.75048642353514,20000149
SPT,3.6750808424193253,7,0.5833333333333334,0.4287845146410583,0.6666666666666666,0.41666666666666663,0.44214387465945576,0.43407114425375903,0.08333333333333333,0.0,16.774864935740297,20000150
SPT,6.370220613546496,8,0.6666666666666666,0.5099611516378894,0.75,0.33333333333333337,0.5634773889278741,0.44764761562644767,0.08333333333333333,0.0,20.685620694098176,20000151
SPT,0.5625396000758494,6,0.5,0.41949815709655336,0.5,0.5,0.4486180710898829,0.5220117734337951,0.2916666666666667,0.0,15.628290409550088,20000152
SPT,1.791057950281696,6,0.5,0.4459226543882845,0.5833333333333334,0.5,0.5192622532767652,0.5057373433241908,0.3333333333333333,0.0,18.263372591251642,20000153
SPT,7.466979153073023,8,0.6666666666666666,0.5600787000709778,0.75,0.33333333333333337,0.6781365758327803,0.48323312004578617,0.1875,0.0,22.03682888655645,20000154
SPT,3.9993129924858986,7,0.5833333333333334,0.46320328939441985,0.5833333333333334,0.41666666666666663,0.4502372616957029,0.42569528873526413,0.020833333333333332,0.0,16.83701367217493,20000155
SPT,2.7918539227359904,7,0.5833333333333334,0.462936396985404,0.5833333333333334,0.41666666666666663,0.5080964869620364,0.5246606347301755,0.20833333333333334,0.0,17.635307247059554,20000156
SPT,5.898650094565676,8,0.6666666666666666,0.4888921717756274,0.6666666666666666,0.33333333333333337,0.5895388638915485,0.47899734068522354,0.22916666666666666,0.0,19.649565231770723,20000157
SPT,6.340165506191973,8,0.6666666666666666,0.537217821588921,0.6666666666666666,0.33333333333333337,0.5726620953645464,0.4790040642956579,0.20833333333333334,0.0,19.11234209907568,20000158
SPT,1.0262511941341361,6,0.5,0.33790120352350206,0.5,0.5,0.45940931358899745,0.47637774784388015,0.25,0.0,15.689282351664964,20000159
SPT,4.808989340265386,7,0.5833333333333334,0.3815027243115575,0.75,0.41666666666666663,0.5770698497988986,0.4524900567657279,0.16666666666666666,0.0,19.784511612411993,20000160
SPT,8.821749076140454,9,0.75,0.5745665090385498,0.75,0.25,0.5558491711602374,0.3962317797430857,0.020833333333333332,0.0,19.050052797486806,20000161
SPT,0.28217201945386594,6,0.5,0.3817871885236635,0.5,0.5,0.4113579768866244,0.5060410450845848,0.22916666666666666,0.0,14.267089593526556,20000162
SPT,5.770358910245679,8,0.6666666666666666,0.5413968159552247,0.6666666666666666,0.33333333333333337,0.5035706265251285,0.46656262754308137,0.08333333333333333,0.0,18.19666819763658,20000163
SPT,3.7382547376183917,7,0.5833333333333334,0.4754082259060818,0.5833333333333334,0.41666666666666663,0.5104606627969576,0.5072398971225197,0.2916666666666667,0.0,17.609033806466936,20000164
SPT,8.30126267106649,9,0.75,0.6101197733165016,0.75,0.25,0.6442429044562092,0.47906957697907293,0.1875,0.0,21.037000755900486,20000165
SPT,6.676452268561968,8,0.6666666666666666,0.5733261387752155,0.75,0.33333333333333337,0.6538071259008235,0.5251406968223118,0.20833333333333334,0.0,21.24700349740444,20000166
SPT,8.624922378939011,9,0.75,0.586631542442043,0.75,0.25,0.5522914569921843,0.4047622932742195,0.08333333333333333,0.0,20.528175811422578,20000167
SPT,-4.257695259476769,4,0.3333333333333333,0.23535204455843564,0.4166666666666667,0.6666666666666667,0.3638377807230704,0.5222074039099099,0.3333333333333333,0.0,13.236413596026438,20000168
SPT,8.571910901766735,9,0.75,0.6030741194638038,0.75,0.25,0.6187298780462016,0.4676219506042405,0.22916666666666666,0.0,19.86181319899625,20000169
SPT,2.1695013663379106,6,0.5,0.34843063584101874,0.5833333333333334,0.5,0.5080144395384973,0.4597934021050025,0.16666666666666666,0.0,16.920769406948903,20000170
SPT,8.475404314077952,9,0.75,0.6143360353394014,0.75,0.25,0.5783378225200049,0.4459175675865292,0.10416666666666667,0.0,21.235237074068756,20000171
SPT,6.184272498309376,8,0.6666666666666666,0.5818586450819122,0.75,0.33333333333333337,0.620211879661831,0.5161961703629957,0.20833333333333334,0.0,20.946394842728353,20000172
SPT,9.030294042371812,9,0.75,0.6157293323045168,0.75,0.25,0.6053376228306967,0.46395758100715306,0.14583333333333334,0.0,20.968568644892954,20000173
SPT,9.093814412735377,9,0.75,0.6408015851114838,0.75,0.25,0.6490661309610927,0.47728581494572775,0.1875,0.0,22.077817300104076,20000174
SPT,0.6280465280261258,6,0.5,0.34225766407888053,0.5833333333333334,0.5,0.39065874725616584,0.4611089731297237,0.125,0.0,14.605364908266795,20000175
SPT,5.838834974695742,8,0.6666666666666666,0.5000556585550514,0.6666666666666666,0.33333333333333337,0.5340876904761981,0.45461035478496675,0.14583333333333334,0.0,18.8421940163608,20000176
SPT,9.25548639660951,9,0.75,0.6474880699559009,0.75,0.25,0.6328539307810833,0.46050794804129386,0.10416666666666667,0.0,21.736607607097945,20000177
SPT,9.1421408656365,9,0.75,0.65093338565582,0.75,0.25,0.6538117608556382,0.4923010170952326,0.20833333333333334,0.0,22.497992766796738,20000178
SPT,5.18752706350149,7,0.5833333333333334,0.44133267134416526,0.6666666666666666,0.41666666666666663,0.5919395042268886,0.45214972894767574,0.1875,0.0,19.886326834943883,20000179
SPT,-0.576513805997902,5,0.4166666666666667,0.34983123599079546,0.5,0.5833333333333333,0.4684803658667973,0.5123308454480466,0.2916666666666667,0.0,15.889169279384054,20000180
SPT,8.879922886346966,9,0.75,0.554694581043458,0.8333333333333334,0.25,0.6126438973939693,0.43611015217059074,0.10416666666666667,0.0,21.724404333326653,20000181
SPT,3.552679919988974,7,0.5833333333333334,0.526035649146759,0.5833333333333334,0.41666666666666663,0.5310695614196308,0.5308077968698407,0.3125,0.0,18.04410955393534,20000182
SPT,-1.5230349655512865,5,0.4166666666666667,0.2547030773943752,0.5,0.5833333333333333,0.3727503685202485,0.4765063204093584,0.22916666666666666,0.0,13.356237479611277,20000183
SPT,2.666871109937973,7,0.5833333333333334,0.3932698050322462,0.5833333333333334,0.41666666666666663,0.4480735576205827,0.46128170708035326,0.14583333333333334,0.0,15.717610852218943,20000184
SPT,8.41313580478561,9,0.75,0.5987364907525622,0.75,0.25,0.5754395637077935,0.4591586180141977,0.14583333333333334,0.0,19.913235413273995,20000185
SPT,5.649342579931691,7,0.5833333333333334,0.4058142838745782,0.75,0.41666666666666663,0.5377333404139651,0.39076758393552646,0.0625,0.0,19.219355960142856,20000186
SPT,1.1613908959960935,6,0.5,0.38661186259073443,0.5,0.5,0.5049275790120007,0.521039367950325,0.2916666666666667,0.0,17.251790827271464,20000187
SPT,8.485766272790698,9,0.75,0.6322397577430893,0.75,0.25,0.6412459477555557,0.5028008280674341,0.16666666666666666,0.0,21.769996780943337,20000188
SPT,1.3654018265659318,6,0.5,0.3447300498789262,0.5833333333333334,0.5,0.42542784483768115,0.45275152066529717,0.14583333333333334,0.0,15.368758535470567,20000189
SPT,6.157938140470602,8,0.6666666666666666,0.5366519573707776,0.75,0.33333333333333337,0.6288480702345779,0.5186453529020408,0.25,0.0,20.250722190533253,20000190
SPT,14.422391869887697,12,1.0,1.0,1.0,0.0,0.6337600795847403,0.4124325286829272,0.0,0.020833333333333332,22.642499141465983,20000191
SPT,6.548779536639351,8,0.6666666666666666,0.5614560830935417,0.75,0.33333333333333337,0.6111621178248224,0.502242462066757,0.1875,0.0,20.851991206806517,20000192
SPT,10.191150295859623,9,0.75,0.6610332304616348,0.75,0.25,0.7176830979442959,0.4827737230637473,0.22916666666666666,0.0,24.08203632781996,20000193
SPT,5.639728580994113,8,0.6666666666666666,0.5400908989116694,0.6666666666666666,0.33333333333333337,0.5831533899311606,0.5310769942963555,0.22916666666666666,0.0,19.59492831962141,20000194
SPT,3.0243201369534605,7,0.5833333333333334,0.4145057120843987,0.5833333333333334,0.41666666666666663,0.5205472300316364,0.5011958095704924,0.22916666666666666,0.0,17.663357750925393,20000195
SPT,9.120666049756386,9,0.75,0.6493968202221952,0.75,0.25,0.635060597588572,0.47580080429498217,0.14583333333333334,0.0,21.543040391726592,20000196
SPT,2.9096758789293995,6,0.5,0.3722304175629767,0.6666666666666666,0.5,0.5357579465162959,0.46453804832708806,0.20833333333333334,0.0,18.751565955667573,20000197
SPT,5.8314221906161,8,0.6666666666666666,0.5153492591592281,0.6666666666666666,0.33333333333333337,0.5015649404423721,0.4522203030922376,0.10416666666666667,0.0,18.787428259862374,20000198
SPT,3.0820414592971392,7,0.5833333333333334,0.4313721411888959,0.5833333333333334,0.41666666666666663,0.4908981730409246,0.4930384727641152,0.1875,0.0,16.386924458369013,20000199
SPT,6.965362346703608,8,0.6666666666666666,0.5245646793145973,0.75,0.33333333333333337,0.6341949845705487,0.49510983001222164,0.14583333333333334,0.0,21.480747367010046,20000200
SPT,1.0374915766134079,6,0.5,0.34019276585381536,0.5,0.5,0.4428888713463217,0.4672522632564557,0.22916666666666666,0.0,15.602400175729757,20000201
SPT,3.534086566815258,7,0.5833333333333334,0.456748425643784,0.6666666666666666,0.41666666666666663,0.5388364392716535,0.5149382479524337,0.1875,0.0,18.021835406550625,20000202
SPT,10.442837655991578,10,0.8333333333333334,0.6965775822443484,0.8333333333333334,0.16666666666666663,0.6095911271263917,0.45702864715417685,0.10416666666666667,0.0,21.156296836158997,20000203
SPT,1.9264429645262808,6,0.5,0.34873736614820156,0.5833333333333334,0.5,0.44704660929096285,0.43911832673183354,0.10416666666666667,0.0,15.924954980272513,20000204
SPT,9.7801355864833,9,0.75,0.6413273286041786,0.8333333333333334,0.25,0.6212504993558423,0.42526575597925526,0.10416666666666667,0.0,21.888799538906,20000205
SPT,1.4044804553636125,6,0.5,0.33114292752142194,0.5833333333333334,0.5,0.4810154707846048,0.4926536474039825,0.22916666666666666,0.0,16.19206513665865,20000206
SPT,-1.9271359402663082,5,0.4166666666666667,0.3251581724555625,0.4166666666666667,0.5833333333333333,0.3965874927740242,0.5137036394770863,0.2708333333333333,0.0,13.749937762028113,20000207
SPT,4.3399510238546775,7,0.5833333333333334,0.4611858378825413,0.5833333333333334,0.41666666666666663,0.5454368578408163,0.46844069389765536,0.16666666666666666,0.0,18.59311372307392,20000208
SPT,7.377285244064089,8,0.6666666666666666,0.5310132450175141,0.6666666666666666,0.33333333333333337,0.6036187325107721,0.44585069417846857,0.1875,0.0,20.045656733269,20000209
SPT,14.434455528501328,11,0.9166666666666666,0.8542140547004792,0.9166666666666666,0.08333333333333337,0.7149196307179654,0.4189598937140044,0.14583333333333334,0.0,24.602288224981383,20000210
SPT,1.2725740279859623,6,0.5,0.34889725091169677,0.5833333333333334,0.5,0.41450294472244287,0.4390313025541633,0.041666666666666664,0.0,16.630098748836236,20000211
SPT,8.77738995349343,9,0.75,0.6286045128169919,0.75,0.25,0.5630681701039086,0.41789069201144863,0.0625,0.0,20.375525930279096,20000212
SPT,7.249088504149029,8,0.6666666666666666,0.45836511147150627,0.75,0.33333333333333337,0.6496000218937225,0.44735477521009787,0.20833333333333334,0.0,21.471787381013733,20000213
SPT,-0.2512382757837863,6,0.5,0.38274338228523397,0.5,0.5,0.3887824109235533,0.5162825552560228,0.22916666666666666,0.0,13.831332240984567,20000214
SPT,6.204984640215671,8,0.6666666666666666,0.5920933704267647,0.6666666666666666,0.33333333333333337,0.6577455044912927,0.5625814495905899,0.375,0.0,21.981286622025976,20000215
SPT,6.22582687849167,8,0.6666666666666666,0.4995910867132653,0.6666666666666666,0.33333333333333337,0.5045832094555079,0.4165301364126686,0.0625,0.0,18.178991862117048,20000216
SPT,10.55306734138077,9,0.75,0.6190130503429747,0.8333333333333334,0.25,0.7238701844326968,0.42822726292142804,0.16666666666666666,0.0,23.988112208995954,20000217
SPT,2.6135885671786436,7,0.5833333333333334,0.39709049419101355,0.6666666666666666,0.41666666666666663,0.4672187542556645,0.48037855981789973,0.1875,0.0,17.06449525115455,20000218
SPT,3.1606350716628144,7,0.5833333333333334,0.41830703775875444,0.6666666666666666,0.41666666666666663,0.4696504903496163,0.4704962843170453,0.020833333333333332,0.0,17.27793430223566,20000219
SPT,3.55217319692981,7,0.5833333333333334,0.4401437463786182,0.5833333333333334,0.41666666666666663,0.4225848851773375,0.4120723524199546,0.0625,0.0,16.028025165907252,20000220
SPT,9.971082638373527,9,0.75,0.5924621621805523,0.8333333333333334,0.25,0.6631339631725535,0.4262330917825072,0.1875,0.0,22.72619504615831,20000221
SPT,6.063415046132076,8,0.6666666666666666,0.4478683373317784,0.75,0.33333333333333337,0.5533564588245412,0.4561953955660849,0.20833333333333334,0.0,18.965826283426487,20000222
SPT,8.099770382516997,9,0.75,0.5669797319433824,0.75,0.25,0.6224205952435252,0.4749406258062832,0.16666666666666666,0.0,20.279857670880165,20000223
SPT,6.457115376626992,8,0.6666666666666666,0.5405422606666327,0.6666666666666666,0.33333333333333337,0.5404109961097427,0.455230121460443,0.14583333333333334,0.0,19.724541369415718,20000224
SPT,8.165866713133466,9,0.75,0.6094703839476108,0.75,0.25,0.6425634651810949,0.4937736901539263,0.16666666666666666,0.0,21.27773988476651,20000225
SPT,5.289038034365162,7,0.5833333333333334,0.500787805847425,0.6666666666666666,0.41666666666666663,0.6058187894335502,0.48628486758804373,0.16666666666666666,0.0,21.037728362360443,20000226
SPT,8.253743140847014,8,0.6666666666666666,0.48772766678675045,0.8333333333333334,0.33333333333333337,0.6474876468913309,0.41353796188373554,0.125,0.0,21.755510107397107,20000227
SPT,4.584413617844833,7,0.5833333333333334,0.38225299114328604,0.75,0.41666666666666663,0.6034438568460762,0.47329026740062674,0.1875,0.0,20.232077710512804,20000228
SPT,7.663692702362968,8,0.6666666666666666,0.573464216035302,0.6666666666666666,0.33333333333333337,0.6616535140718067,0.48569061701145616,0.22916666666666666,0.0,21.892668258720786,20000229
SPT,6.583431206756071,8,0.6666666666666666,0.5604096388888157,0.6666666666666666,0.33333333333333337,0.5811859607695951,0.4751423286816039,0.22916666666666666,0.0,20.296122915800343,20000230
SPT,6.002182534969627,8,0.6666666666666666,0.47994074649170354,0.75,0.33333333333333337,0.6148252604436389,0.5027462235829367,0.20833333333333334,0.0,20.355169032511657,20000231
SPT,-1.207180789488091,5,0.4166666666666667,0.26328736786055223,0.5,0.5833333333333333,0.37472449826429305,0.461100248616318,0.16666666666666666,0.0,14.36085904778098,20000232
SPT,3.400876877105632,7,0.5833333333333334,0.47222352611833457,0.5833333333333334,0.41666666666666663,0.44698252410540834,0.46480885054194476,0.14583333333333334,0.0,16.97041874800378,20000233
SPT,0.7540642781776186,6,0.5,0.3552107085687263,0.5,0.5,0.3632126923510695,0.4456905804593186,0.125,0.0,13.71279671441939,20000234
SPT,3.0707933489370753,7,0.5833333333333334,0.4296885163052655,0.6666666666666666,0.41666666666666663,0.40497606560549304,0.4305697458854501,0.0,0.0,15.679531709550899,20000235
SPT,12.339962486707192,10,0.8333333333333334,0.7186106700264444,0.8333333333333334,0.16666666666666663,0.7289266866319063,0.4400919060912137,0.16666666666666666,0.0,23.71402651519157,20000236
SPT,4.454953861666146,7,0.5833333333333334,0.49335464568672455,0.5833333333333334,0.41666666666666663,0.6084624878522433,0.5285162832140469,0.3125,0.0,20.449532559862813,20000237
SPT,2.0823170930647175,6,0.5,0.327734334116546,0.6666666666666666,0.5,0.5672771061431473,0.5097377647443507,0.3333333333333333,0.0,19.147784410370015,20000238
SPT,6.182282725554788,8,0.6666666666666666,0.5773742105912917,0.6666666666666666,0.33333333333333337,0.6177417199132119,0.5446661232118148,0.2708333333333333,0.0,20.881950775260503,20000239
SPT,-1.379164792936138,5,0.4166666666666667,0.34861007760875,0.5,0.5833333333333333,0.49167702164026555,0.5649275337171487,0.3333333333333333,0.0,16.714604120531416,20000240
SPT,5.593919598865631,8,0.6666666666666666,0.5408385989798276,0.6666666666666666,0.33333333333333337,0.5519335941610694,0.5214753181922672,0.22916666666666666,0.0,18.84012393113722,20000241
SPT,11.534951107179056,10,0.8333333333333334,0.7226583725751561,0.9166666666666666,0.16666666666666663,0.6570147510573597,0.4099362744732999,0.0,0.0,22.988452537285433,20000242
SPT,-3.875496032066719,4,0.3333333333333333,0.278307658700669,0.4166666666666667,0.6666666666666667,0.3891221234238656,0.5400118932499196,0.3541666666666667,0.0,12.946834249053307,20000243
SPT,9.783905168974295,9,0.75,0.6700919068561599,0.75,0.25,0.660454347822518,0.45021180573765135,0.10416666666666667,0.0,22.56631167142477,20000244
SPT,4.949357132434959,7,0.5833333333333334,0.5316280571528136,0.6666666666666666,0.41666666666666663,0.581618839205272,0.4949278075265033,0.20833333333333334,0.0,19.296458067278135,20000245
SPT,10.835704540265777,10,0.8333333333333334,0.7281419856309699,0.8333333333333334,0.16666666666666663,0.6479616198579599,0.4844380886806688,0.125,0.0,22.952222369159575,20000246
SPT,8.634312688927968,9,0.75,0.6129356844303889,0.75,0.25,0.6253393757175162,0.4791140359138755,0.16666666666666666,0.0,21.01382018417957,20000247
SPT,14.595611083773305,11,0.9166666666666666,0.8675997003669181,0.9166666666666666,0.08333333333333337,0.7679320027288039,0.428008247630516,0.0625,0.0,26.091114377099256,20000248
SPT,4.212511029381939,7,0.5833333333333334,0.45318205207818024,0.6666666666666666,0.41666666666666663,0.6148460965087246,0.5253764122786873,0.2916666666666667,0.0,20.39833947034418,20000249
SPT,11.372916097488941,10,0.8333333333333334,0.6965656247409149,0.8333333333333334,0.16666666666666663,0.6296602352340664,0.42570024124846867,0.10416666666666667,0.0,21.545455317281963,20000250
SPT,6.597217214692486,8,0.6666666666666666,0.5012799119231333,0.6666666666666666,0.33333333333333337,0.5855525918068608,0.4413442377568358,0.14583333333333334,0.0,19.60583499267915,20000251
SPT,8.644980619293838,9,0.75,0.6276558897266921,0.75,0.25,0.5975651641203589,0.4527781082273153,0.0625,0.0,21.155340944413584,20000252
SPT,4.1010969671592115,7,0.5833333333333334,0.4250258153752915,0.5833333333333334,0.41666666666666663,0.49009881498560787,0.4403588362197164,0.1875,0.0,16.838674002923703,20000253
SPT,6.571973140725855,8,0.6666666666666666,0.565493911583922,0.75,0.33333333333333337,0.6566125462107856,0.5399811526408115,0.20833333333333334,0.0,20.98710170656874,20000254
SPT,3.626045328673562,7,0.5833333333333334,0.4803401299305577,0.5833333333333334,0.41666666666666663,0.5161407863968984,0.506762071300806,0.20833333333333334,0.0,17.2525442011523,20000255
SPT,7.013112011966001,8,0.6666666666666666,0.5366458614528008,0.6666666666666666,0.33333333333333337,0.5861865439607561,0.4672200050342661,0.14583333333333334,0.0,18.890863216501632,20000256
SPT,2.7898008020602694,7,0.5833333333333334,0.44797318873789316,0.5833333333333334,0.41666666666666663,0.45642417292246784,0.47725552140121924,0.125,0.0,15.706508756313639,20000257
SPT,2.333058925526509,7,0.5833333333333334,0.45011645948326995,0.5833333333333334,0.41666666666666663,0.4399717236347935,0.49048944681392204,0.10416666666666667,0.0,15.484922694776635,20000258
SPT,4.881170500045228,8,0.6666666666666666,0.5464672160067006,0.6666666666666666,0.33333333333333337,0.5026704064612529,0.509669483673154,0.20833333333333334,0.0,17.681287450908098,20000259
SPT,0.5875738787252529,6,0.5,0.444937870669122,0.5,0.5,0.46317781811644726,0.5504323848269198,0.3125,0.0,15.757682874430103,20000260
SPT,-0.337134745532631,5,0.4166666666666667,0.28204791979546534,0.5833333333333334,0.5833333333333333,0.6105065189608606,0.5811903718995715,0.3333333333333333,0.0,18.071709240335164,20000261
SPT,5.810427685858261,8,0.6666666666666666,0.5421598918481275,0.6666666666666666,0.33333333333333337,0.6064085618635678,0.5237306148747319,0.22916666666666666,0.0,19.26950352479824,20000262
SPT,7.378307148326833,8,0.6666666666666666,0.5109427964095239,0.75,0.33333333333333337,0.5640470344212049,0.3893390951248524,0.0,0.0,19.897722517226633,20000263
SPT,6.288994771656695,8,0.6666666666666666,0.5184666437872427,0.6666666666666666,0.33333333333333337,0.565335455753185,0.4763750981399622,0.20833333333333334,0.0,18.599596507341197,20000264
SPT,2.707214969778292,7,0.5833333333333334,0.4234369889680607,0.5833333333333334,0.41666666666666663,0.42520673514781865,0.4306820889477813,0.16666666666666666,0.0,15.879794369856624,20000265
SPT,8.40508222946634,9,0.75,0.5731865993493647,0.75,0.25,0.6220484482049659,0.4517888312264166,0.16666666666666666,0.0,20.547710072384472,20000266
SPT,-1.6862948421310067,5,0.4166666666666667,0.33119277623881355,0.4166666666666667,0.5833333333333333,0.4485534201990508,0.5416549521914618,0.3125,0.0,14.692161109527245,20000267
SPT,3.0473556632234473,7,0.5833333333333334,0.43225645040468413,0.5833333333333334,0.41666666666666663,0.4851615309975406,0.49242972195027335,0.16666666666666666,0.0,16.990299887725023,20000268
SPT,9.923955463349321,9,0.75,0.6475751487256022,0.75,0.25,0.6785118640906557,0.47369241883648977,0.20833333333333334,0.0,22.18916739818789,20000269
SPT,7.0093338017256155,8,0.6666666666666666,0.49152758977982214,0.75,0.33333333333333337,0.5442362901989625,0.4165959698696204,0.10416666666666667,0.0,19.31160863540854,20000270
SPT,7.393432300130006,8,0.6666666666666666,0.5632438009869858,0.75,0.33333333333333337,0.6217811047695384,0.4684972966347227,0.1875,0.0,20.936158567790645,20000271
SPT,5.9382398901421025,8,0.6666666666666666,0.5031217505118957,0.6666666666666666,0.33333333333333337,0.47156879958511794,0.4092936307210275,0.041666666666666664,0.0,18.266634331693496,20000272
SPT,7.249125571971577,8,0.6666666666666666,0.4676770988964442,0.75,0.33333333333333337,0.651363077118539,0.453530440706054,0.1875,0.0,21.16654071521902,20000273
SPT,5.782697529440684,8,0.6666666666666666,0.5143486781156442,0.6666666666666666,0.33333333333333337,0.5810967390492179,0.4936713473180285,0.1875,0.0,19.078505183101974,20000274
SPT,6.179790434918223,8,0.6666666666666666,0.5145779044948791,0.75,0.33333333333333337,0.5611577515297649,0.4612909705425938,0.125,0.0,19.535415210596675,20000275
SPT,3.5952216390995577,7,0.5833333333333334,0.42285288097101553,0.5833333333333334,0.41666666666666663,0.48896290992061414,0.4636090844197689,0.16666666666666666,0.0,17.370209178025295,20000276
SPT,3.1547769894300726,7,0.5833333333333334,0.4094439597109183,0.5833333333333334,0.41666666666666663,0.48810189668521514,0.4736233135078434,0.20833333333333334,0.0,16.512285035609445,20000277
SPT,-1.1187227554674255,5,0.4166666666666667,0.25098097231220173,0.5,0.5833333333333333,0.4223768938067998,0.46758780429282193,0.16666666666666666,0.0,14.745298535603888,20000278
SPT,-2.294465252801515,5,0.4166666666666667,0.33097978539544426,0.4166666666666667,0.5833333333333333,0.38174112802889654,0.5104287061529035,0.2916666666666667,0.0,13.783687584216993,20000279
SPT,6.583628341736753,8,0.6666666666666666,0.5111648241724635,0.8333333333333334,0.33333333333333337,0.5573671695265235,0.43185110567962676,0.0625,0.0,20.617601828899787,20000280
SPT,5.140721492221518,8,0.6666666666666666,0.559698986511095,0.6666666666666666,0.33333333333333337,0.5207303062919205,0.49340281696734184,0.10416666666666667,0.0,18.420686404179307,20000281
SPT,4.228920853995999,7,0.5833333333333334,0.4683755159414303,0.6666666666666666,0.41666666666666663,0.573357805023654,0.5077453363157228,0.2708333333333333,0.0,19.459434866723406,20000282
SPT,7.70108393802201,9,0.75,0.5718538682572857,0.75,0.25,0.5494512080140428,0.4452121457018223,0.125,0.0,19.247801731677328,20000283
SPT,3.4090382621042834,7,0.5833333333333334,0.4441553487263528,0.5833333333333334,0.41666666666666663,0.4777356825381222,0.46999136524039614,0.125,0.0,17.14660647648143,20000284
SPT,0.5955612621486113,6,0.5,0.35616917236854656,0.5,0.5,0.36365014189452033,0.43874102673703846,0.020833333333333332,0.0,14.158774661977175,20000285
SPT,0.6307614597683986,6,0.5,0.40237298785205305,0.5,0.5,0.4501648425448375,0.5368823623436069,0.3125,0.0,15.487050083235589,20000286
SPT,12.989692117949579,11,0.9166666666666666,0.8331260482561131,0.9166666666666666,0.08333333333333337,0.6271830965444015,0.42598543226673485,0.020833333333333332,0.0,23.090397603511153,20000287
SPT,6.977253069492567,8,0.6666666666666666,0.5161630537818345,0.75,0.33333333333333337,0.557203177460064,0.4256502188253403,0.0,0.0,19.886578203713825,20000288
SPT,8.140317761157087,9,0.75,0.6100121556374858,0.75,0.25,0.5112371825883849,0.41812274755645484,0.0625,0.0,19.42323587152368,20000289
SPT,2.7647160636117,6,0.5,0.3200932899468235,0.5833333333333334,0.5,0.5522608329494711,0.4433652956203053,0.1875,0.0,17.76052469686344,20000290
SPT,8.422444551266482,9,0.75,0.6462561013497853,0.75,0.25,0.6062561498181435,0.45866444614931695,0.10416666666666667,0.0,21.176964298657975,20000291
SPT,0.3560178088722936,6,0.5,0.4018152909554281,0.5,0.5,0.44582122807116575,0.5200314014794186,0.16666666666666666,0.0,15.819002828808326,20000292
SPT,3.221785195994161,7,0.5833333333333334,0.3770791896208048,0.6666666666666666,0.41666666666666663,0.4797785530492035,0.46333085259452006,0.1875,0.0,16.658479309408357,20000293
SPT,-0.2525486026347947,5,0.4166666666666667,0.33515645545657874,0.5,0.5833333333333333,0.5340839653339838,0.5275912807377766,0.3333333333333333,0.0,17.438659020268286,20000294
SPT,6.150634270204768,8,0.6666666666666666,0.535064211071937,0.6666666666666666,0.33333333333333337,0.49221441508551983,0.4371286821747413,0.125,0.0,18.035855073946465,20000295
SPT,6.712990157614713,8,0.6666666666666666,0.5485528376658452,0.6666666666666666,0.33333333333333337,0.6353887034554931,0.5076679837667215,0.22916666666666666,0.0,20.500143663685847,20000296
SPT,2.305694544696819,7,0.5833333333333334,0.3901491055727227,0.6666666666666666,0.41666666666666663,0.44037841972156366,0.4886711822934104,0.10416666666666667,0.0,16.717768932981695,20000297
SPT,0.7379057123531305,6,0.5,0.29304891146125167,0.5833333333333334,0.5,0.45942126701440716,0.4814673325343726,0.25,0.0,15.381385485402275,20000298
SPT,5.674786604845419,8,0.6666666666666666,0.44857143672141375,0.75,0.33333333333333337,0.5262786231426614,0.4362356190517103,0.0625,0.0,18.222797053718352,20000299
SPT,6.8328879501532915,8,0.6666666666666666,0.5579619991983538,0.6666666666666666,0.33333333333333337,0.6323751485323682,0.5146393158948719,0.25,0.0,21.23332935753831,20000300
SPT,10.393771705039248,10,0.8333333333333334,0.7246974777084646,0.8333333333333334,0.16666666666666663,0.6266839471798468,0.4760775972638092,0.14583333333333334,0.0,21.390867588365293,20000301
SPT,1.3340459383757994,6,0.5,0.41400822452376784,0.5,0.5,0.43349045149041965,0.48754270365339897,0.22916666666666666,0.0,15.190302174961161,20000302
SPT,2.5364259014870196,6,0.5,0.3870773359424015,0.6666666666666666,0.5,0.5400968940879184,0.4700707709707624,0.14583333333333334,0.0,18.218133445998173,20000303
SPT,12.291839836022124,10,0.8333333333333334,0.760098675084581,0.9166666666666666,0.16666666666666663,0.7229162650775786,0.43710729814765176,0.08333333333333333,0.0,24.722709418722175,20000304
SPT,12.156004158031003,10,0.8333333333333334,0.7421160390139029,0.9166666666666666,0.16666666666666663,0.6522106057518208,0.38761657007358563,0.020833333333333332,0.0,22.69965093342154,20000305
SPT,10.83046188845819,10,0.8333333333333334,0.6977029879231809,0.8333333333333334,0.16666666666666663,0.5881699849515417,0.42018216583823387,0.041666666666666664,0.0,21.518279767223508,20000306
SPT,2.5270598060402745,7,0.5833333333333334,0.4267744592637493,0.5833333333333334,0.41666666666666663,0.48957758462425566,0.5113338529705254,0.20833333333333334,0.0,17.198001037113812,20000307
SPT,7.1067708521236685,8,0.6666666666666666,0.5157794449064204,0.6666666666666666,0.33333333333333337,0.6486488179163002,0.475910215511433,0.20833333333333334,0.0,20.72275125939988,20000308
SPT,3.9146696642921865,7,0.5833333333333334,0.46801293235444447,0.5833333333333334,0.41666666666666663,0.6054633865820328,0.5394815969817036,0.2916666666666667,0.0,19.495883079498366,20000309
SPT,10.005047457147967,10,0.8333333333333334,0.7254845942423319,0.8333333333333334,0.16666666666666663,0.6149021167635896,0.47019084706720493,0.125,0.0,21.240943858042034,20000310
SPT,5.15544365982125,8,0.6666666666666666,0.5089903279733133,0.6666666666666666,0.33333333333333337,0.5227968226611734,0.4848940465451356,0.14583333333333334,0.0,18.44391255580163,20000311
SPT,6.2180420960182,8,0.6666666666666666,0.5039040462034934,0.6666666666666666,0.33333333333333337,0.4959501183488211,0.42319447201991567,0.10416666666666667,0.0,17.39318513919802,20000312
SPT,6.2287407540720885,8,0.6666666666666666,0.5337317904687405,0.6666666666666666,0.33333333333333337,0.5943959294206264,0.496943034481862,0.22916666666666666,0.0,19.059689855561487,20000313
SPT,7.832969596086923,9,0.75,0.6151103606027896,0.75,0.25,0.5720601397172498,0.4854556215829014,0.10416666666666667,0.0,20.08131969943829,20000314
SPT,5.057494651567701,8,0.6666666666666666,0.4973831307783105,0.6666666666666666,0.33333333333333337,0.5406531328061268,0.5075723841861783,0.14583333333333334,0.0,18.31519221487168,20000315
SPT,0.8242644933178394,6,0.5,0.3840501170293662,0.5,0.5,0.5056459337668613,0.5381421845690627,0.3125,0.0,16.297234950458076,20000316
SPT,8.801685033791513,9,0.75,0.6453480105640452,0.75,0.25,0.6108135607427713,0.46931586330308006,0.10416666666666667,0.0,21.280423720596737,20000317
SPT,2.16859365448781,6,0.5,0.387979611237583,0.5833333333333334,0.5,0.5972629896942494,0.5271482390063871,0.2708333333333333,0.0,19.334942810110405,20000318
SPT,0.8119126340636376,6,0.5,0.40821905275503445,0.5,0.5,0.49680715982547463,0.5401876120753888,0.2916666666666667,0.0,16.73069242410783,20000319
SPT,1.2919091275929913,6,0.5,0.3496092751257488,0.5,0.5,0.47497436442765295,0.47938463102122747,0.2708333333333333,0.0,16.052385629788784,20000320
SPT,11.482166937815643,10,0.8333333333333334,0.7177903355620265,0.8333333333333334,0.16666666666666663,0.6175931716235273,0.4089783353569402,0.0625,0.0,21.227897123663894,20000321
SPT,3.513017281578087,7,0.5833333333333334,0.45288622277168733,0.5833333333333334,0.41666666666666663,0.4600862032254509,0.46727755816758165,0.125,0.0,16.773466594810454,20000322
SPT,2.2911475825003045,6,0.5,0.409321306943568,0.5833333333333334,0.5,0.5370752843733605,0.48716554095246933,0.22916666666666666,0.0,18.570661279756184,20000323
SPT,5.3031412010600585,7,0.5833333333333334,0.4940728213747882,0.6666666666666666,0.41666666666666663,0.6183052289347828,0.47861736177109665,0.16666666666666666,0.0,21.249183905254835,20000324
SPT,8.99040006425302,9,0.75,0.6214747940289866,0.75,0.25,0.6062277107050424,0.4329995871783849,0.10416666666666667,0.0,20.529655829230137,20000325
SPT,-2.0320326032760008,5,0.4166666666666667,0.34468718294377015,0.4166666666666667,0.5833333333333333,0.43196938865752127,0.5610458857227266,0.3333333333333333,0.0,14.7915600666279,20000326
SPT,4.370109233415944,7,0.5833333333333334,0.3646034466128438,0.6666666666666666,0.41666666666666663,0.511971288146791,0.4131246214084157,0.125,0.0,18.604962768762825,20000327
SPT,5.777841310078813,8,0.6666666666666666,0.5454790038955339,0.6666666666666666,0.33333333333333337,0.5700202260490282,0.5070012881538754,0.1875,0.0,19.785534532813195,20000328
SPT,-0.026829753158008396,6,0.5,0.34972226379395466,0.5,0.5,0.44003731534420815,0.5274210432963561,0.22916666666666666,0.0,15.715164407188533,20000329
SPT,6.649387845491917,8,0.6666666666666666,0.5595375254287981,0.6666666666666666,0.33333333333333337,0.5365025787883071,0.43460959181629955,0.0,0.0,19.473211434581756,20000330
SPT,9.762898718512751,9,0.75,0.6204120714928565,0.9166666666666666,0.25,0.7375881115232267,0.48973586380832296,0.20833333333333334,0.0,23.942631514461056,20000331
SPT,7.271883499183223,8,0.6666666666666666,0.48192956005046156,0.75,0.33333333333333337,0.5829559927933635,0.40976450089029104,0.08333333333333333,0.0,20.150958846882325,20000332
SPT,3.099148526867042,7,0.5833333333333334,0.39109077345011656,0.6666666666666666,0.41666666666666663,0.476855690358513,0.4665173773381451,0.10416666666666667,0.0,16.71485660158383,20000333
SPT,1.1583426623688757,6,0.5,0.3942641377697514,0.5,0.5,0.4691859375064446,0.49333137556817147,0.2708333333333333,0.0,16.19908433581918,20000334
SPT,3.2887913813577434,7,0.5833333333333334,0.48818295022816793,0.5833333333333334,0.41666666666666663,0.4889081676620435,0.4907489052109945,0.08333333333333333,0.0,17.60613277367939,20000335
SPT,3.954722222183723,7,0.5833333333333334,0.4333572415970699,0.6666666666666666,0.41666666666666663,0.6167404332921996,0.5385949386088507,0.25,0.0,19.30631279161092,20000336
SPT,6.11698814579436,8,0.6666666666666666,0.5344478806385173,0.6666666666666666,0.33333333333333337,0.6076502807107337,0.5058382661656703,0.2708333333333333,0.0,19.419744723291224,20000337
SPT,11.999967752055182,10,0.8333333333333334,0.725929209018952,0.8333333333333334,0.16666666666666663,0.6695992705595857,0.42852290284373096,0.10416666666666667,0.0,23.05136167619613,20000338
SPT,8.573670016436825,9,0.75,0.6174283134466156,0.75,0.25,0.6133291585327358,0.47052623381870323,0.16666666666666666,0.0,20.280487418374513,20000339
SPT,-2.640152689001812,5,0.4166666666666667,0.3065352847433025,0.4166666666666667,0.5833333333333333,0.36737329828562326,0.5247624859328657,0.1875,0.0,13.244764384401025,20000340
SPT,8.163271087647676,9,0.75,0.6190377058252131,0.75,0.25,0.6133573243801334,0.49560954201467794,0.20833333333333334,0.0,21.08457415246599,20000341
SPT,7.648647678430313,9,0.75,0.6134779951653502,0.75,0.25,0.5949118655654518,0.4881690727315222,0.20833333333333334,0.0,19.969625515883873,20000342
SPT,3.2324712984192665,7,0.5833333333333334,0.4456644513005699,0.5833333333333334,0.41666666666666663,0.44452314315259445,0.46776516821300324,0.22916666666666666,0.0,16.400247965795284,20000343
SPT,-4.891337270616939,4,0.3333333333333333,0.2648411687317163,0.3333333333333333,0.6666666666666667,0.34034565366565045,0.5246223939100726,0.3333333333333333,0.0,11.884465664374723,20000344
SPT,4.136268307420522,7,0.5833333333333334,0.4705206016392564,0.5833333333333334,0.41666666666666663,0.5428775255532421,0.49829757050545576,0.20833333333333334,0.0,18.599814114975693,20000345
SPT,2.6972157547385534,7,0.5833333333333334,0.44120130039743205,0.5833333333333334,0.41666666666666663,0.4404107002992965,0.48806233794287873,0.1875,0.0,16.112829646910964,20000346
SPT,4.4980947139606355,7,0.5833333333333334,0.4819107495017886,0.6666666666666666,0.41666666666666663,0.5875227844291598,0.4964477519389295,0.20833333333333334,0.0,19.390143154200373,20000347
SPT,9.390231564972263,9,0.75,0.6473625935241364,0.75,0.25,0.6505510307043029,0.4953849436535162,0.22916666666666666,0.0,21.988439299560987,20000348
SPT,12.24889579099408,10,0.8333333333333334,0.7182085894177094,0.9166666666666666,0.16666666666666663,0.7258348843267068,0.42115094889515986,0.08333333333333333,0.0,24.716145402734302,20000349
SPT,3.65354020354182,7,0.5833333333333334,0.44272640529704776,0.6666666666666666,0.41666666666666663,0.550776877873187,0.525654276313455,0.22916666666666666,0.0,18.583963497590855,20000350
SPT,6.469399953288929,8,0.6666666666666666,0.5515828673267406,0.6666666666666666,0.33333333333333337,0.5814412495361179,0.479873975547157,0.14583333333333334,0.0,20.182830287396104,20000351
SPT,3.7921686885518784,7,0.5833333333333334,0.4299121630874829,0.6666666666666666,0.41666666666666663,0.509904880550171,0.4616769267772846,0.125,0.0,18.141605283174204,20000352
SPT,6.868733483417809,8,0.6666666666666666,0.5255290636126706,0.6666666666666666,0.33333333333333337,0.5793523681121934,0.4524342918402766,0.14583333333333334,0.0,19.990428810655658,20000353
SPT,3.3009490972030133,7,0.5833333333333334,0.44974220259900327,0.5833333333333334,0.41666666666666663,0.41990776874497876,0.4342495444994426,0.020833333333333332,0.0,15.712508496782286,20000354
SPT,7.9532010816802385,9,0.75,0.6405016905952914,0.75,0.25,0.5774207520894638,0.4686547128979585,0.08333333333333333,0.0,21.013707419771208,20000355
SPT,6.879629761137948,8,0.6666666666666666,0.5373571873572922,0.75,0.33333333333333337,0.621727115320933,0.4779651122676498,0.14583333333333334,0.0,21.077858647594727,20000356
SPT,2.6007284041798004,7,0.5833333333333334,0.4612342073440364,0.5833333333333334,0.41666666666666663,0.46871160236878956,0.5069851867918783,0.20833333333333334,0.0,16.590782520319262,20000357
SPT,12.81392195814024,11,0.9166666666666666,0.9094687318918627,0.9166666666666666,0.08333333333333337,0.6104884014372691,0.4307561084029244,0.0,0.0,22.809376464196525,20000358
SPT,11.47778005917876,10,0.8333333333333334,0.7267707823621701,0.8333333333333334,0.16666666666666663,0.6753752438026054,0.4492234412312767,0.10416666666666667,0.0,23.319864903419106,20000359
SPT,5.529176332098423,8,0.6666666666666666,0.4937178965529217,0.6666666666666666,0.33333333333333337,0.48740985859022135,0.4366783550044688,0.14583333333333334,0.0,17.232377525306457,20000360
SPT,2.468491677354613,6,0.5,0.36558605149743956,0.5833333333333334,0.5,0.5268283915726085,0.46128500055279487,0.16666666666666666,0.0,18.17254434173629,20000361
SPT,2.798450781118073,7,0.5833333333333334,0.4442297071585239,0.5833333333333334,0.41666666666666663,0.5127981113744166,0.5210402150219055,0.22916666666666666,0.0,16.630070557396518,20000362
SPT,-4.059682809068981,4,0.3333333333333333,0.2829878200646169,0.4166666666666667,0.6666666666666667,0.4227202645536927,0.570941863768839,0.4166666666666667,0.0,14.535161957559062,20000363
SPT,0.4998255138181922,6,0.5,0.3522021678431081,0.5,0.5,0.3987756875887212,0.47527023480258057,0.16666666666666666,0.0,14.490235298954177,20000364
SPT,-1.5687747121631324,5,0.4166666666666667,0.34896325553819585,0.4166666666666667,0.5833333333333333,0.3474900272288335,0.4819777168009642,0.20833333333333334,0.0,12.39036349926886,20000365
SPT,2.4672162586488433,6,0.5,0.42730496171449955,0.5833333333333334,0.5,0.5506193807142551,0.5260767383441401,0.2708333333333333,0.0,18.501788320113345,20000366
SPT,7.309418550504965,8,0.6666666666666666,0.48404816089635333,0.75,0.33333333333333337,0.5986256885241076,0.43089668810340803,0.14583333333333334,0.0,20.114317063362414,20000367
SPT,3.515404869471692,7,0.5833333333333334,0.4375693184533894,0.6666666666666666,0.41666666666666663,0.4718071073765094,0.45422841950702847,0.0625,0.0,16.801145491637705,20000368
SPT,3.248827729536509,7,0.5833333333333334,0.4616979616900563,0.5833333333333334,0.41666666666666663,0.5713447639192527,0.552778355597629,0.3333333333333333,0.0,18.24305249365312,20000369
SPT,-0.8532117559652153,6,0.5,0.3243294530851052,0.5,0.5,0.3714712372471795,0.5001452167016723,0.2916666666666667,0.0,14.464248859319069,20000370
SPT,5.496378201904298,8,0.6666666666666666,0.5201977264341517,0.6666666666666666,0.33333333333333337,0.5574639437204355,0.5100094386062437,0.16666666666666666,0.0,19.260487324488754,20000371
SPT,0.45700931466548633,6,0.5,0.37980313337746247,0.5,0.5,0.4535231845572345,0.5291045667084571,0.2708333333333333,0.0,15.712349117853014,20000372
SPT,10.283152140434721,10,0.8333333333333334,0.7042719922954915,0.8333333333333334,0.16666666666666663,0.5932509033252059,0.43839102441006056,0.16666666666666666,0.0,20.98753350243064,20000373
SPT,4.226705409924017,7,0.5833333333333334,0.45126794273393084,0.6666666666666666,0.41666666666666663,0.5588817909398791,0.4797987485601856,0.10416666666666667,0.0,19.82027788392906,20000374
SPT,8.156208571995414,8,0.6666666666666666,0.5558482135747256,0.75,0.33333333333333337,0.7115302855222332,0.47411942394804313,0.16666666666666666,0.0,23.013363996398756,20000375
SPT,5.573882855588021,8,0.6666666666666666,0.48973977486678333,0.6666666666666666,0.33333333333333337,0.4789645344525771,0.4265207996986493,0.0625,0.0,18.2224614955356,20000376
SPT,2.2084404027194156,7,0.5833333333333334,0.39427511714178254,0.5833333333333334,0.41666666666666663,0.3985908323009571,0.4636332758981885,0.10416666666666667,0.0,14.6542114098529,20000377
SPT,2.724664010955264,6,0.5,0.3810055910976901,0.6666666666666666,0.5,0.5309070809753285,0.47046217120995243,0.10416666666666667,0.0,18.559753087407767,20000378
SPT,9.26945576289755,9,0.75,0.5814916690051282,0.8333333333333334,0.25,0.63527567052048,0.43762707985829435,0.125,0.0,21.60961667238222,20000379
SPT,8.37128440141458,9,0.75,0.5984155390833663,0.75,0.25,0.6237630611485766,0.47140935897224673,0.125,0.0,21.396331102086013,20000380
SPT,2.171139885658091,6,0.5,0.3494034568336468,0.5833333333333334,0.5,0.4954918453636454,0.46963463948004813,0.20833333333333334,0.0,16.66616401357867,20000381
SPT,11.753492063635708,10,0.8333333333333334,0.6813536295775539,0.9166666666666666,0.16666666666666663,0.719727433354613,0.4425730818378799,0.125,0.0,23.011185743740825,20000382
SPT,4.794127647477577,8,0.6666666666666666,0.5014081643506231,0.6666666666666666,0.33333333333333337,0.4849644462947032,0.48446142846916646,0.16666666666666666,0.0,17.34160718045386,20000383
SPT,4.838524808898548,7,0.5833333333333334,0.4555529053387176,0.6666666666666666,0.41666666666666663,0.5483809056481608,0.45203663641061986,0.16666666666666666,0.0,19.412891762845902,20000384
SPT,3.6485554298923795,7,0.5833333333333334,0.3592972628664708,0.6666666666666666,0.41666666666666663,0.4804047559122408,0.4285976340915629,0.125,0.0,16.938949249384073,20000385
SPT,1.421802329597285,6,0.5,0.4174985372921428,0.5,0.5,0.4811260151636179,0.4964667044001385,0.1875,0.0,16.631155475384322,20000386
SPT,12.091015536638974,10,0.8333333333333334,0.7040582759570827,0.8333333333333334,0.16666666666666663,0.731142862337534,0.4475870553861169,0.14583333333333334,0.0,24.815390650071006,20000387
SPT,9.099104571889583,9,0.75,0.6416471817224616,0.8333333333333334,0.25,0.6683762048388631,0.46199443156070735,0.14583333333333334,0.0,23.264731648172596,20000388
SPT,11.510231403491089,10,0.8333333333333334,0.7295953109410926,0.8333333333333334,0.16666666666666663,0.7244934280038583,0.49987973773081484,0.22916666666666666,0.0,23.263706937550587,20000389
SPT,9.188419976461013,9,0.75,0.633914602783333,0.75,0.25,0.6509235456834627,0.4720219715272958,0.14583333333333334,0.0,22.295849603174528,20000390
SPT,7.930540459506007,9,0.75,0.6452056696549036,0.75,0.25,0.6197975986060343,0.5027819273683344,0.1875,0.0,21.382503912590792,20000391
SPT,7.565031869056613,8,0.6666666666666666,0.5378041102327873,0.75,0.33333333333333337,0.6392620792986258,0.4479990469375439,0.125,0.0,21.251592737979028,20000392
SPT,0.5629175492094975,6,0.5,0.4025817764434497,0.5,0.5,0.48300224112492063,0.5356279000829195,0.22916666666666666,0.0,16.335510619443053,20000393
SPT,1.686770479099105,6,0.5,0.3868188125770908,0.5,0.5,0.5192251459922935,0.5088303821175153,0.2916666666666667,0.0,17.013311697869643,20000394
SPT,8.459333479374228,9,0.75,0.6128503798305939,0.75,0.25,0.6340075646032353,0.4892462208986645,0.1875,0.0,21.530169129615025,20000395
SPT,5.165382509288421,8,0.6666666666666666,0.5301042524779067,0.6666666666666666,0.33333333333333337,0.4205471819144002,0.43582268591556134,0.0,0.0,17.309523399946055,20000396
SPT,8.230647726880061,9,0.75,0.6257364847032089,0.8333333333333334,0.25,0.575272780932449,0.461816458702484,0.08333333333333333,0.0,21.216512197135597,20000397
SPT,8.347485972085867,9,0.75,0.5639039519462097,0.8333333333333334,0.25,0.5953769842746547,0.4370885214826807,0.08333333333333333,0.0,20.87151803311754,20000398
SPT,4.596000364682508,8,0.6666666666666666,0.4875341493856373,0.6666666666666666,0.33333333333333337,0.4603724327489112,0.47283837942617085,0.041666666666666664,0.0,17.233041128826777,20000399
SPT,3.119174983818248,7,0.5833333333333334,0.45647154839607323,0.6666666666666666,0.41666666666666663,0.4689100839117685,0.47155202358919857,0.0625,0.0,16.74204206196188,20000400
SPT,3.078690810228718,7,0.5833333333333334,0.4890334577775028,0.5833333333333334,0.41666666666666663,0.4827391371670637,0.538377817378529,0.3541666666666667,0.0,17.70312296773164,20000401
SPT,-1.5692447663810856,5,0.4166666666666667,0.29485497814788536,0.4166666666666667,0.5833333333333333,0.4096150297541767,0.5039533192750211,0.25,0.0,14.091407017125572,20000402
SPT,0.9552231162456151,6,0.5,0.4106384305238165,0.5,0.5,0.4739164256082467,0.5227461938433735,0.3333333333333333,0.0,16.07858534803724,20000403
SPT,2.4355338140662,7,0.5833333333333334,0.4471599224076285,0.5833333333333334,0.41666666666666663,0.4228694651981992,0.48802599691183124,0.0625,0.0,15.459851843618733,20000404
SPT,-3.84706167640336,4,0.3333333333333333,0.2837966855451839,0.3333333333333333,0.6666666666666667,0.30535720238054087,0.4844211892872365,0.125,0.0,11.988386703965032,20000405
SPT,8.802671143456706,9,0.75,0.6086274329806268,0.75,0.25,0.6714732648678811,0.5003368033870735,0.22916666666666666,0.0,21.43751082076655,20000406
SPT,8.986116123494394,9,0.75,0.6343936220375929,0.75,0.25,0.6533947226958253,0.4825075186719201,0.16666666666666666,0.0,21.645596207449195,20000407
SPT,0.8212693540975391,6,0.5,0.3245574226313276,0.5833333333333334,0.5,0.4140310077193689,0.4505599413504158,0.1875,0.0,15.691731315422992,20000408
SPT,6.929900938165798,8,0.6666666666666666,0.5067151105727264,0.75,0.33333333333333337,0.6576353240710584,0.4909763473017308,0.20833333333333334,0.0,21.85243195224767,20000409
SPT,8.971880260046245,9,0.75,0.5995095388508235,0.75,0.25,0.6021651958346714,0.42118596973321115,0.10416666666666667,0.0,21.08153690273506,20000410
SPT,6.424982671703278,8,0.6666666666666666,0.5256967144648111,0.6666666666666666,0.33333333333333337,0.5265425222904252,0.4381629343887228,0.10416666666666667,0.0,19.21917026955976,20000411
SPT,0.8968461659402613,6,0.5,0.4622350289761504,0.5,0.5,0.48030014962015594,0.5358122190622623,0.2708333333333333,0.0,16.661544315462418,20000412
SPT,3.7152573317729827,7,0.5833333333333334,0.47419373813981497,0.6666666666666666,0.41666666666666663,0.48887735032806695,0.4636440316808123,0.10416666666666667,0.0,17.347777668945227,20000413
SPT,5.463823357508328,8,0.6666666666666666,0.5476523482521644,0.6666666666666666,0.33333333333333337,0.5292513168685392,0.4987669862209616,0.1875,0.0,18.307194761491118,20000414
SPT,9.054390124651901,9,0.75,0.608479560636881,0.75,0.25,0.6600049232845974,0.4720132390314298,0.14583333333333334,0.0,22.316679496287232,20000415
SPT,2.740975198288546,7,0.5833333333333334,0.42699717999841713,0.5833333333333334,0.41666666666666663,0.4945035425085713,0.4927457703843107,0.1875,0.0,16.987583403823063,20000416
SPT,5.754254881302294,8,0.6666666666666666,0.49279140572141156,0.6666666666666666,0.33333333333333337,0.5547494154388292,0.4690344136423237,0.14583333333333334,0.0,19.16316869625077,20000417
SPT,10.820753432425848,10,0.8333333333333334,0.7483886284983456,0.8333333333333334,0.16666666666666663,0.589574798210836,0.4217431465157599,0.041666666666666664,0.0,21.225881386861683,20000418
SPT,-0.8796714709308227,6,0.5,0.29861331803801716,0.5,0.5,0.38227090299047745,0.5154694177256861,0.22916666666666666,0.0,13.177264654949836,20000419
SPT,10.91794391073306,10,0.8333333333333334,0.6947725173759026,0.8333333333333334,0.16666666666666663,0.6796596470874,0.4556551045278532,0.1875,0.0,22.660121051032977,20000420
SPT,-4.8776920448373815,4,0.3333333333333333,0.27815851161575234,0.3333333333333333,0.6666666666666667,0.3682186075792018,0.5609399603706535,0.375,0.0,12.756983603871317,20000421
SPT,5.676045135628373,8,0.6666666666666666,0.4981063810021194,0.6666666666666666,0.33333333333333337,0.46783694052132824,0.42661053069696714,0.125,0.0,17.884922351091628,20000422
SPT,7.730301764753529,9,0.75,0.5745486926002403,0.75,0.25,0.5366780097491984,0.4304488496570027,0.0625,0.0,18.54846021918383,20000423
SPT,1.547949802495975,6,0.5,0.3682393060890271,0.5833333333333334,0.5,0.48850345650694366,0.48451287009802035,0.20833333333333334,0.0,17.076958850558366,20000424
SPT,-1.3761617216296356,5,0.4166666666666667,0.2624705458999091,0.5,0.5833333333333333,0.4135158781547354,0.48812285415975953,0.25,0.0,14.448390551048512,20000425
SPT,5.693066340347583,8,0.6666666666666666,0.49587549889096605,0.6666666666666666,0.33333333333333337,0.5961386838118737,0.4926281553083644,0.25,0.0,18.849267586495234,20000426
SPT,8.785357328588423,9,0.75,0.6268169727452524,0.75,0.25,0.6267517493165344,0.4687912279957536,0.1875,0.0,21.730373955301626,20000427
SPT,12.479918353316574,10,0.8333333333333334,0.7317906207525001,0.8333333333333334,0.16666666666666663,0.7100869032590845,0.4443125870933377,0.20833333333333334,0.0,24.493282015575573,20000428
SPT,8.493557777563815,9,0.75,0.5678122975403304,0.8333333333333334,0.25,0.6286067472293985,0.45255842066679935,0.08333333333333333,0.0,20.5303403364419,20000429
SPT,7.274082521399171,9,0.75,0.5516133599003091,0.75,0.25,0.5740061413023915,0.4635215483258617,0.10416666666666667,0.0,19.79731885415883,20000430
SPT,3.8195606447834747,7,0.5833333333333334,0.457972078377264,0.5833333333333334,0.41666666666666663,0.4978710777342294,0.4580112153245781,0.14583333333333334,0.0,17.000743963327537,20000431
SPT,8.816471939780746,9,0.75,0.6506068270847556,0.75,0.25,0.6469311356989994,0.474984849747651,0.14583333333333334,0.0,22.228775788241702,20000432
SPT,3.2523317437014256,7,0.5833333333333334,0.5027043533549648,0.5833333333333334,0.41666666666666663,0.5241769151032718,0.5301482222440003,0.25,0.0,17.15525820705019,20000433
SPT,5.302111956160809,8,0.6666666666666666,0.5159160907718634,0.6666666666666666,0.33333333333333337,0.5535289924061851,0.5086374417435637,0.16666666666666666,0.0,18.82018568438042,20000434
SPT,11.8233539512259,10,0.8333333333333334,0.7523544985120016,0.8333333333333334,0.16666666666666663,0.7223065998525904,0.47749268417305896,0.1875,0.0,24.250496998242077,20000435
SPT,11.639376403396758,10,0.8333333333333334,0.7038379920950366,0.8333333333333334,0.16666666666666663,0.6927105398347958,0.4353560593122358,0.125,0.0,23.12249857467414,20000436
SPT,8.321009702502097,9,0.75,0.6099524370845643,0.75,0.25,0.6335008445331848,0.4816465026655388,0.16666666666666666,0.0,21.05735793987447,20000437
SPT,-0.22931822268085678,6,0.5,0.3075712273293847,0.5,0.5,0.32959098262297787,0.4530642281351461,0.16666666666666666,0.0,12.757629805077972,20000438
SPT,-0.7030881106509888,5,0.4166666666666667,0.340795186458741,0.5,0.5833333333333333,0.44909469898932447,0.51983169569412,0.2916666666666667,0.0,15.15460454392561,20000439
SPT,7.069221736696036,9,0.75,0.6051829383398557,0.75,0.25,0.5160176392550185,0.44927412590085497,0.08333333333333333,0.0,18.62485557330196,20000440
SPT,-3.105860620628063,5,0.4166666666666667,0.23841250264384306,0.4166666666666667,0.5833333333333333,0.3342957884511746,0.5104987727420804,0.2916666666666667,0.0,11.95260554837086,20000441
SPT,10.859898864253328,10,0.8333333333333334,0.6902001739106723,0.8333333333333334,0.16666666666666663,0.6568745262683163,0.4476043968496455,0.10416666666666667,0.0,21.816122614347705,20000442
SPT,7.377320438216673,8,0.6666666666666666,0.5447220484271117,0.75,0.33333333333333337,0.6784372015062189,0.5090920722796742,0.2708333333333333,0.0,22.007964454883552,20000443
SPT,1.2602750567892702,6,0.5,0.3521542524881313,0.5833333333333334,0.5,0.45703344213957875,0.4854774143024813,0.25,0.0,16.401608566566352,20000444
SPT,4.075415942132553,7,0.5833333333333334,0.4036010283154215,0.5833333333333334,0.41666666666666663,0.5275878297225267,0.44913615997025724,0.20833333333333334,0.0,17.436093926375317,20000445
SPT,9.296194768058374,9,0.75,0.6392410417685618,0.75,0.25,0.626166068680806,0.4685634910781868,0.125,0.0,21.49322286141282,20000446
SPT,1.325075396079965,6,0.5,0.40019399645896475,0.5,0.5,0.5232630692543471,0.5395025363960327,0.3333333333333333,0.0,16.676661913242558,20000447
SPT,6.889445519856962,8,0.6666666666666666,0.5624634965385761,0.75,0.33333333333333337,0.6550155986408619,0.5092802617587656,0.22916666666666666,0.0,21.047273314293623,20000448
SPT,6.432964765355241,8,0.6666666666666666,0.4932881394615709,0.6666666666666666,0.33333333333333337,0.5401438794828503,0.41996921344444554,0.0625,0.0,18.119203345048017,20000449
SPT,4.186986340246577,7,0.5833333333333334,0.4395467848784124,0.6666666666666666,0.41666666666666663,0.6201386034185798,0.5417240402211853,0.3125,0.0,19.30951759669442,20000450
SPT,6.176548574488227,8,0.6666666666666666,0.4712663668551752,0.75,0.33333333333333337,0.5622970534404078,0.4636438623865156,0.1875,0.0,20.09554996046075,20000451
SPT,7.093036910796593,8,0.6666666666666666,0.5735882788802543,0.6666666666666666,0.33333333333333337,0.6533877740302995,0.5285127899361634,0.3125,0.0,21.340212818467904,20000452
SPT,-2.7590300390909013,5,0.4166666666666667,0.31412740946259726,0.4166666666666667,0.5833333333333333,0.35750400984728065,0.5489670321198674,0.22916666666666666,0.0,12.636202701977767,20000453
SPT,5.121114472199521,8,0.6666666666666666,0.4868264941755349,0.6666666666666666,0.33333333333333337,0.5116231460282936,0.4891626103293043,0.14583333333333334,0.0,17.71370356808561,20000454
SPT,5.662358615466992,8,0.6666666666666666,0.5386932843562758,0.6666666666666666,0.33333333333333337,0.5704265124919575,0.49642862543753147,0.125,0.0,19.412423825151777,20000455
SPT,6.215605779885137,8,0.6666666666666666,0.5098879479335462,0.75,0.33333333333333337,0.5875137991629475,0.4797623744685917,0.16666666666666666,0.0,19.221382818273202,20000456
SPT,-1.4528135025478464,5,0.4166666666666667,0.29944795854361067,0.4166666666666667,0.5833333333333333,0.4003209602001805,0.49018145711299477,0.2708333333333333,0.0,13.119076188128748,20000457
SPT,0.24061871849661887,6,0.5,0.38957607753522033,0.5,0.5,0.49353061318875885,0.5737058837734645,0.3333333333333333,0.0,15.84825882751388,20000458
SPT,7.592423398270723,8,0.6666666666666666,0.5531869634785339,0.8333333333333334,0.33333333333333337,0.7160320672183266,0.516367899739388,0.22916666666666666,0.0,22.97402318949959,20000459
SPT,11.755745485248744,10,0.8333333333333334,0.7364602879579821,0.8333333333333334,0.16666666666666663,0.6482333061294444,0.4237682980578111,0.16666666666666666,0.0,21.9812880396554,20000460
SPT,6.870813624751778,8,0.6666666666666666,0.5367403725498399,0.6666666666666666,0.33333333333333337,0.6556574036779826,0.5091582573795317,0.2708333333333333,0.0,20.640536755998134,20000461
SPT,11.02262728747786,10,0.8333333333333334,0.7372620912027931,0.8333333333333334,0.16666666666666663,0.6835718241068399,0.48647444679216484,0.1875,0.0,23.39563960307338,20000462
SPT,4.900339133228026,7,0.5833333333333334,0.4645053178928758,0.6666666666666666,0.41666666666666663,0.5836597693628452,0.4821151802987633,0.22916666666666666,0.0,19.362144743126084,20000463
SPT,6.179224639025302,8,0.6666666666666666,0.5251989953600795,0.6666666666666666,0.33333333333333337,0.518828026541463,0.4442949307906912,0.020833333333333332,0.0,19.1992383637093,20000464
SPT,8.445221495026258,9,0.75,0.6320268809614144,0.75,0.25,0.5767736033811565,0.45760896550145497,0.14583333333333334,0.0,20.38849495856554,20000465
SPT,1.2413986730932283,6,0.5,0.43813609183307645,0.5,0.5,0.4010758602951718,0.47216210708607703,0.0625,0.0,15.877157933191471,20000466
SPT,6.8325791877023105,8,0.6666666666666666,0.543358412865939,0.75,0.33333333333333337,0.5210601595437657,0.40329359285699434,0.041666666666666664,0.0,19.335973718315046,20000467
SPT,5.167456836655109,8,0.6666666666666666,0.47461511566519,0.6666666666666666,0.33333333333333337,0.49823179460677663,0.449000337581171,0.125,0.0,17.36864013991788,20000468
SPT,2.2754863057035974,7,0.5833333333333334,0.42989781109554065,0.5833333333333334,0.41666666666666663,0.4300995462796459,0.49264162607144285,0.16666666666666666,0.0,15.884252815487756,20000469
SPT,5.484296265284369,8,0.6666666666666666,0.5236329384325143,0.75,0.33333333333333337,0.5349286241669032,0.4681504234630227,0.125,0.0,18.99562438187109,20000470
SPT,9.296569497707516,9,0.75,0.6450315493186644,0.75,0.25,0.6992810351315351,0.4953069191853566,0.1875,0.0,23.283420024072772,20000471
SPT,6.52678549810655,8,0.6666666666666666,0.5401938221113463,0.6666666666666666,0.33333333333333337,0.5552763653813891,0.45911814989161287,0.16666666666666666,0.0,18.616745440858306,20000472
SPT,11.080235812907732,10,0.8333333333333334,0.6990568540904074,0.8333333333333334,0.16666666666666663,0.6246482226851918,0.4368241465810996,0.08333333333333333,0.0,22.036762118939492,20000473
SPT,6.709089083638778,8,0.6666666666666666,0.5259530204595426,0.6666666666666666,0.33333333333333337,0.5994714062780656,0.4689018401528728,0.14583333333333334,0.0,20.047983272582314,20000474
SPT,9.30227957973758,9,0.75,0.6193171508359767,0.75,0.25,0.6451314539800543,0.47326155038764545,0.16666666666666666,0.0,21.16290075744336,20000475
SPT,5.320554302446487,8,0.6666666666666666,0.5989276836852466,0.6666666666666666,0.33333333333333337,0.5003804792497397,0.47652565012777703,0.041666666666666664,0.0,17.78919197628917,20000476
SPT,5.993208832161826,8,0.6666666666666666,0.5503867361263526,0.6666666666666666,0.33333333333333337,0.5295138876539086,0.47710256634952386,0.125,0.0,18.517188393915056,20000477
SPT,6.563308363246181,8,0.6666666666666666,0.5374153936228409,0.6666666666666666,0.33333333333333337,0.5992261685937924,0.4920907050815417,0.22916666666666666,0.0,20.83452021425382,20000478
SPT,1.5219038591531027,6,0.5,0.3244896041678657,0.5833333333333334,0.5,0.46785014988317314,0.46365765776630985,0.16666666666666666,0.0,16.842620455502015,20000479
SPT,4.421679169708938,7,0.5833333333333334,0.426162996085342,0.6666666666666666,0.41666666666666663,0.6453458358082599,0.5297285812377323,0.3125,0.0,20.585847745479697,20000480
SPT,5.885115963461663,7,0.5833333333333334,0.4562035017548192,0.75,0.41666666666666663,0.5788029700768859,0.4022040584971373,0.0625,0.0,19.798248442361253,20000481
SPT,1.842603444154512,6,0.5,0.35774982456475724,0.5833333333333334,0.5,0.5261430698905526,0.5051300014601521,0.2708333333333333,0.0,17.847796545834417,20000482
SPT,7.571952805535788,8,0.6666666666666666,0.5482297706581079,0.75,0.33333333333333337,0.605034006768224,0.4245120388665446,0.08333333333333333,0.0,21.817094368981085,20000483
SPT,0.33464506666686455,6,0.5,0.38014790658711123,0.5,0.5,0.43418546860604623,0.5197988714929157,0.2708333333333333,0.0,14.868116740100723,20000484
SPT,2.488703311822564,7,0.5833333333333334,0.41825302107601486,0.5833333333333334,0.41666666666666663,0.39504135747510355,0.46372125224308897,0.20833333333333334,0.0,15.61648396161282,20000485
SPT,5.388178731705272,8,0.6666666666666666,0.5402573923527973,0.6666666666666666,0.33333333333333337,0.543542712036436,0.5000654989194405,0.1875,0.0,18.55214881085849,20000486
SPT,6.703642551304855,8,0.6666666666666666,0.5596575861450708,0.6666666666666666,0.33333333333333337,0.5844193844504617,0.4697312172556458,0.14583333333333334,0.0,20.775091134488118,20000487
SPT,6.800558825589187,8,0.6666666666666666,0.510122351395607,0.6666666666666666,0.33333333333333337,0.6004675127044418,0.4592642853342876,0.1875,0.0,20.152115751732005,20000488
SPT,3.3517472163541147,7,0.5833333333333334,0.4253900179506222,0.5833333333333334,0.41666666666666663,0.503082010806423,0.4827333453869023,0.20833333333333334,0.0,17.427394766899184,20000489
SPT,5.18774149134311,8,0.6666666666666666,0.49147077428891034,0.6666666666666666,0.33333333333333337,0.5222359873699252,0.48045987966526854,0.10416666666666667,0.0,17.781116403611012,20000490
SPT,2.8930899380518866,7,0.5833333333333334,0.42071075256805845,0.5833333333333334,0.41666666666666663,0.49872784462412856,0.5094953824231796,0.3125,0.0,16.76858061754657,20000491
SPT,6.143712533186594,8,0.6666666666666666,0.5315443141994275,0.75,0.33333333333333337,0.6088523727195296,0.5153530456912038,0.1875,0.0,20.201878614690905,20000492
SPT,-1.1745372427566707,5,0.4166666666666667,0.251809307618552,0.5833333333333334,0.5833333333333333,0.44554598867094675,0.5074751241422177,0.1875,0.0,15.708280710178622,20000493
SPT,5.7412394316540185,8,0.6666666666666666,0.543102024654278,0.6666666666666666,0.33333333333333337,0.5489988971893305,0.4751239993116618,0.14583333333333334,0.0,19.210563969699933,20000494
SPT,-2.421330478080409,5,0.4166666666666667,0.31622360169705294,0.4166666666666667,0.5833333333333333,0.36672110492247906,0.5125612075634308,0.2708333333333333,0.0,13.362527216947697,20000495
SPT,13.08923655946727,10,0.8333333333333334,0.7294936101257704,0.9166666666666666,0.16666666666666663,0.7430605698991172,0.4158522998584458,0.10416666666666667,0.0,25.22460320900296,20000496
SPT,4.361241365683398,8,0.6666666666666666,0.5197624548503046,0.6666666666666666,0.33333333333333337,0.46569654469776117,0.49563419924803825,0.14583333333333334,0.0,16.78807633450406,20000497
SPT,-0.5733067724090533,5,0.4166666666666667,0.2819848611817368,0.5833333333333334,0.5833333333333333,0.42980542290162277,0.47636591318345206,0.125,0.0,15.792796869421117,20000498
SPT,-2.7435362272717523,5,0.4166666666666667,0.34459453593491435,0.4166666666666667,0.5833333333333333,0.3755450082563318,0.5412565254292726,0.3125,0.0,14.006768619364056,20000499
Random,13.758207122829894,7,0.5833333333333334,0.48446329311030156,0.6666666666666666,0.41666666666666663,0.8861065007341938,0.1585493921764887,0.0,0.3958333333333333,20.803500792487583,20000000
Random,15.256819536053804,8,0.6666666666666666,0.6133739754706738,0.75,0.33333333333333337,0.8884478717139922,0.20975654433473925,0.0,0.2916666666666667,23.441334624077424,20000001
Random,9.462067494027252,6,0.5,0.45054202592799897,0.75,0.5,0.8638844119541357,0.3232648554933761,0.0,0.1875,24.117893511574543,20000002
Random,13.475743067484697,7,0.5833333333333334,0.5000920206791998,0.6666666666666666,0.41666666666666663,0.8758762492373787,0.1659648712761521,0.0,0.3541666666666667,22.45702223678679,20000003
Random,10.501783975109253,7,0.5833333333333334,0.565817671819846,0.5833333333333334,0.41666666666666663,0.7447548610932007,0.24624845460547637,0.0,0.2916666666666667,18.89126994650907,20000004
Random,10.93892334978876,5,0.4166666666666667,0.4142513103132267,0.6666666666666666,0.5833333333333333,0.8792853959912111,0.1669829248629171,0.0,0.3958333333333333,20.478795671839453,20000005
Random,9.930149467289613,5,0.4166666666666667,0.2945222342219214,0.5833333333333334,0.5833333333333333,0.8742296332344447,0.16862664919794226,0.0,0.3958333333333333,19.46056974269972,20000006
Random,9.200474535565085,5,0.4166666666666667,0.38356457423293555,0.5833333333333334,0.5833333333333333,0.8490439866052767,0.22075249103723737,0.0,0.3333333333333333,21.218967187411444,20000007
Random,9.207236246418248,5,0.4166666666666667,0.32654892069656793,0.5833333333333334,0.5833333333333333,0.8296481315767282,0.19945976491964976,0.0,0.3125,21.76521352951034,20000008
Random,10.54100957788735,5,0.4166666666666667,0.5138213481761261,0.5833333333333334,0.5833333333333333,0.8612444150407637,0.18467794689086828,0.0,0.3958333333333333,19.55607912500378,20000009
Random,13.274747287708761,7,0.5833333333333334,0.45939405104230174,0.6666666666666666,0.41666666666666663,0.8543645237405197,0.17987743694212802,0.0,0.3125,21.734313796894355,20000010
Random,14.694166569340267,8,0.6666666666666666,0.6703578790017298,0.6666666666666666,0.33333333333333337,0.8579236783322481,0.18742656855403098,0.0,0.3541666666666667,20.732742309202035,20000011
Random,13.422052276337824,7,0.5833333333333334,0.41664933218212863,0.75,0.41666666666666663,0.8915151526929069,0.17191861635229136,0.0,0.3333333333333333,22.015928151827293,20000012
Random,11.532910452441858,7,0.5833333333333334,0.5683474644918488,0.6666666666666666,0.41666666666666663,0.7966013506699076,0.2688842967106045,0.0,0.22916666666666666,22.892825910419024,20000013
Random,8.727924357874905,5,0.4166666666666667,0.48887334633228735,0.6666666666666666,0.5833333333333333,0.8148487821809356,0.2746887871633772,0.0,0.2708333333333333,22.21553693031958,20000014
Random,16.605552143578464,9,0.75,0.6592060311890503,0.75,0.25,0.907323208811912,0.22754888092141715,0.0,0.2708333333333333,24.514776147451826,20000015
Random,8.827932256916911,5,0.4166666666666667,0.4899491480569273,0.6666666666666666,0.5833333333333333,0.8007402238817128,0.24507003407553105,0.0,0.2916666666666667,21.247462776116095,20000016
Random,13.716557165065954,8,0.6666666666666666,0.5864299824734205,0.75,0.33333333333333337,0.8169054776081414,0.22468046242014883,0.0,0.3125,20.28263513967659,20000017
Random,11.683011865478012,6,0.5,0.4653285210056405,0.5833333333333334,0.5,0.8884781793637405,0.2249405271296497,0.0,0.3541666666666667,22.08313044458218,20000018
Random,17.802558863849004,9,0.75,0.6176553370937907,0.8333333333333334,0.25,0.9124514625958433,0.1571095778114906,0.0,0.3541666666666667,22.295031016913764,20000019
Random,12.567600244490963,7,0.5833333333333334,0.5453039458487206,0.5833333333333334,0.41666666666666663,0.8596915704222866,0.21708428490077658,0.0,0.3333333333333333,21.079910108933536,20000020
Random,14.257769476213555,7,0.5833333333333334,0.6219409684896582,0.75,0.41666666666666663,0.8713472191528057,0.15967889414859665,0.0,0.3333333333333333,21.69381242225909,20000021
Random,6.569563455027078,5,0.4166666666666667,0.2661431386980199,0.6666666666666666,0.5833333333333333,0.7254194514695662,0.2656741654627521,0.0,0.20833333333333334,20.306564796706443,20000022
Random,11.623234919783673,6,0.5,0.482353918221595,0.5833333333333334,0.5,0.8532881344759877,0.18228086999661994,0.0,0.375,20.212542901368163,20000023
Random,16.94877168374143,9,0.75,0.6800745057692189,0.75,0.25,0.8893147179474349,0.1956521585291672,0.0,0.3333333333333333,21.564384736325582,20000024
Random,10.13381464390465,5,0.4166666666666667,0.3847146909738625,0.5,0.5833333333333333,0.8831600120086586,0.17558602946261267,0.0,0.4375,18.839211481495326,20000025
Random,8.382129489624734,7,0.5833333333333334,0.6694935254759234,0.75,0.41666666666666663,0.7126618669145874,0.4073740008593358,0.0,0.14583333333333334,21.21121514059407,20000026
Random,16.088436860007455,9,0.75,0.7607200849142444,0.75,0.25,0.8393424219544866,0.23396703552752654,0.0,0.2916666666666667,21.557291728432226,20000027
Random,9.593658752872617,5,0.4166666666666667,0.532646242120963,0.75,0.5833333333333333,0.8348002566149132,0.23641880790673211,0.0,0.2708333333333333,22.40634024049994,20000028
Random,11.615754269637854,6,0.5,0.49304196981529225,0.75,0.5,0.8329749257688818,0.19063659568876146,0.0,0.3125,22.16689506490817,20000029
Random,7.816099073981228,5,0.4166666666666667,0.3921240071029139,0.5,0.5833333333333333,0.7730848506848247,0.27080505721350195,0.0,0.3125,18.16312024701226,20000030
Random,12.881714556390994,7,0.5833333333333334,0.5893819045365803,0.5833333333333334,0.41666666666666663,0.8467527359570601,0.21994293753056238,0.0,0.3125,20.798983428637747,20000031
Random,14.763383854604202,8,0.6666666666666666,0.5428556821446905,0.75,0.33333333333333337,0.8800694166238241,0.20635863791381662,0.0,0.3125,21.581361219486627,20000032
Random,10.194124241711666,5,0.4166666666666667,0.26241291302531733,0.6666666666666666,0.5833333333333333,0.8958298719659482,0.16670674499280227,0.0,0.3958333333333333,19.316928620741123,20000033
Random,13.08876320820368,7,0.5833333333333334,0.47394719161501864,0.75,0.41666666666666663,0.8363917075419574,0.19686791710406992,0.0,0.2916666666666667,23.264663684840308,20000034
Random,9.796125959765241,5,0.4166666666666667,0.4380850915586342,0.5833333333333334,0.5833333333333333,0.8588559217329927,0.20149263826958286,0.0,0.375,19.484667702681882,20000035
Random,14.681056927799544,8,0.6666666666666666,0.7118994180604955,0.75,0.33333333333333337,0.8466924318852498,0.19216716772615916,0.0,0.2916666666666667,21.69079176461313,20000036
Random,9.906519453071493,5,0.4166666666666667,0.2981232725221208,0.75,0.5833333333333333,0.8871572080342794,0.21962753104450305,0.0,0.2916666666666667,23.254822561565167,20000037
Random,12.766635199712654,8,0.6666666666666666,0.6436299349207799,0.75,0.33333333333333337,0.7952981047497446,0.29170147623546416,0.0,0.20833333333333334,23.093398007809196,20000038
Random,8.437318857646959,4,0.3333333333333333,0.2770667099992227,0.5833333333333334,0.6666666666666667,0.8769857361986532,0.17343833228383496,0.0,0.3541666666666667,21.98578238010789,20000039
Random,6.759008871643081,3,0.25,0.21224422830998427,0.5,0.75,0.8572193786045377,0.16191276343820374,0.0,0.4166666666666667,17.840994474520954,20000040
Random,14.336019013154617,7,0.5833333333333334,0.44978814627258956,0.75,0.41666666666666663,0.9053810444631969,0.15557046950668565,0.0,0.3541666666666667,22.34448318121742,20000041
Random,15.46427072931618,8,0.6666666666666666,0.6026966400792778,0.75,0.33333333333333337,0.8838797791109979,0.1875015082418754,0.0,0.3333333333333333,21.977502449972583,20000042
Random,16.28355159867667,9,0.75,0.6479253082223488,0.75,0.25,0.846502999680571,0.18666527887903625,0.0,0.2916666666666667,21.858157172658444,20000043
Random,9.971010709005204,5,0.4166666666666667,0.48061686289087047,0.6666666666666666,0.5833333333333333,0.8555517896440342,0.23097032092146605,0.0,0.2916666666666667,22.32039080485816,20000044
Random,10.784887772199523,7,0.5833333333333334,0.5443274502821023,0.5833333333333334,0.41666666666666663,0.7462084653171589,0.2796374733944779,0.0,0.25,19.748649982219668,20000045
Random,9.700483489283638,6,0.5,0.36507702417126947,0.6666666666666666,0.5,0.7964045368538972,0.24647157535950448,0.0,0.2708333333333333,20.578183722839324,20000046
Random,15.12954948202678,8,0.6666666666666666,0.7042941158824352,0.6666666666666666,0.33333333333333337,0.8738080998731125,0.17357389093561681,0.0,0.3541666666666667,21.426266118841056,20000047
Random,6.544113369004236,4,0.3333333333333333,0.31262895419021225,0.6666666666666666,0.6666666666666667,0.7851638153281536,0.25294920511669217,0.0,0.2708333333333333,21.23018975175649,20000048
Random,11.050575365735078,6,0.5,0.5824664614604065,0.6666666666666666,0.5,0.8403037846642766,0.2324441065485594,0.0,0.2708333333333333,22.46826823777611,20000049
Random,11.505424968330672,7,0.5833333333333334,0.3670131948930864,0.8333333333333334,0.41666666666666663,0.8186684378356898,0.2487471912503411,0.0,0.22916666666666666,23.026719860731745,20000050
Random,14.145729839562055,7,0.5833333333333334,0.45046884416621147,0.75,0.41666666666666663,0.889376208246647,0.1602423042501663,0.0,0.375,21.735914044444005,20000051
Random,9.038064394535535,5,0.4166666666666667,0.31553596047001564,0.6666666666666666,0.5833333333333333,0.8607093304907304,0.22483546663361012,0.0,0.3333333333333333,21.28293748218613,20000052
Random,14.929645057224548,8,0.6666666666666666,0.5384360423848504,0.8333333333333334,0.33333333333333337,0.8652721250199426,0.20124762435207053,0.0,0.2916666666666667,22.99281171136196,20000053
Random,16.801356232584656,9,0.75,0.6838186225832273,0.75,0.25,0.8798542652686078,0.2008132332126694,0.0,0.2916666666666667,23.24890547185101,20000054
Random,12.029405985900016,6,0.5,0.3462483444431151,0.6666666666666666,0.5,0.8899658401646415,0.14648438861105964,0.0,0.4166666666666667,20.338593585138117,20000055
Random,11.671003588284105,7,0.5833333333333334,0.5941385570332512,0.6666666666666666,0.41666666666666663,0.8097409808358158,0.2622384408089122,0.0,0.2708333333333333,20.956522573738063,20000056
Random,11.244624904481814,6,0.5,0.4049717539914575,0.6666666666666666,0.5,0.8368538006006864,0.2276673556702987,0.0,0.3333333333333333,21.534852964682123,20000057
Random,10.440013482181575,6,0.5,0.5431814320695206,0.5833333333333334,0.5,0.8030508032851297,0.22514595443190286,0.0,0.2916666666666667,21.262833817713602,20000058
Random,12.800556606010037,7,0.5833333333333334,0.5503261566996978,0.6666666666666666,0.41666666666666663,0.847471162104616,0.2560416892373841,0.0,0.2708333333333333,24.238547330563584,20000059
Random,14.427219977701903,7,0.5833333333333334,0.5193950952396551,0.75,0.41666666666666663,0.8991029987674665,0.16311697721690757,0.0,0.3541666666666667,21.045337491744636,20000060
Random,11.04797677009055,6,0.5,0.4099997964945376,0.5833333333333334,0.5,0.8516467145573184,0.21028962776530605,0.0,0.3333333333333333,20.595841336993875,20000061
Random,8.933137336780684,4,0.3333333333333333,0.418585280557585,0.5833333333333334,0.6666666666666667,0.8808195938655464,0.21337904521636522,0.0,0.3541666666666667,20.923489592294448,20000062
Random,11.788077789562395,6,0.5,0.4468822366664721,0.5833333333333334,0.5,0.8491777686356397,0.17367251695316957,0.0,0.375,20.077284586970375,20000063
Random,15.847451770090569,8,0.6666666666666666,0.5017377520643657,0.75,0.33333333333333337,0.9000828074313997,0.13571917137450293,0.0,0.3958333333333333,21.356810574519024,20000064
Random,11.224346202927416,6,0.5,0.3491002544272489,0.75,0.5,0.8556707835400702,0.21080850392021602,0.0,0.2916666666666667,22.563076250348786,20000065
Random,14.149254222098781,7,0.5833333333333334,0.48976102843085717,0.5833333333333334,0.41666666666666663,0.9004670183763043,0.14338755648098533,0.0,0.4583333333333333,18.656983860644157,20000066
Random,11.365284458160732,6,0.5,0.45364547512794484,0.75,0.5,0.8759349227476011,0.2339504317309511,0.0,0.2916666666666667,22.49151380388659,20000067
Random,11.757867890270326,6,0.5,0.41924800019780334,0.6666666666666666,0.5,0.8630754326238445,0.19861591311806115,0.0,0.3125,22.708614779397724,20000068
Random,9.594049101538946,4,0.3333333333333333,0.4614842050677962,0.6666666666666666,0.6666666666666667,0.9093353602165438,0.18041783413898868,0.0,0.3958333333333333,21.08960015938862,20000069
Random,13.903960289236203,7,0.5833333333333334,0.5551120734034208,0.6666666666666666,0.41666666666666663,0.8966027913375223,0.19072598294415247,0.0,0.3333333333333333,21.554897333371287,20000070
Random,10.420031348327194,6,0.5,0.45367974884389584,0.5833333333333334,0.5,0.8256525833555077,0.2357893067887853,0.0,0.3125,20.946888492018367,20000071
Random,14.300194987018227,7,0.5833333333333334,0.661745028052563,0.75,0.41666666666666663,0.8683685877760206,0.1804121699978456,0.0,0.3333333333333333,21.302437335887294,20000072
Random,12.30350948127896,7,0.5833333333333334,0.5833410978883462,0.6666666666666666,0.41666666666666663,0.8255608570814088,0.24873981046041016,0.0,0.2708333333333333,22.196948288255964,20000073
Random,7.8133755711580894,3,0.25,0.3381295474692165,0.5,0.75,0.8898248284794722,0.15020001150516263,0.0,0.4583333333333333,18.194418876916988,20000074
Random,10.07090288499073,5,0.4166666666666667,0.34366785275190903,0.6666666666666666,0.5833333333333333,0.8627634605863997,0.206623803045315,0.0,0.3125,22.34985247561279,20000075
Random,10.799077568776427,5,0.4166666666666667,0.31693613055005315,0.5833333333333334,0.5833333333333333,0.8872205544470373,0.14554412493162042,0.0,0.4375,19.260514391249192,20000076
Random,21.010374113820593,11,0.9166666666666666,0.8528703519891024,0.9166666666666666,0.08333333333333337,0.8962301806871009,0.19207842912999049,0.0,0.2916666666666667,24.986175546300583,20000077
Random,18.92053204167412,10,0.8333333333333334,0.7593990630868832,0.8333333333333334,0.16666666666666663,0.8564150350979354,0.18062727202059747,0.0,0.2916666666666667,22.917478318823523,20000078
Random,11.26696302179628,6,0.5,0.37160583686138793,0.5833333333333334,0.5,0.8792089337885861,0.17015620663900835,0.0,0.3958333333333333,19.47433447786284,20000079
Random,8.157916355564195,4,0.3333333333333333,0.36929591299296544,0.5,0.6666666666666667,0.8829612799907114,0.21654632921384787,0.0,0.375,20.317923762184837,20000080
Random,9.5986347535178,5,0.4166666666666667,0.348201539015662,0.5833333333333334,0.5833333333333333,0.8316708968168193,0.1945856041662383,0.0,0.375,19.21356284009069,20000081
Random,18.143096669007907,9,0.75,0.7833072947351879,0.8333333333333334,0.25,0.903069607077386,0.1699704026069456,0.0,0.3125,24.07429226630726,20000082
Random,4.2145487370018735,3,0.25,0.34343773325370736,0.5833333333333334,0.75,0.782505613185954,0.30155461488411495,0.0,0.25,21.379527799663737,20000083
Random,9.706438084955042,5,0.4166666666666667,0.40754952305933906,0.6666666666666666,0.5833333333333333,0.8412915581611408,0.2042280801352749,0.0,0.3333333333333333,20.749985280179764,20000084
Random,10.186670628054053,5,0.4166666666666667,0.3269120066037267,0.5833333333333334,0.5833333333333333,0.9015627396413247,0.18022867903827777,0.0,0.3958333333333333,20.089526654074106,20000085
Random,15.26858391259606,8,0.6666666666666666,0.6279436868073205,0.75,0.33333333333333337,0.88568752439037,0.2270673179563767,0.0,0.2916666666666667,22.5154076598148,20000086
Random,11.83917204308968,6,0.5,0.40445823477552817,0.6666666666666666,0.5,0.888206301511468,0.18585407842369026,0.0,0.3541666666666667,22.76232965833552,20000087
Random,14.561136105278372,7,0.5833333333333334,0.4496734826308494,0.5833333333333334,0.41666666666666663,0.9216399506416822,0.12578821157742515,0.0,0.4791666666666667,18.64859653787399,20000088
Random,14.819268761860242,8,0.6666666666666666,0.7520645153252935,0.6666666666666666,0.33333333333333337,0.8199120080018929,0.20331800621445242,0.0,0.3125,22.632714018971285,20000089
Random,9.246783894305961,4,0.3333333333333333,0.3183756812714785,0.5833333333333334,0.6666666666666667,0.8761576996068193,0.12989560467062464,0.0,0.4791666666666667,17.408062812679518,20000090
Random,14.378637440595387,8,0.6666666666666666,0.6327690003381001,0.6666666666666666,0.33333333333333337,0.8567820755872377,0.21894329759359696,0.0,0.3125,22.189471113085233,20000091
Random,13.321501504699475,7,0.5833333333333334,0.5012097827396363,0.6666666666666666,0.41666666666666663,0.8694350602990347,0.21983184182954849,0.0,0.3333333333333333,21.74052393528637,20000092
Random,12.94098473401703,7,0.5833333333333334,0.6524417390907025,0.6666666666666666,0.41666666666666663,0.8097641121614253,0.19748901988627288,0.0,0.2916666666666667,20.838074022159535,20000093
Random,8.814067236647425,4,0.3333333333333333,0.2967021414878477,0.6666666666666666,0.6666666666666667,0.8652850843663172,0.1535828512227804,0.0,0.3958333333333333,19.705776617961664,20000094
Random,10.17462133050577,7,0.5833333333333334,0.4853188576071651,0.5833333333333334,0.41666666666666663,0.7811154004157217,0.3110688423579755,0.0,0.2916666666666667,19.622282967604885,20000095
Random,5.654833393922136,4,0.3333333333333333,0.4350269323767605,0.6666666666666666,0.6666666666666667,0.7888516690075497,0.33139719726742506,0.0,0.16666666666666666,23.075809029213186,20000096
Random,7.970089998828901,4,0.3333333333333333,0.278263797339211,0.6666666666666666,0.6666666666666667,0.8395907253753393,0.2068023189963243,0.0,0.2916666666666667,22.053215443223692,20000097
Random,11.36820143068258,6,0.5,0.4070663422965187,0.6666666666666666,0.5,0.8598317185933321,0.20533670126960135,0.0,0.3125,21.899039886602395,20000098
Random,14.572417719472496,7,0.5833333333333334,0.5396168275598265,0.6666666666666666,0.41666666666666663,0.9051796237058776,0.13775341454574283,0.0,0.4166666666666667,21.190017903644954,20000099
Random,11.835706938042883,6,0.5,0.43649977855425026,0.5833333333333334,0.5,0.8733552047925809,0.16579651768133521,0.0,0.3958333333333333,20.468199015967095,20000100
Random,11.579096959405906,6,0.5,0.33156944191691645,0.6666666666666666,0.5,0.8774454954959471,0.1799795124036863,0.0,0.3541666666666667,20.92577110570264,20000101
Random,15.964959189746564,10,0.8333333333333334,0.7285235683870515,0.8333333333333334,0.16666666666666663,0.7777863503110276,0.2713090932190633,0.0,0.16666666666666666,23.792975506953734,20000102
Random,13.994377232706608,7,0.5833333333333334,0.5557711324029487,0.5833333333333334,0.41666666666666663,0.8681135672026982,0.14357187144475989,0.0,0.3958333333333333,19.97439073514178,20000103
Random,10.9607766689493,6,0.5,0.4485597476481547,0.5833333333333334,0.5,0.8450409910993907,0.20162559994954807,0.0,0.3333333333333333,22.462969524433174,20000104
Random,10.626392035738139,5,0.4166666666666667,0.5037837538682938,0.5833333333333334,0.5833333333333333,0.8897468753960366,0.16253720146141654,0.0,0.4375,18.742998114633426,20000105
Random,10.08572287781962,5,0.4166666666666667,0.32078388035506056,0.5833333333333334,0.5833333333333333,0.8770943745271668,0.16696888913641975,0.0,0.3958333333333333,20.08209174048154,20000106
Random,14.223802634040574,8,0.6666666666666666,0.6085488075559059,0.75,0.33333333333333337,0.8461260639010387,0.22239837810901086,0.0,0.3125,21.367038696669404,20000107
Random,9.504477703949624,5,0.4166666666666667,0.509566509782286,0.6666666666666666,0.5833333333333333,0.8484147013881582,0.22702764305235057,0.0,0.3333333333333333,21.2344084616561,20000108
Random,5.167487107504059,4,0.3333333333333333,0.23848427414401957,0.5833333333333334,0.6666666666666667,0.7717781856541205,0.30092790803549746,0.0,0.25,19.90295360776492,20000109
Random,11.542486019451657,6,0.5,0.4546980936780484,0.5833333333333334,0.5,0.8720770180551151,0.19751738866480253,0.0,0.3125,22.086231305479178,20000110
Random,10.062185404520495,6,0.5,0.4147911444066214,0.6666666666666666,0.5,0.8010821499591986,0.2367395238501396,0.0,0.2708333333333333,21.235262705742194,20000111
Random,14.734798264301567,8,0.6666666666666666,0.6532964488848012,0.6666666666666666,0.33333333333333337,0.8756946136951539,0.2776447803146738,0.0,0.25,25.096170907150555,20000112
Random,8.970143767846082,5,0.4166666666666667,0.43690742269605964,0.5833333333333334,0.5833333333333333,0.8091407719768551,0.2004159478947248,0.0,0.3333333333333333,20.196523026779296,20000113
Random,9.629179310590215,5,0.4166666666666667,0.3859417418854139,0.5,0.5833333333333333,0.850167560651681,0.1847213130007206,0.0,0.3958333333333333,19.487678449531305,20000114
Random,10.247890363173399,6,0.5,0.4029699925190053,0.75,0.5,0.8530341682365509,0.283222628979635,0.0,0.22916666666666666,23.44759867263418,20000115
Random,10.676375591154276,5,0.4166666666666667,0.41648874852943657,0.75,0.5833333333333333,0.8843850766132898,0.18183811629747745,0.0,0.3333333333333333,22.891722918104662,20000116
Random,7.656430722810979,5,0.4166666666666667,0.4431000187676526,0.5833333333333334,0.5833333333333333,0.793009985084263,0.2751561786021769,0.0,0.2916666666666667,20.81901251335659,20000117
Random,7.106140620637388,4,0.3333333333333333,0.3255644601062429,0.6666666666666666,0.6666666666666667,0.8180307314921725,0.24609119405794957,0.0,0.2708333333333333,21.39432932418771,20000118
Random,11.68293434624147,6,0.5,0.4171918664435551,0.6666666666666666,0.5,0.8652537840299407,0.20220766960386483,0.0,0.3125,22.487189760545593,20000119
Random,11.984194194061649,7,0.5833333333333334,0.4482034387007302,0.75,0.41666666666666663,0.8552134676137939,0.2663433246164079,0.0,0.20833333333333334,24.813162659822723,20000120
Random,4.075697817323465,3,0.25,0.27531229810818864,0.5,0.75,0.7570770563244918,0.27028651657529346,0.0,0.2916666666666667,18.76815118530821,20000121
Random,13.443349979000834,7,0.5833333333333334,0.5018473263412675,0.75,0.41666666666666663,0.8434543608608897,0.19013548147331014,0.0,0.3125,21.73342041916183,20000122
Random,10.432829519861492,5,0.4166666666666667,0.49194478540358316,0.5833333333333334,0.5833333333333333,0.8914879678135135,0.1768615025787783,0.0,0.375,20.484835929714617,20000123
Random,12.811455144234463,7,0.5833333333333334,0.5452344955788947,0.5833333333333334,0.41666666666666663,0.8804120080177779,0.18462649486012847,0.0,0.3958333333333333,20.061805938478383,20000124
Random,10.271189870713904,6,0.5,0.5880237242435677,0.6666666666666666,0.5,0.8310846006412262,0.2688683758062426,0.0,0.25,22.43042069568464,20000125
Random,10.229791545571793,6,0.5,0.45299991094031106,0.5833333333333334,0.5,0.8003228613297448,0.23788546761220922,0.0,0.2916666666666667,20.373839101135562,20000126
Random,12.797785060373368,7,0.5833333333333334,0.5150129816705135,0.6666666666666666,0.41666666666666663,0.8539901772967857,0.22452276728398135,0.0,0.2916666666666667,22.357113066001496,20000127
Random,11.115997935689393,6,0.5,0.402692637789045,0.75,0.5,0.8380707079668109,0.18809613897160785,0.0,0.3333333333333333,20.86571387913897,20000128
Random,13.48724165366266,7,0.5833333333333334,0.5899871773728865,0.6666666666666666,0.41666666666666663,0.8531486960465644,0.20226591301220656,0.0,0.3541666666666667,21.31811203789045,20000129
Random,9.475371738043485,5,0.4166666666666667,0.42381638619025713,0.5833333333333334,0.5833333333333333,0.859728162036521,0.20784935435759566,0.0,0.3333333333333333,20.988947187344376,20000130
Random,11.568476323369381,6,0.5,0.4860793184359404,0.6666666666666666,0.5,0.8592594771985237,0.22783354824624893,0.0,0.2916666666666667,22.811690744045528,20000131
Random,12.688223814573831,7,0.5833333333333334,0.4819526247337425,0.75,0.41666666666666663,0.8204341101503982,0.20275822924117137,0.0,0.2708333333333333,23.194410620967346,20000132
Random,12.776640102736138,6,0.5,0.5515121329027375,0.6666666666666666,0.5,0.8742281817993293,0.1387223412770936,0.0,0.375,20.46621511944184,20000133
Random,13.569685593767524,7,0.5833333333333334,0.44757559850317363,0.6666666666666666,0.41666666666666663,0.8717924127582499,0.15025720417968813,0.0,0.375,21.185002004821413,20000134
Random,12.607031101725797,6,0.5,0.40603988917509953,0.6666666666666666,0.5,0.9233059657195711,0.16180480102958483,0.0,0.3958333333333333,20.08401580801715,20000135
Random,10.189922426591655,5,0.4166666666666667,0.4585700972857658,0.5,0.5833333333333333,0.8868577057539184,0.175648169102841,0.0,0.4583333333333333,17.570074942307656,20000136
Random,14.574283650962464,8,0.6666666666666666,0.6312110627981988,0.8333333333333334,0.33333333333333337,0.8282164482208675,0.23301670752422313,0.0,0.22916666666666666,22.976780523953355,20000137
Random,7.465662934336429,4,0.3333333333333333,0.3731971054447636,0.5833333333333334,0.6666666666666667,0.8184182487460947,0.22841203342552988,0.0,0.3125,20.58856614514839,20000138
Random,8.65471032915726,5,0.4166666666666667,0.4787484074711345,0.5833333333333334,0.5833333333333333,0.7996402292276293,0.23596954280516355,0.0,0.2708333333333333,21.839413038156387,20000139
Random,8.148768597333843,4,0.3333333333333333,0.4662235130200691,0.75,0.6666666666666667,0.820219625859765,0.21222642397134073,0.0,0.3125,20.326419762864493,20000140
Random,13.238095323048118,7,0.5833333333333334,0.4699278810590689,0.6666666666666666,0.41666666666666663,0.8600548096326692,0.19941359486375695,0.0,0.3125,22.0495131002427,20000141
Random,12.449069849016324,7,0.5833333333333334,0.5645008374497199,0.6666666666666666,0.41666666666666663,0.8067662000494513,0.23251047749646628,0.0,0.3125,21.5377664810147,20000142
Random,11.020500597333319,6,0.5,0.3867437835695187,0.5833333333333334,0.5,0.8417497267483611,0.20380760461267358,0.0,0.3333333333333333,20.9097131978377,20000143
Random,15.254314747388744,8,0.6666666666666666,0.6501171949880544,0.75,0.33333333333333337,0.8833077989746978,0.21252009636409105,0.0,0.2916666666666667,23.645624257752328,20000144
Random,15.226202043330778,8,0.6666666666666666,0.763215129715453,0.6666666666666666,0.33333333333333337,0.8548876760764758,0.21647429973150614,0.0,0.3125,22.43135208412873,20000145
Random,9.324656420597124,5,0.4166666666666667,0.33457122488285884,0.6666666666666666,0.5833333333333333,0.8263766863358457,0.20632475702307382,0.0,0.3125,21.885688841162363,20000146
Random,13.465962780588896,7,0.5833333333333334,0.5601362413815392,0.6666666666666666,0.41666666666666663,0.8528888413547483,0.17286200991517275,0.0,0.3541666666666667,22.50129633464228,20000147
Random,13.021617225414158,7,0.5833333333333334,0.5233230201559897,0.6666666666666666,0.41666666666666663,0.8462270538404063,0.2079538144907865,0.0,0.3333333333333333,20.429879828613053,20000148
Random,10.193591383490471,5,0.4166666666666667,0.3697832892623031,0.6666666666666666,0.5833333333333333,0.8905149159388707,0.19996280214885612,0.0,0.3333333333333333,22.838719620456413,20000149
Random,7.678470785403283,3,0.25,0.23289593712249804,0.5833333333333334,0.75,0.8810455806554124,0.12703776484230866,0.0,0.4791666666666667,17.796415366599756,20000150
Random,15.19801314995343,8,0.6666666666666666,0.6942043473422743,0.6666666666666666,0.33333333333333337,0.8701627650694087,0.17840520504048965,0.0,0.3333333333333333,21.01263249907707,20000151
Random,9.99442491448964,6,0.5,0.41360853002238157,0.6666666666666666,0.5,0.8150903579474585,0.2591552349718926,0.0,0.2916666666666667,20.21035010029532,20000152
Random,13.95925266659031,8,0.6666666666666666,0.6740697103930411,0.6666666666666666,0.33333333333333337,0.842129457252673,0.24769564303198996,0.0,0.3125,20.412081712778225,20000153
Random,13.05512550837874,8,0.6666666666666666,0.6209410629935557,0.75,0.33333333333333337,0.8478073577789601,0.2965397534272122,0.0,0.20833333333333334,23.412799403704334,20000154
Random,14.814686448362027,8,0.6666666666666666,0.6290191189881292,0.6666666666666666,0.33333333333333337,0.8351412298693778,0.19543816466057207,0.0,0.3125,21.655954099249136,20000155
Random,13.773151062169777,8,0.6666666666666666,0.617538644509432,0.6666666666666666,0.33333333333333337,0.8278378946142899,0.2513764308517466,0.0,0.2916666666666667,21.260678912626858,20000156
Random,8.528635790096473,4,0.3333333333333333,0.45442481965873843,0.5833333333333334,0.6666666666666667,0.8798390375062115,0.21795952554981946,0.0,0.3541666666666667,22.501910768262604,20000157
Random,11.219332822197014,6,0.5,0.3523721315662943,0.75,0.5,0.8885611360138729,0.22534397301440076,0.0,0.2708333333333333,24.117660824076257,20000158
Random,11.914949964877346,6,0.5,0.3915858773101815,0.6666666666666666,0.5,0.8688214116152695,0.1804277644287573,0.0,0.3541666666666667,21.51516283913975,20000159
Random,9.704787588920768,5,0.4166666666666667,0.4182705384498253,0.6666666666666666,0.5833333333333333,0.8593555574215618,0.21698398118422524,0.0,0.3125,21.66603293000836,20000160
Random,11.919027452857579,7,0.5833333333333334,0.5320884510564599,0.75,0.41666666666666663,0.8132871350591776,0.23924181301894346,0.0,0.25,22.40386504059104,20000161
Random,11.873477687805252,6,0.5,0.42222249816462504,0.6666666666666666,0.5,0.8523879153424012,0.186453003414508,0.0,0.3541666666666667,20.414078641809343,20000162
Random,14.832450393878494,8,0.6666666666666666,0.5765935313388495,0.6666666666666666,0.33333333333333337,0.8561290504766745,0.18404322135122997,0.0,0.3541666666666667,20.545305603398774,20000163
Random,13.40184869888314,7,0.5833333333333334,0.4996700648820873,0.6666666666666666,0.41666666666666663,0.8590168094011581,0.21036645774582197,0.0,0.2916666666666667,21.56340753693472,20000164
Random,15.113554875929196,8,0.6666666666666666,0.7151409926198145,0.75,0.33333333333333337,0.8743536337991973,0.21603019035185422,0.0,0.2916666666666667,22.398138590559977,20000165
Random,12.091200672906323,6,0.5,0.4261402410961459,0.6666666666666666,0.5,0.9027957977605338,0.18056696728328955,0.0,0.3958333333333333,20.838656274836094,20000166
Random,13.932547149322742,7,0.5833333333333334,0.6757688629163312,0.6666666666666666,0.41666666666666663,0.8548533886794609,0.1708917462760057,0.0,0.375,21.08842315427359,20000167
Random,11.563844214222122,6,0.5,0.3341269458366973,0.6666666666666666,0.5,0.8633290019723384,0.1683362017137834,0.0,0.375,20.44197256685677,20000168
Random,13.857291778161612,7,0.5833333333333334,0.6652931215686139,0.6666666666666666,0.41666666666666663,0.8731181929980245,0.203099347362265,0.0,0.3541666666666667,22.387246057407303,20000169
Random,11.258219654062101,6,0.5,0.38060298616410115,0.6666666666666666,0.5,0.8570652040326809,0.19741386029382935,0.0,0.3333333333333333,22.260557145927518,20000170
Random,11.962840276282996,6,0.5,0.41706872713813053,0.6666666666666666,0.5,0.8861058410091139,0.16438577704401605,0.0,0.3541666666666667,21.868580878214846,20000171
Random,11.699293379513515,7,0.5833333333333334,0.474944856629898,0.75,0.41666666666666663,0.858878603209035,0.2572038664392571,0.0,0.25,23.335250428437355,20000172
Random,14.350986504299385,8,0.6666666666666666,0.5853555406083368,0.6666666666666666,0.33333333333333337,0.8502186018678078,0.21926560994711797,0.0,0.3125,22.600241660294156,20000173
Random,16.121170357585655,9,0.75,0.674279336687592,0.8333333333333334,0.25,0.8541993922720427,0.24873096539402226,0.0,0.25,23.741234420502348,20000174
Random,6.530475656079402,4,0.3333333333333333,0.32547055728845614,0.5833333333333334,0.6666666666666667,0.7738244388483436,0.22822349570449538,0.0,0.2916666666666667,19.113253234783024,20000175
Random,13.064136640390227,7,0.5833333333333334,0.5177206991953232,0.6666666666666666,0.41666666666666663,0.8566703293626463,0.1894306403197237,0.0,0.3541666666666667,22.069083336455762,20000176
Random,12.992798623268238,7,0.5833333333333334,0.496518693861627,0.6666666666666666,0.41666666666666663,0.8712192008624635,0.19547863644548105,0.0,0.3333333333333333,22.272224712073392,20000177
Random,13.519048883895298,7,0.5833333333333334,0.5018089655277428,0.75,0.41666666666666663,0.8804187690585872,0.20822843871722374,0.0,0.3333333333333333,22.620689344409016,20000178
Random,10.64818526208372,5,0.4166666666666667,0.358199217786172,0.75,0.5833333333333333,0.8882720919580297,0.18985306463082877,0.0,0.3333333333333333,23.426306932185803,20000179
Random,10.968012588956933,5,0.4166666666666667,0.3784245859600821,0.6666666666666666,0.5833333333333333,0.8686741555017559,0.16413618723277404,0.0,0.3541666666666667,21.785946550995725,20000180
Random,12.795768192877649,6,0.5,0.4597638581389073,0.6666666666666666,0.5,0.9070586576135007,0.1367697054112507,0.0,0.4166666666666667,21.301334745191593,20000181
Random,14.452938204485157,8,0.6666666666666666,0.6597461877549865,0.6666666666666666,0.33333333333333337,0.8344550512126553,0.24779086328478359,0.0,0.2708333333333333,23.031109131180724,20000182
Random,2.373684199235891,3,0.25,0.19682062269450099,0.5,0.75,0.7175441016924112,0.31361246906364043,0.0,0.20833333333333334,20.681518231722382,20000183
Random,11.32052155734374,6,0.5,0.4753767037030107,0.6666666666666666,0.5,0.8380227550741749,0.20140114082144558,0.0,0.3125,21.124338638493473,20000184
Random,16.8784523820041,9,0.75,0.6238134750869394,0.75,0.25,0.8799153365594061,0.17966693030342493,0.0,0.3333333333333333,20.854022936502307,20000185
Random,9.5404548597182,5,0.4166666666666667,0.3758756305203322,0.5833333333333334,0.5833333333333333,0.873362665461418,0.18924217161808285,0.0,0.3541666666666667,20.110169101416652,20000186
Random,9.273321971374624,6,0.5,0.41423109009574943,0.6666666666666666,0.5,0.7962124338744611,0.3051951257162965,0.0,0.20833333333333334,21.83744536633003,20000187
Random,11.978245900469194,7,0.5833333333333334,0.6901791762127218,0.6666666666666666,0.41666666666666663,0.8326309505374755,0.30066307891999516,0.0,0.25,22.19070735628588,20000188
Random,10.954720411765814,6,0.5,0.4208965623088798,0.5833333333333334,0.5,0.8398319930271946,0.1942429194247912,0.0,0.3125,21.729734461796035,20000189
Random,12.59327613029759,7,0.5833333333333334,0.5505466645019534,0.6666666666666666,0.41666666666666663,0.8651189300422321,0.22542917481247401,0.0,0.3333333333333333,20.367333110955347,20000190
Random,20.649400330684752,11,0.9166666666666666,0.9223599923569041,0.9166666666666666,0.08333333333333337,0.8957112753936896,0.12374552519828295,0.0,0.375,22.582810024004864,20000191
Random,9.384369057935672,4,0.3333333333333333,0.36441510177460895,0.6666666666666666,0.6666666666666667,0.8971806378823698,0.17701522954062607,0.0,0.3958333333333333,20.6026524352539,20000192
Random,13.922733338399325,7,0.5833333333333334,0.4942674061910156,0.75,0.41666666666666663,0.8979598391141085,0.20655349965915706,0.0,0.3125,23.24579439127624,20000193
Random,10.628202171837847,5,0.4166666666666667,0.3165424224775324,0.5,0.5833333333333333,0.8908216005264301,0.12397209518134601,0.0,0.5208333333333334,17.216960126153072,20000194
Random,11.74370135545004,6,0.5,0.5015394962466517,0.6666666666666666,0.5,0.8587138689166366,0.2069434386831697,0.0,0.3333333333333333,21.975211918993473,20000195
Random,16.127616874324374,8,0.6666666666666666,0.5645881697249936,0.6666666666666666,0.33333333333333337,0.906843425968927,0.13692879148440631,0.0,0.4166666666666667,19.699187341955433,20000196
Random,12.396237425745019,6,0.5,0.4106652885650479,0.75,0.5,0.8724100312817594,0.1788584749447637,0.0,0.3333333333333333,22.418947014498258,20000197
Random,11.197916251653005,6,0.5,0.3417713343471794,0.6666666666666666,0.5,0.8520970987565945,0.17401370973906502,0.0,0.3541666666666667,20.739669913276995,20000198
Random,11.845542383177083,6,0.5,0.4048765993144296,0.6666666666666666,0.5,0.8651573634324795,0.18006840435007251,0.0,0.375,20.90659553167584,20000199
Random,11.374441076416906,7,0.5833333333333334,0.4941104615052712,0.6666666666666666,0.41666666666666663,0.8250812759231495,0.274754682137476,0.0,0.22916666666666666,23.162912322191,20000200
Random,7.868858098170336,4,0.3333333333333333,0.16280240304452762,0.5833333333333334,0.6666666666666667,0.8548515706557792,0.1557473300351111,0.0,0.4166666666666667,16.835477651325316,20000201
Random,9.85022834552522,5,0.4166666666666667,0.3508629602844501,0.5,0.5833333333333333,0.8933417023446935,0.1724065577565501,0.0,0.4375,19.031233535467578,20000202
Random,16.519851348893418,9,0.75,0.6183489634683421,0.8333333333333334,0.25,0.8821186299523652,0.19889936451788662,0.0,0.3125,22.913296646864552,20000203
Random,11.795922165440892,7,0.5833333333333334,0.48941519668038275,0.75,0.41666666666666663,0.8112262566968602,0.2656820065588259,0.0,0.20833333333333334,23.026455324766932,20000204
Random,13.354672025412672,7,0.5833333333333334,0.7381654238085427,0.8333333333333334,0.41666666666666663,0.8280504583083829,0.24774320971633731,0.0,0.20833333333333334,24.808133271509643,20000205
Random,8.938798535732714,5,0.4166666666666667,0.2569095418791492,0.5833333333333334,0.5833333333333333,0.851448766680211,0.20185731136654014,0.0,0.3541666666666667,20.12372962764524,20000206
Random,11.343728695536317,6,0.5,0.4361027758863621,0.6666666666666666,0.5,0.841749871850729,0.21700327178827494,0.0,0.2916666666666667,23.143322241404462,20000207
Random,12.098193210276424,6,0.5,0.4323181504932799,0.6666666666666666,0.5,0.8748991201600126,0.18448934874807668,0.0,0.3333333333333333,21.68063442880889,20000208
Random,14.551372893098913,7,0.5833333333333334,0.4754874079498781,0.75,0.41666666666666663,0.8880183358325272,0.16173021803141338,0.0,0.3541666666666667,22.493606444212087,20000209
Random,14.73063983109784,8,0.6666666666666666,0.5365059700810683,0.8333333333333334,0.33333333333333337,0.8831324328571452,0.19759807685416908,0.0,0.2708333333333333,24.332680926877693,20000210
Random,12.306099245811323,7,0.5833333333333334,0.42284199816202794,0.75,0.41666666666666663,0.822288074387334,0.19569612295775518,0.0,0.2708333333333333,22.402153584229897,20000211
Random,16.10660146178967,9,0.75,0.7263272675701106,0.8333333333333334,0.25,0.831484588255624,0.22389698091582697,0.0,0.20833333333333334,24.336679601390806,20000212
Random,10.428296130472212,6,0.5,0.582127347852003,0.6666666666666666,0.5,0.8380519485087365,0.2756632057539667,0.0,0.2708333333333333,22.767503669290775,20000213
Random,10.36758088624579,6,0.5,0.39144110605598853,0.6666666666666666,0.5,0.8061263629263394,0.21985253865864765,0.0,0.3333333333333333,19.0320806766828,20000214
Random,12.467951166595459,7,0.5833333333333334,0.6062425921870865,0.6666666666666666,0.41666666666666663,0.8601111305096297,0.28548654411381685,0.0,0.25,24.039291085022498,20000215
Random,13.322090499829596,7,0.5833333333333334,0.41489374670234486,0.75,0.41666666666666663,0.8542110463773861,0.16479519480834137,0.0,0.3333333333333333,21.546963475689168,20000216
Random,11.039102809718734,7,0.5833333333333334,0.635965477277344,0.8333333333333334,0.41666666666666663,0.8223876008265453,0.3364580816503327,0.0,0.16666666666666666,23.580460309444877,20000217
Random,11.37676253517739,7,0.5833333333333334,0.5217659453203624,0.75,0.41666666666666663,0.7895819302826076,0.2474413951641726,0.0,0.2708333333333333,20.95425026769624,20000218
Random,9.911936234121777,5,0.4166666666666667,0.42028720216674664,0.5833333333333334,0.5833333333333333,0.8531467773785902,0.17935864458320694,0.0,0.4166666666666667,18.591449189884262,20000219
Random,11.689367685626577,7,0.5833333333333334,0.5694462808035528,0.75,0.41666666666666663,0.7608087997101712,0.2414368283341469,0.0,0.22916666666666666,21.70906629653428,20000220
Random,9.639785090157897,4,0.3333333333333333,0.4697735537047575,0.5833333333333334,0.6666666666666667,0.896049995165192,0.1587502666275933,0.0,0.3958333333333333,19.840506169179076,20000221
Random,13.034481168325216,6,0.5,0.4103884478144563,0.75,0.5,0.8948327022129169,0.125610319148084,0.0,0.4375,20.684711794756517,20000222
Random,11.001919488456924,6,0.5,0.5101103678269717,0.6666666666666666,0.5,0.8553893133821161,0.2232798175814095,0.0,0.3125,20.865257517795996,20000223
Random,8.825540021827575,4,0.3333333333333333,0.3050318296307708,0.5833333333333334,0.6666666666666667,0.8880688315548996,0.16438246309562204,0.0,0.3958333333333333,20.76457049062584,20000224
Random,10.67735635316941,6,0.5,0.5766966965961721,0.6666666666666666,0.5,0.8560111715469368,0.25934733539427773,0.0,0.2916666666666667,21.41635746955688,20000225
Random,12.702052667041977,7,0.5833333333333334,0.6127411274075047,0.6666666666666666,0.41666666666666663,0.8398404074158057,0.25831024907220507,0.0,0.25,24.07038242187875,20000226
Random,14.8078067430335,8,0.6666666666666666,0.5822878515486277,0.8333333333333334,0.33333333333333337,0.8653526079234529,0.2168365008081373,0.0,0.2708333333333333,23.78273624219533,20000227
Random,14.027278162566313,8,0.6666666666666666,0.5942212155429752,0.8333333333333334,0.33333333333333337,0.846930887459731,0.24965218718666424,0.0,0.22916666666666666,23.208308512608998,20000228
Random,9.167583043275737,4,0.3333333333333333,0.2818356619086754,0.6666666666666666,0.6666666666666667,0.8946162463172872,0.1747902749952374,0.0,0.375,21.84699980539588,20000229
Random,10.158164990305883,5,0.4166666666666667,0.32803024510612444,0.75,0.5833333333333333,0.8821966099079687,0.2012641489763969,0.0,0.2916666666666667,23.66726723701047,20000230
Random,11.482169206938597,6,0.5,0.3074598460890812,0.6666666666666666,0.5,0.8898413379025595,0.16338235059075448,0.0,0.4375,18.058963101861334,20000231
Random,9.992782270030308,5,0.4166666666666667,0.26328736786055223,0.6666666666666666,0.5833333333333333,0.8500892962865315,0.16434444726332256,0.0,0.3541666666666667,21.083447577766787,20000232
Random,10.294546526587874,5,0.4166666666666667,0.44906445693071345,0.5833333333333334,0.5833333333333333,0.848331814658707,0.179374437289064,0.0,0.3333333333333333,21.459611964922217,20000233
Random,9.726882281466972,4,0.3333333333333333,0.33229078980050625,0.5833333333333334,0.6666666666666667,0.8737653294965977,0.13026196659866685,0.0,0.4791666666666667,18.080906386467063,20000234
Random,9.113975756121816,6,0.5,0.5627634238892956,0.6666666666666666,0.5,0.7410647587712589,0.2666309667948421,0.0,0.22916666666666666,20.599574138342266,20000235
Random,12.95590182009701,7,0.5833333333333334,0.4944767411286446,0.6666666666666666,0.41666666666666663,0.8896833420793776,0.2020133405188814,0.0,0.3333333333333333,22.457532650988163,20000236
Random,10.56690536075653,5,0.4166666666666667,0.3575215834105232,0.5833333333333334,0.5833333333333333,0.8856499625783156,0.17952633160128859,0.0,0.3958333333333333,20.429872163474823,20000237
Random,12.375131412144166,6,0.5,0.35140823729621284,0.6666666666666666,0.5,0.9026342279959918,0.14841359573147414,0.0,0.3958333333333333,19.95486832683228,20000238
Random,13.145604686769666,6,0.5,0.43175887701066235,0.6666666666666666,0.5,0.9118112875751572,0.15686899473920898,0.0,0.4166666666666667,20.627584384484486,20000239
Random,12.504025240737983,6,0.5,0.434198196140891,0.5833333333333334,0.5,0.8919836107915108,0.1552542272134867,0.0,0.4583333333333333,19.07417556417615,20000240
Random,10.15923327239845,5,0.4166666666666667,0.38808382099254757,0.5833333333333334,0.5833333333333333,0.8791850561648721,0.19702129061941065,0.0,0.375,20.418594378572955,20000241
Random,16.16351249278763,8,0.6666666666666666,0.6761022709001043,0.75,0.33333333333333337,0.9071278984882708,0.1262542951339796,0.0,0.4166666666666667,20.874340959181044,20000242
Random,13.379483931557797,7,0.5833333333333334,0.5618412458621649,0.5833333333333334,0.41666666666666663,0.8514699632319388,0.20608332629201778,0.0,0.375,20.224723616280684,20000243
Random,17.338381382811164,10,0.8333333333333334,0.8475478319947377,0.8333333333333334,0.16666666666666663,0.8454091018350937,0.29062822759994433,0.0,0.16666666666666666,25.84611865706801,20000244
Random,13.282146126543998,7,0.5833333333333334,0.585055375359172,0.5833333333333334,0.41666666666666663,0.8713348155138352,0.20667715021073504,0.0,0.3333333333333333,23.502814225399835,20000245
Random,9.452829798074308,4,0.3333333333333333,0.4660953256567068,0.6666666666666666,0.6666666666666667,0.8950314025783412,0.1938214683143931,0.0,0.3541666666666667,21.74140755051888,20000246
Random,14.420121443294668,8,0.6666666666666666,0.5093301694506963,0.75,0.33333333333333337,0.8845761954817911,0.21690782194190325,0.0,0.3125,21.951489628246193,20000247
Random,19.859560916836422,10,0.8333333333333334,0.8698569814027801,0.8333333333333334,0.16666666666666663,0.9210115409057553,0.15292853816943688,0.0,0.375,22.38519514248589,20000248
Random,10.244108820352505,5,0.4166666666666667,0.31484166243742984,0.6666666666666666,0.5833333333333333,0.8942491847076776,0.18592104925910716,0.0,0.3958333333333333,20.382489389715193,20000249
Random,16.69121427203451,9,0.75,0.7368034605107614,0.75,0.25,0.8758332192125599,0.20721083305281854,0.0,0.3125,22.60217029927701,20000250
Random,12.226209811310126,7,0.5833333333333334,0.6425694540958479,0.6666666666666666,0.41666666666666663,0.8285308792355432,0.26276506207441686,0.0,0.25,22.05497181012882,20000251
Random,13.88621310202337,7,0.5833333333333334,0.4948578934424915,0.75,0.41666666666666663,0.8880581131388223,0.1681756647266974,0.0,0.3541666666666667,21.514768780121198,20000252
Random,12.10740891829948,7,0.5833333333333334,0.5581401066024293,0.5833333333333334,0.41666666666666663,0.8042110080790487,0.23508176796389244,0.0,0.3125,19.58186333259534,20000253
Random,6.815492974422015,3,0.25,0.2611875035106636,0.5,0.75,0.8976317482360917,0.18435946142315654,0.0,0.4375,19.02870839191909,20000254
Random,12.284892740997435,6,0.5,0.4131261694708326,0.6666666666666666,0.5,0.87811822950467,0.17548463019530372,0.0,0.3541666666666667,20.74971683260996,20000255
Random,9.173543038153259,6,0.5,0.47800342332843077,0.5833333333333334,0.5,0.8133019050651363,0.31018029421375526,0.0,0.20833333333333334,22.558383356497888,20000256
Random,12.251892257639094,6,0.5,0.36700981714675157,0.6666666666666666,0.5,0.8791757123447627,0.13347526620382488,0.0,0.4166666666666667,20.259905218106237,20000257
Random,11.876146330011355,6,0.5,0.5034622080652247,0.5833333333333334,0.5,0.8628874769415068,0.1701137820807703,0.0,0.3958333333333333,19.77941256378172,20000258
Random,12.962857515775305,7,0.5833333333333334,0.5144053614648314,0.6666666666666666,0.41666666666666663,0.8538169327964683,0.19811028679094153,0.0,0.3125,21.807050806182723,20000259
Random,11.08878652170868,5,0.4166666666666667,0.3337366405435265,0.5833333333333334,0.5833333333333333,0.8991578733723857,0.14009010424013016,0.0,0.4375,19.934977714771353,20000260
Random,9.472031850350561,5,0.4166666666666667,0.2944330380791356,0.6666666666666666,0.5833333333333333,0.8843328503135436,0.2385945760375111,0.0,0.2916666666666667,22.633823203262313,20000261
Random,11.58754530686881,6,0.5,0.35177614328772044,0.75,0.5,0.8990877711605966,0.21174140659810473,0.0,0.3541666666666667,22.035402106397417,20000262
Random,15.67363181917322,8,0.6666666666666666,0.7433329870484658,0.75,0.33333333333333337,0.8579298900721536,0.17503671313575905,0.0,0.3541666666666667,22.05565921997064,20000263
Random,12.492320783888884,6,0.5,0.3929803749865943,0.6666666666666666,0.5,0.884478302966795,0.15624781627285256,0.0,0.3958333333333333,21.029050615687467,20000264
Random,15.678587456369675,9,0.75,0.8369072900505035,0.8333333333333334,0.25,0.7813743563411646,0.22689792219875846,0.0,0.25,22.34611623669457,20000265
Random,17.210176897974755,9,0.75,0.6964609159337841,0.8333333333333334,0.25,0.8897538630863892,0.18699477725108696,0.0,0.2916666666666667,23.740204607932398,20000266
Random,8.499753538318704,4,0.3333333333333333,0.22707096311084113,0.5,0.6666666666666667,0.8952623338063983,0.16000082341621763,0.0,0.4375,18.49559727449425,20000267
Random,10.545550382985843,6,0.5,0.4028441762279812,0.5833333333333334,0.5,0.839889865936792,0.21374071553302101,0.0,0.375,20.402261872687014,20000268
Random,12.480367462374979,6,0.5,0.4618103869652489,0.6666666666666666,0.5,0.8886033725685083,0.18031197430922127,0.0,0.3541666666666667,21.83759954809248,20000269
Random,14.01146557420175,7,0.5833333333333334,0.5711009258127132,0.6666666666666666,0.41666666666666663,0.8689188910988443,0.16502906831106184,0.0,0.3958333333333333,19.750312277111263,20000270
Random,15.85872185966885,9,0.75,0.6760998404694442,0.75,0.25,0.8491182293522019,0.23876352530159198,0.0,0.22916666666666666,23.65050574532465,20000271
Random,11.191244724895812,5,0.4166666666666667,0.5421566450551888,0.5833333333333334,0.5833333333333333,0.8712985674382345,0.1521685140875455,0.0,0.3958333333333333,20.376320368860167,20000272
Random,14.846230005239969,7,0.5833333333333334,0.5574661279316907,0.6666666666666666,0.41666666666666663,0.9076061856053572,0.1340620659635355,0.0,0.4375,20.072104887437664,20000273
Random,13.432235235826942,7,0.5833333333333334,0.5128969099550339,0.5833333333333334,0.41666666666666663,0.8844520082952604,0.1682691826320981,0.0,0.4166666666666667,19.42909351634159,20000274
Random,13.511130812598445,8,0.6666666666666666,0.5146190645695341,0.8333333333333334,0.33333333333333337,0.8391469244857152,0.2437930604443188,0.0,0.25,23.586367189519418,20000275
Random,17.073273046528676,9,0.75,0.6320493872719308,0.75,0.25,0.8641077135375076,0.19054445059050917,0.0,0.3125,22.161241509879837,20000276
Random,11.62727714894353,6,0.5,0.4236790353457331,0.6666666666666666,0.5,0.8631327918362358,0.19004410250930748,0.0,0.375,20.903451822619957,20000277
Random,11.239179066914943,7,0.5833333333333334,0.41450264437456597,0.75,0.41666666666666663,0.7684432871796675,0.24862278450704892,0.0,0.22916666666666666,21.77864433992835,20000278
Random,13.259718915315025,7,0.5833333333333334,0.5335411245694801,0.6666666666666666,0.41666666666666663,0.8244649481747167,0.17618987081436047,0.0,0.3541666666666667,20.25359539746221,20000279
Random,17.941772376654257,10,0.8333333333333334,0.7679832312033075,0.9166666666666666,0.16666666666666663,0.8464352257504375,0.19304014753294166,0.0,0.2708333333333333,23.059559144140348,20000280
Random,9.739718816664125,6,0.5,0.4808159226420201,0.6666666666666666,0.5,0.8163950381106041,0.26512389544252346,0.0,0.2916666666666667,20.418612620840232,20000281
Random,12.967416357017783,7,0.5833333333333334,0.5000068646252238,0.6666666666666666,0.41666666666666663,0.8478091433426274,0.20201207874287141,0.0,0.3541666666666667,20.07327492372586,20000282
Random,15.773144016763085,8,0.6666666666666666,0.7116221939802551,0.75,0.33333333333333337,0.8753553375979396,0.17424078363869502,0.0,0.375,22.051137515450517,20000283
Random,11.516405625593455,6,0.5,0.4007373484284854,0.6666666666666666,0.5,0.859875153154649,0.18862753657112508,0.0,0.3541666666666667,20.711161759051812,20000284
Random,14.190085700747053,8,0.6666666666666666,0.5818142490984338,0.6666666666666666,0.33333333333333337,0.7922849358591462,0.18468698060056546,0.0,0.3333333333333333,20.35699131245338,20000285
Random,7.180903922482157,5,0.4166666666666667,0.3525734572434811,0.5833333333333334,0.5833333333333333,0.7890739162964513,0.3120559690514147,0.0,0.22916666666666666,20.948047832644534,20000286
Random,20.227182181265274,11,0.9166666666666666,0.9443402803084145,0.9166666666666666,0.08333333333333337,0.8566383207597653,0.19607380880982483,0.0,0.2708333333333333,24.170178577800407,20000287
Random,14.370656157998516,8,0.6666666666666666,0.6712389377562505,0.75,0.33333333333333337,0.8382460563982083,0.23723007494488288,0.0,0.22916666666666666,24.188311102848164,20000288
Random,13.142437614058798,7,0.5833333333333334,0.39218129029776244,0.8333333333333334,0.41666666666666663,0.8377949724051007,0.16337904330810163,0.0,0.2916666666666667,22.88755817569784,20000289
Random,12.109730847827112,6,0.5,0.333193666397213,0.75,0.5,0.8782091932810557,0.17375491834243487,0.0,0.3333333333333333,22.502609612907715,20000290
Random,14.47562719163707,9,0.75,0.7986729481073256,0.8333333333333334,0.25,0.7868526023748084,0.2992924933824166,0.0,0.1875,22.953052089487578,20000291
Random,12.79689837213104,7,0.5833333333333334,0.5336714587888224,0.5833333333333334,0.41666666666666663,0.8517820056543578,0.2054859525990522,0.0,0.3333333333333333,22.067260506235147,20000292
Random,10.88313959707017,6,0.5,0.3917131915265495,0.6666666666666666,0.5,0.8429617656685527,0.1955618138839447,0.0,0.3541666666666667,20.094642055943986,20000293
Random,8.741522139366701,5,0.4166666666666667,0.3497863333376727,0.5833333333333334,0.5833333333333333,0.8389989867002928,0.24399141615114509,0.0,0.2916666666666667,21.774674685095956,20000294
Random,10.125271860920064,5,0.4166666666666667,0.3840972995976023,0.6666666666666666,0.5833333333333333,0.8446141335484828,0.18257546354886434,0.0,0.3333333333333333,21.711314116134037,20000295
Random,15.460289522821562,8,0.6666666666666666,0.6089377888360855,0.75,0.33333333333333337,0.8809305616853585,0.22194873118251524,0.0,0.3125,22.844057805207907,20000296
Random,13.884783848788643,8,0.6666666666666666,0.49855876302112634,0.75,0.33333333333333337,0.8141106932377027,0.18564764559347355,0.0,0.3125,20.37956197839679,20000297
Random,10.87593399320701,6,0.5,0.3158340875706986,0.75,0.5,0.8532401499011094,0.20494259674286427,0.0,0.3125,21.341098334754218,20000298
Random,14.351418100832792,9,0.75,0.6571092610881432,0.75,0.25,0.8013202070439057,0.2413097503177345,0.0,0.2916666666666667,20.738617252220735,20000299
Random,11.956325000041227,6,0.5,0.4023557104361677,0.5833333333333334,0.5,0.8895137180012641,0.17740522133258352,0.0,0.4375,19.21750570258389,20000300
Random,10.62013401891257,5,0.4166666666666667,0.3636560816071245,0.6666666666666666,0.5833333333333333,0.8850738964012104,0.15455205435454403,0.0,0.3958333333333333,20.979961025006123,20000301
Random,10.16991303552139,6,0.5,0.43277172815681253,0.5833333333333334,0.5,0.8139346496050922,0.24970013555217943,0.0,0.2916666666666667,21.210942524368534,20000302
Random,8.22796387909333,4,0.3333333333333333,0.3184413525673155,0.5833333333333334,0.6666666666666667,0.8719733653109939,0.17958741874143855,0.0,0.3541666666666667,20.821977660001107,20000303
Random,14.972445444067151,7,0.5833333333333334,0.6320239944685908,0.75,0.41666666666666663,0.9071763857972103,0.1348111965381937,0.0,0.4166666666666667,21.224894402842974,20000304
Random,18.365290701802593,10,0.8333333333333334,0.8309511865475614,0.8333333333333334,0.16666666666666663,0.8613146409479331,0.17438374916583535,0.0,0.3125,21.967879744890205,20000305
Random,10.549314964423212,5,0.4166666666666667,0.4603118141358447,0.75,0.5833333333333333,0.8654847115748033,0.18222599051564262,0.0,0.3333333333333333,21.28388547668414,20000306
Random,10.6233550832572,7,0.5833333333333334,0.5585553864683299,0.6666666666666666,0.41666666666666663,0.7778986618031429,0.3099924211160873,0.0,0.20833333333333334,22.37456353177505,20000307
Random,10.637512852148888,5,0.4166666666666667,0.4097716012775514,0.5833333333333334,0.5833333333333333,0.9004129057844129,0.18235328529427897,0.0,0.3958333333333333,21.36402629268266,20000308
Random,11.363065955528537,6,0.5,0.45850477071399687,0.5833333333333334,0.5,0.8850387569478683,0.2328760570643671,0.0,0.3333333333333333,22.796514484780335,20000309
Random,10.180129123329547,5,0.4166666666666667,0.45499327448718546,0.6666666666666666,0.5833333333333333,0.8752774770843406,0.17421602520115206,0.0,0.3541666666666667,21.953369349964326,20000310
Random,7.58920516038898,5,0.4166666666666667,0.3006644852162465,0.6666666666666666,0.5833333333333333,0.8156498347922829,0.2663131249523991,0.0,0.22916666666666666,22.212677972441224,20000311
Random,8.620557412990236,5,0.4166666666666667,0.48355331737830987,0.5,0.5833333333333333,0.8179102388497693,0.24047902891095144,0.0,0.3125,20.68032600495453,20000312
Random,9.97106755136181,5,0.4166666666666667,0.26494688554953605,0.6666666666666666,0.5833333333333333,0.8930269637092415,0.18215286057956512,0.0,0.375,20.96796331584174,20000313
Random,12.708099814512874,7,0.5833333333333334,0.5656059052406054,0.6666666666666666,0.41666666666666663,0.8502191485001216,0.21937475976527288,0.0,0.3125,22.167677677458418,20000314
Random,12.390672284296414,7,0.5833333333333334,0.48689249004989704,0.6666666666666666,0.41666666666666663,0.8722622963746286,0.23390338321886675,0.0,0.3125,22.458245129873763,20000315
Random,9.879010338445767,5,0.4166666666666667,0.334115746763933,0.5833333333333334,0.5833333333333333,0.8713898828243658,0.19524354581711365,0.0,0.3958333333333333,18.94213663919016,20000316
Random,14.807760974829886,8,0.6666666666666666,0.5547643307070456,0.8333333333333334,0.33333333333333337,0.8675365642707463,0.21794401608093417,0.0,0.25,24.19498145585651,20000317
Random,8.731299140872798,4,0.3333333333333333,0.2398371242477004,0.6666666666666666,0.6666666666666667,0.8865407190258017,0.18261210889446963,0.0,0.3541666666666667,20.817706752909476,20000318
Random,9.126149653830426,5,0.4166666666666667,0.3301451104145307,0.6666666666666666,0.5833333333333333,0.8575378783241656,0.245426608179944,0.0,0.2708333333333333,23.6114341990117,20000319
Random,11.941637885758075,7,0.5833333333333334,0.47288439834663326,0.6666666666666666,0.41666666666666663,0.8147221700687507,0.2522442172625574,0.0,0.2708333333333333,21.804923113588526,20000320
Random,17.277614629872847,9,0.75,0.6669768879543069,0.75,0.25,0.8815416114720126,0.14473741550580885,0.0,0.3541666666666667,23.154414360518018,20000321
Random,14.339700008308169,7,0.5833333333333334,0.5150981046523544,0.6666666666666666,0.41666666666666663,0.8814092289899792,0.16476933434574187,0.0,0.3958333333333333,20.482162256954112,20000322
Random,9.812383430653712,5,0.4166666666666667,0.3263927143845573,0.75,0.5833333333333333,0.8636160099295226,0.21826042845681495,0.0,0.2916666666666667,22.74812027966083,20000323
Random,12.577156587340435,6,0.5,0.4266682707999615,0.75,0.5,0.8975572380988655,0.17957822695351547,0.0,0.3125,24.48552176027674,20000324
Random,15.541283352410876,8,0.6666666666666666,0.7489365886039261,0.75,0.33333333333333337,0.8771673260859867,0.20754227774392842,0.0,0.3125,22.41301926967966,20000325
Random,6.489411781493919,5,0.4166666666666667,0.36513558061456286,0.5833333333333334,0.5833333333333333,0.7420698396613147,0.3266226578220719,0.0,0.22916666666666666,20.182328829380303,20000326
Random,8.691256025419033,4,0.3333333333333333,0.3607781978158098,0.5,0.6666666666666667,0.8831974979639714,0.15638940834048734,0.0,0.4166666666666667,19.423267115631564,20000327
Random,10.475400794486234,6,0.5,0.4219123341653012,0.5833333333333334,0.5,0.8571003276221812,0.22682715502483042,0.0,0.3125,21.377868394528807,20000328
Random,9.762989209256839,5,0.4166666666666667,0.26293124179272337,0.6666666666666666,0.5833333333333333,0.8681169097613921,0.18851470012738492,0.0,0.375,20.588606156798978,20000329
Random,12.723312203814553,7,0.5833333333333334,0.5211242577905666,0.6666666666666666,0.41666666666666663,0.8410458094685925,0.20444086330893074,0.0,0.3125,22.302926272521493,20000330
Random,13.695966362643736,7,0.5833333333333334,0.6312956824052754,0.75,0.41666666666666663,0.9123731273048182,0.21169649714892502,0.0,0.3125,23.98919921767032,20000331
Random,10.148206917241431,5,0.4166666666666667,0.4497522386859508,0.5833333333333334,0.5833333333333333,0.8537035207551543,0.16955431090152925,0.0,0.3958333333333333,18.954439541578793,20000332
Random,6.029668761483125,5,0.4166666666666667,0.40916350129796664,0.5833333333333334,0.5833333333333333,0.7266362380410213,0.31054081115506477,0.0,0.2708333333333333,17.69216079633055,20000333
Random,10.735194613081546,6,0.5,0.4159662523264177,0.6666666666666666,0.5,0.8211061522114168,0.22693370965783655,0.0,0.2708333333333333,21.377156657036995,20000334
Random,15.239921071072656,8,0.6666666666666666,0.6180416694353036,0.75,0.33333333333333337,0.8506144448350477,0.19749342192605646,0.0,0.3125,23.318414107551384,20000335
Random,8.01215431188705,4,0.3333333333333333,0.3006811266339526,0.6666666666666666,0.6666666666666667,0.8933855574119227,0.2409131317776566,0.0,0.3125,23.11538374274804,20000336
Random,10.949864769786881,5,0.4166666666666667,0.390610900665688,0.6666666666666666,0.5833333333333333,0.8995994925696231,0.17115729773533725,0.0,0.3958333333333333,20.491721570447545,20000337
Random,18.558470546213357,10,0.8333333333333334,0.750155831514647,0.8333333333333334,0.16666666666666663,0.8846278523298964,0.2027908727328903,0.0,0.2708333333333333,24.790700272766692,20000338
Random,8.34325234298351,5,0.4166666666666667,0.40767501881483753,0.5833333333333334,0.5833333333333333,0.8400252854413148,0.24600170452663309,0.0,0.3125,20.816072381520144,20000339
Random,11.638118048027614,7,0.5833333333333334,0.5126776538273703,0.5833333333333334,0.41666666666666663,0.8055563805049953,0.24080336442517447,0.0,0.2916666666666667,21.2223794831251,20000340
Random,16.949853471283436,10,0.8333333333333334,0.773253063044652,0.8333333333333334,0.16666666666666663,0.8426394993885155,0.2864137804232067,0.0,0.20833333333333334,25.301679158871252,20000341
Random,16.15466663015439,9,0.75,0.6207922905670906,0.75,0.25,0.8718407243457694,0.1859777975638659,0.0,0.3333333333333333,21.560080828949314,20000342
Random,9.621479211652229,5,0.4166666666666667,0.294972991891567,0.6666666666666666,0.5833333333333333,0.8336903219214191,0.17787157347583313,0.0,0.3958333333333333,18.72507488781856,20000343
Random,10.520492577846968,6,0.5,0.41398344913913177,0.6666666666666666,0.5,0.8154593765565105,0.22234781597482614,0.0,0.2916666666666667,21.567517860985223,20000344
Random,8.393925907861645,4,0.3333333333333333,0.34571616812733913,0.5,0.6666666666666667,0.8700592987345542,0.19490066770818437,0.0,0.375,20.521566834714005,20000345
Random,12.105678402622848,7,0.5833333333333334,0.4915378841572251,0.75,0.41666666666666663,0.7984971180771271,0.23763305262224477,0.0,0.2708333333333333,21.974227847361682,20000346
Random,13.038950098270169,6,0.5,0.43978510782111335,0.6666666666666666,0.5,0.9054232723783265,0.13644395399856005,0.0,0.4166666666666667,20.500557915351337,20000347
Random,15.102077848094241,8,0.6666666666666666,0.618788984764431,0.6666666666666666,0.33333333333333337,0.8822893977921357,0.22378334445505432,0.0,0.2916666666666667,23.367610338790513,20000348
Random,15.561845726958069,8,0.6666666666666666,0.6435488707520731,0.75,0.33333333333333337,0.9031518938971873,0.15972744452702362,0.0,0.375,20.526177782467755,20000349
Random,10.130054780468086,5,0.4166666666666667,0.3204116704109605,0.6666666666666666,0.5833333333333333,0.8966656533595989,0.19752334388448156,0.0,0.3541666666666667,21.844734447522214,20000350
Random,13.236873862927066,7,0.5833333333333334,0.49717537325765954,0.75,0.41666666666666663,0.8657055397270401,0.21702334820971658,0.0,0.2916666666666667,22.98719865101506,20000351
Random,5.018108735819205,2,0.16666666666666666,0.12178453837347358,0.5833333333333334,0.8333333333333334,0.8744260671561318,0.1679127730248381,0.0,0.3958333333333333,20.091829523312427,20000352
Random,10.158057618161632,5,0.4166666666666667,0.41047186682042514,0.5833333333333334,0.5833333333333333,0.8687359418905878,0.18909845544691614,0.0,0.375,21.443741368026483,20000353
Random,15.226069932101737,8,0.6666666666666666,0.6016191857574099,0.6666666666666666,0.33333333333333337,0.8613901315482332,0.16667042509236663,0.0,0.3541666666666667,20.57853557876499,20000354
Random,11.938632658939227,7,0.5833333333333334,0.5621180661662736,0.75,0.41666666666666663,0.8323219655857818,0.2502110006028825,0.0,0.3125,20.799972163686007,20000355
Random,9.50398533272971,5,0.4166666666666667,0.4528703718902481,0.6666666666666666,0.5833333333333333,0.861957273902988,0.23481953201565794,0.0,0.2916666666666667,22.903761285385468,20000356
Random,9.15507220056889,5,0.4166666666666667,0.38169376881999545,0.5833333333333334,0.5833333333333333,0.8517972912523574,0.21366041957611684,0.0,0.3125,20.246426377555707,20000357
Random,19.41332591332746,11,0.9166666666666666,0.9295829565302051,0.9166666666666666,0.08333333333333337,0.8457598930302838,0.21011418044520638,0.0,0.25,23.070558011961754,20000358
Random,12.458041102831,6,0.5,0.4677907447232699,0.6666666666666666,0.5,0.913243661460888,0.15611830593494358,0.0,0.375,20.909955230358705,20000359
Random,13.793132078190421,8,0.6666666666666666,0.508406629183538,0.8333333333333334,0.33333333333333337,0.8031111460781162,0.21612173458491246,0.0,0.25,22.3493516637021,20000360
Random,10.712646418735524,5,0.4166666666666667,0.33710056074173483,0.5833333333333334,0.5833333333333333,0.8741130135001097,0.13254503576343676,0.0,0.4583333333333333,18.441413899622052,20000361
Random,9.185088431312117,6,0.5,0.3617167491108753,0.75,0.5,0.8028737022927178,0.2944617419809192,0.0,0.20833333333333334,22.172951895589485,20000362
Random,9.136866447864874,5,0.4166666666666667,0.28785037193789975,0.6666666666666666,0.5833333333333333,0.8325081264683889,0.2177729726524118,0.0,0.3333333333333333,20.557431862921543,20000363
Random,8.265117489071375,4,0.3333333333333333,0.34271601107245186,0.5,0.6666666666666667,0.8475995901983046,0.17292794954878907,0.0,0.4375,17.978534005113115,20000364
Random,9.432865552926469,5,0.4166666666666667,0.3261587604870714,0.5833333333333334,0.5833333333333333,0.8242520173965954,0.18654729796253208,0.0,0.3333333333333333,20.81138137906463,20000365
Random,12.963144331527346,6,0.5,0.45124668376316956,0.5833333333333334,0.5,0.892085471349822,0.16337218102563186,0.0,0.4166666666666667,19.98691234026573,20000366
Random,13.723593312204835,7,0.5833333333333334,0.5608260548466562,0.75,0.41666666666666663,0.8752884501386281,0.20159154085794753,0.0,0.2916666666666667,23.277195579848573,20000367
Random,13.49044773199834,8,0.6666666666666666,0.63748109687285,0.6666666666666666,0.33333333333333337,0.8122622512253814,0.22861881436177522,0.0,0.3125,21.301015151871365,20000368
Random,14.347110670603831,8,0.6666666666666666,0.5921791965567506,0.75,0.33333333333333337,0.8583619231600533,0.27580123034650855,0.0,0.2708333333333333,23.224532888786957,20000369
Random,13.613004706246546,7,0.5833333333333334,0.516265669288423,0.6666666666666666,0.41666666666666663,0.867020638988809,0.16428709294552865,0.0,0.375,20.405523579979853,20000370
Random,13.06196290158693,7,0.5833333333333334,0.4391308946368094,0.6666666666666666,0.41666666666666663,0.8818383935064619,0.19377454943252023,0.0,0.3541666666666667,21.664547114510675,20000371
Random,6.360629716973978,4,0.3333333333333333,0.19935996828508296,0.6666666666666666,0.6666666666666667,0.8055906604710464,0.25865103877828516,0.0,0.25,21.539280448292153,20000372
Random,16.93805988778495,9,0.75,0.7559276304543928,0.75,0.25,0.877660417959548,0.1711607467410278,0.0,0.3333333333333333,22.862928955951748,20000373
Random,13.597934327010767,8,0.6666666666666666,0.5176898662069973,0.8333333333333334,0.33333333333333337,0.8266754359964731,0.2531099363504215,0.0,0.22916666666666666,23.232065412978297,20000374
Random,14.087665602831503,7,0.5833333333333334,0.504585390085431,0.75,0.41666666666666663,0.9061282610480035,0.1874109426509166,0.0,0.3333333333333333,21.62958471251127,20000375
Random,13.269727710981854,8,0.6666666666666666,0.5195553343934886,0.75,0.33333333333333337,0.8176788137722367,0.22900355156559185,0.0,0.2916666666666667,20.640662542309503,20000376
Random,10.674343820916052,5,0.4166666666666667,0.4152751395302205,0.6666666666666666,0.5833333333333333,0.8639121540796396,0.1603922598220496,0.0,0.375,20.222116997289394,20000377
Random,9.816368054149441,5,0.4166666666666667,0.37641134993845693,0.5833333333333334,0.5833333333333333,0.8601189761597299,0.19189975319574523,0.0,0.3333333333333333,21.172940059599547,20000378
Random,12.10709861083195,6,0.5,0.39704140697606694,0.75,0.5,0.8916216151408328,0.1633057119171584,0.0,0.3541666666666667,22.718987359161414,20000379
Random,16.13350306181273,9,0.75,0.7892058078710861,0.75,0.25,0.8541662553673728,0.2476584287683273,0.0,0.2708333333333333,23.538622716655325,20000380
Random,9.482607092251861,5,0.4166666666666667,0.31442590161758244,0.5833333333333334,0.5833333333333333,0.849410336361114,0.19787912755219458,0.0,0.3125,21.286653361428993,20000381
Random,15.643331520047862,9,0.75,0.8416616195694481,0.75,0.25,0.8449014524838264,0.24839766072351963,0.0,0.2708333333333333,22.226936189448825,20000382
Random,13.240163252354007,7,0.5833333333333334,0.5139792368882,0.5833333333333334,0.41666666666666663,0.8655280667980275,0.16121270204335628,0.0,0.4583333333333333,18.360611812817737,20000383
Random,14.747108294768424,8,0.6666666666666666,0.5830174264158692,0.75,0.33333333333333337,0.856959068153404,0.21684143499234332,0.0,0.2916666666666667,23.79220133254529,20000384
Random,10.232152915893586,5,0.4166666666666667,0.45002093717121927,0.6666666666666666,0.5833333333333333,0.8623206384690297,0.18375511883250842,0.0,0.3333333333333333,22.00202752209359,20000385
Random,10.789455848646652,6,0.5,0.4447337234116972,0.6666666666666666,0.5,0.8200489290149902,0.23608817558658282,0.0,0.2708333333333333,21.498134820379548,20000386
Random,10.236614658015524,4,0.3333333333333333,0.49338343779617727,0.5833333333333334,0.6666666666666667,0.9174565972765546,0.15140916454774442,0.0,0.4375,20.78883301017427,20000387
Random,15.373127517783217,8,0.6666666666666666,0.732063913281653,0.8333333333333334,0.33333333333333337,0.8876374500574649,0.2054116493244542,0.0,0.3125,21.66561209804918,20000388
Random,13.055406816454699,7,0.5833333333333334,0.5204865798752089,0.8333333333333334,0.41666666666666663,0.8856758313265402,0.2534786483155107,0.0,0.2708333333333333,24.127465918738068,20000389
Random,16.07041236267699,9,0.75,0.7280131237449886,0.75,0.25,0.8701209768726698,0.25799266430052076,0.0,0.22916666666666666,25.63494333542949,20000390
Random,13.907192996021045,7,0.5833333333333334,0.45630399237339897,0.75,0.41666666666666663,0.9104338797711996,0.16216422506713501,0.0,0.3958333333333333,21.663160486667085,20000391
Random,15.473532699330258,8,0.6666666666666666,0.5888337902404147,0.75,0.33333333333333337,0.8771332272491615,0.17328305320788653,0.0,0.3333333333333333,22.81969113638647,20000392
Random,11.422606484126847,6,0.5,0.44814379439673613,0.5833333333333334,0.5,0.8686870020080585,0.205721443054894,0.0,0.3541666666666667,22.15392358353248,20000393
Random,9.99896635101725,6,0.5,0.41818009159993963,0.6666666666666666,0.5,0.8087651969024542,0.28504623887014563,0.0,0.22916666666666666,21.927900694988402,20000394
Random,14.201758048727044,7,0.5833333333333334,0.5475235921097231,0.6666666666666666,0.41666666666666663,0.9038464457691231,0.16171925228594947,0.0,0.4375,19.97555144244952,20000395
Random,11.395671069256913,6,0.5,0.41047899704313257,0.5833333333333334,0.5,0.8539945012539402,0.15474654154422518,0.0,0.375,20.425276878040638,20000396
Random,13.564523279767629,7,0.5833333333333334,0.5486814774254702,0.6666666666666666,0.41666666666666663,0.8864524100397615,0.15534392569367164,0.0,0.375,20.876769963678147,20000397
Random,18.74182015178944,10,0.8333333333333334,0.8890050263917788,0.8333333333333334,0.16666666666666663,0.8890172280506802,0.19138565215153072,0.0,0.3125,23.060557632879405,20000398
Random,5.3439837583690455,4,0.3333333333333333,0.37806025991262276,0.5833333333333334,0.6666666666666667,0.76039734739748,0.29713195571180945,0.0,0.25,19.438639135155146,20000399
Random,8.887564763930843,6,0.5,0.5075929040475923,0.5833333333333334,0.5,0.7747421596436604,0.26524884260864917,0.0,0.2916666666666667,19.626821149621417,20000400
Random,12.47040569062368,7,0.5833333333333334,0.5395314554678471,0.6666666666666666,0.41666666666666663,0.8217141781483397,0.26651906514376816,0.0,0.25,23.343182602651734,20000401
Random,12.684190404929343,7,0.5833333333333334,0.5181396596412486,0.5833333333333334,0.41666666666666663,0.826731621883523,0.23187474320993676,0.0,0.3333333333333333,21.004131875061915,20000402
Random,11.97721454757247,7,0.5833333333333334,0.5289806479878172,0.6666666666666666,0.41666666666666663,0.8166969531724915,0.2755299256287164,0.0,0.25,22.166925359104845,20000403
Random,9.306962938240433,6,0.5,0.43308447808354383,0.5833333333333334,0.5,0.7951174325932722,0.25484927703103954,0.0,0.2916666666666667,20.533402678679266,20000404
Random,9.092807947670819,5,0.4166666666666667,0.3748652894633961,0.6666666666666666,0.5833333333333333,0.776153599393438,0.23434774583880305,0.0,0.2708333333333333,21.923471234187502,20000405
Random,12.25693141155916,7,0.5833333333333334,0.5545989984316994,0.6666666666666666,0.41666666666666663,0.8656660396213623,0.2662205402849016,0.0,0.2916666666666667,22.025814563651377,20000406
Random,16.41992477862497,8,0.6666666666666666,0.5542740839703876,0.6666666666666666,0.33333333333333337,0.9207743527932862,0.1214417279293001,0.0,0.4375,20.290810458608306,20000407
Random,10.391543326621441,5,0.4166666666666667,0.3199647962708226,0.75,0.5833333333333333,0.8534669383658468,0.152450855795441,0.0,0.3541666666666667,22.05499288352539,20000408
Random,13.149052081236556,7,0.5833333333333334,0.5047834746611092,0.75,0.41666666666666663,0.8881436302711064,0.22843515307633608,0.0,0.2916666666666667,23.85045476822687,20000409
Random,16.135541093509435,8,0.6666666666666666,0.5578790584243509,0.8333333333333334,0.33333333333333337,0.87880101958319,0.13684421831315993,0.0,0.3958333333333333,21.898153000062116,20000410
Random,9.661629376089572,5,0.4166666666666667,0.5337440623488015,0.6666666666666666,0.5833333333333333,0.8350239750056513,0.25229287977553466,0.0,0.2708333333333333,23.009424514796613,20000411
Random,7.330191523764861,5,0.4166666666666667,0.3634325184660272,0.6666666666666666,0.5833333333333333,0.7809369103654077,0.30115023429849697,0.0,0.20833333333333334,23.23132529096005,20000412
Random,10.536447778000042,5,0.4166666666666667,0.4006924630859442,0.6666666666666666,0.5833333333333333,0.8592177105079745,0.1549882853608061,0.0,0.4166666666666667,19.011443386633395,20000413
Random,12.746167138491183,7,0.5833333333333334,0.5034110722505841,0.75,0.41666666666666663,0.8444646196600433,0.22311377916354833,0.0,0.25,23.815343292107066,20000414
Random,14.291863720509246,7,0.5833333333333334,0.5601772508591517,0.6666666666666666,0.41666666666666663,0.9060863620903542,0.17222878994484017,0.0,0.4166666666666667,20.876650267746147,20000415
Random,9.42758798405635,5,0.4166666666666667,0.34208895557093655,0.6666666666666666,0.5833333333333333,0.8506805831460126,0.19988869874048112,0.0,0.3333333333333333,20.43866075393475,20000416
Random,7.814326394470486,3,0.25,0.2361697515770377,0.5,0.75,0.9023899945293703,0.11075633509783883,0.0,0.5208333333333334,17.34830939898388,20000417
Random,15.327666529822977,8,0.6666666666666666,0.6031166230189559,0.75,0.33333333333333337,0.8795387143365958,0.1548141025303687,0.0,0.375,21.06364687960483,20000418
Random,10.462177545553617,6,0.5,0.44001356271931474,0.6666666666666666,0.5,0.8224381476206665,0.24831053244933812,0.0,0.3125,20.399673356236132,20000419
Random,16.94719161164135,9,0.75,0.7647502584741547,0.75,0.25,0.8889466226919044,0.18987748957291659,0.0,0.3541666666666667,22.081551307863517,20000420
Random,8.363457821119967,4,0.3333333333333333,0.349813862671195,0.5833333333333334,0.6666666666666667,0.8570967908782011,0.20887200159956074,0.0,0.3541666666666667,20.36243813712435,20000421
Random,13.342919231879973,7,0.5833333333333334,0.6187174843052134,0.6666666666666666,0.41666666666666663,0.8355562156979325,0.19386283221354295,0.0,0.3125,21.129051700589482,20000422
Random,13.21303636390223,7,0.5833333333333334,0.6933098444099188,0.8333333333333334,0.41666666666666663,0.8260719654065785,0.21915497671382647,0.0,0.2708333333333333,22.15185266061026,20000423
Random,12.09260646555319,6,0.5,0.3899085997700913,0.6666666666666666,0.5,0.8711696858605409,0.156983789021344,0.0,0.3541666666666667,21.2787832511986,20000424
Random,8.513924363981934,5,0.4166666666666667,0.30579042223413083,0.6666666666666666,0.5833333333333333,0.8129299931005834,0.23368066793465836,0.0,0.2708333333333333,20.64393902482508,20000425
Random,13.407969775751637,8,0.6666666666666666,0.5094666868616421,0.75,0.33333333333333337,0.8533007358074295,0.24828618279124082,0.0,0.2708333333333333,22.667116514634312,20000426
Random,15.422230186703421,8,0.6666666666666666,0.5445639415018639,0.6666666666666666,0.33333333333333337,0.878000025469499,0.1414409402209159,0.0,0.3958333333333333,20.835699608848607,20000427
Random,14.928184394753725,8,0.6666666666666666,0.5646905704233629,0.75,0.33333333333333337,0.8881762834574797,0.2127069097986498,0.0,0.3125,23.211185055983552,20000428
Random,17.645534266606084,11,0.9166666666666666,0.903419579601937,0.9166666666666666,0.08333333333333337,0.824437093631285,0.3069334729678976,0.0,0.22916666666666666,23.810152121823474,20000429
Random,10.374300025599,6,0.5,0.6936590346296411,0.75,0.5,0.8234266694289322,0.2845889455541921,0.0,0.25,22.653216963560958,20000430
Random,11.54591798218665,7,0.5833333333333334,0.5051091053120508,0.6666666666666666,0.41666666666666663,0.8033919621544001,0.25126105739219473,0.0,0.2708333333333333,21.203842844486335,20000431
Random,13.9119160332446,7,0.5833333333333334,0.5445116219946223,0.8333333333333334,0.41666666666666663,0.8892943390848297,0.20162356010936144,0.0,0.2916666666666667,24.178153770995323,20000432
Random,13.759477213367198,7,0.5833333333333334,0.5071361652876738,0.75,0.41666666666666663,0.8867062445919535,0.2130578542397017,0.0,0.2916666666666667,24.124715699487183,20000433
Random,13.46972136070083,7,0.5833333333333334,0.509397256357222,0.6666666666666666,0.41666666666666663,0.8649194686678604,0.179625032891875,0.0,0.375,20.552973503292172,20000434
Random,17.741763957291322,9,0.75,0.8447964862464822,0.8333333333333334,0.25,0.8915854146126749,0.22688414858670206,0.0,0.2708333333333333,25.298944178919637,20000435
Random,17.30006103873175,9,0.75,0.8078072823571596,0.75,0.25,0.8882542648191999,0.1936289624015465,0.0,0.3333333333333333,22.38452956413612,20000436
Random,11.372523176338543,5,0.4166666666666667,0.4194733519513605,0.6666666666666666,0.5833333333333333,0.9124445239258376,0.14127585027871772,0.0,0.4375,20.798002447109468,20000437
Random,14.037238062778307,8,0.6666666666666666,0.5601566263407969,0.6666666666666666,0.33333333333333337,0.8012864827875195,0.20072091380435889,0.0,0.3333333333333333,20.521531776946777,20000438
Random,10.771108308481061,5,0.4166666666666667,0.31900939004465545,0.5833333333333334,0.5833333333333333,0.889345241261044,0.1599027929845748,0.0,0.3958333333333333,20.874129532293363,20000439
Random,16.76580186187612,9,0.75,0.6996718767408947,0.8333333333333334,0.25,0.8680686510126603,0.16331353577311833,0.0,0.3333333333333333,22.31390139557205,20000440
Random,9.703413568222436,5,0.4166666666666667,0.23841250264384306,0.5833333333333334,0.5833333333333333,0.8559128809564497,0.15550325565495454,0.0,0.4375,17.66276231381529,20000441
Random,17.255432553987493,10,0.8333333333333334,0.8078434261974221,0.8333333333333334,0.16666666666666663,0.8451591546850427,0.24546905390882648,0.0,0.22916666666666666,24.097911264685987,20000442
Random,14.221003641221529,8,0.6666666666666666,0.5635601025968995,0.75,0.33333333333333337,0.8789131014670609,0.26301021822111065,0.0,0.2708333333333333,23.089626948584296,20000443
Random,12.114309235778078,7,0.5833333333333334,0.4515827703036765,0.6666666666666666,0.41666666666666663,0.8180815943469324,0.22181226131303147,0.0,0.2916666666666667,22.17508792337551,20000444
Random,11.872140130959467,6,0.5,0.41486014835585505,0.6666666666666666,0.5,0.8739188488481618,0.18844265300893515,0.0,0.3541666666666667,21.382546180945358,20000445
Random,10.735401798972067,6,0.5,0.5480504611795773,0.6666666666666666,0.5,0.8414765945333218,0.2760397167551328,0.0,0.25,23.432891801138034,20000446
Random,10.327613005843777,5,0.4166666666666667,0.3435688706258188,0.5833333333333334,0.5833333333333333,0.88649056142406,0.19316068202937928,0.0,0.3958333333333333,20.402231936560373,20000447
Random,11.715989887716747,6,0.5,0.5005179388050657,0.6666666666666666,0.5,0.8811929764456771,0.2120199032784901,0.0,0.3125,22.12788570623519,20000448
Random,12.829078724683724,6,0.5,0.5372624059236336,0.5833333333333334,0.5,0.8826641707828785,0.1343593674239356,0.0,0.4375,18.42024798540472,20000449
Random,11.056516358998316,5,0.4166666666666667,0.32530866507349765,0.6666666666666666,0.5833333333333333,0.9133708604871208,0.1651394201118994,0.0,0.3958333333333333,20.48058269091404,20000450
Random,13.28102526861052,7,0.5833333333333334,0.4640254845846814,0.75,0.41666666666666663,0.8715599734626732,0.18543362320023274,0.0,0.3333333333333333,20.750422660038797,20000451
Random,12.92352479127461,6,0.5,0.4782410579551698,0.5833333333333334,0.5,0.895285689667315,0.16560991807832948,0.0,0.4166666666666667,20.085138963040517,20000452
Random,7.150129570828833,4,0.3333333333333333,0.284193314903592,0.5,0.6666666666666667,0.8413996789437573,0.23152953393796458,0.0,0.3541666666666667,19.890551515073042,20000453
Random,12.434772828310333,7,0.5833333333333334,0.3929317732522923,0.75,0.41666666666666663,0.8602661964050412,0.21911440068871946,0.0,0.2916666666666667,23.421883742637405,20000454
Random,12.541554724087176,7,0.5833333333333334,0.4407679511042019,0.75,0.41666666666666663,0.8643442394482209,0.2170932547770005,0.0,0.2708333333333333,22.48501552507176,20000455
Random,10.604763291425774,7,0.5833333333333334,0.42112848272188225,0.75,0.41666666666666663,0.7939176122618344,0.27112770957336246,0.0,0.20833333333333334,22.843005728334703,20000456
Random,10.066185170601027,5,0.4166666666666667,0.329033947185316,0.6666666666666666,0.5833333333333333,0.8544333418517113,0.20176352719406485,0.0,0.3333333333333333,21.31974230742291,20000457
Random,9.598129913214326,5,0.4166666666666667,0.33863591042097413,0.5833333333333334,0.5833333333333333,0.8745299455449241,0.22550312688322097,0.0,0.375,20.93917103289536,20000458
Random,15.930564719936969,9,0.75,0.6558717038356662,0.8333333333333334,0.25,0.8913190292895857,0.26248460202235124,0.0,0.22916666666666666,23.8092686226463,20000459
Random,16.201451400572907,8,0.6666666666666666,0.5160350287790295,0.75,0.33333333333333337,0.9114738843545572,0.1176515260950755,0.0,0.4166666666666667,20.81667813239549,20000460
Random,6.837258706794335,3,0.25,0.21895227645194615,0.6666666666666666,0.75,0.8999845154708971,0.22017432597827305,0.0,0.3333333333333333,21.431679016741143,20000461
Random,14.691224821351764,8,0.6666666666666666,0.7392681545914781,0.8333333333333334,0.33333333333333337,0.8617073215087993,0.2660396067947149,0.0,0.2708333333333333,24.165128294910925,20000462
Random,11.737858261588995,7,0.5833333333333334,0.49902628051013365,0.75,0.41666666666666663,0.8204568862841061,0.27807494927538984,0.0,0.1875,24.118027888314916,20000463
Random,10.498027016080863,7,0.5833333333333334,0.6283953782123162,0.5833333333333334,0.41666666666666663,0.7622092128923065,0.3010843223908087,0.0,0.22916666666666666,22.237353839206577,20000464
Random,12.17549962790702,7,0.5833333333333334,0.4618433302728417,0.75,0.41666666666666663,0.8339960468665678,0.22246897324696582,0.0,0.2916666666666667,21.942580868536783,20000465
Random,11.645757368343391,6,0.5,0.39394374970847984,0.75,0.5,0.8194050448767233,0.19042026665853554,0.0,0.3125,22.54585570532981,20000466
Random,10.8719631065002,5,0.4166666666666667,0.4729451338653854,0.6666666666666666,0.5833333333333333,0.8544925042486234,0.13728831265969932,0.0,0.4166666666666667,18.586130272941464,20000467
Random,14.082752227486498,8,0.6666666666666666,0.5998940604074436,0.75,0.33333333333333337,0.8219744642593229,0.2089164975625372,0.0,0.3541666666666667,20.041207617984707,20000468
Random,11.522312909809463,6,0.5,0.35393846891992325,0.75,0.5,0.8512575818176323,0.18208523874884977,0.0,0.3125,22.765961909566983,20000469
Random,12.630301860336374,7,0.5833333333333334,0.6853456566158361,0.75,0.41666666666666663,0.8267477049525994,0.2267331466805418,0.0,0.2708333333333333,22.131626304885724,20000470
Random,15.738985036219773,9,0.75,0.7315228740022885,0.75,0.25,0.8662828914815232,0.2753444040751797,0.0,0.25,23.40724513612817,20000471
Random,12.314110096733764,6,0.5,0.47341448980211204,0.5833333333333334,0.5,0.8822367969786015,0.1616323667138771,0.0,0.3958333333333333,20.801687567567747,20000472
Random,10.607398013421973,5,0.4166666666666667,0.3123708747116816,0.6666666666666666,0.5833333333333333,0.8906017287259423,0.14503511552343096,0.0,0.3958333333333333,20.33621415547258,20000473
Random,16.12609982388575,9,0.75,0.6587093504569925,0.75,0.25,0.8581745976463019,0.23793049426246693,0.0,0.2708333333333333,23.83353130233115,20000474
Random,11.200421679846407,6,0.5,0.4108217432955258,0.6666666666666666,0.5,0.8773789160093418,0.22071071183316696,0.0,0.3541666666666667,19.79103476541291,20000475
Random,11.40347877311919,6,0.5,0.4137163261462096,0.5833333333333334,0.5,0.8607920953046874,0.14897957497147074,0.0,0.3958333333333333,19.146496180527013,20000476
Random,13.165681042285806,7,0.5833333333333334,0.45966995983019654,0.75,0.41666666666666663,0.8546490416801135,0.20003753819903672,0.0,0.2708333333333333,23.403496784140053,20000477
Random,12.856565191628206,7,0.5833333333333334,0.4438850967420167,0.75,0.41666666666666663,0.8704485417085776,0.23132846386097614,0.0,0.2708333333333333,22.73312380562116,20000478
Random,11.217118771510886,7,0.5833333333333334,0.5434559012113169,0.6666666666666666,0.41666666666666663,0.8007266158795487,0.2889543151917039,0.0,0.25,21.91146803058013,20000479
Random,13.46966467124699,8,0.6666666666666666,0.5955024232945383,0.6666666666666666,0.33333333333333337,0.8583444768024906,0.28907130471359815,0.0,0.25,23.79168591217995,20000480
Random,12.501317071975784,6,0.5,0.5538143158351011,0.6666666666666666,0.5,0.8710988572531572,0.15146473056780937,0.0,0.3541666666666667,21.197073770954127,20000481
Random,10.653218187207862,6,0.5,0.3584004778905424,0.6666666666666666,0.5,0.8450579640694134,0.23167225630931035,0.0,0.2708333333333333,22.885733163162747,20000482
Random,17.702903226929173,9,0.75,0.6857103260592092,0.8333333333333334,0.25,0.8907244226350448,0.16068311656526432,0.0,0.3125,23.59318607314044,20000483
Random,10.002623283379805,5,0.4166666666666667,0.32507063744275055,0.6666666666666666,0.5833333333333333,0.8642878813611165,0.19691923683717202,0.0,0.3333333333333333,21.65420463780072,20000484
Random,7.866519952155238,6,0.5,0.34652477711271124,0.6666666666666666,0.5,0.7142253562089472,0.2864813044808364,0.0,0.16666666666666666,20.955119900364334,20000485
Random,9.877999236898358,5,0.4166666666666667,0.3486673164442064,0.6666666666666666,0.5833333333333333,0.8590311280788739,0.18604427965067713,0.0,0.375,20.191621578881332,20000486
Random,12.787124687800713,7,0.5833333333333334,0.5701800800246049,0.6666666666666666,0.41666666666666663,0.8546230596864222,0.23877105556435274,0.0,0.2916666666666667,22.786366718541164,20000487
Random,8.700061089891074,4,0.3333333333333333,0.34565165812700577,0.5833333333333334,0.6666666666666667,0.8594192667743975,0.17619199775744296,0.0,0.3333333333333333,21.56772444878602,20000488
Random,8.221804157931729,3,0.25,0.27974920211896687,0.4166666666666667,0.75,0.9049281212904984,0.09492146546265805,0.0,0.5625,16.502728776929956,20000489
Random,10.902279825537953,7,0.5833333333333334,0.5681625548825554,0.6666666666666666,0.41666666666666663,0.8019259943715085,0.2933710539898053,0.0,0.25,21.03761874026955,20000490
Random,12.990257981815772,7,0.5833333333333334,0.46631821733556905,0.5833333333333334,0.41666666666666663,0.8556360257321396,0.1811822224784935,0.0,0.4166666666666667,18.689176594207517,20000491
Random,10.718788804996247,7,0.5833333333333334,0.44912338158232235,0.75,0.41666666666666663,0.8341108177736659,0.3039887259937542,0.0,0.22916666666666666,22.988588042514234,20000492
Random,9.76867121336747,5,0.4166666666666667,0.3300253484264896,0.6666666666666666,0.5833333333333333,0.8594603087411435,0.19417995020253512,0.0,0.3333333333333333,21.601111498810106,20000493
Random,11.878102860784745,6,0.5,0.3538103705433249,0.75,0.5,0.8843435796012425,0.16832269178684175,0.0,0.3541666666666667,20.96572414274253,20000494
Random,11.385787422062416,6,0.5,0.36841979886088955,0.6666666666666666,0.5,0.8450479949737777,0.17765598690943354,0.0,0.3333333333333333,20.823988362612155,20000495
Random,13.65029752243611,7,0.5833333333333334,0.5728294520953305,0.6666666666666666,0.41666666666666663,0.9175737115482877,0.18715569941764368,0.0,0.3541666666666667,22.721820405070364,20000496
Random,10.172557691867514,5,0.4166666666666667,0.4926834694024539,0.5833333333333334,0.5833333333333333,0.8524873156015499,0.17999753605788607,0.0,0.3958333333333333,18.04368670911264,20000497
Random,5.716743352362737,2,0.16666666666666666,0.17936482479153296,0.5833333333333334,0.8333333333333334,0.869459115740609,0.15229518452286805,0.0,0.4375,18.74045219922865,20000498
Random,11.93975114822037,6,0.5,0.33396607825960256,0.6666666666666666,0.5,0.8669159589135814,0.14491290360496054,0.0,0.4166666666666667,19.25957176126566,20000499
EDF-Periodic,14.838444661596316,8,0.6666666666666666,0.6988448250232906,0.6666666666666666,0.33333333333333337,0.8726197767011009,0.22624038993557716,0.0,0.3333333333333333,23.034830795562918,20000000
EDF-Periodic,14.104319859079492,7,0.5833333333333334,0.6363648418966075,0.6666666666666666,0.41666666666666663,0.8829825132698089,0.19237341726641258,0.0,0.3333333333333333,21.96654747078643,20000001
EDF-Periodic,13.785388775947093,7,0.5833333333333334,0.4978341915243268,0.75,0.41666666666666663,0.9178269885299195,0.20211032285720867,0.0,0.3333333333333333,22.36189605006726,20000002
EDF-Periodic,17.180478431939044,9,0.75,0.7383472111656727,0.75,0.25,0.866731883083217,0.18269828474886277,0.0,0.3333333333333333,22.074179099675252,20000003
EDF-Periodic,16.94802798037654,9,0.75,0.6991164139033571,0.75,0.25,0.846907619403065,0.16176125872791133,0.0,0.3333333333333333,21.812543678759326,20000004
EDF-Periodic,17.080384189206015,9,0.75,0.6661054169170676,0.75,0.25,0.8645260841131336,0.19020910352503495,0.0,0.3333333333333333,22.164967221639582,20000005
EDF-Periodic,7.926675013040886,4,0.3333333333333333,0.3241569101709085,0.5833333333333334,0.6666666666666667,0.854059965180097,0.22586871985162715,0.0,0.3333333333333333,20.241446956434462,20000006
EDF-Periodic,9.526130802716267,5,0.4166666666666667,0.5005607668355349,0.5833333333333334,0.5833333333333333,0.8403067208018625,0.23943807026294298,0.0,0.3333333333333333,20.344155981130953,20000007
EDF-Periodic,7.194424092621338,4,0.3333333333333333,0.36056501362494786,0.5,0.6666666666666667,0.8069571009872734,0.23168654952766135,0.0,0.3333333333333333,20.32233636319838,20000008
EDF-Periodic,10.101700869955124,5,0.4166666666666667,0.42955719322378066,0.6666666666666666,0.5833333333333333,0.8565795158441608,0.19532786434775348,0.0,0.3333333333333333,20.695517237811146,20000009
EDF-Periodic,13.655950795817175,7,0.5833333333333334,0.517804669649971,0.6666666666666666,0.41666666666666663,0.8537100448464529,0.1773341227249385,0.0,0.3333333333333333,20.616698213454285,20000010
EDF-Periodic,17.251928276712736,9,0.75,0.7881173992198746,0.75,0.25,0.8787668772072331,0.1798722986537483,0.0,0.3333333333333333,20.92328597418816,20000011
EDF-Periodic,12.510990406839575,6,0.5,0.49831388017641126,0.8333333333333334,0.5,0.8893272186621903,0.19980921353434877,0.0,0.3333333333333333,23.043176364959294,20000012
EDF-Periodic,11.779348173702157,6,0.5,0.5367224505900258,0.6666666666666666,0.5,0.8410388981201399,0.20862876001493835,0.0,0.3333333333333333,20.958069183339724,20000013
EDF-Periodic,9.805946096841215,5,0.4166666666666667,0.41262975859793133,0.6666666666666666,0.5833333333333333,0.8554267559329425,0.21214480575470662,0.0,0.3333333333333333,21.436657040763475,20000014
EDF-Periodic,14.707355256306332,7,0.5833333333333334,0.6402934704415915,0.75,0.41666666666666663,0.9215196862474032,0.20612969886154298,0.0,0.3333333333333333,23.30393607922336,20000015
EDF-Periodic,16.601373570303963,9,0.75,0.725467133524586,0.75,0.25,0.8432946679926836,0.19535015759449637,0.0,0.3333333333333333,22.49363650800563,20000016
EDF-Periodic,14.809707136700505,8,0.6666666666666666,0.7291930475867175,0.6666666666666666,0.33333333333333337,0.8415168511125822,0.20455228504703274,0.0,0.3333333333333333,21.331256360840285,20000017
EDF-Periodic,11.5915823481341,6,0.5,0.4916403672968872,0.5833333333333334,0.5,0.8779841458275186,0.23700310249156745,0.0,0.3333333333333333,22.005755968836038,20000018
EDF-Periodic,17.425819124474017,9,0.75,0.6176553370937907,0.8333333333333334,0.25,0.9126270235232106,0.17681921970095474,0.0,0.3333333333333333,23.174959364238543,20000019
EDF-Periodic,13.826229617510936,7,0.5833333333333334,0.6262175837192209,0.6666666666666666,0.41666666666666663,0.8685729943980371,0.2043215164047544,0.0,0.3333333333333333,21.06431225677647,20000020
EDF-Periodic,15.68836791415362,8,0.6666666666666666,0.6353281631037272,0.75,0.33333333333333337,0.8770001675294882,0.1494896638375487,0.0,0.3333333333333333,21.19104667517862,20000021
EDF-Periodic,8.156637472233797,4,0.3333333333333333,0.397967174974404,0.6666666666666666,0.6666666666666667,0.8191124071001695,0.20945552885792162,0.0,0.3333333333333333,20.724986918945092,20000022
EDF-Periodic,15.02417960653751,8,0.6666666666666666,0.6522575441057178,0.6666666666666666,0.33333333333333337,0.8522457991671636,0.207333304770039,0.0,0.3333333333333333,20.847223606414882,20000023
EDF-Periodic,17.749536878639393,9,0.75,0.7185850339755308,0.75,0.25,0.9114149657669537,0.17876280507518424,0.0,0.3333333333333333,22.093028862931536,20000024
EDF-Periodic,11.148963421656727,6,0.5,0.48643728613738946,0.5833333333333334,0.5,0.8505885279272333,0.22672231003405616,0.0,0.3333333333333333,20.923279184773662,20000025
EDF-Periodic,13.818413468687455,7,0.5833333333333334,0.6271582411005805,0.75,0.41666666666666663,0.882773405131784,0.19601915477082998,0.0,0.3333333333333333,22.32776696836701,20000026
EDF-Periodic,16.606679745820664,9,0.75,0.6442967041295786,0.75,0.25,0.8703081366638491,0.18242028842925515,0.0,0.3333333333333333,22.14132697473979,20000027
EDF-Periodic,17.058083011883745,9,0.75,0.7330563713983005,0.75,0.25,0.8739952047133658,0.17518955724566276,0.0,0.3333333333333333,22.787792592105138,20000028
EDF-Periodic,15.270075069726163,8,0.6666666666666666,0.6484709970123765,0.75,0.33333333333333337,0.8490972204816808,0.16724881857204354,0.0,0.3333333333333333,21.199424239559967,20000029
EDF-Periodic,7.256646912904481,4,0.3333333333333333,0.3442519934873874,0.5,0.6666666666666667,0.8041034296461569,0.23315456323653072,0.0,0.3333333333333333,19.5297453771643,20000030
EDF-Periodic,16.00085182515363,8,0.6666666666666666,0.6406007485460516,0.75,0.33333333333333337,0.8767585914735796,0.18963796690720192,0.0,0.3333333333333333,22.264551389675,20000031
EDF-Periodic,16.906777805329146,9,0.75,0.6674221079844181,0.75,0.25,0.8918148518978158,0.19983634072572634,0.0,0.3333333333333333,22.38767560381533,20000032
EDF-Periodic,15.301368996466099,8,0.6666666666666666,0.5540416792994556,0.75,0.33333333333333337,0.8825414534307092,0.20183299588918902,0.0,0.3333333333333333,22.004714320402158,20000033
EDF-Periodic,13.450453878358417,7,0.5833333333333334,0.5936669964789762,0.6666666666666666,0.41666666666666663,0.8371256488238261,0.19814731552025303,0.0,0.3333333333333333,20.73487140620135,20000034
EDF-Periodic,11.694255781830913,6,0.5,0.5418556765235536,0.6666666666666666,0.5,0.8523695517885086,0.21730637742531353,0.0,0.3333333333333333,20.98174961272724,20000035
EDF-Periodic,20.993014915976595,11,0.9166666666666666,0.8431233532732969,0.9166666666666666,0.08333333333333337,0.8899017732053734,0.1369353988203285,0.0,0.3333333333333333,22.44779387638829,20000036
EDF-Periodic,12.16312965577214,6,0.5,0.5340687002087674,0.6666666666666666,0.5,0.8867582134816644,0.22416133137009595,0.0,0.3333333333333333,22.061600176472773,20000037
EDF-Periodic,13.542120792187335,7,0.5833333333333334,0.6501827355649374,0.6666666666666666,0.41666666666666663,0.8560265160854573,0.20385920643183794,0.0,0.3333333333333333,20.40425296656973,20000038
EDF-Periodic,17.52639188374842,9,0.75,0.7104035679926417,0.75,0.25,0.8720989454610318,0.19044667604057638,0.0,0.3333333333333333,22.27704546825393,20000039
EDF-Periodic,8.273418201198403,4,0.3333333333333333,0.3661337609300615,0.5833333333333334,0.6666666666666667,0.8446093674367612,0.21943787558338143,0.0,0.3333333333333333,21.243363519462303,20000040
EDF-Periodic,14.201769103266772,7,0.5833333333333334,0.5910678503048732,0.6666666666666666,0.41666666666666663,0.9057676872836499,0.19573993350706362,0.0,0.3333333333333333,23.44769842622258,20000041
EDF-Periodic,17.32649776128182,9,0.75,0.7526260544799875,0.75,0.25,0.8802545433919967,0.19818901558200994,0.0,0.3333333333333333,21.953208109733115,20000042
EDF-Periodic,17.577068907308973,9,0.75,0.7401999304266327,0.75,0.25,0.8774182876028965,0.16621045525023656,0.0,0.3333333333333333,21.891917399859206,20000043
EDF-Periodic,13.196371691098905,7,0.5833333333333334,0.5943815818673922,0.5833333333333334,0.41666666666666663,0.8649346731610565,0.21292592143925917,0.0,0.3333333333333333,20.483427279414272,20000044
EDF-Periodic,13.184969850079902,7,0.5833333333333334,0.5443274502821023,0.6666666666666666,0.41666666666666663,0.8262764310244082,0.21702936841891485,0.0,0.3333333333333333,21.772686947628348,20000045
EDF-Periodic,6.9333029788930745,4,0.3333333333333333,0.3678407924871709,0.5,0.6666666666666667,0.8199376094102976,0.2453703048050063,0.0,0.3333333333333333,19.96226495294058,20000046
EDF-Periodic,18.835798563633574,10,0.8333333333333334,0.7331135867520278,0.8333333333333334,0.16666666666666663,0.8793433357435151,0.14823951115372952,0.0,0.3333333333333333,22.914616061403088,20000047
EDF-Periodic,7.76095447663557,4,0.3333333333333333,0.33966842181735624,0.5833333333333334,0.6666666666666667,0.8367463109713889,0.20857032605557782,0.0,0.3333333333333333,20.279423403570505,20000048
EDF-Periodic,10.05921897900625,5,0.4166666666666667,0.3279443791829169,0.75,0.5833333333333333,0.8671637342271996,0.18235909755254756,0.0,0.3333333333333333,20.57288826170443,20000049
EDF-Periodic,11.673323388229809,6,0.5,0.47488893370636415,0.6666666666666666,0.5,0.8648253627393849,0.1972978328155126,0.0,0.3333333333333333,21.234545796440443,20000050
EDF-Periodic,12.140662946286852,6,0.5,0.5254779035997292,0.6666666666666666,0.5,0.8743302135610437,0.20213655488529478,0.0,0.3333333333333333,22.55432267565709,20000051
EDF-Periodic,13.408743421110556,7,0.5833333333333334,0.5784001511930669,0.6666666666666666,0.41666666666666663,0.8724841083666731,0.21485498558694804,0.0,0.3333333333333333,20.97775413341416,20000052
EDF-Periodic,11.451138647213202,6,0.5,0.4605698003993312,0.6666666666666666,0.5,0.8684993689518573,0.1984323880364879,0.0,0.3333333333333333,21.608418359250354,20000053
EDF-Periodic,15.637834504383425,8,0.6666666666666666,0.7096312278436973,0.6666666666666666,0.33333333333333337,0.8751365758746666,0.19019019634487555,0.0,0.3333333333333333,21.777071255529155,20000054
EDF-Periodic,11.254467884906306,6,0.5,0.4266934555460394,0.6666666666666666,0.5,0.8742290039987332,0.21221813132845346,0.0,0.3333333333333333,21.64035482264387,20000055
EDF-Periodic,15.389904640399132,8,0.6666666666666666,0.5866155058897298,0.75,0.33333333333333337,0.8746834852990384,0.1757254578143351,0.0,0.3333333333333333,21.777905919963697,20000056
EDF-Periodic,9.434251116810234,5,0.4166666666666667,0.49936959831448424,0.5,0.5833333333333333,0.8283100895103567,0.2534708765368702,0.0,0.3333333333333333,20.54503179600425,20000057
EDF-Periodic,14.938315402921779,8,0.6666666666666666,0.6691662090160282,0.6666666666666666,0.33333333333333337,0.8379452912184672,0.18823337410070531,0.0,0.3333333333333333,21.266985362563798,20000058
EDF-Periodic,12.022421874795867,6,0.5,0.5233024833839132,0.6666666666666666,0.5,0.8663793151942732,0.23358204195552792,0.0,0.3333333333333333,22.02047272414603,20000059
EDF-Periodic,15.537273150656798,8,0.6666666666666666,0.6409653833077511,0.6666666666666666,0.33333333333333337,0.899259127418233,0.18626643929647732,0.0,0.3333333333333333,22.483849416883935,20000060
EDF-Periodic,13.038119272409574,7,0.5833333333333334,0.5558099472818554,0.5833333333333334,0.41666666666666663,0.8504701857389497,0.22304403163148157,0.0,0.3333333333333333,21.645203517001377,20000061
EDF-Periodic,15.770217042055052,8,0.6666666666666666,0.6489986630873352,0.6666666666666666,0.33333333333333337,0.8855510438323343,0.21214410064779235,0.0,0.3333333333333333,22.151462716879813,20000062
EDF-Periodic,9.692449033395704,5,0.4166666666666667,0.4219255275133923,0.5833333333333334,0.5833333333333333,0.8406323970733136,0.21545517625130653,0.0,0.3333333333333333,20.39369785773641,20000063
EDF-Periodic,19.77531416637873,10,0.8333333333333334,0.8425083318908804,0.8333333333333334,0.16666666666666663,0.8958742379369671,0.1769378288421072,0.0,0.3333333333333333,23.93031948988077,20000064
EDF-Periodic,10.927689798371107,6,0.5,0.467041322714756,0.5833333333333334,0.5,0.8550296720732856,0.2268850557749318,0.0,0.3333333333333333,21.277184064306937,20000065
EDF-Periodic,15.524216050964995,8,0.6666666666666666,0.619035167839742,0.6666666666666666,0.33333333333333337,0.8906695994646422,0.19666206557581148,0.0,0.3333333333333333,22.58112227711079,20000066
EDF-Periodic,13.612040549938481,7,0.5833333333333334,0.6153514030825713,0.6666666666666666,0.41666666666666663,0.8924365443834407,0.21707296885929908,0.0,0.3333333333333333,23.060819177616015,20000067
EDF-Periodic,8.190381564321644,4,0.3333333333333333,0.3287362744126909,0.5833333333333334,0.6666666666666667,0.8576184744937073,0.2138194931187669,0.0,0.3333333333333333,21.682505740539206,20000068
EDF-Periodic,18.905217575395877,10,0.8333333333333334,0.7580147344064616,0.8333333333333334,0.16666666666666663,0.9048275885135167,0.18628320502135723,0.0,0.3333333333333333,24.418130028052225,20000069
EDF-Periodic,12.444094489518914,6,0.5,0.5324435011193004,0.6666666666666666,0.5,0.8895693142162943,0.2019250508003494,0.0,0.3333333333333333,21.735377184248193,20000070
EDF-Periodic,11.324751483643896,6,0.5,0.45367974884389584,0.6666666666666666,0.5,0.8389968795072679,0.21883230933483397,0.0,0.3333333333333333,21.62778529647215,20000071
EDF-Periodic,19.2581039208204,10,0.8333333333333334,0.7793681933544311,0.8333333333333334,0.16666666666666663,0.8616310008616953,0.15805849599820743,0.0,0.3333333333333333,22.552923589284273,20000072
EDF-Periodic,13.087965547706307,7,0.5833333333333334,0.5134834938147702,0.6666666666666666,0.41666666666666663,0.8591897088499959,0.1989635782780995,0.0,0.3333333333333333,21.72945383691654,20000073
EDF-Periodic,15.388501002166773,8,0.6666666666666666,0.5720970499132507,0.75,0.33333333333333337,0.8562275622055112,0.1861690903969441,0.0,0.3333333333333333,22.436711541635095,20000074
EDF-Periodic,6.541927584578352,3,0.25,0.26403600289059226,0.5833333333333334,0.75,0.8627528214074873,0.216856492809799,0.0,0.3333333333333333,22.217466058221166,20000075
EDF-Periodic,5.470960217118826,3,0.25,0.29095120086711146,0.5,0.75,0.8310948494365432,0.25143720608006026,0.0,0.3333333333333333,19.735587926758587,20000076
EDF-Periodic,19.301665194735634,10,0.8333333333333334,0.7658975108473918,0.8333333333333334,0.16666666666666663,0.8984738906186589,0.17435672786823053,0.0,0.3333333333333333,23.31756402848732,20000077
EDF-Periodic,17.32571536402213,9,0.75,0.7000755667575339,0.75,0.25,0.8579968356880289,0.16533361376754793,0.0,0.3333333333333333,21.707112752231783,20000078
EDF-Periodic,15.521977036402195,8,0.6666666666666666,0.6900230250233026,0.6666666666666666,0.33333333333333337,0.8655032164962835,0.1929516690535622,0.0,0.3333333333333333,21.121820268796846,20000079
EDF-Periodic,10.26307428280785,5,0.4166666666666667,0.5090067501547868,0.5833333333333334,0.5833333333333333,0.887898691335447,0.24274168375897773,0.0,0.3333333333333333,22.1178763119168,20000080
EDF-Periodic,7.455130967784477,4,0.3333333333333333,0.3191861952835318,0.5833333333333334,0.6666666666666667,0.8215031704862413,0.231467829982122,0.0,0.3333333333333333,20.169030266528424,20000081
EDF-Periodic,19.538817882446175,10,0.8333333333333334,0.7584094256891747,0.8333333333333334,0.16666666666666663,0.9087403912508852,0.1514902764364099,0.0,0.3333333333333333,23.621570504818052,20000082
EDF-Periodic,13.611844207142543,7,0.5833333333333334,0.6508563114852008,0.6666666666666666,0.41666666666666663,0.8527137231134351,0.20536531518357334,0.0,0.3333333333333333,22.068420288677803,20000083
EDF-Periodic,17.068049181803605,9,0.75,0.707291225179486,0.75,0.25,0.8528712234989145,0.1925464949470376,0.0,0.3333333333333333,22.479735118778343,20000084
EDF-Periodic,13.911095907035069,7,0.5833333333333334,0.5810834470633229,0.6666666666666666,0.41666666666666663,0.8767885428072081,0.21879377872649794,0.0,0.3333333333333333,22.163079398123866,20000085
EDF-Periodic,12.005548918269282,6,0.5,0.5243160887104215,0.6666666666666666,0.5,0.8853995919119299,0.21649452066149724,0.0,0.3333333333333333,21.035349244931215,20000086
EDF-Periodic,17.801611575368554,9,0.75,0.7715534821314881,0.75,0.25,0.8850101545589051,0.19814709960199248,0.0,0.3333333333333333,23.024846009903296,20000087
EDF-Periodic,13.863948282897645,7,0.5833333333333334,0.5973022675529491,0.5833333333333334,0.41666666666666663,0.8943841752091527,0.21051662073254276,0.0,0.3333333333333333,22.231469543182786,20000088
EDF-Periodic,15.007256471071447,8,0.6666666666666666,0.6347950750888213,0.75,0.33333333333333337,0.8330806021724557,0.18298967894904986,0.0,0.3333333333333333,21.016283476903755,20000089
EDF-Periodic,11.64290194928035,6,0.5,0.5037040016948822,0.75,0.5,0.8419679516652288,0.2095049749237127,0.0,0.3333333333333333,21.519797789076588,20000090
EDF-Periodic,14.741212164904159,8,0.6666666666666666,0.6327690003381001,0.6666666666666666,0.33333333333333337,0.8638869733140927,0.2036116462326096,0.0,0.3333333333333333,21.323423325620823,20000091
EDF-Periodic,13.576474913425987,7,0.5833333333333334,0.5012097827396363,0.6666666666666666,0.41666666666666663,0.8722770778301716,0.20797298555727775,0.0,0.3333333333333333,23.152593541653157,20000092
EDF-Periodic,16.524481823955327,9,0.75,0.6301776660548972,0.75,0.25,0.8377125196185728,0.15423675219717314,0.0,0.3333333333333333,20.526122661241835,20000093
EDF-Periodic,14.93393521510361,8,0.6666666666666666,0.6734036603293527,0.75,0.33333333333333337,0.8425598815788318,0.20191881486498112,0.0,0.3333333333333333,20.85292439406627,20000094
EDF-Periodic,11.54814342079455,6,0.5,0.5068259914386565,0.5833333333333334,0.5,0.858346590506493,0.2336820862592229,0.0,0.3333333333333333,21.311842749076675,20000095
EDF-Periodic,13.891026384036874,7,0.5833333333333334,0.5773619316112192,0.75,0.41666666666666663,0.8773828068001267,0.19735236347555105,0.0,0.3333333333333333,21.525475119904833,20000096
EDF-Periodic,15.444905324877933,8,0.6666666666666666,0.6531983073485513,0.6666666666666666,0.33333333333333337,0.8540454697723977,0.1985458473066449,0.0,0.3333333333333333,22.292172936371173,20000097
EDF-Periodic,9.87582769500749,5,0.4166666666666667,0.36572460390019973,0.6666666666666666,0.5833333333333333,0.8701184084763453,0.21835648873314115,0.0,0.3333333333333333,21.838606433726284,20000098
EDF-Periodic,17.419212236920004,9,0.75,0.628890232770223,0.75,0.25,0.8972729248651202,0.15706090596048325,0.0,0.3333333333333333,22.942576666517315,20000099
EDF-Periodic,15.122059542196084,8,0.6666666666666666,0.6493572261373389,0.6666666666666666,0.33333333333333337,0.8710975758797442,0.20616304199691396,0.0,0.3333333333333333,22.203289780415535,20000100
EDF-Periodic,15.278629855520691,8,0.6666666666666666,0.5745695854407624,0.6666666666666666,0.33333333333333337,0.9010740110565983,0.20459441702712033,0.0,0.3333333333333333,22.498248046410218,20000101
EDF-Periodic,16.691715043499933,9,0.75,0.6505418831518992,0.75,0.25,0.8554691640432424,0.1679300095183179,0.0,0.3333333333333333,21.06767571705031,20000102
EDF-Periodic,15.441214998153681,8,0.6666666666666666,0.7191376456812987,0.6666666666666666,0.33333333333333337,0.8478367324099977,0.1961713218683635,0.0,0.3333333333333333,20.67117936722572,20000103
EDF-Periodic,11.30461592137639,6,0.5,0.46700784007829405,0.5833333333333334,0.5,0.8452131452847444,0.19348177659286445,0.0,0.3333333333333333,20.17101568378714,20000104
EDF-Periodic,16.335183968383415,9,0.75,0.7023923168745795,0.75,0.25,0.877279914001489,0.19752053330431707,0.0,0.3333333333333333,21.980778549956803,20000105
EDF-Periodic,10.126424196510607,5,0.4166666666666667,0.4806647943442082,0.5833333333333334,0.5833333333333333,0.8534585395172755,0.21278530606153367,0.0,0.3333333333333333,20.87874061073016,20000106
EDF-Periodic,16.62787533448967,9,0.75,0.728328056869703,0.75,0.25,0.8622326025574575,0.2005426569068499,0.0,0.3333333333333333,20.752153406373978,20000107
EDF-Periodic,16.923917362432178,9,0.75,0.7891765791613485,0.75,0.25,0.8728127363708139,0.20074971119171345,0.0,0.3333333333333333,21.24827387038315,20000108
EDF-Periodic,8.028797515453647,4,0.3333333333333333,0.34472629521556103,0.5833333333333334,0.6666666666666667,0.8368574863213638,0.22460920947964672,0.0,0.3333333333333333,20.617783306895294,20000109
EDF-Periodic,8.24817482629972,4,0.3333333333333333,0.3991747740184693,0.5833333333333334,0.6666666666666667,0.8602480919660126,0.2322043645799535,0.0,0.3333333333333333,21.588215548197674,20000110
EDF-Periodic,15.418524393448822,8,0.6666666666666666,0.664500382386102,0.6666666666666666,0.33333333333333337,0.8515402346045559,0.18704710058220184,0.0,0.3333333333333333,22.082314387969763,20000111
EDF-Periodic,14.343101088380788,7,0.5833333333333334,0.5944537249644226,0.6666666666666666,0.41666666666666663,0.9033297027238859,0.2316270587573203,0.0,0.3333333333333333,23.06468687361503,20000112
EDF-Periodic,15.449562919967303,8,0.6666666666666666,0.5673278515470593,0.8333333333333334,0.33333333333333337,0.8458204710699256,0.16033454020406804,0.0,0.3333333333333333,21.677696208928417,20000113
EDF-Periodic,7.55686731668046,4,0.3333333333333333,0.35252728095077895,0.5833333333333334,0.6666666666666667,0.8172950636509005,0.22763392901221335,0.0,0.3333333333333333,19.4698784284399,20000114
EDF-Periodic,11.784590216292683,6,0.5,0.46946935879526536,0.6666666666666666,0.5,0.8777759549374086,0.2175812288223307,0.0,0.3333333333333333,21.51524440595416,20000115
EDF-Periodic,10.597431714057105,5,0.4166666666666667,0.41648874852943657,0.75,0.5833333333333333,0.8817098564854154,0.1897467409881106,0.0,0.3333333333333333,21.572292904855768,20000116
EDF-Periodic,8.029204942926503,4,0.3333333333333333,0.3798882888625289,0.6666666666666666,0.6666666666666667,0.8426798591828234,0.21874054683066277,0.0,0.3333333333333333,20.94557960619309,20000117
EDF-Periodic,13.412776735467965,7,0.5833333333333334,0.5218106970859104,0.6666666666666666,0.41666666666666663,0.8627025474869819,0.19150999539033106,0.0,0.3333333333333333,20.6937445847616,20000118
EDF-Periodic,12.272123189135835,6,0.5,0.48703303929847996,0.6666666666666666,0.5,0.8673229033102423,0.2025702599319019,0.0,0.3333333333333333,21.645144354023223,20000119
EDF-Periodic,14.111741663591863,7,0.5833333333333334,0.6179201698659511,0.6666666666666666,0.41666666666666663,0.8838208656193366,0.21329306097689127,0.0,0.3333333333333333,21.963229784909764,20000120
EDF-Periodic,7.352667025458924,4,0.3333333333333333,0.3252215051181244,0.5833333333333334,0.6666666666666667,0.8064895117346809,0.23058404687769873,0.0,0.3333333333333333,20.276878166954322,20000121
EDF-Periodic,13.310238949924738,7,0.5833333333333334,0.6570521955973244,0.5833333333333334,0.41666666666666663,0.83376685851976,0.20563626045844577,0.0,0.3333333333333333,21.130043735357724,20000122
EDF-Periodic,14.972434298466444,8,0.6666666666666666,0.6129649809105462,0.75,0.33333333333333337,0.8743097117543884,0.18809184406943877,0.0,0.3333333333333333,22.77994015205996,20000123
EDF-Periodic,13.373935317466698,7,0.5833333333333334,0.5881930957074477,0.75,0.41666666666666663,0.8672305989774886,0.2052225965321606,0.0,0.3333333333333333,21.34380702179048,20000124
EDF-Periodic,16.89460467879173,9,0.75,0.6597951535988923,0.75,0.25,0.8812733718431135,0.1731346487285708,0.0,0.3333333333333333,21.354098142868867,20000125
EDF-Periodic,11.315424998317248,6,0.5,0.5137570439728946,0.5833333333333334,0.5,0.8344232629347416,0.21763365135004897,0.0,0.3333333333333333,20.476838444073895,20000126
EDF-Periodic,11.888744154255695,6,0.5,0.5494398841024303,0.5833333333333334,0.5,0.8642589058237758,0.21205027165537219,0.0,0.3333333333333333,21.227215950418735,20000127
EDF-Periodic,14.557770743297365,8,0.6666666666666666,0.5880557551949375,0.75,0.33333333333333337,0.8383728851200694,0.18967360937273056,0.0,0.3333333333333333,21.780812999105784,20000128
EDF-Periodic,17.01101105657493,9,0.75,0.7298769834354666,0.75,0.25,0.8478140254923718,0.2012707194085909,0.0,0.3333333333333333,22.09098556123276,20000129
EDF-Periodic,15.053974909204518,8,0.6666666666666666,0.6435488276911482,0.6666666666666666,0.33333333333333337,0.8716100241002177,0.19317042248256402,0.0,0.3333333333333333,21.22815913887766,20000130
EDF-Periodic,11.7964152953674,6,0.5,0.4086031442276091,0.6666666666666666,0.5,0.8662747549683879,0.19514785106316057,0.0,0.3333333333333333,20.642377220624766,20000131
EDF-Periodic,17.246355308327285,9,0.75,0.6939242744690876,0.75,0.25,0.862536791746383,0.17396320353349606,0.0,0.3333333333333333,21.842085353187237,20000132
EDF-Periodic,19.31855312711376,10,0.8333333333333334,0.809447489315178,0.8333333333333334,0.16666666666666663,0.8768384662031252,0.16005071683115416,0.0,0.3333333333333333,22.434694036804775,20000133
EDF-Periodic,11.559623530567974,6,0.5,0.4807510563114491,0.6666666666666666,0.5,0.8469611113340371,0.19737867342396612,0.0,0.3333333333333333,22.504263574354326,20000134
EDF-Periodic,15.956329907606293,8,0.6666666666666666,0.6251787214909135,0.75,0.33333333333333337,0.9227386998170314,0.20203400872135302,0.0,0.3333333333333333,23.631800916448217,20000135
EDF-Periodic,15.393849020603742,8,0.6666666666666666,0.6281071430824648,0.75,0.33333333333333337,0.8703752267012476,0.19366623601984112,0.0,0.3333333333333333,21.75364112529081,20000136
EDF-Periodic,17.196398957036752,9,0.75,0.6480749807972268,0.75,0.25,0.873345997707993,0.166916415332346,0.0,0.3333333333333333,20.292681383552644,20000137
EDF-Periodic,7.646273415270331,4,0.3333333333333333,0.3731971054447636,0.5833333333333334,0.6666666666666667,0.8253144909746398,0.2281866437951896,0.0,0.3333333333333333,20.98188616849065,20000138
EDF-Periodic,13.512822039447157,7,0.5833333333333334,0.5555550011830332,0.75,0.41666666666666663,0.8368777567378484,0.1846650198497001,0.0,0.3333333333333333,21.57818316944072,20000139
EDF-Periodic,16.845294806242244,9,0.75,0.8054813452896769,0.75,0.25,0.8565232246155015,0.1774945862089776,0.0,0.3333333333333333,22.076735238203867,20000140
EDF-Periodic,10.263790055900062,5,0.4166666666666667,0.5065476104317224,0.5833333333333334,0.5833333333333333,0.8503521996006155,0.22710390545302964,0.0,0.3333333333333333,20.67634319283124,20000141
EDF-Periodic,12.82331640769669,7,0.5833333333333334,0.6261389689886027,0.5833333333333334,0.41666666666666663,0.824743695442931,0.22177864924168456,0.0,0.3333333333333333,20.33368266224763,20000142
EDF-Periodic,9.433642093348775,5,0.4166666666666667,0.3544749434285905,0.5833333333333334,0.5833333333333333,0.8323021667879674,0.21481857319188033,0.0,0.3333333333333333,20.252711152946645,20000143
EDF-Periodic,15.367447101218353,8,0.6666666666666666,0.6713481662389427,0.6666666666666666,0.33333333333333337,0.8847703042316016,0.1914097184947899,0.0,0.3333333333333333,21.783849515088093,20000144
EDF-Periodic,14.960662003980065,8,0.6666666666666666,0.6738202930599478,0.6666666666666666,0.33333333333333337,0.8644233839721398,0.20349878308759187,0.0,0.3333333333333333,22.11408944148098,20000145
EDF-Periodic,13.644742372369699,7,0.5833333333333334,0.5207537373942214,0.6666666666666666,0.41666666666666663,0.8585520457237187,0.18317488850295782,0.0,0.3333333333333333,21.415856859308654,20000146
EDF-Periodic,13.655834516067191,7,0.5833333333333334,0.5823801740249387,0.75,0.41666666666666663,0.839125493984829,0.18428756622208972,0.0,0.3333333333333333,21.24992237617763,20000147
EDF-Periodic,11.902254773227023,6,0.5,0.4896424678107968,0.6666666666666666,0.5,0.856961684836854,0.2041476360766353,0.0,0.3333333333333333,21.139832380670192,20000148
EDF-Periodic,12.215533722291418,6,0.5,0.5057970872506676,0.6666666666666666,0.5,0.9024250902438243,0.20451825101737856,0.0,0.3333333333333333,21.754062681395126,20000149
EDF-Periodic,15.209502903394519,8,0.6666666666666666,0.6486673645319507,0.75,0.33333333333333337,0.84518735827569,0.18703916903597265,0.0,0.3333333333333333,21.769116777550554,20000150
EDF-Periodic,15.463844863282459,8,0.6666666666666666,0.6942043473422743,0.75,0.33333333333333337,0.8694927645569063,0.1821240223851849,0.0,0.3333333333333333,21.416876556948317,20000151
EDF-Periodic,8.412711554638875,4,0.3333333333333333,0.40811667213769726,0.6666666666666666,0.6666666666666667,0.8414216104139275,0.22605360448772327,0.0,0.3333333333333333,20.83180004122413,20000152
EDF-Periodic,14.101180312212875,7,0.5833333333333334,0.666839372690523,0.6666666666666666,0.41666666666666663,0.879189992388198,0.19862900132907826,0.0,0.3333333333333333,21.738127297148093,20000153
EDF-Periodic,17.430818394262925,9,0.75,0.693836107457377,0.75,0.25,0.9151883753837472,0.18685627782326242,0.0,0.3333333333333333,22.59671701091729,20000154
EDF-Periodic,13.609397332891673,7,0.5833333333333334,0.6044590830839204,0.6666666666666666,0.41666666666666663,0.8394150574512348,0.19288713922367193,0.0,0.3333333333333333,21.020881383044276,20000155
EDF-Periodic,14.852587453137113,8,0.6666666666666666,0.68155853956262,0.6666666666666666,0.33333333333333337,0.8518802857984958,0.2322970336927405,0.0,0.3333333333333333,20.836599390930434,20000156
EDF-Periodic,11.605936390619757,6,0.5,0.4645839011915167,0.6666666666666666,0.5,0.8841678180764729,0.21232474198787324,0.0,0.3333333333333333,22.144767287319414,20000157
EDF-Periodic,13.917977716869602,7,0.5833333333333334,0.5901385448020345,0.6666666666666666,0.41666666666666663,0.889971363663359,0.20934617674551573,0.0,0.3333333333333333,21.994298243329016,20000158
EDF-Periodic,8.19374088853859,4,0.3333333333333333,0.42573618777567274,0.5833333333333334,0.6666666666666667,0.8379861797212936,0.23423381425854858,0.0,0.3333333333333333,20.702757964393474,20000159
EDF-Periodic,13.796913583519647,7,0.5833333333333334,0.5751634422599676,0.75,0.41666666666666663,0.8581505930451371,0.1943812332667758,0.0,0.3333333333333333,22.287769936452463,20000160
EDF-Periodic,15.215188132925467,8,0.6666666666666666,0.6547091575899586,0.75,0.33333333333333337,0.8590751374916685,0.18552003607911952,0.0,0.3333333333333333,21.96865446683373,20000161
EDF-Periodic,9.355591340197154,5,0.4166666666666667,0.39193578762857045,0.5833333333333334,0.5833333333333333,0.8404575743470947,0.21640351901978808,0.0,0.3333333333333333,20.338044017060426,20000162
EDF-Periodic,17.278687802341462,9,0.75,0.6845061200580619,0.75,0.25,0.8629124365193762,0.1785776839698728,0.0,0.3333333333333333,21.308549859942516,20000163
EDF-Periodic,13.550977118539851,7,0.5833333333333334,0.5443497317450668,0.5833333333333334,0.41666666666666663,0.8679832837601924,0.20571380656073443,0.0,0.3333333333333333,21.647010597082016,20000164
EDF-Periodic,17.249095435524676,9,0.75,0.709012959028437,0.8333333333333334,0.25,0.8925212732801177,0.18693882081132182,0.0,0.3333333333333333,21.95382373029328,20000165
EDF-Periodic,13.606814420570329,7,0.5833333333333334,0.6070501082142669,0.6666666666666666,0.41666666666666663,0.8889005607408622,0.21609425314446304,0.0,0.3333333333333333,22.678330458831446,20000166
EDF-Periodic,15.537615247507716,8,0.6666666666666666,0.6934756504434968,0.75,0.33333333333333337,0.8576920177561499,0.17126877810058275,0.0,0.3333333333333333,21.2631122585124,20000167
EDF-Periodic,11.024340621357261,6,0.5,0.47085306833085167,0.5833333333333334,0.5,0.837200221744991,0.21412679690581857,0.0,0.3333333333333333,20.075841385994135,20000168
EDF-Periodic,17.458446644955252,9,0.75,0.7891397905821587,0.75,0.25,0.8799468575748247,0.201441620086889,0.0,0.3333333333333333,22.44658979476302,20000169
EDF-Periodic,11.810169599928173,6,0.5,0.5660601819063473,0.5833333333333334,0.5,0.8434122494272662,0.2181013548812665,0.0,0.3333333333333333,21.946807388899778,20000170
EDF-Periodic,19.104287878505975,10,0.8333333333333334,0.8017049442099268,0.8333333333333334,0.16666666666666663,0.8770375163105212,0.18310656282843585,0.0,0.3333333333333333,23.000934320577354,20000171
EDF-Periodic,16.9413841824049,9,0.75,0.7327939349747622,0.75,0.25,0.8903247121744459,0.19718958673946427,0.0,0.3333333333333333,21.538245636429718,20000172
EDF-Periodic,15.752524827028282,8,0.6666666666666666,0.5853555406083368,0.75,0.33333333333333337,0.8832178345634062,0.185027046964754,0.0,0.3333333333333333,22.469454445545523,20000173
EDF-Periodic,15.80238759813213,8,0.6666666666666666,0.6250828283738441,0.75,0.33333333333333337,0.9018615635923238,0.190049902910883,0.0,0.3333333333333333,21.317531191794654,20000174
EDF-Periodic,11.120637649247037,6,0.5,0.4468788258265183,0.6666666666666666,0.5,0.8281824909747865,0.19641102914654882,0.0,0.3333333333333333,20.32454785372661,20000175
EDF-Periodic,13.501415781811211,7,0.5833333333333334,0.5616144420909911,0.6666666666666666,0.41666666666666663,0.8744719474835677,0.1938787625904299,0.0,0.3333333333333333,21.507396674880177,20000176
EDF-Periodic,16.056811931490955,8,0.6666666666666666,0.644339095692721,0.75,0.33333333333333337,0.885435812335872,0.1766080620238871,0.0,0.3333333333333333,22.226155177480546,20000177
EDF-Periodic,13.581304565227606,7,0.5833333333333334,0.5480549649498815,0.6666666666666666,0.41666666666666663,0.8756997668109611,0.20099322084367158,0.0,0.3333333333333333,22.638534986356945,20000178
EDF-Periodic,8.996291472424407,4,0.3333333333333333,0.31487950595326075,0.75,0.6666666666666667,0.8775912214305706,0.1929354637867741,0.0,0.3333333333333333,21.800055400360886,20000179
EDF-Periodic,12.135811007127046,6,0.5,0.45693083965607667,0.6666666666666666,0.5,0.8671688304138737,0.19251809399979436,0.0,0.3333333333333333,21.106786419583827,20000180
EDF-Periodic,15.406588632382178,8,0.6666666666666666,0.812399006102843,0.6666666666666666,0.33333333333333337,0.8759030821308702,0.20950593892407735,0.0,0.3333333333333333,22.2872172390152,20000181
EDF-Periodic,13.557273546674338,7,0.5833333333333334,0.6396637389016463,0.5833333333333334,0.41666666666666663,0.8623465564627383,0.22201713212938481,0.0,0.3333333333333333,21.831711910340363,20000182
EDF-Periodic,7.798666410710214,4,0.3333333333333333,0.30179786064726005,0.5833333333333334,0.6666666666666667,0.8408746907241286,0.2100641335777441,0.0,0.3333333333333333,20.83100834329373,20000183
EDF-Periodic,11.686772241652768,6,0.5,0.5656033614728287,0.6666666666666666,0.5,0.8369726360816955,0.20619481763517755,0.0,0.3333333333333333,21.369671225525828,20000184
EDF-Periodic,15.934747331697128,8,0.6666666666666666,0.791106989958855,0.6666666666666666,0.33333333333333337,0.8703618595605015,0.20710692753641044,0.0,0.3333333333333333,21.889316221538493,20000185
EDF-Periodic,13.814692079109644,7,0.5833333333333334,0.47983321772451304,0.75,0.41666666666666663,0.8754144913177742,0.16642593664289304,0.0,0.3333333333333333,22.87012731464055,20000186
EDF-Periodic,13.489040379257474,7,0.5833333333333334,0.592216699852108,0.5833333333333334,0.41666666666666663,0.8663586441825206,0.2297197521288279,0.0,0.3333333333333333,22.091195926952558,20000187
EDF-Periodic,17.137536416124764,9,0.75,0.6620631827223252,0.75,0.25,0.8963936313307969,0.19077702230350294,0.0,0.3333333333333333,23.24085757662904,20000188
EDF-Periodic,7.572114121924918,4,0.3333333333333333,0.3062738617362002,0.5833333333333334,0.6666666666666667,0.8334160760877521,0.21102687933137557,0.0,0.3333333333333333,20.333533446173345,20000189
EDF-Periodic,16.710984356730826,9,0.75,0.652759954275449,0.75,0.25,0.8887483105317854,0.19582376574175916,0.0,0.3333333333333333,21.85657937449789,20000190
EDF-Periodic,22.097700132600867,12,1.0,1.0,1.0,0.0,0.8870944725485681,0.13934408648186344,0.0,0.3541666666666667,22.64249914146597,20000191
EDF-Periodic,11.962672320870919,6,0.5,0.5474365953225255,0.6666666666666666,0.5,0.8915245583893898,0.22006706353689345,0.0,0.3333333333333333,21.4840739076178,20000192
EDF-Periodic,10.820422396882648,5,0.4166666666666667,0.45645761281511943,0.6666666666666666,0.5833333333333333,0.9010429380358103,0.2124203433988178,0.0,0.3333333333333333,22.470915896565383,20000193
EDF-Periodic,13.079996097360466,7,0.5833333333333334,0.6001107901192286,0.5833333333333334,0.41666666666666663,0.8554678209468974,0.2261255187193643,0.0,0.3333333333333333,21.37352368433455,20000194
EDF-Periodic,17.036778315031412,9,0.75,0.6496821936863892,0.75,0.25,0.86110551492208,0.1909936960024318,0.0,0.3333333333333333,22.06862546527394,20000195
EDF-Periodic,15.939168071332444,8,0.6666666666666666,0.7323458887354033,0.6666666666666666,0.33333333333333337,0.8854518445396623,0.19873925818463137,0.0,0.3333333333333333,22.6819815400632,20000196
EDF-Periodic,12.173616424981223,6,0.5,0.5081368564294803,0.6666666666666666,0.5,0.8622483191988609,0.19901932973104744,0.0,0.3333333333333333,22.53265260393439,20000197
EDF-Periodic,10.543893603821475,5,0.4166666666666667,0.4750691830023373,0.6666666666666666,0.5833333333333333,0.8518107489357168,0.19039388769886303,0.0,0.3333333333333333,20.935687955917036,20000198
EDF-Periodic,13.179779325035636,7,0.5833333333333334,0.5262222817111463,0.6666666666666666,0.41666666666666663,0.8523668004053072,0.20594023680002985,0.0,0.3333333333333333,21.774873930553923,20000199
EDF-Periodic,12.043991902772492,6,0.5,0.4998318218804246,0.6666666666666666,0.5,0.879051003409582,0.21274906003967456,0.0,0.3333333333333333,21.546848335087528,20000200
EDF-Periodic,13.171179498015382,7,0.5833333333333334,0.5374234023764888,0.5833333333333334,0.41666666666666663,0.8383539915160272,0.19439708163137145,0.0,0.3333333333333333,21.253248412323995,20000201
EDF-Periodic,11.572100208456607,6,0.5,0.5084142070473718,0.6666666666666666,0.5,0.8704564521779284,0.2286025445108877,0.0,0.3333333333333333,20.741765529167886,20000202
EDF-Periodic,17.153142515166415,9,0.75,0.8188015128606975,0.75,0.25,0.8779481844924163,0.2034841725463449,0.0,0.3333333333333333,22.64826426810408,20000203
EDF-Periodic,13.459914058639118,7,0.5833333333333334,0.48941519668038275,0.6666666666666666,0.41666666666666663,0.8574541202431553,0.18286522293592514,0.0,0.3333333333333333,21.254370572761896,20000204
EDF-Periodic,17.733168932690774,9,0.75,0.7854194144195581,0.75,0.25,0.8896278343199792,0.17057962941729898,0.0,0.3333333333333333,21.41967652007778,20000205
EDF-Periodic,5.86643192382093,3,0.25,0.31850326557226194,0.5,0.75,0.8381044159228636,0.2502900755269051,0.0,0.3333333333333333,20.340540450230684,20000206
EDF-Periodic,10.137144757507306,5,0.4166666666666667,0.3992565033487488,0.6666666666666666,0.5833333333333333,0.8488184438251137,0.2071787167581797,0.0,0.3333333333333333,20.954838232608147,20000207
EDF-Periodic,11.868621511186664,6,0.5,0.5037194430997806,0.5833333333333334,0.5,0.8719281361513032,0.20429564025950223,0.0,0.3333333333333333,21.519619577165837,20000208
EDF-Periodic,11.841112709586369,6,0.5,0.48750838754308085,0.5833333333333334,0.5,0.8720291160723844,0.19639590794652115,0.0,0.3333333333333333,21.09865994456967,20000209
EDF-Periodic,19.359464382046024,10,0.8333333333333334,0.7594177971228545,0.8333333333333334,0.16666666666666663,0.897577889034296,0.14608727174490746,0.0,0.3333333333333333,23.46317385356181,20000210
EDF-Periodic,9.871844715341881,5,0.4166666666666667,0.46998834781578247,0.6666666666666666,0.5833333333333333,0.8231511893365346,0.19789465636236372,0.0,0.3333333333333333,19.90712563712967,20000211
EDF-Periodic,17.428850571090344,9,0.75,0.8155131610112301,0.75,0.25,0.8704794760816789,0.18132575828672803,0.0,0.3333333333333333,22.47314523442726,20000212
EDF-Periodic,19.135895287782787,10,0.8333333333333334,0.7255036175628686,0.8333333333333334,0.16666666666666663,0.8872612222415439,0.17414892413717964,0.0,0.3333333333333333,22.404617244244537,20000213
EDF-Periodic,14.554218344420903,8,0.6666666666666666,0.5977643379552421,0.6666666666666666,0.33333333333333337,0.8192888040837779,0.20237248866546165,0.0,0.3333333333333333,20.14585885712226,20000214
EDF-Periodic,13.680125158132835,7,0.5833333333333334,0.5690566997434044,0.6666666666666666,0.41666666666666663,0.8849862852386008,0.2232787749738998,0.0,0.3333333333333333,21.389854604216318,20000215
EDF-Periodic,8.13800950315974,4,0.3333333333333333,0.32790952256062333,0.6666666666666666,0.6666666666666667,0.8527266175423271,0.19889544058973485,0.0,0.3333333333333333,21.55683953333537,20000216
EDF-Periodic,17.734700611040427,9,0.75,0.6603627684203174,0.8333333333333334,0.25,0.9132720464984206,0.15970075666790814,0.0,0.3333333333333333,23.349202449820808,20000217
EDF-Periodic,12.786535524634786,7,0.5833333333333334,0.5430413987042293,0.75,0.41666666666666663,0.830928149708433,0.2040612362336741,0.0,0.3333333333333333,21.283217990284488,20000218
EDF-Periodic,11.579824979807503,6,0.5,0.5698309435821654,0.6666666666666666,0.5,0.8374141505745163,0.21025892301818802,0.0,0.3333333333333333,21.253003989456197,20000219
EDF-Periodic,15.382507800813435,8,0.6666666666666666,0.6112909999724834,0.75,0.33333333333333337,0.8431778005053304,0.1603208594340274,0.0,0.3333333333333333,21.561558431872562,20000220
EDF-Periodic,17.58001917250922,9,0.75,0.7393744184767675,0.75,0.25,0.8962713963314708,0.17218998363317503,0.0,0.3333333333333333,22.67203345588546,20000221
EDF-Periodic,15.023028293751176,8,0.6666666666666666,0.5219207567960442,0.75,0.33333333333333337,0.8752555425649873,0.1767501888018148,0.0,0.3333333333333333,23.02103147100882,20000222
EDF-Periodic,13.220599825916425,7,0.5833333333333334,0.49087772032899074,0.75,0.41666666666666663,0.8809971196150969,0.19813458814683413,0.0,0.3333333333333333,22.589276693014,20000223
EDF-Periodic,12.353789024913578,6,0.5,0.5372257447152037,0.6666666666666666,0.5,0.8654858267753859,0.19437888217232094,0.0,0.3333333333333333,22.418012913549283,20000224
EDF-Periodic,13.328203674308751,7,0.5833333333333334,0.5829808338523058,0.6666666666666666,0.41666666666666663,0.8885756718345775,0.20299013306980188,0.0,0.3333333333333333,21.314313456625552,20000225
EDF-Periodic,15.83595142506952,8,0.6666666666666666,0.6666107134569472,0.6666666666666666,0.33333333333333337,0.8771842201339387,0.19515724812304427,0.0,0.3333333333333333,21.625028208936474,20000226
EDF-Periodic,10.758293569510524,5,0.4166666666666667,0.5513986160064158,0.6666666666666666,0.5833333333333333,0.878083357344912,0.19676394434516556,0.0,0.3333333333333333,21.02424596131537,20000227
EDF-Periodic,10.129669790894969,5,0.4166666666666667,0.3579664053691239,0.75,0.5833333333333333,0.8716353032610084,0.19159715482120362,0.0,0.3333333333333333,20.685796943797634,20000228
EDF-Periodic,9.301252283274836,4,0.3333333333333333,0.3425753609789448,0.6666666666666666,0.6666666666666667,0.8970085328656632,0.19490441073734574,0.0,0.3333333333333333,22.291609986964545,20000229
EDF-Periodic,12.358857661724914,6,0.5,0.4045412759981094,0.75,0.5,0.8912744940418434,0.17829630859378418,0.0,0.3333333333333333,23.029416891621135,20000230
EDF-Periodic,14.837559550719277,8,0.6666666666666666,0.6956983024886848,0.6666666666666666,0.33333333333333337,0.8699425741297852,0.22149787569740229,0.0,0.3333333333333333,21.980254427774117,20000231
EDF-Periodic,9.212643608676384,5,0.4166666666666667,0.4869133394393966,0.5,0.5833333333333333,0.812186051388232,0.23172683632297864,0.0,0.3333333333333333,20.15519512537633,20000232
EDF-Periodic,15.300423223454093,8,0.6666666666666666,0.6125761282122694,0.6666666666666666,0.33333333333333337,0.8488043494870259,0.17878583043153085,0.0,0.3333333333333333,21.83949493590646,20000233
EDF-Periodic,13.372827149739017,7,0.5833333333333334,0.5085069564101389,0.6666666666666666,0.41666666666666663,0.8244618264164573,0.18594234667184648,0.0,0.3333333333333333,20.4551650638256,20000234
EDF-Periodic,13.15918167621302,7,0.5833333333333334,0.5689194075444537,0.75,0.41666666666666663,0.8232000106164111,0.17889935041676605,0.0,0.3333333333333333,20.259292265663703,20000235
EDF-Periodic,17.680414465541592,9,0.75,0.7268915611215374,0.75,0.25,0.9077946747113242,0.1761284450636824,0.0,0.3333333333333333,21.95397861873634,20000236
EDF-Periodic,12.180789480598845,6,0.5,0.4555535125379535,0.6666666666666666,0.5,0.8740881820027081,0.20928146692679897,0.0,0.3333333333333333,22.31761653302861,20000237
EDF-Periodic,17.670699262184627,9,0.75,0.7219178513079578,0.75,0.25,0.8905179260441516,0.2034555911942664,0.0,0.3333333333333333,22.820186307726722,20000238
EDF-Periodic,8.51099318063816,4,0.3333333333333333,0.40125280570437755,0.5833333333333334,0.6666666666666667,0.8785668742291532,0.23587698417849748,0.0,0.3333333333333333,22.653237501351484,20000239
EDF-Periodic,13.155079458751638,7,0.5833333333333334,0.5984976510168235,0.5833333333333334,0.41666666666666663,0.859153163379664,0.2304005974181784,0.0,0.3333333333333333,21.325693597496144,20000240
EDF-Periodic,13.47586552323574,7,0.5833333333333334,0.6499137988213928,0.5833333333333334,0.41666666666666663,0.8653247704621229,0.23477604350730089,0.0,0.3333333333333333,21.569712727892174,20000241
EDF-Periodic,16.848119925367353,9,0.75,0.7944597715716317,0.75,0.25,0.8910337252743247,0.17143123196150276,0.0,0.3333333333333333,20.88323325317582,20000242
EDF-Periodic,13.956356772085094,7,0.5833333333333334,0.6038452595899048,0.6666666666666666,0.41666666666666663,0.8542646411746618,0.21835058695345366,0.0,0.3333333333333333,22.397056384127865,20000243
EDF-Periodic,14.755799729628691,7,0.5833333333333334,0.669741223612847,0.75,0.41666666666666663,0.8938352017124286,0.1881495263813074,0.0,0.3333333333333333,22.48545770948316,20000244
EDF-Periodic,12.129516895476506,6,0.5,0.5201578077540587,0.6666666666666666,0.5,0.8701645229637366,0.20758430077117895,0.0,0.3333333333333333,21.372568018287538,20000245
EDF-Periodic,15.936394661435662,8,0.6666666666666666,0.6677917830123912,0.75,0.33333333333333337,0.9024361558307045,0.19365636259464844,0.0,0.3333333333333333,23.41338831512806,20000246
EDF-Periodic,10.028579493877196,5,0.4166666666666667,0.42939996188443424,0.6666666666666666,0.5833333333333333,0.8779510640346678,0.2189851644781667,0.0,0.3333333333333333,21.580586665103343,20000247
EDF-Periodic,21.305265631232217,11,0.9166666666666666,0.9156848060827795,0.9166666666666666,0.08333333333333337,0.9145154247470068,0.16610222621655082,0.0,0.3333333333333333,24.03770074254684,20000248
EDF-Periodic,11.808014477827282,6,0.5,0.4926503380650501,0.6666666666666666,0.5,0.8845070547679431,0.22490881097644677,0.0,0.3333333333333333,21.83377227994449,20000249
EDF-Periodic,15.396731981322741,8,0.6666666666666666,0.6311047196526681,0.75,0.33333333333333337,0.8877822454681868,0.18881899551591944,0.0,0.3333333333333333,20.90415840552012,20000250
EDF-Periodic,17.28508256175497,9,0.75,0.642793982084566,0.75,0.25,0.8898447252619966,0.1656783263825027,0.0,0.3333333333333333,22.404683513707834,20000251
EDF-Periodic,17.235707414241983,9,0.75,0.712739212783882,0.75,0.25,0.886983091365225,0.17901247658911834,0.0,0.3333333333333333,22.39458812918727,20000252
EDF-Periodic,15.316236752111474,8,0.6666666666666666,0.5518328790107492,0.6666666666666666,0.33333333333333337,0.8629145477078151,0.17284207883896308,0.0,0.3333333333333333,21.343880343418846,20000253
EDF-Periodic,8.078303486803687,4,0.3333333333333333,0.397007991985038,0.5833333333333334,0.6666666666666667,0.8837107041526302,0.24500005653573034,0.0,0.3333333333333333,20.933292637856926,20000254
EDF-Periodic,8.250872101889781,4,0.3333333333333333,0.2788397674230138,0.6666666666666666,0.6666666666666667,0.8569574422529035,0.2094071047570308,0.0,0.3333333333333333,21.46317464018926,20000255
EDF-Periodic,11.744483718389574,6,0.5,0.47800342332843077,0.5833333333333334,0.5,0.8775914348005225,0.2084218986524736,0.0,0.3333333333333333,21.748374157888218,20000256
EDF-Periodic,16.789758689583216,9,0.75,0.6729462760410914,0.75,0.25,0.855009622598244,0.18397132811524064,0.0,0.3333333333333333,21.331893593644025,20000257
EDF-Periodic,14.863338308980644,8,0.6666666666666666,0.7053679402649007,0.6666666666666666,0.33333333333333337,0.8419627382012956,0.2063867051640468,0.0,0.3333333333333333,20.667048384249835,20000258
EDF-Periodic,14.908562316440849,8,0.6666666666666666,0.7275501888853666,0.6666666666666666,0.33333333333333337,0.8475827298820274,0.2261602184254926,0.0,0.3333333333333333,20.785110758357117,20000259
EDF-Periodic,13.622742763853685,7,0.5833333333333334,0.5998120345533745,0.5833333333333334,0.41666666666666663,0.8676410021663923,0.21912177501319774,0.0,0.3333333333333333,21.082341259606913,20000260
EDF-Periodic,11.208237825536731,6,0.5,0.5284723351786417,0.5,0.5,0.8857290694009462,0.2600224655387388,0.0,0.3333333333333333,20.769688038339076,20000261
EDF-Periodic,10.246273063151706,5,0.4166666666666667,0.46215219473738334,0.6666666666666666,0.5833333333333333,0.8845663830517266,0.22881981575016394,0.0,0.3333333333333333,21.944952234101002,20000262
EDF-Periodic,17.34978957904904,9,0.75,0.7103567251644397,0.8333333333333334,0.25,0.8619906679458391,0.16330560183205134,0.0,0.3333333333333333,22.85508951534363,20000263
EDF-Periodic,10.021547113034897,5,0.4166666666666667,0.5306540042747796,0.5833333333333334,0.5833333333333333,0.8523595283488454,0.2388781480296851,0.0,0.3333333333333333,21.28522793328515,20000264
EDF-Periodic,16.51609587680746,9,0.75,0.7380131259857752,0.75,0.25,0.8356801981763633,0.1656006600624944,0.0,0.3333333333333333,21.857927789671848,20000265
EDF-Periodic,18.973580963519883,10,0.8333333333333334,0.7249622738955646,0.8333333333333334,0.16666666666666663,0.9044359309137548,0.1704206343681833,0.0,0.3333333333333333,23.066397642449747,20000266
EDF-Periodic,11.652820742411736,6,0.5,0.5099417466681605,0.5833333333333334,0.5,0.8557877876242923,0.23602026511386956,0.0,0.3333333333333333,21.428582111579058,20000267
EDF-Periodic,11.728422278316675,6,0.5,0.504347832946877,0.6666666666666666,0.5,0.8558751826937163,0.2129314547837975,0.0,0.3333333333333333,20.570633243436237,20000268
EDF-Periodic,14.04793861905616,7,0.5833333333333334,0.5628199842249796,0.6666666666666666,0.41666666666666663,0.888922646107322,0.19502715226770576,0.0,0.3333333333333333,21.9727262171555,20000269
EDF-Periodic,12.170067496288318,6,0.5,0.5668493697013,0.6666666666666666,0.5,0.8538671309059541,0.19005143836642402,0.0,0.3333333333333333,21.739217602239652,20000270
EDF-Periodic,15.987600417743332,8,0.6666666666666666,0.6421527703206025,0.75,0.33333333333333337,0.888041081139483,0.18437859112509547,0.0,0.3333333333333333,22.393244952818012,20000271
EDF-Periodic,17.052863625926204,9,0.75,0.7025257142486548,0.75,0.25,0.8543056468807464,0.16739303348182863,0.0,0.3333333333333333,21.206123630215508,20000272
EDF-Periodic,19.45379880546891,10,0.8333333333333334,0.7129806173272106,0.8333333333333334,0.16666666666666663,0.900504984538613,0.1635973927477284,0.0,0.3333333333333333,22.375052236636524,20000273
EDF-Periodic,13.283218281028358,7,0.5833333333333334,0.558068816977794,0.6666666666666666,0.41666666666666663,0.8753239624794557,0.21073526611799467,0.0,0.3333333333333333,22.038036306402812,20000274
EDF-Periodic,16.828216246439673,9,0.75,0.7625635509166169,0.75,0.25,0.8687964279347948,0.198400724857005,0.0,0.3333333333333333,21.788663649294957,20000275
EDF-Periodic,15.473045923481862,8,0.6666666666666666,0.5972440900485302,0.6666666666666666,0.33333333333333337,0.8691620648555828,0.1841340472023408,0.0,0.3333333333333333,22.1456432104855,20000276
EDF-Periodic,13.030856141454485,7,0.5833333333333334,0.5273854458826802,0.6666666666666666,0.41666666666666663,0.8484664203940001,0.20501299146621924,0.0,0.3333333333333333,21.381740109027277,20000277
EDF-Periodic,12.94203453470635,7,0.5833333333333334,0.6437180710585922,0.5833333333333334,0.41666666666666663,0.826051864312331,0.2276188059847719,0.0,0.3333333333333333,19.96371444841085,20000278
EDF-Periodic,14.707939174846793,8,0.6666666666666666,0.6488595433449997,0.6666666666666666,0.33333333333333337,0.824370043709065,0.1976800871895821,0.0,0.3333333333333333,21.018836661788438,20000279
EDF-Periodic,16.762359098478445,9,0.75,0.815331209104845,0.75,0.25,0.861674889873985,0.17449655329053596,0.0,0.3333333333333333,21.536233287277224,20000280
EDF-Periodic,15.343262944317035,8,0.6666666666666666,0.7205834317754534,0.75,0.33333333333333337,0.8573149400194668,0.20506703116591485,0.0,0.3333333333333333,22.096895863110593,20000281
EDF-Periodic,11.365192996949151,6,0.5,0.4897799749786871,0.5833333333333334,0.5,0.8621294337305238,0.21357460711853338,0.0,0.3333333333333333,20.95725415389269,20000282
EDF-Periodic,18.845001769796717,10,0.8333333333333334,0.8192629596941121,0.8333333333333334,0.16666666666666663,0.8690839947900253,0.18103224771626214,0.0,0.3333333333333333,22.444036439911766,20000283
EDF-Periodic,13.277087035057894,7,0.5833333333333334,0.6421099283216893,0.5833333333333334,0.41666666666666663,0.8465376480154273,0.21811600082330987,0.0,0.3333333333333333,20.673340298009546,20000284
EDF-Periodic,14.84884300195623,8,0.6666666666666666,0.6767854443299953,0.6666666666666666,0.33333333333333337,0.8206362716111645,0.1996656306657818,0.0,0.3333333333333333,20.848668178648737,20000285
EDF-Periodic,13.335683890735185,7,0.5833333333333334,0.5428499033065969,0.5833333333333334,0.41666666666666663,0.8652433165754584,0.22660704513435279,0.0,0.3333333333333333,22.321493159777788,20000286
EDF-Periodic,17.425467280847105,9,0.75,0.7843764500076237,0.8333333333333334,0.25,0.874336805529177,0.16568685101102318,0.0,0.3333333333333333,22.58497435732681,20000287
EDF-Periodic,17.59680944931134,9,0.75,0.8076463584534258,0.75,0.25,0.8714564483983155,0.18587466019901747,0.0,0.3333333333333333,23.057371026944416,20000288
EDF-Periodic,15.43695545887301,8,0.6666666666666666,0.7008538094350081,0.75,0.33333333333333337,0.8440739106952139,0.17798795113207802,0.0,0.3333333333333333,22.405012206257837,20000289
EDF-Periodic,13.741460934539187,7,0.5833333333333334,0.5162043669288514,0.6666666666666666,0.41666666666666663,0.8753275591125841,0.1954422495592949,0.0,0.3333333333333333,22.270581115399814,20000290
EDF-Periodic,16.961183377647963,9,0.75,0.744632130718845,0.75,0.25,0.8767676296949526,0.18018412929987196,0.0,0.3333333333333333,21.957490988180485,20000291
EDF-Periodic,13.44550076220833,7,0.5833333333333334,0.5946374579722644,0.6666666666666666,0.41666666666666663,0.8554586499013815,0.2185355177739967,0.0,0.3333333333333333,21.692224055876856,20000292
EDF-Periodic,16.558865200995786,9,0.75,0.6961697025320529,0.75,0.25,0.8424015061262162,0.19788011466689093,0.0,0.3333333333333333,20.92777235947104,20000293
EDF-Periodic,11.7174809513103,6,0.5,0.5392220955195223,0.5833333333333334,0.5,0.8538494666455655,0.2276104039437021,0.0,0.3333333333333333,21.593361706969798,20000294
EDF-Periodic,8.605591460244932,4,0.3333333333333333,0.3931700982707552,0.6666666666666666,0.6666666666666667,0.846004094379234,0.19984535958936067,0.0,0.3333333333333333,20.933011423992888,20000295
EDF-Periodic,13.51104015570232,7,0.5833333333333334,0.5904005917498099,0.5833333333333334,0.41666666666666663,0.8826685438772056,0.2164433545621771,0.0,0.3333333333333333,21.6021707449538,20000296
EDF-Periodic,14.712412110134197,8,0.6666666666666666,0.5830695078846128,0.75,0.33333333333333337,0.8351628403931702,0.18101826554695533,0.0,0.3333333333333333,19.90366143877321,20000297
EDF-Periodic,12.056951985306252,6,0.5,0.5156258953499253,0.75,0.5,0.8584809209825061,0.20279976822874476,0.0,0.3333333333333333,20.473257548652924,20000298
EDF-Periodic,12.794763908103471,7,0.5833333333333334,0.5644161398765001,0.6666666666666666,0.41666666666666663,0.8547507475789371,0.18883444219839773,0.0,0.3333333333333333,21.355550963149106,20000299
EDF-Periodic,12.237824211998896,6,0.5,0.5983281600581524,0.5833333333333334,0.5,0.8755605008580751,0.23291875816176713,0.0,0.3333333333333333,20.94103067250152,20000300
EDF-Periodic,15.209611862808114,8,0.6666666666666666,0.6470455377911905,0.75,0.33333333333333337,0.8742892545512005,0.19152806330624164,0.0,0.3333333333333333,21.181564413189502,20000301
EDF-Periodic,13.528097909706776,7,0.5833333333333334,0.5737420965494386,0.5833333333333334,0.41666666666666663,0.8431475197073445,0.2063919891683528,0.0,0.3333333333333333,21.493421309811353,20000302
EDF-Periodic,13.774568003071632,7,0.5833333333333334,0.6706236882528721,0.6666666666666666,0.41666666666666663,0.8662391317185895,0.19984171988527022,0.0,0.3333333333333333,21.63148535072413,20000303
EDF-Periodic,19.339768129084625,10,0.8333333333333334,0.8443465305864349,0.8333333333333334,0.16666666666666663,0.9016774428997655,0.1639979991725211,0.0,0.3333333333333333,22.860875220649866,20000304
EDF-Periodic,18.973054566710612,10,0.8333333333333334,0.8309511865475614,0.8333333333333334,0.16666666666666663,0.8806615910185922,0.15240285623720595,0.0,0.3333333333333333,21.92489618677357,20000305
EDF-Periodic,13.533504219177276,7,0.5833333333333334,0.5599439452162591,0.75,0.41666666666666663,0.8563964670125749,0.1821224132743756,0.0,0.3333333333333333,22.27688765284274,20000306
EDF-Periodic,13.132917912983437,7,0.5833333333333334,0.6222279397982226,0.6666666666666666,0.41666666666666663,0.8389759107274379,0.22815186633198983,0.0,0.3333333333333333,21.45199490246804,20000307
EDF-Periodic,13.769966052104406,7,0.5833333333333334,0.5654703406094517,0.6666666666666666,0.41666666666666663,0.8886168108707685,0.21602153425586046,0.0,0.3333333333333333,22.874311436172235,20000308
EDF-Periodic,13.432164173319718,7,0.5833333333333334,0.5568769239902276,0.5833333333333334,0.41666666666666663,0.8909168467806952,0.2256698712420059,0.0,0.3333333333333333,21.85787980149744,20000309
EDF-Periodic,15.097619291544135,8,0.6666666666666666,0.6534873038780793,0.75,0.33333333333333337,0.8821424815524678,0.17736793304829404,0.0,0.3333333333333333,22.0147333657823,20000310
EDF-Periodic,11.356071935259587,6,0.5,0.5351047125054816,0.6666666666666666,0.5,0.8440058647212362,0.21787239500531286,0.0,0.3333333333333333,20.99176703478728,20000311
EDF-Periodic,13.717602060571455,7,0.5833333333333334,0.6665778411777269,0.6666666666666666,0.41666666666666663,0.8518167147406149,0.20923157222130562,0.0,0.3333333333333333,22.32886948920076,20000312
EDF-Periodic,8.540698642437185,4,0.3333333333333333,0.3647137071701637,0.6666666666666666,0.6666666666666667,0.8832709803819195,0.2207489127085318,0.0,0.3333333333333333,21.031608377571022,20000313
EDF-Periodic,13.504671918538572,7,0.5833333333333334,0.6628436371498581,0.6666666666666666,0.41666666666666663,0.855509888607633,0.2142341757128117,0.0,0.3333333333333333,21.687860033847663,20000314
EDF-Periodic,8.43036461060691,4,0.3333333333333333,0.410946089714688,0.6666666666666666,0.6666666666666667,0.870914189365308,0.23612873277984883,0.0,0.3333333333333333,21.64659197648605,20000315
EDF-Periodic,15.11822660132864,8,0.6666666666666666,0.5911399307665731,0.6666666666666666,0.33333333333333337,0.8629701500088262,0.22132379064035693,0.0,0.3333333333333333,21.418439070791088,20000316
EDF-Periodic,15.772515216991852,8,0.6666666666666666,0.6326104160078782,0.75,0.33333333333333337,0.8873346258499623,0.18580942258162592,0.0,0.3333333333333333,22.009445961442125,20000317
EDF-Periodic,9.900591583179324,5,0.4166666666666667,0.44055248783326906,0.5833333333333334,0.5833333333333333,0.8735625337632048,0.22958399678579453,0.0,0.3333333333333333,21.95131944948585,20000318
EDF-Periodic,8.117454720502808,4,0.3333333333333333,0.34746262313368315,0.5833333333333334,0.6666666666666667,0.8593539321892522,0.22884100380867056,0.0,0.3333333333333333,21.13873773743709,20000319
EDF-Periodic,13.471459191190899,7,0.5833333333333334,0.4901994925259238,0.6666666666666666,0.41666666666666663,0.8596571134959379,0.20071428041752296,0.0,0.3333333333333333,21.12686292149259,20000320
EDF-Periodic,19.07992815579743,10,0.8333333333333334,0.7603328025977458,0.8333333333333334,0.16666666666666663,0.8736551308614882,0.1548924459362735,0.0,0.3333333333333333,22.42861564930203,20000321
EDF-Periodic,13.589109484160863,7,0.5833333333333334,0.6425798617605624,0.5833333333333334,0.41666666666666663,0.8456498880936767,0.21309837403268164,0.0,0.3333333333333333,20.487570368981036,20000322
EDF-Periodic,8.989145822530965,4,0.3333333333333333,0.3784586709663024,0.6666666666666666,0.6666666666666667,0.8787314493061854,0.19968673751447122,0.0,0.3333333333333333,21.393494183615733,20000323
EDF-Periodic,14.24553877245878,7,0.5833333333333334,0.5805091966233288,0.6666666666666666,0.41666666666666663,0.9012903220183072,0.18855365188307135,0.0,0.3333333333333333,23.033151507615777,20000324
EDF-Periodic,14.17641824634536,7,0.5833333333333334,0.5334165468041078,0.8333333333333334,0.41666666666666663,0.8907993525076927,0.1793929065337476,0.0,0.3333333333333333,22.543324382757206,20000325
EDF-Periodic,11.697391875384723,6,0.5,0.43763117729787915,0.6666666666666666,0.5,0.8475517170313217,0.22032507635532275,0.0,0.3333333333333333,21.45736881918395,20000326
EDF-Periodic,15.268784428455064,8,0.6666666666666666,0.6494316470585567,0.6666666666666666,0.33333333333333337,0.8665009620793026,0.1794808243971074,0.0,0.3333333333333333,22.220175348079508,20000327
EDF-Periodic,15.622659760175097,8,0.6666666666666666,0.6115464647366382,0.75,0.33333333333333337,0.8852033838330903,0.1985705198286992,0.0,0.3333333333333333,21.90212533814365,20000328
EDF-Periodic,11.396148242771472,6,0.5,0.49662923536787007,0.5833333333333334,0.5,0.8513105204019727,0.22449121076373815,0.0,0.3333333333333333,21.6216116396442,20000329
EDF-Periodic,10.545729446469123,5,0.4166666666666667,0.5082637102054953,0.6666666666666666,0.5833333333333333,0.8486739601550585,0.19126084333429993,0.0,0.3333333333333333,20.81546988292667,20000330
EDF-Periodic,15.838611212622316,8,0.6666666666666666,0.6688406839690578,0.8333333333333334,0.33333333333333337,0.9197833594988211,0.19600083830940176,0.0,0.3333333333333333,22.63348697181887,20000331
EDF-Periodic,9.030373842337125,4,0.3333333333333333,0.4800177941804303,0.6666666666666666,0.6666666666666667,0.8607043069653261,0.19681985239763103,0.0,0.3333333333333333,21.144381485215007,20000332
EDF-Periodic,9.761860337205281,5,0.4166666666666667,0.46853940610842876,0.6666666666666666,0.5833333333333333,0.842912324752271,0.2081328885038135,0.0,0.3333333333333333,20.599212540132566,20000333
EDF-Periodic,11.725203809769347,6,0.5,0.4159662523264177,0.6666666666666666,0.5,0.8451776303075468,0.18740646971174513,0.0,0.3333333333333333,20.360556839902006,20000334
EDF-Periodic,11.742482407891462,6,0.5,0.5426623273564931,0.6666666666666666,0.5,0.8402344799388829,0.21248265243122536,0.0,0.3333333333333333,21.23241839261222,20000335
EDF-Periodic,6.243244138805353,3,0.25,0.27501434195167046,0.5833333333333334,0.75,0.8875205902528748,0.24138127678298882,0.0,0.3333333333333333,21.706938745929243,20000336
EDF-Periodic,11.482978823302236,6,0.5,0.3939973194913145,0.6666666666666666,0.5,0.8842963104588834,0.20183248319852876,0.0,0.3333333333333333,21.776903675959222,20000337
EDF-Periodic,18.00794844476974,9,0.75,0.7710693055330756,0.75,0.25,0.9018309721679351,0.16914195203517146,0.0,0.3333333333333333,23.338199889970205,20000338
EDF-Periodic,15.654607224949745,8,0.6666666666666666,0.6393619187984089,0.75,0.33333333333333337,0.8823570794060852,0.18459200776182616,0.0,0.3333333333333333,21.008565551148568,20000339
EDF-Periodic,10.856930708487406,6,0.5,0.4996729082863358,0.5833333333333334,0.5,0.8217827407342178,0.22412344387177105,0.0,0.3333333333333333,19.958490709665643,20000340
EDF-Periodic,17.384656881486535,9,0.75,0.7713917089731924,0.75,0.25,0.8912443480001082,0.20927323402469997,0.0,0.3333333333333333,22.366893084899345,20000341
EDF-Periodic,16.61508956458254,9,0.75,0.720441237788302,0.75,0.25,0.8693051688757935,0.19296529312114982,0.0,0.3333333333333333,22.060404279050218,20000342
EDF-Periodic,15.146812467770625,8,0.6666666666666666,0.554798600667037,0.6666666666666666,0.33333333333333337,0.8519901050554969,0.17303762999424802,0.0,0.3333333333333333,21.519390370346198,20000343
EDF-Periodic,11.221692339192085,6,0.5,0.5245032133171779,0.5833333333333334,0.5,0.8271229795543892,0.20734985940061082,0.0,0.3333333333333333,20.231225508834985,20000344
EDF-Periodic,10.18362705505536,5,0.4166666666666667,0.44745386209277627,0.5833333333333334,0.5833333333333333,0.8619631702621312,0.21815447942656296,0.0,0.3333333333333333,21.612321247356554,20000345
EDF-Periodic,11.551391332691427,6,0.5,0.4588817791145447,0.6666666666666666,0.5,0.8346469674787071,0.19952385900521566,0.0,0.3333333333333333,20.641998876066094,20000346
EDF-Periodic,14.160171396189373,7,0.5833333333333334,0.5777441019906667,0.75,0.41666666666666663,0.8927603658425767,0.1996348425224268,0.0,0.3333333333333333,22.027927550163607,20000347
EDF-Periodic,14.034711069717687,7,0.5833333333333334,0.5452699197454417,0.6666666666666666,0.41666666666666663,0.8924998805347184,0.20115955551636322,0.0,0.3333333333333333,21.216129408596302,20000348
EDF-Periodic,19.16226946778674,10,0.8333333333333334,0.8605140733676698,0.8333333333333334,0.16666666666666663,0.9069314847190348,0.16947940694498,0.0,0.3333333333333333,22.618259348584832,20000349
EDF-Periodic,11.587299180588696,6,0.5,0.5350465908791704,0.5833333333333334,0.5,0.8740389424717098,0.23253698492058242,0.0,0.3333333333333333,21.51239989953925,20000350
EDF-Periodic,12.387005745446402,6,0.5,0.5471350344308944,0.6666666666666666,0.5,0.8775626970265265,0.20433821922043102,0.0,0.3333333333333333,21.346424350515164,20000351
EDF-Periodic,10.64296297959064,5,0.4166666666666667,0.4892062642604647,0.75,0.5833333333333333,0.855908126759927,0.19690981674313104,0.0,0.3333333333333333,22.52867112231403,20000352
EDF-Periodic,8.676974022006585,4,0.3333333333333333,0.3440382765781285,0.6666666666666666,0.6666666666666667,0.8648515242245525,0.20542133744919563,0.0,0.3333333333333333,21.576337678689484,20000353
EDF-Periodic,14.874454008872943,8,0.6666666666666666,0.6332516776658648,0.6666666666666666,0.33333333333333337,0.8402487110413709,0.1857963734280869,0.0,0.3333333333333333,21.33560001679553,20000354
EDF-Periodic,16.85501565109852,9,0.75,0.7735564146127355,0.75,0.25,0.8717050910427195,0.1944449004367709,0.0,0.3333333333333333,20.799972163686007,20000355
EDF-Periodic,14.026085153727344,7,0.5833333333333334,0.5921657240902947,0.75,0.41666666666666663,0.8834998376922365,0.19657562276801754,0.0,0.3333333333333333,21.763853639196725,20000356
EDF-Periodic,13.059019378588697,7,0.5833333333333334,0.558734128082242,0.6666666666666666,0.41666666666666663,0.8511203873564557,0.21325791012051556,0.0,0.3333333333333333,20.02635185435083,20000357
EDF-Periodic,20.831521765235564,11,0.9166666666666666,0.9295829565302051,0.9166666666666666,0.08333333333333337,0.8780190274887517,0.15237938038756008,0.0,0.3333333333333333,23.91077167265776,20000358
EDF-Periodic,19.51978341128597,10,0.8333333333333334,0.7267707823621701,0.8333333333333334,0.16666666666666663,0.9167397939250982,0.1510513750369394,0.0,0.3333333333333333,23.223433746931736,20000359
EDF-Periodic,14.907517828321598,8,0.6666666666666666,0.7087645869434902,0.6666666666666666,0.33333333333333337,0.8334520371154918,0.1946158296470162,0.0,0.3333333333333333,21.143287941602875,20000360
EDF-Periodic,10.674053507254664,5,0.4166666666666667,0.42496445558476975,0.6666666666666666,0.5833333333333333,0.8693121221213599,0.19529755969471188,0.0,0.3333333333333333,21.530853753965506,20000361
EDF-Periodic,13.32634879111902,7,0.5833333333333334,0.6020973939816405,0.6666666666666666,0.41666666666666663,0.8561892789492075,0.22432349941974783,0.0,0.3333333333333333,21.088592913432006,20000362
EDF-Periodic,4.422894204289279,2,0.16666666666666666,0.20576987888169748,0.5833333333333334,0.8333333333333334,0.846058387953511,0.23342278249430637,0.0,0.3333333333333333,20.926149350830258,20000363
EDF-Periodic,13.351406780144751,7,0.5833333333333334,0.5294187879664941,0.6666666666666666,0.41666666666666663,0.8318529246277385,0.19890768725559296,0.0,0.3333333333333333,20.816392617379105,20000364
EDF-Periodic,9.23583068618941,5,0.4166666666666667,0.5053925346759635,0.5,0.5833333333333333,0.7981714113237816,0.23039868118218385,0.0,0.3333333333333333,19.018204353621957,20000365
EDF-Periodic,14.065601251618862,7,0.5833333333333334,0.5870418870848089,0.5833333333333334,0.41666666666666663,0.8778742116462515,0.2184268776300775,0.0,0.3333333333333333,22.6965031918384,20000366
EDF-Periodic,15.959637692461303,8,0.6666666666666666,0.6820751504717713,0.75,0.33333333333333337,0.8827022023750866,0.18696067793595605,0.0,0.3333333333333333,23.36274836654773,20000367
EDF-Periodic,16.877100664931895,9,0.75,0.749684364133728,0.75,0.25,0.8529321968357446,0.18811308366680932,0.0,0.3333333333333333,21.83980895363983,20000368
EDF-Periodic,11.41482807273415,6,0.5,0.4720795174442634,0.5833333333333334,0.5,0.8800404412096402,0.23058348612697402,0.0,0.3333333333333333,21.75629895143671,20000369
EDF-Periodic,14.555607566250265,8,0.6666666666666666,0.6459777997403082,0.6666666666666666,0.33333333333333337,0.8388552134951194,0.2003259259439294,0.0,0.3333333333333333,21.185837740445987,20000370
EDF-Periodic,15.061662428455639,8,0.6666666666666666,0.6253714614607077,0.6666666666666666,0.33333333333333337,0.8733616477652424,0.21122290215414807,0.0,0.3333333333333333,22.242353140676183,20000371
EDF-Periodic,6.371438528610822,3,0.25,0.298361637160826,0.5833333333333334,0.75,0.8435316299698853,0.23218166313204777,0.0,0.3333333333333333,20.851085247590873,20000372
EDF-Periodic,18.65849478229962,10,0.8333333333333334,0.7976215489797726,0.8333333333333334,0.16666666666666663,0.8747898792013628,0.1705937020441363,0.0,0.3333333333333333,21.339777553034864,20000373
EDF-Periodic,12.942881098248346,7,0.5833333333333334,0.5174573110459605,0.6666666666666666,0.41666666666666663,0.857452526486793,0.20176128096994841,0.0,0.3333333333333333,21.682743583967483,20000374
EDF-Periodic,14.728617657964904,7,0.5833333333333334,0.6170744662387267,0.75,0.41666666666666663,0.9067163726762959,0.18755912329707694,0.0,0.3333333333333333,22.80186493813625,20000375
EDF-Periodic,14.598267261605065,8,0.6666666666666666,0.6787030791511022,0.6666666666666666,0.33333333333333337,0.8267390225657757,0.19399250093115772,0.0,0.3333333333333333,21.112686869288613,20000376
EDF-Periodic,14.997490589083473,8,0.6666666666666666,0.572957204434074,0.75,0.33333333333333337,0.840619733454313,0.18045025757095692,0.0,0.3333333333333333,20.08219679929466,20000377
EDF-Periodic,14.243936890399423,7,0.5833333333333334,0.5954014565320249,0.75,0.41666666666666663,0.8641401108513742,0.1924109550440433,0.0,0.3333333333333333,21.82982062081731,20000378
EDF-Periodic,10.57187330675438,5,0.4166666666666667,0.46693593073945017,0.75,0.5833333333333333,0.8829898222473433,0.19586073011227598,0.0,0.3333333333333333,21.570862681575004,20000379
EDF-Periodic,17.31057192391408,9,0.75,0.7752352825810437,0.75,0.25,0.8950091397239418,0.2019904657106025,0.0,0.3333333333333333,22.57877356861493,20000380
EDF-Periodic,6.6661902362478305,3,0.25,0.31909156285923634,0.5833333333333334,0.75,0.8528766146371338,0.2297301639094623,0.0,0.3333333333333333,21.936799738087988,20000381
EDF-Periodic,20.54573371533031,11,0.9166666666666666,0.8247587964879989,0.9166666666666666,0.08333333333333337,0.9004932539368874,0.17208786094935813,0.0,0.3333333333333333,22.762713519409658,20000382
EDF-Periodic,16.63036360885044,9,0.75,0.6977924781209877,0.75,0.25,0.8575200676334619,0.2025696495696326,0.0,0.3333333333333333,21.842601285520658,20000383
EDF-Periodic,11.789945097118965,6,0.5,0.5228455425134448,0.5833333333333334,0.5,0.8688870472712266,0.19975374434174764,0.0,0.3333333333333333,21.680650970585617,20000384
EDF-Periodic,13.094686281887999,7,0.5833333333333334,0.5743296470600059,0.6666666666666666,0.41666666666666663,0.8482515851273087,0.1985269481198413,0.0,0.3333333333333333,21.501461593160066,20000385
EDF-Periodic,9.721823534129747,5,0.4166666666666667,0.42340292918961087,0.5833333333333334,0.5833333333333333,0.8443722314643375,0.2168888975145905,0.0,0.3333333333333333,20.843398191364845,20000386
EDF-Periodic,17.958892220549444,9,0.75,0.7941129814855552,0.75,0.25,0.8972857335586678,0.17799733405390059,0.0,0.3333333333333333,22.1562449805528,20000387
EDF-Periodic,18.759443452280767,10,0.8333333333333334,0.7580781877798212,0.8333333333333334,0.16666666666666663,0.895033747607353,0.16423658666482469,0.0,0.3333333333333333,22.460127511385856,20000388
EDF-Periodic,14.149163344339847,7,0.5833333333333334,0.5872279158724307,0.75,0.41666666666666663,0.9112955979765132,0.2064473527837569,0.0,0.3333333333333333,23.31705028872117,20000389
EDF-Periodic,17.684648815113526,9,0.75,0.7280131237449886,0.75,0.25,0.8980931466451146,0.1879039339556737,0.0,0.3333333333333333,22.71502255813516,20000390
EDF-Periodic,17.23833494815776,9,0.75,0.8292548585905299,0.75,0.25,0.8890561277627907,0.2140480076863219,0.0,0.3333333333333333,23.163854731263744,20000391
EDF-Periodic,17.32841941534636,9,0.75,0.6887282864904639,0.75,0.25,0.8900213708270499,0.17447862323174843,0.0,0.3333333333333333,22.997492207667086,20000392
EDF-Periodic,8.23715179953041,4,0.3333333333333333,0.38245303337004294,0.5833333333333334,0.6666666666666667,0.8603663741775679,0.23036856726227536,0.0,0.3333333333333333,20.634759334820806,20000393
EDF-Periodic,11.369431657320801,6,0.5,0.41818009159993963,0.5833333333333334,0.5,0.852247312063645,0.2112553293133604,0.0,0.3333333333333333,21.597257572477687,20000394
EDF-Periodic,17.09071373453439,9,0.75,0.6704672842704762,0.75,0.25,0.8837145402731542,0.1854394317221605,0.0,0.3333333333333333,22.891833561558926,20000395
EDF-Periodic,13.123697620967961,7,0.5833333333333334,0.6860780829386305,0.5833333333333334,0.41666666666666663,0.8291411036157829,0.20107273139033613,0.0,0.3333333333333333,19.911390978141213,20000396
EDF-Periodic,18.562275081281467,10,0.8333333333333334,0.7319835010529416,0.8333333333333334,0.16666666666666663,0.8860089939403263,0.16851925437184556,0.0,0.3333333333333333,23.36783231695946,20000397
EDF-Periodic,18.30500550915281,10,0.8333333333333334,0.7527770930585973,0.8333333333333334,0.16666666666666663,0.8836582170919041,0.17249448424612182,0.0,0.3333333333333333,22.11320834672845,20000398
EDF-Periodic,12.755713087292236,7,0.5833333333333334,0.5982468889878882,0.6666666666666666,0.41666666666666663,0.831980614421553,0.22005634899721427,0.0,0.3333333333333333,20.482264701858423,20000399
EDF-Periodic,13.485965848408314,7,0.5833333333333334,0.6161992734502933,0.75,0.41666666666666663,0.8504153703992672,0.19185860407725186,0.0,0.3333333333333333,21.380268709367584,20000400
EDF-Periodic,11.71771897490595,6,0.5,0.5027986199694028,0.5833333333333334,0.5,0.8498533055929354,0.2249172055910196,0.0,0.3333333333333333,22.365898739292987,20000401
EDF-Periodic,11.912104671863482,6,0.5,0.5161736550437604,0.5833333333333334,0.5,0.8405918986118056,0.2178895874830394,0.0,0.3333333333333333,21.17326007256449,20000402
EDF-Periodic,11.701875452781865,6,0.5,0.4236733725202319,0.6666666666666666,0.5,0.8584021551161021,0.21113521526399345,0.0,0.3333333333333333,21.512933984757503,20000403
EDF-Periodic,12.937056288551716,7,0.5833333333333334,0.6375105631064938,0.5833333333333334,0.41666666666666663,0.8368628679206358,0.2200381993786329,0.0,0.3333333333333333,20.824821150165747,20000404
EDF-Periodic,9.374273056702144,5,0.4166666666666667,0.4416010472035375,0.5,0.5833333333333333,0.8026157324015434,0.21673890590077818,0.0,0.3333333333333333,19.680780886560147,20000405
EDF-Periodic,13.469003512504655,7,0.5833333333333334,0.5545989984316994,0.6666666666666666,0.41666666666666663,0.8844515514867514,0.21248454096001798,0.0,0.3333333333333333,22.097278077755927,20000406
EDF-Periodic,16.164811072706748,8,0.6666666666666666,0.7416171222910746,0.75,0.33333333333333337,0.8931793201081967,0.20790418537003383,0.0,0.3333333333333333,23.06193668873149,20000407
EDF-Periodic,11.5543662297804,6,0.5,0.41995079660048085,0.75,0.5,0.8398911883178268,0.17799838445928284,0.0,0.3333333333333333,21.99129244917904,20000408
EDF-Periodic,8.363789354125876,4,0.3333333333333333,0.350818843947508,0.6666666666666666,0.6666666666666667,0.886376646059828,0.2280706552481205,0.0,0.3333333333333333,21.63772605082738,20000409
EDF-Periodic,17.36867102655757,9,0.75,0.784352009901502,0.75,0.25,0.8689875999242953,0.17793108947842104,0.0,0.3333333333333333,21.35666746317506,20000410
EDF-Periodic,12.199928653853513,6,0.5,0.5546830250220475,0.6666666666666666,0.5,0.8602968980238774,0.19587389950690573,0.0,0.3333333333333333,20.934840526955306,20000411
EDF-Periodic,13.194765375423245,7,0.5833333333333334,0.6339996840414708,0.5833333333333334,0.41666666666666663,0.8382905500486961,0.22157829907323942,0.0,0.3333333333333333,20.772526481200558,20000412
EDF-Periodic,15.23164070836309,8,0.6666666666666666,0.6920781514813247,0.75,0.33333333333333337,0.8434065001134465,0.19019237737318462,0.0,0.3333333333333333,21.331989368491218,20000413
EDF-Periodic,11.549538358061668,6,0.5,0.46118093765521334,0.6666666666666666,0.5,0.8585079853403892,0.2071080633710057,0.0,0.3333333333333333,20.837026454116977,20000414
EDF-Periodic,15.703862045881294,8,0.6666666666666666,0.746638448142474,0.6666666666666666,0.33333333333333337,0.8917922871815174,0.2140815985882348,0.0,0.3333333333333333,21.13255695458208,20000415
EDF-Periodic,11.366123544808698,6,0.5,0.45566726543776787,0.6666666666666666,0.5,0.8546961770072846,0.2049320054709913,0.0,0.3333333333333333,20.311101750884244,20000416
EDF-Periodic,11.804099177529274,6,0.5,0.5012181624390462,0.6666666666666666,0.5,0.8625326216222393,0.19631859907146657,0.0,0.3333333333333333,21.2305634522302,20000417
EDF-Periodic,18.975489102844595,10,0.8333333333333334,0.838394676366489,0.8333333333333334,0.16666666666666663,0.8847461622564848,0.1712765073409662,0.0,0.3333333333333333,23.713599469216597,20000418
EDF-Periodic,12.731338281964222,7,0.5833333333333334,0.5996502318602629,0.5833333333333334,0.41666666666666663,0.8333579600320649,0.233491277589397,0.0,0.3333333333333333,20.446922753006838,20000419
EDF-Periodic,19.1664981638921,10,0.8333333333333334,0.8108731532104773,0.8333333333333334,0.16666666666666663,0.8913604384834706,0.16794109754950523,0.0,0.3333333333333333,22.084767568503203,20000420
EDF-Periodic,13.066350621867766,7,0.5833333333333334,0.553192069356678,0.5833333333333334,0.41666666666666663,0.852649354084564,0.22434956284117805,0.0,0.3333333333333333,21.10096106670405,20000421
EDF-Periodic,17.096180573589134,9,0.75,0.6605554437374357,0.75,0.25,0.8580032558723024,0.16236052712746676,0.0,0.3333333333333333,22.575501908130136,20000422
EDF-Periodic,16.30654475817994,9,0.75,0.6360579832199457,0.75,0.25,0.8583821847839461,0.1632606933641447,0.0,0.3333333333333333,21.251916335334265,20000423
EDF-Periodic,13.439260524559394,7,0.5833333333333334,0.506645444464786,0.75,0.41666666666666663,0.8565270354845961,0.20386067394465943,0.0,0.3333333333333333,22.107144723142294,20000424
EDF-Periodic,10.007420124799026,5,0.4166666666666667,0.39260413702485203,0.6666666666666666,0.5833333333333333,0.849253968096804,0.20869586270191576,0.0,0.3333333333333333,21.436026257347784,20000425
EDF-Periodic,17.217280198552775,9,0.75,0.7049257338527423,0.75,0.25,0.892061015522672,0.19377717710820822,0.0,0.3333333333333333,21.185040625031796,20000426
EDF-Periodic,17.117463420949953,9,0.75,0.6671671072217922,0.75,0.25,0.8698634729734381,0.1706972946974162,0.0,0.3333333333333333,22.33950907857995,20000427
EDF-Periodic,16.086257593157395,8,0.6666666666666666,0.6456183441258058,0.75,0.33333333333333337,0.8962023745711448,0.17884055995049578,0.0,0.3333333333333333,22.115684540666727,20000428
EDF-Periodic,16.630036276964315,9,0.75,0.8049209922310382,0.75,0.25,0.8789432339903019,0.20172970573468527,0.0,0.3333333333333333,21.269666135439806,20000429
EDF-Periodic,16.7923392440423,9,0.75,0.7871902958679047,0.75,0.25,0.8829250675488801,0.19259891210110178,0.0,0.3333333333333333,21.1127331919303,20000430
EDF-Periodic,11.869565600789384,6,0.5,0.5190361265010781,0.6666666666666666,0.5,0.8559925807840446,0.2031855006719675,0.0,0.3333333333333333,20.194508210186736,20000431
EDF-Periodic,15.993620031263514,8,0.6666666666666666,0.6500745787048356,0.8333333333333334,0.33333333333333337,0.8972467763292742,0.18906402711553846,0.0,0.3333333333333333,23.434413696917396,20000432
EDF-Periodic,11.966797659590302,6,0.5,0.493598415326383,0.6666666666666666,0.5,0.8810404062327013,0.21609539333735603,0.0,0.3333333333333333,20.86502550432363,20000433
EDF-Periodic,15.16659570783487,8,0.6666666666666666,0.6834920776148982,0.6666666666666666,0.33333333333333337,0.8594104595004208,0.21131181407189015,0.0,0.3333333333333333,21.939157433347695,20000434
EDF-Periodic,15.830071969661091,8,0.6666666666666666,0.728477131224268,0.6666666666666666,0.33333333333333337,0.9052881464163477,0.19569108604902022,0.0,0.3333333333333333,22.584143620677555,20000435
EDF-Periodic,19.494994194527237,10,0.8333333333333334,0.8301642378986454,0.8333333333333334,0.16666666666666663,0.9053510631182013,0.17317654477713204,0.0,0.3333333333333333,22.821534120783596,20000436
EDF-Periodic,10.416945067429719,5,0.4166666666666667,0.44823501196364046,0.75,0.5833333333333333,0.8844358041248105,0.2090856120266528,0.0,0.3333333333333333,21.433557248421643,20000437
EDF-Periodic,12.190577770366566,7,0.5833333333333334,0.4937738227896144,0.5833333333333334,0.41666666666666663,0.8043713347075073,0.19440287389218577,0.0,0.3333333333333333,19.557320348620134,20000438
EDF-Periodic,9.919255699264403,5,0.4166666666666667,0.40512958952370265,0.5833333333333334,0.5833333333333333,0.8494083693655154,0.2254267148661194,0.0,0.3333333333333333,20.578575995364307,20000439
EDF-Periodic,16.43769509839036,9,0.75,0.6051829383398557,0.8333333333333334,0.25,0.8716530088971699,0.16242480085473265,0.0,0.3333333333333333,22.52762831307718,20000440
EDF-Periodic,10.858076483253367,6,0.5,0.5017205398578664,0.5833333333333334,0.5,0.8041462180224199,0.23450180756576278,0.0,0.3333333333333333,20.267573248254067,20000441
EDF-Periodic,18.822566454975426,10,0.8333333333333334,0.7337190744667499,0.8333333333333334,0.16666666666666663,0.8927896047941989,0.16446134720104164,0.0,0.3333333333333333,22.53581160522044,20000442
EDF-Periodic,13.783960981074713,7,0.5833333333333334,0.5680857899837948,0.6666666666666666,0.41666666666666663,0.8923127149237998,0.2151404261339053,0.0,0.3333333333333333,22.739479764681075,20000443
EDF-Periodic,9.640503099226706,5,0.4166666666666667,0.3791440073111821,0.5833333333333334,0.5833333333333333,0.8454291123270661,0.19439557740660174,0.0,0.3333333333333333,20.311216441437278,20000444
EDF-Periodic,10.32435151089858,5,0.4166666666666667,0.43997339462978696,0.6666666666666666,0.5833333333333333,0.8532674229445832,0.20253528776926313,0.0,0.3333333333333333,20.854815425330543,20000445
EDF-Periodic,10.540943805091583,5,0.4166666666666667,0.38435072868932996,0.6666666666666666,0.5833333333333333,0.8929979324020617,0.19188903537048918,0.0,0.3333333333333333,22.77118097202546,20000446
EDF-Periodic,8.202105861028496,4,0.3333333333333333,0.3097250527656297,0.5833333333333334,0.6666666666666667,0.8731278126383014,0.2266817721938094,0.0,0.3333333333333333,22.345946740037455,20000447
EDF-Periodic,15.2236304477585,8,0.6666666666666666,0.6746024906660166,0.6666666666666666,0.33333333333333337,0.8885195845183192,0.21104123591242438,0.0,0.3333333333333333,21.432455612626153,20000448
EDF-Periodic,15.629993305440168,8,0.6666666666666666,0.6293440475905803,0.75,0.33333333333333337,0.863881288473709,0.16890829936649077,0.0,0.3333333333333333,20.6161375030185,20000449
EDF-Periodic,15.246773629466924,8,0.6666666666666666,0.5606010202257347,0.6666666666666666,0.33333333333333337,0.8976636091129692,0.2111333672407578,0.0,0.3333333333333333,22.997586076093228,20000450
EDF-Periodic,13.931604605140295,7,0.5833333333333334,0.5596559797448016,0.75,0.41666666666666663,0.8747759249661297,0.18368303110707992,0.0,0.3333333333333333,21.60033406473776,20000451
EDF-Periodic,13.995320023584183,7,0.5833333333333334,0.5319766505703135,0.6666666666666666,0.41666666666666663,0.8860855939052282,0.21137688515715766,0.0,0.3333333333333333,21.41669447555328,20000452
EDF-Periodic,6.826038518493066,4,0.3333333333333333,0.4042047775378798,0.4166666666666667,0.6666666666666667,0.8098366021758215,0.26565226804573644,0.0,0.3333333333333333,19.268227477848132,20000453
EDF-Periodic,5.7381677396625985,3,0.25,0.3304775017688371,0.5,0.75,0.8447750414922988,0.24488177260947785,0.0,0.3333333333333333,20.62761274603683,20000454
EDF-Periodic,13.739641776170469,7,0.5833333333333334,0.638259898511469,0.6666666666666666,0.41666666666666663,0.8723881095884026,0.20437388445847074,0.0,0.3333333333333333,21.128012488026396,20000455
EDF-Periodic,14.875539421116937,8,0.6666666666666666,0.6766167846828537,0.6666666666666666,0.33333333333333337,0.8635626933783597,0.2023448938938345,0.0,0.3333333333333333,20.742127257685187,20000456
EDF-Periodic,9.80591420410417,5,0.4166666666666667,0.397654720627177,0.5833333333333334,0.5833333333333333,0.8392438079269939,0.21392820530312087,0.0,0.3333333333333333,20.306775746021295,20000457
EDF-Periodic,6.320064097407363,3,0.25,0.3109449943305141,0.5833333333333334,0.75,0.855432273077995,0.2533160467996763,0.0,0.3333333333333333,20.657039162149776,20000458
EDF-Periodic,17.263563191796752,9,0.75,0.7044890681446524,0.75,0.25,0.911253090599958,0.19786322149708055,0.0,0.3333333333333333,22.771802486504452,20000459
EDF-Periodic,19.451611432886832,10,0.8333333333333334,0.7664323703348803,0.8333333333333334,0.16666666666666663,0.9073111054675169,0.16237766323802788,0.0,0.3333333333333333,23.8304556531621,20000460
EDF-Periodic,8.302521645765449,4,0.3333333333333333,0.3360473107823956,0.5833333333333334,0.6666666666666667,0.9014234150069601,0.22756042504617768,0.0,0.3333333333333333,21.698020589734636,20000461
EDF-Periodic,17.33187740003612,9,0.75,0.7754834562920152,0.75,0.25,0.8971396254943231,0.1994888940591882,0.0,0.3333333333333333,21.62380940306759,20000462
EDF-Periodic,17.700979420693628,9,0.75,0.6576976165059198,0.75,0.25,0.8898223974746081,0.18071699280621664,0.0,0.3333333333333333,22.589513081312155,20000463
EDF-Periodic,13.723541798211658,7,0.5833333333333334,0.6283953782123162,0.6666666666666666,0.41666666666666663,0.8485887101758528,0.19413059443971178,0.0,0.3333333333333333,22.51220933534755,20000464
EDF-Periodic,15.383838224230583,8,0.6666666666666666,0.7064029553252781,0.6666666666666666,0.33333333333333337,0.8718516392750938,0.19134388634390195,0.0,0.3333333333333333,22.421224458657058,20000465
EDF-Periodic,8.078026101500226,4,0.3333333333333333,0.35538686770191225,0.5833333333333334,0.6666666666666667,0.8182647446271402,0.20382352050852534,0.0,0.3333333333333333,19.832834897768066,20000466
EDF-Periodic,10.415442074192844,5,0.4166666666666667,0.36822054624680944,0.75,0.5833333333333333,0.851754424256256,0.15525417837331157,0.0,0.3333333333333333,21.58716423318815,20000467
EDF-Periodic,18.24398675273924,10,0.8333333333333334,0.757311655821267,0.8333333333333334,0.16666666666666663,0.8471196854498908,0.19185520962436833,0.0,0.3333333333333333,21.98814449302042,20000468
EDF-Periodic,13.119304091457614,7,0.5833333333333334,0.5437105505577261,0.6666666666666666,0.41666666666666663,0.8421217902608781,0.19996199646742072,0.0,0.3333333333333333,20.587317641158496,20000469
EDF-Periodic,16.57454905984214,9,0.75,0.7913659080167297,0.75,0.25,0.8575170071970567,0.1875327671884828,0.0,0.3333333333333333,22.46959319367895,20000470
EDF-Periodic,17.694314540822113,9,0.75,0.7315228740022885,0.75,0.25,0.9062782245613543,0.19350199225039008,0.0,0.3333333333333333,22.87317151218152,20000471
EDF-Periodic,13.725252124096691,7,0.5833333333333334,0.5718033916749699,0.6666666666666666,0.41666666666666663,0.8638121718415537,0.18979641679272632,0.0,0.3333333333333333,20.159623743270632,20000472
EDF-Periodic,15.312946690023384,8,0.6666666666666666,0.5877245660651064,0.75,0.33333333333333337,0.8857288552944267,0.17917412232736418,0.0,0.3333333333333333,21.60641377314501,20000473
EDF-Periodic,13.793373893877307,7,0.5833333333333334,0.5652578713059533,0.6666666666666666,0.41666666666666663,0.8815629729202111,0.2015834697773474,0.0,0.3333333333333333,22.209106240401816,20000474
EDF-Periodic,12.329541911300417,6,0.5,0.509009805333872,0.6666666666666666,0.5,0.8928943617540089,0.20244247961996506,0.0,0.3333333333333333,22.067998995720753,20000475
EDF-Periodic,15.113630608095397,8,0.6666666666666666,0.7090978397716795,0.75,0.33333333333333337,0.839552142480151,0.19212594943381908,0.0,0.3333333333333333,21.373172128630646,20000476
EDF-Periodic,13.616809420425636,7,0.5833333333333334,0.6505653740272994,0.5833333333333334,0.41666666666666663,0.8565014509541765,0.20399452443439894,0.0,0.3333333333333333,20.652998157437,20000477
EDF-Periodic,13.715406717839368,7,0.5833333333333334,0.542069510901533,0.6666666666666666,0.41666666666666663,0.8790846677106542,0.20835014870441512,0.0,0.3333333333333333,22.613046294094158,20000478
EDF-Periodic,10.00981367448002,5,0.4166666666666667,0.38011260492182,0.6666666666666666,0.5833333333333333,0.8554260573625676,0.19997039463779245,0.0,0.3333333333333333,19.975817109462128,20000479
EDF-Periodic,17.73302371022394,9,0.75,0.65468041776416,0.75,0.25,0.9120640090791952,0.19674491636954802,0.0,0.3333333333333333,22.13677904339745,20000480
EDF-Periodic,17.28344693700745,9,0.75,0.7252193352255326,0.75,0.25,0.875158335448411,0.15719982225659004,0.0,0.3333333333333333,21.687088063667087,20000481
EDF-Periodic,9.80229031180498,5,0.4166666666666667,0.40662714811148776,0.5833333333333334,0.5833333333333333,0.8561269130111425,0.22698421737405086,0.0,0.3333333333333333,22.00888905904064,20000482
EDF-Periodic,17.492274587326047,9,0.75,0.6863095583142139,0.75,0.25,0.8916710793367356,0.15430939094382864,0.0,0.3333333333333333,22.406758337238987,20000483
EDF-Periodic,11.722768082695197,6,0.5,0.4712735882671118,0.6666666666666666,0.5,0.8487428042146948,0.2223213465016737,0.0,0.3333333333333333,22.177480527746717,20000484
EDF-Periodic,14.552121072892017,8,0.6666666666666666,0.5852097652423386,0.6666666666666666,0.33333333333333337,0.8272114567117853,0.19407354543745178,0.0,0.3333333333333333,21.1674394752167,20000485
EDF-Periodic,14.865408732948596,8,0.6666666666666666,0.6462697428277475,0.6666666666666666,0.33333333333333337,0.8632222906645439,0.20484385691435478,0.0,0.3333333333333333,21.625920547600703,20000486
EDF-Periodic,12.063703311836681,6,0.5,0.4902934675768159,0.6666666666666666,0.5,0.870703865113955,0.19711577198550492,0.0,0.3333333333333333,21.555759086341485,20000487
EDF-Periodic,12.315963858746283,6,0.5,0.5281342508775182,0.6666666666666666,0.5,0.862192280964268,0.19922618847296014,0.0,0.3333333333333333,21.715428963032622,20000488
EDF-Periodic,13.176695528860208,7,0.5833333333333334,0.5666566836027362,0.5833333333333334,0.41666666666666663,0.8616735076039118,0.2072286678452119,0.0,0.3333333333333333,20.815948226287503,20000489
EDF-Periodic,11.330485154098449,6,0.5,0.5217719022872419,0.6666666666666666,0.5,0.8540783801409623,0.22459429560087749,0.0,0.3333333333333333,20.37037614116712,20000490
EDF-Periodic,14.779600598995112,8,0.6666666666666666,0.5513131511142672,0.6666666666666666,0.33333333333333337,0.85479550858305,0.20133732283469416,0.0,0.3333333333333333,21.530683644334577,20000491
EDF-Periodic,15.282113763443316,8,0.6666666666666666,0.7407381514663406,0.6666666666666666,0.33333333333333337,0.8691591453633869,0.22525502874035452,0.0,0.3333333333333333,21.157706299424024,20000492
EDF-Periodic,9.923545300928161,5,0.4166666666666667,0.4497388796413579,0.6666666666666666,0.5833333333333333,0.8461834573012089,0.2231089674340939,0.0,0.3333333333333333,20.899228560128286,20000493
EDF-Periodic,15.3857469092667,8,0.6666666666666666,0.6127358842365211,0.75,0.33333333333333337,0.8832431391277872,0.18358911867112226,0.0,0.3333333333333333,21.274952815428843,20000494
EDF-Periodic,15.017785342407,8,0.6666666666666666,0.630428516435735,0.6666666666666666,0.33333333333333337,0.8407718682579124,0.1998412584164914,0.0,0.3333333333333333,21.554253786122974,20000495
EDF-Periodic,17.82713917901347,9,0.75,0.652113743572076,0.8333333333333334,0.25,0.9074483666771124,0.14920752591564448,0.0,0.3333333333333333,22.788897697286206,20000496
EDF-Periodic,16.423027173498316,9,0.75,0.6498629734628306,0.75,0.25,0.8504357158339877,0.1823238402035224,0.0,0.3333333333333333,21.2732375070849,20000497
EDF-Periodic,11.464314656303957,6,0.5,0.41993201645907247,0.6666666666666666,0.5,0.848126092681202,0.19529413751809466,0.0,0.3333333333333333,22.012056541026684,20000498
EDF-Periodic,9.405921295445088,5,0.4166666666666667,0.46234038458688387,0.5833333333333334,0.5833333333333333,0.8275299297296813,0.22617123362547242,0.0,0.3333333333333333,20.155656421986908,20000499
EDF-Threshold,17.168972485074445,9,0.75,0.8236134876950838,0.75,0.25,0.8729461845602824,0.22782834935740734,0.0,0.3125,23.89376450867862,20000000
EDF-Threshold,13.59662056358405,7,0.5833333333333334,0.6363648418966075,0.6666666666666666,0.41666666666666663,0.8784196486168087,0.21653465658030044,0.0,0.2916666666666667,22.839198319738696,20000001
EDF-Threshold,14.711060747571082,8,0.6666666666666666,0.5812218443470323,0.75,0.33333333333333337,0.9038786441267472,0.23472907275864655,0.0,0.2708333333333333,24.02279409151283,20000002
EDF-Threshold,16.515006907038057,9,0.75,0.7383472111656727,0.75,0.25,0.8509150409549923,0.20944983894001035,0.0,0.2916666666666667,22.737126429062293,20000003
EDF-Threshold,18.59377484436098,10,0.8333333333333334,0.82679217718853,0.8333333333333334,0.16666666666666663,0.8279672965664542,0.18677537505318412,0.0,0.2916666666666667,23.078439995860386,20000004
EDF-Threshold,15.662291365188283,9,0.75,0.6661054169170676,0.75,0.25,0.8312472523461422,0.24742868889246297,0.0,0.25,22.732369774563832,20000005
EDF-Threshold,9.461743857883398,5,0.4166666666666667,0.4398664987540353,0.5833333333333334,0.5833333333333333,0.8413175032637943,0.24165145415781744,0.0,0.2916666666666667,21.583147733648993,20000006
EDF-Threshold,10.234668344111313,5,0.4166666666666667,0.5005607668355349,0.5833333333333334,0.5833333333333333,0.8597011030818003,0.21223226445525342,0.0,0.375,20.37393384348727,20000007
EDF-Threshold,7.998778057827695,4,0.3333333333333333,0.36056501362494786,0.5833333333333334,0.6666666666666667,0.8191608582386642,0.2161860030191909,0.0,0.3541666666666667,20.423214108218954,20000008
EDF-Threshold,11.390975498994928,6,0.5,0.4846147811749168,0.75,0.5,0.8362925681163373,0.2163146258980385,0.0,0.2916666666666667,21.112023282357974,20000009
EDF-Threshold,14.509240003517467,8,0.6666666666666666,0.575908041821078,0.6666666666666666,0.33333333333333337,0.8258788875132392,0.20162605978887135,0.0,0.2916666666666667,21.314303084920322,20000010
EDF-Threshold,18.02537843518414,10,0.8333333333333334,0.873594930669756,0.8333333333333334,0.16666666666666663,0.8434289276362906,0.22698558967884597,0.0,0.2708333333333333,23.216460129273987,20000011
EDF-Threshold,11.248651118506041,6,0.5,0.49831388017641126,0.75,0.5,0.8677670135085246,0.23692144060599304,0.0,0.3125,22.007389809443712,20000012
EDF-Threshold,12.18225776761364,6,0.5,0.5367224505900258,0.6666666666666666,0.5,0.856499769238809,0.19537432089138332,0.0,0.3541666666666667,20.958069183339724,20000013
EDF-Threshold,9.825183266918618,5,0.4166666666666667,0.41262975859793133,0.75,0.5833333333333333,0.843581540923059,0.2241978321340383,0.0,0.2916666666666667,22.72477343518183,20000014
EDF-Threshold,19.06623350170156,10,0.8333333333333334,0.7904297276102032,0.8333333333333334,0.16666666666666663,0.9115033385142323,0.22899797544955247,0.0,0.2916666666666667,25.091496150321884,20000015
EDF-Threshold,14.542991684509905,8,0.6666666666666666,0.5964252977010891,0.75,0.33333333333333337,0.8341799420674194,0.19984708922511862,0.0,0.3125,20.89116945847133,20000016
EDF-Threshold,11.579567066885641,6,0.5,0.5956251240795979,0.6666666666666666,0.5,0.838363383789363,0.20767098874766254,0.0,0.3125,21.326956348664588,20000017
EDF-Threshold,11.579430334832518,6,0.5,0.4916403672968872,0.5833333333333334,0.5,0.8781870623589176,0.2377374781167246,0.0,0.3333333333333333,21.91624441433806,20000018
EDF-Threshold,16.587758549274383,9,0.75,0.6176553370937907,0.8333333333333334,0.25,0.8882032689512213,0.20825633070660746,0.0,0.2916666666666667,23.179024303384317,20000019
EDF-Threshold,13.073924149236413,7,0.5833333333333334,0.6262175837192209,0.6666666666666666,0.41666666666666663,0.8448608761512179,0.2316480337539759,0.0,0.2916666666666667,21.797376152710648,20000020
EDF-Threshold,15.754110611406812,9,0.75,0.7184121853642539,0.75,0.25,0.833636684001898,0.20872719308872323,0.0,0.25,22.52092762609008,20000021
EDF-Threshold,7.861997556551096,4,0.3333333333333333,0.397967174974404,0.5833333333333334,0.6666666666666667,0.82280072855101,0.2099815066096445,0.0,0.3333333333333333,20.716362351150188,20000022
EDF-Threshold,16.50609139369467,9,0.75,0.6890459849436612,0.75,0.25,0.850235643085474,0.22143954517674236,0.0,0.3125,21.738671218668934,20000023
EDF-Threshold,16.623743230246788,9,0.75,0.7185850339755308,0.75,0.25,0.8989134132378275,0.23114711466440238,0.0,0.2708333333333333,24.477494641573383,20000024
EDF-Threshold,10.937832617253823,6,0.5,0.48643728613738946,0.5833333333333334,0.5,0.8459740644899707,0.2354114743780762,0.0,0.3125,21.64731156727103,20000025
EDF-Threshold,13.649039703276246,7,0.5833333333333334,0.6271582411005805,0.8333333333333334,0.41666666666666663,0.8657079240124267,0.21403908522493229,0.0,0.2916666666666667,23.333476844945185,20000026
EDF-Threshold,18.4610563713042,10,0.8333333333333334,0.778703669844218,0.8333333333333334,0.16666666666666663,0.8564121330917271,0.20323748014602647,0.0,0.2708333333333333,24.367427164470584,20000027
EDF-Threshold,17.871916468994442,10,0.8333333333333334,0.8387719132270078,0.8333333333333334,0.16666666666666663,0.8364698843169899,0.22620004105604577,0.0,0.22916666666666666,24.47934003349973,20000028
EDF-Threshold,14.188197627133272,8,0.6666666666666666,0.6484709970123765,0.75,0.33333333333333337,0.811172547418915,0.20463426550904018,0.0,0.2916666666666667,21.959376831836984,20000029
EDF-Threshold,7.8242919959773705,4,0.3333333333333333,0.3442519934873874,0.5,0.6666666666666667,0.8188143777709788,0.2109451892222287,0.0,0.375,18.95445581025316,20000030
EDF-Threshold,14.916766159665626,8,0.6666666666666666,0.6406007485460516,0.6666666666666666,0.33333333333333337,0.8494728672797424,0.2136939720363172,0.0,0.3125,21.940360758691625,20000031
EDF-Threshold,16.178341177719236,9,0.75,0.6674221079844181,0.75,0.25,0.8715721161207828,0.22765438052522557,0.0,0.2916666666666667,22.507238225748328,20000032
EDF-Threshold,14.848471930911174,8,0.6666666666666666,0.5540416792994556,0.75,0.33333333333333337,0.8765620901723419,0.22243170309099058,0.0,0.2916666666666667,22.671622476692896,20000033
EDF-Threshold,12.867932171202888,7,0.5833333333333334,0.5936669964789762,0.6666666666666666,0.41666666666666663,0.8249289409816578,0.2223886338468526,0.0,0.3125,21.363590639148004,20000034
EDF-Threshold,12.297932421045786,7,0.5833333333333334,0.6122181568250484,0.6666666666666666,0.41666666666666663,0.8179333204590439,0.2532671141765377,0.0,0.2916666666666667,21.79123578850877,20000035
EDF-Threshold,19.64041263241572,11,0.9166666666666666,0.8431233532732969,0.9166666666666666,0.08333333333333337,0.8423967194462477,0.18363090754289413,0.0,0.25,23.307373653809332,20000036
EDF-Threshold,16.864690657161447,9,0.75,0.7296314465076025,0.75,0.25,0.8784622684481431,0.2488996719380381,0.0,0.2708333333333333,24.091218160043525,20000037
EDF-Threshold,15.69390784012251,8,0.6666666666666666,0.7449371133274786,0.75,0.33333333333333337,0.8587898353810054,0.20137348415452136,0.0,0.3125,22.446204262607495,20000038
EDF-Threshold,16.679432922269402,9,0.75,0.7104035679926417,0.75,0.25,0.8502047429113647,0.22361202067610786,0.0,0.2708333333333333,23.05929704641316,20000039
EDF-Threshold,8.51660074110604,4,0.3333333333333333,0.3661337609300615,0.5833333333333334,0.6666666666666667,0.8542290805591103,0.2115819748577,0.0,0.3333333333333333,21.258436631370444,20000040
EDF-Threshold,13.563917522444042,7,0.5833333333333334,0.5910678503048732,0.6666666666666666,0.41666666666666663,0.8906125974009322,0.221383825066889,0.0,0.3125,23.463436897455967,20000041
EDF-Threshold,15.704716372481041,9,0.75,0.7526260544799875,0.75,0.25,0.8428164797790361,0.26393776444223693,0.0,0.22916666666666666,24.19957916939938,20000042
EDF-Threshold,16.550940416919868,9,0.75,0.7401999304266327,0.75,0.25,0.8464653182557034,0.20417816278440581,0.0,0.2916666666666667,21.91475262262512,20000043
EDF-Threshold,12.339774323283182,7,0.5833333333333334,0.5943815818673922,0.6666666666666666,0.41666666666666663,0.8283891718671553,0.26225399963887086,0.0,0.25,21.88494549285101,20000044
EDF-Threshold,13.672528560026999,7,0.5833333333333334,0.5443274502821023,0.6666666666666666,0.41666666666666663,0.8448580089472529,0.20092647457059254,0.0,0.3541666666666667,21.782066640773948,20000045
EDF-Threshold,7.428441734179188,4,0.3333333333333333,0.3678407924871709,0.5,0.6666666666666667,0.8331861634344021,0.22620610497923985,0.0,0.375,18.548955959470184,20000046
EDF-Threshold,17.500380693978233,10,0.8333333333333334,0.7331135867520278,0.8333333333333334,0.16666666666666663,0.8302425705760642,0.19324214261455355,0.0,0.25,23.64692530499668,20000047
EDF-Threshold,9.601987061606648,5,0.4166666666666667,0.4064294001126873,0.6666666666666666,0.5833333333333333,0.8319536904008364,0.21415951381871848,0.0,0.3125,21.861344425006017,20000048
EDF-Threshold,11.645329245481228,6,0.5,0.45169668724591455,0.75,0.5,0.8511333838939557,0.18786116097750946,0.0,0.3125,22.22028945591796,20000049
EDF-Threshold,11.330883424745448,6,0.5,0.47488893370636415,0.6666666666666666,0.5,0.8466687045952034,0.2060549185082322,0.0,0.2916666666666667,22.032455699857397,20000050
EDF-Threshold,10.348434216707716,5,0.4166666666666667,0.48968931313574154,0.6666666666666666,0.5833333333333333,0.8654225169293257,0.21564035837639273,0.0,0.2916666666666667,23.2148360186774,20000051
EDF-Threshold,13.71834824505619,7,0.5833333333333334,0.5784001511930669,0.75,0.41666666666666663,0.8687650165786639,0.21638518110279278,0.0,0.3333333333333333,22.450607353760255,20000052
EDF-Threshold,16.215710060534445,9,0.75,0.6928591825172427,0.8333333333333334,0.25,0.8534464653000668,0.23834074009998707,0.0,0.25,23.902278670946753,20000053
EDF-Threshold,16.790583453411056,9,0.75,0.8140136285760645,0.75,0.25,0.8525887491935422,0.23445126377601153,0.0,0.25,24.400231105977554,20000054
EDF-Threshold,11.519808048631146,6,0.5,0.4266934555460394,0.6666666666666666,0.5,0.8755956678388066,0.19908166305448796,0.0,0.375,20.80519285465038,20000055
EDF-Threshold,14.406273011518962,8,0.6666666666666666,0.5866155058897298,0.75,0.33333333333333337,0.8430929156650336,0.2111609870015083,0.0,0.2708333333333333,22.67910213048858,20000056
EDF-Threshold,10.149626198258606,5,0.4166666666666667,0.49936959831448424,0.5,0.5833333333333333,0.8489418519512282,0.22652763893186986,0.0,0.375,20.74779021664763,20000057
EDF-Threshold,13.049132641580266,7,0.5833333333333334,0.547061347220942,0.75,0.41666666666666663,0.8283000865240574,0.20802771584886873,0.0,0.2916666666666667,22.27451224323664,20000058
EDF-Threshold,14.979547224913297,8,0.6666666666666666,0.6694482335447427,0.6666666666666666,0.33333333333333337,0.8503778038160696,0.24959733236350937,0.0,0.2916666666666667,23.349554217447476,20000059
EDF-Threshold,17.09969544524518,9,0.75,0.7716345073654728,0.75,0.25,0.8828487706589989,0.22238557723185629,0.0,0.2916666666666667,22.48537582442609,20000060
EDF-Threshold,13.39169699476463,7,0.5833333333333334,0.5558099472818554,0.5833333333333334,0.41666666666666663,0.8669523192465686,0.21286959201263192,0.0,0.3541666666666667,21.701390083122284,20000061
EDF-Threshold,15.350667888566573,8,0.6666666666666666,0.6489986630873352,0.6666666666666666,0.33333333333333337,0.8885959645673133,0.2355180794261401,0.0,0.3125,22.19697421293259,20000062
EDF-Threshold,9.827353655301211,5,0.4166666666666667,0.4219255275133923,0.5833333333333334,0.5833333333333333,0.8393076891644303,0.20776653990595348,0.0,0.3541666666666667,19.6206189761935,20000063
EDF-Threshold,19.141152008065827,10,0.8333333333333334,0.8425083318908804,0.8333333333333334,0.16666666666666663,0.8672284600303662,0.19564421896760384,0.0,0.2708333333333333,23.930319489880773,20000064
EDF-Threshold,10.64752115065735,6,0.5,0.467041322714756,0.5833333333333334,0.5,0.8450388940704711,0.23648178384194898,0.0,0.3541666666666667,20.059983978158456,20000065
EDF-Threshold,14.654424226699577,8,0.6666666666666666,0.619035167839742,0.6666666666666666,0.33333333333333337,0.8812793417721498,0.2372685942433892,0.0,0.2916666666666667,23.2792347390411,20000066
EDF-Threshold,16.800339563947656,9,0.75,0.8341607312764548,0.75,0.25,0.8759552779274152,0.25353905981792496,0.0,0.2708333333333333,24.078019465608854,20000067
EDF-Threshold,9.655365208963325,5,0.4166666666666667,0.43008568314293805,0.6666666666666666,0.5833333333333333,0.8358282258470103,0.24329900560278514,0.0,0.2708333333333333,22.38031385664587,20000068
EDF-Threshold,18.03331334598206,10,0.8333333333333334,0.7580147344064616,0.8333333333333334,0.16666666666666663,0.901845803080839,0.23020399092032204,0.0,0.2708333333333333,24.442955596265044,20000069
EDF-Threshold,13.862916502651677,7,0.5833333333333334,0.6433821143354106,0.6666666666666666,0.41666666666666663,0.8833868544767004,0.2215947192089122,0.0,0.2916666666666667,23.41449685166459,20000070
EDF-Threshold,11.15688363789965,6,0.5,0.45367974884389584,0.6666666666666666,0.5,0.8383776991396319,0.2272658361168619,0.0,0.3125,21.618010584385026,20000071
EDF-Threshold,18.705029599885748,10,0.8333333333333334,0.7793681933544311,0.8333333333333334,0.16666666666666663,0.848950972034897,0.1805244358001549,0.0,0.3125,22.55292358928427,20000072
EDF-Threshold,11.326958596431744,6,0.5,0.4503799575346913,0.6666666666666666,0.5,0.8452917817225742,0.2005102160374227,0.0,0.3333333333333333,21.573900600194477,20000073
EDF-Threshold,12.894243764764624,7,0.5833333333333334,0.44631332935900836,0.75,0.41666666666666663,0.8363619993731183,0.2041131067135368,0.0,0.2916666666666667,22.420175609737814,20000074
EDF-Threshold,8.195590729139155,4,0.3333333333333333,0.3551216219570952,0.6666666666666666,0.6666666666666667,0.8498256196983413,0.24549355070526194,0.0,0.2708333333333333,23.324359500784134,20000075
EDF-Threshold,5.746085351763554,3,0.25,0.29095120086711146,0.5,0.75,0.8325556230500331,0.23783815879072545,0.0,0.3541666666666667,19.051255757144904,20000076
EDF-Threshold,18.53105217514742,10,0.8333333333333334,0.7658975108473918,0.8333333333333334,0.16666666666666663,0.8804637492533632,0.2054877519558024,0.0,0.2916666666666667,23.42586729085376,20000077
EDF-Threshold,16.306517675682333,9,0.75,0.7000755667575339,0.75,0.25,0.8219413625795088,0.2003890901476518,0.0,0.2708333333333333,23.11267335330564,20000078
EDF-Threshold,15.048358635297566,8,0.6666666666666666,0.6900230250233026,0.6666666666666666,0.33333333333333337,0.8543389404811844,0.212037156103545,0.0,0.2916666666666667,21.992990913969347,20000079
EDF-Threshold,10.82514381815647,5,0.4166666666666667,0.5090067501547868,0.5833333333333334,0.5833333333333333,0.8974962187911588,0.21826599252075982,0.0,0.3541666666666667,21.23936188343216,20000080
EDF-Threshold,9.121527081283547,5,0.4166666666666667,0.36991281100444057,0.5833333333333334,0.5833333333333333,0.8244723316520003,0.22789611103999782,0.0,0.3541666666666667,20.879945735154337,20000081
EDF-Threshold,20.862553281673964,11,0.9166666666666666,0.8413704854718621,0.9166666666666666,0.08333333333333337,0.8867165857621299,0.17657016733838926,0.0,0.2708333333333333,25.857673299578018,20000082
EDF-Threshold,13.1918615229134,7,0.5833333333333334,0.6508563114852008,0.75,0.41666666666666663,0.8358926013478974,0.23715508782167535,0.0,0.2916666666666667,22.494328112463272,20000083
EDF-Threshold,16.808293234010524,9,0.75,0.707291225179486,0.75,0.25,0.8422893749407466,0.20078452628217636,0.0,0.3125,21.693445347992867,20000084
EDF-Threshold,11.52803809457373,6,0.5,0.5034045025781472,0.5833333333333334,0.5,0.8699905744187132,0.224312510186687,0.0,0.3125,22.04928035530861,20000085
EDF-Threshold,13.853767852513801,7,0.5833333333333334,0.557547872034184,0.6666666666666666,0.41666666666666663,0.8896569808497254,0.19717967051586935,0.0,0.375,21.077704760681243,20000086
EDF-Threshold,17.572656549789002,9,0.75,0.7715534821314881,0.75,0.25,0.8815720352243085,0.20835278085029538,0.0,0.2916666666666667,23.77678051394403,20000087
EDF-Threshold,15.763032920194222,8,0.6666666666666666,0.7172632775167916,0.6666666666666666,0.33333333333333337,0.880722354219479,0.23331645711144414,0.0,0.3125,23.221606361465735,20000088
EDF-Threshold,14.46432810180149,8,0.6666666666666666,0.6347950750888213,0.6666666666666666,0.33333333333333337,0.8310332025913437,0.18796174726762568,0.0,0.3125,20.731099168922416,20000089
EDF-Threshold,10.344269202606576,5,0.4166666666666667,0.4545842470381471,0.6666666666666666,0.5833333333333333,0.8578137624608738,0.19002706584655013,0.0,0.3541666666666667,20.64570229808778,20000090
EDF-Threshold,14.487936384851606,8,0.6666666666666666,0.6327690003381001,0.6666666666666666,0.33333333333333337,0.8578285841027572,0.21377389850467887,0.0,0.3125,21.381923455591494,20000091
EDF-Threshold,13.300705802110501,7,0.5833333333333334,0.5012097827396363,0.6666666666666666,0.41666666666666663,0.862320752819068,0.21735779759940768,0.0,0.3125,22.43704062638802,20000092
EDF-Threshold,17.87850667527598,10,0.8333333333333334,0.7652744841452788,0.8333333333333334,0.16666666666666663,0.7970506773152599,0.1855433348241952,0.0,0.2708333333333333,21.97313050418505,20000093
EDF-Threshold,13.229759431307446,7,0.5833333333333334,0.5369735355689595,0.75,0.41666666666666663,0.852809395034468,0.19601519134289078,0.0,0.3541666666666667,20.852924394066264,20000094
EDF-Threshold,11.50289504960022,6,0.5,0.5068259914386565,0.5833333333333334,0.5,0.8551482738715519,0.23443961394145715,0.0,0.3333333333333333,20.72412481272554,20000095
EDF-Threshold,15.327738436177748,8,0.6666666666666666,0.6826660704498198,0.75,0.33333333333333337,0.8740698658487013,0.2145148053686516,0.0,0.2916666666666667,23.917463377149865,20000096
EDF-Threshold,11.89875222270205,6,0.5,0.5029339999074113,0.6666666666666666,0.5,0.8356188939042363,0.19836671154815408,0.0,0.3333333333333333,20.64537270837624,20000097
EDF-Threshold,9.879272833264002,5,0.4166666666666667,0.36572460390019973,0.5833333333333334,0.5833333333333333,0.8798948961468454,0.1979464756154663,0.0,0.375,20.743421550385595,20000098
EDF-Threshold,16.457043909708936,9,0.75,0.628890232770223,0.8333333333333334,0.25,0.8461969531367494,0.20760389520389966,0.0,0.25,23.288267830189277,20000099
EDF-Threshold,17.032065851133535,9,0.75,0.7339701961425413,0.75,0.25,0.8702903272500562,0.2164230888879528,0.0,0.3125,23.157234895625212,20000100
EDF-Threshold,14.893747405992471,8,0.6666666666666666,0.5745695854407624,0.75,0.33333333333333337,0.8771714764240074,0.237400639950318,0.0,0.2916666666666667,23.487409274712054,20000101
EDF-Threshold,16.207278673978905,9,0.75,0.6505418831518992,0.75,0.25,0.8394472574229906,0.1851501171207455,0.0,0.3125,21.817747283669977,20000102
EDF-Threshold,12.504647487380137,7,0.5833333333333334,0.656302573632175,0.5833333333333334,0.41666666666666663,0.8077660740108215,0.2278915567270393,0.0,0.2708333333333333,20.648880652744023,20000103
EDF-Threshold,11.117419126348818,6,0.5,0.4708454339470858,0.6666666666666666,0.5,0.8240391419640934,0.21442199775025247,0.0,0.3125,21.229494434370874,20000104
EDF-Threshold,17.895876465919013,10,0.8333333333333334,0.817551623186898,0.8333333333333334,0.16666666666666663,0.866625257315965,0.22494544649435433,0.0,0.2708333333333333,23.848832385872463,20000105
EDF-Threshold,10.620196860411074,5,0.4166666666666667,0.4806647943442082,0.6666666666666666,0.5833333333333333,0.8527639994677778,0.20854064270419936,0.0,0.3125,21.989809306412706,20000106
EDF-Threshold,16.316570133596883,9,0.75,0.728328056869703,0.75,0.25,0.8462022667814285,0.20874130156533455,0.0,0.2916666666666667,22.141652862532382,20000107
EDF-Threshold,18.34396231356926,10,0.8333333333333334,0.8266793192831409,0.8333333333333334,0.16666666666666663,0.8696877682258752,0.2154776893888989,0.0,0.2916666666666667,23.6309403818753,20000108
EDF-Threshold,8.070630884447382,4,0.3333333333333333,0.34472629521556103,0.5833333333333334,0.6666666666666667,0.8357057377672463,0.22185451390083047,0.0,0.3125,21.38309948943428,20000109
EDF-Threshold,8.276350004297,4,0.3333333333333333,0.3991747740184693,0.5833333333333334,0.6666666666666667,0.8547371511569075,0.22798143698804266,0.0,0.3333333333333333,22.471204916321685,20000110
EDF-Threshold,14.88033199896609,8,0.6666666666666666,0.664500382386102,0.6666666666666666,0.33333333333333337,0.8384977687868673,0.20855672155266639,0.0,0.2916666666666667,22.129181048302506,20000111
EDF-Threshold,13.809334308351556,7,0.5833333333333334,0.5944537249644226,0.5833333333333334,0.41666666666666663,0.8998488812306381,0.2332512497644069,0.0,0.3333333333333333,23.055810048670764,20000112
EDF-Threshold,14.584034133915274,8,0.6666666666666666,0.5673278515470593,0.8333333333333334,0.33333333333333337,0.8170784605844413,0.19104315923486936,0.0,0.25,23.03066607964908,20000113
EDF-Threshold,7.6752874537500055,4,0.3333333333333333,0.35252728095077895,0.5833333333333334,0.6666666666666667,0.816703863371659,0.22117061340022018,0.0,0.3333333333333333,19.4698784284399,20000114
EDF-Threshold,13.339216140306466,7,0.5833333333333334,0.5218803438444577,0.75,0.41666666666666663,0.8784995152721969,0.2365416029933054,0.0,0.2916666666666667,23.550582559663212,20000115
EDF-Threshold,12.020708715184643,6,0.5,0.5010980101471534,0.75,0.5,0.8708980356483975,0.19667757983981582,0.0,0.3333333333333333,21.572292904855768,20000116
EDF-Threshold,6.5499794793026975,3,0.25,0.2849399869088012,0.6666666666666666,0.75,0.8429566057140896,0.20581389940464923,0.0,0.3541666666666667,20.934436906994684,20000117
EDF-Threshold,12.70130821558507,7,0.5833333333333334,0.5218106970859104,0.75,0.41666666666666663,0.8277745254770773,0.22744692101791245,0.0,0.2708333333333333,21.504361665094624,20000118
EDF-Threshold,11.44415986175058,6,0.5,0.48703303929847996,0.6666666666666666,0.5,0.8441607811481185,0.23411228881882207,0.0,0.2916666666666667,21.645144354023227,20000119
EDF-Threshold,14.310941505454757,7,0.5833333333333334,0.6179201698659511,0.6666666666666666,0.41666666666666663,0.8957961900299815,0.20890573141852112,0.0,0.3333333333333333,21.96322978490976,20000120
EDF-Threshold,5.1287370329369795,3,0.25,0.2131620147211729,0.5,0.75,0.8062550239254723,0.22085959809270395,0.0,0.3333333333333333,19.339528578402316,20000121
EDF-Threshold,13.342326118279077,7,0.5833333333333334,0.6570521955973244,0.5833333333333334,0.41666666666666663,0.8334016610338665,0.2037824550303771,0.0,0.3333333333333333,21.285873160232956,20000122
EDF-Threshold,17.983354343157785,10,0.8333333333333334,0.8160990584281389,0.8333333333333334,0.16666666666666663,0.8652153171138256,0.2312338119097926,0.0,0.2708333333333333,23.639094326773005,20000123
EDF-Threshold,13.34658557862412,7,0.5833333333333334,0.5881930957074477,0.75,0.41666666666666663,0.8644885544326719,0.20527603982446982,0.0,0.3125,22.131238734693827,20000124
EDF-Threshold,18.23988285565732,10,0.8333333333333334,0.715135728521314,0.8333333333333334,0.16666666666666663,0.8700475648127988,0.1941837590085542,0.0,0.2916666666666667,22.40202142972052,20000125
EDF-Threshold,13.211541783936104,7,0.5833333333333334,0.5474633024914225,0.6666666666666666,0.41666666666666663,0.832547243905664,0.21677324950690113,0.0,0.3125,21.7286066267191,20000126
EDF-Threshold,11.742056988318176,6,0.5,0.5494398841024303,0.5833333333333334,0.5,0.8536574560127631,0.21438950330911166,0.0,0.3125,21.932260490596455,20000127
EDF-Threshold,16.033632731479333,9,0.75,0.7092200671302683,0.75,0.25,0.8352582680528332,0.20621283467346951,0.0,0.2916666666666667,23.30472898532433,20000128
EDF-Threshold,16.00895686696275,9,0.75,0.7298769834354666,0.75,0.25,0.8117718920965037,0.23543997508629141,0.0,0.2708333333333333,22.090985561232763,20000129
EDF-Threshold,16.564782329571592,9,0.75,0.7664713882131056,0.75,0.25,0.8550759835494756,0.22806718117880667,0.0,0.2708333333333333,22.756530846268056,20000130
EDF-Threshold,11.898224579824268,6,0.5,0.4086031442276091,0.6666666666666666,0.5,0.8767831186552625,0.19509946600780245,0.0,0.3333333333333333,21.43176714686277,20000131
EDF-Threshold,14.301223025156755,8,0.6666666666666666,0.6163450489209417,0.75,0.33333333333333337,0.80598955085309,0.2129890102138794,0.0,0.2708333333333333,21.79898100426965,20000132
EDF-Threshold,18.291805335345416,10,0.8333333333333334,0.809447489315178,0.8333333333333334,0.16666666666666663,0.8461039828787861,0.19815992265691887,0.0,0.2708333333333333,23.270737959613125,20000133
EDF-Threshold,11.608232992697921,6,0.5,0.4807510563114491,0.75,0.5,0.8414127224086213,0.21358558686991427,0.0,0.2916666666666667,23.636067957737158,20000134
EDF-Threshold,15.531296462140993,8,0.6666666666666666,0.6251787214909135,0.8333333333333334,0.33333333333333337,0.9118955213082903,0.2363393882263798,0.0,0.2916666666666667,23.783219069846734,20000135
EDF-Threshold,16.309240447416585,9,0.75,0.6845719862368844,0.75,0.25,0.8548878896559619,0.21882773932421531,0.0,0.2916666666666667,22.614992799313995,20000136
EDF-Threshold,16.172084724332045,9,0.75,0.6480749807972268,0.75,0.25,0.8548433821073558,0.21101480715206436,0.0,0.2708333333333333,22.555474281566752,20000137
EDF-Threshold,8.259015955997778,4,0.3333333333333333,0.3731971054447636,0.5833333333333334,0.6666666666666667,0.8369714700113594,0.202101459317328,0.0,0.375,19.36202251617851,20000138
EDF-Threshold,13.283202650030558,7,0.5833333333333334,0.5555550011830332,0.75,0.41666666666666663,0.8282536849596723,0.19231232715939328,0.0,0.3125,22.219518269733,20000139
EDF-Threshold,15.712053007417891,9,0.75,0.8054813452896769,0.75,0.25,0.8186799777802495,0.21759597314678633,0.0,0.2708333333333333,21.19373855209721,20000140
EDF-Threshold,12.17447198151646,6,0.5,0.6127454570347426,0.5833333333333334,0.5,0.8462526678811612,0.2244188238359984,0.0,0.3125,22.28291793809918,20000141
EDF-Threshold,13.22631685495609,7,0.5833333333333334,0.6261389689886027,0.5833333333333334,0.41666666666666663,0.8353897889762574,0.20611208938025394,0.0,0.3541666666666667,20.399640189179266,20000142
EDF-Threshold,9.32853789237939,5,0.4166666666666667,0.3544749434285905,0.5833333333333334,0.5833333333333333,0.819272741412498,0.21377803763796752,0.0,0.3333333333333333,19.56824601770384,20000143
EDF-Threshold,16.83382137521005,9,0.75,0.7583522557635549,0.75,0.25,0.8761372308227527,0.21954744432524062,0.0,0.2708333333333333,23.439708176801208,20000144
EDF-Threshold,16.937531245793718,9,0.75,0.7981529483383868,0.75,0.25,0.8582572451512313,0.21949212857426406,0.0,0.3333333333333333,22.531276402419408,20000145
EDF-Threshold,11.547112686603796,6,0.5,0.44089681563567507,0.6666666666666666,0.5,0.8375855365464547,0.1930089644542374,0.0,0.3125,21.327172771940184,20000146
EDF-Threshold,13.2950072650199,7,0.5833333333333334,0.5823801740249387,0.75,0.41666666666666663,0.822591885276708,0.1948138478600756,0.0,0.3125,21.24992237617763,20000147
EDF-Threshold,13.015935900432458,7,0.5833333333333334,0.5794787318371264,0.6666666666666666,0.41666666666666663,0.8320416010253083,0.22536318676391012,0.0,0.3125,21.887656957658695,20000148
EDF-Threshold,14.73051288793021,8,0.6666666666666666,0.6506821263226479,0.75,0.33333333333333337,0.8886028057730293,0.2573292709588066,0.0,0.25,23.655275690891138,20000149
EDF-Threshold,13.336051180747466,7,0.5833333333333334,0.612106010360986,0.75,0.41666666666666663,0.8266170358193206,0.20070014218672735,0.0,0.2916666666666667,22.559676764192403,20000150
EDF-Threshold,16.066706504632013,9,0.75,0.7551179197896806,0.75,0.25,0.8404131390525934,0.21592449048990478,0.0,0.2708333333333333,22.10075947745804,20000151
EDF-Threshold,8.027258796670411,4,0.3333333333333333,0.40811667213769726,0.5833333333333334,0.6666666666666667,0.8395018759430234,0.2293453772453983,0.0,0.3333333333333333,20.162670941866843,20000152
EDF-Threshold,15.067259130766617,8,0.6666666666666666,0.7014717580758959,0.75,0.33333333333333337,0.8526616531755525,0.22556434377202103,0.0,0.2708333333333333,23.31797984120769,20000153
EDF-Threshold,15.255311517519702,8,0.6666666666666666,0.6624821144706485,0.75,0.33333333333333337,0.8929553453244208,0.21558913131977678,0.0,0.3125,21.751870480558832,20000154
EDF-Threshold,10.401866748526432,5,0.4166666666666667,0.46485471028701464,0.6666666666666666,0.5833333333333333,0.8336144155146553,0.18739326377539176,0.0,0.3333333333333333,20.253717659015848,20000155
EDF-Threshold,14.816642222746939,8,0.6666666666666666,0.68155853956262,0.6666666666666666,0.33333333333333337,0.8525466528406924,0.23450236462999377,0.0,0.3125,21.603596730117708,20000156
EDF-Threshold,9.523371650628288,5,0.4166666666666667,0.3441292141946729,0.6666666666666666,0.5833333333333333,0.8696357826130333,0.21535393708737482,0.0,0.3333333333333333,22.18976950297831,20000157
EDF-Threshold,13.350939863848536,7,0.5833333333333334,0.5901385448020345,0.6666666666666666,0.41666666666666663,0.8629838333472698,0.22538563309898474,0.0,0.2916666666666667,22.770618580504102,20000158
EDF-Threshold,10.062101535334408,5,0.4166666666666667,0.5345490413525975,0.6666666666666666,0.5833333333333333,0.8293168929426237,0.24979672025166258,0.0,0.2708333333333333,22.45323872507079,20000159
EDF-Threshold,14.433394521509225,8,0.6666666666666666,0.640259152674685,0.75,0.33333333333333337,0.8376865324843888,0.23356341059126573,0.0,0.2708333333333333,23.82414003841949,20000160
EDF-Threshold,14.474781948824083,8,0.6666666666666666,0.6547091575899586,0.75,0.33333333333333337,0.8371445416727209,0.21311756025825987,0.0,0.2916666666666667,22.00417388373001,20000161
EDF-Threshold,8.077626519111906,4,0.3333333333333333,0.3168043855779764,0.5833333333333334,0.6666666666666667,0.844100457516793,0.19624267141128207,0.0,0.3541666666666667,20.497975141910665,20000162
EDF-Threshold,16.454384801314948,9,0.75,0.6845061200580619,0.75,0.25,0.8379839784354761,0.2090459028980538,0.0,0.2708333333333333,23.38131266722849,20000163
EDF-Threshold,13.301231811530947,7,0.5833333333333334,0.5443497317450668,0.5833333333333334,0.41666666666666663,0.8553000700531476,0.21237976778059245,0.0,0.3333333333333333,21.049838877331155,20000164
EDF-Threshold,16.639645772191596,9,0.75,0.709012959028437,0.8333333333333334,0.25,0.878108455458987,0.211474581866021,0.0,0.2916666666666667,21.953823730293266,20000165
EDF-Threshold,13.545983687577454,7,0.5833333333333334,0.6070501082142669,0.6666666666666666,0.41666666666666663,0.886672876255982,0.21814867824540163,0.0,0.3125,22.70122412938519,20000166
EDF-Threshold,15.988301959703538,9,0.75,0.7542713398634269,0.75,0.25,0.8209731060182149,0.20909109513738597,0.0,0.2708333333333333,22.65017635240237,20000167
EDF-Threshold,10.84206775129572,6,0.5,0.47085306833085167,0.6666666666666666,0.5,0.8155622203504821,0.2303536048870238,0.0,0.2916666666666667,20.326156566518268,20000168
EDF-Threshold,16.739292706691064,9,0.75,0.7891397905821587,0.75,0.25,0.8622498398965187,0.23004904553232933,0.0,0.2916666666666667,23.28175705656196,20000169
EDF-Threshold,9.76655437839117,5,0.4166666666666667,0.48721494019435013,0.5833333333333334,0.5833333333333333,0.8261068028625699,0.22683741534724336,0.0,0.3125,20.50232602428157,20000170
EDF-Threshold,18.55853924369187,10,0.8333333333333334,0.8017049442099268,0.8333333333333334,0.16666666666666663,0.8777881451958823,0.2119062853343507,0.0,0.2708333333333333,23.82251351475139,20000171
EDF-Threshold,16.47178846889874,9,0.75,0.7327939349747622,0.75,0.25,0.8791514051629856,0.21606104331218,0.0,0.2916666666666667,22.31806390730817,20000172
EDF-Threshold,16.653182189800027,9,0.75,0.6797649621842211,0.75,0.25,0.8622815578763704,0.22046716257944124,0.0,0.3125,23.25393724549701,20000173
EDF-Threshold,16.53859681882356,9,0.75,0.6974750437196471,0.75,0.25,0.8728742534846146,0.2222921089243023,0.0,0.2708333333333333,22.964676701816426,20000174
EDF-Threshold,10.229683013113187,6,0.5,0.4468788258265183,0.6666666666666666,0.5,0.7946361595604072,0.22604175073799704,0.0,0.2916666666666667,20.347495945232033,20000175
EDF-Threshold,13.055909654716178,7,0.5833333333333334,0.5616144420909911,0.75,0.41666666666666663,0.8377629986885978,0.21643818106449195,0.0,0.2916666666666667,22.55224771232557,20000176
EDF-Threshold,16.78347005377149,9,0.75,0.7575478385694682,0.75,0.25,0.8615067140632883,0.2227841912618905,0.0,0.2916666666666667,23.584513781830427,20000177
EDF-Threshold,13.476019832906976,7,0.5833333333333334,0.5480549649498815,0.75,0.41666666666666663,0.8717739070190677,0.22463197998395512,0.0,0.2916666666666667,22.77701209790747,20000178
EDF-Threshold,8.86494046376994,4,0.3333333333333333,0.31487950595326075,0.75,0.6666666666666667,0.8705554259416545,0.19625876440973614,0.0,0.3125,22.63276729369405,20000179
EDF-Threshold,13.457972058833615,7,0.5833333333333334,0.5317735663090855,0.6666666666666666,0.41666666666666663,0.844684098414184,0.20121079015659502,0.0,0.3125,21.949017964407354,20000180
EDF-Threshold,16.236385391333403,9,0.75,0.8616124737335094,0.75,0.25,0.8568578287256589,0.2507297076588788,0.0,0.2708333333333333,22.311401556543878,20000181
EDF-Threshold,13.965024945010175,7,0.5833333333333334,0.6396637389016463,0.5833333333333334,0.41666666666666663,0.870996656639735,0.20510513022122476,0.0,0.375,20.492998368091932,20000182
EDF-Threshold,8.95866833315569,5,0.4166666666666667,0.35036687656656407,0.5833333333333334,0.5833333333333333,0.8214175239596422,0.2207410519969374,0.0,0.3125,21.588609650250167,20000183
EDF-Threshold,10.171206270313053,5,0.4166666666666667,0.43718180064355383,0.6666666666666666,0.5833333333333333,0.8407908276319427,0.18721454789615963,0.0,0.3541666666666667,21.40118079245777,20000184
EDF-Threshold,13.251651045159328,7,0.5833333333333334,0.6498682460129557,0.5833333333333334,0.41666666666666663,0.8569560457746589,0.21036316077320064,0.0,0.3333333333333333,21.662678971678684,20000185
EDF-Threshold,12.856472071554583,7,0.5833333333333334,0.47983321772451304,0.75,0.41666666666666663,0.8361286675806587,0.19669031683449467,0.0,0.2708333333333333,22.79758158977512,20000186
EDF-Threshold,13.432211624911,7,0.5833333333333334,0.592216699852108,0.5833333333333334,0.41666666666666663,0.8577694840537692,0.22838500301999765,0.0,0.3333333333333333,21.336978811062455,20000187
EDF-Threshold,18.80046240922255,10,0.8333333333333334,0.7921594296634855,0.8333333333333334,0.16666666666666663,0.8821503712092716,0.22322114292938475,0.0,0.2708333333333333,24.82892316537003,20000188
EDF-Threshold,8.002982876196775,4,0.3333333333333333,0.3062738617362002,0.6666666666666666,0.6666666666666667,0.826099947700398,0.20176042843517303,0.0,0.3333333333333333,20.416567457609666,20000189
EDF-Threshold,18.758557455703894,10,0.8333333333333334,0.7798878496221773,0.8333333333333334,0.16666666666666663,0.8890159109133937,0.21246309557425527,0.0,0.2916666666666667,23.258240364902548,20000190
EDF-Threshold,21.26768682978747,12,1.0,1.0,1.0,0.0,0.8713867002711035,0.174720059864663,0.0,0.2916666666666667,22.642499141465986,20000191
EDF-Threshold,11.69836259460504,6,0.5,0.5474365953225255,0.6666666666666666,0.5,0.8815531620845173,0.22884749696080484,0.0,0.3125,21.49512762712417,20000192
EDF-Threshold,10.64494580041664,5,0.4166666666666667,0.45645761281511943,0.6666666666666666,0.5833333333333333,0.8960124870386563,0.21904452396617838,0.0,0.3125,23.31065474472657,20000193
EDF-Threshold,12.91307312461618,7,0.5833333333333334,0.6001107901192286,0.5833333333333334,0.41666666666666663,0.8507725301390048,0.23247177814584943,0.0,0.3333333333333333,21.427470408376546,20000194
EDF-Threshold,16.387186430647045,9,0.75,0.6496821936863892,0.75,0.25,0.8498800401496537,0.2192138692612382,0.0,0.2916666666666667,23.395259541933125,20000195
EDF-Threshold,17.924191684246708,9,0.75,0.8083627499196288,0.75,0.25,0.8834904512860557,0.2009044867646226,0.0,0.3333333333333333,23.50012374445331,20000196
EDF-Threshold,12.004581711069777,6,0.5,0.5081368564294803,0.75,0.5,0.8468301576075681,0.21914733002625522,0.0,0.2916666666666667,23.084241834289966,20000197
EDF-Threshold,10.447242517575692,5,0.4166666666666667,0.4750691830023373,0.6666666666666666,0.5833333333333333,0.8487055976011085,0.19387522277352667,0.0,0.3125,21.689590299089843,20000198
EDF-Threshold,12.432132957253987,7,0.5833333333333334,0.5262222817111463,0.6666666666666666,0.41666666666666663,0.8179002207766018,0.22764686197430475,0.0,0.2916666666666667,21.49974765912071,20000199
EDF-Threshold,11.347766317510331,6,0.5,0.4998318218804246,0.6666666666666666,0.5,0.8667277449265725,0.2428491800305744,0.0,0.2916666666666667,22.297970837678612,20000200
EDF-Threshold,11.396428169226606,6,0.5,0.42275906325687845,0.6666666666666666,0.5,0.8218296573007501,0.20260889802367313,0.0,0.2916666666666667,21.918419709155447,20000201
EDF-Threshold,11.604720278647413,6,0.5,0.5084142070473718,0.6666666666666666,0.5,0.8661969883701333,0.2247738506178857,0.0,0.3333333333333333,20.74176552916789,20000202
EDF-Threshold,16.86715889907268,9,0.75,0.8188015128606975,0.75,0.25,0.8625720686755528,0.21069109464279537,0.0,0.3333333333333333,22.657768752402355,20000203
EDF-Threshold,12.910725938908953,7,0.5833333333333334,0.48941519668038275,0.6666666666666666,0.41666666666666663,0.8230911648879703,0.19428729316094487,0.0,0.3125,21.368293343090983,20000204
EDF-Threshold,17.069387930500444,9,0.75,0.7854194144195581,0.8333333333333334,0.25,0.8546470778487931,0.2094503424460649,0.0,0.2708333333333333,24.103196020931392,20000205
EDF-Threshold,6.257740213108368,3,0.25,0.31850326557226194,0.4166666666666667,0.75,0.8561496223108516,0.2150250493877722,0.0,0.3958333333333333,18.93409937383839,20000206
EDF-Threshold,10.035266211558657,5,0.4166666666666667,0.3992565033487488,0.6666666666666666,0.5833333333333333,0.8516419118943211,0.2138966250609422,0.0,0.3333333333333333,21.69841753387592,20000207
EDF-Threshold,11.761132326302839,6,0.5,0.5037194430997806,0.5833333333333334,0.5,0.8635573733283959,0.2057086538940814,0.0,0.3333333333333333,21.66381714713938,20000208
EDF-Threshold,11.400871642927047,6,0.5,0.48750838754308085,0.6666666666666666,0.5,0.8399124114082702,0.22885074777103598,0.0,0.2708333333333333,21.790511479159363,20000209
EDF-Threshold,20.900186298170247,11,0.9166666666666666,0.8964834784118206,0.9166666666666666,0.08333333333333337,0.8920084226103682,0.18393083069365432,0.0,0.2708333333333333,25.20882516356999,20000210
EDF-Threshold,9.664840937051967,5,0.4166666666666667,0.46998834781578247,0.75,0.5833333333333333,0.797970642508564,0.2117734858480559,0.0,0.2916666666666667,21.419155610968573,20000211
EDF-Threshold,16.5466193982814,9,0.75,0.8155131610112301,0.75,0.25,0.8389038482946191,0.21148748464366407,0.0,0.2708333333333333,23.29843505158443,20000212
EDF-Threshold,18.706661982878867,10,0.8333333333333334,0.7255036175628686,0.8333333333333334,0.16666666666666663,0.8824327054346807,0.1940905670308274,0.0,0.2916666666666667,23.900410574467884,20000213
EDF-Threshold,14.502800713852295,8,0.6666666666666666,0.5977643379552421,0.6666666666666666,0.33333333333333337,0.8140423437500534,0.20242726009071443,0.0,0.3125,20.762216218111828,20000214
EDF-Threshold,15.388999353492013,8,0.6666666666666666,0.675849988114938,0.6666666666666666,0.33333333333333337,0.886278214439161,0.2330840284797114,0.0,0.3333333333333333,22.24965309355195,20000215
EDF-Threshold,9.822301508800196,5,0.4166666666666667,0.4744913523188409,0.75,0.5833333333333333,0.8330686481051893,0.2276500174924223,0.0,0.2708333333333333,23.484278677276798,20000216
EDF-Threshold,18.234383261092642,10,0.8333333333333334,0.7466153244720782,0.9166666666666666,0.16666666666666663,0.8861602483667111,0.22938745323471332,0.0,0.22916666666666666,24.640645864462716,20000217
EDF-Threshold,12.545590945326039,7,0.5833333333333334,0.5430413987042293,0.75,0.41666666666666663,0.8302270811050211,0.21625989877096544,0.0,0.3125,22.049880088760922,20000218
EDF-Threshold,9.42387895458142,5,0.4166666666666667,0.5143669918053699,0.5833333333333334,0.5833333333333333,0.8287037041039266,0.21695125068932616,0.0,0.3333333333333333,20.36890336064503,20000219
EDF-Threshold,14.75347913221824,8,0.6666666666666666,0.6112909999724834,0.75,0.33333333333333337,0.815304135898535,0.1791459369532958,0.0,0.2916666666666667,22.250421322401557,20000220
EDF-Threshold,17.03756577136512,9,0.75,0.7393744184767675,0.75,0.25,0.8927071347740151,0.19866063416403548,0.0,0.3125,22.657234744923052,20000221
EDF-Threshold,16.2894806862941,9,0.75,0.6598921308129212,0.8333333333333334,0.25,0.8517228716831674,0.2260590010253786,0.0,0.25,23.3463195360997,20000222
EDF-Threshold,12.758752327870042,7,0.5833333333333334,0.49087772032899074,0.75,0.41666666666666663,0.8720930387723372,0.2177371049153701,0.0,0.2916666666666667,23.22220728285374,20000223
EDF-Threshold,8.066406521321387,4,0.3333333333333333,0.30124931014543566,0.6666666666666666,0.6666666666666667,0.8442690476549665,0.20848810430332754,0.0,0.3125,21.649281196414893,20000224
EDF-Threshold,14.567507097210912,8,0.6666666666666666,0.6690665222092329,0.75,0.33333333333333337,0.8721757396007382,0.2389112933318089,0.0,0.2708333333333333,23.172234284671216,20000225
EDF-Threshold,15.220862078904249,8,0.6666666666666666,0.6666107134569472,0.6666666666666666,0.33333333333333337,0.8628636771653215,0.2200328800848438,0.0,0.2916666666666667,23.14341865134643,20000226
EDF-Threshold,11.889305761970293,6,0.5,0.6302901364714083,0.75,0.5,0.8557820252204463,0.23017343519409553,0.0,0.25,23.84258965139278,20000227
EDF-Threshold,11.88998444122946,6,0.5,0.4994076432860753,0.75,0.5,0.8696476502019467,0.20049228760692975,0.0,0.2916666666666667,22.81261643136487,20000228
EDF-Threshold,10.493322399126475,5,0.4166666666666667,0.4299185312520539,0.6666666666666666,0.5833333333333333,0.8886132163578339,0.2213123737203517,0.0,0.2916666666666667,23.83579417024388,20000229
EDF-Threshold,17.4302840826556,9,0.75,0.6744681038430617,0.8333333333333334,0.25,0.8776855033337784,0.20398458547647316,0.0,0.2916666666666667,25.2936124254921,20000230
EDF-Threshold,14.167297116369994,8,0.6666666666666666,0.6956983024886848,0.6666666666666666,0.33333333333333337,0.8584200125497595,0.2506460966964148,0.0,0.2708333333333333,22.481002665240208,20000231
EDF-Threshold,9.35159812930986,5,0.4166666666666667,0.4869133394393966,0.5,0.5833333333333333,0.8082729215406772,0.22253305678287427,0.0,0.3333333333333333,19.492487809635303,20000232
EDF-Threshold,14.812070938534722,8,0.6666666666666666,0.6125761282122694,0.6666666666666666,0.33333333333333337,0.8289394463334929,0.19428839369431486,0.0,0.3125,21.040017163965842,20000233
EDF-Threshold,12.373108931372036,7,0.5833333333333334,0.5085069564101389,0.6666666666666666,0.41666666666666663,0.7830466121401397,0.21730339674030144,0.0,0.2916666666666667,20.455165063825596,20000234
EDF-Threshold,14.354557858973934,8,0.6666666666666666,0.6681058379813976,0.75,0.33333333333333337,0.8029916028075078,0.1949347420947648,0.0,0.3125,20.97955176672338,20000235
EDF-Threshold,18.767603827320368,10,0.8333333333333334,0.8093061637638327,0.8333333333333334,0.16666666666666663,0.8910692225658318,0.21789017847353956,0.0,0.25,25.14913187026344,20000236
EDF-Threshold,12.491743553140667,6,0.5,0.4555535125379535,0.6666666666666666,0.5,0.8890496963216075,0.20056669947469571,0.0,0.3333333333333333,22.341476919477216,20000237
EDF-Threshold,17.44753979663578,9,0.75,0.7219178513079578,0.75,0.25,0.8834981952298112,0.21156861461776547,0.0,0.3125,23.659484580985197,20000238
EDF-Threshold,10.353055461566873,5,0.4166666666666667,0.5005916506569627,0.5833333333333334,0.5833333333333333,0.8850787881144976,0.23994837698783034,0.0,0.3125,23.29255667281323,20000239
EDF-Threshold,13.14797650852386,7,0.5833333333333334,0.5984976510168235,0.5833333333333334,0.41666666666666663,0.861008919320699,0.2316984207130596,0.0,0.3333333333333333,21.324402817215713,20000240
EDF-Threshold,13.262918910321497,7,0.5833333333333334,0.6499137988213928,0.5833333333333334,0.41666666666666663,0.8558362511631481,0.24112275328043034,0.0,0.3125,21.575736404140628,20000241
EDF-Threshold,17.929464536089426,10,0.8333333333333334,0.8632995718114819,0.8333333333333334,0.16666666666666663,0.8764217371432729,0.20436890894298088,0.0,0.2708333333333333,21.928066335876526,20000242
EDF-Threshold,12.818274322101209,7,0.5833333333333334,0.6038452595899048,0.5833333333333334,0.41666666666666663,0.8271285037990523,0.24129592594993987,0.0,0.3125,21.082199679693726,20000243
EDF-Threshold,14.192899489501636,7,0.5833333333333334,0.669741223612847,0.75,0.41666666666666663,0.8789484831635365,0.21002388794681223,0.0,0.2708333333333333,24.047891788592622,20000244
EDF-Threshold,11.904283984665721,6,0.5,0.5201578077540587,0.6666666666666666,0.5,0.8637616238513628,0.21611373198638728,0.0,0.3333333333333333,21.37256801828754,20000245
EDF-Threshold,14.63165212093759,8,0.6666666666666666,0.6677917830123912,0.75,0.33333333333333337,0.8713914853799681,0.246089368020222,0.0,0.2708333333333333,22.594642609102234,20000246
EDF-Threshold,9.411505598944633,5,0.4166666666666667,0.42939996188443424,0.6666666666666666,0.5833333333333333,0.8526805936844198,0.23848919466411364,0.0,0.2916666666666667,22.436371640560736,20000247
EDF-Threshold,22.64883565936337,12,1.0,1.0,1.0,0.0,0.9091716789873785,0.1965880883046451,0.0,0.25,26.238197091334293,20000248
EDF-Threshold,13.341663506420678,7,0.5833333333333334,0.5734869694552394,0.6666666666666666,0.41666666666666663,0.881367720454825,0.23268518365861415,0.0,0.3333333333333333,21.893282608181863,20000249
EDF-Threshold,18.443328238683282,10,0.8333333333333334,0.8109729697291113,0.8333333333333334,0.16666666666666663,0.8736699863609051,0.21796326004764152,0.0,0.2708333333333333,23.102477406333264,20000250
EDF-Threshold,17.948680421758194,10,0.8333333333333334,0.7603877843715761,0.8333333333333334,0.16666666666666663,0.8369726475940121,0.22495386874930215,0.0,0.25,23.0821432121057,20000251
EDF-Threshold,18.282818837208545,10,0.8333333333333334,0.7830788680752605,0.8333333333333334,0.16666666666666663,0.8621965423638672,0.214148063126438,0.0,0.2708333333333333,23.606708096678314,20000252
EDF-Threshold,16.866033320594042,9,0.75,0.6685895388534584,0.75,0.25,0.8370212942233822,0.2052470082093698,0.0,0.2708333333333333,22.96618660686976,20000253
EDF-Threshold,10.294600297274789,5,0.4166666666666667,0.5120172373775622,0.6666666666666666,0.5833333333333333,0.8777521142127626,0.24504320652199976,0.0,0.3125,22.370115282288985,20000254
EDF-Threshold,10.665493235579756,6,0.5,0.46523881278345974,0.6666666666666666,0.5,0.8234342056640956,0.25622429433278615,0.0,0.2916666666666667,21.46317464018925,20000255
EDF-Threshold,13.307971111761523,7,0.5833333333333334,0.5721206362540078,0.6666666666666666,0.41666666666666663,0.8551699590843361,0.23573625470158985,0.0,0.2916666666666667,21.9123569286244,20000256
EDF-Threshold,15.557026446789266,9,0.75,0.6729462760410914,0.75,0.25,0.8133432156155141,0.22734292893606037,0.0,0.25,22.097545031320358,20000257
EDF-Threshold,13.603135901397845,7,0.5833333333333334,0.5726143524247882,0.6666666666666666,0.41666666666666663,0.8606956185325547,0.18141429429899378,0.0,0.375,19.857801903494774,20000258
EDF-Threshold,14.58724913526877,8,0.6666666666666666,0.7275501888853666,0.6666666666666666,0.33333333333333337,0.840305363193159,0.2392565966004374,0.0,0.2916666666666667,22.887636983828415,20000259
EDF-Threshold,14.578105719936364,8,0.6666666666666666,0.6413279338928793,0.6666666666666666,0.33333333333333337,0.8395527281146723,0.25147075153394155,0.0,0.2916666666666667,21.366594898717974,20000260
EDF-Threshold,12.093871174270571,6,0.5,0.5284723351786417,0.5,0.5,0.8967285936057778,0.21939549072793374,0.0,0.3958333333333333,20.848464612230146,20000261
EDF-Threshold,10.05172605966634,5,0.4166666666666667,0.46215219473738334,0.6666666666666666,0.5833333333333333,0.8790993106821761,0.2362189359969188,0.0,0.3125,22.636988239768165,20000262
EDF-Threshold,16.777060163200346,9,0.75,0.7103567251644397,0.8333333333333334,0.25,0.8367051415241505,0.1804924956966595,0.0,0.2916666666666667,22.85508951534363,20000263
EDF-Threshold,10.825447165182393,5,0.4166666666666667,0.5306540042747796,0.5833333333333334,0.5833333333333333,0.872091227164165,0.20687420305466278,0.0,0.375,21.261166527762374,20000264
EDF-Threshold,16.445635944677985,9,0.75,0.7380131259857752,0.75,0.25,0.8324819051824397,0.16767130169727543,0.0,0.3333333333333333,21.661834874112376,20000265
EDF-Threshold,17.931650994943322,10,0.8333333333333334,0.7249622738955646,0.8333333333333334,0.16666666666666663,0.8727298074176787,0.20883475848350805,0.0,0.2708333333333333,23.88393354991657,20000266
EDF-Threshold,6.065431550190961,3,0.25,0.28588381608885977,0.5833333333333334,0.75,0.8399294205453973,0.24695691681062612,0.0,0.3125,20.61464031360592,20000267
EDF-Threshold,13.780374072820775,7,0.5833333333333334,0.5681401102773627,0.75,0.41666666666666663,0.859894564321506,0.2128119729585314,0.0,0.3125,22.145148856899485,20000268
EDF-Threshold,13.566768094004246,7,0.5833333333333334,0.5628199842249796,0.6666666666666666,0.41666666666666663,0.8774515019129066,0.21435254501695197,0.0,0.2916666666666667,23.260517105196712,20000269
EDF-Threshold,11.36980835652184,6,0.5,0.5668493697013,0.6666666666666666,0.5,0.8271896592004339,0.2183928660431679,0.0,0.2916666666666667,22.532942832463885,20000270
EDF-Threshold,17.661288053283585,9,0.75,0.7559446353766065,0.8333333333333334,0.25,0.8788838077766821,0.20538746288426565,0.0,0.2708333333333333,23.994693001599284,20000271
EDF-Threshold,16.40557211540998,9,0.75,0.7025257142486548,0.75,0.25,0.8279147741503357,0.18791069662267681,0.0,0.2916666666666667,22.725919136221208,20000272
EDF-Threshold,18.3240928116783,10,0.8333333333333334,0.7129806173272106,0.8333333333333334,0.16666666666666663,0.8800645623708432,0.21221603550710466,0.0,0.2708333333333333,24.663445805792982,20000273
EDF-Threshold,12.65070714184884,7,0.5833333333333334,0.558068816977794,0.6666666666666666,0.41666666666666663,0.8584328423970339,0.23523299457571709,0.0,0.2916666666666667,22.703492209116643,20000274
EDF-Threshold,18.252840640793593,10,0.8333333333333334,0.8044388834784307,0.8333333333333334,0.16666666666666663,0.8661892467953969,0.21474302416229127,0.0,0.2916666666666667,23.3759653648035,20000275
EDF-Threshold,15.179102679925933,8,0.6666666666666666,0.5972440900485302,0.6666666666666666,0.33333333333333337,0.8504279952462422,0.1900765563328748,0.0,0.3333333333333333,22.160554482344555,20000276
EDF-Threshold,14.676481436364371,8,0.6666666666666666,0.6409780377097263,0.75,0.33333333333333337,0.8208460910971103,0.2278708813000785,0.0,0.2708333333333333,22.256804664339928,20000277
EDF-Threshold,10.74340175542889,6,0.5,0.5261418396256279,0.5833333333333334,0.5,0.8063610259052849,0.2323475314059932,0.0,0.3333333333333333,19.20554428053898,20000278
EDF-Threshold,14.433538562924813,8,0.6666666666666666,0.6488595433449997,0.6666666666666666,0.33333333333333337,0.8172547696245651,0.2084141486849352,0.0,0.3333333333333333,20.20591689210453,20000279
EDF-Threshold,19.22066949560658,11,0.9166666666666666,0.9060962330339286,0.9166666666666666,0.08333333333333337,0.8321165813098313,0.21309756992833004,0.0,0.25,23.829011057117803,20000280
EDF-Threshold,14.9507577356432,8,0.6666666666666666,0.7205834317754534,0.75,0.33333333333333337,0.8441295275157481,0.21891730453248437,0.0,0.2916666666666667,22.096895863110596,20000281
EDF-Threshold,11.564814396546337,6,0.5,0.4897799749786871,0.5833333333333334,0.5,0.8788968420407316,0.2115613633779505,0.0,0.3541666666666667,20.23946387822291,20000282
EDF-Threshold,16.572987568860814,9,0.75,0.72728659401823,0.75,0.25,0.8597415977150366,0.18746476305947554,0.0,0.3333333333333333,21.57887682858932,20000283
EDF-Threshold,12.869531785070107,7,0.5833333333333334,0.6421099283216893,0.5833333333333334,0.41666666666666663,0.8310723292715126,0.23161017738821643,0.0,0.3125,21.595469624377763,20000284
EDF-Threshold,16.379208337818348,9,0.75,0.7104063119800966,0.75,0.25,0.8082843573636825,0.20433863265531071,0.0,0.3125,21.607450635272397,20000285
EDF-Threshold,12.849690523342693,7,0.5833333333333334,0.5428499033065969,0.5833333333333334,0.41666666666666663,0.8493088904749513,0.24395198663579118,0.0,0.3125,21.69941920123914,20000286
EDF-Threshold,17.929715224737546,10,0.8333333333333334,0.8469874421130289,0.8333333333333334,0.16666666666666663,0.8496770505236082,0.20584197666550028,0.0,0.25,24.006786667129294,20000287
EDF-Threshold,16.93330761567957,9,0.75,0.8076463584534258,0.75,0.25,0.8456460444407495,0.20752684538855626,0.0,0.2916666666666667,22.249052551271635,20000288
EDF-Threshold,15.647246673408784,8,0.6666666666666666,0.7008538094350081,0.75,0.33333333333333337,0.8516025413021913,0.17079959901182862,0.0,0.3333333333333333,23.245941783545792,20000289
EDF-Threshold,12.603049597869951,7,0.5833333333333334,0.5162043669288514,0.6666666666666666,0.41666666666666663,0.8244130729223421,0.22927726358236356,0.0,0.2708333333333333,23.072351197102606,20000290
EDF-Threshold,18.710335335147683,10,0.8333333333333334,0.7930565812949211,0.8333333333333334,0.16666666666666663,0.8764789764481952,0.18231756596102455,0.0,0.3333333333333333,21.991586069241677,20000291
EDF-Threshold,13.119005163140924,7,0.5833333333333334,0.5946374579722644,0.6666666666666666,0.41666666666666663,0.8480727342000902,0.2318475390414453,0.0,0.2916666666666667,22.508582876859077,20000292
EDF-Threshold,16.28757093795951,9,0.75,0.6961697025320529,0.75,0.25,0.8306620957014533,0.20614031898764837,0.0,0.2916666666666667,20.927772359471028,20000293
EDF-Threshold,12.10465587192763,6,0.5,0.5392220955195223,0.6666666666666666,0.5,0.852749262543712,0.23057472857566277,0.0,0.3125,23.0870450804516,20000294
EDF-Threshold,6.631922786427486,3,0.25,0.26856577450927144,0.5833333333333334,0.75,0.8473176157704079,0.18461550508169947,0.0,0.375,19.62062616321995,20000295
EDF-Threshold,13.288967512043186,7,0.5833333333333334,0.5904005917498099,0.6666666666666666,0.41666666666666663,0.8613494388099436,0.24202612444263907,0.0,0.2916666666666667,22.691194227368268,20000296
EDF-Threshold,14.72659029067634,8,0.6666666666666666,0.5830695078846128,0.75,0.33333333333333337,0.8462576614965102,0.18582722919538863,0.0,0.3541666666666667,19.90366143877322,20000297
EDF-Threshold,9.811903190887069,5,0.4166666666666667,0.4170264650514883,0.75,0.5833333333333333,0.844823495971314,0.2197906895673887,0.0,0.2916666666666667,21.36397896069034,20000298
EDF-Threshold,12.759383153157332,7,0.5833333333333334,0.5644161398765001,0.75,0.41666666666666663,0.8445162590725447,0.2097516922184647,0.0,0.3125,21.365097873098893,20000299
EDF-Threshold,12.25316943158609,6,0.5,0.5983281600581524,0.5833333333333334,0.5,0.8818145945029189,0.23524657479735564,0.0,0.3125,22.44147755719691,20000300
EDF-Threshold,14.240070401607976,8,0.6666666666666666,0.6470455377911905,0.75,0.33333333333333337,0.8612984424757388,0.23552960837268508,0.0,0.2916666666666667,21.986631038040958,20000301
EDF-Threshold,13.946831740143875,7,0.5833333333333334,0.5737420965494386,0.5833333333333334,0.41666666666666663,0.8524171629981936,0.18921775714517874,0.0,0.3541666666666667,21.552813095131903,20000302
EDF-Threshold,13.864008747973838,7,0.5833333333333334,0.6706236882528721,0.75,0.41666666666666663,0.8562544971222968,0.20938765802106088,0.0,0.3125,22.08750567778671,20000303
EDF-Threshold,19.705710846876183,11,0.9166666666666666,0.8918879750027561,0.9166666666666666,0.08333333333333337,0.8661202150732784,0.2194563633301292,0.0,0.22916666666666666,25.96736540513191,20000304
EDF-Threshold,19.637445220275826,11,0.9166666666666666,0.8941147543676649,0.9166666666666666,0.08333333333333337,0.8533497156677091,0.1998655315678882,0.0,0.22916666666666666,25.219711517840132,20000305
EDF-Threshold,15.242499169665479,8,0.6666666666666666,0.6998991823404141,0.8333333333333334,0.33333333333333337,0.8478011193594677,0.20387072730784586,0.0,0.2708333333333333,24.022820887708477,20000306
EDF-Threshold,13.518870153640483,7,0.5833333333333334,0.6222279397982226,0.6666666666666666,0.41666666666666663,0.8507852976634894,0.21395488059912784,0.0,0.3541666666666667,20.7055921191057,20000307
EDF-Threshold,13.439116409333678,7,0.5833333333333334,0.5654703406094517,0.6666666666666666,0.41666666666666663,0.8798654388747104,0.22887760048547331,0.0,0.3125,22.8837290907462,20000308
EDF-Threshold,13.484915440959458,7,0.5833333333333334,0.5568769239902276,0.6666666666666666,0.41666666666666663,0.8793473999725161,0.24162835274372954,0.0,0.2916666666666667,22.727580375914837,20000309
EDF-Threshold,13.5793895532675,7,0.5833333333333334,0.6059517569316817,0.75,0.41666666666666663,0.8757029067794525,0.1775487185569329,0.0,0.3541666666666667,21.414540073226533,20000310
EDF-Threshold,9.72004579129132,5,0.4166666666666667,0.4610468715026317,0.6666666666666666,0.5833333333333333,0.8425263698594895,0.217649396430746,0.0,0.3333333333333333,20.19223182325595,20000311
EDF-Threshold,12.352299083124551,6,0.5,0.5950936011663138,0.6666666666666666,0.5,0.8614465023620962,0.20020098576218723,0.0,0.3333333333333333,21.381381375496098,20000312
EDF-Threshold,8.394793396282555,4,0.3333333333333333,0.3647137071701637,0.6666666666666666,0.6666666666666667,0.8789756623708791,0.22620048527356562,0.0,0.3333333333333333,21.089770658111846,20000313
EDF-Threshold,14.672054760660961,8,0.6666666666666666,0.7634391802820604,0.75,0.33333333333333337,0.8298548484236594,0.24943923946911384,0.0,0.2708333333333333,22.70513159536648,20000314
EDF-Threshold,4.624752037869569,2,0.16666666666666666,0.25973852583220114,0.5833333333333334,0.8333333333333334,0.8671068682387618,0.2348698370683782,0.0,0.3333333333333333,20.763482489047565,20000315
EDF-Threshold,15.076355798904364,8,0.6666666666666666,0.5911399307665731,0.6666666666666666,0.33333333333333337,0.8576488601528259,0.22084391667195402,0.0,0.3333333333333333,22.10204956959855,20000316
EDF-Threshold,14.773463366357134,8,0.6666666666666666,0.6326104160078782,0.75,0.33333333333333337,0.8546726025137598,0.22151236146741624,0.0,0.2708333333333333,24.31724925791728,20000317
EDF-Threshold,10.292282920435362,5,0.4166666666666667,0.44055248783326906,0.6666666666666666,0.5833333333333333,0.8767982356635194,0.23257010823338564,0.0,0.3125,23.087359416414092,20000318
EDF-Threshold,9.55912997592252,5,0.4166666666666667,0.44208860014290585,0.5833333333333334,0.5833333333333333,0.8550521689510036,0.24762150419104534,0.0,0.2916666666666667,22.641411019387572,20000319
EDF-Threshold,13.231152102857582,7,0.5833333333333334,0.4901994925259238,0.6666666666666666,0.41666666666666663,0.8448874621050285,0.2058454489060948,0.0,0.3125,21.128011161892257,20000320
EDF-Threshold,19.906584860696977,11,0.9166666666666666,0.8988303283678274,0.9166666666666666,0.08333333333333337,0.8338583086637105,0.2143385134344149,0.0,0.22916666666666666,24.792111388665305,20000321
EDF-Threshold,15.077566529395725,8,0.6666666666666666,0.673105902254222,0.6666666666666666,0.33333333333333337,0.8354477413463225,0.22112399721503007,0.0,0.3125,21.257122397499014,20000322
EDF-Threshold,10.26802292255932,5,0.4166666666666667,0.4176690101182614,0.75,0.5833333333333333,0.8572092679824957,0.21808876820717638,0.0,0.2916666666666667,22.748120279660824,20000323
EDF-Threshold,15.03238973338926,8,0.6666666666666666,0.6830957329567198,0.75,0.33333333333333337,0.8676452782769829,0.24683713128315624,0.0,0.22916666666666666,24.828619887005587,20000324
EDF-Threshold,16.347943150684063,9,0.75,0.6965895932335844,0.8333333333333334,0.25,0.8599780729207902,0.22195301415168892,0.0,0.25,24.89691151325829,20000325
EDF-Threshold,8.15209678747686,4,0.3333333333333333,0.33437304174892335,0.5833333333333334,0.6666666666666667,0.8386789391254114,0.21244143229703863,0.0,0.3541666666666667,19.570137634231582,20000326
EDF-Threshold,14.743024572916148,8,0.6666666666666666,0.6494316470585567,0.6666666666666666,0.33333333333333337,0.8389187584604386,0.19307304839699402,0.0,0.3125,22.32578869656147,20000327
EDF-Threshold,16.987077687053322,9,0.75,0.6968032945534653,0.75,0.25,0.8707749072597245,0.21006310197382763,0.0,0.3125,22.662191682599136,20000328
EDF-Threshold,11.761348750962425,6,0.5,0.49662923536787007,0.6666666666666666,0.5,0.8510608846311362,0.22917713428672504,0.0,0.3125,22.290292912336486,20000329
EDF-Threshold,10.185462103676812,5,0.4166666666666667,0.5082637102054953,0.6666666666666666,0.5833333333333333,0.833727056526992,0.20255131562403275,0.0,0.2916666666666667,22.260694603204435,20000330
EDF-Threshold,16.395294339159815,9,0.75,0.7363789748247896,0.8333333333333334,0.25,0.9070928089094554,0.24158866262700485,0.0,0.25,24.96316571577929,20000331
EDF-Threshold,9.882326193774508,5,0.4166666666666667,0.5140724900091304,0.75,0.5833333333333333,0.832693797934774,0.23030223139381786,0.0,0.25,23.07239482279683,20000332
EDF-Threshold,9.696600833183258,5,0.4166666666666667,0.46853940610842876,0.6666666666666666,0.5833333333333333,0.8397160934061133,0.20993370533188185,0.0,0.3333333333333333,21.166069662512378,20000333
EDF-Threshold,12.000629182802122,6,0.5,0.4159662523264177,0.6666666666666666,0.5,0.8587291052765677,0.17983713568413187,0.0,0.3541666666666667,20.36055683990201,20000334
EDF-Threshold,13.109128542253615,7,0.5833333333333334,0.6415060586382942,0.6666666666666666,0.41666666666666663,0.8314269708060916,0.229825006861021,0.0,0.3125,22.091761397284543,20000335
EDF-Threshold,6.095744373858846,3,0.25,0.27501434195167046,0.6666666666666666,0.75,0.8796113891880358,0.2678774332418232,0.0,0.2916666666666667,22.904005085516772,20000336
EDF-Threshold,12.50593358273766,7,0.5833333333333334,0.5096682389784705,0.6666666666666666,0.41666666666666663,0.8687709211942637,0.2396754961430286,0.0,0.2916666666666667,22.405539718805098,20000337
EDF-Threshold,19.221989001915485,10,0.8333333333333334,0.828131756338767,0.8333333333333334,0.16666666666666663,0.8849783681040412,0.1952586580849939,0.0,0.2916666666666667,23.687907258371446,20000338
EDF-Threshold,16.904668751751114,9,0.75,0.7028204328399341,0.75,0.25,0.8784439872193189,0.19957394510488413,0.0,0.3125,21.84416524328752,20000339
EDF-Threshold,11.516151856500008,6,0.5,0.4996729082863358,0.6666666666666666,0.5,0.8299264941421199,0.21734137405101073,0.0,0.3333333333333333,20.77296335251608,20000340
EDF-Threshold,16.868105548327,9,0.75,0.7713917089731924,0.75,0.25,0.8753174128493614,0.22821348171805234,0.0,0.3125,22.36689308489934,20000341
EDF-Threshold,15.995390523765561,9,0.75,0.720441237788302,0.75,0.25,0.8625551908760855,0.22186629583051334,0.0,0.3125,22.933343546467366,20000342
EDF-Threshold,14.112401489146116,8,0.6666666666666666,0.554798600667037,0.75,0.33333333333333337,0.8142019305296575,0.2319877718350377,0.0,0.25,23.19874474565333,20000343
EDF-Threshold,10.715829619426849,6,0.5,0.5245032133171779,0.5833333333333334,0.5,0.8092386447815091,0.22475470866861014,0.0,0.3125,20.927308556689905,20000344
EDF-Threshold,9.907864044083098,5,0.4166666666666667,0.44745386209277627,0.5833333333333334,0.5833333333333333,0.850777791131151,0.22692444668254494,0.0,0.3125,21.498246721206563,20000345
EDF-Threshold,11.341605504941368,6,0.5,0.4588817791145447,0.6666666666666666,0.5,0.8280856097605894,0.20716952534147248,0.0,0.3125,22.19459237947375,20000346
EDF-Threshold,12.190153203202579,6,0.5,0.5245060367250403,0.75,0.5,0.8709724323751572,0.21126837773204557,0.0,0.3125,22.0279275501636,20000347
EDF-Threshold,14.96312599880687,8,0.6666666666666666,0.6636986783680859,0.6666666666666666,0.33333333333333337,0.8691112974563069,0.24306219896938508,0.0,0.2708333333333333,24.0882060366378,20000348
EDF-Threshold,21.466335020743465,12,1.0,1.0,1.0,0.0,0.8910990356855688,0.23757168982822793,0.0,0.22916666666666666,25.682901807159958,20000349
EDF-Threshold,11.098483892757297,6,0.5,0.5350465908791704,0.5833333333333334,0.5,0.865009830272565,0.2534815583955619,0.0,0.3125,21.69096751592029,20000350
EDF-Threshold,11.542123551816378,6,0.5,0.5471350344308944,0.6666666666666666,0.5,0.85209938204038,0.2356108426455881,0.0,0.2708333333333333,22.8698159970114,20000351
EDF-Threshold,9.728461151170448,5,0.4166666666666667,0.4892062642604647,0.75,0.5833333333333333,0.8339074156504628,0.23353976475195096,0.0,0.25,23.907344876096865,20000352
EDF-Threshold,7.882438776604585,4,0.3333333333333333,0.3440382765781285,0.5833333333333334,0.6666666666666667,0.8417022301317955,0.21654967230725175,0.0,0.3125,21.093851295458364,20000353
EDF-Threshold,14.501591337457993,8,0.6666666666666666,0.6332516776658648,0.75,0.33333333333333337,0.8081187985559337,0.21402181062734324,0.0,0.2708333333333333,22.213520708447238,20000354
EDF-Threshold,15.942897624378432,9,0.75,0.7735564146127355,0.75,0.25,0.8470830264397874,0.22964001536030865,0.0,0.2708333333333333,22.383271849347125,20000355
EDF-Threshold,13.46672627068006,7,0.5833333333333334,0.5921657240902947,0.75,0.41666666666666663,0.8678396565220474,0.21787880734163556,0.0,0.2916666666666667,21.763853639196732,20000356
EDF-Threshold,13.066861469763849,7,0.5833333333333334,0.558734128082242,0.6666666666666666,0.41666666666666663,0.8543944938738107,0.2144865211304875,0.0,0.3125,21.676295953470557,20000357
EDF-Threshold,20.212530855107396,11,0.9166666666666666,0.9295829565302051,0.9166666666666666,0.08333333333333337,0.8594149553200016,0.17531645420569344,0.0,0.2916666666666667,24.765885272534078,20000358
EDF-Threshold,18.236243368280892,10,0.8333333333333334,0.7267707823621701,0.8333333333333334,0.16666666666666663,0.8875642910794251,0.20331466752061714,0.0,0.25,24.565323176128864,20000359
EDF-Threshold,16.808689787790897,9,0.75,0.7822438652526064,0.75,0.25,0.841570569615194,0.2028510808485585,0.0,0.3125,22.648749827493603,20000360
EDF-Threshold,10.664968558851013,5,0.4166666666666667,0.42496445558476975,0.6666666666666666,0.5833333333333333,0.8645387760959621,0.19338406107803693,0.0,0.3333333333333333,21.530853753965502,20000361
EDF-Threshold,13.055371216340921,7,0.5833333333333334,0.6020973939816405,0.6666666666666666,0.41666666666666663,0.8453261313516055,0.23300534097397316,0.0,0.3125,21.06817317065238,20000362
EDF-Threshold,4.727136469364733,2,0.16666666666666666,0.20576987888169748,0.5833333333333334,0.8333333333333334,0.8620060579740002,0.22555066619853759,0.0,0.3333333333333333,21.621426171396276,20000363
EDF-Threshold,12.747123509956861,7,0.5833333333333334,0.5294187879664941,0.6666666666666666,0.41666666666666663,0.8067569214416679,0.21783277265151035,0.0,0.2916666666666667,20.816392617379115,20000364
EDF-Threshold,11.508843365499667,6,0.5,0.564423783524878,0.5833333333333334,0.5,0.7984867948023145,0.21784614039501426,0.0,0.3333333333333333,20.19615930266452,20000365
EDF-Threshold,13.880098124668818,7,0.5833333333333334,0.5870418870848089,0.5833333333333334,0.41666666666666663,0.8777628683443162,0.2280328271744243,0.0,0.3125,23.53793425106948,20000366
EDF-Threshold,14.912934182165323,8,0.6666666666666666,0.6820751504717713,0.75,0.33333333333333337,0.8515240108981924,0.22588739002542432,0.0,0.2708333333333333,23.36982860148306,20000367
EDF-Threshold,18.259247862317427,10,0.8333333333333334,0.814985628187016,0.8333333333333334,0.16666666666666663,0.8423409082171491,0.21073513772426344,0.0,0.2708333333333333,23.04722446934663,20000368
EDF-Threshold,13.036496946398092,7,0.5833333333333334,0.5574338095813752,0.6666666666666666,0.41666666666666663,0.8669882793807933,0.2568579443836365,0.0,0.3333333333333333,21.84154924992796,20000369
EDF-Threshold,12.833816275192534,7,0.5833333333333334,0.516265669288423,0.6666666666666666,0.41666666666666663,0.8357601075388247,0.18923955800459927,0.0,0.3541666666666667,19.699046664481678,20000370
EDF-Threshold,15.267815244506327,8,0.6666666666666666,0.6253714614607077,0.6666666666666666,0.33333333333333337,0.8724536249461362,0.20003176490862176,0.0,0.3541666666666667,22.216725646127653,20000371
EDF-Threshold,6.339398374187824,3,0.25,0.298361637160826,0.5833333333333334,0.75,0.8402678154043492,0.2322185138921442,0.0,0.3125,21.52110878807561,20000372
EDF-Threshold,17.82072179530509,10,0.8333333333333334,0.7976215489797726,0.8333333333333334,0.16666666666666663,0.8534947770997162,0.20358016073261131,0.0,0.2916666666666667,22.93992319669509,20000373
EDF-Threshold,14.5494118319206,8,0.6666666666666666,0.647222227543389,0.75,0.33333333333333337,0.8393828081163156,0.23414833121373727,0.0,0.2708333333333333,23.263088323163537,20000374
EDF-Threshold,17.00606253606852,9,0.75,0.7189355948674772,0.8333333333333334,0.25,0.89048639589351,0.24073667876656335,0.0,0.25,24.4813317365063,20000375
EDF-Threshold,13.072080138325,7,0.5833333333333334,0.6372225067468973,0.75,0.41666666666666663,0.8123857344464348,0.21267103203219415,0.0,0.2916666666666667,21.67845597710489,20000376
EDF-Threshold,15.962127221462138,9,0.75,0.6278538024510304,0.75,0.25,0.8238527827805381,0.20206969859108795,0.0,0.2916666666666667,21.60455497238862,20000377
EDF-Threshold,16.583914749177012,9,0.75,0.6821455861032286,0.75,0.25,0.8374491844724542,0.2128919619836183,0.0,0.2916666666666667,24.21704330130113,20000378
EDF-Threshold,9.950692412674286,5,0.4166666666666667,0.46693593073945017,0.75,0.5833333333333333,0.8609086410629289,0.21717331108674032,0.0,0.2916666666666667,22.4154106139774,20000379
EDF-Threshold,16.988023401422033,9,0.75,0.7752352825810437,0.75,0.25,0.8883100198311062,0.21544030797731187,0.0,0.2916666666666667,22.536828982338765,20000380
EDF-Threshold,6.649445872237369,3,0.25,0.31909156285923634,0.5833333333333334,0.75,0.85147709217902,0.22990250497261688,0.0,0.3333333333333333,22.01524224520317,20000381
EDF-Threshold,19.846743848450785,11,0.9166666666666666,0.8247587964879989,0.9166666666666666,0.08333333333333337,0.8837057463732328,0.20009982940083915,0.0,0.25,24.047132180334877,20000382
EDF-Threshold,16.82833212238705,9,0.75,0.6977924781209877,0.75,0.25,0.862919444865712,0.19495847810572622,0.0,0.3333333333333333,21.85011917675566,20000383
EDF-Threshold,11.513032379698839,6,0.5,0.5228455425134448,0.6666666666666666,0.5,0.8440179970332133,0.225593259466813,0.0,0.2916666666666667,21.792885195482345,20000384
EDF-Threshold,12.443749891839518,7,0.5833333333333334,0.5743296470600059,0.6666666666666666,0.41666666666666663,0.8183680386271478,0.2174881118514527,0.0,0.2916666666666667,21.52375197728489,20000385
EDF-Threshold,9.18676169827757,5,0.4166666666666667,0.42340292918961087,0.5833333333333334,0.5833333333333333,0.815205270377985,0.2301732209220483,0.0,0.3125,21.440463919887897,20000386
EDF-Threshold,18.731942527444776,10,0.8333333333333334,0.8515689951437148,0.8333333333333334,0.16666666666666663,0.8742548074855799,0.2241748020249044,0.0,0.25,24.805731364465483,20000387
EDF-Threshold,20.21574401577184,11,0.9166666666666666,0.8874413006884836,0.9166666666666666,0.08333333333333337,0.882051072382151,0.1984207474182106,0.0,0.2916666666666667,23.6443301783321,20000388
EDF-Threshold,15.894169439863928,8,0.6666666666666666,0.6563387704098982,0.8333333333333334,0.33333333333333337,0.9105020298491423,0.2206225831203645,0.0,0.2916666666666667,24.12746591873807,20000389
EDF-Threshold,17.056221214733853,9,0.75,0.7280131237449886,0.75,0.25,0.8811182507160403,0.21214709017757785,0.0,0.2916666666666667,23.493081038349583,20000390
EDF-Threshold,18.44098819324557,10,0.8333333333333334,0.8617873395708767,0.8333333333333334,0.16666666666666663,0.8755405180387091,0.2336332016320978,0.0,0.2708333333333333,24.622291479487092,20000391
EDF-Threshold,18.31545020608734,10,0.8333333333333334,0.7949852274940663,0.8333333333333334,0.16666666666666663,0.860016029876364,0.22343083700642596,0.0,0.2708333333333333,23.372920974494075,20000392
EDF-Threshold,8.86878419472771,4,0.3333333333333333,0.38245303337004294,0.5833333333333334,0.6666666666666667,0.8703086757651312,0.2024421974728643,0.0,0.3541666666666667,21.440927277240725,20000393
EDF-Threshold,13.479287576977923,7,0.5833333333333334,0.5134425604397369,0.6666666666666666,0.41666666666666663,0.8505423131147664,0.22317043042639498,0.0,0.3125,21.92790069498839,20000394
EDF-Threshold,17.089732210968315,9,0.75,0.6704672842704762,0.8333333333333334,0.25,0.8814115407911807,0.20642627508407155,0.0,0.3125,23.409474732539596,20000395
EDF-Threshold,11.712107811856267,6,0.5,0.6385749438980809,0.6666666666666666,0.5,0.8032220578966031,0.20059719805697238,0.0,0.3333333333333333,19.94192503459843,20000396
EDF-Threshold,17.351899276081713,10,0.8333333333333334,0.7319835010529416,0.8333333333333334,0.16666666666666663,0.8552571244531896,0.21618372614909806,0.0,0.2708333333333333,23.226888280533718,20000397
EDF-Threshold,19.659394539747353,11,0.9166666666666666,0.9287306554884953,0.9166666666666666,0.08333333333333337,0.8580699329966378,0.21760856230974243,0.0,0.25,23.750018948316715,20000398
EDF-Threshold,12.698754247387583,7,0.5833333333333334,0.5982468889878882,0.6666666666666666,0.41666666666666663,0.8319077151871838,0.22298650562506353,0.0,0.3333333333333333,21.22511041992778,20000399
EDF-Threshold,13.592863247500485,7,0.5833333333333334,0.6161992734502933,0.75,0.41666666666666663,0.8522815838140995,0.18722413791528414,0.0,0.3333333333333333,21.405917195418823,20000400
EDF-Threshold,12.20763921679279,6,0.5,0.5027986199694028,0.5833333333333334,0.5,0.8621853593530063,0.20556655320611558,0.0,0.3541666666666667,21.724503556547287,20000401
EDF-Threshold,10.504028386450784,5,0.4166666666666667,0.4480809916317924,0.5833333333333334,0.5833333333333333,0.8446930967441539,0.20404812790145957,0.0,0.3333333333333333,20.381824267738878,20000402
EDF-Threshold,13.319871399344805,7,0.5833333333333334,0.5289806479878172,0.6666666666666666,0.41666666666666663,0.8489386756879251,0.22172074252329055,0.0,0.3333333333333333,21.512933984757503,20000403
EDF-Threshold,8.787635312203044,5,0.4166666666666667,0.41611448747568036,0.5833333333333334,0.5833333333333333,0.8188225609065524,0.23414454949632366,0.0,0.3125,19.87886261864912,20000404
EDF-Threshold,8.322835692768923,4,0.3333333333333333,0.33275719576103724,0.5,0.6666666666666667,0.830348869489022,0.1824742799053858,0.0,0.375,19.662082189254342,20000405
EDF-Threshold,13.096301940338504,7,0.5833333333333334,0.5545989984316994,0.6666666666666666,0.41666666666666663,0.8819098243851796,0.23062521762621926,0.0,0.3125,22.83216975408533,20000406
EDF-Threshold,11.767785149811647,6,0.5,0.49425897948652703,0.6666666666666666,0.5,0.8811333313507607,0.20965407496365226,0.0,0.3125,22.47003295019255,20000407
EDF-Threshold,10.95498759333471,6,0.5,0.41995079660048085,0.75,0.5,0.8189980063683001,0.19876943079939913,0.0,0.2916666666666667,22.611165448103268,20000408
EDF-Threshold,8.128026301197151,4,0.3333333333333333,0.350818843947508,0.6666666666666666,0.6666666666666667,0.8832487576905522,0.2387860367368536,0.0,0.3125,22.502329678017805,20000409
EDF-Threshold,16.76667219135469,9,0.75,0.784352009901502,0.75,0.25,0.852678831281433,0.20113081115714004,0.0,0.2916666666666667,22.165087406084023,20000410
EDF-Threshold,8.27299393828833,4,0.3333333333333333,0.3840954151591872,0.6666666666666666,0.6666666666666667,0.8275009007653448,0.2058444427353201,0.0,0.2916666666666667,20.90534643896407,20000411
EDF-Threshold,13.341805260552178,7,0.5833333333333334,0.6339996840414708,0.5833333333333334,0.41666666666666663,0.8386928028706123,0.21412109813373215,0.0,0.3541666666666667,20.027274564435963,20000412
EDF-Threshold,13.736919108718682,7,0.5833333333333334,0.5675163818066334,0.75,0.41666666666666663,0.8562528490652953,0.17839484121011392,0.0,0.3541666666666667,21.331989368491215,20000413
EDF-Threshold,11.249461085721494,6,0.5,0.46118093765521334,0.6666666666666666,0.5,0.8465982332752507,0.21678221193948702,0.0,0.3125,20.837026454116977,20000414
EDF-Threshold,15.21804464432779,8,0.6666666666666666,0.746638448142474,0.6666666666666666,0.33333333333333337,0.8784164523992545,0.23269667086134818,0.0,0.3125,22.894784897849945,20000415
EDF-Threshold,11.143830807011643,6,0.5,0.45566726543776787,0.6666666666666666,0.5,0.8478218927693741,0.21307261011229947,0.0,0.3333333333333333,20.31110175088424,20000416
EDF-Threshold,15.45378638219427,8,0.6666666666666666,0.673564645902809,0.75,0.33333333333333337,0.8545410230016697,0.20413020266690585,0.0,0.3125,22.990840808061435,20000417
EDF-Threshold,20.11866426329582,11,0.9166666666666666,0.9461829003078187,0.9166666666666666,0.08333333333333337,0.8552181204389885,0.20704039638498295,0.0,0.2708333333333333,24.459364794182996,20000418
EDF-Threshold,12.306868257744112,7,0.5833333333333334,0.5996502318602629,0.5833333333333334,0.41666666666666663,0.8125101241460753,0.24517517340786618,0.0,0.3333333333333333,19.56858349081981,20000419
EDF-Threshold,19.89398390397415,11,0.9166666666666666,0.861171949506188,0.9166666666666666,0.08333333333333337,0.8822106249484309,0.21921845679818963,0.0,0.25,23.83439068748612,20000420
EDF-Threshold,13.017557207293613,7,0.5833333333333334,0.553192069356678,0.5833333333333334,0.41666666666666663,0.8535862644855506,0.22735934171740876,0.0,0.3333333333333333,21.859570832710663,20000421
EDF-Threshold,16.45351060614498,9,0.75,0.6605554437374357,0.75,0.25,0.8306421424369953,0.18215236454752934,0.0,0.2916666666666667,21.78625295468248,20000422
EDF-Threshold,15.617732353647297,9,0.75,0.6360579832199457,0.8333333333333334,0.25,0.8331630630023962,0.21229995123589282,0.0,0.2708333333333333,21.70015189919198,20000423
EDF-Threshold,11.183509765897444,6,0.5,0.46260975273819444,0.6666666666666666,0.5,0.8426707066653947,0.21659045691626835,0.0,0.3125,21.341690925080098,20000424
EDF-Threshold,9.630051842742471,5,0.4166666666666667,0.39260413702485203,0.6666666666666666,0.5833333333333333,0.8362737339425476,0.22186034364856663,0.0,0.3125,21.40561462652151,20000425
EDF-Threshold,16.446987181934436,9,0.75,0.7049257338527423,0.75,0.25,0.8667979135905742,0.22126505409103125,0.0,0.2916666666666667,21.981736430754687,20000426
EDF-Threshold,16.50254038079952,9,0.75,0.6671671072217922,0.75,0.25,0.8694731298400105,0.20252936480520464,0.0,0.2916666666666667,23.149274882335366,20000427
EDF-Threshold,18.769041247883916,10,0.8333333333333334,0.7980224993123696,0.8333333333333334,0.16666666666666663,0.8818136775747273,0.22710087157115022,0.0,0.25,24.94737201781468,20000428
EDF-Threshold,16.550416280444317,9,0.75,0.8049209922310382,0.8333333333333334,0.25,0.8609692567902206,0.21358878932725056,0.0,0.2916666666666667,22.119724847688754,20000429
EDF-Threshold,15.715301870352132,9,0.75,0.7871902958679047,0.75,0.25,0.8459946858927788,0.2302294178194142,0.0,0.2708333333333333,21.993051661282575,20000430
EDF-Threshold,14.58240978670309,8,0.6666666666666666,0.6700727617065965,0.75,0.33333333333333337,0.81562635406473,0.23609729185840286,0.0,0.2708333333333333,22.77112328306993,20000431
EDF-Threshold,15.051535497083943,8,0.6666666666666666,0.6500745787048356,0.8333333333333334,0.33333333333333337,0.880856738308907,0.2299359109272073,0.0,0.25,24.93144344412545,20000432
EDF-Threshold,13.163381754900355,7,0.5833333333333334,0.5665576474463543,0.6666666666666666,0.41666666666666663,0.8730341463738166,0.23697930021895738,0.0,0.2916666666666667,21.651062725863756,20000433
EDF-Threshold,14.725771870683324,8,0.6666666666666666,0.6834920776148982,0.6666666666666666,0.33333333333333337,0.8464786443945244,0.227805481370585,0.0,0.2916666666666667,21.856048028301036,20000434
EDF-Threshold,19.207637821518613,10,0.8333333333333334,0.9104267239661905,0.8333333333333334,0.16666666666666663,0.8884341045885261,0.2312972528176608,0.0,0.2708333333333333,25.29894417891963,20000435
EDF-Threshold,18.277823302564794,10,0.8333333333333334,0.8301642378986454,0.8333333333333334,0.16666666666666663,0.8847108133706548,0.22625073719306946,0.0,0.25,24.438483187435413,20000436
EDF-Threshold,13.785264749685608,7,0.5833333333333334,0.6369997069952671,0.8333333333333334,0.41666666666666663,0.8763802565513235,0.22543851381902458,0.0,0.2708333333333333,24.14854519943049,20000437
EDF-Threshold,14.555902448258042,8,0.6666666666666666,0.6212469755097814,0.6666666666666666,0.33333333333333337,0.7979841982563238,0.19590552922885593,0.0,0.3333333333333333,19.64160076547841,20000438
EDF-Threshold,9.287239780207337,5,0.4166666666666667,0.40512958952370265,0.5833333333333334,0.5833333333333333,0.8221501306775659,0.24471509130636704,0.0,0.3125,20.578575995364304,20000439
EDF-Threshold,15.786737834863253,9,0.75,0.6051829383398557,0.9166666666666666,0.25,0.8392512243580695,0.20146600917378968,0.0,0.25,22.669367443043377,20000440
EDF-Threshold,8.655964182738312,5,0.4166666666666667,0.3910807662322822,0.5,0.5833333333333333,0.7934099640645288,0.21873749709742565,0.0,0.3541666666666667,17.985869458515662,20000441
EDF-Threshold,17.51189034659075,10,0.8333333333333334,0.7337190744667499,0.8333333333333334,0.16666666666666663,0.8702293021452266,0.22144557652159055,0.0,0.25,24.000390947781547,20000442
EDF-Threshold,15.461197684211932,8,0.6666666666666666,0.6828610543270173,0.6666666666666666,0.33333333333333337,0.8951577788699129,0.2288577261671342,0.0,0.3125,23.511678329594016,20000443
EDF-Threshold,9.74991934337667,5,0.4166666666666667,0.3791440073111821,0.6666666666666666,0.5833333333333333,0.8359221742599764,0.20721929118360735,0.0,0.3125,21.085646133551162,20000444
EDF-Threshold,10.315785293636868,5,0.4166666666666667,0.43997339462978696,0.6666666666666666,0.5833333333333333,0.8447930931997072,0.19874428004587252,0.0,0.3333333333333333,20.84196897131022,20000445
EDF-Threshold,10.447785324950523,5,0.4166666666666667,0.38435072868932996,0.6666666666666666,0.5833333333333333,0.8879826862908268,0.1942334164888849,0.0,0.3333333333333333,22.983090837012913,20000446
EDF-Threshold,7.558583031756393,4,0.3333333333333333,0.3097250527656297,0.5833333333333334,0.6666666666666667,0.8536697247210464,0.25046954225977075,0.0,0.2916666666666667,22.96050646882658,20000447
EDF-Threshold,13.190822646642955,7,0.5833333333333334,0.6302264054587717,0.6666666666666666,0.41666666666666663,0.8783527845942017,0.23453430486110682,0.0,0.2916666666666667,22.25893354231687,20000448
EDF-Threshold,18.06883281861188,10,0.8333333333333334,0.7362359466404191,0.8333333333333334,0.16666666666666663,0.8368265418872013,0.20345734281332872,0.0,0.2708333333333333,23.186253442106086,20000449
EDF-Threshold,14.643985665645259,8,0.6666666666666666,0.5606010202257347,0.6666666666666666,0.33333333333333337,0.8863356787195439,0.23686460849309024,0.0,0.2916666666666667,22.93255651058539,20000450
EDF-Threshold,13.056985002834839,7,0.5833333333333334,0.5596559797448016,0.75,0.41666666666666663,0.8481201356229692,0.21590824072224227,0.0,0.2916666666666667,21.636731419971195,20000451
EDF-Threshold,15.446023244540037,8,0.6666666666666666,0.6196232602264524,0.6666666666666666,0.33333333333333337,0.887004998183461,0.23103659001262988,0.0,0.3125,24.33923753949325,20000452
EDF-Threshold,7.7745874269620865,4,0.3333333333333333,0.4042047775378798,0.5,0.6666666666666667,0.8256020368391984,0.24695550749601547,0.0,0.3541666666666667,19.407864419889528,20000453
EDF-Threshold,6.135502451313163,3,0.25,0.3304775017688371,0.5,0.75,0.8460181764331708,0.22480882384811388,0.0,0.3541666666666667,19.91854605236669,20000454
EDF-Threshold,14.451273848098364,8,0.6666666666666666,0.6706268695246335,0.75,0.33333333333333337,0.8447132074701494,0.2432313651901111,0.0,0.2708333333333333,21.90912262373804,20000455
EDF-Threshold,16.63080297250335,9,0.75,0.7749403187611663,0.75,0.25,0.8618776571825814,0.22204160109379031,0.0,0.2916666666666667,22.582845614660652,20000456
EDF-Threshold,7.878285268450508,4,0.3333333333333333,0.29220328834618275,0.5833333333333334,0.6666666666666667,0.8279229051057984,0.20758096518376842,0.0,0.3541666666666667,19.51548005745429,20000457
EDF-Threshold,4.0571571041880965,2,0.16666666666666666,0.20639932808269387,0.5,0.8333333333333334,0.8521695361419764,0.2436207161248949,0.0,0.3541666666666667,20.536171719058665,20000458
EDF-Threshold,18.953146980352482,10,0.8333333333333334,0.8079937071293773,0.8333333333333334,0.16666666666666663,0.9117748222620682,0.22509133666134917,0.0,0.2708333333333333,24.569149920225197,20000459
EDF-Threshold,20.13031799191547,11,0.9166666666666666,0.8693480665574548,0.9166666666666666,0.08333333333333337,0.8665414019554009,0.2187513958065621,0.0,0.22916666666666666,24.778868331574053,20000460
EDF-Threshold,10.206440420150784,5,0.4166666666666667,0.441622208815883,0.6666666666666666,0.5833333333333333,0.8919538704446083,0.24809638262198144,0.0,0.2916666666666667,22.71351375431291,20000461
EDF-Threshold,18.253912749637852,10,0.8333333333333334,0.8160084302700334,0.8333333333333334,0.16666666666666663,0.8862608567478275,0.23789540016680302,0.0,0.2708333333333333,24.129441185557315,20000462
EDF-Threshold,16.390846272066238,9,0.75,0.6576976165059198,0.75,0.25,0.8601821121143828,0.234132951617114,0.0,0.25,24.1130735649812,20000463
EDF-Threshold,13.79734587105795,7,0.5833333333333334,0.6283953782123162,0.75,0.41666666666666663,0.8345635948904794,0.20402845146177828,0.0,0.2916666666666667,22.566534565118104,20000464
EDF-Threshold,14.909568003012685,8,0.6666666666666666,0.7064029553252781,0.6666666666666666,0.33333333333333337,0.8505324316460507,0.20538585655114625,0.0,0.3125,22.581186735207275,20000465
EDF-Threshold,7.721067049346012,4,0.3333333333333333,0.35538686770191225,0.5833333333333334,0.6666666666666667,0.7981706656306441,0.21236809830997605,0.0,0.3125,20.523757790164336,20000466
EDF-Threshold,14.879574128552235,8,0.6666666666666666,0.6512223570257923,0.9166666666666666,0.33333333333333337,0.8258706886654043,0.20804644373323086,0.0,0.22916666666666666,24.2956131272287,20000467
EDF-Threshold,18.12897612127586,10,0.8333333333333334,0.757311655821267,0.8333333333333334,0.16666666666666663,0.8431317957372076,0.19585140182341165,0.0,0.2916666666666667,23.35928945354865,20000468
EDF-Threshold,12.92084863472446,7,0.5833333333333334,0.5437105505577261,0.6666666666666666,0.41666666666666663,0.8340214477568404,0.20624804692025336,0.0,0.2916666666666667,21.952948592060547,20000469
EDF-Threshold,17.873585376952338,10,0.8333333333333334,0.9048155916985438,0.8333333333333334,0.16666666666666663,0.8384128781488117,0.221621916731315,0.0,0.2916666666666667,23.436214128005535,20000470
EDF-Threshold,17.30407419080901,9,0.75,0.7315228740022885,0.75,0.25,0.8974643690653945,0.20942008273225923,0.0,0.3125,22.859253290044638,20000471
EDF-Threshold,13.483126305494373,7,0.5833333333333334,0.5718033916749699,0.6666666666666666,0.41666666666666663,0.8624618343551441,0.20173196776839245,0.0,0.3125,21.034801911740992,20000472
EDF-Threshold,18.03096127206472,10,0.8333333333333334,0.8125591105808411,0.8333333333333334,0.16666666666666663,0.8596287844166163,0.23010342397738706,0.0,0.25,25.403893573800147,20000473
EDF-Threshold,13.56728829450667,7,0.5833333333333334,0.5652578713059533,0.6666666666666666,0.41666666666666663,0.8691376335069126,0.2071460917045854,0.0,0.3333333333333333,22.030536738436794,20000474
EDF-Threshold,11.207892015833611,6,0.5,0.509009805333872,0.6666666666666666,0.5,0.8604168180476767,0.2446229731556954,0.0,0.2708333333333333,22.754664927417863,20000475
EDF-Threshold,12.736508800636464,7,0.5833333333333334,0.6358077995677192,0.6666666666666666,0.41666666666666663,0.8257427243908104,0.20753864443244865,0.0,0.3125,21.296534363277964,20000476
EDF-Threshold,15.081093062951998,8,0.6666666666666666,0.6888110331808882,0.6666666666666666,0.33333333333333337,0.8470038716651435,0.21583700452534382,0.0,0.3125,21.52432591505904,20000477
EDF-Threshold,12.540051240901137,7,0.5833333333333334,0.542069510901533,0.6666666666666666,0.41666666666666663,0.8475866736209703,0.2538175827501064,0.0,0.25,23.224788834178472,20000478
EDF-Threshold,9.720423767082377,5,0.4166666666666667,0.38011260492182,0.6666666666666666,0.5833333333333333,0.8449520932395181,0.2098058035865613,0.0,0.3125,21.62259194957367,20000479
EDF-Threshold,17.14635399906524,9,0.75,0.65468041776416,0.75,0.25,0.9086838139457182,0.22561053292565794,0.0,0.3125,23.722962022402132,20000480
EDF-Threshold,19.904158012165833,11,0.9166666666666666,0.8738563680974366,0.9166666666666666,0.08333333333333337,0.83459159833824,0.20364159120143452,0.0,0.22916666666666666,24.25499304796566,20000481
EDF-Threshold,9.553507348292111,5,0.4166666666666667,0.40662714811148776,0.5833333333333334,0.5833333333333333,0.8386616039308595,0.23120900885020443,0.0,0.3125,22.013712967651298,20000482
EDF-Threshold,18.27082462762212,10,0.8333333333333334,0.797561472329439,0.8333333333333334,0.16666666666666663,0.8565475055634278,0.21142897243817105,0.0,0.22916666666666666,24.99865201517868,20000483
EDF-Threshold,12.160325077003764,6,0.5,0.4712735882671118,0.6666666666666666,0.5,0.8574161439907084,0.20386858960277585,0.0,0.3541666666666667,22.177480527746724,20000484
EDF-Threshold,13.825920828473615,8,0.6666666666666666,0.5852097652423386,0.6666666666666666,0.33333333333333337,0.7991178957194753,0.2178496943380889,0.0,0.2916666666666667,20.417103118288676,20000485
EDF-Threshold,16.714677603412877,9,0.75,0.7711447533201752,0.75,0.25,0.856121231866321,0.22850468262977877,0.0,0.2916666666666667,22.45800920996988,20000486
EDF-Threshold,13.72539477665665,7,0.5833333333333334,0.6142974549840814,0.6666666666666666,0.41666666666666663,0.8603992596084306,0.2061115582107331,0.0,0.3125,23.15394056331421,20000487
EDF-Threshold,12.246709262418932,6,0.5,0.5281342508775182,0.6666666666666666,0.5,0.8571601224619941,0.20031711944720576,0.0,0.3333333333333333,22.417939217362786,20000488
EDF-Threshold,15.236591282399406,8,0.6666666666666666,0.6834153551175015,0.6666666666666666,0.33333333333333337,0.852062809342848,0.22030356547358573,0.0,0.3125,21.21654192450228,20000489
EDF-Threshold,10.38475326436082,6,0.5,0.5217719022872419,0.6666666666666666,0.5,0.8362651078742092,0.264944528724669,0.0,0.2916666666666667,21.26113812660045,20000490
EDF-Threshold,16.33931733395924,9,0.75,0.6619236587155817,0.75,0.25,0.8433008098577471,0.2388677067458306,0.0,0.2708333333333333,23.104575780072107,20000491
EDF-Threshold,13.455690584485646,7,0.5833333333333334,0.6963102686289514,0.5833333333333334,0.41666666666666663,0.8702732214133219,0.22637221245477068,0.0,0.3333333333333333,20.98639027215151,20000492
EDF-Threshold,9.848924112502177,5,0.4166666666666667,0.4497388796413579,0.6666666666666666,0.5833333333333333,0.8440736957747044,0.22594060690136172,0.0,0.3125,21.7396092520046,20000493
EDF-Threshold,17.79304878660778,10,0.8333333333333334,0.7843826851573477,0.8333333333333334,0.16666666666666663,0.8510644309093126,0.2378512255784702,0.0,0.22916666666666666,24.480369417056856,20000494
EDF-Threshold,14.978246820874526,8,0.6666666666666666,0.630428516435735,0.6666666666666666,0.33333333333333337,0.8423058018904558,0.20266752322924567,0.0,0.3333333333333333,21.50943791723245,20000495
EDF-Threshold,20.531113061808817,11,0.9166666666666666,0.9352837700605214,0.9166666666666666,0.08333333333333337,0.8759914910208467,0.21734625267904706,0.0,0.25,25.48660699861599,20000496
EDF-Threshold,16.11125343764828,9,0.75,0.6498629734628306,0.75,0.25,0.8434722193611887,0.19508030737597903,0.0,0.3125,22.126617337787287,20000497
EDF-Threshold,9.977203106309618,5,0.4166666666666667,0.34703661212713455,0.6666666666666666,0.5833333333333333,0.8494826714627116,0.18657254112088664,0.0,0.3333333333333333,21.369214721859464,20000498
EDF-Threshold,11.08172803379043,6,0.5,0.5853142434155703,0.5833333333333334,0.5,0.8154486559369017,0.2334076955268727,0.0,0.3125,20.907507501756783,20000499
SPT-Periodic,16.721981412438737,9,0.75,0.6017113250689397,0.75,0.25,0.8912251259334827,0.18078231960269733,0.0,0.3333333333333333,22.16084131099185,20000000
SPT-Periodic,17.81342463250127,9,0.75,0.6232793949288084,0.8333333333333334,0.25,0.8925773046660508,0.15763841625748135,0.0,0.3333333333333333,22.69273108738774,20000001
SPT-Periodic,17.601082545356515,9,0.75,0.6384771204178709,0.8333333333333334,0.25,0.9235223884415978,0.19003036167133555,0.0,0.3333333333333333,23.812872149366132,20000002
SPT-Periodic,17.623236098647645,9,0.75,0.6314522461303778,0.8333333333333334,0.25,0.8810613750118064,0.1527940883636025,0.0,0.3333333333333333,22.264890697316,20000003
SPT-Periodic,19.249018621320577,10,0.8333333333333334,0.7245283874309036,0.8333333333333334,0.16666666666666663,0.8563111638807276,0.1331192270614253,0.0,0.3333333333333333,22.266513912320576,20000004
SPT-Periodic,12.032776330158118,6,0.5,0.3779127350554382,0.75,0.5,0.8700061638976303,0.1751690623238006,0.0,0.3333333333333333,21.731087042636112,20000005
SPT-Periodic,11.71286696634823,6,0.5,0.3800065455010529,0.6666666666666666,0.5,0.8712638670250681,0.18886682045025352,0.0,0.3333333333333333,21.54206515565172,20000006
SPT-Periodic,13.083734356138862,7,0.5833333333333334,0.3954788957597975,0.75,0.41666666666666663,0.8646159506772596,0.1865378774257942,0.0,0.3333333333333333,22.783426997246764,20000007
SPT-Periodic,14.984594743783989,8,0.6666666666666666,0.5558190599760571,0.6666666666666666,0.33333333333333337,0.8310673277061014,0.18237740918671083,0.0,0.3333333333333333,21.652483325790808,20000008
SPT-Periodic,13.432889800873777,7,0.5833333333333334,0.4575069473326683,0.75,0.41666666666666663,0.8623179554308175,0.17652918993698616,0.0,0.3333333333333333,20.32289167008584,20000009
SPT-Periodic,13.473066084057733,7,0.5833333333333334,0.4299865229985015,0.6666666666666666,0.41666666666666663,0.8614446611853029,0.15925506510622126,0.0,0.3333333333333333,21.116627041695544,20000010
SPT-Periodic,14.016268416864504,7,0.5833333333333334,0.45771685114879296,0.8333333333333334,0.41666666666666663,0.884447479585526,0.15352481462331077,0.0,0.3333333333333333,22.25808703945751,20000011
SPT-Periodic,13.73706626415196,7,0.5833333333333334,0.35796787298085225,0.8333333333333334,0.41666666666666663,0.8993345840007351,0.16349041938047135,0.0,0.3333333333333333,21.926465054504657,20000012
SPT-Periodic,15.305262819267638,8,0.6666666666666666,0.5471501018867152,0.75,0.33333333333333337,0.8570824990189045,0.17277771704379216,0.0,0.3333333333333333,22.345881282981463,20000013
SPT-Periodic,13.50503566654828,7,0.5833333333333334,0.462374473146647,0.75,0.41666666666666663,0.8674991512480063,0.18063194419203307,0.0,0.3333333333333333,21.913777177785946,20000014
SPT-Periodic,17.919045145864786,9,0.75,0.6211692890030405,0.8333333333333334,0.25,0.9233243175041718,0.17692447170957012,0.0,0.3333333333333333,23.35113898362117,20000015
SPT-Periodic,14.858663334514425,8,0.6666666666666666,0.5272351251465728,0.75,0.33333333333333337,0.8555817888829024,0.16665640034782872,0.0,0.3333333333333333,21.353611549069683,20000016
SPT-Periodic,15.23253264633353,8,0.6666666666666666,0.5638217378640892,0.8333333333333334,0.33333333333333337,0.8540245932200378,0.1760377168996353,0.0,0.3333333333333333,22.91903892928143,20000017
SPT-Periodic,13.707978209918794,7,0.5833333333333334,0.5170241704464686,0.6666666666666666,0.41666666666666663,0.8843460177671107,0.2184891186130635,0.0,0.3333333333333333,21.852661671329518,20000018
SPT-Periodic,17.88832037458444,9,0.75,0.608351961878505,0.8333333333333334,0.25,0.9194656442848804,0.15292821531148404,0.0,0.3333333333333333,22.983926044828987,20000019
SPT-Periodic,13.744181313127491,7,0.5833333333333334,0.4171760025102818,0.75,0.41666666666666663,0.884971918755353,0.1653537434018765,0.0,0.3333333333333333,21.929640445773025,20000020
SPT-Periodic,17.609074921939733,9,0.75,0.64440025454073,0.8333333333333334,0.25,0.8818671520779576,0.1341421268518349,0.0,0.3333333333333333,21.03666741304054,20000021
SPT-Periodic,15.119244403052114,8,0.6666666666666666,0.5146216019093102,0.75,0.33333333333333337,0.8437516550752434,0.15187508677571035,0.0,0.3333333333333333,21.68223153245984,20000022
SPT-Periodic,15.287859909445809,8,0.6666666666666666,0.5614797761123763,0.75,0.33333333333333337,0.8622496913487178,0.1850923755940639,0.0,0.3333333333333333,20.999455146001644,20000023
SPT-Periodic,17.97566107236409,9,0.75,0.6336093393400852,0.8333333333333334,0.25,0.9119430027799299,0.16037431414178493,0.0,0.3333333333333333,22.884857006464497,20000024
SPT-Periodic,14.980392413302718,8,0.6666666666666666,0.571809895580389,0.6666666666666666,0.33333333333333337,0.8632027493208473,0.2018048759792771,0.0,0.3333333333333333,21.074854813082084,20000025
SPT-Periodic,18.849148853079605,10,0.8333333333333334,0.7205485742193348,0.8333333333333334,0.16666666666666663,0.8921314698989015,0.1678508789871721,0.0,0.3333333333333333,22.83424369904316,20000026
SPT-Periodic,17.43582290515044,9,0.75,0.6552702818747559,0.8333333333333334,0.25,0.8776041542363178,0.16522459405850234,0.0,0.3333333333333333,21.88149228201248,20000027
SPT-Periodic,15.721419893224834,8,0.6666666666666666,0.5730692997077445,0.8333333333333334,0.33333333333333337,0.8807474040295672,0.15972770902697764,0.0,0.3333333333333333,21.762073034987793,20000028
SPT-Periodic,18.762457744777173,10,0.8333333333333334,0.6924306275656229,0.8333333333333334,0.16666666666666663,0.8586786305860685,0.14460544366052588,0.0,0.3333333333333333,21.50950765168255,20000029
SPT-Periodic,11.270383435744549,6,0.5,0.41142185686345273,0.5833333333333334,0.5,0.8200209252022234,0.19981495622356613,0.0,0.3333333333333333,21.364633236319232,20000030
SPT-Periodic,15.924247465255704,8,0.6666666666666666,0.5777347623113102,0.75,0.33333333333333337,0.8821716404024403,0.17494572787728502,0.0,0.3333333333333333,22.54261408186602,20000031
SPT-Periodic,15.71121162100752,8,0.6666666666666666,0.5473832035172643,0.8333333333333334,0.33333333333333337,0.8958217294737018,0.18683385009814465,0.0,0.3333333333333333,23.958827490851384,20000032
SPT-Periodic,15.298393967503285,8,0.6666666666666666,0.5251752056995722,0.75,0.33333333333333337,0.8859520166055904,0.19015925484833962,0.0,0.3333333333333333,21.0493171576482,20000033
SPT-Periodic,11.555725184992523,6,0.5,0.2939906854284111,0.75,0.5,0.8528617868350833,0.16004097738065517,0.0,0.3333333333333333,21.541749075360016,20000034
SPT-Periodic,11.719749113457453,6,0.5,0.35299159007771347,0.75,0.5,0.8707619122737539,0.17591423925048297,0.0,0.3333333333333333,20.75254756267683,20000035
SPT-Periodic,21.143922391852072,11,0.9166666666666666,0.8312466047947481,0.9166666666666666,0.08333333333333337,0.8879813671878184,0.12475583583996615,0.0,0.3333333333333333,22.286533287440914,20000036
SPT-Periodic,14.010382647532825,7,0.5833333333333334,0.46935187142784357,0.75,0.41666666666666663,0.9002762089364129,0.19290568637048802,0.0,0.3333333333333333,22.16548021203706,20000037
SPT-Periodic,17.355739746327796,9,0.75,0.6162550224034812,0.8333333333333334,0.25,0.8702373250900918,0.1587837479391879,0.0,0.3333333333333333,22.216549554265896,20000038
SPT-Periodic,14.18236716543141,7,0.5833333333333334,0.4933971524732418,0.75,0.41666666666666663,0.880157918317633,0.17008700840757732,0.0,0.3333333333333333,21.321266410315165,20000039
SPT-Periodic,13.846872097453216,7,0.5833333333333334,0.46934160397852,0.6666666666666666,0.41666666666666663,0.8627085836728865,0.17909585910271866,0.0,0.3333333333333333,20.982075914313956,20000040
SPT-Periodic,18.050791649613007,9,0.75,0.6080376190668283,0.8333333333333334,0.25,0.9115727789474212,0.15950206698773198,0.0,0.3333333333333333,23.156351738031237,20000041
SPT-Periodic,15.137526176739177,8,0.6666666666666666,0.4902329077329876,0.75,0.33333333333333337,0.8897888243852252,0.16714944305739787,0.0,0.3333333333333333,22.15417699733805,20000042
SPT-Periodic,15.474743795936398,8,0.6666666666666666,0.5153478221070702,0.75,0.33333333333333337,0.8856247674810916,0.14641218872723938,0.0,0.3333333333333333,21.5101097565675,20000043
SPT-Periodic,12.17023098221105,6,0.5,0.41786684365446153,0.75,0.5,0.8758550018851826,0.18931742578938202,0.0,0.3333333333333333,21.841234030311544,20000044
SPT-Periodic,15.015160903489567,8,0.6666666666666666,0.5653757598208055,0.6666666666666666,0.33333333333333337,0.8372172112886777,0.1919835601060003,0.0,0.3333333333333333,21.91093843726365,20000045
SPT-Periodic,9.083303075071933,5,0.4166666666666667,0.2731407054736645,0.6666666666666666,0.5833333333333333,0.8406620744587671,0.2029980523972823,0.0,0.3333333333333333,21.480701789271205,20000046
SPT-Periodic,18.93371149431381,10,0.8333333333333334,0.689469139428535,0.8333333333333334,0.16666666666666663,0.8843043162787453,0.13247256615420833,0.0,0.3333333333333333,22.94503803018346,20000047
SPT-Periodic,13.414025039615183,7,0.5833333333333334,0.4779967210662703,0.75,0.41666666666666663,0.8474409546911227,0.1846429774061804,0.0,0.3333333333333333,22.3718687357634,20000048
SPT-Periodic,19.155734221010423,10,0.8333333333333334,0.7336753465100263,0.8333333333333334,0.16666666666666663,0.8782696175314127,0.15541991860944568,0.0,0.3333333333333333,23.383896889262388,20000049
SPT-Periodic,17.6177870883823,9,0.75,0.5997988631372276,0.8333333333333334,0.25,0.8828916777991568,0.15064496899549543,0.0,0.3333333333333333,23.046347460933287,20000050
SPT-Periodic,13.4919997639166,7,0.5833333333333334,0.4243953487223561,0.75,0.41666666666666663,0.8811056582445254,0.18180595990677242,0.0,0.3333333333333333,22.996083207709052,20000051
SPT-Periodic,14.04743027734943,7,0.5833333333333334,0.47010090685647676,0.8333333333333334,0.41666666666666663,0.8837708057090773,0.19010771855081066,0.0,0.3333333333333333,23.724299247459992,20000052
SPT-Periodic,13.590520372158489,7,0.5833333333333334,0.42520048076674494,0.75,0.41666666666666663,0.8844219482743668,0.1595190509707044,0.0,0.3333333333333333,21.73757414919104,20000053
SPT-Periodic,19.495097675068884,10,0.8333333333333334,0.7340783494206271,0.8333333333333334,0.16666666666666663,0.8882815708167345,0.16088439731343743,0.0,0.3333333333333333,23.3948286148341,20000054
SPT-Periodic,13.46503700767762,7,0.5833333333333334,0.41459790825273696,0.75,0.41666666666666663,0.8860320346094112,0.17066770605022863,0.0,0.3333333333333333,22.150520874445355,20000055
SPT-Periodic,15.603127302853121,8,0.6666666666666666,0.5060396671148923,0.8333333333333334,0.33333333333333337,0.8781277618941443,0.1651276109689642,0.0,0.3333333333333333,22.588092679470705,20000056
SPT-Periodic,13.04323352648253,7,0.5833333333333334,0.4771104049647672,0.5833333333333334,0.41666666666666663,0.8517870607237933,0.20416963489381612,0.0,0.3333333333333333,20.58254152254703,20000057
SPT-Periodic,14.958472532457021,8,0.6666666666666666,0.502770912203083,0.75,0.33333333333333337,0.8513608655991703,0.15847422941905084,0.0,0.3333333333333333,22.115878096174498,20000058
SPT-Periodic,13.601075784778283,7,0.5833333333333334,0.47992467866798943,0.6666666666666666,0.41666666666666663,0.8826672602670321,0.20006652997786864,0.0,0.3333333333333333,22.3943267876335,20000059
SPT-Periodic,16.071256713768,8,0.6666666666666666,0.4992649438872711,0.8333333333333334,0.33333333333333337,0.904268283606183,0.15699335866925898,0.0,0.3333333333333333,22.86950910997938,20000060
SPT-Periodic,13.311565632906774,7,0.5833333333333334,0.4704486589029149,0.6666666666666666,0.41666666666666663,0.860207617611937,0.20031398336861572,0.0,0.3333333333333333,21.39503090849386,20000061
SPT-Periodic,15.892382667264942,8,0.6666666666666666,0.536098977284786,0.75,0.33333333333333337,0.8946950674595673,0.18671526609830705,0.0,0.3333333333333333,22.286550346425074,20000062
SPT-Periodic,13.284099008592607,7,0.5833333333333334,0.4490116384941528,0.6666666666666666,0.41666666666666663,0.8577235434450129,0.17964652189675787,0.0,0.3333333333333333,21.836446125161576,20000063
SPT-Periodic,17.757423731744407,9,0.75,0.603943946462186,0.8333333333333334,0.25,0.901898345115467,0.1483736045292088,0.0,0.3333333333333333,23.55540066701043,20000064
SPT-Periodic,13.209160786589194,7,0.5833333333333334,0.414739488768574,0.75,0.41666666666666663,0.8704952593314413,0.1940879759585946,0.0,0.3333333333333333,22.44291978369373,20000065
SPT-Periodic,14.086463409792765,7,0.5833333333333334,0.45159206807465446,0.75,0.41666666666666663,0.8937634157301119,0.17312017629436552,0.0,0.3333333333333333,21.974817357981763,20000066
SPT-Periodic,15.808336065253455,8,0.6666666666666666,0.5414671940302918,0.8333333333333334,0.33333333333333337,0.9033118934997656,0.17885390800551515,0.0,0.3333333333333333,22.667841758044464,20000067
SPT-Periodic,13.880173221609084,7,0.5833333333333334,0.4799909373529035,0.6666666666666666,0.41666666666666663,0.8757873464843055,0.1751474191549052,0.0,0.3333333333333333,21.986454462902213,20000068
SPT-Periodic,15.448822449993187,8,0.6666666666666666,0.4917418976229022,0.8333333333333334,0.33333333333333337,0.910054940039324,0.1674003064158818,0.0,0.3333333333333333,23.282316697986197,20000069
SPT-Periodic,17.77653642935031,9,0.75,0.6777677982160152,0.75,0.25,0.9027137047556885,0.17315269202089353,0.0,0.3333333333333333,23.041404935654686,20000070
SPT-Periodic,9.451199048350801,5,0.4166666666666667,0.3082891861899211,0.6666666666666666,0.5833333333333333,0.8462460248578187,0.2029212714253389,0.0,0.3333333333333333,21.03965285346907,20000071
SPT-Periodic,14.320804157081428,7,0.5833333333333334,0.48033504676278904,0.8333333333333334,0.41666666666666663,0.8682418876074548,0.14379601644597742,0.0,0.3333333333333333,21.756051159048326,20000072
SPT-Periodic,15.147504784863244,8,0.6666666666666666,0.5117246719865606,0.75,0.33333333333333337,0.867962915413338,0.17714372669837344,0.0,0.3333333333333333,21.1799205712322,20000073
SPT-Periodic,15.508123716143686,8,0.6666666666666666,0.5656708338106878,0.75,0.33333333333333337,0.8595277417103121,0.17614746599700395,0.0,0.3333333333333333,22.55776687325981,20000074
SPT-Periodic,13.808924905179865,7,0.5833333333333334,0.4845763218223921,0.6666666666666666,0.41666666666666663,0.8718336239181638,0.19074844378100306,0.0,0.3333333333333333,21.0934052369789,20000075
SPT-Periodic,13.109044677826162,7,0.5833333333333334,0.44659487954457333,0.6666666666666666,0.41666666666666663,0.8556927988110857,0.2017946690172779,0.0,0.3333333333333333,22.057187054123904,20000076
SPT-Periodic,15.668668973083234,8,0.6666666666666666,0.5068560293152301,0.8333333333333334,0.33333333333333337,0.8982420520521154,0.1642490840347529,0.0,0.3333333333333333,22.819220599434345,20000077
SPT-Periodic,17.60731484140209,9,0.75,0.6307861581123722,0.8333333333333334,0.25,0.8628035791579117,0.15065806222431474,0.0,0.3333333333333333,22.481085284660125,20000078
SPT-Periodic,15.3723074343158,8,0.6666666666666666,0.5090705696484378,0.75,0.33333333333333337,0.8769800543741179,0.1624986179786233,0.0,0.3333333333333333,22.398275700629622,20000079
SPT-Periodic,14.146202029312946,7,0.5833333333333334,0.45699673506863026,0.75,0.41666666666666663,0.9100980143805328,0.19077799450871447,0.0,0.3333333333333333,23.07830183369817,20000080
SPT-Periodic,13.344704900563787,7,0.5833333333333334,0.4663476112814673,0.6666666666666666,0.41666666666666663,0.8406822684974095,0.1858967185162368,0.0,0.3333333333333333,21.45309880006673,20000081
SPT-Periodic,16.187792636662913,8,0.6666666666666666,0.5226233229629815,0.8333333333333334,0.33333333333333337,0.9122544695960997,0.13516399666003456,0.0,0.3333333333333333,23.429102206713452,20000082
SPT-Periodic,11.894287572759975,6,0.5,0.3540228075726399,0.75,0.5,0.8667564930877059,0.15888990692896207,0.0,0.3333333333333333,20.9202903893514,20000083
SPT-Periodic,15.162818137443722,8,0.6666666666666666,0.512825268382565,0.75,0.33333333333333337,0.8619768849319599,0.1680779620714236,0.0,0.3333333333333333,22.416785481901915,20000084
SPT-Periodic,11.975490807278067,6,0.5,0.3599645437685381,0.6666666666666666,0.5,0.8955564951864448,0.17612046559954764,0.0,0.3333333333333333,21.944429995634344,20000085
SPT-Periodic,17.454079665440975,9,0.75,0.6438669881794838,0.75,0.25,0.9004690201392728,0.18273035471780028,0.0,0.3333333333333333,22.69428741765352,20000086
SPT-Periodic,15.934151457893186,8,0.6666666666666666,0.5362906636339961,0.75,0.33333333333333337,0.8987071241652099,0.15720869911482385,0.0,0.3333333333333333,22.83363297681074,20000087
SPT-Periodic,16.102256008212645,8,0.6666666666666666,0.5322820728964577,0.75,0.33333333333333337,0.9024073106951848,0.17352520681793096,0.0,0.3333333333333333,22.766084726436784,20000088
SPT-Periodic,13.628519867063831,7,0.5833333333333334,0.4382589430819051,0.8333333333333334,0.41666666666666663,0.8430637743981807,0.15723508741314432,0.0,0.3333333333333333,21.835052717943288,20000089
SPT-Periodic,15.046954940177585,8,0.6666666666666666,0.5378133876094745,0.75,0.33333333333333337,0.8585933984481535,0.17101069705253003,0.0,0.3333333333333333,20.66345326848263,20000090
SPT-Periodic,16.763002302539956,9,0.75,0.6466264833178157,0.75,0.25,0.8717043600956185,0.185313691063388,0.0,0.3333333333333333,22.496746288608843,20000091
SPT-Periodic,15.618117308161178,8,0.6666666666666666,0.5531600310880143,0.6666666666666666,0.33333333333333337,0.8857645597628009,0.1835053063145383,0.0,0.3333333333333333,21.10791019154093,20000092
SPT-Periodic,14.903913501306086,8,0.6666666666666666,0.5105941986495456,0.75,0.33333333333333337,0.8406052886219898,0.14289456334481718,0.0,0.3333333333333333,21.35629050272318,20000093
SPT-Periodic,14.737936726587018,8,0.6666666666666666,0.5098166505222823,0.75,0.33333333333333337,0.857088603162978,0.16760958875253462,0.0,0.3333333333333333,21.3020061064698,20000094
SPT-Periodic,11.558479719657146,6,0.5,0.3726002194393058,0.6666666666666666,0.5,0.8729157734373109,0.20453664569805474,0.0,0.3333333333333333,21.590930748164755,20000095
SPT-Periodic,15.134302983058165,8,0.6666666666666666,0.5020921214023156,0.75,0.33333333333333337,0.8889359055050642,0.17271959073969068,0.0,0.3333333333333333,22.10304505226115,20000096
SPT-Periodic,11.671075891306442,6,0.5,0.3704577566823109,0.6666666666666666,0.5,0.8626587384957531,0.17419912984413977,0.0,0.3333333333333333,21.278686318227727,20000097
SPT-Periodic,13.778445266568868,7,0.5833333333333334,0.47859064677599616,0.75,0.41666666666666663,0.8804495406124159,0.19679000132362048,0.0,0.3333333333333333,22.645868532288464,20000098
SPT-Periodic,16.110139414828037,8,0.6666666666666666,0.5026860604116347,0.8333333333333334,0.33333333333333337,0.8993927319317883,0.14799793037421047,0.0,0.3333333333333333,23.053814503252198,20000099
SPT-Periodic,15.325811007277563,8,0.6666666666666666,0.5364880931268018,0.75,0.33333333333333337,0.876872731700626,0.17776915208926883,0.0,0.3333333333333333,20.476418618348223,20000100
SPT-Periodic,15.69900474889169,8,0.6666666666666666,0.5152016027397901,0.75,0.33333333333333337,0.9000301410701065,0.1829082069432079,0.0,0.3333333333333333,22.27536340094407,20000101
SPT-Periodic,18.837190969292124,10,0.8333333333333334,0.7093639463778918,0.8333333333333334,0.16666666666666663,0.8580313355537661,0.15538828332144586,0.0,0.3333333333333333,22.198925651174736,20000102
SPT-Periodic,15.667894388729575,8,0.6666666666666666,0.5398084178866643,0.75,0.33333333333333337,0.8649116867534724,0.1483231148194046,0.0,0.3333333333333333,21.585679903972373,20000103
SPT-Periodic,15.538775491191668,8,0.6666666666666666,0.5288732464796319,0.75,0.33333333333333337,0.8621842366224599,0.1586135193300371,0.0,0.3333333333333333,22.137684768948276,20000104
SPT-Periodic,16.971576941676254,9,0.75,0.6150109992674158,0.8333333333333334,0.25,0.8907036127536788,0.16360167451517668,0.0,0.3333333333333333,22.03053756218391,20000105
SPT-Periodic,13.985299651663139,7,0.5833333333333334,0.45268828188521637,0.75,0.41666666666666663,0.8717892810200278,0.17002858246930994,0.0,0.3333333333333333,23.029738443402152,20000106
SPT-Periodic,13.69095993167658,7,0.5833333333333334,0.40429622012206295,0.8333333333333334,0.41666666666666663,0.8791968982413008,0.16126451946496648,0.0,0.3333333333333333,21.398560063038012,20000107
SPT-Periodic,17.15119362756946,9,0.75,0.6391257043198652,0.8333333333333334,0.25,0.8866978398661413,0.16730139826047594,0.0,0.3333333333333333,22.90836029432019,20000108
SPT-Periodic,10.168992261641733,5,0.4166666666666667,0.31023255689871626,0.6666666666666666,0.5833333333333333,0.8541921395322234,0.18750649012615972,0.0,0.3333333333333333,21.467867285637613,20000109
SPT-Periodic,12.018202286329686,6,0.5,0.29492901654757503,0.75,0.5,0.888824847951171,0.16596025993215782,0.0,0.3333333333333333,21.825920596151228,20000110
SPT-Periodic,15.571984585777647,8,0.6666666666666666,0.5391461306701056,0.75,0.33333333333333337,0.8628202823236917,0.15926830542516782,0.0,0.3333333333333333,22.619192003240496,20000111
SPT-Periodic,15.96183158517031,8,0.6666666666666666,0.6026833743222103,0.6666666666666666,0.33333333333333337,0.9128175262421244,0.20946414780563574,0.0,0.3333333333333333,23.538340734194886,20000112
SPT-Periodic,13.947960244794526,7,0.5833333333333334,0.418662451025678,0.8333333333333334,0.41666666666666663,0.8528464803294303,0.13764029419176915,0.0,0.3333333333333333,21.99185668132199,20000113
SPT-Periodic,13.217439357866532,7,0.5833333333333334,0.45919812937645926,0.6666666666666666,0.41666666666666663,0.8403978831633695,0.1773447438266863,0.0,0.3333333333333333,21.301246323375477,20000114
SPT-Periodic,13.845561180937677,7,0.5833333333333334,0.4415870046427731,0.75,0.41666666666666663,0.8904245593937764,0.1861253554029241,0.0,0.3333333333333333,22.454959609067256,20000115
SPT-Periodic,14.113469285882141,7,0.5833333333333334,0.4677294052062497,0.8333333333333334,0.41666666666666663,0.8902238652333029,0.16567696512404254,0.0,0.3333333333333333,22.310040881860072,20000116
SPT-Periodic,13.153104489059682,7,0.5833333333333334,0.43620749783761,0.75,0.41666666666666663,0.8602040076833871,0.17579076038698974,0.0,0.3333333333333333,21.78857856629282,20000117
SPT-Periodic,13.444796064941013,7,0.5833333333333334,0.37998251518020915,0.75,0.41666666666666663,0.8730774366662217,0.16443412812424085,0.0,0.3333333333333333,21.858377648760673,20000118
SPT-Periodic,13.838851250298422,7,0.5833333333333334,0.4672380136858411,0.6666666666666666,0.41666666666666663,0.8789974345560388,0.17427399974561042,0.0,0.3333333333333333,20.92680542135921,20000119
SPT-Periodic,15.783078617864625,8,0.6666666666666666,0.5454477129649112,0.75,0.33333333333333337,0.8946263885948126,0.181045217205238,0.0,0.3333333333333333,22.39792292273313,20000120
SPT-Periodic,13.079919684305773,7,0.5833333333333334,0.48204427401468103,0.6666666666666666,0.41666666666666663,0.8224456826598177,0.1978822914338182,0.0,0.3333333333333333,20.91000924310558,20000121
SPT-Periodic,15.067320375214921,8,0.6666666666666666,0.5733790662262425,0.6666666666666666,0.33333333333333337,0.8508442578025726,0.169251896446641,0.0,0.3333333333333333,20.75623098298724,20000122
SPT-Periodic,15.432982416864501,8,0.6666666666666666,0.5389681916094111,0.8333333333333334,0.33333333333333337,0.8831431852517525,0.16540240011301663,0.0,0.3333333333333333,22.50866209344643,20000123
SPT-Periodic,13.691569103545117,7,0.5833333333333334,0.40937308004545797,0.8333333333333334,0.41666666666666663,0.8863235383169518,0.16087645352997712,0.0,0.3333333333333333,21.825502983652893,20000124
SPT-Periodic,15.409658191392726,8,0.6666666666666666,0.4955808936130427,0.8333333333333334,0.33333333333333337,0.8845096106335711,0.1632589319785229,0.0,0.3333333333333333,23.048500690932613,20000125
SPT-Periodic,13.274264588509357,7,0.5833333333333334,0.48510843988392,0.6666666666666666,0.41666666666666663,0.8450843003301426,0.19338296799619703,0.0,0.3333333333333333,20.478008756464313,20000126
SPT-Periodic,14.139127369165696,7,0.5833333333333334,0.46950071682809574,0.75,0.41666666666666663,0.8811598189385702,0.1691867889642713,0.0,0.3333333333333333,22.949564042899407,20000127
SPT-Periodic,15.150159200543726,8,0.6666666666666666,0.5257906179464193,0.8333333333333334,0.33333333333333337,0.8486020587400724,0.16310895542724332,0.0,0.3333333333333333,21.47378093577557,20000128
SPT-Periodic,17.067443649040502,9,0.75,0.6373163998774446,0.75,0.25,0.8597752858813887,0.16972557988937442,0.0,0.3333333333333333,21.824897749585286,20000129
SPT-Periodic,15.00735976109843,8,0.6666666666666666,0.49547115792546215,0.75,0.33333333333333337,0.8819192190575444,0.1706889223625908,0.0,0.3333333333333333,22.36965989333538,20000130
SPT-Periodic,11.807567719705364,6,0.5,0.37753946889124523,0.6666666666666666,0.5,0.8710951094458709,0.18117414239363905,0.0,0.3333333333333333,21.85200235714025,20000131
SPT-Periodic,12.094950169193442,6,0.5,0.35719617017956334,0.75,0.5,0.8685426433107749,0.15518561484756746,0.0,0.3333333333333333,22.508393302539112,20000132
SPT-Periodic,15.747455865751927,8,0.6666666666666666,0.5221494449800695,0.8333333333333334,0.33333333333333337,0.8824475623675481,0.14314953346911038,0.0,0.3333333333333333,21.955289575166816,20000133
SPT-Periodic,17.132995688053555,9,0.75,0.6267089652420056,0.75,0.25,0.8645705392444182,0.15620097089812693,0.0,0.3333333333333333,22.19635832723919,20000134
SPT-Periodic,13.936181596262063,7,0.5833333333333334,0.4289446591570971,0.75,0.41666666666666663,0.9203675558264722,0.17742482185554306,0.0,0.3333333333333333,22.05199830000575,20000135
SPT-Periodic,15.415542285085525,8,0.6666666666666666,0.5179622587634923,0.75,0.33333333333333337,0.8846547357110053,0.1611060210963934,0.0,0.3333333333333333,20.892073937665266,20000136
SPT-Periodic,15.362283348441425,8,0.6666666666666666,0.5260841058014216,0.75,0.33333333333333337,0.8748062498169316,0.16347909430237043,0.0,0.3333333333333333,21.438476623392035,20000137
SPT-Periodic,15.260566259840164,8,0.6666666666666666,0.5517000540450726,0.75,0.33333333333333337,0.8468444147565375,0.18169160067120024,0.0,0.3333333333333333,21.37935167389801,20000138
SPT-Periodic,13.402255101472699,7,0.5833333333333334,0.44317546772749244,0.75,0.41666666666666663,0.8468112222613072,0.1600193023133485,0.0,0.3333333333333333,21.301538360891502,20000139
SPT-Periodic,17.43601345936663,9,0.75,0.5820700824771015,0.9166666666666666,0.25,0.8702402200208432,0.13268390560582577,0.0,0.3333333333333333,22.7377361518909,20000140
SPT-Periodic,12.304180860002644,6,0.5,0.3545502663061802,0.75,0.5,0.8754264017316317,0.17437438021484253,0.0,0.3333333333333333,22.330586627352346,20000141
SPT-Periodic,13.258015471751891,7,0.5833333333333334,0.43309645782445577,0.75,0.41666666666666663,0.8434506312269642,0.18028323337506547,0.0,0.3333333333333333,21.80305628590581,20000142
SPT-Periodic,13.634839642447643,7,0.5833333333333334,0.47645403458563856,0.6666666666666666,0.41666666666666663,0.8461609086112943,0.18537344756819488,0.0,0.3333333333333333,20.14308644095664,20000143
SPT-Periodic,17.294450194380453,9,0.75,0.6557638311510289,0.75,0.25,0.8924207451387832,0.16749562963960773,0.0,0.3333333333333333,21.72192491247415,20000144
SPT-Periodic,13.72445848476638,7,0.5833333333333334,0.42495230139892864,0.8333333333333334,0.41666666666666663,0.876220542516728,0.17440627216336693,0.0,0.3333333333333333,23.16970145496165,20000145
SPT-Periodic,15.900652838701022,8,0.6666666666666666,0.5509572840261097,0.75,0.33333333333333337,0.8677101380853056,0.16040095724550685,0.0,0.3333333333333333,22.21842643783644,20000146
SPT-Periodic,17.14563210694986,9,0.75,0.5885938059686346,0.8333333333333334,0.25,0.8521361915607288,0.152845189323406,0.0,0.3333333333333333,22.051076464428014,20000147
SPT-Periodic,15.73366454658585,8,0.6666666666666666,0.5628173738444174,0.75,0.33333333333333337,0.870142665845152,0.17262155676230828,0.0,0.3333333333333333,22.325255134375062,20000148
SPT-Periodic,15.656260112781219,8,0.6666666666666666,0.5245171277167621,0.75,0.33333333333333337,0.9039741268212502,0.17144975839256102,0.0,0.3333333333333333,22.030903038093026,20000149
SPT-Periodic,17.411808999599106,9,0.75,0.6463846667032761,0.8333333333333334,0.25,0.8566262352488696,0.15769606373402514,0.0,0.3333333333333333,22.326385189089024,20000150
SPT-Periodic,15.562192346639286,8,0.6666666666666666,0.5099611516378894,0.8333333333333334,0.33333333333333337,0.881018233486785,0.15037513672136837,0.0,0.3333333333333333,21.39163075617955,20000151
SPT-Periodic,15.453916482864775,8,0.6666666666666666,0.5557212330728357,0.75,0.33333333333333337,0.8585395191797397,0.1865876435440723,0.0,0.3333333333333333,21.871450565448118,20000152
SPT-Periodic,19.615460260082116,10,0.8333333333333334,0.7444508963123886,0.8333333333333334,0.16666666666666663,0.8941068069714794,0.1605218488091393,0.0,0.3333333333333333,22.785136025728473,20000153
SPT-Periodic,16.10318985213778,8,0.6666666666666666,0.5600787000709778,0.8333333333333334,0.33333333333333337,0.9191330191056677,0.17563546231019125,0.0,0.3333333333333333,22.86494503831591,20000154
SPT-Periodic,15.525296222110926,8,0.6666666666666666,0.509414760235153,0.75,0.33333333333333337,0.857752165309607,0.148554997865102,0.0,0.3333333333333333,21.02892306475016,20000155
SPT-Periodic,15.192940699751373,8,0.6666666666666666,0.5414400225501935,0.75,0.33333333333333337,0.8713151169906821,0.19196288790398608,0.0,0.3333333333333333,22.63633143420761,20000156
SPT-Periodic,10.191961567162357,5,0.4166666666666667,0.23736011527053366,0.75,0.5833333333333333,0.9027955349335676,0.17169531383112147,0.0,0.3333333333333333,22.1379156461351,20000157
SPT-Periodic,17.619956989476503,9,0.75,0.6326305720935196,0.75,0.25,0.9016716948359926,0.17151110512919343,0.0,0.3333333333333333,23.355291886303743,20000158
SPT-Periodic,11.662659706699936,6,0.5,0.34339425089119563,0.6666666666666666,0.5,0.8641626630650943,0.1741242766322498,0.0,0.3333333333333333,21.2677064730037,20000159
SPT-Periodic,13.62699545658512,7,0.5833333333333334,0.3815027243115575,0.8333333333333334,0.41666666666666663,0.8688278187859919,0.16408203314487188,0.0,0.3333333333333333,22.988066619935847,20000160
SPT-Periodic,17.406290578867086,9,0.75,0.5745665090385498,0.8333333333333334,0.25,0.8796218347036451,0.1336943339940956,0.0,0.3333333333333333,20.83916775346661,20000161
SPT-Periodic,13.254839083997172,7,0.5833333333333334,0.4741208198962542,0.6666666666666666,0.41666666666666663,0.8526823611726408,0.18984203704698674,0.0,0.3333333333333333,21.569357673348705,20000162
SPT-Periodic,17.35265394708764,9,0.75,0.6466477715650437,0.75,0.25,0.8688089871359169,0.16349114770721182,0.0,0.3333333333333333,22.227970051479,20000163
SPT-Periodic,15.654244944977542,8,0.6666666666666666,0.5721724402323674,0.6666666666666666,0.33333333333333337,0.8729826826472888,0.18921998289811678,0.0,0.3333333333333333,21.02088663635922,20000164
SPT-Periodic,18.81795807524955,10,0.8333333333333334,0.7309865993127908,0.8333333333333334,0.16666666666666663,0.8969533803239035,0.17516456415384385,0.0,0.3333333333333333,22.964313985569262,20000165
SPT-Periodic,13.668424175721752,7,0.5833333333333334,0.4641648630083144,0.75,0.41666666666666663,0.8973040278580419,0.18730244012397326,0.0,0.3333333333333333,22.316338491695596,20000166
SPT-Periodic,17.205357508375098,9,0.75,0.586631542442043,0.8333333333333334,0.25,0.8643939538554409,0.13660766227765656,0.0,0.3333333333333333,21.517749261044038,20000167
SPT-Periodic,15.249553572310157,8,0.6666666666666666,0.514592866181199,0.75,0.33333333333333337,0.8537700838531883,0.1749855760967092,0.0,0.3333333333333333,21.84737411058847,20000168
SPT-Periodic,15.568135997342624,8,0.6666666666666666,0.5196040797126413,0.8333333333333334,0.33333333333333337,0.8869341782421616,0.17438018310150097,0.0,0.3333333333333333,22.455209246918578,20000169
SPT-Periodic,13.85875669567726,7,0.5833333333333334,0.45728338402958146,0.75,0.41666666666666663,0.8630064225368717,0.1741153361367859,0.0,0.3333333333333333,22.892943657488846,20000170
SPT-Periodic,15.635297215158639,8,0.6666666666666666,0.5026601275792846,0.8333333333333334,0.33333333333333337,0.8814131646952806,0.1540298225324214,0.0,0.3333333333333333,23.50886127448112,20000171
SPT-Periodic,19.069808592933775,10,0.8333333333333334,0.7729512789821454,0.8333333333333334,0.16666666666666663,0.8968798116141293,0.18109515330069234,0.0,0.3333333333333333,22.34197336202857,20000172
SPT-Periodic,17.445111097757863,9,0.75,0.6157293323045168,0.75,0.25,0.8892486740916844,0.16764138500295675,0.0,0.3333333333333333,22.74845414468553,20000173
SPT-Periodic,19.813930663163255,10,0.8333333333333334,0.7505931139326821,0.8333333333333334,0.16666666666666663,0.910368406044081,0.16811709758388882,0.0,0.3333333333333333,23.25560559687687,20000174
SPT-Periodic,11.344760326170327,6,0.5,0.34225766407888053,0.75,0.5,0.8383555308920257,0.17086579338224084,0.0,0.3333333333333333,21.992379646010317,20000175
SPT-Periodic,15.30953101137763,8,0.6666666666666666,0.5000556585550514,0.75,0.33333333333333337,0.8860893840238662,0.16119449522437487,0.0,0.3333333333333333,22.14542477886886,20000176
SPT-Periodic,14.019409624552996,7,0.5833333333333334,0.45942147757670687,0.75,0.41666666666666663,0.890150991378496,0.15952267042378726,0.0,0.3333333333333333,22.612360028855175,20000177
SPT-Periodic,17.42292455754533,9,0.75,0.6468805938164494,0.75,0.25,0.8866671126712329,0.1758755961459981,0.0,0.3333333333333333,23.204822936148375,20000178
SPT-Periodic,15.681459268476567,8,0.6666666666666666,0.5379808867540236,0.75,0.33333333333333337,0.8841930621316202,0.1670537884935289,0.0,0.3333333333333333,23.053449387235613,20000179
SPT-Periodic,10.220484518278468,5,0.4166666666666667,0.33728249407010785,0.6666666666666666,0.5833333333333333,0.8679585966065995,0.18923731255649157,0.0,0.3333333333333333,22.572279825082003,20000180
SPT-Periodic,15.733857108497688,8,0.6666666666666666,0.43897727636754347,0.9166666666666666,0.33333333333333337,0.8960803050398937,0.15364352368204645,0.0,0.3333333333333333,23.96860287514422,20000181
SPT-Periodic,17.531846836773447,9,0.75,0.6456865433729908,0.75,0.25,0.8813302339178732,0.1832222584180115,0.0,0.3333333333333333,22.500349905346727,20000182
SPT-Periodic,13.353542314261325,7,0.5833333333333334,0.4453141411369856,0.6666666666666666,0.41666666666666663,0.8518725487908934,0.1813119901180638,0.0,0.3333333333333333,21.06623295631059,20000183
SPT-Periodic,14.858418694049433,8,0.6666666666666666,0.5022269357623534,0.75,0.33333333333333337,0.8520437618698757,0.1692505791931045,0.0,0.3333333333333333,22.00636315610014,20000184
SPT-Periodic,17.156679725355758,9,0.75,0.5987364907525622,0.75,0.25,0.8861923065679177,0.15914207691456414,0.0,0.3333333333333333,21.97469406990693,20000185
SPT-Periodic,14.264071207029293,7,0.5833333333333334,0.4058142838745782,0.8333333333333334,0.41666666666666663,0.88361411669189,0.13890233115067738,0.0,0.3333333333333333,22.681443591414123,20000186
SPT-Periodic,13.79553521601615,7,0.5833333333333334,0.47285099493670785,0.6666666666666666,0.41666666666666663,0.8825110437812188,0.19214640140238082,0.0,0.3333333333333333,21.749474338984466,20000187
SPT-Periodic,15.86359407748343,8,0.6666666666666666,0.5356677418740958,0.8333333333333334,0.33333333333333337,0.9002727595801089,0.17929131414261298,0.0,0.3333333333333333,23.14319402340319,20000188
SPT-Periodic,13.47688623703074,7,0.5833333333333334,0.43420849706681097,0.75,0.41666666666666663,0.8504738970833042,0.17054519863052478,0.0,0.3333333333333333,22.252649096030616,20000189
SPT-Periodic,14.930871067597073,8,0.6666666666666666,0.5339226509592374,0.75,0.33333333333333337,0.8905286216519318,0.19183705860677516,0.0,0.3333333333333333,22.458822612491765,20000190
SPT-Periodic,18.831613810890452,10,0.8333333333333334,0.6948709102708436,1.0,0.16666666666666663,0.8896266074197404,0.1297708569938435,0.0,0.3541666666666667,22.642499141465983,20000191
SPT-Periodic,17.69633132092579,9,0.75,0.6428673914842552,0.8333333333333334,0.25,0.9084405458571787,0.17892703852287659,0.0,0.3333333333333333,22.914992882395012,20000192
SPT-Periodic,17.983488144012632,9,0.75,0.6401973228041811,0.75,0.25,0.9141485294739174,0.1668311393481221,0.0,0.3333333333333333,23.508304566076745,20000193
SPT-Periodic,14.911921950627697,8,0.6666666666666666,0.5375496919305152,0.6666666666666666,0.33333333333333337,0.8661321901909881,0.18860106036717716,0.0,0.3333333333333333,21.635492748099374,20000194
SPT-Periodic,11.683182333007707,6,0.5,0.3528356416116214,0.75,0.5,0.8619112857616992,0.18482335785451967,0.0,0.3333333333333333,21.667307867530134,20000195
SPT-Periodic,17.527004115876963,9,0.75,0.6224048429093313,0.75,0.25,0.8990433268898886,0.15987513431349362,0.0,0.3333333333333333,22.554652393999863,20000196
SPT-Periodic,12.322186199017784,6,0.5,0.3722304175629767,0.75,0.5,0.8755798693180802,0.16744736468675844,0.0,0.3333333333333333,22.144482519404367,20000197
SPT-Periodic,13.366068216108395,7,0.5833333333333334,0.3932104668960003,0.75,0.41666666666666663,0.8621429024055036,0.16202336156998226,0.0,0.3333333333333333,22.811427124056312,20000198
SPT-Periodic,11.391832147685472,6,0.5,0.3512676101230238,0.6666666666666666,0.5,0.863665425799728,0.1799397051183876,0.0,0.3333333333333333,20.371220616421944,20000199
SPT-Periodic,15.551304018638374,8,0.6666666666666666,0.5224494098786973,0.75,0.33333333333333337,0.8911192890234106,0.1757626005242597,0.0,0.3333333333333333,22.940874014013612,20000200
SPT-Periodic,13.281041983751779,7,0.5833333333333334,0.4374896329500656,0.6666666666666666,0.41666666666666663,0.8476785419870926,0.1750743411284245,0.0,0.3333333333333333,21.098069461892322,20000201
SPT-Periodic,17.049064368892232,9,0.75,0.6289401140908646,0.75,0.25,0.8875305343498455,0.1895963377950043,0.0,0.3333333333333333,23.054064884948914,20000202
SPT-Periodic,18.904403408893213,10,0.8333333333333334,0.6965775822443484,0.8333333333333334,0.16666666666666663,0.8959118552853583,0.1594824616033668,0.0,0.3333333333333333,22.459742313617785,20000203
SPT-Periodic,10.446835016594383,5,0.4166666666666667,0.2846070273097898,0.75,0.5833333333333333,0.8645399454848013,0.16619860808905207,0.0,0.3333333333333333,22.510138715006974,20000204
SPT-Periodic,16.071303875533243,8,0.6666666666666666,0.5483853613674355,0.8333333333333334,0.33333333333333337,0.8978375404967182,0.14782646492269874,0.0,0.3333333333333333,23.49093228512417,20000205
SPT-Periodic,13.349074284051735,7,0.5833333333333334,0.43049251308437086,0.6666666666666666,0.41666666666666663,0.8683893380898297,0.18673001909264567,0.0,0.3333333333333333,22.209144957080262,20000206
SPT-Periodic,11.667830424886889,6,0.5,0.3949894033398009,0.6666666666666666,0.5,0.8565507037809444,0.1891886174559381,0.0,0.3333333333333333,22.222274966166108,20000207
SPT-Periodic,14.242298508669537,7,0.5833333333333334,0.4611858378825413,0.75,0.41666666666666663,0.8862564521283204,0.169465905122695,0.0,0.3333333333333333,22.635170226733713,20000208
SPT-Periodic,16.191891848645035,8,0.6666666666666666,0.5398726628367853,0.75,0.33333333333333337,0.8907021608888065,0.15665734687747102,0.0,0.3333333333333333,21.399733092428978,20000209
SPT-Periodic,15.74933023127344,8,0.6666666666666666,0.4942365463697267,0.8333333333333334,0.33333333333333337,0.8946919070577136,0.13713767032493618,0.0,0.3333333333333333,22.848391298344517,20000210
SPT-Periodic,15.330460556770767,8,0.6666666666666666,0.522142212652532,0.8333333333333334,0.33333333333333337,0.8395969339601702,0.15855327480576842,0.0,0.3333333333333333,22.277094081779648,20000211
SPT-Periodic,17.578269356316028,9,0.75,0.6286045128169919,0.8333333333333334,0.25,0.8845455409952373,0.1422372560640297,0.0,0.3333333333333333,22.250064583833556,20000212
SPT-Periodic,15.907948276872059,8,0.6666666666666666,0.5238120440239592,0.8333333333333334,0.33333333333333337,0.88612946391861,0.15730225309110754,0.0,0.3333333333333333,22.978467744560895,20000213
SPT-Periodic,10.990294741215001,6,0.5,0.3850390692188428,0.6666666666666666,0.5,0.823131092749052,0.19298833039317143,0.0,0.3333333333333333,20.228943888625174,20000214
SPT-Periodic,15.772441935294927,8,0.6666666666666666,0.5841100849573893,0.75,0.33333333333333337,0.8958912314129811,0.20055219426169835,0.0,0.3333333333333333,22.00793674653427,20000215
SPT-Periodic,17.438738183361842,9,0.75,0.5918745476773327,0.8333333333333334,0.25,0.8673129527333213,0.1485205201295809,0.0,0.3333333333333333,22.115726102438433,20000216
SPT-Periodic,17.65741821301702,9,0.75,0.6190130503429747,0.8333333333333334,0.25,0.9099375947347609,0.15124269350807173,0.0,0.3333333333333333,24.612340132655785,20000217
SPT-Periodic,12.994522222472051,7,0.5833333333333334,0.39709049419101355,0.8333333333333334,0.41666666666666663,0.8440446743778264,0.17280650532369066,0.0,0.3333333333333333,21.320195698960383,20000218
SPT-Periodic,15.341189852962193,8,0.6666666666666666,0.532299398700971,0.8333333333333334,0.33333333333333337,0.8555580449660622,0.1683370539009851,0.0,0.3333333333333333,22.09862654880056,20000219
SPT-Periodic,17.027551336471667,9,0.75,0.6303731074305181,0.75,0.25,0.8485171710354283,0.14488672112113335,0.0,0.3333333333333333,21.75810558658502,20000220
SPT-Periodic,17.546688689296673,9,0.75,0.5924621621805523,0.8333333333333334,0.25,0.896054080261373,0.1481303351746703,0.0,0.3333333333333333,23.282432581210234,20000221
SPT-Periodic,19.034016379529156,10,0.8333333333333334,0.7102812626362262,0.8333333333333334,0.16666666666666663,0.8748681825413209,0.16662562049325882,0.0,0.3333333333333333,22.737223244995928,20000222
SPT-Periodic,17.23591902072245,9,0.75,0.6201687857774438,0.8333333333333334,0.25,0.8857426695456012,0.16952528227092442,0.0,0.3333333333333333,22.361827658623117,20000223
SPT-Periodic,14.035772903089704,7,0.5833333333333334,0.4428946143765874,0.75,0.41666666666666663,0.8802796120184319,0.15963377905939077,0.0,0.3333333333333333,22.36552178289524,20000224
SPT-Periodic,15.56484289242338,8,0.6666666666666666,0.5283608538840602,0.8333333333333334,0.33333333333333337,0.9020242278867702,0.17490781344968187,0.0,0.3333333333333333,22.560520223490236,20000225
SPT-Periodic,14.31681980075774,7,0.5833333333333334,0.4714793777931263,0.75,0.41666666666666663,0.8892542826603015,0.16853908359573663,0.0,0.3333333333333333,22.5101890646712,20000226
SPT-Periodic,14.059801115589224,7,0.5833333333333334,0.3930964974324086,0.8333333333333334,0.41666666666666663,0.8906782250870916,0.14405346686834578,0.0,0.3333333333333333,22.19067330974182,20000227
SPT-Periodic,13.42487404899915,7,0.5833333333333334,0.38225299114328604,0.8333333333333334,0.41666666666666663,0.8750285315621148,0.1718482185993513,0.0,0.3333333333333333,22.546738527944775,20000228
SPT-Periodic,14.617875706377433,7,0.5833333333333334,0.4861210457621927,0.75,0.41666666666666663,0.9032826578078631,0.17421271598658852,0.0,0.3333333333333333,23.171666926379885,20000229
SPT-Periodic,15.82022911005768,8,0.6666666666666666,0.5604096388888157,0.75,0.33333333333333337,0.8924528373361668,0.17278529596379424,0.0,0.3333333333333333,23.58283751848166,20000230
SPT-Periodic,13.305232453904184,7,0.5833333333333334,0.3893410473200135,0.75,0.41666666666666663,0.8895053462484502,0.16718291125648346,0.0,0.3333333333333333,20.99100753285724,20000231
SPT-Periodic,11.381129953688903,6,0.5,0.3411175607829932,0.6666666666666666,0.5,0.8389088533113135,0.17190073269848397,0.0,0.3333333333333333,21.89173307444487,20000232
SPT-Periodic,13.905159420459865,7,0.5833333333333334,0.4763609313437566,0.75,0.41666666666666663,0.8533985211072772,0.1665733356545348,0.0,0.3333333333333333,22.144573759359584,20000233
SPT-Periodic,13.300899924351128,7,0.5833333333333334,0.4408480798636203,0.6666666666666666,0.41666666666666663,0.8340723375524419,0.16371465981136915,0.0,0.3333333333333333,20.908463680983857,20000234
SPT-Periodic,16.63438697658725,9,0.75,0.6064033237738624,0.8333333333333334,0.25,0.8336135283016114,0.1533170301513287,0.0,0.3333333333333333,20.90959856353824,20000235
SPT-Periodic,19.72927968375021,10,0.8333333333333334,0.7179037540308906,0.8333333333333334,0.16666666666666663,0.9117519554659396,0.1463987466335043,0.0,0.3333333333333333,21.96829211660119,20000236
SPT-Periodic,12.105420129670996,6,0.5,0.4100896944805064,0.6666666666666666,0.5,0.8811754426608315,0.19707549064260163,0.0,0.3333333333333333,22.962137345154606,20000237
SPT-Periodic,13.833413461122026,7,0.5833333333333334,0.4367439551612155,0.75,0.41666666666666663,0.8970337073097384,0.18418080908668497,0.0,0.3333333333333333,22.26404820363016,20000238
SPT-Periodic,15.882798614731668,8,0.6666666666666666,0.5534892415533119,0.75,0.33333333333333337,0.8990319432952726,0.1941154620558554,0.0,0.3333333333333333,24.0947442435987,20000239
SPT-Periodic,15.526479881235945,8,0.6666666666666666,0.5904572014902925,0.75,0.33333333333333337,0.8694492376311443,0.20935924655607022,0.0,0.3333333333333333,22.749644568802236,20000240
SPT-Periodic,15.592860835526098,8,0.6666666666666666,0.5408385989798276,0.75,0.33333333333333337,0.8855600468248891,0.19110505913024137,0.0,0.3333333333333333,21.799391181496254,20000241
SPT-Periodic,19.144020524369825,10,0.8333333333333334,0.7069423976254863,0.9166666666666666,0.16666666666666663,0.9023139858073207,0.13312305656320075,0.0,0.3333333333333333,21.610694072887615,20000242
SPT-Periodic,13.72100034441955,7,0.5833333333333334,0.5055880966463897,0.6666666666666666,0.41666666666666663,0.8656235038359789,0.19438144570300575,0.0,0.3333333333333333,22.80124662335301,20000243
SPT-Periodic,14.289070812745408,7,0.5833333333333334,0.47145727922471115,0.75,0.41666666666666663,0.9043366927986005,0.15154296896178782,0.0,0.3333333333333333,22.333434842099425,20000244
SPT-Periodic,15.91910693231981,8,0.6666666666666666,0.5671502247484392,0.75,0.33333333333333337,0.8886303149711227,0.17016782023254673,0.0,0.3333333333333333,21.970886897979984,20000245
SPT-Periodic,19.367299317180155,10,0.8333333333333334,0.7281419856309699,0.8333333333333334,0.16666666666666663,0.9078286781609476,0.17001772320120537,0.0,0.3333333333333333,23.137294619622867,20000246
SPT-Periodic,15.7644969327662,8,0.6666666666666666,0.5043811318957931,0.8333333333333334,0.33333333333333337,0.89691819236553,0.1716829780529434,0.0,0.3333333333333333,23.50688561658746,20000247
SPT-Periodic,21.494158169738657,11,0.9166666666666666,0.8376366606270177,0.9166666666666666,0.08333333333333337,0.9178145259524645,0.13476227215514755,0.0,0.3333333333333333,22.92643586493458,20000248
SPT-Periodic,13.652038183319787,7,0.5833333333333334,0.45318205207818024,0.75,0.41666666666666663,0.8932104579524784,0.19624720766317463,0.0,0.3333333333333333,22.950684747974975,20000249
SPT-Periodic,19.375776654596528,10,0.8333333333333334,0.6965656247409149,0.8333333333333334,0.16666666666666663,0.9017147715357847,0.14491185538330728,0.0,0.3333333333333333,22.83710428016799,20000250
SPT-Periodic,19.655722295217092,10,0.8333333333333334,0.7363951948129355,0.8333333333333334,0.16666666666666663,0.8924770545331251,0.15519801350869625,0.0,0.3333333333333333,22.669361077665158,20000251
SPT-Periodic,15.873207856751016,8,0.6666666666666666,0.5316844892983066,0.8333333333333334,0.33333333333333337,0.8943236786587659,0.15666904605203133,0.0,0.3333333333333333,21.898508231127455,20000252
SPT-Periodic,15.375298122054845,8,0.6666666666666666,0.5250856756044326,0.6666666666666666,0.33333333333333337,0.8645502301799809,0.15960029591261818,0.0,0.3333333333333333,21.438533590222626,20000253
SPT-Periodic,17.608420469191742,9,0.75,0.6380048724411231,0.8333333333333334,0.25,0.9011684981954039,0.19811051897477683,0.0,0.3333333333333333,24.147943388609566,20000254
SPT-Periodic,15.36174252687778,8,0.6666666666666666,0.5814566911849822,0.6666666666666666,0.33333333333333337,0.8643024445422766,0.19050373070819085,0.0,0.3333333333333333,21.996564006022222,20000255
SPT-Periodic,16.027953000052896,8,0.6666666666666666,0.5366458614528008,0.75,0.33333333333333337,0.8900297642777092,0.17462675776855263,0.0,0.3333333333333333,22.192420471926084,20000256
SPT-Periodic,13.258429978681958,7,0.5833333333333334,0.44797318873789316,0.75,0.41666666666666663,0.857812486865952,0.1763211749533774,0.0,0.3333333333333333,22.421779114671345,20000257
SPT-Periodic,14.878288972204906,8,0.6666666666666666,0.5213485692422876,0.75,0.33333333333333337,0.8577509798868483,0.17079160327242615,0.0,0.3333333333333333,20.281946320224158,20000258
SPT-Periodic,13.362468932369852,7,0.5833333333333334,0.4489010256083208,0.75,0.41666666666666663,0.8678716432744134,0.1814547026941641,0.0,0.3333333333333333,21.989132135316023,20000259
SPT-Periodic,13.701416580634714,7,0.5833333333333334,0.50793887816446,0.6666666666666666,0.41666666666666663,0.8758841713021585,0.20215702363197266,0.0,0.3333333333333333,21.22792298446561,20000260
SPT-Periodic,13.511928469099528,7,0.5833333333333334,0.46947222401539496,0.6666666666666666,0.41666666666666663,0.8971208636294699,0.2213390754011546,0.0,0.3333333333333333,22.874558818217793,20000261
SPT-Periodic,15.464375054323542,8,0.6666666666666666,0.5421598918481275,0.75,0.33333333333333337,0.8981612218181626,0.1902242942655744,0.0,0.3333333333333333,22.639817606910427,20000262
SPT-Periodic,15.755674593833941,8,0.6666666666666666,0.5193872922003812,0.8333333333333334,0.33333333333333337,0.8747964705628682,0.13139284523087033,0.0,0.3333333333333333,21.40971812762419,20000263
SPT-Periodic,15.71605267238229,8,0.6666666666666666,0.5184666437872427,0.75,0.33333333333333337,0.8815885915444152,0.1679568522290964,0.0,0.3333333333333333,21.214415458195084,20000264
SPT-Periodic,15.10729472621171,8,0.6666666666666666,0.4758128890565098,0.8333333333333334,0.33333333333333337,0.847844522071154,0.1319099248355455,0.0,0.3333333333333333,22.16457850048525,20000265
SPT-Periodic,17.089894245751463,9,0.75,0.5945695172956308,0.8333333333333334,0.25,0.9032606460206081,0.16847669094848375,0.0,0.3333333333333333,24.188812835379174,20000266
SPT-Periodic,11.952151653565101,6,0.5,0.403175352820302,0.6666666666666666,0.5,0.8725885645429411,0.20083989458501636,0.0,0.3333333333333333,21.567776707804917,20000267
SPT-Periodic,15.471135015184602,8,0.6666666666666666,0.5377000072591075,0.75,0.33333333333333337,0.8696420445657563,0.1812247285979598,0.0,0.3333333333333333,22.057620763524906,20000268
SPT-Periodic,17.789211220427962,9,0.75,0.6475751487256022,0.75,0.25,0.8956848683000603,0.1726301835933457,0.0,0.3333333333333333,23.007377991956684,20000269
SPT-Periodic,15.334469912671587,8,0.6666666666666666,0.49152758977982214,0.75,0.33333333333333337,0.8703313608134055,0.14604266606507285,0.0,0.3333333333333333,22.09732669006342,20000270
SPT-Periodic,15.613792354665105,8,0.6666666666666666,0.5563708772254239,0.75,0.33333333333333337,0.8857160372934674,0.1704183667613245,0.0,0.3333333333333333,22.935525802299072,20000271
SPT-Periodic,19.199341722014363,10,0.8333333333333334,0.716532567598469,0.8333333333333334,0.16666666666666663,0.8631730696904087,0.14289693652830524,0.0,0.3333333333333333,22.393953478295252,20000272
SPT-Periodic,17.529333972922405,9,0.75,0.5937904070678899,0.8333333333333334,0.25,0.9008555517273326,0.16657669346205592,0.0,0.3333333333333333,23.067854123891802,20000273
SPT-Periodic,15.243306330408975,8,0.6666666666666666,0.5143486781156442,0.75,0.33333333333333337,0.8851711777398407,0.17644230746187137,0.0,0.3333333333333333,22.477654119169816,20000274
SPT-Periodic,15.276213811479453,8,0.6666666666666666,0.5145779044948791,0.8333333333333334,0.33333333333333337,0.8809654323904453,0.16978705733264945,0.0,0.3333333333333333,23.72954825748155,20000275
SPT-Periodic,13.889302049306105,7,0.5833333333333334,0.42285288097101553,0.75,0.41666666666666663,0.8753169652559495,0.16795145951398593,0.0,0.3333333333333333,21.340731119765962,20000276
SPT-Periodic,15.021448533294471,8,0.6666666666666666,0.5047940933670759,0.75,0.33333333333333337,0.8578076698310113,0.1803730853145884,0.0,0.3333333333333333,22.05270837056616,20000277
SPT-Periodic,11.73220544576756,6,0.5,0.33538401577168986,0.75,0.5,0.851801113248376,0.1704043229974481,0.0,0.3333333333333333,20.6891193552967,20000278
SPT-Periodic,16.80300527383129,9,0.75,0.6226850247654915,0.75,0.25,0.8384027539618634,0.1640609774868297,0.0,0.3333333333333333,20.805218434476632,20000279
SPT-Periodic,15.410154924030035,8,0.6666666666666666,0.5111648241724635,0.9166666666666666,0.33333333333333337,0.870427129825705,0.15021064975502585,0.0,0.3333333333333333,23.184085201106445,20000280
SPT-Periodic,17.11490041688426,9,0.75,0.6318387177560714,0.8333333333333334,0.25,0.8721028455705607,0.1702848357108422,0.0,0.3333333333333333,22.01440515069658,20000281
SPT-Periodic,15.463977561034161,8,0.6666666666666666,0.5478523020556594,0.75,0.33333333333333337,0.8714244939878469,0.18097113300842538,0.0,0.3333333333333333,22.034884907203466,20000282
SPT-Periodic,18.69540799423422,10,0.8333333333333334,0.7002767983821189,0.8333333333333334,0.16666666666666663,0.8789067148046721,0.15608250627515077,0.0,0.3333333333333333,22.264278217178912,20000283
SPT-Periodic,13.808139975105966,7,0.5833333333333334,0.4441553487263528,0.75,0.41666666666666663,0.8665605729588445,0.16802282300006302,0.0,0.3333333333333333,21.82265984228289,20000284
SPT-Periodic,13.318302278494254,7,0.5833333333333334,0.43538904754903035,0.75,0.41666666666666663,0.8375086771452503,0.16333594904616797,0.0,0.3333333333333333,22.280235643469844,20000285
SPT-Periodic,13.880112892860238,7,0.5833333333333334,0.4985510286553224,0.6666666666666666,0.41666666666666663,0.8734603619283073,0.20493668295783915,0.0,0.3333333333333333,21.182093452496957,20000286
SPT-Periodic,18.80820223131259,10,0.8333333333333334,0.7008573492924948,0.8333333333333334,0.16666666666666663,0.8866271397980908,0.13610429036007798,0.0,0.3333333333333333,22.056617256093773,20000287
SPT-Periodic,17.642423120368626,9,0.75,0.6183793944150346,0.8333333333333334,0.25,0.8848885903554593,0.14707386472327758,0.0,0.3333333333333333,23.37938279643411,20000288
SPT-Periodic,15.39500372963687,8,0.6666666666666666,0.5091948230916363,0.8333333333333334,0.33333333333333337,0.8518390197633526,0.14395471838085203,0.0,0.3333333333333333,22.013214562451804,20000289
SPT-Periodic,13.96868020861049,7,0.5833333333333334,0.43149429661011063,0.75,0.41666666666666663,0.8844154539150099,0.17419472382328405,0.0,0.3333333333333333,23.70082732894626,20000290
SPT-Periodic,18.85328067807591,10,0.8333333333333334,0.74118907254355,0.8333333333333334,0.16666666666666663,0.8832154118885674,0.16190167106815861,0.0,0.3333333333333333,23.429855333096086,20000291
SPT-Periodic,13.61812419560455,7,0.5833333333333334,0.47158223756156026,0.75,0.41666666666666663,0.868339711973976,0.19110558279215117,0.0,0.3333333333333333,21.57162024444411,20000292
SPT-Periodic,14.67867052452144,8,0.6666666666666666,0.49530715326148006,0.75,0.33333333333333337,0.8524670060511842,0.17328834559572118,0.0,0.3333333333333333,22.201650483821307,20000293
SPT-Periodic,13.679106766715055,7,0.5833333333333334,0.4644710159524587,0.6666666666666666,0.41666666666666663,0.8742946819907912,0.18166888912820892,0.0,0.3333333333333333,21.79788418881506,20000294
SPT-Periodic,14.139913190853544,7,0.5833333333333334,0.4903974236837252,0.75,0.41666666666666663,0.8660323449672006,0.15203381112841302,0.0,0.3333333333333333,21.619517916445563,20000295
SPT-Periodic,14.01636755210992,7,0.5833333333333334,0.4415927714390639,0.75,0.41666666666666663,0.8926430481331038,0.18188502259230996,0.0,0.3333333333333333,22.064984463897268,20000296
SPT-Periodic,14.307068663038262,8,0.6666666666666666,0.4810213804269275,0.75,0.33333333333333337,0.8370174799230092,0.17067366002551512,0.0,0.3333333333333333,20.8495812083421,20000297
SPT-Periodic,14.937568776705268,8,0.6666666666666666,0.5171543697421006,0.75,0.33333333333333337,0.8664785730133868,0.18719804152710431,0.0,0.3333333333333333,22.865453921839904,20000298
SPT-Periodic,14.840655561478027,8,0.6666666666666666,0.44857143672141375,0.8333333333333334,0.33333333333333337,0.8694903185554139,0.15429507990712757,0.0,0.3333333333333333,21.840095506997763,20000299
SPT-Periodic,13.744336533052067,7,0.5833333333333334,0.4523325937614311,0.6666666666666666,0.41666666666666663,0.8930579296320955,0.1855689172921046,0.0,0.3333333333333333,22.627983483633788,20000300
SPT-Periodic,15.202558422229924,8,0.6666666666666666,0.49122609018505425,0.8333333333333334,0.33333333333333337,0.8826638316427541,0.1665409438092508,0.0,0.3333333333333333,21.988167403227045,20000301
SPT-Periodic,15.658299626358144,8,0.6666666666666666,0.5616721577736139,0.6666666666666666,0.33333333333333337,0.8559190003436551,0.17458956619811905,0.0,0.3333333333333333,21.47839733532599,20000302
SPT-Periodic,13.65860591555676,7,0.5833333333333334,0.48314553922262704,0.75,0.41666666666666663,0.8784422084346258,0.17146850858672816,0.0,0.3333333333333333,22.56074615524017,20000303
SPT-Periodic,14.087506359051162,7,0.5833333333333334,0.45211550661334193,0.8333333333333334,0.41666666666666663,0.9034219978971988,0.14859145794011794,0.0,0.3333333333333333,22.276072667313954,20000304
SPT-Periodic,16.174150218358225,8,0.6666666666666666,0.5604504115869497,0.9166666666666666,0.33333333333333337,0.8879941004251387,0.1280626769284541,0.0,0.3333333333333333,22.86526822189746,20000305
SPT-Periodic,16.97014647241061,9,0.75,0.5589127919084637,0.8333333333333334,0.25,0.8740252340819573,0.14519394470202643,0.0,0.3333333333333333,22.931575746093408,20000306
SPT-Periodic,16.78821688717475,9,0.75,0.6243007937132935,0.75,0.25,0.8587639847662726,0.18521523060945597,0.0,0.3333333333333333,21.902117755571673,20000307
SPT-Periodic,15.955235285223258,8,0.6666666666666666,0.5458153367955826,0.75,0.33333333333333337,0.9051525092446172,0.1769299500849201,0.0,0.3333333333333333,22.752294247547095,20000308
SPT-Periodic,15.565072204376525,8,0.6666666666666666,0.5706219981695612,0.6666666666666666,0.33333333333333337,0.89624632739877,0.20142841855379068,0.0,0.3333333333333333,22.26696591112504,20000309
SPT-Periodic,18.484453367666152,10,0.8333333333333334,0.7254845942423319,0.8333333333333334,0.16666666666666663,0.8868849564895868,0.16454654242404784,0.0,0.3333333333333333,22.571729128294304,20000310
SPT-Periodic,15.257797715588001,8,0.6666666666666666,0.5089903279733133,0.8333333333333334,0.33333333333333337,0.8638265124021384,0.17434307416373107,0.0,0.3333333333333333,22.275303285156667,20000311
SPT-Periodic,15.88451717524305,8,0.6666666666666666,0.5039040462034934,0.8333333333333334,0.33333333333333337,0.8747928548743431,0.15621920088585492,0.0,0.3333333333333333,22.992233084688472,20000312
SPT-Periodic,15.515436957487562,8,0.6666666666666666,0.5337317904687405,0.75,0.33333333333333337,0.8959451202529255,0.18711086427472337,0.0,0.3333333333333333,23.472395075703027,20000313
SPT-Periodic,16.768056451124274,9,0.75,0.6151103606027896,0.75,0.25,0.8687964204098891,0.16845465489602537,0.0,0.3333333333333333,22.36447890503692,20000314
SPT-Periodic,15.127254878428056,8,0.6666666666666666,0.4973831307783105,0.75,0.33333333333333337,0.8903684861773886,0.18241859962661264,0.0,0.3333333333333333,21.030983099689607,20000315
SPT-Periodic,13.42608729612555,7,0.5833333333333334,0.4694860039915692,0.6666666666666666,0.41666666666666663,0.8686331594399679,0.20326567992976954,0.0,0.3333333333333333,20.816151666903735,20000316
SPT-Periodic,16.067110310161237,8,0.6666666666666666,0.5405257064126946,0.8333333333333334,0.33333333333333337,0.8970876657764225,0.16329428832178974,0.0,0.3333333333333333,22.957129099351008,20000317
SPT-Periodic,13.60190817944501,7,0.5833333333333334,0.47769093577969635,0.6666666666666666,0.41666666666666663,0.8872840169372388,0.19233074750617654,0.0,0.3333333333333333,20.990105533572276,20000318
SPT-Periodic,11.713226060793446,6,0.5,0.3996216419479539,0.6666666666666666,0.5,0.871646184669106,0.20245618276750332,0.0,0.3333333333333333,21.956530331770498,20000319
SPT-Periodic,15.343705770756332,8,0.6666666666666666,0.5422492208455908,0.6666666666666666,0.33333333333333337,0.8653208159015771,0.1832125831103536,0.0,0.3333333333333333,22.42743637288062,20000320
SPT-Periodic,19.04099796164002,10,0.8333333333333334,0.7177903355620265,0.8333333333333334,0.16666666666666663,0.8779348238151116,0.14546004562854564,0.0,0.3333333333333333,23.223945682672205,20000321
SPT-Periodic,15.774757848946212,8,0.6666666666666666,0.5522888958952052,0.75,0.33333333333333337,0.8633470274453975,0.17273493314669683,0.0,0.3333333333333333,22.713918650576602,20000322
SPT-Periodic,12.062924602955345,6,0.5,0.409321306943568,0.6666666666666666,0.5,0.8866915668600238,0.1749721654393106,0.0,0.3333333333333333,21.59191860769949,20000323
SPT-Periodic,14.415842327135348,7,0.5833333333333334,0.4940728213747882,0.75,0.41666666666666663,0.9065471115691798,0.1708180812001716,0.0,0.3333333333333333,23.29766036447627,20000324
SPT-Periodic,17.627459441087694,9,0.75,0.6214747940289866,0.8333333333333334,0.25,0.8998574989089935,0.15204847161751675,0.0,0.3333333333333333,21.70003520135474,20000325
SPT-Periodic,13.455557968392078,7,0.5833333333333334,0.5060672880228424,0.6666666666666666,0.41666666666666663,0.846206610517101,0.21649845992312602,0.0,0.3333333333333333,21.327477071464703,20000326
SPT-Periodic,17.635452843183828,9,0.75,0.6100879519092697,0.8333333333333334,0.25,0.878822735497279,0.1484510635483748,0.0,0.3333333333333333,22.836605596282787,20000327
SPT-Periodic,15.421103818270966,8,0.6666666666666666,0.5149290989396075,0.75,0.33333333333333337,0.8944192576262123,0.1775720294265417,0.0,0.3333333333333333,22.797659620754736,20000328
SPT-Periodic,15.030542420278701,8,0.6666666666666666,0.5483443693991289,0.6666666666666666,0.33333333333333337,0.8643214577836288,0.19662719771387324,0.0,0.3333333333333333,21.69216090694696,20000329
SPT-Periodic,15.557303281815805,8,0.6666666666666666,0.5232091267741417,0.75,0.33333333333333337,0.8676155011997778,0.14592086919778197,0.0,0.3333333333333333,22.062067132286618,20000330
SPT-Periodic,17.167247074901198,9,0.75,0.6204120714928565,0.8333333333333334,0.25,0.9239006701450357,0.17430212664761555,0.0,0.3333333333333333,23.466541431077182,20000331
SPT-Periodic,14.084252284208233,7,0.5833333333333334,0.4001601585931193,0.8333333333333334,0.41666666666666663,0.8823233489070526,0.14205124313307083,0.0,0.3333333333333333,23.122031721963666,20000332
SPT-Periodic,15.184632989038546,8,0.6666666666666666,0.49822984038906537,0.8333333333333334,0.33333333333333337,0.8611490270085742,0.16694074659104882,0.0,0.3333333333333333,21.624927285693797,20000333
SPT-Periodic,13.493165144648431,7,0.5833333333333334,0.4769029250318113,0.6666666666666666,0.41666666666666663,0.8495591463348843,0.17687456650397268,0.0,0.3333333333333333,21.634540794541365,20000334
SPT-Periodic,15.275334606102382,8,0.6666666666666666,0.5524482089432659,0.75,0.33333333333333337,0.8576396418472413,0.17535338097075792,0.0,0.3333333333333333,22.26125116127526,20000335
SPT-Periodic,15.456356721882965,8,0.6666666666666666,0.5277233331221927,0.75,0.33333333333333337,0.9047958808787383,0.20207175491815244,0.0,0.3333333333333333,23.230125914287147,20000336
SPT-Periodic,13.968870285206293,7,0.5833333333333334,0.48240865644367276,0.75,0.41666666666666663,0.890572246287736,0.18185371567621636,0.0,0.3333333333333333,21.060297436595384,20000337
SPT-Periodic,19.67505744533341,10,0.8333333333333334,0.725929209018952,0.8333333333333334,0.16666666666666663,0.9057848485038508,0.14687143695762278,0.0,0.3333333333333333,23.495750467551975,20000338
SPT-Periodic,17.120916970057824,9,0.75,0.6174283134466156,0.75,0.25,0.8899207128065764,0.16365289878786285,0.0,0.3333333333333333,21.986332725179015,20000339
SPT-Periodic,14.45347147485195,8,0.6666666666666666,0.5398103122851725,0.6666666666666666,0.33333333333333337,0.8337560955167342,0.19749868005872226,0.0,0.3333333333333333,20.78360005302706,20000340
SPT-Periodic,17.54287432056687,9,0.75,0.6190377058252131,0.8333333333333334,0.25,0.9049974586519648,0.17645204206447307,0.0,0.3333333333333333,23.51953540125039,20000341
SPT-Periodic,18.37208839131214,10,0.8333333333333334,0.7215967034365264,0.8333333333333334,0.16666666666666663,0.8732413060283849,0.18192178999992073,0.0,0.3333333333333333,23.664511856497207,20000342
SPT-Periodic,15.223187778873802,8,0.6666666666666666,0.5474329592257798,0.6666666666666666,0.33333333333333337,0.8537420991064147,0.16696931481246965,0.0,0.3333333333333333,21.340174327992003,20000343
SPT-Periodic,17.123753797206593,9,0.75,0.6176528415372126,0.75,0.25,0.8496131856693215,0.15606840872409253,0.0,0.3333333333333333,20.92923743266659,20000344
SPT-Periodic,13.799598763985918,7,0.5833333333333334,0.4553871292096969,0.6666666666666666,0.41666666666666663,0.8783966999182046,0.18033133162691228,0.0,0.3333333333333333,21.92029598208618,20000345
SPT-Periodic,11.570019457009625,6,0.5,0.34625131859015323,0.75,0.5,0.842629723465147,0.17953013570444498,0.0,0.3333333333333333,21.118072184646635,20000346
SPT-Periodic,14.072968781492017,7,0.5833333333333334,0.4819107495017886,0.75,0.41666666666666663,0.9009146165365576,0.17663255235861428,0.0,0.3333333333333333,21.131737522025038,20000347
SPT-Periodic,14.149292823698682,7,0.5833333333333334,0.43222634078205957,0.75,0.41666666666666663,0.8991453278221297,0.1741612057737981,0.0,0.3333333333333333,22.49699279666783,20000348
SPT-Periodic,17.852656802072698,9,0.75,0.6328009113942592,0.9166666666666666,0.25,0.9103857170219035,0.13819988229117822,0.0,0.3333333333333333,22.6882583842635,20000349
SPT-Periodic,14.000503903053923,7,0.5833333333333334,0.47420034605826333,0.75,0.41666666666666663,0.8901562153669303,0.19094867723898337,0.0,0.3333333333333333,21.825616651903996,20000350
SPT-Periodic,17.672127153074413,9,0.75,0.654051631137752,0.75,0.25,0.8927817361571333,0.16987502120564954,0.0,0.3333333333333333,22.707690528493334,20000351
SPT-Periodic,15.557227928096959,8,0.6666666666666666,0.5329963784892109,0.8333333333333334,0.33333333333333337,0.8691949890110328,0.16396714925565115,0.0,0.3333333333333333,22.066117597968383,20000352
SPT-Periodic,15.971173228288023,8,0.6666666666666666,0.5255290636126706,0.75,0.33333333333333337,0.8864265468395632,0.15575960949768552,0.0,0.3333333333333333,21.067960163282283,20000353
SPT-Periodic,17.05460153599465,9,0.75,0.6300918168363118,0.75,0.25,0.8528777306086646,0.15554941925757856,0.0,0.3333333333333333,22.260297210506373,20000354
SPT-Periodic,17.188366181091286,9,0.75,0.6178430242280264,0.8333333333333334,0.25,0.8870665003219266,0.15716699189442973,0.0,0.3333333333333333,21.89456410920716,20000355
SPT-Periodic,15.503306425650146,8,0.6666666666666666,0.5373571873572922,0.75,0.33333333333333337,0.8973262525720943,0.16661485461655345,0.0,0.3333333333333333,21.53228421939122,20000356
SPT-Periodic,17.028314617063554,9,0.75,0.6503260680222743,0.75,0.25,0.865335403957976,0.18132565702292655,0.0,0.3333333333333333,21.59601966755458,20000357
SPT-Periodic,20.77555726829778,11,0.9166666666666666,0.8430214131776023,0.9166666666666666,0.08333333333333337,0.884044433743728,0.13489034897587693,0.0,0.3333333333333333,23.55738130613727,20000358
SPT-Periodic,19.466917616356934,10,0.8333333333333334,0.7210411483628392,0.8333333333333334,0.16666666666666663,0.9142460795541805,0.15066123292929298,0.0,0.3333333333333333,23.918507142076997,20000359
SPT-Periodic,15.224239959209125,8,0.6666666666666666,0.4937178965529217,0.8333333333333334,0.33333333333333337,0.8488520550102043,0.15803753982012725,0.0,0.3333333333333333,21.83881416369032,20000360
SPT-Periodic,12.37037352676046,6,0.5,0.36558605149743956,0.75,0.5,0.8810230162525391,0.16887049412629254,0.0,0.3333333333333333,23.368679791435994,20000361
SPT-Periodic,16.963689440847556,9,0.75,0.6392018704969757,0.75,0.25,0.8695506411406445,0.19514818510825438,0.0,0.3333333333333333,22.739133594528955,20000362
SPT-Periodic,11.438937663834071,6,0.5,0.38236598514054193,0.6666666666666666,0.5,0.8581407960579739,0.20306495804002322,0.0,0.3333333333333333,20.622553843515046,20000363
SPT-Periodic,11.415250131774016,6,0.5,0.3522021678431081,0.6666666666666666,0.5,0.8432812800147987,0.17346689865369436,0.0,0.3333333333333333,20.80180021519897,20000364
SPT-Periodic,15.183945688207135,8,0.6666666666666666,0.5453559085172559,0.6666666666666666,0.33333333333333337,0.8265046630915805,0.16684077589491567,0.0,0.3333333333333333,21.218315879862775,20000365
SPT-Periodic,16.07448043429204,8,0.6666666666666666,0.5836977846694629,0.6666666666666666,0.33333333333333337,0.8885844958834593,0.19569597936445549,0.0,0.3333333333333333,22.953781689335322,20000366
SPT-Periodic,15.976852744991746,8,0.6666666666666666,0.48404816089635333,0.8333333333333334,0.33333333333333337,0.8963197205943517,0.15270985803933293,0.0,0.3333333333333333,22.733313851179943,20000367
SPT-Periodic,13.237881283301496,7,0.5833333333333334,0.4375693184533894,0.75,0.41666666666666663,0.8602828009422102,0.16386499261318418,0.0,0.3333333333333333,21.624486083185943,20000368
SPT-Periodic,13.3495928774967,7,0.5833333333333334,0.4616979616900563,0.6666666666666666,0.41666666666666663,0.88963979629515,0.20967378541495874,0.0,0.3333333333333333,22.796512782647564,20000369
SPT-Periodic,14.69265963710498,8,0.6666666666666666,0.480943991802463,0.75,0.33333333333333337,0.8533043847892209,0.16680343140208573,0.0,0.3333333333333333,21.61825357047397,20000370
SPT-Periodic,15.332119176464312,8,0.6666666666666666,0.5201977264341517,0.75,0.33333333333333337,0.8853291177707184,0.18486559257345178,0.0,0.3333333333333333,22.38694781516023,20000371
SPT-Periodic,13.359552005352857,7,0.5833333333333334,0.467989322558728,0.6666666666666666,0.41666666666666663,0.8574662599806707,0.2008123057578833,0.0,0.3333333333333333,21.646676225157726,20000372
SPT-Periodic,13.31409166935417,7,0.5833333333333334,0.35254271101352264,0.8333333333333334,0.41666666666666663,0.8793891542074957,0.15015290886082694,0.0,0.3333333333333333,22.168893822277994,20000373
SPT-Periodic,17.41116399770664,9,0.75,0.6248450649066877,0.8333333333333334,0.25,0.8689251807924641,0.16720877137145462,0.0,0.3333333333333333,22.73011358059161,20000374
SPT-Periodic,14.227228353669542,7,0.5833333333333334,0.469631143381559,0.75,0.41666666666666663,0.9108355436188692,0.16822568509769056,0.0,0.3333333333333333,23.12399187671382,20000375
SPT-Periodic,16.87291038139374,9,0.75,0.5808699523986803,0.8333333333333334,0.25,0.8439294707641007,0.15322643147772655,0.0,0.3333333333333333,22.113293123648578,20000376
SPT-Periodic,12.984131810368197,7,0.5833333333333334,0.3986097662268358,0.75,0.41666666666666663,0.8441047867430992,0.17156576425315495,0.0,0.3333333333333333,21.197427323996553,20000377
SPT-Periodic,12.11963728797719,6,0.5,0.36005048748399704,0.75,0.5,0.8734454649873925,0.16931392467410097,0.0,0.3333333333333333,22.542397821076836,20000378
SPT-Periodic,15.580383231557413,8,0.6666666666666666,0.49084623013676487,0.8333333333333334,0.33333333333333337,0.8981151195773608,0.15318272690022727,0.0,0.3333333333333333,22.568203698450564,20000379
SPT-Periodic,17.398068247810116,9,0.75,0.5984155390833663,0.8333333333333334,0.25,0.9072321561535296,0.1656395310396996,0.0,0.3333333333333333,23.34325821164042,20000380
SPT-Periodic,13.848527055970578,7,0.5833333333333334,0.4552930952223791,0.6666666666666666,0.41666666666666663,0.8721992229080602,0.1751356629021764,0.0,0.3333333333333333,21.713646366604348,20000381
SPT-Periodic,17.27270011099448,9,0.75,0.5654637018102712,0.9166666666666666,0.25,0.9027183782127776,0.1556802812181686,0.0,0.3333333333333333,22.76271351940966,20000382
SPT-Periodic,16.685559962069995,9,0.75,0.6196042438777722,0.75,0.25,0.8679088772353211,0.17694943570471078,0.0,0.3333333333333333,22.0081590796776,20000383
SPT-Periodic,14.083522914910796,7,0.5833333333333334,0.4555529053387176,0.75,0.41666666666666663,0.8827214086382845,0.1607762822764721,0.0,0.3333333333333333,22.54175211241647,20000384
SPT-Periodic,15.290370869859935,8,0.6666666666666666,0.47913552198983855,0.8333333333333334,0.33333333333333337,0.8636724419018226,0.15789597899107763,0.0,0.3333333333333333,21.705204345600308,20000385
SPT-Periodic,15.718253316186466,8,0.6666666666666666,0.5712253841971899,0.75,0.33333333333333337,0.8596556032030122,0.18427858154753363,0.0,0.3333333333333333,22.31317444526819,20000386
SPT-Periodic,16.10456218322232,8,0.6666666666666666,0.5066165622038228,0.8333333333333334,0.33333333333333337,0.9089870893411992,0.1461516283979216,0.0,0.3333333333333333,21.66428880403023,20000387
SPT-Periodic,15.464160723863365,8,0.6666666666666666,0.5566886897877744,0.8333333333333334,0.33333333333333337,0.8926130011257604,0.15858133800899202,0.0,0.3333333333333333,22.213559027872446,20000388
SPT-Periodic,15.484339986590811,8,0.6666666666666666,0.5122443658388478,0.75,0.33333333333333337,0.9161899560949438,0.17359613490425496,0.0,0.3333333333333333,22.057193745342143,20000389
SPT-Periodic,17.945231528254727,9,0.75,0.633914602783333,0.8333333333333334,0.25,0.9041874316380388,0.1661860027359723,0.0,0.3333333333333333,23.290215936423284,20000390
SPT-Periodic,15.529016548198486,8,0.6666666666666666,0.5371808106610546,0.8333333333333334,0.33333333333333337,0.903807765835135,0.17904534140459707,0.0,0.3333333333333333,22.891101530853625,20000391
SPT-Periodic,17.833144150371393,9,0.75,0.6440610512363897,0.8333333333333334,0.25,0.8959841188263645,0.15692528998404806,0.0,0.3333333333333333,22.44421577987766,20000392
SPT-Periodic,15.35050887073892,8,0.6666666666666666,0.5569250263424985,0.6666666666666666,0.33333333333333337,0.8815498144332915,0.1850646134628324,0.0,0.3333333333333333,21.653597929769422,20000393
SPT-Periodic,13.719452312270592,7,0.5833333333333334,0.482081281416888,0.6666666666666666,0.41666666666666663,0.8536074045144891,0.1950872109849865,0.0,0.3333333333333333,22.195627827092018,20000394
SPT-Periodic,17.383974536041464,9,0.75,0.6128503798305939,0.8333333333333334,0.25,0.8881178770016929,0.17463237537505769,0.0,0.3333333333333333,22.61193298698171,20000395
SPT-Periodic,15.267872106645331,8,0.6666666666666666,0.5358535666967128,0.75,0.33333333333333337,0.8530757720117116,0.148814014656942,0.0,0.3333333333333333,21.611403331877014,20000396
SPT-Periodic,18.789010762713918,10,0.8333333333333334,0.71078687318652,0.8333333333333334,0.16666666666666663,0.8924409331859339,0.15345256131741858,0.0,0.3333333333333333,22.183691080717416,20000397
SPT-Periodic,15.49371037094843,8,0.6666666666666666,0.4899663078573028,0.9166666666666666,0.33333333333333337,0.8874918560662858,0.15236664334030603,0.0,0.3333333333333333,22.312868409394106,20000398
SPT-Periodic,16.777415973059977,9,0.75,0.5821955699904618,0.8333333333333334,0.25,0.8543766486772105,0.16992977276097565,0.0,0.3333333333333333,21.728696711949045,20000399
SPT-Periodic,15.059316887370606,8,0.6666666666666666,0.5283184993773574,0.8333333333333334,0.33333333333333337,0.8594061584331071,0.17055732957168512,0.0,0.3333333333333333,22.127504025013923,20000400
SPT-Periodic,15.540758205621092,8,0.6666666666666666,0.5813150098603233,0.6666666666666666,0.33333333333333337,0.8620242111798794,0.19915642434319747,0.0,0.3333333333333333,22.865042915910774,20000401
SPT-Periodic,10.164236766773255,5,0.4166666666666667,0.3122646884323338,0.6666666666666666,0.5833333333333333,0.8517571197229233,0.19197229302609373,0.0,0.3333333333333333,20.990399939421106,20000402
SPT-Periodic,15.357959772164067,8,0.6666666666666666,0.5716814535300276,0.6666666666666666,0.33333333333333337,0.8649761245837707,0.19469663672854953,0.0,0.3333333333333333,22.873722584863938,20000403
SPT-Periodic,15.133117665275279,8,0.6666666666666666,0.5338349550949506,0.75,0.33333333333333337,0.856420467625859,0.17714900461910366,0.0,0.3333333333333333,22.166349303237048,20000404
SPT-Periodic,13.252878615753454,7,0.5833333333333334,0.5005285480427604,0.5833333333333334,0.41666666666666663,0.8173983933776352,0.18452412638688054,0.0,0.3333333333333333,20.429931403578113,20000405
SPT-Periodic,13.581511838473105,7,0.5833333333333334,0.4213991222956344,0.75,0.41666666666666663,0.898735632565061,0.1812318767252582,0.0,0.3333333333333333,23.176831167613123,20000406
SPT-Periodic,17.42728628290271,9,0.75,0.6343936220375929,0.75,0.25,0.9053560292244965,0.16884389280040601,0.0,0.3333333333333333,22.493540961696386,20000407
SPT-Periodic,13.600017555048561,7,0.5833333333333334,0.42203856546163143,0.8333333333333334,0.41666666666666663,0.8468563331571014,0.1571541227128693,0.0,0.3333333333333333,22.025548904762562,20000408
SPT-Periodic,14.078199731016285,7,0.5833333333333334,0.4005464008799572,0.8333333333333334,0.41666666666666663,0.9075149299631224,0.17288009852780792,0.0,0.3333333333333333,23.00564043291111,20000409
SPT-Periodic,15.544094571256045,8,0.6666666666666666,0.4976428574992794,0.8333333333333334,0.33333333333333337,0.8784740960238885,0.14868384949921082,0.0,0.3333333333333333,23.35946490300002,20000410
SPT-Periodic,15.64047473325529,8,0.6666666666666666,0.5167163614107722,0.75,0.33333333333333337,0.8786153505478528,0.15324147747135294,0.0,0.3333333333333333,22.387420467679142,20000411
SPT-Periodic,13.32951276693732,7,0.5833333333333334,0.5142375744909834,0.6666666666666666,0.41666666666666663,0.8504763685203413,0.19460954896103685,0.0,0.3333333333333333,21.811677909760228,20000412
SPT-Periodic,15.434674252484026,8,0.6666666666666666,0.5571911245841431,0.8333333333333334,0.33333333333333337,0.8548093167306966,0.16305268027834366,0.0,0.3333333333333333,21.99527102210012,20000413
SPT-Periodic,15.302966132316099,8,0.6666666666666666,0.5476523482521644,0.75,0.33333333333333337,0.8716289774103735,0.18007398743265346,0.0,0.3333333333333333,22.315423379283416,20000414
SPT-Periodic,15.633257763747254,8,0.6666666666666666,0.505628517205343,0.75,0.33333333333333337,0.9110971780809951,0.16153962772413835,0.0,0.3333333333333333,22.125568953045686,20000415
SPT-Periodic,15.076338911803488,8,0.6666666666666666,0.5438018877110846,0.75,0.33333333333333337,0.8670995814674102,0.17782920557140838,0.0,0.3333333333333333,21.550587884964717,20000416
SPT-Periodic,15.03555494277004,8,0.6666666666666666,0.49279140572141156,0.75,0.33333333333333337,0.8744060221192828,0.1691819702299426,0.0,0.3333333333333333,22.559515699891815,20000417
SPT-Periodic,15.62044117235712,8,0.6666666666666666,0.5238854146223179,0.8333333333333334,0.33333333333333337,0.8955546047307896,0.14464195524503445,0.0,0.3333333333333333,23.17446575489887,20000418
SPT-Periodic,12.925503491028504,7,0.5833333333333334,0.3961917383455019,0.75,0.41666666666666663,0.8499201398954529,0.19823889293864583,0.0,0.3333333333333333,21.364687592931702,20000419
SPT-Periodic,15.46084913916881,8,0.6666666666666666,0.5238142541187796,0.8333333333333334,0.33333333333333337,0.8907266676228022,0.15456032929319644,0.0,0.3333333333333333,22.515228932322817,20000420
SPT-Periodic,15.267991632645012,8,0.6666666666666666,0.5723721673472564,0.6666666666666666,0.33333333333333337,0.8627209326535299,0.2013079914950119,0.0,0.3333333333333333,22.47038150548555,20000421
SPT-Periodic,13.581656616242727,7,0.5833333333333334,0.42010735051739345,0.75,0.41666666666666663,0.862456775888786,0.14945390802458844,0.0,0.3333333333333333,21.75066362187753,20000422
SPT-Periodic,16.745220051422066,9,0.75,0.5745486926002403,0.8333333333333334,0.25,0.8642199702443035,0.14734222369277028,0.0,0.3333333333333333,20.96221380730117,20000423
SPT-Periodic,15.501507586533263,8,0.6666666666666666,0.5514514992819745,0.75,0.33333333333333337,0.8680884981474947,0.17462476682316339,0.0,0.3333333333333333,21.770646627483746,20000424
SPT-Periodic,9.555847594988736,5,0.4166666666666667,0.2624705458999091,0.6666666666666666,0.5833333333333333,0.8572876404839066,0.18784098596093032,0.0,0.3333333333333333,22.18116328749733,20000425
SPT-Periodic,15.023689946064316,8,0.6666666666666666,0.49587549889096605,0.75,0.33333333333333337,0.8968222393737436,0.18100043855814685,0.0,0.3333333333333333,21.98820849636522,20000426
SPT-Periodic,17.017482971200035,9,0.75,0.6246112668411588,0.75,0.25,0.8709988837852763,0.16137578517500825,0.0,0.3333333333333333,22.382912010274318,20000427
SPT-Periodic,19.78633062029233,10,0.8333333333333334,0.7317906207525001,0.8333333333333334,0.16666666666666663,0.8968572814256204,0.15715547060495189,0.0,0.3333333333333333,22.984714385553616,20000428
SPT-Periodic,17.013592635397394,9,0.75,0.5678122975403304,0.9166666666666666,0.25,0.8875567109513457,0.162005938259114,0.0,0.3333333333333333,22.881523513877475,20000429
SPT-Periodic,18.481131537398756,10,0.8333333333333334,0.6618806910277241,0.8333333333333334,0.16666666666666663,0.896088415365043,0.1519210754290633,0.0,0.3333333333333333,21.96832959810241,20000430
SPT-Periodic,15.658789429322834,8,0.6666666666666666,0.5510950245648041,0.75,0.33333333333333337,0.8731842376245291,0.1646961763006483,0.0,0.3333333333333333,21.57356140679641,20000431
SPT-Periodic,17.601575176951524,9,0.75,0.6506068270847556,0.8333333333333334,0.25,0.9031388311842337,0.16747945887010363,0.0,0.3333333333333333,22.278163937199277,20000432
SPT-Periodic,13.62166276722907,7,0.5833333333333334,0.5057707331980268,0.6666666666666666,0.41666666666666663,0.8894969734875264,0.19603416859383058,0.0,0.3333333333333333,21.96300771849543,20000433
SPT-Periodic,16.835515267839824,9,0.75,0.6221253348255817,0.75,0.25,0.8713571967062136,0.18523019603520455,0.0,0.3333333333333333,21.88943760106479,20000434
SPT-Periodic,16.068058186596907,8,0.6666666666666666,0.5392780153996236,0.8333333333333334,0.33333333333333337,0.9130127636596695,0.1656127048261877,0.0,0.3333333333333333,23.45147421830844,20000435
SPT-Periodic,19.22430106152847,10,0.8333333333333334,0.7038379920950366,0.8333333333333334,0.16666666666666663,0.906394025985203,0.14714964310974624,0.0,0.3333333333333333,24.072925810792754,20000436
SPT-Periodic,15.493835892838492,8,0.6666666666666666,0.5074286319531153,0.8333333333333334,0.33333333333333337,0.8972738570762445,0.17215120265154002,0.0,0.3333333333333333,22.790948236518876,20000437
SPT-Periodic,13.042769651492215,7,0.5833333333333334,0.4164702501725256,0.75,0.41666666666666663,0.8142640991230846,0.17104146132724618,0.0,0.3333333333333333,20.68548753940129,20000438
SPT-Periodic,13.888681991774726,7,0.5833333333333334,0.4902689008717992,0.6666666666666666,0.41666666666666663,0.8634159397176506,0.19681332141150956,0.0,0.3333333333333333,21.976108533739474,20000439
SPT-Periodic,16.56482800802968,9,0.75,0.6241120670683181,0.8333333333333334,0.25,0.8728463770859332,0.15842426363947468,0.0,0.3333333333333333,22.140128133797432,20000440
SPT-Periodic,12.648611503420547,7,0.5833333333333334,0.42605265629471206,0.6666666666666666,0.41666666666666663,0.8217649688263388,0.196391139135891,0.0,0.3333333333333333,20.4906251736955,20000441
SPT-Periodic,18.743704284082593,10,0.8333333333333334,0.6902001739106723,0.8333333333333334,0.16666666666666663,0.8960985313453085,0.156601533772034,0.0,0.3333333333333333,22.695272048325307,20000442
SPT-Periodic,12.307559263212271,6,0.5,0.3733557238991904,0.75,0.5,0.9049292519869452,0.18376623601283196,0.0,0.3333333333333333,22.189151300079267,20000443
SPT-Periodic,11.875539892403218,6,0.5,0.3493175072442241,0.75,0.5,0.8520045098792405,0.1749351451823524,0.0,0.3333333333333333,21.592983123471654,20000444
SPT-Periodic,17.68394844681755,9,0.75,0.6348038971823621,0.75,0.25,0.8699435228341031,0.16129172160997776,0.0,0.3333333333333333,21.32322920630433,20000445
SPT-Periodic,15.949605308555036,8,0.6666666666666666,0.530173443214342,0.75,0.33333333333333337,0.9030474879713903,0.1635007356333397,0.0,0.3333333333333333,23.34069082264565,20000446
SPT-Periodic,13.895616985985704,7,0.5833333333333334,0.4812352477580071,0.6666666666666666,0.41666666666666663,0.8815835288069209,0.20442237107993055,0.0,0.3333333333333333,21.849822139522193,20000447
SPT-Periodic,15.442707786172539,8,0.6666666666666666,0.5624634965385761,0.75,0.33333333333333337,0.8954436128677941,0.18401185916829546,0.0,0.3333333333333333,22.866302209462532,20000448
SPT-Periodic,17.6473988551223,9,0.75,0.6363262608943115,0.8333333333333334,0.25,0.8715398951954753,0.15089830295933024,0.0,0.3333333333333333,22.245558322542795,20000449
SPT-Periodic,13.307139361599468,7,0.5833333333333334,0.4395467848784124,0.6666666666666666,0.41666666666666663,0.893188739744453,0.20324113852199208,0.0,0.3333333333333333,22.40846697635971,20000450
SPT-Periodic,15.522768459808256,8,0.6666666666666666,0.5015622754478573,0.8333333333333334,0.33333333333333337,0.8799363029912142,0.16875662432375674,0.0,0.3333333333333333,23.77825378937294,20000451
SPT-Periodic,15.703161564108617,8,0.6666666666666666,0.5735882788802543,0.6666666666666666,0.33333333333333337,0.8867431888062329,0.19674650496412882,0.0,0.3333333333333333,22.529904240714114,20000452
SPT-Periodic,13.2765878832979,7,0.5833333333333334,0.49169635037255677,0.6666666666666666,0.41666666666666663,0.8348931963013312,0.21601641851858866,0.0,0.3333333333333333,21.144075891385892,20000453
SPT-Periodic,15.090628504297761,8,0.6666666666666666,0.4868264941755349,0.75,0.33333333333333337,0.877160496334259,0.17772046407781886,0.0,0.3333333333333333,21.85196861244401,20000454
SPT-Periodic,13.48627169931611,7,0.5833333333333334,0.43463329671753054,0.75,0.41666666666666663,0.8845932912415403,0.17391220952794648,0.0,0.3333333333333333,22.07306109366007,20000455
SPT-Periodic,14.94984453737051,8,0.6666666666666666,0.5098879479335462,0.75,0.33333333333333337,0.8754433392201904,0.16881887587818364,0.0,0.3333333333333333,21.490041655830172,20000456
SPT-Periodic,9.997594998447644,5,0.4166666666666667,0.29944795854361067,0.6666666666666666,0.5833333333333333,0.8489560151114935,0.1887551873539284,0.0,0.3333333333333333,21.38074868698156,20000457
SPT-Periodic,13.59429985245733,7,0.5833333333333334,0.4905608572766069,0.6666666666666666,0.41666666666666663,0.8720169737986722,0.2170069446671734,0.0,0.3333333333333333,21.171413390300163,20000458
SPT-Periodic,13.775458648782584,7,0.5833333333333334,0.45154611919899557,0.75,0.41666666666666663,0.9150596130875702,0.1793797305491525,0.0,0.3333333333333333,21.902193250692925,20000459
SPT-Periodic,17.71660798309769,9,0.75,0.6174544230587411,0.8333333333333334,0.25,0.9101542755708434,0.1496911199710782,0.0,0.3333333333333333,24.0381092527701,20000460
SPT-Periodic,15.664467909902507,8,0.6666666666666666,0.5367403725498399,0.6666666666666666,0.33333333333333337,0.9169006240506956,0.1817770402142879,0.0,0.3333333333333333,21.353079980278096,20000461
SPT-Periodic,17.452069296791464,9,0.75,0.6439030152677974,0.8333333333333334,0.25,0.9038017788081018,0.17287226752694332,0.0,0.3333333333333333,22.81310215668049,20000462
SPT-Periodic,14.238308349950465,7,0.5833333333333334,0.4645053178928758,0.75,0.41666666666666663,0.8907395493343045,0.17246966106011466,0.0,0.3333333333333333,21.82112666704186,20000463
SPT-Periodic,15.485268219179446,8,0.6666666666666666,0.5079026173233004,0.75,0.33333333333333337,0.866970039475477,0.1494346958836485,0.0,0.3333333333333333,22.025635297399443,20000464
SPT-Periodic,15.729317193843466,8,0.6666666666666666,0.5200112023363495,0.8333333333333334,0.33333333333333337,0.8833188430947748,0.16026572818031495,0.0,0.3333333333333333,22.38365857246257,20000465
SPT-Periodic,13.514305185758253,7,0.5833333333333334,0.48852359189070776,0.6666666666666666,0.41666666666666663,0.8336485326304434,0.17078548409810046,0.0,0.3333333333333333,20.934005981262814,20000466
SPT-Periodic,15.565490869497564,8,0.6666666666666666,0.543358412865939,0.8333333333333334,0.33333333333333337,0.8576561251898859,0.1385048521023261,0.0,0.3333333333333333,21.752441215899196,20000467
SPT-Periodic,16.807269459902983,9,0.75,0.5779887118587672,0.8333333333333334,0.25,0.8596956579806266,0.1593351622612341,0.0,0.3333333333333333,21.185805377246517,20000468
SPT-Periodic,13.288570190162947,7,0.5833333333333334,0.42989781109554065,0.75,0.41666666666666663,0.8517728838559044,0.17616680976733692,0.0,0.3333333333333333,20.650158411861014,20000469
SPT-Periodic,16.609821561255163,9,0.75,0.6364446856582276,0.8333333333333334,0.25,0.8660830582443886,0.16538601158692012,0.0,0.3333333333333333,22.723427465149943,20000470
SPT-Periodic,17.650485249895198,9,0.75,0.6450315493186644,0.75,0.25,0.9126494391915508,0.16689134245558923,0.0,0.3333333333333333,22.867244111302078,20000471
SPT-Periodic,15.716515670847105,8,0.6666666666666666,0.5383550254488307,0.75,0.33333333333333337,0.8751021308882523,0.162221771616101,0.0,0.3333333333333333,21.508782377350684,20000472
SPT-Periodic,17.443730974101342,9,0.75,0.5914769778743302,0.8333333333333334,0.25,0.8993598131133357,0.15076876875708342,0.0,0.3333333333333333,22.79698432951167,20000473
SPT-Periodic,14.044335953076807,7,0.5833333333333334,0.4255218315373985,0.75,0.41666666666666663,0.8954451324053426,0.16355667475571659,0.0,0.3333333333333333,21.666079045465068,20000474
SPT-Periodic,15.926276851483275,8,0.6666666666666666,0.5327177728870571,0.75,0.33333333333333337,0.902779458739072,0.16633335504324223,0.0,0.3333333333333333,21.511228691780783,20000475
SPT-Periodic,18.531054640854766,10,0.8333333333333334,0.7437862519292312,0.8333333333333334,0.16666666666666663,0.8508394594461199,0.1661414491650484,0.0,0.3333333333333333,22.101333433739303,20000476
SPT-Periodic,17.575092648253488,9,0.75,0.6358085481969658,0.75,0.25,0.8763956102818922,0.15834714727702218,0.0,0.3333333333333333,20.754900043165364,20000477
SPT-Periodic,12.426983674643555,6,0.5,0.3756266164297649,0.75,0.5,0.8920641522754774,0.1766606393484295,0.0,0.3333333333333333,22.43199234640789,20000478
SPT-Periodic,13.723666477592893,7,0.5833333333333334,0.4213280732159287,0.75,0.41666666666666663,0.8672669449578351,0.1692351999434155,0.0,0.3333333333333333,21.952783933431714,20000479
SPT-Periodic,15.74020994808917,8,0.6666666666666666,0.5373904588749477,0.75,0.33333333333333337,0.9090590660279684,0.1967009636196632,0.0,0.3333333333333333,22.828537487583095,20000480
SPT-Periodic,14.143123919388133,7,0.5833333333333334,0.4562035017548192,0.8333333333333334,0.41666666666666663,0.8787719854494384,0.144025862492377,0.0,0.3333333333333333,22.988879878266662,20000481
SPT-Periodic,11.891082991764582,6,0.5,0.37631815785511036,0.6666666666666666,0.5,0.8734696817987189,0.18467270568078162,0.0,0.3333333333333333,21.698642780124445,20000482
SPT-Periodic,17.839579882623838,9,0.75,0.6497393408970293,0.8333333333333334,0.25,0.8941849916950533,0.14629677356648516,0.0,0.3333333333333333,21.937132205786167,20000483
SPT-Periodic,13.32918672488098,7,0.5833333333333334,0.4702303239816619,0.6666666666666666,0.41666666666666663,0.8598236959297602,0.19613026144164514,0.0,0.3333333333333333,21.321785675243017,20000484
SPT-Periodic,16.911592478148656,9,0.75,0.62178294865307,0.75,0.25,0.8356447806609245,0.16764330928413904,0.0,0.3333333333333333,21.903477113088332,20000485
SPT-Periodic,17.32441047826985,9,0.75,0.6500486029294893,0.8333333333333334,0.25,0.8716271376113202,0.18316283196965585,0.0,0.3333333333333333,23.201241478440423,20000486
SPT-Periodic,15.821801884814985,8,0.6666666666666666,0.5433838246640669,0.75,0.33333333333333337,0.8866815787215975,0.1626095530125953,0.0,0.3333333333333333,22.33228768721636,20000487
SPT-Periodic,15.91478006577302,8,0.6666666666666666,0.5552933058323494,0.75,0.33333333333333337,0.8760338206731156,0.1597310574130936,0.0,0.3333333333333333,22.124598878098205,20000488
SPT-Periodic,15.532872723040828,8,0.6666666666666666,0.5335970960846969,0.75,0.33333333333333337,0.8714463374757219,0.1780751335262253,0.0,0.3333333333333333,22.150203308301897,20000489
SPT-Periodic,15.051132501890281,8,0.6666666666666666,0.49147077428891034,0.75,0.33333333333333337,0.8781287725739312,0.16697316098574885,0.0,0.3333333333333333,21.02997819575417,20000490
SPT-Periodic,14.770314991652302,8,0.6666666666666666,0.531321260169373,0.6666666666666666,0.33333333333333337,0.8494105654543144,0.19074425118308702,0.0,0.3333333333333333,21.573970649421515,20000491
SPT-Periodic,15.041595541755527,8,0.6666666666666666,0.5148067528421556,0.75,0.33333333333333337,0.8773751624249962,0.18153758499554518,0.0,0.3333333333333333,22.41337722901484,20000492
SPT-Periodic,12.968604613554222,7,0.5833333333333334,0.43558252794572294,0.6666666666666666,0.41666666666666663,0.8609181113040026,0.18867694382352837,0.0,0.3333333333333333,21.304718189193853,20000493
SPT-Periodic,16.965205255406676,9,0.75,0.6398687112271697,0.75,0.25,0.8881868529735896,0.1716062405710128,0.0,0.3333333333333333,22.09040432557233,20000494
SPT-Periodic,13.458633533510229,7,0.5833333333333334,0.44853402819605576,0.75,0.41666666666666663,0.8489972791906378,0.18022378092834357,0.0,0.3333333333333333,21.16143332735395,20000495
SPT-Periodic,16.064549476715555,8,0.6666666666666666,0.5236271367335829,0.8333333333333334,0.33333333333333337,0.9058445184942854,0.1393225652084236,0.0,0.3333333333333333,22.70509893412973,20000496
SPT-Periodic,14.679910627218767,8,0.6666666666666666,0.49847780925018004,0.75,0.33333333333333337,0.8562194222890266,0.16861110878912164,0.0,0.3333333333333333,21.333002056145183,20000497
SPT-Periodic,13.754925827235967,7,0.5833333333333334,0.46985522521629947,0.75,0.41666666666666663,0.8561498665646082,0.17684582625698342,0.0,0.3333333333333333,21.397095344985107,20000498
SPT-Periodic,15.007039396604682,8,0.6666666666666666,0.5174476277855328,0.75,0.33333333333333337,0.8501190974749617,0.17836956787974198,0.0,0.3333333333333333,21.290744991750334,20000499
SPT-Threshold,16.36835716997994,9,0.75,0.6017113250689397,0.8333333333333334,0.25,0.8823935291593757,0.21898576076289453,0.0,0.2708333333333333,23.187877934274056,20000000
SPT-Threshold,18.881975019736583,10,0.8333333333333334,0.7297928770005953,0.8333333333333334,0.16666666666666663,0.8843591915448222,0.19192529448170903,0.0,0.2708333333333333,24.165032815981665,20000001
SPT-Threshold,16.813535700706556,9,0.75,0.6384771204178709,0.8333333333333334,0.25,0.9086662880077471,0.22362037627992906,0.0,0.2708333333333333,25.468385553083586,20000002
SPT-Threshold,17.793127103749868,10,0.8333333333333334,0.7441562408070357,0.8333333333333334,0.16666666666666663,0.83328716661194,0.2141867695130807,0.0,0.25,24.409257178265353,20000003
SPT-Threshold,18.70669268316993,10,0.8333333333333334,0.7245283874309036,0.8333333333333334,0.16666666666666663,0.8368065413882984,0.1516130584272239,0.0,0.2916666666666667,23.8585399682905,20000004
SPT-Threshold,12.286296462533357,7,0.5833333333333334,0.4773618121384035,0.75,0.41666666666666663,0.835445345586847,0.23855762293383723,0.0,0.25,23.030389101625797,20000005
SPT-Threshold,12.841607886477979,7,0.5833333333333334,0.4674437175432769,0.75,0.41666666666666663,0.8424564023298854,0.23183829568416603,0.0,0.25,22.92363158875309,20000006
SPT-Threshold,12.49904793018092,7,0.5833333333333334,0.3954788957597975,0.75,0.41666666666666663,0.8473183060418248,0.20834147312671955,0.0,0.3125,22.00951525422103,20000007
SPT-Threshold,15.097231063596933,8,0.6666666666666666,0.5558190599760571,0.75,0.33333333333333337,0.8207136420175956,0.1949629833111446,0.0,0.3125,22.30673389159289,20000008
SPT-Threshold,12.651624577351914,7,0.5833333333333334,0.4575069473326683,0.75,0.41666666666666663,0.8402214230199859,0.2061718207900011,0.0,0.2916666666666667,22.399517160793728,20000009
SPT-Threshold,12.956999932621043,7,0.5833333333333334,0.4299865229985015,0.75,0.41666666666666663,0.8285788644077489,0.1928295268099384,0.0,0.2916666666666667,21.11980724064243,20000010
SPT-Threshold,14.881761311386095,8,0.6666666666666666,0.5608761296554909,0.9166666666666666,0.33333333333333337,0.8544149143683306,0.20522034423222213,0.0,0.25,24.23990603863769,20000011
SPT-Threshold,14.10815446347951,8,0.6666666666666666,0.45925979800858796,0.8333333333333334,0.33333333333333337,0.8674927975254567,0.21987143552125601,0.0,0.2708333333333333,22.754525311436595,20000012
SPT-Threshold,17.22154174053694,9,0.75,0.6477280711645282,0.8333333333333334,0.25,0.8543638468529853,0.18771962019687807,0.0,0.3125,23.556918390901952,20000013
SPT-Threshold,12.311378699722596,7,0.5833333333333334,0.462374473146647,0.75,0.41666666666666663,0.8243970213564689,0.2212505129351022,0.0,0.2708333333333333,21.699503338419923,20000014
SPT-Threshold,17.10971274825301,9,0.75,0.6211692890030405,0.8333333333333334,0.25,0.9116324381008841,0.2132312610502065,0.0,0.2708333333333333,23.351138983621166,20000015
SPT-Threshold,16.292048540083112,9,0.75,0.6490321286803828,0.8333333333333334,0.25,0.8319187208829545,0.19988565792727497,0.0,0.2916666666666667,22.019376543501934,20000016
SPT-Threshold,12.842632948779674,7,0.5833333333333334,0.4940872555481325,0.8333333333333334,0.41666666666666663,0.8304189022493004,0.20620198126056008,0.0,0.2916666666666667,22.88849932966163,20000017
SPT-Threshold,13.316495747629334,7,0.5833333333333334,0.5170241704464686,0.6666666666666666,0.41666666666666663,0.8760621150252813,0.2347368788197247,0.0,0.3125,22.512786233434046,20000018
SPT-Threshold,18.429577123591898,10,0.8333333333333334,0.7303747128313246,0.8333333333333334,0.16666666666666663,0.8906750800254919,0.2071385030176506,0.0,0.25,24.69427051721542,20000019
SPT-Threshold,12.802245481703661,7,0.5833333333333334,0.4171760025102818,0.75,0.41666666666666663,0.85757344833653,0.2007136660791228,0.0,0.2708333333333333,22.613101408144594,20000020
SPT-Threshold,16.039919928800387,9,0.75,0.64440025454073,0.9166666666666666,0.25,0.8224978930774758,0.20836830455840316,0.0,0.22916666666666666,23.79599246535446,20000021
SPT-Threshold,16.226808153985672,9,0.75,0.6105712827148457,0.8333333333333334,0.25,0.8119323087067775,0.19219300788870022,0.0,0.2708333333333333,22.391600273079558,20000022
SPT-Threshold,14.704499058574411,8,0.6666666666666666,0.5614797761123763,0.75,0.33333333333333337,0.8528764761877605,0.2107891456631372,0.0,0.3125,20.999455146001644,20000023
SPT-Threshold,18.852865623487347,10,0.8333333333333334,0.7508914614568944,0.9166666666666666,0.16666666666666663,0.8973016929111822,0.22757789676954412,0.0,0.22916666666666666,25.92807887575894,20000024
SPT-Threshold,14.636486591412075,8,0.6666666666666666,0.571809895580389,0.75,0.33333333333333337,0.8462203480940027,0.2346702559252772,0.0,0.2708333333333333,22.42215434506441,20000025
SPT-Threshold,17.934300359197984,10,0.8333333333333334,0.7205485742193348,0.9166666666666666,0.16666666666666663,0.8602772324323712,0.22370730695327481,0.0,0.22916666666666666,24.402515073971998,20000026
SPT-Threshold,18.058769334130254,10,0.8333333333333334,0.719780189323428,0.8333333333333334,0.16666666666666663,0.8552680398259941,0.20335420630230625,0.0,0.2708333333333333,24.151476426298547,20000027
SPT-Threshold,16.15177130715544,9,0.75,0.6618116827141834,0.8333333333333334,0.25,0.846672746931274,0.20680848484319603,0.0,0.22916666666666666,24.02924738959363,20000028
SPT-Threshold,17.691214455688158,10,0.8333333333333334,0.6924306275656229,0.8333333333333334,0.16666666666666663,0.8183115176724071,0.18021580851041438,0.0,0.2916666666666667,21.598177355839944,20000029
SPT-Threshold,11.051624249557028,6,0.5,0.41142185686345273,0.5833333333333334,0.5,0.8089586667384707,0.2056775346056233,0.0,0.3333333333333333,20.6703247084909,20000030
SPT-Threshold,15.037709095865157,8,0.6666666666666666,0.5777347623113102,0.75,0.33333333333333337,0.8482705930145995,0.2041690775891222,0.0,0.2916666666666667,21.738498652294194,20000031
SPT-Threshold,14.691122464846188,8,0.6666666666666666,0.5473832035172643,0.8333333333333334,0.33333333333333337,0.8710931284835753,0.227599193153151,0.0,0.2708333333333333,23.184612013648856,20000032
SPT-Threshold,14.719264734013027,8,0.6666666666666666,0.5251752056995722,0.75,0.33333333333333337,0.8727454957013041,0.2137189753071477,0.0,0.2916666666666667,21.744759374256166,20000033
SPT-Threshold,16.100770182490656,9,0.75,0.6181091050882082,0.75,0.25,0.8299794978796867,0.19804207795509102,0.0,0.2916666666666667,22.705145642615452,20000034
SPT-Threshold,13.59718243318254,8,0.6666666666666666,0.5204916881295139,0.75,0.33333333333333337,0.8280703537659407,0.23345268217293447,0.0,0.2708333333333333,22.59276004223032,20000035
SPT-Threshold,19.56524547798012,11,0.9166666666666666,0.8312466047947481,0.9166666666666666,0.08333333333333337,0.8378957208752107,0.1819357686144929,0.0,0.25,25.458835586846536,20000036
SPT-Threshold,13.157943857126899,7,0.5833333333333334,0.46935187142784357,0.75,0.41666666666666663,0.8829037101482946,0.2286172906434043,0.0,0.2708333333333333,23.7486636924635,20000037
SPT-Threshold,16.459028124115754,9,0.75,0.6162550224034812,0.8333333333333334,0.25,0.8499629595388685,0.19535029548712027,0.0,0.2708333333333333,22.98725751938155,20000038
SPT-Threshold,14.850101991977777,8,0.6666666666666666,0.5768457629624708,0.75,0.33333333333333337,0.8466256619180719,0.2080160642985578,0.0,0.2708333333333333,22.883307977654017,20000039
SPT-Threshold,13.193814734196673,7,0.5833333333333334,0.46934160397852,0.6666666666666666,0.41666666666666663,0.8464563457434413,0.20498314447427454,0.0,0.2916666666666667,22.52867646035437,20000040
SPT-Threshold,16.9705068223285,9,0.75,0.6080376190668283,0.8333333333333334,0.25,0.8971566313266915,0.20855882793176841,0.0,0.2708333333333333,23.96473141861735,20000041
SPT-Threshold,15.835129824932542,9,0.75,0.6081084097535643,0.8333333333333334,0.25,0.8531135153509998,0.23286822033914426,0.0,0.25,24.2325896850785,20000042
SPT-Threshold,16.925393791045355,9,0.75,0.6384657074234188,0.8333333333333334,0.25,0.8581588728679325,0.17722285208995445,0.0,0.2916666666666667,22.053647237453475,20000043
SPT-Threshold,10.537128517603879,6,0.5,0.41786684365446153,0.75,0.5,0.8305672197316696,0.2517309547442487,0.0,0.22916666666666666,21.841234030311547,20000044
SPT-Threshold,15.462382273889014,8,0.6666666666666666,0.5653757598208055,0.75,0.33333333333333337,0.841129964850424,0.1938684025253714,0.0,0.3333333333333333,22.618379179469752,20000045
SPT-Threshold,11.079020880107633,6,0.5,0.36507702417126947,0.6666666666666666,0.5,0.8483831716591554,0.1958690102770706,0.0,0.3541666666666667,21.475308712015728,20000046
SPT-Threshold,19.72589257009871,11,0.9166666666666666,0.842666004513588,0.9166666666666666,0.08333333333333337,0.8281005132559596,0.18738648631302368,0.0,0.25,23.911749521853856,20000047
SPT-Threshold,13.274877912781957,7,0.5833333333333334,0.4779967210662703,0.75,0.41666666666666663,0.8429762325645577,0.1896578625321287,0.0,0.3125,21.62649110984384,20000048
SPT-Threshold,18.18953296341656,10,0.8333333333333334,0.7336753465100263,0.8333333333333334,0.16666666666666663,0.8346941914527121,0.18395518773644257,0.0,0.25,23.284293457452737,20000049
SPT-Threshold,16.4249565176402,9,0.75,0.5997988631372276,0.8333333333333334,0.25,0.8335573172644882,0.188104380954312,0.0,0.25,23.83442399243116,20000050
SPT-Threshold,12.818072948200788,7,0.5833333333333334,0.4243953487223561,0.75,0.41666666666666663,0.866997604283929,0.2098522879116728,0.0,0.2708333333333333,23.77146568664342,20000051
SPT-Threshold,13.720696860635067,7,0.5833333333333334,0.47010090685647676,0.8333333333333334,0.41666666666666663,0.8758829054658888,0.2031811338830892,0.0,0.3125,23.72429924745999,20000052
SPT-Threshold,12.526293655210221,7,0.5833333333333334,0.42520048076674494,0.8333333333333334,0.41666666666666663,0.8570428857138159,0.22401461951257398,0.0,0.22916666666666666,25.19841267504025,20000053
SPT-Threshold,18.42198706617372,10,0.8333333333333334,0.7340783494206271,0.9166666666666666,0.16666666666666663,0.8551295223341345,0.22509311600619508,0.0,0.20833333333333334,25.921002113502993,20000054
SPT-Threshold,12.92482060556994,7,0.5833333333333334,0.41459790825273696,0.75,0.41666666666666663,0.8750263965390671,0.19330115795816458,0.0,0.3125,21.872039968051446,20000055
SPT-Threshold,14.57476419078845,8,0.6666666666666666,0.5060396671148923,0.8333333333333334,0.33333333333333337,0.8469950763598821,0.2031218469552014,0.0,0.2708333333333333,24.14004483836427,20000056
SPT-Threshold,13.206955780463598,7,0.5833333333333334,0.4771104049647672,0.6666666666666666,0.41666666666666663,0.8441821413634765,0.21613152080398398,0.0,0.3333333333333333,20.879313726891787,20000057
SPT-Threshold,14.60565749424866,8,0.6666666666666666,0.502770912203083,0.8333333333333334,0.33333333333333337,0.830164476666334,0.18971123886109717,0.0,0.2708333333333333,23.11292756354724,20000058
SPT-Threshold,12.805606484670017,7,0.5833333333333334,0.47992467866798943,0.6666666666666666,0.41666666666666663,0.862788934241896,0.2315580596792727,0.0,0.2916666666666667,22.849836377458857,20000059
SPT-Threshold,18.641212041280546,10,0.8333333333333334,0.7363945544719018,0.8333333333333334,0.16666666666666663,0.8881230414251439,0.21002983335378056,0.0,0.25,24.483390871863353,20000060
SPT-Threshold,13.532322597427594,7,0.5833333333333334,0.4704486589029149,0.6666666666666666,0.41666666666666663,0.8730436089788075,0.1952342204832582,0.0,0.3541666666666667,20.76182233979412,20000061
SPT-Threshold,14.879262844608974,8,0.6666666666666666,0.536098977284786,0.75,0.33333333333333337,0.8852657219668622,0.23476725078195249,0.0,0.2708333333333333,23.029076418220622,20000062
SPT-Threshold,13.152113857384547,7,0.5833333333333334,0.4490116384941528,0.75,0.41666666666666663,0.8404416956835146,0.20203780404118818,0.0,0.3125,22.056418689341665,20000063
SPT-Threshold,19.084862937611003,10,0.8333333333333334,0.7291995168709376,0.9166666666666666,0.16666666666666663,0.8602526706795226,0.17968452178271924,0.0,0.25,25.09330223311485,20000064
SPT-Threshold,12.662163028840318,7,0.5833333333333334,0.414739488768574,0.75,0.41666666666666663,0.847654844074682,0.21115723487963564,0.0,0.3333333333333333,20.974715190458358,20000065
SPT-Threshold,14.813153507446401,8,0.6666666666666666,0.5543647206695951,0.75,0.33333333333333337,0.8842420714945501,0.22641790209896065,0.0,0.2708333333333333,24.04653551459504,20000066
SPT-Threshold,14.709570289632005,8,0.6666666666666666,0.5414671940302918,0.8333333333333334,0.33333333333333337,0.8899621123735176,0.22940640158934178,0.0,0.25,24.691512331850387,20000067
SPT-Threshold,13.07246341509917,7,0.5833333333333334,0.4799909373529035,0.75,0.41666666666666663,0.845045418844706,0.22556269416730437,0.0,0.25,24.16040642778352,20000068
SPT-Threshold,16.70637603109459,9,0.75,0.6452056351719762,0.9166666666666666,0.25,0.9021908531402058,0.22666204378643562,0.0,0.2708333333333333,25.21155922338254,20000069
SPT-Threshold,17.189040913772132,9,0.75,0.6777677982160152,0.75,0.25,0.8920515818769618,0.1984203553512264,0.0,0.2708333333333333,23.84059792549169,20000070
SPT-Threshold,9.630905360217541,5,0.4166666666666667,0.3082891861899211,0.75,0.5833333333333333,0.8442841027829887,0.2153305747027762,0.0,0.3125,22.33244080798734,20000071
SPT-Threshold,13.199421802891983,7,0.5833333333333334,0.48033504676278904,0.8333333333333334,0.41666666666666663,0.8314733206096294,0.1838170638944319,0.0,0.2708333333333333,23.270194238908942,20000072
SPT-Threshold,14.491217582203939,8,0.6666666666666666,0.5117246719865606,0.75,0.33333333333333337,0.8419442671804411,0.19831602772043055,0.0,0.3125,22.51791718315924,20000073
SPT-Threshold,14.786085475188347,8,0.6666666666666666,0.5656708338106878,0.75,0.33333333333333337,0.8370028797793605,0.20249119341461855,0.0,0.2916666666666667,23.293289691080513,20000074
SPT-Threshold,12.84897184944865,7,0.5833333333333334,0.4845763218223921,0.6666666666666666,0.41666666666666663,0.8501321377743586,0.22989525569510114,0.0,0.25,23.12717441110574,20000075
SPT-Threshold,12.374038071275395,7,0.5833333333333334,0.44659487954457333,0.6666666666666666,0.41666666666666663,0.8318648855077715,0.22816230645680693,0.0,0.2916666666666667,22.095387962988273,20000076
SPT-Threshold,17.016116029235405,9,0.75,0.6245839486059233,0.9166666666666666,0.25,0.8832741976304778,0.20493174530835603,0.0,0.2708333333333333,24.986175546300586,20000077
SPT-Threshold,16.4330148164207,9,0.75,0.6307861581123722,0.8333333333333334,0.25,0.8205402256082391,0.19068784508392586,0.0,0.25,22.481085284660125,20000078
SPT-Threshold,16.813676929193203,9,0.75,0.626280624426769,0.8333333333333334,0.25,0.8539177491830316,0.1975294789256978,0.0,0.2708333333333333,23.109896163299783,20000079
SPT-Threshold,15.500029337032379,8,0.6666666666666666,0.5546413241420809,0.75,0.33333333333333337,0.903010543988592,0.2123886313139609,0.0,0.2916666666666667,24.60220303908404,20000080
SPT-Threshold,13.017092171610297,7,0.5833333333333334,0.4663476112814673,0.6666666666666666,0.41666666666666663,0.8282673286050164,0.19675241153636783,0.0,0.3333333333333333,20.880481322450983,20000081
SPT-Threshold,17.143111428462273,9,0.75,0.6053794308438661,0.9166666666666666,0.25,0.8817963159426899,0.18020861265723376,0.0,0.25,24.980768668976957,20000082
SPT-Threshold,14.284516220255453,8,0.6666666666666666,0.5195404789713137,0.8333333333333334,0.33333333333333337,0.8394461914324913,0.21985755584105338,0.0,0.2708333333333333,22.56036439784972,20000083
SPT-Threshold,14.248472765956087,8,0.6666666666666666,0.512825268382565,0.75,0.33333333333333337,0.826527277729976,0.1979753132354126,0.0,0.2708333333333333,22.926741147800296,20000084
SPT-Threshold,15.035775678610793,8,0.6666666666666666,0.5405680115329962,0.75,0.33333333333333337,0.8673697280987761,0.2150899590563821,0.0,0.2708333333333333,23.6911793435846,20000085
SPT-Threshold,17.180850184143246,9,0.75,0.6438669881794838,0.75,0.25,0.8886561187297922,0.1910546061639837,0.0,0.3333333333333333,21.044999706714307,20000086
SPT-Threshold,15.521028052760993,8,0.6666666666666666,0.5362906636339961,0.8333333333333334,0.33333333333333337,0.8835899615606273,0.1943094011877395,0.0,0.2708333333333333,24.13922113322962,20000087
SPT-Threshold,15.11522453206115,8,0.6666666666666666,0.5598602234600362,0.75,0.33333333333333337,0.8834457375972561,0.22414507914136225,0.0,0.2708333333333333,24.404845458220187,20000088
SPT-Threshold,12.645935103212153,7,0.5833333333333334,0.4382589430819051,0.75,0.41666666666666663,0.8192559431947659,0.17422571047169974,0.0,0.2916666666666667,21.46079623827849,20000089
SPT-Threshold,14.821201811134701,8,0.6666666666666666,0.5378133876094745,0.75,0.33333333333333337,0.8571051674488772,0.1820245570238754,0.0,0.3125,21.51208330076807,20000090
SPT-Threshold,18.365596733550372,10,0.8333333333333334,0.756685730290236,0.8333333333333334,0.16666666666666663,0.8548126639702186,0.21099661444660525,0.0,0.2916666666666667,23.026325392027758,20000091
SPT-Threshold,14.942305868080476,8,0.6666666666666666,0.5531600310880143,0.6666666666666666,0.33333333333333337,0.8592945142707812,0.20546879607273147,0.0,0.2916666666666667,22.758658405535535,20000092
SPT-Threshold,16.264726999384486,9,0.75,0.6423491843527291,0.8333333333333334,0.25,0.798807557424201,0.1721903602696809,0.0,0.2708333333333333,22.777752903424417,20000093
SPT-Threshold,16.234029911066823,9,0.75,0.6082039164067286,0.8333333333333334,0.25,0.8425521235222652,0.1961186334932862,0.0,0.3125,23.621506232636545,20000094
SPT-Threshold,11.06844366138658,6,0.5,0.3726002194393058,0.6666666666666666,0.5,0.8562024456917984,0.22170269319355687,0.0,0.3125,21.698030027813143,20000095
SPT-Threshold,14.772146339891506,8,0.6666666666666666,0.5020921214023156,0.8333333333333334,0.33333333333333337,0.8717632157385419,0.20641710503175736,0.0,0.2708333333333333,24.12722106611,20000096
SPT-Threshold,11.625486732814942,6,0.5,0.3704577566823109,0.75,0.5,0.8333568296503056,0.18542245952238443,0.0,0.3125,21.838467272386772,20000097
SPT-Threshold,13.448328615036528,7,0.5833333333333334,0.47859064677599616,0.6666666666666666,0.41666666666666663,0.8812598146794465,0.1917759363038345,0.0,0.3541666666666667,21.434958727866558,20000098
SPT-Threshold,16.793754831659626,9,0.75,0.6217995880114369,0.8333333333333334,0.25,0.855635024995871,0.1875870988960603,0.0,0.25,23.837224531000754,20000099
SPT-Threshold,14.609440268389541,8,0.6666666666666666,0.5364880931268018,0.75,0.33333333333333337,0.8780249260440097,0.21565622524471215,0.0,0.2916666666666667,22.77157260485122,20000100
SPT-Threshold,14.601557757610598,8,0.6666666666666666,0.5152016027397901,0.75,0.33333333333333337,0.8798582222337322,0.2299809449875776,0.0,0.2708333333333333,23.206211837700014,20000101
SPT-Threshold,17.86102339447566,10,0.8333333333333334,0.7093639463778918,0.8333333333333334,0.16666666666666663,0.8262976623908816,0.1903635079283613,0.0,0.2708333333333333,22.941828675334104,20000102
SPT-Threshold,16.5438926408143,9,0.75,0.629470385070222,0.8333333333333334,0.25,0.8234793195646772,0.1951669127001913,0.0,0.25,23.08322255581655,20000103
SPT-Threshold,16.090563934896622,9,0.75,0.6315656082750076,0.75,0.25,0.8238430285461007,0.20515655906664457,0.0,0.2708333333333333,22.86801804842292,20000104
SPT-Threshold,17.359835844168792,10,0.8333333333333334,0.7015178699506479,0.9166666666666666,0.16666666666666663,0.8588565956181283,0.2366497072195731,0.0,0.25,23.58145552287883,20000105
SPT-Threshold,15.481396737187586,8,0.6666666666666666,0.5470484562796436,0.75,0.33333333333333337,0.8595619666694209,0.17961024646854343,0.0,0.3125,23.03344764991753,20000106
SPT-Threshold,12.329961394231997,7,0.5833333333333334,0.40429622012206295,0.8333333333333334,0.41666666666666663,0.8380399216656141,0.2115713716690284,0.0,0.25,22.8151124026992,20000107
SPT-Threshold,16.560075625624783,9,0.75,0.6391257043198652,0.8333333333333334,0.25,0.8797980615389293,0.19463890503148817,0.0,0.2916666666666667,23.64163120109354,20000108
SPT-Threshold,11.60925687378246,6,0.5,0.39764235084315636,0.6666666666666666,0.5,0.8376162837725188,0.19938671916385722,0.0,0.3125,21.46503427337953,20000109
SPT-Threshold,12.350791428568016,7,0.5833333333333334,0.3923561708466012,0.75,0.41666666666666663,0.8416218133115659,0.21963673672250786,0.0,0.25,23.3888904928126,20000110
SPT-Threshold,14.932878695560412,8,0.6666666666666666,0.5391461306701056,0.75,0.33333333333333337,0.8495203326631661,0.1859050957103862,0.0,0.2916666666666667,23.37236972929328,20000111
SPT-Threshold,15.570205201378446,8,0.6666666666666666,0.6026833743222103,0.6666666666666666,0.33333333333333337,0.9064543114765623,0.22667974791201428,0.0,0.3125,23.468045432705,20000112
SPT-Threshold,14.831534067923561,8,0.6666666666666666,0.5112281321230467,0.8333333333333334,0.33333333333333337,0.8224041620199426,0.1647911302202266,0.0,0.2708333333333333,22.783901157750545,20000113
SPT-Threshold,12.822875531343113,7,0.5833333333333334,0.45919812937645926,0.75,0.41666666666666663,0.8089481194642074,0.20479872027362597,0.0,0.2916666666666667,21.73968836404365,20000114
SPT-Threshold,15.073195146370974,8,0.6666666666666666,0.5438594385055008,0.75,0.33333333333333337,0.8833589370595639,0.21514063562280664,0.0,0.2916666666666667,24.009296089976587,20000115
SPT-Threshold,16.881619899478007,9,0.75,0.6526001735421054,0.8333333333333334,0.25,0.8712339947341524,0.1888908147274686,0.0,0.3125,23.104005178973523,20000116
SPT-Threshold,14.371894403336482,8,0.6666666666666666,0.5311557997913378,0.8333333333333334,0.33333333333333337,0.8382755015218534,0.21407070082780053,0.0,0.2916666666666667,22.4899803108232,20000117
SPT-Threshold,15.671295827796996,9,0.75,0.6158576616612064,0.75,0.25,0.8176701768553297,0.2185733364863575,0.0,0.25,22.605149044300482,20000118
SPT-Threshold,16.794426719075155,9,0.75,0.6608535575830475,0.75,0.25,0.8476856950714237,0.21968007190279773,0.0,0.2708333333333333,22.436253567308025,20000119
SPT-Threshold,13.684535314348409,7,0.5833333333333334,0.4395217907821117,0.75,0.41666666666666663,0.8952359343824042,0.19361767311751585,0.0,0.3125,23.97047898399089,20000120
SPT-Threshold,12.882765325352212,7,0.5833333333333334,0.48204427401468103,0.6666666666666666,0.41666666666666663,0.8117885468546301,0.202822179726722,0.0,0.3125,21.48228311375489,20000121
SPT-Threshold,14.990094397245405,8,0.6666666666666666,0.5733790662262425,0.75,0.33333333333333337,0.831191393060769,0.18596226214593273,0.0,0.2916666666666667,21.194935229996325,20000122
SPT-Threshold,13.775476945515589,8,0.6666666666666666,0.5389681916094111,0.8333333333333334,0.33333333333333337,0.8466742435620255,0.23349633923424243,0.0,0.22916666666666666,23.92293573126043,20000123
SPT-Threshold,14.165670162841353,8,0.6666666666666666,0.4811746850221312,0.8333333333333334,0.33333333333333337,0.8577732066372391,0.20452495629343267,0.0,0.2708333333333333,22.599912490748835,20000124
SPT-Threshold,14.643808274230583,8,0.6666666666666666,0.4955808936130427,0.8333333333333334,0.33333333333333337,0.8640561949345634,0.19292024064788038,0.0,0.2916666666666667,23.08231250979256,20000125
SPT-Threshold,14.504778364340789,8,0.6666666666666666,0.5795718314350314,0.6666666666666666,0.33333333333333337,0.8269094234043447,0.21522638352252554,0.0,0.2916666666666667,21.960546387401067,20000126
SPT-Threshold,13.006343305405753,7,0.5833333333333334,0.46950071682809574,0.75,0.41666666666666663,0.8500079159260862,0.21261000744552663,0.0,0.25,24.26378951863075,20000127
SPT-Threshold,16.312360931016467,9,0.75,0.5964852057144181,0.8333333333333334,0.25,0.8395269007896317,0.18056643743380488,0.0,0.2916666666666667,22.236859034582817,20000128
SPT-Threshold,16.01910857885136,9,0.75,0.6373163998774446,0.75,0.25,0.8258411884722564,0.20735931609049282,0.0,0.2708333333333333,21.081809955848605,20000129
SPT-Threshold,14.400355906621357,8,0.6666666666666666,0.49547115792546215,0.8333333333333334,0.33333333333333337,0.8597793791808591,0.21518628620719518,0.0,0.25,22.400271006166083,20000130
SPT-Threshold,13.995159140227756,7,0.5833333333333334,0.47826883576212276,0.75,0.41666666666666663,0.8778127405050574,0.19088252487369492,0.0,0.3125,23.275693624041757,20000131
SPT-Threshold,11.126123238241131,6,0.5,0.35719617017956334,0.8333333333333334,0.5,0.8069511948609941,0.19757246429228256,0.0,0.2708333333333333,23.17336806542288,20000132
SPT-Threshold,15.632053971914377,9,0.75,0.6204375086134924,0.8333333333333334,0.25,0.8173578167940182,0.2053114767724001,0.0,0.22916666666666666,22.745440818724774,20000133
SPT-Threshold,16.835221150032098,9,0.75,0.6267089652420056,0.8333333333333334,0.25,0.8515869854676522,0.18673113525961907,0.0,0.25,23.857062387624655,20000134
SPT-Threshold,15.277224591898147,8,0.6666666666666666,0.5500338791098734,0.8333333333333334,0.33333333333333337,0.9173214191208832,0.23040336372105655,0.0,0.2708333333333333,25.293448516951937,20000135
SPT-Threshold,16.680563867640352,9,0.75,0.6490291308879543,0.8333333333333334,0.25,0.8591792315434983,0.2085092461873399,0.0,0.2708333333333333,23.425475414709773,20000136
SPT-Threshold,16.135240696614403,9,0.75,0.6329101182046183,0.75,0.25,0.8562566362889875,0.20813524522797108,0.0,0.2708333333333333,22.913282911948865,20000137
SPT-Threshold,14.783534449870732,8,0.6666666666666666,0.5517000540450726,0.75,0.33333333333333337,0.828132756266478,0.19718117819541173,0.0,0.3125,21.379351673898018,20000138
SPT-Threshold,12.587333946236214,7,0.5833333333333334,0.44317546772749244,0.75,0.41666666666666663,0.8223035681961344,0.19020928544932914,0.0,0.2916666666666667,22.04591017072464,20000139
SPT-Threshold,15.910355686181148,9,0.75,0.5820700824771015,0.9166666666666666,0.25,0.8145225620944562,0.18428641899604292,0.0,0.25,23.54236111644071,20000140
SPT-Threshold,11.20031131603098,6,0.5,0.3545502663061802,0.75,0.5,0.8473163509597512,0.2178125602440931,0.0,0.25,23.669848362297678,20000141
SPT-Threshold,12.85354507023397,7,0.5833333333333334,0.43309645782445577,0.75,0.41666666666666663,0.8272154538018199,0.19323181140821818,0.0,0.3125,21.028203682231585,20000142
SPT-Threshold,11.600030545484064,6,0.5,0.39541093549052897,0.6666666666666666,0.5,0.8300022906901713,0.19064805192690112,0.0,0.3125,20.866190838030306,20000143
SPT-Threshold,18.485232100919216,10,0.8333333333333334,0.7526510246969337,0.8333333333333334,0.16666666666666663,0.8793988635184231,0.2112803747018718,0.0,0.25,24.96626387243181,20000144
SPT-Threshold,13.071884496385339,7,0.5833333333333334,0.42495230139892864,0.8333333333333334,0.41666666666666663,0.8613200533351848,0.20094425613410782,0.0,0.3125,22.50046529314748,20000145
SPT-Threshold,15.60915637898075,8,0.6666666666666666,0.5509572840261097,0.75,0.33333333333333337,0.849394650275498,0.16642532061770068,0.0,0.3125,22.187943868449004,20000146
SPT-Threshold,16.469351358258677,9,0.75,0.5885938059686346,0.8333333333333334,0.25,0.8247607112870377,0.17438040484755976,0.0,0.2916666666666667,22.051076464428014,20000147
SPT-Threshold,14.565810679496352,8,0.6666666666666666,0.5744576125837353,0.75,0.33333333333333337,0.8263298129409629,0.2149843052531766,0.0,0.2708333333333333,22.962299107505434,20000148
SPT-Threshold,14.524032256406214,8,0.6666666666666666,0.5245171277167621,0.8333333333333334,0.33333333333333337,0.8798130433672483,0.24208876488980438,0.0,0.22916666666666666,23.526816524614876,20000149
SPT-Threshold,16.562413705813366,9,0.75,0.6463846667032761,0.8333333333333334,0.25,0.8202103852080539,0.1837274769316244,0.0,0.2916666666666667,23.12919828393147,20000150
SPT-Threshold,13.952803052469433,8,0.6666666666666666,0.5099611516378894,0.8333333333333334,0.33333333333333337,0.8318244679604071,0.20960061302952612,0.0,0.25,24.308450644684935,20000151
SPT-Threshold,14.688649949330152,8,0.6666666666666666,0.5647825825943751,0.6666666666666666,0.33333333333333337,0.8495910013090023,0.2021496011458722,0.0,0.3125,21.472312408338084,20000152
SPT-Threshold,14.52367254873948,8,0.6666666666666666,0.5667183265674959,0.8333333333333334,0.33333333333333337,0.8452402392678676,0.22554589293396976,0.0,0.22916666666666666,23.200157741640584,20000153
SPT-Threshold,15.384141686364972,8,0.6666666666666666,0.5600787000709778,0.8333333333333334,0.33333333333333337,0.898464140177962,0.20275144814700533,0.0,0.3125,23.767150687527945,20000154
SPT-Threshold,14.422690130421813,8,0.6666666666666666,0.509414760235153,0.75,0.33333333333333337,0.8140048004203404,0.18410871602927678,0.0,0.2708333333333333,22.513359041090112,20000155
SPT-Threshold,16.185582737028128,9,0.75,0.639649995988065,0.75,0.25,0.8565216678829817,0.2268718610213345,0.0,0.2708333333333333,23.925105135704168,20000156
SPT-Threshold,14.845797701310646,8,0.6666666666666666,0.4888921717756274,0.8333333333333334,0.33333333333333337,0.8758600132280737,0.20470118333824813,0.0,0.2916666666666667,22.9093483764317,20000157
SPT-Threshold,17.14704607287709,9,0.75,0.6466007077789718,0.8333333333333334,0.25,0.854810578240241,0.20194734954549412,0.0,0.2708333333333333,24.217782325448532,20000158
SPT-Threshold,12.610364213842116,7,0.5833333333333334,0.4345761684649221,0.75,0.41666666666666663,0.8247430557490935,0.2238806190469422,0.0,0.25,22.97802910768174,20000159
SPT-Threshold,12.537942583185856,7,0.5833333333333334,0.3815027243115575,0.8333333333333334,0.41666666666666663,0.8510958934313247,0.21193757429041646,0.0,0.25,25.285444135802187,20000160
SPT-Threshold,16.38752869723639,9,0.75,0.5745665090385498,0.8333333333333334,0.25,0.8477858556268248,0.17083685912395108,0.0,0.2708333333333333,22.589775646116742,20000161
SPT-Threshold,15.575232237501863,8,0.6666666666666666,0.5691130925991505,0.75,0.33333333333333337,0.8445945282703563,0.18258237515589973,0.0,0.3333333333333333,22.1381230272875,20000162
SPT-Threshold,15.742236484546895,9,0.75,0.6466477715650437,0.75,0.25,0.8217832660324039,0.22385419666278553,0.0,0.22916666666666666,22.772084554341287,20000163
SPT-Threshold,15.089070368433028,8,0.6666666666666666,0.5721724402323674,0.6666666666666666,0.33333333333333337,0.8523728450888686,0.20835123998059993,0.0,0.3125,22.60260264884129,20000164
SPT-Threshold,17.89306233737292,10,0.8333333333333334,0.7309865993127908,0.8333333333333334,0.16666666666666663,0.8768370142010867,0.21327803410684365,0.0,0.2708333333333333,22.9475042271363,20000165
SPT-Threshold,13.637292622732723,7,0.5833333333333334,0.4641648630083144,0.8333333333333334,0.41666666666666663,0.891016512197722,0.20906498328438913,0.0,0.2916666666666667,23.724635697835847,20000166
SPT-Threshold,15.846961974201305,9,0.75,0.586631542442043,0.8333333333333334,0.25,0.8309674524777799,0.19064417899371153,0.0,0.25,23.49483426524035,20000167
SPT-Threshold,14.039475813416818,8,0.6666666666666666,0.514592866181199,0.75,0.33333333333333337,0.8135357922555851,0.21789331357360256,0.0,0.2708333333333333,22.62040677242667,20000168
SPT-Threshold,16.363625497864934,9,0.75,0.6030741194638038,0.8333333333333334,0.25,0.868314394762599,0.21096602914798623,0.0,0.2708333333333333,23.24508315715438,20000169
SPT-Threshold,12.644850962301145,7,0.5833333333333334,0.45728338402958146,0.75,0.41666666666666663,0.8195664636296777,0.21561961362986123,0.0,0.25,21.504670607807114,20000170
SPT-Threshold,18.573548694713217,10,0.8333333333333334,0.7438545728754695,0.9166666666666666,0.16666666666666663,0.8655668244580225,0.2083561490128066,0.0,0.25,24.957059725281372,20000171
SPT-Threshold,18.52263000626883,10,0.8333333333333334,0.7729512789821454,0.8333333333333334,0.16666666666666663,0.885563861201363,0.20393606281644186,0.0,0.2916666666666667,22.341973362028565,20000172
SPT-Threshold,16.629906972695842,9,0.75,0.6157293323045168,0.75,0.25,0.8731277376727712,0.2020394649738139,0.0,0.3125,23.72163773210471,20000173
SPT-Threshold,18.700821277590304,10,0.8333333333333334,0.7505931139326821,0.8333333333333334,0.16666666666666663,0.8790592804038297,0.2104369819290215,0.0,0.2708333333333333,24.024655015187722,20000174
SPT-Threshold,10.629123328000185,6,0.5,0.34225766407888053,0.8333333333333334,0.5,0.7970829617317747,0.21023532569227968,0.0,0.2708333333333333,22.61152392796873,20000175
SPT-Threshold,14.474095442470029,8,0.6666666666666666,0.5000556585550514,0.8333333333333334,0.33333333333333337,0.8382419708728562,0.2050202608205527,0.0,0.2708333333333333,23.64960748811203,20000176
SPT-Threshold,16.600766833669734,9,0.75,0.6474880699559009,0.8333333333333334,0.25,0.8648511420516495,0.21657502252986197,0.0,0.25,24.584908570954692,20000177
SPT-Threshold,16.89476187958171,9,0.75,0.6597468870413387,0.8333333333333334,0.25,0.874829064603702,0.22396615888887292,0.0,0.25,25.306610143496506,20000178
SPT-Threshold,15.477898595194997,8,0.6666666666666666,0.5379808867540236,0.8333333333333334,0.33333333333333337,0.8631784715950795,0.1913851519575692,0.0,0.2916666666666667,23.832789527652146,20000179
SPT-Threshold,11.464132880180754,6,0.5,0.42513292786663437,0.6666666666666666,0.5,0.8438631942935159,0.2053318108660314,0.0,0.3125,21.893448066260163,20000180
SPT-Threshold,15.672418461320177,9,0.75,0.554694581043458,0.9166666666666666,0.25,0.8492839204599968,0.2264832355128433,0.0,0.20833333333333334,25.464369151512997,20000181
SPT-Threshold,17.461956872218188,9,0.75,0.6456865433729908,0.75,0.25,0.8814556353952238,0.18692506147727359,0.0,0.3333333333333333,21.722359881969215,20000182
SPT-Threshold,12.761604968798391,7,0.5833333333333334,0.4453141411369856,0.6666666666666666,0.41666666666666663,0.8255386820161125,0.19897512680686769,0.0,0.2916666666666667,21.84316986898325,20000183
SPT-Threshold,14.788527476020292,8,0.6666666666666666,0.5022269357623534,0.75,0.33333333333333337,0.8430292216341636,0.16838347668093281,0.0,0.3333333333333333,21.411677671399676,20000184
SPT-Threshold,16.540986421442422,9,0.75,0.5987364907525622,0.75,0.25,0.8624107060544711,0.1793186362366609,0.0,0.3125,22.041431119895744,20000185
SPT-Threshold,14.922457819243032,8,0.6666666666666666,0.477719393211058,0.8333333333333334,0.33333333333333337,0.8496801948182826,0.1713477710592148,0.0,0.2708333333333333,23.4867131447254,20000186
SPT-Threshold,15.542102064350969,8,0.6666666666666666,0.5681454699773176,0.75,0.33333333333333337,0.859401974246019,0.21046503619524293,0.0,0.3125,23.257502913342734,20000187
SPT-Threshold,16.773213789876245,9,0.75,0.6447684144345572,0.8333333333333334,0.25,0.8837105718661241,0.21896088120770765,0.0,0.2708333333333333,25.55411856216118,20000188
SPT-Threshold,12.963989276162293,7,0.5833333333333334,0.43420849706681097,0.75,0.41666666666666663,0.825275131899368,0.18465919941712164,0.0,0.2916666666666667,22.129920591263794,20000189
SPT-Threshold,16.584784853426413,9,0.75,0.6484893866078645,0.8333333333333334,0.25,0.8860958447301018,0.2221804956546949,0.0,0.2708333333333333,23.675928912218883,20000190
SPT-Threshold,21.26900644661822,12,1.0,1.0,1.0,0.0,0.868383457434519,0.1731497084031015,0.0,0.3125,22.64249914146598,20000191
SPT-Threshold,16.730325835529534,9,0.75,0.6428673914842552,0.8333333333333334,0.25,0.8857656900611551,0.21790239632258615,0.0,0.2708333333333333,25.446283794588123,20000192
SPT-Threshold,17.28676513952659,9,0.75,0.6401973228041811,0.8333333333333334,0.25,0.8983372649571629,0.21934175366168762,0.0,0.25,25.848946989192036,20000193
SPT-Threshold,15.087728081318337,8,0.6666666666666666,0.5375496919305152,0.75,0.33333333333333337,0.8696528401593137,0.20582182590596734,0.0,0.3333333333333333,21.771949103004793,20000194
SPT-Threshold,14.095271935274537,8,0.6666666666666666,0.5123092750168843,0.75,0.33333333333333337,0.8470575683971181,0.22931563733716911,0.0,0.2708333333333333,22.980444666315016,20000195
SPT-Threshold,19.333817523314558,10,0.8333333333333334,0.7377106688030575,0.8333333333333334,0.16666666666666663,0.8891665879904264,0.18204679425261164,0.0,0.2708333333333333,23.920435294683,20000196
SPT-Threshold,13.604424595890677,7,0.5833333333333334,0.473332700871016,0.75,0.41666666666666663,0.8617410789330879,0.18915209379596928,0.0,0.2916666666666667,23.81443602542761,20000197
SPT-Threshold,14.745468515592675,8,0.6666666666666666,0.5153492591592281,0.75,0.33333333333333337,0.8467136326870612,0.18181432620322346,0.0,0.2916666666666667,23.001787572841263,20000198
SPT-Threshold,16.08460452135311,9,0.75,0.6314976372312232,0.75,0.25,0.821704047926222,0.21807617098643198,0.0,0.2708333333333333,21.87689440116046,20000199
SPT-Threshold,14.438457309048205,8,0.6666666666666666,0.5224494098786973,0.8333333333333334,0.33333333333333337,0.8659570691723931,0.24676496261968536,0.0,0.25,24.72864082935581,20000200
SPT-Threshold,14.943163697723815,8,0.6666666666666666,0.5407624922303051,0.75,0.33333333333333337,0.8205118718387775,0.19739874304492475,0.0,0.2708333333333333,22.856065291485613,20000201
SPT-Threshold,16.676105250495677,9,0.75,0.6289401140908646,0.75,0.25,0.8682209736355994,0.19936651152103524,0.0,0.3125,23.029156318529488,20000202
SPT-Threshold,17.799994629499167,10,0.8333333333333334,0.6965775822443484,0.8333333333333334,0.16666666666666663,0.8646660964364422,0.20138087277234865,0.0,0.2708333333333333,22.418809397198586,20000203
SPT-Threshold,11.464444174397562,6,0.5,0.34873736614820156,0.75,0.5,0.8303792061265188,0.1804917302864015,0.0,0.2916666666666667,22.55554752926124,20000204
SPT-Threshold,17.003908670416102,9,0.75,0.6413273286041786,0.9166666666666666,0.25,0.862060227770249,0.19263768876017698,0.0,0.25,24.844207544387967,20000205
SPT-Threshold,12.821626553755486,7,0.5833333333333334,0.43049251308437086,0.6666666666666666,0.41666666666666663,0.8473926824634818,0.20370292723240135,0.0,0.3125,22.225441022658494,20000206
SPT-Threshold,11.234148400458606,6,0.5,0.3949894033398009,0.6666666666666666,0.5,0.8485817713533091,0.20779175668109376,0.0,0.3125,22.074728651027225,20000207
SPT-Threshold,13.547679067682585,7,0.5833333333333334,0.4611858378825413,0.75,0.41666666666666663,0.8647233243084352,0.1948774370974894,0.0,0.2916666666666667,23.495123741430863,20000208
SPT-Threshold,16.58871949386534,9,0.75,0.6357340313044381,0.75,0.25,0.8506531599196946,0.21028354574663108,0.0,0.25,23.48178552119627,20000209
SPT-Threshold,18.884332011938337,10,0.8333333333333334,0.7375494036877712,0.9166666666666666,0.16666666666666663,0.8874157657458858,0.1810496121978892,0.0,0.25,25.621788853682464,20000210
SPT-Threshold,14.766475522922613,8,0.6666666666666666,0.522142212652532,0.8333333333333334,0.33333333333333337,0.8168494518348185,0.17655375425601708,0.0,0.2916666666666667,23.032286843667546,20000211
SPT-Threshold,17.994052074219333,10,0.8333333333333334,0.7397239530331942,0.8333333333333334,0.16666666666666663,0.8435999338411543,0.19211181177463843,0.0,0.25,24.238812132060254,20000212
SPT-Threshold,15.156636878863054,8,0.6666666666666666,0.5238120440239592,0.8333333333333334,0.33333333333333337,0.8776869517359804,0.19221179897942844,0.0,0.2916666666666667,23.829440703896143,20000213
SPT-Threshold,12.109264857736086,7,0.5833333333333334,0.47235253432865104,0.6666666666666666,0.41666666666666663,0.8004659572722604,0.21458165696971218,0.0,0.2916666666666667,20.26791401761972,20000214
SPT-Threshold,16.78793252515505,9,0.75,0.6565727676218928,0.75,0.25,0.8885329448176096,0.23151866894311005,0.0,0.2916666666666667,23.605675837880167,20000215
SPT-Threshold,16.31890107397789,9,0.75,0.5918745476773327,0.8333333333333334,0.25,0.8390529890704693,0.19271538774523556,0.0,0.22916666666666666,24.236056258392825,20000216
SPT-Threshold,16.606188997595968,9,0.75,0.6190130503429747,0.9166666666666666,0.25,0.8885379091610339,0.2189638026034748,0.0,0.22916666666666666,24.64064586446272,20000217
SPT-Threshold,12.325755191479052,7,0.5833333333333334,0.39709049419101355,0.8333333333333334,0.41666666666666663,0.8293191626071948,0.20027536563592693,0.0,0.2916666666666667,23.448783347374164,20000218
SPT-Threshold,14.602285417133777,8,0.6666666666666666,0.532299398700971,0.8333333333333334,0.33333333333333337,0.8318175870677155,0.194951430984542,0.0,0.2916666666666667,22.098626548800556,20000219
SPT-Threshold,16.66653245811906,9,0.75,0.6303731074305181,0.8333333333333334,0.25,0.8160439315050709,0.16983758167720228,0.0,0.2916666666666667,22.206836288296724,20000220
SPT-Threshold,16.746006419331533,9,0.75,0.5924621621805523,0.8333333333333334,0.25,0.8924773926534444,0.18804419293138988,0.0,0.2916666666666667,24.153268008211104,20000221
SPT-Threshold,17.625404952929276,10,0.8333333333333334,0.7102812626362262,0.8333333333333334,0.16666666666666663,0.8396089219393716,0.22236116866102806,0.0,0.25,24.20428039450032,20000222
SPT-Threshold,17.901882080742993,10,0.8333333333333334,0.7068713477618151,0.8333333333333334,0.16666666666666663,0.8715688978534768,0.21521791479543861,0.0,0.2708333333333333,24.45962120152648,20000223
SPT-Threshold,14.853106677324472,8,0.6666666666666666,0.5405422606666327,0.75,0.33333333333333337,0.8493536421140142,0.19499933549005108,0.0,0.2708333333333333,23.06335478089188,20000224
SPT-Threshold,18.151105774601373,10,0.8333333333333334,0.7346579660510704,0.9166666666666666,0.16666666666666663,0.8756442007806116,0.23347801107675917,0.0,0.25,24.816368788893012,20000225
SPT-Threshold,13.360573423031331,7,0.5833333333333334,0.4714793777931263,0.75,0.41666666666666663,0.8670049393970563,0.2072189108040312,0.0,0.2708333333333333,23.974161902476535,20000226
SPT-Threshold,14.58336056439284,8,0.6666666666666666,0.48772766678675045,0.9166666666666666,0.33333333333333337,0.8562166878355119,0.2129629157096112,0.0,0.22916666666666666,24.694937657040338,20000227
SPT-Threshold,12.932973666134433,7,0.5833333333333334,0.38225299114328604,0.8333333333333334,0.41666666666666663,0.8724782245572671,0.1961928767044645,0.0,0.2708333333333333,23.14949181714555,20000228
SPT-Threshold,15.433524119885018,8,0.6666666666666666,0.573464216035302,0.75,0.33333333333333337,0.8908391696348753,0.21820189013410132,0.0,0.25,25.442823541025067,20000229
SPT-Threshold,17.26871624876868,9,0.75,0.6703448428519808,0.8333333333333334,0.25,0.8721870145138615,0.2074992816508042,0.0,0.2708333333333333,25.099830000954938,20000230
SPT-Threshold,15.238732537929613,9,0.75,0.5795020728579287,0.8333333333333334,0.25,0.8514102303520641,0.2534152344326965,0.0,0.20833333333333334,23.472624964430242,20000231
SPT-Threshold,10.712088996274751,6,0.5,0.3411175607829932,0.6666666666666666,0.5,0.8086967461662078,0.1916405623245853,0.0,0.2916666666666667,21.936945771860437,20000232
SPT-Threshold,14.770147255930015,8,0.6666666666666666,0.5660295869074918,0.75,0.33333333333333337,0.8237237749131546,0.19800314884984327,0.0,0.2916666666666667,23.70389758977958,20000233
SPT-Threshold,14.15269931373318,8,0.6666666666666666,0.532248495775704,0.6666666666666666,0.33333333333333337,0.7953341344010947,0.19347487988481923,0.0,0.2916666666666667,21.616308746368045,20000234
SPT-Threshold,15.926832156375152,9,0.75,0.6064033237738624,0.8333333333333334,0.25,0.8097508259788935,0.1782374925426828,0.0,0.2916666666666667,21.623505552222554,20000235
SPT-Threshold,18.998299322957106,10,0.8333333333333334,0.7179037540308906,0.9166666666666666,0.16666666666666663,0.8948365085898397,0.20070514743016835,0.0,0.25,25.20920036173521,20000236
SPT-Threshold,14.10242612953756,7,0.5833333333333334,0.49335464568672455,0.75,0.41666666666666663,0.8835534235604579,0.21149680293586104,0.0,0.2916666666666667,23.8513191772997,20000237
SPT-Threshold,13.231568175227705,7,0.5833333333333334,0.4367439551612155,0.75,0.41666666666666663,0.8847998072627625,0.2094099677035263,0.0,0.2916666666666667,23.178496496319045,20000238
SPT-Threshold,15.345642063604366,8,0.6666666666666666,0.5773742105912917,0.75,0.33333333333333337,0.889526897837404,0.2249502330135191,0.0,0.2708333333333333,24.52632664307709,20000239
SPT-Threshold,12.922440735319759,7,0.5833333333333334,0.49422187565533876,0.6666666666666666,0.41666666666666663,0.8644782026226382,0.22391827745755769,0.0,0.3125,22.01099169175862,20000240
SPT-Threshold,14.736299509538773,8,0.6666666666666666,0.5408385989798276,0.75,0.33333333333333337,0.8615117882571317,0.22369349890820253,0.0,0.2916666666666667,22.603224284821305,20000241
SPT-Threshold,17.27944957790992,10,0.8333333333333334,0.7226583725751561,0.9166666666666666,0.16666666666666663,0.8501798091066849,0.20732617481406357,0.0,0.20833333333333334,24.425268492611078,20000242
SPT-Threshold,12.621994529617604,7,0.5833333333333334,0.5055880966463897,0.6666666666666666,0.41666666666666663,0.8230887728461358,0.2303539663956855,0.0,0.2708333333333333,22.872135380896466,20000243
SPT-Threshold,17.100636936492396,9,0.75,0.6700919068561599,0.8333333333333334,0.25,0.8787724311017223,0.1985792533618004,0.0,0.25,25.726810734811938,20000244
SPT-Threshold,16.98893137931923,9,0.75,0.6812770110128694,0.75,0.25,0.8699568232986606,0.20674259342533396,0.0,0.2916666666666667,23.44844410656408,20000245
SPT-Threshold,18.018083319044603,10,0.8333333333333334,0.7281419856309699,0.8333333333333334,0.16666666666666663,0.8835003517611177,0.22812522657085055,0.0,0.25,25.309404018736448,20000246
SPT-Threshold,14.441167474301782,8,0.6666666666666666,0.5043811318957931,0.8333333333333334,0.33333333333333337,0.8607577139291251,0.22252614812976243,0.0,0.25,24.274709450744556,20000247
SPT-Threshold,22.543518775711586,12,1.0,1.0,1.0,0.0,0.9070578756084524,0.20101644097204527,0.0,0.22916666666666666,26.238197091334303,20000248
SPT-Threshold,12.877416987512897,7,0.5833333333333334,0.45318205207818024,0.75,0.41666666666666663,0.8807627801790946,0.23036822272475818,0.0,0.2916666666666667,22.96725214883056,20000249
SPT-Threshold,18.004600999516448,10,0.8333333333333334,0.6965656247409149,0.8333333333333334,0.16666666666666663,0.8710581677410533,0.20099895218802968,0.0,0.25,24.15597850639055,20000250
SPT-Threshold,18.189178961272617,10,0.8333333333333334,0.7363951948129355,0.8333333333333334,0.16666666666666663,0.8454405836205927,0.20806224336203827,0.0,0.25,22.66936107766516,20000251
SPT-Threshold,16.361088359746773,9,0.75,0.6276558897266921,0.8333333333333334,0.25,0.8632137631016366,0.20530654325097972,0.0,0.25,24.189747075333013,20000252
SPT-Threshold,17.20412341381818,9,0.75,0.6403386472121143,0.75,0.25,0.8494263242034158,0.18223967627316484,0.0,0.2916666666666667,22.420350487680587,20000253
SPT-Threshold,16.750819339323165,9,0.75,0.6380048724411231,0.8333333333333334,0.25,0.8869805723226086,0.23568328155236773,0.0,0.25,24.14794338860956,20000254
SPT-Threshold,14.007681182198455,8,0.6666666666666666,0.5814566911849822,0.6666666666666666,0.33333333333333337,0.8241416695405298,0.24094737157603272,0.0,0.2708333333333333,22.145431755841877,20000255
SPT-Threshold,16.536838133995037,9,0.75,0.6500547943782249,0.75,0.25,0.8534079629983049,0.23087742185203797,0.0,0.25,24.52540582232751,20000256
SPT-Threshold,12.07266968714337,7,0.5833333333333334,0.44797318873789316,0.75,0.41666666666666663,0.818276568290999,0.2183115641835359,0.0,0.25,21.64064234733259,20000257
SPT-Threshold,14.943827905176004,8,0.6666666666666666,0.5213485692422876,0.8333333333333334,0.33333333333333337,0.8503863098751716,0.18726860540515267,0.0,0.3125,22.463900340895297,20000258
SPT-Threshold,12.675760687974519,7,0.5833333333333334,0.4489010256083208,0.75,0.41666666666666663,0.8548743239679807,0.21072209743653822,0.0,0.2916666666666667,22.62553476806369,20000259
SPT-Threshold,12.626388674548556,7,0.5833333333333334,0.50793887816446,0.6666666666666666,0.41666666666666663,0.8397262057298841,0.24006907762115617,0.0,0.2708333333333333,21.930316482411715,20000260
SPT-Threshold,13.656574962463345,7,0.5833333333333334,0.46947222401539496,0.6666666666666666,0.41666666666666663,0.8922704529957355,0.21138019855492207,0.0,0.3541666666666667,21.465026024510262,20000261
SPT-Threshold,14.759767345408854,8,0.6666666666666666,0.5421598918481275,0.75,0.33333333333333337,0.887777135989069,0.22173056952366743,0.0,0.2916666666666667,22.58905225387422,20000262
SPT-Threshold,16.93727916556541,9,0.75,0.6142297795905366,0.9166666666666666,0.25,0.8404586211220865,0.16346657500336562,0.0,0.2708333333333333,23.623954408326615,20000263
SPT-Threshold,15.088482346750983,8,0.6666666666666666,0.5184666437872427,0.75,0.33333333333333337,0.8696572999791888,0.19467716090644713,0.0,0.2916666666666667,22.553685940458895,20000264
SPT-Threshold,20.01000896740398,11,0.9166666666666666,0.8305804057396947,0.9166666666666666,0.08333333333333337,0.8246148988543066,0.1616049386601123,0.0,0.2916666666666667,24.044233208913607,20000265
SPT-Threshold,17.930006464586757,10,0.8333333333333334,0.6968811769218228,0.8333333333333334,0.16666666666666663,0.8713963737143858,0.19904803756144798,0.0,0.2708333333333333,24.225769655613693,20000266
SPT-Threshold,14.711694874614487,8,0.6666666666666666,0.5818682535093879,0.6666666666666666,0.33333333333333337,0.8433415295045266,0.2339739348456065,0.0,0.2916666666666667,22.37101433348359,20000267
SPT-Threshold,14.866314216411608,8,0.6666666666666666,0.5377000072591075,0.75,0.33333333333333337,0.852987517253939,0.2043985482114777,0.0,0.2916666666666667,22.884249906061253,20000268
SPT-Threshold,17.416915270851984,9,0.75,0.6475751487256022,0.8333333333333334,0.25,0.8791165691408969,0.20818352527239523,0.0,0.2708333333333333,24.706678850246337,20000269
SPT-Threshold,14.912428456002408,8,0.6666666666666666,0.49152758977982214,0.8333333333333334,0.33333333333333337,0.8457998477436469,0.1793992524056595,0.0,0.2916666666666667,22.297738632338397,20000270
SPT-Threshold,17.11007655026173,9,0.75,0.6636171711521411,0.8333333333333334,0.25,0.8726339173164767,0.20400883987991977,0.0,0.25,25.094487279416935,20000271
SPT-Threshold,18.173056649307064,10,0.8333333333333334,0.716532567598469,0.8333333333333334,0.16666666666666663,0.823642453256738,0.17658397584830868,0.0,0.2708333333333333,23.867303948767642,20000272
SPT-Threshold,18.322933255110158,10,0.8333333333333334,0.7129806173272106,0.8333333333333334,0.16666666666666663,0.8779472326557357,0.21121776422080776,0.0,0.2708333333333333,23.881344649060093,20000273
SPT-Threshold,14.368880439091303,8,0.6666666666666666,0.5143486781156442,0.75,0.33333333333333337,0.8666578038813327,0.21272863570541292,0.0,0.2708333333333333,23.153802760320694,20000274
SPT-Threshold,16.131198961119765,9,0.75,0.62864742621005,0.8333333333333334,0.25,0.8626489871578694,0.20923291650610057,0.0,0.2916666666666667,23.76941501184682,20000275
SPT-Threshold,15.119882178555804,8,0.6666666666666666,0.5379126982647277,0.75,0.33333333333333337,0.8422092357400738,0.18751118534058095,0.0,0.2916666666666667,23.050610292322713,20000276
SPT-Threshold,15.722398656949327,9,0.75,0.6245243132724361,0.75,0.25,0.8159771198662504,0.22303698163109967,0.0,0.25,22.603256968696392,20000277
SPT-Threshold,10.36819201558358,6,0.5,0.33538401577168986,0.6666666666666666,0.5,0.8084654807150393,0.1951467686764321,0.0,0.3125,20.55641800254969,20000278
SPT-Threshold,16.552645287074277,9,0.75,0.6226850247654915,0.75,0.25,0.8319764371800907,0.17388740173953784,0.0,0.3125,21.50142384135868,20000279
SPT-Threshold,15.896695000187364,9,0.75,0.625245853519778,0.9166666666666666,0.25,0.8364241253467096,0.19669682990501994,0.0,0.25,25.255453500170198,20000280
SPT-Threshold,16.426414359994673,9,0.75,0.6318387177560714,0.8333333333333334,0.25,0.849639693422819,0.19491190843330378,0.0,0.2916666666666667,22.733706612814665,20000281
SPT-Threshold,14.776094392095388,8,0.6666666666666666,0.5478523020556594,0.75,0.33333333333333337,0.8761673067212049,0.219169787757332,0.0,0.2916666666666667,23.581176743402676,20000282
SPT-Threshold,18.075854047960924,10,0.8333333333333334,0.7002767983821189,0.8333333333333334,0.16666666666666663,0.8595028843316203,0.17864902574035915,0.0,0.3125,22.915888873524644,20000283
SPT-Threshold,12.698415589617731,7,0.5833333333333334,0.4441553487263528,0.75,0.41666666666666663,0.8280125195002365,0.2065469413482716,0.0,0.2708333333333333,22.636896000524857,20000284
SPT-Threshold,12.685942270611946,7,0.5833333333333334,0.43538904754903035,0.75,0.41666666666666663,0.8132203763301716,0.184127215715832,0.0,0.2916666666666667,22.449431027237132,20000285
SPT-Threshold,15.22966744665062,8,0.6666666666666666,0.5865245924811183,0.6666666666666666,0.33333333333333337,0.8579992797293047,0.2229147406119526,0.0,0.3125,21.999475846524728,20000286
SPT-Threshold,18.092104244046247,10,0.8333333333333334,0.7008573492924948,0.9166666666666666,0.16666666666666663,0.8628373275506284,0.18413467818876317,0.0,0.25,24.714728016754293,20000287
SPT-Threshold,16.398662672402843,9,0.75,0.6183793944150346,0.8333333333333334,0.25,0.8488525276247293,0.193835023356131,0.0,0.25,23.389377001775845,20000288
SPT-Threshold,16.870157087427025,9,0.75,0.6100121556374858,0.8333333333333334,0.25,0.8463743768702269,0.1537724075583639,0.0,0.3125,22.052884606856438,20000289
SPT-Threshold,12.952181533893093,7,0.5833333333333334,0.43149429661011063,0.75,0.41666666666666663,0.8296639548627699,0.1997616136053623,0.0,0.25,22.255046969611666,20000290
SPT-Threshold,18.262860542190882,10,0.8333333333333334,0.74118907254355,0.8333333333333334,0.16666666666666663,0.8718184568137923,0.18695424227478222,0.0,0.2916666666666667,23.668364954197617,20000291
SPT-Threshold,12.71847793986923,7,0.5833333333333334,0.47158223756156026,0.75,0.41666666666666663,0.8437911828802296,0.22568789406482562,0.0,0.2708333333333333,22.43709307069523,20000292
SPT-Threshold,15.94264889111454,9,0.75,0.6223811980982854,0.8333333333333334,0.25,0.8154240952970094,0.21241830434234363,0.0,0.25,23.050986045065496,20000293
SPT-Threshold,13.13083529375275,7,0.5833333333333334,0.4644710159524587,0.6666666666666666,0.41666666666666663,0.8649240528323938,0.20777753670764776,0.0,0.2916666666666667,22.787189567210202,20000294
SPT-Threshold,16.603071402172922,9,0.75,0.6280364418443886,0.75,0.25,0.8349517610206382,0.17677952372961137,0.0,0.3125,22.33803706542088,20000295
SPT-Threshold,12.934827201402094,7,0.5833333333333334,0.4415927714390639,0.75,0.41666666666666663,0.8712787553551394,0.227533102802694,0.0,0.2708333333333333,23.451719736715813,20000296
SPT-Threshold,14.366823555256337,8,0.6666666666666666,0.4810213804269275,0.75,0.33333333333333337,0.8506281539849799,0.17436676308680898,0.0,0.3541666666666667,20.877412202851623,20000297
SPT-Threshold,14.324231372655014,8,0.6666666666666666,0.5171543697421006,0.75,0.33333333333333337,0.8368254140873752,0.2043161185250498,0.0,0.2916666666666667,21.31586588276844,20000298
SPT-Threshold,14.042022976374824,8,0.6666666666666666,0.44857143672141375,0.8333333333333334,0.33333333333333337,0.8467411336338708,0.18451593458714735,0.0,0.2916666666666667,22.464898121271712,20000299
SPT-Threshold,15.079924658437049,8,0.6666666666666666,0.5579619991983538,0.75,0.33333333333333337,0.881662074190193,0.2342526839452476,0.0,0.2708333333333333,23.550928703404573,20000300
SPT-Threshold,17.457651405498247,10,0.8333333333333334,0.7246974777084646,0.8333333333333334,0.16666666666666663,0.8554008433538159,0.22252564428522117,0.0,0.2708333333333333,23.572676641878395,20000301
SPT-Threshold,15.37305877539898,8,0.6666666666666666,0.5616721577736139,0.6666666666666666,0.33333333333333337,0.8370297837988337,0.1800012522464982,0.0,0.3125,22.290631346732543,20000302
SPT-Threshold,13.253026608033998,7,0.5833333333333334,0.48314553922262704,0.8333333333333334,0.41666666666666663,0.8585758857724853,0.20418432830692682,0.0,0.2708333333333333,24.218467212864837,20000303
SPT-Threshold,18.05614438929499,10,0.8333333333333334,0.760098675084581,0.9166666666666666,0.16666666666666663,0.8699687250813262,0.21040933266656414,0.0,0.22916666666666666,25.37098178777909,20000304
SPT-Threshold,18.215911973575274,10,0.8333333333333334,0.7421160390139029,1.0,0.16666666666666663,0.8521289561709428,0.1968248910647862,0.0,0.20833333333333334,25.372741397584097,20000305
SPT-Threshold,18.29414305562908,10,0.8333333333333334,0.6977029879231809,0.9166666666666666,0.16666666666666663,0.851490894476024,0.18723464540522794,0.0,0.22916666666666666,24.475726001707574,20000306
SPT-Threshold,16.36912089916762,9,0.75,0.6243007937132935,0.75,0.25,0.8517174530421795,0.20351988078944702,0.0,0.3125,21.285850827198207,20000307
SPT-Threshold,14.911669403171185,8,0.6666666666666666,0.5458153367955826,0.75,0.33333333333333337,0.8794802990505243,0.21844623467808585,0.0,0.2708333333333333,23.506764130874103,20000308
SPT-Threshold,15.30560175864126,8,0.6666666666666666,0.5706219981695612,0.75,0.33333333333333337,0.8825011689068866,0.23254237845776707,0.0,0.2708333333333333,23.27004380338444,20000309
SPT-Threshold,16.5678174910567,9,0.75,0.6197367105262204,0.8333333333333334,0.25,0.878075056732783,0.17134873068283327,0.0,0.3333333333333333,21.102919807865977,20000310
SPT-Threshold,14.166058260390493,8,0.6666666666666666,0.5089903279733133,0.75,0.33333333333333337,0.8481188093214573,0.20054674703940797,0.0,0.2916666666666667,22.20515875522735,20000311
SPT-Threshold,17.030086509885564,9,0.75,0.6194896562592949,0.8333333333333334,0.25,0.8536085803932076,0.18316375148982253,0.0,0.2916666666666667,23.790960089287022,20000312
SPT-Threshold,14.796253581163501,8,0.6666666666666666,0.5337317904687405,0.75,0.33333333333333337,0.8788657373346708,0.21602864033247426,0.0,0.2916666666666667,22.812541680706218,20000313
SPT-Threshold,16.113434865935414,9,0.75,0.6151103606027896,0.8333333333333334,0.25,0.8493496348407069,0.21609277509974012,0.0,0.25,23.077261627085285,20000314
SPT-Threshold,14.200814056031307,8,0.6666666666666666,0.4973831307783105,0.75,0.33333333333333337,0.8644042524879018,0.21768860894836636,0.0,0.2916666666666667,22.5555356958279,20000315
SPT-Threshold,13.074632744736217,7,0.5833333333333334,0.4694860039915692,0.6666666666666666,0.41666666666666663,0.8593667910095452,0.21693742026608573,0.0,0.3125,20.88400515675595,20000316
SPT-Threshold,16.469647328202615,9,0.75,0.6453480105640452,0.8333333333333334,0.25,0.8561159900859748,0.2151736279228067,0.0,0.25,25.99439232219897,20000317
SPT-Threshold,13.523772935010916,7,0.5833333333333334,0.47769093577969635,0.75,0.41666666666666663,0.8806793836673436,0.21706810090541032,0.0,0.2916666666666667,22.591266772732794,20000318
SPT-Threshold,11.273740665476513,6,0.5,0.3996216419479539,0.75,0.5,0.857361991274238,0.24180077159301536,0.0,0.2708333333333333,23.289445698498746,20000319
SPT-Threshold,14.846286691763874,8,0.6666666666666666,0.5422492208455908,0.6666666666666666,0.33333333333333337,0.8420209620449649,0.1974698998795714,0.0,0.2916666666666667,21.850042980783062,20000320
SPT-Threshold,20.00294150218092,11,0.9166666666666666,0.8562878613321081,0.9166666666666666,0.08333333333333337,0.8410239391843586,0.1993028925538796,0.0,0.22916666666666666,24.1393180576139,20000321
SPT-Threshold,15.039631833910576,8,0.6666666666666666,0.5522888958952052,0.75,0.33333333333333337,0.8316757480584173,0.19518710673631282,0.0,0.2708333333333333,22.632763803277314,20000322
SPT-Threshold,11.298055124112977,6,0.5,0.409321306943568,0.75,0.5,0.8500380461727408,0.21843621689949191,0.0,0.2708333333333333,23.407257221724326,20000323
SPT-Threshold,15.224481815487543,8,0.6666666666666666,0.5959052255146206,0.8333333333333334,0.33333333333333337,0.8712439521813078,0.228228771319958,0.0,0.22916666666666666,26.133126277562113,20000324
SPT-Threshold,16.664301012308062,9,0.75,0.6214747940289866,0.9166666666666666,0.25,0.8614352314344224,0.20577075425550792,0.0,0.25,24.571666857611504,20000325
SPT-Threshold,9.14962108850334,5,0.4166666666666667,0.33049088114102115,0.5833333333333334,0.5833333333333333,0.8383517523078506,0.2216774592486769,0.0,0.3333333333333333,21.085042307114044,20000326
SPT-Threshold,16.866840958477905,9,0.75,0.6100879519092697,0.8333333333333334,0.25,0.8476917083259142,0.17291741895779303,0.0,0.2916666666666667,22.876052798154937,20000327
SPT-Threshold,14.544071218094277,8,0.6666666666666666,0.5149290989396075,0.75,0.33333333333333337,0.8684455258682827,0.21026394480677948,0.0,0.2916666666666667,22.70495109463807,20000328
SPT-Threshold,14.630973427237862,8,0.6666666666666666,0.5483443693991289,0.75,0.33333333333333337,0.8454625961989374,0.23223904007800186,0.0,0.2708333333333333,23.14027750822727,20000329
SPT-Threshold,15.15389501116957,8,0.6666666666666666,0.5595375254287981,0.8333333333333334,0.33333333333333337,0.8338557897504052,0.18290793688798326,0.0,0.25,22.78111378817113,20000330
SPT-Threshold,16.087925893602314,9,0.75,0.6204120714928565,0.9166666666666666,0.25,0.9047648669757073,0.24389574283198176,0.0,0.22916666666666666,26.887151815054967,20000331
SPT-Threshold,14.610800889496826,8,0.6666666666666666,0.48192956005046156,0.8333333333333334,0.33333333333333337,0.8480196220404355,0.1831105312648621,0.0,0.25,24.569451810237243,20000332
SPT-Threshold,14.548865022316814,8,0.6666666666666666,0.49822984038906537,0.8333333333333334,0.33333333333333337,0.8376455652922369,0.18830193066630407,0.0,0.3125,21.624927285693797,20000333
SPT-Threshold,13.59322445108548,7,0.5833333333333334,0.4769029250318113,0.6666666666666666,0.41666666666666663,0.8590303749495228,0.17639875860102863,0.0,0.3333333333333333,21.82706830380179,20000334
SPT-Threshold,14.623388865605108,8,0.6666666666666666,0.5524482089432659,0.75,0.33333333333333337,0.8410216512683831,0.20099989299889517,0.0,0.2916666666666667,22.997605856718867,20000335
SPT-Threshold,14.400463714768758,8,0.6666666666666666,0.5277233331221927,0.75,0.33333333333333337,0.8842239078212923,0.24678019584329478,0.0,0.2708333333333333,23.92721952922579,20000336
SPT-Threshold,14.668666559435486,8,0.6666666666666666,0.5344478806385173,0.75,0.33333333333333337,0.8801695604771496,0.22050630655306427,0.0,0.2916666666666667,21.837126189799598,20000337
SPT-Threshold,18.553553513844623,10,0.8333333333333334,0.725929209018952,0.8333333333333334,0.16666666666666663,0.8833332220181913,0.19405728681316703,0.0,0.25,25.105387253171365,20000338
SPT-Threshold,18.368975724599988,10,0.8333333333333334,0.7313619783008846,0.8333333333333334,0.16666666666666663,0.8707711999998388,0.2077563128740834,0.0,0.2708333333333333,23.258193236482928,20000339
SPT-Threshold,16.658157617303612,9,0.75,0.6478732987698775,0.75,0.25,0.8289128905649069,0.2025970962785466,0.0,0.3125,21.7261452910715,20000340
SPT-Threshold,16.329788909646908,9,0.75,0.6190377058252131,0.8333333333333334,0.25,0.8738182968052365,0.22404399295985677,0.0,0.2708333333333333,23.52173317892426,20000341
SPT-Threshold,17.94826398232203,10,0.8333333333333334,0.7215967034365264,0.8333333333333334,0.16666666666666663,0.8676348799714235,0.20119276493967506,0.0,0.3125,22.595436716831802,20000342
SPT-Threshold,14.339110436998025,8,0.6666666666666666,0.5474329592257798,0.75,0.33333333333333337,0.8198985170703313,0.21985228006163324,0.0,0.2708333333333333,23.052072206913927,20000343
SPT-Threshold,15.916187030457902,9,0.75,0.6365657661621974,0.75,0.25,0.8053426909057229,0.2039465314806146,0.0,0.2708333333333333,21.24163874547725,20000344
SPT-Threshold,13.201012317957204,7,0.5833333333333334,0.4553871292096969,0.6666666666666666,0.41666666666666663,0.8607826173912714,0.20270066776077456,0.0,0.2916666666666667,22.514154947604823,20000345
SPT-Threshold,11.32269599098725,6,0.5,0.34625131859015323,0.75,0.5,0.8376797532755518,0.1899365811316455,0.0,0.3125,21.787922410814943,20000346
SPT-Threshold,13.061644222235236,7,0.5833333333333334,0.4819107495017886,0.75,0.41666666666666663,0.8721795858304656,0.21493819113352594,0.0,0.2708333333333333,23.43679812927081,20000347
SPT-Threshold,17.1919062071776,9,0.75,0.6439920600327615,0.8333333333333334,0.25,0.882145928965636,0.2282426374093793,0.0,0.25,25.084495601541136,20000348
SPT-Threshold,17.762005014079637,10,0.8333333333333334,0.7182085894177094,0.9166666666666666,0.16666666666666663,0.8903015423882518,0.21624317255689307,0.0,0.22916666666666666,24.286734989180825,20000349
SPT-Threshold,12.757883752056461,7,0.5833333333333334,0.47420034605826333,0.75,0.41666666666666663,0.8616257424679891,0.24140324032063062,0.0,0.2916666666666667,21.825616651904003,20000350
SPT-Threshold,16.63075278361197,9,0.75,0.654051631137752,0.8333333333333334,0.25,0.8522292082553428,0.22710785693626515,0.0,0.22916666666666666,24.125560677011634,20000351
SPT-Threshold,14.166065996065075,8,0.6666666666666666,0.5329963784892109,0.8333333333333334,0.33333333333333337,0.831208169192229,0.21743008997291002,0.0,0.22916666666666666,24.240068719114284,20000352
SPT-Threshold,14.789573509851824,8,0.6666666666666666,0.5255290636126706,0.75,0.33333333333333337,0.845134767627278,0.1966553718934283,0.0,0.2708333333333333,24.03827377251643,20000353
SPT-Threshold,16.512323085934995,9,0.75,0.6300918168363118,0.8333333333333334,0.25,0.8184576301268388,0.18980316342769496,0.0,0.2708333333333333,22.842074456063482,20000354
SPT-Threshold,17.849250635854922,10,0.8333333333333334,0.7294566370797299,0.9166666666666666,0.16666666666666663,0.8493591953427027,0.2185066865660459,0.0,0.25,24.025509345840184,20000355
SPT-Threshold,14.708904062019524,8,0.6666666666666666,0.5373571873572922,0.8333333333333334,0.33333333333333337,0.8664546146952525,0.2138222926182054,0.0,0.25,23.966528523820607,20000356
SPT-Threshold,16.668623527024792,9,0.75,0.6503260680222743,0.75,0.25,0.8627304479546408,0.1987570899607779,0.0,0.2916666666666667,22.386291879667453,20000357
SPT-Threshold,19.914755768617876,11,0.9166666666666666,0.9094687318918627,0.9166666666666666,0.08333333333333337,0.8514267630742657,0.18139019492571248,0.0,0.2708333333333333,24.44257168522421,20000358
SPT-Threshold,20.417844591315042,11,0.9166666666666666,0.8516504870981056,0.9166666666666666,0.08333333333333337,0.8866659942910339,0.20870505971277442,0.0,0.25,24.532470481515958,20000359
SPT-Threshold,16.394889955788386,9,0.75,0.6075503639241306,0.8333333333333334,0.25,0.8387287314774046,0.18623752225309542,0.0,0.2916666666666667,23.209344109637467,20000360
SPT-Threshold,11.599299866632645,6,0.5,0.36558605149743956,0.75,0.5,0.8510323182595206,0.19403523159477357,0.0,0.2916666666666667,22.561870109296144,20000361
SPT-Threshold,14.504231533912948,8,0.6666666666666666,0.5371869869613572,0.75,0.33333333333333337,0.8491954634186379,0.21764689042168064,0.0,0.2916666666666667,21.935263159211747,20000362
SPT-Threshold,12.938079934965879,7,0.5833333333333334,0.46808834648885805,0.6666666666666666,0.41666666666666663,0.8597849594627286,0.21914445056098764,0.0,0.2916666666666667,21.982351693187944,20000363
SPT-Threshold,11.235090709680712,6,0.5,0.3522021678431081,0.75,0.5,0.8139774923748436,0.19281663961394202,0.0,0.2916666666666667,21.75410697587884,20000364
SPT-Threshold,14.84116721765898,8,0.6666666666666666,0.5453559085172559,0.6666666666666666,0.33333333333333337,0.8067233041237495,0.17480314175205,0.0,0.3125,21.98739538470346,20000365
SPT-Threshold,15.48539483790908,8,0.6666666666666666,0.5836977846694629,0.6666666666666666,0.33333333333333337,0.8734983038509231,0.21883442482646673,0.0,0.2916666666666667,23.701800455496176,20000366
SPT-Threshold,14.518024882735087,8,0.6666666666666666,0.48404816089635333,0.8333333333333334,0.33333333333333337,0.8527637864544203,0.20691250879523482,0.0,0.25,23.569625042114136,20000367
SPT-Threshold,12.803919457957566,7,0.5833333333333334,0.4375693184533894,0.8333333333333334,0.41666666666666663,0.8462224636702732,0.20181345323641406,0.0,0.2708333333333333,23.471162123194823,20000368
SPT-Threshold,12.271490384009565,7,0.5833333333333334,0.4616979616900563,0.6666666666666666,0.41666666666666663,0.8701950650959781,0.25610259135116137,0.0,0.3125,22.407856832921464,20000369
SPT-Threshold,14.317896680880109,8,0.6666666666666666,0.480943991802463,0.75,0.33333333333333337,0.8280484856104974,0.17369438578276952,0.0,0.3333333333333333,21.630670464284794,20000370
SPT-Threshold,15.37631069836557,8,0.6666666666666666,0.5201977264341517,0.75,0.33333333333333337,0.8821628900692543,0.18098083695702924,0.0,0.3333333333333333,21.629178049543345,20000371
SPT-Threshold,12.934663459753834,7,0.5833333333333334,0.467989322558728,0.6666666666666666,0.41666666666666663,0.8444203477939206,0.2164189614144573,0.0,0.2916666666666667,22.217973843967137,20000372
SPT-Threshold,16.105789307086223,9,0.75,0.5669473049992663,0.9166666666666666,0.25,0.8523579583198537,0.1926677954375363,0.0,0.2708333333333333,23.834341677545844,20000373
SPT-Threshold,16.232920867138947,9,0.75,0.6248450649066877,0.8333333333333334,0.25,0.8461188390343602,0.21717243020946989,0.0,0.25,24.748402327309492,20000374
SPT-Threshold,15.280200991089629,8,0.6666666666666666,0.5558482135747256,0.8333333333333334,0.33333333333333337,0.898422839577471,0.21965992677150167,0.0,0.25,24.49921600449385,20000375
SPT-Threshold,15.736159391204222,9,0.75,0.5808699523986803,0.8333333333333334,0.25,0.8131645051680886,0.1970497294187575,0.0,0.25,24.184756181947456,20000376
SPT-Threshold,12.322819139292996,7,0.5833333333333334,0.3986097662268358,0.75,0.41666666666666663,0.8261754676597425,0.1970444729966435,0.0,0.2916666666666667,21.192303745510937,20000377
SPT-Threshold,10.853217059661006,6,0.5,0.36435535052029955,0.75,0.5,0.8286296251153479,0.21413048586121905,0.0,0.2708333333333333,22.438776540282483,20000378
SPT-Threshold,15.900804972897198,9,0.75,0.5814916690051282,0.8333333333333334,0.25,0.8648103293549193,0.20701163792136565,0.0,0.2708333333333333,24.140490178534257,20000379
SPT-Threshold,16.3683730920026,9,0.75,0.5984155390833663,0.8333333333333334,0.25,0.8805254749834998,0.20591614648632592,0.0,0.25,24.774049823682578,20000380
SPT-Threshold,12.898946946562523,7,0.5833333333333334,0.4552930952223791,0.6666666666666666,0.41666666666666663,0.8434470278101888,0.2102168627182436,0.0,0.2916666666666667,22.667663540500723,20000381
SPT-Threshold,16.24431430149877,9,0.75,0.5654637018102712,0.9166666666666666,0.25,0.8904370062562105,0.20310135615112035,0.0,0.2708333333333333,24.800757848825807,20000382
SPT-Threshold,16.31882520654649,9,0.75,0.6196042438777722,0.75,0.25,0.8530395844161736,0.1886155578119859,0.0,0.3125,22.146453196786446,20000383
SPT-Threshold,14.922456427260453,8,0.6666666666666666,0.5528991821031153,0.8333333333333334,0.33333333333333337,0.8392113665697171,0.21150856554823538,0.0,0.25,23.998874355367594,20000384
SPT-Threshold,14.265692719214021,8,0.6666666666666666,0.47913552198983855,0.8333333333333334,0.33333333333333337,0.8188873450193405,0.18887208422931123,0.0,0.2708333333333333,22.492799960875235,20000385
SPT-Threshold,14.37257932047312,8,0.6666666666666666,0.5712253841971899,0.6666666666666666,0.33333333333333337,0.8198902481981275,0.2115393155066008,0.0,0.2916666666666667,21.419872174901208,20000386
SPT-Threshold,18.9109801789997,10,0.8333333333333334,0.7421732474632905,0.9166666666666666,0.16666666666666663,0.8838625866554312,0.2041669260404504,0.0,0.22916666666666666,25.68595256420822,20000387
SPT-Threshold,15.340946104618,8,0.6666666666666666,0.5566886897877744,0.9166666666666666,0.33333333333333337,0.8851343179438963,0.18366437323530693,0.0,0.2916666666666667,23.40489963367441,20000388
SPT-Threshold,18.75592609253137,10,0.8333333333333334,0.7295953109410926,0.8333333333333334,0.16666666666666663,0.9097015337392588,0.2151038588776666,0.0,0.2708333333333333,23.692249932130096,20000389
SPT-Threshold,16.80965583948331,9,0.75,0.633914602783333,0.8333333333333334,0.25,0.8799344692968482,0.21320408868888766,0.0,0.25,24.82272289337085,20000390
SPT-Threshold,16.7275551915641,9,0.75,0.6452056696549036,0.9166666666666666,0.25,0.8786407830777018,0.21866088129940986,0.0,0.2708333333333333,24.90470206196759,20000391
SPT-Threshold,16.55390978019361,9,0.75,0.6440610512363897,0.8333333333333334,0.25,0.8603979725664536,0.20575900696751911,0.0,0.2708333333333333,24.003192195685692,20000392
SPT-Threshold,15.833085972644511,8,0.6666666666666666,0.5569250263424985,0.75,0.33333333333333337,0.8742470159002972,0.180216684266531,0.0,0.3333333333333333,23.001800348676053,20000393
SPT-Threshold,12.961660204891814,7,0.5833333333333334,0.482081281416888,0.6666666666666666,0.41666666666666663,0.8473667305785626,0.23143521294300137,0.0,0.2708333333333333,23.45330995938788,20000394
SPT-Threshold,16.86461882497732,9,0.75,0.6128503798305939,0.8333333333333334,0.25,0.8811608896832794,0.19820365833377473,0.0,0.3125,23.462768293464613,20000395
SPT-Threshold,16.031893132135252,9,0.75,0.6278857214792278,0.75,0.25,0.8099828058657783,0.17628723903287927,0.0,0.2916666666666667,21.57428526098935,20000396
SPT-Threshold,15.453386990668616,9,0.75,0.5996572688552899,0.8333333333333334,0.25,0.8494273279061608,0.216735893515276,0.0,0.2708333333333333,23.28954109370879,20000397
SPT-Threshold,17.20006767812202,10,0.8333333333333334,0.693094863981352,0.9166666666666666,0.16666666666666663,0.8515354139251796,0.21929643686531955,0.0,0.22916666666666666,23.971691810626325,20000398
SPT-Threshold,15.960604080937934,9,0.75,0.5821955699904618,0.8333333333333334,0.25,0.8386719422018861,0.20461970557133644,0.0,0.2916666666666667,23.194911725418255,20000399
SPT-Threshold,14.637815037853251,8,0.6666666666666666,0.5283184993773574,0.8333333333333334,0.33333333333333337,0.8493433639016943,0.18747915363500756,0.0,0.2916666666666667,22.142521816388903,20000400
SPT-Threshold,15.408990498318952,8,0.6666666666666666,0.5813150098603233,0.6666666666666666,0.33333333333333337,0.8604328843716855,0.20522366236108716,0.0,0.3125,22.968982961359238,20000401
SPT-Threshold,11.759290842648234,6,0.5,0.3977409805251413,0.6666666666666666,0.5,0.8411561892094882,0.19898447126860164,0.0,0.3125,21.711393348393496,20000402
SPT-Threshold,17.119566270623903,9,0.75,0.6672767303194155,0.75,0.25,0.8454800208759194,0.21306117933033378,0.0,0.3125,22.984331783393696,20000403
SPT-Threshold,15.693240928727137,9,0.75,0.6371239038856882,0.75,0.25,0.8124314263874298,0.22037500303509913,0.0,0.2708333333333333,22.505551936992624,20000404
SPT-Threshold,13.742708329343284,7,0.5833333333333334,0.5005285480427604,0.5833333333333334,0.41666666666666663,0.8299000186921376,0.16526297479466126,0.0,0.3541666666666667,21.114042004653705,20000405
SPT-Threshold,14.850705448458731,8,0.6666666666666666,0.5206391763882205,0.8333333333333334,0.33333333333333337,0.8854832931554394,0.22703147950940383,0.0,0.2708333333333333,24.154012622053774,20000406
SPT-Threshold,16.839763690965196,9,0.75,0.6343936220375929,0.8333333333333334,0.25,0.8801012779822474,0.21002416991093395,0.0,0.25,25.261165786477306,20000407
SPT-Threshold,14.379315274722146,8,0.6666666666666666,0.5358236588390303,0.8333333333333334,0.33333333333333337,0.817066479340312,0.19535062360212896,0.0,0.2708333333333333,24.287976784650326,20000408
SPT-Threshold,12.703286918165317,7,0.5833333333333334,0.4005464008799572,0.8333333333333334,0.41666666666666663,0.8852761808874492,0.23337076632595935,0.0,0.25,24.56943223787422,20000409
SPT-Threshold,20.11468636485006,11,0.9166666666666666,0.8442621999120486,0.9166666666666666,0.08333333333333337,0.848457357898151,0.2005573374372233,0.0,0.25,25.033640594049363,20000410
SPT-Threshold,14.504485711532745,8,0.6666666666666666,0.5167163614107722,0.75,0.33333333333333337,0.8302605653193483,0.18823017973848374,0.0,0.2708333333333333,23.18067194358061,20000411
SPT-Threshold,13.169806925173136,7,0.5833333333333334,0.5142375744909834,0.6666666666666666,0.41666666666666663,0.8450496657958856,0.200214210190694,0.0,0.3333333333333333,21.73081218006759,20000412
SPT-Threshold,14.950824197018239,8,0.6666666666666666,0.5571911245841431,0.75,0.33333333333333337,0.8545642869084977,0.166938100361542,0.0,0.3333333333333333,21.855647654618533,20000413
SPT-Threshold,14.706828550992425,8,0.6666666666666666,0.5476523482521644,0.75,0.33333333333333337,0.8528908379755912,0.20175375007587038,0.0,0.2916666666666667,23.063132677074375,20000414
SPT-Threshold,16.639707697257784,9,0.75,0.608479560636881,0.8333333333333334,0.25,0.8842003279738982,0.21295192016056608,0.0,0.2708333333333333,23.645801952283996,20000415
SPT-Threshold,14.530840439586578,8,0.6666666666666666,0.5438018877110846,0.75,0.33333333333333337,0.8517044776561423,0.19854303242707186,0.0,0.3125,21.580405505248798,20000416
SPT-Threshold,14.818638207615358,8,0.6666666666666666,0.49279140572141156,0.8333333333333334,0.33333333333333337,0.8556444050763871,0.19548078669072175,0.0,0.2916666666666667,22.820920970772878,20000417
SPT-Threshold,18.043823194185617,10,0.8333333333333334,0.7483886284983456,0.9166666666666666,0.16666666666666663,0.8444239152232799,0.19509189599948887,0.0,0.25,24.22293214937113,20000418
SPT-Threshold,10.23699179010642,6,0.5,0.29861331803801716,0.6666666666666666,0.5,0.8287764305626221,0.2076662490821919,0.0,0.3333333333333333,19.663500472487648,20000419
SPT-Threshold,17.6832029150925,10,0.8333333333333334,0.6947725173759026,0.9166666666666666,0.16666666666666663,0.8764874144293078,0.2256547884922437,0.0,0.22916666666666666,24.783277613870293,20000420
SPT-Threshold,14.628229719978625,8,0.6666666666666666,0.5723721673472564,0.6666666666666666,0.33333333333333337,0.8484464769460281,0.22749169659263516,0.0,0.2916666666666667,21.555939601225273,20000421
SPT-Threshold,17.14399863337443,9,0.75,0.6515305942279838,0.8333333333333334,0.25,0.8377045423484167,0.16643886699135577,0.0,0.3125,22.36029641847109,20000422
SPT-Threshold,15.280497452180017,9,0.75,0.5745486926002403,0.8333333333333334,0.25,0.8287038230416398,0.20587178546862825,0.0,0.25,22.44552702676848,20000423
SPT-Threshold,14.759592985348917,8,0.6666666666666666,0.5514514992819745,0.75,0.33333333333333337,0.8400037061239018,0.19922375628971833,0.0,0.2916666666666667,22.455438909529267,20000424
SPT-Threshold,9.027310075100019,5,0.4166666666666667,0.2624705458999091,0.6666666666666666,0.5833333333333333,0.8334785065449442,0.20346441481898636,0.0,0.3125,21.913281150924284,20000425
SPT-Threshold,13.994347423161186,8,0.6666666666666666,0.49587549889096605,0.75,0.33333333333333337,0.8648739655120571,0.21863789136184178,0.0,0.2708333333333333,22.735584939460004,20000426
SPT-Threshold,19.03876995526017,10,0.8333333333333334,0.7457538841514542,0.8333333333333334,0.16666666666666663,0.8778594056143142,0.18063058642721394,0.0,0.3125,23.46575648524671,20000427
SPT-Threshold,18.936818428024573,10,0.8333333333333334,0.7317906207525001,0.8333333333333334,0.16666666666666663,0.8910433854249385,0.1984939492852232,0.0,0.25,25.31852483246536,20000428
SPT-Threshold,15.970215320872704,9,0.75,0.5678122975403304,0.9166666666666666,0.25,0.8606948158062061,0.20291755915137136,0.0,0.2708333333333333,22.881523513877482,20000429
SPT-Threshold,19.31612190310592,11,0.9166666666666666,0.8282289048988517,0.9166666666666666,0.08333333333333337,0.8557743163041144,0.21608364190264404,0.0,0.22916666666666666,24.3841997115525,20000430
SPT-Threshold,13.890418041797588,8,0.6666666666666666,0.5510950245648041,0.75,0.33333333333333337,0.8107526946882837,0.22558308126613236,0.0,0.22916666666666666,23.12474216699615,20000431
SPT-Threshold,16.56465460284012,9,0.75,0.6506068270847556,0.9166666666666666,0.25,0.8784462821837945,0.2313134504441697,0.0,0.22916666666666666,25.035569282348057,20000432
SPT-Threshold,13.233185897467617,7,0.5833333333333334,0.5057707331980268,0.75,0.41666666666666663,0.8782789588627421,0.23334150671488665,0.0,0.2708333333333333,23.135575835012954,20000433
SPT-Threshold,16.088350688532895,9,0.75,0.6221253348255817,0.75,0.25,0.8539570831786113,0.21544496111030628,0.0,0.2708333333333333,22.61304596450253,20000434
SPT-Threshold,14.9562115264736,8,0.6666666666666666,0.5392780153996236,0.8333333333333334,0.33333333333333337,0.8932783639667958,0.21365418519450605,0.0,0.25,24.961326634154368,20000435
SPT-Threshold,18.26840822057608,10,0.8333333333333334,0.7038379920950366,0.9166666666666666,0.16666666666666663,0.888296029217884,0.2124107848020307,0.0,0.22916666666666666,25.56092296949802,20000436
SPT-Threshold,16.40989950387806,9,0.75,0.615975829557197,0.8333333333333334,0.25,0.8824240827691048,0.20983483167264552,0.0,0.2708333333333333,24.388048212664334,20000437
SPT-Threshold,12.57014859429469,7,0.5833333333333334,0.4164702501725256,0.6666666666666666,0.41666666666666663,0.8095757047013518,0.16960776030893088,0.0,0.3333333333333333,20.676848999616954,20000438
SPT-Threshold,13.011075892427169,7,0.5833333333333334,0.4902689008717992,0.6666666666666666,0.41666666666666663,0.8294492154532228,0.2255386102869811,0.0,0.2916666666666667,22.01288687332098,20000439
SPT-Threshold,17.523118253670184,10,0.8333333333333334,0.7244386458996709,0.9166666666666666,0.16666666666666663,0.8351134451451355,0.19772803771427946,0.0,0.2708333333333333,23.277221996845334,20000440
SPT-Threshold,12.3262960154518,7,0.5833333333333334,0.42605265629471206,0.6666666666666666,0.41666666666666663,0.7895648044820992,0.19707832196214337,0.0,0.3333333333333333,19.179434300832874,20000441
SPT-Threshold,19.57474789070167,11,0.9166666666666666,0.836642871465275,0.9166666666666666,0.08333333333333337,0.8657260090760984,0.22209420942827138,0.0,0.22916666666666666,24.98822941145779,20000442
SPT-Threshold,13.119354730498712,7,0.5833333333333334,0.45004627283682613,0.75,0.41666666666666663,0.9005044025906609,0.2274603683454098,0.0,0.2708333333333333,23.746794445575745,20000443
SPT-Threshold,14.96410602992954,8,0.6666666666666666,0.5456565902740301,0.75,0.33333333333333337,0.8347570593001405,0.19554473770889433,0.0,0.2916666666666667,23.074738357418102,20000444
SPT-Threshold,17.08395175500498,9,0.75,0.6348038971823621,0.75,0.25,0.8475498994931151,0.18134473763805525,0.0,0.3125,22.027030448168418,20000445
SPT-Threshold,17.349278665017213,9,0.75,0.6392410417685618,0.75,0.25,0.8925434043722085,0.18232070595728178,0.0,0.3125,23.50339661007443,20000446
SPT-Threshold,13.064533936834941,7,0.5833333333333334,0.4812352477580071,0.6666666666666666,0.41666666666666663,0.8609137069251629,0.237373035615654,0.0,0.2708333333333333,23.238101234006837,20000447
SPT-Threshold,14.721078655991274,8,0.6666666666666666,0.5624634965385761,0.75,0.33333333333333337,0.8866903194701785,0.21722006299976196,0.0,0.2916666666666667,23.047203696139004,20000448
SPT-Threshold,18.407426242147608,10,0.8333333333333334,0.7297617045910862,0.8333333333333334,0.16666666666666663,0.8396613743192335,0.184976368767404,0.0,0.2708333333333333,23.066253805322592,20000449
SPT-Threshold,15.295516183463313,8,0.6666666666666666,0.5492833146829599,0.75,0.33333333333333337,0.8939767404053568,0.2259426364674131,0.0,0.3125,22.601219536872552,20000450
SPT-Threshold,16.23922520402642,9,0.75,0.6050582216021136,0.8333333333333334,0.25,0.8483757753719511,0.20847878804809317,0.0,0.2708333333333333,23.112028374973914,20000451
SPT-Threshold,15.251001644119482,8,0.6666666666666666,0.5735882788802543,0.75,0.33333333333333337,0.8827299549438504,0.24221217994557634,0.0,0.2708333333333333,24.196305470113966,20000452
SPT-Threshold,10.611432507867228,6,0.5,0.40180343568195553,0.5833333333333334,0.5,0.8283587688386792,0.23096989551238,0.0,0.3125,21.105283672902566,20000453
SPT-Threshold,14.245822310997044,8,0.6666666666666666,0.4868264941755349,0.75,0.33333333333333337,0.8485425224658871,0.2074117997113789,0.0,0.2708333333333333,23.25015494080306,20000454
SPT-Threshold,16.182167803828587,9,0.75,0.628073386117217,0.8333333333333334,0.25,0.8530053260131014,0.22356378959566803,0.0,0.2708333333333333,22.848407720450737,20000455
SPT-Threshold,14.324427000754945,8,0.6666666666666666,0.5098879479335462,0.8333333333333334,0.33333333333333337,0.8663955194030151,0.21901720654809106,0.0,0.25,24.481429606784513,20000456
SPT-Threshold,9.474554128389036,5,0.4166666666666667,0.29944795854361067,0.5833333333333334,0.5833333333333333,0.8333605593053112,0.18411330694057004,0.0,0.3333333333333333,19.99130801899983,20000457
SPT-Threshold,12.999826972282001,7,0.5833333333333334,0.4905608572766069,0.6666666666666666,0.41666666666666663,0.8566153005190474,0.2402682372031596,0.0,0.3125,21.17141339030016,20000458
SPT-Threshold,16.811075767665272,9,0.75,0.6566916024632589,0.8333333333333334,0.25,0.9097743218529497,0.225836103224435,0.0,0.25,24.494679704472613,20000459
SPT-Threshold,18.704277607231884,10,0.8333333333333334,0.7488458997153511,0.9166666666666666,0.16666666666666663,0.8739643190750107,0.2016656360245294,0.0,0.22916666666666666,26.24138088228128,20000460
SPT-Threshold,14.916760033394427,8,0.6666666666666666,0.5367403725498399,0.75,0.33333333333333337,0.8975461044449441,0.23521073512845678,0.0,0.25,24.419413718488123,20000461
SPT-Threshold,16.693462457914947,9,0.75,0.6439030152677974,0.9166666666666666,0.25,0.8870487147175486,0.22640672164360018,0.0,0.25,26.344099701648297,20000462
SPT-Threshold,12.950043066483918,7,0.5833333333333334,0.4645053178928758,0.75,0.41666666666666663,0.8621208560590715,0.22525746460304705,0.0,0.25,23.287422846817222,20000463
SPT-Threshold,14.63053456937483,8,0.6666666666666666,0.5079026173233004,0.8333333333333334,0.33333333333333337,0.8269453265005334,0.19852683270218843,0.0,0.25,22.989747714271125,20000464
SPT-Threshold,16.49216423703977,9,0.75,0.6320268809614144,0.8333333333333334,0.25,0.8547496679391235,0.20039133919627053,0.0,0.2708333333333333,23.756589579793076,20000465
SPT-Threshold,12.264305257078266,7,0.5833333333333334,0.48852359189070776,0.6666666666666666,0.41666666666666663,0.7816366434528456,0.20988370246138413,0.0,0.2708333333333333,22.24425049241619,20000466
SPT-Threshold,14.779474482364686,8,0.6666666666666666,0.543358412865939,0.9166666666666666,0.33333333333333337,0.8331498644521412,0.18972638432839073,0.0,0.22916666666666666,23.825649249234953,20000467
SPT-Threshold,15.740750771924745,9,0.75,0.5779887118587672,0.8333333333333334,0.25,0.8304066846322282,0.20023852391923505,0.0,0.25,23.58642415621113,20000468
SPT-Threshold,12.445384955605823,7,0.5833333333333334,0.42989781109554065,0.75,0.41666666666666663,0.8299651686197618,0.20917884978244886,0.0,0.2708333333333333,22.752100918517538,20000469
SPT-Threshold,15.793979037488029,9,0.75,0.6364446856582276,0.8333333333333334,0.25,0.8474535646766433,0.19856306291591874,0.0,0.2916666666666667,22.62870192354116,20000470
SPT-Threshold,16.929229248935652,9,0.75,0.6450315493186644,0.75,0.25,0.900556193147826,0.19841013615037015,0.0,0.2916666666666667,22.65206058072827,20000471
SPT-Threshold,16.892018927945987,9,0.75,0.6367439273216885,0.75,0.25,0.865662315854885,0.18992038984734363,0.0,0.2916666666666667,23.10786760450025,20000472
SPT-Threshold,18.20986407461357,10,0.8333333333333334,0.6990568540904074,0.9166666666666666,0.16666666666666663,0.862678544152342,0.21000959910758424,0.0,0.25,24.57356986501452,20000473
SPT-Threshold,15.332281367622478,8,0.6666666666666666,0.5259530204595426,0.75,0.33333333333333337,0.876352006738547,0.18154971313249502,0.0,0.3125,23.15074663026618,20000474
SPT-Threshold,16.209583153173057,9,0.75,0.6193171508359767,0.75,0.25,0.8682100073384961,0.22504543261710183,0.0,0.25,23.759303322733977,20000475
SPT-Threshold,16.06919591544583,9,0.75,0.6332093644784708,0.8333333333333334,0.25,0.829963210941972,0.19238072202416356,0.0,0.2916666666666667,22.025500997530887,20000476
SPT-Threshold,16.85626811086178,9,0.75,0.639279345308639,0.75,0.25,0.8564459574657137,0.18714794235554585,0.0,0.2916666666666667,22.42146104207349,20000477
SPT-Threshold,16.073658784257415,9,0.75,0.6422890688297734,0.75,0.25,0.852011635112362,0.24456398334832996,0.0,0.25,24.54243906070643,20000478
SPT-Threshold,12.84246571343825,7,0.5833333333333334,0.4213280732159287,0.75,0.41666666666666663,0.8264143906192287,0.19470479590716697,0.0,0.2916666666666667,21.20231627187774,20000479
SPT-Threshold,15.101854355563585,8,0.6666666666666666,0.5373904588749477,0.75,0.33333333333333337,0.9024873072336025,0.22666277133318782,0.0,0.3125,23.639417314703774,20000480
SPT-Threshold,12.800849880606409,7,0.5833333333333334,0.4562035017548192,0.8333333333333334,0.41666666666666663,0.835177581710604,0.19213876680950806,0.0,0.22916666666666666,23.495492904315366,20000481
SPT-Threshold,13.15567285513307,7,0.5833333333333334,0.4485230257218036,0.75,0.41666666666666663,0.8448219239548606,0.21903925844137426,0.0,0.2708333333333333,22.90703296417179,20000482
SPT-Threshold,18.612861602593327,10,0.8333333333333334,0.7609912549122545,0.9166666666666666,0.16666666666666663,0.856927477931678,0.2026237767494695,0.0,0.22916666666666666,25.475710132512713,20000483
SPT-Threshold,13.607886842331386,7,0.5833333333333334,0.4702303239816619,0.6666666666666666,0.41666666666666663,0.8642622267333518,0.18383389572623274,0.0,0.3541666666666667,21.424575101372525,20000484
SPT-Threshold,16.049196304746108,9,0.75,0.62178294865307,0.75,0.25,0.7974355535692917,0.1934551631030393,0.0,0.2916666666666667,22.803401119154508,20000485
SPT-Threshold,16.176702311786592,9,0.75,0.6500486029294893,0.8333333333333334,0.25,0.8492501750629063,0.23175081769978545,0.0,0.25,23.990767526919427,20000486
SPT-Threshold,14.812471544455688,8,0.6666666666666666,0.5433838246640669,0.75,0.33333333333333337,0.8556638410982682,0.1996699727613105,0.0,0.2708333333333333,23.934433709186504,20000487
SPT-Threshold,15.312967126271896,8,0.6666666666666666,0.5552933058323494,0.75,0.33333333333333337,0.8680012758079352,0.18705920891285346,0.0,0.2916666666666667,22.112566426239603,20000488
SPT-Threshold,14.486183282653892,8,0.6666666666666666,0.5335970960846969,0.75,0.33333333333333337,0.8415299026611359,0.21763199113908513,0.0,0.2708333333333333,22.101796915970958,20000489
SPT-Threshold,17.68391624788136,10,0.8333333333333334,0.7157449905890214,0.8333333333333334,0.16666666666666663,0.8486714717663789,0.22987285831198032,0.0,0.2708333333333333,22.375572496285372,20000490
SPT-Threshold,14.756219677580653,8,0.6666666666666666,0.531321260169373,0.75,0.33333333333333337,0.8516383101945705,0.21749994598568634,0.0,0.2916666666666667,21.977934731333423,20000491
SPT-Threshold,16.211572881342963,9,0.75,0.6254401703357457,0.75,0.25,0.8705012872059209,0.21297439410436106,0.0,0.2916666666666667,23.078973695500043,20000492
SPT-Threshold,12.777483600213976,7,0.5833333333333334,0.43558252794572294,0.75,0.41666666666666663,0.8390412523592827,0.21222183706366773,0.0,0.2916666666666667,22.240029111531914,20000493
SPT-Threshold,16.241363395741917,9,0.75,0.6398687112271697,0.8333333333333334,0.25,0.8597033222187905,0.21750378098483134,0.0,0.25,23.807298524065747,20000494
SPT-Threshold,14.677570149485442,8,0.6666666666666666,0.5426988896470966,0.75,0.33333333333333337,0.8337347617552963,0.2021193363741325,0.0,0.3125,22.000993859393716,20000495
SPT-Threshold,14.72105893831383,8,0.6666666666666666,0.5236271367335829,0.9166666666666666,0.33333333333333337,0.8667924309401442,0.21269625632681452,0.0,0.22916666666666666,24.77964752726715,20000496
SPT-Threshold,18.29874061501388,10,0.8333333333333334,0.7319738570352484,0.8333333333333334,0.16666666666666663,0.846991472496582,0.1890639140558982,0.0,0.3125,22.779069048907353,20000497
SPT-Threshold,13.562648632647631,7,0.5833333333333334,0.46985522521629947,0.75,0.41666666666666663,0.848359383076761,0.1829650217312022,0.0,0.3125,22.192012674455288,20000498
SPT-Threshold,15.812083028495643,9,0.75,0.6266260354539724,0.75,0.25,0.8153899831542312,0.21565699486899115,0.0,0.2708333333333333,22.81903185110573,20000499
Cog-Heuristic,15.924124324160895,8,0.6666666666666666,0.7942187633224045,0.75,0.33333333333333337,0.8748685773996213,0.2206262226502483,0.0,0.3333333333333333,23.157483552394897,20000000
Cog-Heuristic,16.87257108561563,9,0.75,0.664831699954163,0.8333333333333334,0.25,0.8794411002757664,0.21786953558811914,0.0,0.2708333333333333,23.941583470810983,20000001
Cog-Heuristic,14.89361249625126,8,0.6666666666666666,0.6499203110510217,0.75,0.33333333333333337,0.8988234464935504,0.24232700558964823,0.0,0.2708333333333333,24.259212323176456,20000002
Cog-Heuristic,13.914563915248596,8,0.6666666666666666,0.5471570960506101,0.8333333333333334,0.33333333333333337,0.8242836066816915,0.23251007611327154,0.0,0.25,24.137478802043937,20000003
Cog-Heuristic,13.544453772369684,8,0.6666666666666666,0.48628242058236903,0.8333333333333334,0.33333333333333337,0.7876519632959965,0.20987588655949552,0.0,0.25,22.916717832285443,20000004
Cog-Heuristic,12.035929873374046,7,0.5833333333333334,0.47524151524844455,0.75,0.41666666666666663,0.8273608042244037,0.24893634919117788,0.0,0.25,22.698318330084543,20000005
Cog-Heuristic,10.34248303873185,6,0.5,0.3819594062641454,0.6666666666666666,0.5,0.834427515674772,0.24566907418548914,0.0,0.25,22.03126222621817,20000006
Cog-Heuristic,13.004590728603963,7,0.5833333333333334,0.44253883922017323,0.75,0.41666666666666663,0.8589242348220782,0.2067253236371891,0.0,0.3333333333333333,22.29438741755165,20000007
Cog-Heuristic,10.45993020385915,6,0.5,0.36739894824430747,0.6666666666666666,0.5,0.802628921583262,0.2160867207164324,0.0,0.2916666666666667,21.384408542638294,20000008
Cog-Heuristic,11.482327840223203,6,0.5,0.49315717949663174,0.75,0.5,0.8376683136151932,0.2119974238983927,0.0,0.2916666666666667,22.04108398814634,20000009
Cog-Heuristic,11.068770018410985,6,0.5,0.3561785129662024,0.75,0.5,0.8241089285645543,0.204007893717894,0.0,0.2916666666666667,21.592131784212132,20000010
Cog-Heuristic,17.46670571039272,10,0.8333333333333334,0.7752782374676592,0.9166666666666666,0.16666666666666663,0.8343208415718761,0.2419902844015853,0.0,0.20833333333333334,24.347257082328806,20000011
Cog-Heuristic,13.64269332238317,8,0.6666666666666666,0.490141426658235,0.8333333333333334,0.33333333333333337,0.8572104024853561,0.24705995855822724,0.0,0.22916666666666666,24.27423918610737,20000012
Cog-Heuristic,14.75888956074377,8,0.6666666666666666,0.5475980437317197,0.75,0.33333333333333337,0.8496870945264726,0.20040057397390434,0.0,0.2916666666666667,22.028945379687592,20000013
Cog-Heuristic,12.379923690783013,7,0.5833333333333334,0.4396751358978034,0.75,0.41666666666666663,0.839416341405518,0.2213717663000345,0.0,0.2916666666666667,22.8557444506685,20000014
Cog-Heuristic,15.312120697288899,8,0.6666666666666666,0.6147559532999474,0.75,0.33333333333333337,0.9113881945926026,0.22746039865028633,0.0,0.2916666666666667,24.83438785017996,20000015
Cog-Heuristic,10.082805517044328,6,0.5,0.5180828931597806,0.5833333333333334,0.5,0.8140535835637938,0.23525958589478224,0.0,0.2916666666666667,21.238910966736093,20000016
Cog-Heuristic,15.736795712850373,9,0.75,0.6456228884573261,0.8333333333333334,0.25,0.8219044804264106,0.21978014119365671,0.0,0.2708333333333333,22.979204617875407,20000017
Cog-Heuristic,11.708002030397356,6,0.5,0.4653285210056405,0.6666666666666666,0.5,0.8739046284401283,0.24045810069727647,0.0,0.3333333333333333,22.180054515729054,20000018
Cog-Heuristic,16.72664532684509,9,0.75,0.6176553370937907,0.8333333333333334,0.25,0.8917212217471301,0.2027816207727545,0.0,0.2708333333333333,23.146953311631112,20000019
Cog-Heuristic,16.11477959952544,9,0.75,0.6592283152562279,0.8333333333333334,0.25,0.8397235215178873,0.24382444632562802,0.0,0.22916666666666666,24.447677668340496,20000020
Cog-Heuristic,15.715007966304915,9,0.75,0.6960367355405572,0.8333333333333334,0.25,0.8167762721355635,0.21760912649025235,0.0,0.22916666666666666,22.90585126339585,20000021
Cog-Heuristic,10.306850806133808,6,0.5,0.3126609439758241,0.75,0.5,0.7942448862859269,0.20013861624871418,0.0,0.2708333333333333,21.49663437414209,20000022
Cog-Heuristic,13.032593902505958,7,0.5833333333333334,0.5395867645512255,0.75,0.41666666666666663,0.8441226440589548,0.2233067130007569,0.0,0.2916666666666667,22.68621780969312,20000023
Cog-Heuristic,18.560127925105323,10,0.8333333333333334,0.7809338407592105,0.8333333333333334,0.16666666666666663,0.8961380663671704,0.22932000817735768,0.0,0.25,25.67721343015346,20000024
Cog-Heuristic,14.003879345061332,8,0.6666666666666666,0.583965188957471,0.6666666666666666,0.33333333333333337,0.8303028183244979,0.24127282993436094,0.0,0.2708333333333333,21.198105335618386,20000025
Cog-Heuristic,14.892831977788571,8,0.6666666666666666,0.7466092663667971,0.8333333333333334,0.33333333333333337,0.8560110931665935,0.24372199287307517,0.0,0.25,24.281712082574803,20000026
Cog-Heuristic,17.631351129675426,10,0.8333333333333334,0.7342963172093431,0.8333333333333334,0.16666666666666663,0.8365906752086868,0.22126895861030302,0.0,0.25,23.73848046755208,20000027
Cog-Heuristic,16.254408007069305,9,0.75,0.7480688740360187,0.9166666666666666,0.25,0.829103071037868,0.23787440141830352,0.0,0.20833333333333334,24.940810824217696,20000028
Cog-Heuristic,13.478414178362296,8,0.6666666666666666,0.45191212944841064,0.8333333333333334,0.33333333333333337,0.796819662752255,0.20260384651212485,0.0,0.2708333333333333,21.16325370295825,20000029
Cog-Heuristic,7.063661688540022,4,0.3333333333333333,0.31079242677886226,0.5,0.6666666666666667,0.7971949528055139,0.22773427420710957,0.0,0.3541666666666667,18.879226517947586,20000030
Cog-Heuristic,12.824617645185512,7,0.5833333333333334,0.48988116745280097,0.75,0.41666666666666663,0.8356122247937687,0.2246796649029522,0.0,0.2916666666666667,22.264551389675006,20000031
Cog-Heuristic,14.187817715420152,8,0.6666666666666666,0.5428556821446905,0.75,0.33333333333333337,0.8663162700988466,0.22945946773383008,0.0,0.2708333333333333,22.39796608742311,20000032
Cog-Heuristic,14.735812451744234,8,0.6666666666666666,0.5540416792994556,0.75,0.33333333333333337,0.8715711353933285,0.22580390690809518,0.0,0.2916666666666667,23.417591896572333,20000033
Cog-Heuristic,13.688964304217961,8,0.6666666666666666,0.5018888747589305,0.75,0.33333333333333337,0.8188344644621731,0.22053509638229798,0.0,0.2708333333333333,22.746622568488505,20000034
Cog-Heuristic,13.372554310083466,8,0.6666666666666666,0.554719490956986,0.75,0.33333333333333337,0.8159835549439114,0.25141312545814964,0.0,0.25,22.513292260717375,20000035
Cog-Heuristic,17.27856122921103,10,0.8333333333333334,0.6743699580680451,0.9166666666666666,0.16666666666666663,0.8241326416067248,0.19660613061381219,0.0,0.22916666666666666,23.31212233859203,20000036
Cog-Heuristic,13.16718156318792,7,0.5833333333333334,0.489900762129227,0.75,0.41666666666666663,0.882156928370271,0.23613892136665834,0.0,0.2708333333333333,24.127639199832227,20000037
Cog-Heuristic,16.632993499890212,9,0.75,0.7289022031402829,0.75,0.25,0.8515935854221189,0.20297940438070827,0.0,0.2916666666666667,23.424178802900983,20000038
Cog-Heuristic,14.14049992127104,8,0.6666666666666666,0.5579260936939017,0.75,0.33333333333333337,0.8347573871956575,0.23578104484647996,0.0,0.25,23.310667551701414,20000039
Cog-Heuristic,11.170215352849882,6,0.5,0.40732985183402554,0.6666666666666666,0.5,0.8296392270629628,0.21945575912632312,0.0,0.2708333333333333,22.303890882149112,20000040
Cog-Heuristic,15.058189277383896,8,0.6666666666666666,0.569755644003204,0.75,0.33333333333333337,0.8966985466508411,0.2125957712828516,0.0,0.2916666666666667,23.31389901596228,20000041
Cog-Heuristic,17.79644418885398,10,0.8333333333333334,0.7370616288538291,0.8333333333333334,0.16666666666666663,0.8552069533026829,0.23373312767059098,0.0,0.25,24.968390637179898,20000042
Cog-Heuristic,15.855724540022607,9,0.75,0.6134712240888037,0.8333333333333334,0.25,0.8282276619477534,0.21204489385744504,0.0,0.25,22.143222661206377,20000043
Cog-Heuristic,10.776210914861883,6,0.5,0.4311546993667373,0.75,0.5,0.8355523569316868,0.24883183140736795,0.0,0.25,22.445502139629944,20000044
Cog-Heuristic,13.346998519216948,7,0.5833333333333334,0.5443274502821023,0.6666666666666666,0.41666666666666663,0.8322705679563338,0.21158744370065627,0.0,0.3333333333333333,21.01935490142168,20000045
Cog-Heuristic,10.127791645252282,6,0.5,0.36507702417126947,0.6666666666666666,0.5,0.8213697972735311,0.23669857244595408,0.0,0.3125,19.63902540515946,20000046
Cog-Heuristic,17.440964429315795,10,0.8333333333333334,0.7289764563506687,0.9166666666666666,0.16666666666666663,0.8262240744305008,0.21795116140311052,0.0,0.22916666666666666,23.815965016250843,20000047
Cog-Heuristic,7.101373586017318,4,0.3333333333333333,0.33966842181735624,0.6666666666666666,0.6666666666666667,0.810216473622317,0.24421092191169602,0.0,0.25,21.9869103453576,20000048
Cog-Heuristic,14.242413248425265,8,0.6666666666666666,0.5094036349501408,0.8333333333333334,0.33333333333333337,0.8231212474475917,0.20083176596837712,0.0,0.25,22.44571441745347,20000049
Cog-Heuristic,11.864415640545696,7,0.5833333333333334,0.3670131948930864,0.8333333333333334,0.41666666666666663,0.8162492118621484,0.22884014741903771,0.0,0.22916666666666666,23.76418303581899,20000050
Cog-Heuristic,12.6483133985887,7,0.5833333333333334,0.45046884416621147,0.75,0.41666666666666663,0.85996601940075,0.22352764946124704,0.0,0.2708333333333333,22.595827846582793,20000051
Cog-Heuristic,12.657349304938213,7,0.5833333333333334,0.4708539376592316,0.75,0.41666666666666663,0.8594386659161257,0.2353103377980611,0.0,0.2916666666666667,24.46011816943068,20000052
Cog-Heuristic,13.859437413124368,8,0.6666666666666666,0.5384360423848504,0.8333333333333334,0.33333333333333337,0.8459051298272741,0.2473041082192872,0.0,0.20833333333333334,24.35833087669124,20000053
Cog-Heuristic,17.913527098561396,10,0.8333333333333334,0.7759938525961952,0.8333333333333334,0.16666666666666663,0.8475608670736898,0.23793542344738064,0.0,0.20833333333333334,25.540389522056575,20000054
Cog-Heuristic,11.706488007981708,7,0.5833333333333334,0.4248833022053859,0.6666666666666666,0.41666666666666663,0.8468582247374083,0.2283456035746446,0.0,0.2916666666666667,22.72040720887232,20000055
Cog-Heuristic,13.870776331726825,8,0.6666666666666666,0.5198132877767142,0.75,0.33333333333333337,0.8388649744323405,0.219166044226766,0.0,0.25,22.56219857309171,20000056
Cog-Heuristic,11.392618531762071,6,0.5,0.4049717539914575,0.6666666666666666,0.5,0.8451713779402695,0.22411814291924373,0.0,0.3333333333333333,21.53485296468212,20000057
Cog-Heuristic,13.660877633461421,8,0.6666666666666666,0.577477709134476,0.8333333333333334,0.33333333333333337,0.7945307834894916,0.24514844482035672,0.0,0.22916666666666666,23.224149998295857,20000058
Cog-Heuristic,11.454792129774942,6,0.5,0.46968082228989466,0.6666666666666666,0.5,0.8577434295662533,0.23977521947340305,0.0,0.3125,22.404679252543307,20000059
Cog-Heuristic,16.903526769941323,9,0.75,0.7716345073654728,0.75,0.25,0.8783118320021616,0.23033422640884718,0.0,0.2708333333333333,24.18811067633521,20000060
Cog-Heuristic,13.13688769825669,7,0.5833333333333334,0.5017170954416574,0.6666666666666666,0.41666666666666663,0.8573970084375935,0.22250904529706664,0.0,0.3333333333333333,21.57793429771335,20000061
Cog-Heuristic,8.764665508890731,4,0.3333333333333333,0.418585280557585,0.6666666666666666,0.6666666666666667,0.8854584940437927,0.24246775582603183,0.0,0.2916666666666667,23.710099937998862,20000062
Cog-Heuristic,12.73321789318126,7,0.5833333333333334,0.47683677848435896,0.6666666666666666,0.41666666666666663,0.8349634951550032,0.2077753119496316,0.0,0.2916666666666667,21.71199681561634,20000063
Cog-Heuristic,14.799568511520276,8,0.6666666666666666,0.5262061514787519,0.8333333333333334,0.33333333333333337,0.8603033908500635,0.2000027303164722,0.0,0.25,23.515326491206558,20000064
Cog-Heuristic,12.018567635256437,7,0.5833333333333334,0.42821328738348763,0.6666666666666666,0.41666666666666663,0.8410785408294243,0.22487168693411905,0.0,0.3333333333333333,20.875219257985876,20000065
Cog-Heuristic,19.082500542194996,10,0.8333333333333334,0.75215616634907,0.8333333333333334,0.16666666666666663,0.8831712124635809,0.21703365885947676,0.0,0.2916666666666667,24.427757881616422,20000066
Cog-Heuristic,15.810381040469142,9,0.75,0.6391142169192591,0.8333333333333334,0.25,0.8771770487858749,0.2613669951946388,0.0,0.22916666666666666,25.42305585886362,20000067
Cog-Heuristic,10.467534550648999,6,0.5,0.41924800019780334,0.6666666666666666,0.5,0.8238886991556252,0.24622740782256233,0.0,0.22916666666666666,23.250644679690314,20000068
Cog-Heuristic,15.255886868664703,8,0.6666666666666666,0.7200289231938709,0.8333333333333334,0.33333333333333337,0.9000266279604922,0.23967419995871997,0.0,0.2916666666666667,23.009784796651456,20000069
Cog-Heuristic,15.21954850450121,8,0.6666666666666666,0.593509076351674,0.8333333333333334,0.33333333333333337,0.8836406621766756,0.23197239774850223,0.0,0.22916666666666666,24.493392287350257,20000070
Cog-Heuristic,8.80632861831685,5,0.4166666666666667,0.3190012071795076,0.6666666666666666,0.5833333333333333,0.8317737841939463,0.23599108267817304,0.0,0.2916666666666667,21.60990600046485,20000071
Cog-Heuristic,17.961218061469495,10,0.8333333333333334,0.7793681933544311,0.8333333333333334,0.16666666666666663,0.8238925758351665,0.20673542199280281,0.0,0.25,23.18228896688196,20000072
Cog-Heuristic,10.354936106489475,6,0.5,0.3858304442128332,0.6666666666666666,0.5,0.8351726955751465,0.2275423071167427,0.0,0.2708333333333333,21.87480109954085,20000073
Cog-Heuristic,12.429421991694596,7,0.5833333333333334,0.44631332935900836,0.75,0.41666666666666663,0.8202272756250969,0.22025521218692332,0.0,0.2708333333333333,22.424110759987645,20000074
Cog-Heuristic,9.044924231158294,5,0.4166666666666667,0.34366785275190903,0.6666666666666666,0.5833333333333333,0.8369048767437501,0.2471308993444298,0.0,0.25,23.662424582366064,20000075
Cog-Heuristic,8.471452362343447,5,0.4166666666666667,0.31693613055005315,0.5833333333333334,0.5833333333333333,0.8256229697850525,0.23597581210234553,0.0,0.3125,20.410207201796545,20000076
Cog-Heuristic,16.338141281889705,9,0.75,0.6192491829658455,0.8333333333333334,0.25,0.8756202932298324,0.21197291796086656,0.0,0.2708333333333333,23.759776436688245,20000077
Cog-Heuristic,16.161961358485954,9,0.75,0.6564410462493561,0.8333333333333334,0.25,0.8182440128332571,0.21274862784227386,0.0,0.25,23.705943516913837,20000078
Cog-Heuristic,11.991247888523983,7,0.5833333333333334,0.40904857003754047,0.75,0.41666666666666663,0.8333270922475219,0.2264850628113465,0.0,0.25,22.16016628222819,20000079
Cog-Heuristic,13.658706136423794,7,0.5833333333333334,0.5381738358072429,0.6666666666666666,0.41666666666666663,0.8964974134861811,0.22067590850545024,0.0,0.3125,22.69461058297314,20000080
Cog-Heuristic,6.757427512516504,4,0.3333333333333333,0.22931605113572784,0.5833333333333334,0.6666666666666667,0.8176615895864973,0.23147907108525292,0.0,0.3333333333333333,20.37218068053562,20000081
Cog-Heuristic,17.09903255339519,9,0.75,0.7078184982737092,0.8333333333333334,0.25,0.8799502705200634,0.19442348352631247,0.0,0.2708333333333333,25.034456019463605,20000082
Cog-Heuristic,15.409304641118606,9,0.75,0.7038512970724009,0.75,0.25,0.8298465834357627,0.25615640461285905,0.0,0.25,23.35882315553104,20000083
Cog-Heuristic,12.370074270014229,7,0.5833333333333334,0.44279402441497734,0.75,0.41666666666666663,0.823314871120114,0.2147477297423607,0.0,0.2708333333333333,22.577761759000733,20000084
Cog-Heuristic,11.035656013028515,6,0.5,0.3480557068817604,0.75,0.5,0.8577117082064598,0.2320884321653426,0.0,0.2708333333333333,23.75515083919177,20000085
Cog-Heuristic,12.998484870655043,7,0.5833333333333334,0.5056022140751464,0.6666666666666666,0.41666666666666663,0.8794058937230872,0.21906542159997403,0.0,0.3333333333333333,22.222562771805755,20000086
Cog-Heuristic,15.280149429944476,8,0.6666666666666666,0.6903034542561268,0.6666666666666666,0.33333333333333337,0.8741799860842687,0.21516410038065373,0.0,0.2916666666666667,22.73936507953745,20000087
Cog-Heuristic,15.338504430359668,8,0.6666666666666666,0.5615622251793686,0.75,0.33333333333333337,0.8876035041888338,0.21531010688331134,0.0,0.2916666666666667,23.669665542312487,20000088
Cog-Heuristic,12.389835928739503,7,0.5833333333333334,0.42862972719266584,0.8333333333333334,0.41666666666666663,0.8060061205109005,0.2045737156834954,0.0,0.2708333333333333,22.56067437806744,20000089
Cog-Heuristic,12.823077979268318,7,0.5833333333333334,0.49281228577554587,0.75,0.41666666666666663,0.8427323884081813,0.20596239712955686,0.0,0.2916666666666667,22.184301192648256,20000090
Cog-Heuristic,14.141936506243297,8,0.6666666666666666,0.5618103448971926,0.8333333333333334,0.33333333333333337,0.8390166525468574,0.24400290363164587,0.0,0.25,23.707671986604268,20000091
Cog-Heuristic,13.1087165639436,7,0.5833333333333334,0.5012097827396363,0.6666666666666666,0.41666666666666663,0.860016592115164,0.22620515673531508,0.0,0.3125,23.195195996485477,20000092
Cog-Heuristic,14.82908617599754,9,0.75,0.6272622362460968,0.8333333333333334,0.25,0.7541214732733846,0.22405986648080747,0.0,0.20833333333333334,22.658184421188093,20000093
Cog-Heuristic,15.789692471644166,9,0.75,0.6238148509452283,0.75,0.25,0.8451974887987745,0.20229283599363704,0.0,0.2916666666666667,22.122639874272448,20000094
Cog-Heuristic,13.173291528718494,7,0.5833333333333334,0.4853188576071651,0.6666666666666666,0.41666666666666663,0.8610005960901338,0.21993999817924514,0.0,0.3333333333333333,22.22832025033553,20000095
Cog-Heuristic,11.542010989861202,6,0.5,0.564880357530318,0.6666666666666666,0.5,0.8596033000787863,0.22555528469092834,0.0,0.2916666666666667,23.889481355949727,20000096
Cog-Heuristic,8.415733627529573,5,0.4166666666666667,0.2791240335157355,0.6666666666666666,0.5833333333333333,0.8084711081940643,0.22392296703288786,0.0,0.2708333333333333,21.303023635196926,20000097
Cog-Heuristic,11.351938357900979,6,0.5,0.4182205608719778,0.6666666666666666,0.5,0.8775755708312744,0.21846435085996244,0.0,0.3125,21.876689884695942,20000098
Cog-Heuristic,13.925099882308725,8,0.6666666666666666,0.5026860604116347,0.8333333333333334,0.33333333333333337,0.8218086304453901,0.22301002194972572,0.0,0.20833333333333334,23.006440443525666,20000099
Cog-Heuristic,13.125046146030705,7,0.5833333333333334,0.48834262208548007,0.75,0.41666666666666663,0.8687201381219376,0.21610970439911178,0.0,0.3125,22.542973429833445,20000100
Cog-Heuristic,10.776524729456183,6,0.5,0.42090307010746514,0.6666666666666666,0.5,0.8740778855868534,0.2477700179977352,0.0,0.2708333333333333,22.414377727152353,20000101
Cog-Heuristic,11.518947901951949,7,0.5833333333333334,0.38031924269005435,0.8333333333333334,0.41666666666666663,0.7881654942852846,0.2248618560230781,0.0,0.22916666666666666,21.768362041416776,20000102
Cog-Heuristic,13.481925320064962,8,0.6666666666666666,0.5334858933828045,0.75,0.33333333333333337,0.7828245129917691,0.22224156665989567,0.0,0.22916666666666666,22.57834795481009,20000103
Cog-Heuristic,10.2628195966534,6,0.5,0.36040283587616084,0.6666666666666666,0.5,0.820946870991177,0.2174247315231421,0.0,0.2916666666666667,21.996359514552463,20000104
Cog-Heuristic,17.248827963950177,10,0.8333333333333334,0.7168395237159837,0.9166666666666666,0.16666666666666663,0.8547879162821643,0.246776209789771,0.0,0.22916666666666666,24.118201268743476,20000105
Cog-Heuristic,13.689442082315546,7,0.5833333333333334,0.5015574381645642,0.75,0.41666666666666663,0.8562829618686821,0.19770235258919708,0.0,0.3125,22.551365724826884,20000106
Cog-Heuristic,17.386098909070903,10,0.8333333333333334,0.729569619517547,0.8333333333333334,0.16666666666666663,0.8362661007902646,0.22661096156361393,0.0,0.25,23.844974316157334,20000107
Cog-Heuristic,9.958375429286054,5,0.4166666666666667,0.509566509782286,0.75,0.5833333333333333,0.8592752442719376,0.2285460963833468,0.0,0.2708333333333333,22.90240848045577,20000108
Cog-Heuristic,9.66494914410367,5,0.4166666666666667,0.34703817759570676,0.6666666666666666,0.5833333333333333,0.8307976652372382,0.22181359380988738,0.0,0.3125,22.053237612977025,20000109
Cog-Heuristic,14.737144867300373,8,0.6666666666666666,0.5395727654953592,0.8333333333333334,0.33333333333333337,0.8445086613418077,0.23243306933167882,0.0,0.25,24.56136632792676,20000110
Cog-Heuristic,12.737705768283607,7,0.5833333333333334,0.5904933667275926,0.6666666666666666,0.41666666666666663,0.8240072237777829,0.22676761806205184,0.0,0.2708333333333333,22.5779085136196,20000111
Cog-Heuristic,15.333251043625669,8,0.6666666666666666,0.6532964488848012,0.6666666666666666,0.33333333333333337,0.8907242443042289,0.253990180029414,0.0,0.2916666666666667,22.950798342409957,20000112
Cog-Heuristic,13.307985009783701,8,0.6666666666666666,0.4764465679204399,0.8333333333333334,0.33333333333333337,0.7901821868665633,0.22119236966796732,0.0,0.22916666666666666,23.843808159447818,20000113
Cog-Heuristic,10.518109080673794,6,0.5,0.425604420327669,0.6666666666666666,0.5,0.7985014277036928,0.23181834086865435,0.0,0.2916666666666667,20.868997477890982,20000114
Cog-Heuristic,11.56960308644311,6,0.5,0.4029699925190053,0.75,0.5,0.8798805585879332,0.227806619818362,0.0,0.2916666666666667,23.527959969965725,20000115
Cog-Heuristic,16.18444908049016,9,0.75,0.697874564582292,0.8333333333333334,0.25,0.8485129550468863,0.22908205128239745,0.0,0.2708333333333333,23.041598141521426,20000116
Cog-Heuristic,13.652829370168755,8,0.6666666666666666,0.5792647901551805,0.75,0.33333333333333337,0.8216652814101201,0.2382553624400098,0.0,0.2708333333333333,22.185338427537992,20000117
Cog-Heuristic,13.450885326050853,8,0.6666666666666666,0.5055395162364378,0.75,0.33333333333333337,0.8202736823093266,0.2395055840468352,0.0,0.22916666666666666,22.627836528093717,20000118
Cog-Heuristic,12.972103634203444,7,0.5833333333333334,0.4940017213080762,0.75,0.41666666666666663,0.8392492260879495,0.2338398539457538,0.0,0.2708333333333333,23.607721334911414,20000119
Cog-Heuristic,14.789748506756256,8,0.6666666666666666,0.549414658687563,0.75,0.33333333333333337,0.8824967545942947,0.22947273002821258,0.0,0.2708333333333333,24.842462233932498,20000120
Cog-Heuristic,4.670752287743719,3,0.25,0.17847227138948296,0.5833333333333334,0.75,0.7880421657591503,0.24429877059325053,0.0,0.2916666666666667,20.121515110246804,20000121
Cog-Heuristic,12.07223842182116,7,0.5833333333333334,0.5018473263412675,0.6666666666666666,0.41666666666666663,0.7992787094547861,0.21829794456298005,0.0,0.2708333333333333,21.608262144367362,20000122
Cog-Heuristic,14.884392317822158,8,0.6666666666666666,0.7599104837917549,0.75,0.33333333333333337,0.8554344770911829,0.23111171567607788,0.0,0.2916666666666667,22.62093775642958,20000123
Cog-Heuristic,16.190172748701738,9,0.75,0.7103872546174346,0.8333333333333334,0.25,0.8512608284303497,0.22523525186773105,0.0,0.2708333333333333,23.473242890381062,20000124
Cog-Heuristic,16.234833259990047,9,0.75,0.7344249021746542,0.75,0.25,0.8565400697413027,0.2202190303427507,0.0,0.2916666666666667,22.443763417390176,20000125
Cog-Heuristic,10.977207115718864,6,0.5,0.45299991094031106,0.6666666666666666,0.5,0.8199128752053655,0.23180754931261868,0.0,0.2916666666666667,21.73766817201869,20000126
Cog-Heuristic,13.299053056633346,7,0.5833333333333334,0.5150129816705135,0.75,0.41666666666666663,0.8505779998720312,0.21906243006508838,0.0,0.2708333333333333,23.658444828617494,20000127
Cog-Heuristic,15.732938183281476,9,0.75,0.6062953101415147,0.8333333333333334,0.25,0.8238359727377821,0.20663272778005828,0.0,0.2708333333333333,23.281969906087472,20000128
Cog-Heuristic,11.983995802822582,7,0.5833333333333334,0.44744828225307776,0.75,0.41666666666666663,0.8129223103654399,0.2334880483321633,0.0,0.2708333333333333,22.205080345891545,20000129
Cog-Heuristic,8.826889134505247,5,0.4166666666666667,0.42381638619025713,0.5833333333333334,0.5833333333333333,0.8487864715367346,0.23228627876021624,0.0,0.2916666666666667,22.43008861609412,20000130
Cog-Heuristic,11.549774088223492,6,0.5,0.4086031442276091,0.6666666666666666,0.5,0.8670757478896703,0.20839424372921386,0.0,0.3125,22.230636730038423,20000131
Cog-Heuristic,11.69531655126468,7,0.5833333333333334,0.45162191478112484,0.75,0.41666666666666663,0.7792836967592726,0.2220210222041484,0.0,0.22916666666666666,22.772222924701847,20000132
Cog-Heuristic,16.284159475744644,9,0.75,0.702074015387759,0.8333333333333334,0.25,0.8372433390073257,0.20741741278236278,0.0,0.25,23.239068897036315,20000133
Cog-Heuristic,13.171224623449456,7,0.5833333333333334,0.44757559850317363,0.8333333333333334,0.41666666666666663,0.8441466967305113,0.20381441036671288,0.0,0.2708333333333333,24.10225722966421,20000134
Cog-Heuristic,12.841359787623585,7,0.5833333333333334,0.5749298351369808,0.6666666666666666,0.41666666666666663,0.9050308129563209,0.2553499354529604,0.0,0.2708333333333333,24.15384595367131,20000135
Cog-Heuristic,16.101853943923047,9,0.75,0.6104504307467321,0.8333333333333334,0.25,0.8515670852579009,0.22658548352303018,0.0,0.2708333333333333,23.144910650522153,20000136
Cog-Heuristic,16.702856568560808,9,0.75,0.6829836484414541,0.8333333333333334,0.25,0.8541423597338665,0.21431652114231392,0.0,0.2708333333333333,23.674683420328623,20000137
Cog-Heuristic,10.93394239633559,6,0.5,0.41158537385275684,0.6666666666666666,0.5,0.8286430990211043,0.2117316740007097,0.0,0.3333333333333333,20.931072251997357,20000138
Cog-Heuristic,11.694430545725789,7,0.5833333333333334,0.4206163463801997,0.75,0.41666666666666663,0.7987431001014024,0.2225819688253701,0.0,0.2708333333333333,21.220060124607656,20000139
Cog-Heuristic,14.518920336905124,9,0.75,0.7230179884076227,0.75,0.25,0.7922568364529559,0.2423689537101615,0.0,0.22916666666666666,23.026620614071845,20000140
Cog-Heuristic,13.091011343434388,7,0.5833333333333334,0.4699278810590689,0.75,0.41666666666666663,0.8433756497407764,0.22388761788147402,0.0,0.25,23.236915597444895,20000141
Cog-Heuristic,9.60032384581009,6,0.5,0.3446974110042466,0.6666666666666666,0.5,0.7895232560988461,0.23325030479886388,0.0,0.2708333333333333,20.37490564624414,20000142
Cog-Heuristic,10.532848755904128,6,0.5,0.3867437835695187,0.5833333333333334,0.5,0.8097637420933053,0.21321314569291613,0.0,0.3125,20.603079778999618,20000143
Cog-Heuristic,15.289560759665923,8,0.6666666666666666,0.6957302095243978,0.75,0.33333333333333337,0.8766234143279868,0.2194144762172904,0.0,0.2708333333333333,24.4153883002571,20000144
Cog-Heuristic,18.05930570917873,10,0.8333333333333334,0.7789694451917006,0.8333333333333334,0.16666666666666663,0.8526810242079469,0.22962779641143394,0.0,0.2916666666666667,24.001044368816913,20000145
Cog-Heuristic,11.266651344239316,6,0.5,0.40854774033077823,0.75,0.5,0.8155450033854216,0.20732205452405728,0.0,0.2708333333333333,22.272453315273523,20000146
Cog-Heuristic,12.26697953872014,7,0.5833333333333334,0.4914522278106296,0.6666666666666666,0.41666666666666663,0.8183468046226686,0.20014138958466365,0.0,0.2916666666666667,21.444445341745958,20000147
Cog-Heuristic,10.487276866499128,6,0.5,0.43863712397232335,0.6666666666666666,0.5,0.8189487327080988,0.23615532795773012,0.0,0.2708333333333333,22.020733617331366,20000148
Cog-Heuristic,12.952215391877502,7,0.5833333333333334,0.6405646363704072,0.6666666666666666,0.41666666666666663,0.8808493992671232,0.26453689962139393,0.0,0.2708333333333333,23.384303604416033,20000149
Cog-Heuristic,11.886604753915368,7,0.5833333333333334,0.4287845146410583,0.75,0.41666666666666663,0.7978779575023056,0.20747820218085708,0.0,0.25,21.922016139741164,20000150
Cog-Heuristic,13.761691960697116,8,0.6666666666666666,0.5204856315373011,0.8333333333333334,0.33333333333333337,0.8312824293164249,0.22181191884590026,0.0,0.25,22.92514705609046,20000151
Cog-Heuristic,13.092046017123097,7,0.5833333333333334,0.5218842753302928,0.6666666666666666,0.41666666666666663,0.8458452888453752,0.21135668877691974,0.0,0.3333333333333333,21.871654999218414,20000152
Cog-Heuristic,14.494536572264689,8,0.6666666666666666,0.6266618241960902,0.75,0.33333333333333337,0.8484701924050405,0.22922350619481424,0.0,0.25,23.233901375061283,20000153
Cog-Heuristic,17.157345624199944,9,0.75,0.6740944929413051,0.8333333333333334,0.25,0.8990921763649867,0.2077449070059286,0.0,0.3125,23.162680977436896,20000154
Cog-Heuristic,12.102797994992354,7,0.5833333333333334,0.42110503535499705,0.75,0.41666666666666663,0.7960257316644467,0.2106490288959414,0.0,0.25,21.870801332828538,20000155
Cog-Heuristic,14.424179465119417,8,0.6666666666666666,0.5652079479325169,0.75,0.33333333333333337,0.8525099186288205,0.23512053509799571,0.0,0.2916666666666667,22.864756161807463,20000156
Cog-Heuristic,9.678927130167532,5,0.4166666666666667,0.43415541859978385,0.6666666666666666,0.5833333333333333,0.8698693513992898,0.21995949411861004,0.0,0.2916666666666667,22.092073160538302,20000157
Cog-Heuristic,10.379908196132208,6,0.5,0.3523721315662943,0.75,0.5,0.8313093025391861,0.2404380888845994,0.0,0.25,23.329464657143077,20000158
Cog-Heuristic,12.673823313824073,7,0.5833333333333334,0.44370953968873594,0.75,0.41666666666666663,0.8319483815156307,0.22957051437359524,0.0,0.2708333333333333,22.74346896420818,20000159
Cog-Heuristic,15.517524302640487,9,0.75,0.6198392640761592,0.8333333333333334,0.25,0.8220276095144564,0.2374036160463395,0.0,0.22916666666666666,25.508975393241574,20000160
Cog-Heuristic,15.356339228713804,9,0.75,0.6251766294382887,0.8333333333333334,0.25,0.8197400087758379,0.23014802326197803,0.0,0.22916666666666666,23.081644273205043,20000161
Cog-Heuristic,9.343662489600776,5,0.4166666666666667,0.3112048903623779,0.6666666666666666,0.5833333333333333,0.8338658942312355,0.20921480218130994,0.0,0.3125,21.193254846035018,20000162
Cog-Heuristic,15.858774922778505,9,0.75,0.6845061200580619,0.75,0.25,0.8130954363553755,0.22762297969844317,0.0,0.25,22.70124676576776,20000163
Cog-Heuristic,14.314359755211115,8,0.6666666666666666,0.5740352946270262,0.6666666666666666,0.33333333333333337,0.835440493649476,0.24106659674750117,0.0,0.2916666666666667,21.86706880833095,20000164
Cog-Heuristic,13.02638511598747,7,0.5833333333333334,0.5734641228477511,0.75,0.41666666666666663,0.8773865913416534,0.22013493879152335,0.0,0.2916666666666667,21.987578459417133,20000165
Cog-Heuristic,15.442014790818874,8,0.6666666666666666,0.6294852391194108,0.75,0.33333333333333337,0.8899302477777941,0.2092259300733945,0.0,0.3125,23.737838087659405,20000166
Cog-Heuristic,15.108865262923842,9,0.75,0.6622200866045708,0.8333333333333334,0.25,0.7955532163461285,0.23190139662991074,0.0,0.20833333333333334,23.28772393943106,20000167
Cog-Heuristic,9.666789212830516,6,0.5,0.3341269458366973,0.75,0.5,0.7865063028504391,0.25121823083460953,0.0,0.25,21.71725483900332,20000168
Cog-Heuristic,15.477207782875654,9,0.75,0.623354074557774,0.75,0.25,0.8578314600520317,0.23472105785638017,0.0,0.25,23.918352387793945,20000169
Cog-Heuristic,10.880966371792107,6,0.5,0.38060298616410115,0.75,0.5,0.819646033015473,0.22321968185099694,0.0,0.2708333333333333,22.28867174133618,20000170
Cog-Heuristic,12.633972991384832,7,0.5833333333333334,0.461236872679991,0.75,0.41666666666666663,0.868311245051166,0.21358068088828394,0.0,0.2708333333333333,24.490098376857134,20000171
Cog-Heuristic,14.629293864070757,8,0.6666666666666666,0.5924501035201716,0.75,0.33333333333333337,0.8854614964616134,0.21231162918543767,0.0,0.2916666666666667,23.42079980529258,20000172
Cog-Heuristic,14.267933404334178,8,0.6666666666666666,0.5695548119685011,0.75,0.33333333333333337,0.8464497402060909,0.2366225183290821,0.0,0.2708333333333333,22.694218708811547,20000173
Cog-Heuristic,14.712759706828797,8,0.6666666666666666,0.5936627377746391,0.75,0.33333333333333337,0.8739862020764791,0.22419360775841668,0.0,0.2708333333333333,23.636499206171493,20000174
Cog-Heuristic,10.894576228801816,7,0.5833333333333334,0.42683588627877567,0.75,0.41666666666666663,0.7595304811286273,0.24256043460789697,0.0,0.22916666666666666,21.91961468598164,20000175
Cog-Heuristic,12.206311237453043,7,0.5833333333333334,0.4038085968143188,0.75,0.41666666666666663,0.8393577820250977,0.2113394625313815,0.0,0.2708333333333333,22.771353763344464,20000176
Cog-Heuristic,16.32767707584536,9,0.75,0.6596729817340342,0.8333333333333334,0.25,0.8571371780430344,0.2302655033020826,0.0,0.22916666666666666,24.56188345243675,20000177
Cog-Heuristic,14.716950801334534,8,0.6666666666666666,0.6030897140214546,0.75,0.33333333333333337,0.8652857094961567,0.2326568035879646,0.0,0.2708333333333333,23.256127953633023,20000178
Cog-Heuristic,8.348667798180715,4,0.3333333333333333,0.31487950595326075,0.75,0.6666666666666667,0.8535302964273613,0.21463540098536163,0.0,0.2708333333333333,22.60288205005651,20000179
Cog-Heuristic,12.760700829475503,7,0.5833333333333334,0.5317735663090855,0.6666666666666666,0.41666666666666663,0.8294656939642605,0.22991779779403468,0.0,0.2708333333333333,22.724113722989376,20000180
Cog-Heuristic,11.730799919539368,7,0.5833333333333334,0.5016269122661672,0.75,0.41666666666666663,0.8464458804694818,0.25352956754379646,0.0,0.20833333333333334,24.270771204653162,20000181
Cog-Heuristic,14.644581212347289,8,0.6666666666666666,0.5891077684387386,0.6666666666666666,0.33333333333333337,0.8578607329032911,0.22051579104983884,0.0,0.3125,22.454103141071265,20000182
Cog-Heuristic,8.801483654130028,5,0.4166666666666667,0.28678545596822885,0.6666666666666666,0.5833333333333333,0.808491594120356,0.21937470599306583,0.0,0.2916666666666667,21.897132072968432,20000183
Cog-Heuristic,11.750533931566563,7,0.5833333333333334,0.3932698050322462,0.75,0.41666666666666663,0.8047037588660851,0.2145890578667636,0.0,0.2708333333333333,22.330142981421226,20000184
Cog-Heuristic,14.628065946757756,8,0.6666666666666666,0.588925751953343,0.6666666666666666,0.33333333333333337,0.8638226909382736,0.19794245984312764,0.0,0.3125,21.747675940808133,20000185
Cog-Heuristic,10.584032449871238,6,0.5,0.35390912449393785,0.75,0.5,0.8166628061455201,0.20405328393628408,0.0,0.25,23.053053225039857,20000186
Cog-Heuristic,11.037151584222743,6,0.5,0.41423109009574943,0.6666666666666666,0.5,0.849854813973557,0.2401501900966719,0.0,0.2916666666666667,21.984973935347146,20000187
Cog-Heuristic,13.197894104097001,7,0.5833333333333334,0.6254981097927107,0.6666666666666666,0.41666666666666663,0.8776053322738644,0.2341151809004701,0.0,0.2916666666666667,23.06629649065216,20000188
Cog-Heuristic,9.899885184502702,6,0.5,0.3447300498789262,0.6666666666666666,0.5,0.7898836534550117,0.21563078814315392,0.0,0.2708333333333333,21.191231769016767,20000189
Cog-Heuristic,18.517717999252046,10,0.8333333333333334,0.7798878496221773,0.8333333333333334,0.16666666666666663,0.8891089487200965,0.2250533361678075,0.0,0.2708333333333333,24.070317801676648,20000190
Cog-Heuristic,20.731983685465845,12,1.0,1.0,1.0,0.0,0.8547964479700608,0.19432613914755845,0.0,0.2708333333333333,22.64249914146599,20000191
Cog-Heuristic,13.324323736659231,7,0.5833333333333334,0.4982443592127624,0.8333333333333334,0.41666666666666663,0.8782829906353946,0.2292618463678527,0.0,0.2916666666666667,24.333869941335777,20000192
Cog-Heuristic,13.31207521774648,7,0.5833333333333334,0.4942674061910156,0.75,0.41666666666666663,0.8983242917331262,0.23854083641933457,0.0,0.2708333333333333,24.781632057773262,20000193
Cog-Heuristic,12.446329139024769,7,0.5833333333333334,0.4725098888349269,0.6666666666666666,0.41666666666666663,0.8550306525145893,0.23043097878960528,0.0,0.3125,21.984103513292045,20000194
Cog-Heuristic,13.978751879085955,8,0.6666666666666666,0.5322544157558301,0.75,0.33333333333333337,0.8377042661307628,0.23860214649111214,0.0,0.2708333333333333,22.755893367150385,20000195
Cog-Heuristic,15.039892334594507,8,0.6666666666666666,0.6160928169226959,0.75,0.33333333333333337,0.8759497466856855,0.2219861563341977,0.0,0.2708333333333333,23.738489546087866,20000196
Cog-Heuristic,6.709867463361761,3,0.25,0.31414564949398727,0.6666666666666666,0.75,0.8517206199497109,0.22077988651240896,0.0,0.2916666666666667,22.673766985654797,20000197
Cog-Heuristic,12.773388912436458,7,0.5833333333333334,0.41735384483841365,0.8333333333333334,0.41666666666666663,0.8284517579548031,0.20780879756021978,0.0,0.25,23.78872408931423,20000198
Cog-Heuristic,8.103099390456029,5,0.4166666666666667,0.2729067743314724,0.6666666666666666,0.5833333333333333,0.8071395363702951,0.24101057872446185,0.0,0.2708333333333333,20.83924100046588,20000199
Cog-Heuristic,12.94497831608097,7,0.5833333333333334,0.5549628419614588,0.75,0.41666666666666663,0.8627119980113988,0.25546470919706016,0.0,0.2708333333333333,23.199461081904712,20000200
Cog-Heuristic,12.806386545238972,7,0.5833333333333334,0.4506731267834255,0.75,0.41666666666666663,0.8124126533062294,0.21437246549545566,0.0,0.2708333333333333,22.83905967219503,20000201
Cog-Heuristic,12.613485608482828,7,0.5833333333333334,0.4626616280381925,0.75,0.41666666666666663,0.854334533885385,0.23033828931304537,0.0,0.2916666666666667,22.335490138613892,20000202
Cog-Heuristic,14.33871039298944,8,0.6666666666666666,0.6529750428829628,0.75,0.33333333333333337,0.8563136908985944,0.2279389952968367,0.0,0.2916666666666667,22.268716224217393,20000203
Cog-Heuristic,12.64693903562887,7,0.5833333333333334,0.4645384253435034,0.75,0.41666666666666663,0.8059392759854932,0.21123978045187256,0.0,0.2708333333333333,21.85714664084253,20000204
Cog-Heuristic,15.114149846064999,8,0.6666666666666666,0.6704542414162767,0.8333333333333334,0.33333333333333337,0.8544289979269871,0.2135942064801232,0.0,0.25,24.1837607177201,20000205
Cog-Heuristic,8.695096852124598,5,0.4166666666666667,0.2569095418791492,0.6666666666666666,0.5833333333333333,0.8286275139861998,0.22686754688905122,0.0,0.3125,21.75536623205423,20000206
Cog-Heuristic,11.210676613964617,6,0.5,0.41135455522600217,0.75,0.5,0.8311964421647314,0.23121259914357273,0.0,0.2916666666666667,23.26282614136781,20000207
Cog-Heuristic,11.347127004690755,6,0.5,0.3853306834681361,0.75,0.5,0.8559805443541081,0.21882118596921374,0.0,0.2708333333333333,23.086847452908557,20000208
Cog-Heuristic,12.782229132726656,7,0.5833333333333334,0.4754874079498781,0.75,0.41666666666666663,0.8390375760665855,0.2293827423344977,0.0,0.22916666666666666,23.61122640595147,20000209
Cog-Heuristic,20.132565757451314,11,0.9166666666666666,0.8964834784118206,0.9166666666666666,0.08333333333333337,0.8862866564281751,0.22105018409833524,0.0,0.22916666666666666,25.872242761257226,20000210
Cog-Heuristic,13.188939227257935,8,0.6666666666666666,0.5245899874393913,0.75,0.33333333333333337,0.7779993461075311,0.2189293093417637,0.0,0.25,22.57725706492154,20000211
Cog-Heuristic,14.063601541907012,8,0.6666666666666666,0.5535231128650657,0.8333333333333334,0.33333333333333337,0.8226144868584638,0.2143893893334332,0.0,0.22916666666666666,24.322003621469545,20000212
Cog-Heuristic,9.127754780619787,4,0.3333333333333333,0.4570734235145818,0.75,0.6666666666666667,0.8684828599044033,0.2139843360728467,0.0,0.2916666666666667,22.78787142811894,20000213
Cog-Heuristic,10.168744950873384,6,0.5,0.39144110605598853,0.6666666666666666,0.5,0.7956516659780895,0.2249712284851689,0.0,0.2708333333333333,21.626108223295553,20000214
Cog-Heuristic,6.465266892236321,3,0.25,0.32276661870956785,0.5833333333333334,0.75,0.8897578532468904,0.24457667244572945,0.0,0.3333333333333333,21.915647115779375,20000215
Cog-Heuristic,12.009032675342002,7,0.5833333333333334,0.41489374670234486,0.8333333333333334,0.41666666666666663,0.8089058633009812,0.23253364157911474,0.0,0.22916666666666666,23.53443409793819,20000216
Cog-Heuristic,13.782463971585923,7,0.5833333333333334,0.635965477277344,0.8333333333333334,0.41666666666666663,0.8884513871200527,0.2266065809498372,0.0,0.25,24.32091999087875,20000217
Cog-Heuristic,13.61020026706929,8,0.6666666666666666,0.5217133052772166,0.8333333333333334,0.33333333333333337,0.8175146537760648,0.22281018170542813,0.0,0.25,23.35911215024924,20000218
Cog-Heuristic,13.84079765832479,8,0.6666666666666666,0.5397077086995089,0.8333333333333334,0.33333333333333337,0.8112595488394648,0.23108510882805514,0.0,0.25,23.026165615821665,20000219
Cog-Heuristic,11.856313466977369,7,0.5833333333333334,0.4401437463786182,0.75,0.41666666666666663,0.7823618692925534,0.20430738359472547,0.0,0.25,21.43160192142691,20000220
Cog-Heuristic,16.766681800107836,9,0.75,0.7393744184767675,0.75,0.25,0.8886981398003764,0.2107646768468663,0.0,0.2916666666666667,23.467499444280275,20000221
Cog-Heuristic,16.023533747113998,9,0.75,0.5940477748020538,0.8333333333333334,0.25,0.8561241252348474,0.21876903597792885,0.0,0.25,23.701763935953863,20000222
Cog-Heuristic,12.463133489045992,7,0.5833333333333334,0.4761548638404821,0.8333333333333334,0.41666666666666663,0.8555612948828589,0.23928133408104224,0.0,0.25,23.075460523741558,20000223
Cog-Heuristic,12.226647516142366,7,0.5833333333333334,0.46022215547809076,0.75,0.41666666666666663,0.8155086656803063,0.2319600868404755,0.0,0.25,22.653922777036122,20000224
Cog-Heuristic,13.256098948463132,7,0.5833333333333334,0.6333403036411547,0.75,0.41666666666666663,0.8765135196874961,0.2351704232669781,0.0,0.2708333333333333,23.908032171191493,20000225
Cog-Heuristic,15.086200692175213,8,0.6666666666666666,0.5654505818180596,0.75,0.33333333333333337,0.8654630864891174,0.21010074635181064,0.0,0.2708333333333333,23.948374274601584,20000226
Cog-Heuristic,11.94401509061681,7,0.5833333333333334,0.44565596675646213,0.75,0.41666666666666663,0.84386254092413,0.2313741279459157,0.0,0.22916666666666666,23.51473323405582,20000227
Cog-Heuristic,10.28260003611964,5,0.4166666666666667,0.44434057784454073,0.8333333333333334,0.5833333333333333,0.857110751638357,0.21582115740132043,0.0,0.2708333333333333,22.484646880435335,20000228
Cog-Heuristic,11.582436536634567,6,0.5,0.4402143560282815,0.75,0.5,0.8802984716559963,0.2445044170668528,0.0,0.25,25.329523700455454,20000229
Cog-Heuristic,9.66781008841236,5,0.4166666666666667,0.32803024510612444,0.75,0.5833333333333333,0.8618179929096351,0.21661415828418454,0.0,0.2708333333333333,23.15784977675491,20000230
Cog-Heuristic,15.782450314853508,9,0.75,0.6725708362947497,0.8333333333333334,0.25,0.853746968002055,0.2551634257330822,0.0,0.22916666666666666,22.996172272187057,20000231
Cog-Heuristic,8.687993768527198,5,0.4166666666666667,0.26328736786055223,0.6666666666666666,0.5833333333333333,0.7926643275456559,0.2035896973461715,0.0,0.2916666666666667,21.177122297382706,20000232
Cog-Heuristic,14.271957968055386,8,0.6666666666666666,0.5854698964349706,0.75,0.33333333333333337,0.8050376520604834,0.22166142640800066,0.0,0.2708333333333333,21.63203426898003,20000233
Cog-Heuristic,9.489061340430737,6,0.5,0.3552107085687263,0.6666666666666666,0.5,0.7577500484828015,0.23550611341906624,0.0,0.2708333333333333,20.65968176187617,20000234
Cog-Heuristic,13.931064943128947,8,0.6666666666666666,0.6296684142243587,0.75,0.33333333333333337,0.790751973549599,0.20184456081222302,0.0,0.2916666666666667,21.781618290744913,20000235
Cog-Heuristic,18.64241092379631,10,0.8333333333333334,0.8093061637638327,0.8333333333333334,0.16666666666666663,0.8882070724625294,0.2229795671471,0.0,0.25,25.917475437840782,20000236
Cog-Heuristic,11.907289052825107,6,0.5,0.4555535125379535,0.6666666666666666,0.5,0.8818722463361274,0.22741831304005775,0.0,0.2916666666666667,23.838729128001273,20000237
Cog-Heuristic,16.712113084553426,9,0.75,0.6567435134888855,0.75,0.25,0.8812857562122085,0.22277256445906354,0.0,0.2916666666666667,24.02834819516991,20000238
Cog-Heuristic,13.584144165512862,7,0.5833333333333334,0.5198998347488465,0.75,0.41666666666666663,0.8863534825219137,0.23867434400926468,0.0,0.2708333333333333,24.48608364445914,20000239
Cog-Heuristic,11.388563075702756,6,0.5,0.434198196140891,0.6666666666666666,0.5,0.866596725723905,0.2230080041790402,0.0,0.3125,22.997598196176504,20000240
Cog-Heuristic,12.359628908026929,7,0.5833333333333334,0.4724934687542642,0.6666666666666666,0.41666666666666663,0.8580430384151975,0.2385360685508353,0.0,0.2708333333333333,22.18531907771623,20000241
Cog-Heuristic,17.322818823121313,10,0.8333333333333334,0.829763003506329,0.8333333333333334,0.16666666666666663,0.8435635236838607,0.21055318161292477,0.0,0.22916666666666666,23.917814294731457,20000242
Cog-Heuristic,12.68469050817443,7,0.5833333333333334,0.5618412458621649,0.5833333333333334,0.41666666666666663,0.8318965684742355,0.2324837863810497,0.0,0.3125,21.777375064616923,20000243
Cog-Heuristic,18.565070300137037,10,0.8333333333333334,0.8475478319947377,0.8333333333333334,0.16666666666666663,0.8728249783942985,0.24044611810215724,0.0,0.22916666666666666,25.27517840660609,20000244
Cog-Heuristic,16.30231057684997,9,0.75,0.6812770110128694,0.75,0.25,0.8556505098496082,0.2353509368294153,0.0,0.25,24.779329089423968,20000245
Cog-Heuristic,10.110877288130183,5,0.4166666666666667,0.5120080974185958,0.75,0.5833333333333333,0.8804279398241066,0.24966358899653274,0.0,0.2708333333333333,24.214097602939628,20000246
Cog-Heuristic,14.251537311538272,8,0.6666666666666666,0.5093301694506963,0.8333333333333334,0.33333333333333337,0.8547184637768224,0.23645722140867242,0.0,0.25,23.876213847866644,20000247
Cog-Heuristic,22.30142616448661,12,1.0,1.0,1.0,0.0,0.9039317129937383,0.2120623498326563,0.0,0.22916666666666666,26.238197091334296,20000248
Cog-Heuristic,13.230974717430135,7,0.5833333333333334,0.5346645038546037,0.75,0.41666666666666663,0.8759239718944466,0.24134425190545125,0.0,0.2916666666666667,22.929540119972998,20000249
Cog-Heuristic,16.324718904240402,9,0.75,0.6625236905688402,0.8333333333333334,0.25,0.8676339022105394,0.21845057778814814,0.0,0.25,23.91632423219423,20000250
Cog-Heuristic,18.452709691901642,10,0.8333333333333334,0.7603877843715761,0.8333333333333334,0.16666666666666663,0.8611438250462641,0.21078793298879037,0.0,0.2708333333333333,23.082143212105695,20000251
Cog-Heuristic,14.159200945700636,8,0.6666666666666666,0.574692968737232,0.75,0.33333333333333337,0.8510879729511093,0.22095623710400672,0.0,0.25,22.94936701907057,20000252
Cog-Heuristic,12.961930200742996,7,0.5833333333333334,0.45315019185310207,0.75,0.41666666666666663,0.8226041738255913,0.20481756989969832,0.0,0.2708333333333333,22.178428634173663,20000253
Cog-Heuristic,12.730180982279094,7,0.5833333333333334,0.5515482659053903,0.6666666666666666,0.41666666666666663,0.8754652896746965,0.24999048859817385,0.0,0.2708333333333333,22.973686912072633,20000254
Cog-Heuristic,10.409155865505062,6,0.5,0.4131261694708326,0.6666666666666666,0.5,0.8268747434370355,0.24755751609338095,0.0,0.2708333333333333,22.322801234439645,20000255
Cog-Heuristic,12.711216478357446,7,0.5833333333333334,0.4599101210939426,0.75,0.41666666666666663,0.8559891150427932,0.24342187825486947,0.0,0.25,24.26768689217053,20000256
Cog-Heuristic,13.269243749761497,8,0.6666666666666666,0.5759882440040116,0.75,0.33333333333333337,0.8008825367121162,0.24848022270255732,0.0,0.22916666666666666,22.86043468217668,20000257
Cog-Heuristic,12.543237861021613,7,0.5833333333333334,0.43253134449294267,0.75,0.41666666666666663,0.8419676060416954,0.2011588557659779,0.0,0.3333333333333333,21.177120181648004,20000258
Cog-Heuristic,12.229983407305962,7,0.5833333333333334,0.46147750312241376,0.75,0.41666666666666663,0.8414960603823625,0.2326940533099159,0.0,0.2708333333333333,23.374100859961377,20000259
Cog-Heuristic,12.295048293005292,7,0.5833333333333334,0.5085261735538518,0.6666666666666666,0.41666666666666663,0.8329198968344498,0.2557315969370247,0.0,0.2708333333333333,21.58038364862131,20000260
Cog-Heuristic,9.475180644710793,5,0.4166666666666667,0.2944330380791356,0.5833333333333334,0.5833333333333333,0.8951004075034442,0.2188187392132693,0.0,0.3541666666666667,20.49673607860099,20000261
Cog-Heuristic,11.559524383610082,6,0.5,0.48256967465445416,0.6666666666666666,0.5,0.8853359187139588,0.22801304844122638,0.0,0.2916666666666667,23.478805470515734,20000262
Cog-Heuristic,15.435402709521249,9,0.75,0.607725945235933,0.8333333333333334,0.25,0.8115582879530195,0.20469060413544446,0.0,0.22916666666666666,23.325176905486252,20000263
Cog-Heuristic,11.043670604994567,6,0.5,0.31501888506028014,0.75,0.5,0.8624986777459545,0.21484647088990758,0.0,0.2916666666666667,22.82996042394016,20000264
Cog-Heuristic,17.04144383906348,10,0.8333333333333334,0.7414764090537421,0.9166666666666666,0.16666666666666663,0.7873135860273085,0.21528995489820738,0.0,0.25,23.222891989702052,20000265
Cog-Heuristic,14.542636765749508,8,0.6666666666666666,0.5798793501224535,0.75,0.33333333333333337,0.8814296352401306,0.20542381347635527,0.0,0.2916666666666667,21.964795576434685,20000266
Cog-Heuristic,8.919499142777411,5,0.4166666666666667,0.3371483495703131,0.6666666666666666,0.5833333333333333,0.8306454630694621,0.25543190067663507,0.0,0.2916666666666667,21.798589984289176,20000267
Cog-Heuristic,10.57270744689602,6,0.5,0.3470615641872021,0.6666666666666666,0.5,0.840770141332975,0.216265919844187,0.0,0.3125,21.94848318639872,20000268
Cog-Heuristic,13.42406540545223,7,0.5833333333333334,0.5320000518704666,0.75,0.41666666666666663,0.8752791751353733,0.23087909318303368,0.0,0.2708333333333333,24.232637703416575,20000269
Cog-Heuristic,11.325165905240253,7,0.5833333333333334,0.3936144998160544,0.75,0.41666666666666663,0.7873873111803681,0.22548561505954967,0.0,0.22916666666666666,22.083591207352683,20000270
Cog-Heuristic,15.255446942091503,8,0.6666666666666666,0.575726470304289,0.8333333333333334,0.33333333333333337,0.8734319498130203,0.21297148746240394,0.0,0.25,23.994693001599277,20000271
Cog-Heuristic,15.521012647276828,9,0.75,0.6063540388318632,0.8333333333333334,0.25,0.8047643297935071,0.21536600153634208,0.0,0.22916666666666666,22.918091450576796,20000272
Cog-Heuristic,17.875373721195274,10,0.8333333333333334,0.7129806173272106,0.8333333333333334,0.16666666666666663,0.8678635202003742,0.2294863003845271,0.0,0.25,24.641454117984402,20000273
Cog-Heuristic,16.38716869819723,9,0.75,0.6405336900406222,0.75,0.25,0.8718578124390842,0.2119161768289511,0.0,0.2916666666666667,23.547779661800163,20000274
Cog-Heuristic,12.82347027768631,7,0.5833333333333334,0.41809208697600875,0.8333333333333334,0.41666666666666663,0.8671780796596522,0.20480047547288918,0.0,0.3125,22.848983483519284,20000275
Cog-Heuristic,16.41424631520213,9,0.75,0.6320493872719308,0.75,0.25,0.8313719168933503,0.2085008611916883,0.0,0.2708333333333333,22.17924263446224,20000276
Cog-Heuristic,11.567005267725706,7,0.5833333333333334,0.4138833967405221,0.75,0.41666666666666663,0.8020666567875706,0.2440529698586745,0.0,0.25,22.57762506995583,20000277
Cog-Heuristic,9.684083475429038,6,0.5,0.3304091781740217,0.6666666666666666,0.5,0.7906947571031249,0.22507384542685702,0.0,0.2916666666666667,20.557406013686894,20000278
Cog-Heuristic,12.161164821837989,7,0.5833333333333334,0.5239612763443261,0.6666666666666666,0.41666666666666663,0.800323924094617,0.21137882721202628,0.0,0.2916666666666667,20.835954201653184,20000279
Cog-Heuristic,17.151457596192117,10,0.8333333333333334,0.7478059688220645,0.9166666666666666,0.16666666666666663,0.8252207311602585,0.2180004115450851,0.0,0.22916666666666666,22.791012735732167,20000280
Cog-Heuristic,12.496385243137848,7,0.5833333333333334,0.5713228176412896,0.6666666666666666,0.41666666666666663,0.8428315602440758,0.22087944665282375,0.0,0.2916666666666667,22.829276923446592,20000281
Cog-Heuristic,14.425528792931237,8,0.6666666666666666,0.5598423346177965,0.75,0.33333333333333337,0.8602498740985226,0.23392361472141956,0.0,0.2708333333333333,22.849790343500935,20000282
Cog-Heuristic,17.95860441724043,10,0.8333333333333334,0.8557095241430632,0.8333333333333334,0.16666666666666663,0.8420110021944481,0.22519557288514314,0.0,0.2708333333333333,22.99763448892119,20000283
Cog-Heuristic,12.033373412576648,7,0.5833333333333334,0.4900111246731384,0.6666666666666666,0.41666666666666663,0.813589925336776,0.22993937428968855,0.0,0.2708333333333333,22.198107245912844,20000284
Cog-Heuristic,11.654888771315012,7,0.5833333333333334,0.43695739036662296,0.75,0.41666666666666663,0.7645321428947902,0.2179500315382059,0.0,0.25,21.561140511682556,20000285
Cog-Heuristic,10.65248852282727,6,0.5,0.4405470210692772,0.5833333333333334,0.5,0.8389598090956097,0.25218511594655046,0.0,0.2916666666666667,22.297625438976755,20000286
Cog-Heuristic,18.889260963553202,11,0.9166666666666666,0.8331260482561131,0.9166666666666666,0.08333333333333337,0.835029061107951,0.22263920383998773,0.0,0.20833333333333334,24.03430132799221,20000287
Cog-Heuristic,12.69197208902892,7,0.5833333333333334,0.4171974977782152,0.8333333333333334,0.41666666666666663,0.834028718587453,0.20140013636645637,0.0,0.25,22.490013347847093,20000288
Cog-Heuristic,16.218721739526032,9,0.75,0.6277028933266404,0.8333333333333334,0.25,0.836510633103465,0.18943552405660405,0.0,0.2708333333333333,24.013717173410644,20000289
Cog-Heuristic,10.68286435297586,6,0.5,0.333193666397213,0.75,0.5,0.8186394397278717,0.21828600483934543,0.0,0.25,23.282182742646288,20000290
Cog-Heuristic,16.04529227851216,9,0.75,0.6673062960997834,0.75,0.25,0.8647125544004872,0.19750045616859477,0.0,0.2916666666666667,23.74531109256456,20000291
Cog-Heuristic,10.578276664679356,6,0.5,0.38667034045993176,0.75,0.5,0.833347996681502,0.24531600636483356,0.0,0.25,22.2917294431961,20000292
Cog-Heuristic,15.45886881757489,9,0.75,0.6609044327033715,0.75,0.25,0.8120694673118015,0.2274177630410478,0.0,0.25,22.35138249833498,20000293
Cog-Heuristic,13.342865758078775,7,0.5833333333333334,0.47910089383355264,0.75,0.41666666666666663,0.8542941668130312,0.22380314955711125,0.0,0.2916666666666667,23.740863824319437,20000294
Cog-Heuristic,12.271034667817958,7,0.5833333333333334,0.44009702344481055,0.75,0.41666666666666663,0.8049715034990598,0.21163797678697546,0.0,0.2708333333333333,21.513406162425685,20000295
Cog-Heuristic,14.837821204621305,8,0.6666666666666666,0.6089377888360855,0.75,0.33333333333333337,0.8598555947883405,0.24383147264026964,0.0,0.2708333333333333,24.816556513457684,20000296
Cog-Heuristic,13.769291873304155,8,0.6666666666666666,0.49855876302112634,0.8333333333333334,0.33333333333333337,0.8207165376696429,0.21805941947657373,0.0,0.2916666666666667,21.573087659896153,20000297
Cog-Heuristic,9.945892068489833,6,0.5,0.2993979049749051,0.75,0.5,0.8130344960975432,0.22861097979020503,0.0,0.2708333333333333,21.360639266304585,20000298
Cog-Heuristic,17.494400954711217,10,0.8333333333333334,0.7073008227477108,0.8333333333333334,0.16666666666666663,0.8441252289125137,0.19222532301279252,0.0,0.2708333333333333,22.539879812651073,20000299
Cog-Heuristic,12.859302373168918,7,0.5833333333333334,0.510465294580573,0.6666666666666666,0.41666666666666663,0.8744405685474099,0.24755158199098704,0.0,0.2708333333333333,23.805041638154716,20000300
Cog-Heuristic,14.008983182001407,8,0.6666666666666666,0.5343590386620881,0.8333333333333334,0.33333333333333337,0.8613612516570699,0.23206140805132516,0.0,0.2708333333333333,24.0575485146192,20000301
Cog-Heuristic,11.630768439166026,6,0.5,0.43277172815681253,0.6666666666666666,0.5,0.8294400752979129,0.20679460742897815,0.0,0.3125,21.684790550551213,20000302
Cog-Heuristic,12.64241189955721,7,0.5833333333333334,0.5499493165148024,0.75,0.41666666666666663,0.8429505145892492,0.2301847481199445,0.0,0.25,22.800231914679223,20000303
Cog-Heuristic,16.8050631835488,9,0.75,0.7884399567788323,0.9166666666666666,0.25,0.8656688200210064,0.22148416459577072,0.0,0.22916666666666666,25.37596936353946,20000304
Cog-Heuristic,19.303708083829644,11,0.9166666666666666,0.829884234063746,1.0,0.08333333333333337,0.8379055905062597,0.21650041147962748,0.0,0.22916666666666666,25.372741397584097,20000305
Cog-Heuristic,10.082581771249739,5,0.4166666666666667,0.55253994151283,0.75,0.5833333333333333,0.838095646210775,0.22073682750243617,0.0,0.25,23.779583199205156,20000306
Cog-Heuristic,14.077089018234538,8,0.6666666666666666,0.5589720499582196,0.75,0.33333333333333337,0.8282713775890582,0.23177595307234078,0.0,0.2916666666666667,22.0982955179528,20000307
Cog-Heuristic,10.454109718107917,5,0.4166666666666667,0.5354388100189273,0.6666666666666666,0.5833333333333333,0.8713546918947848,0.24376442899698916,0.0,0.2916666666666667,23.448276092007603,20000308
Cog-Heuristic,12.078114901580228,6,0.5,0.4862289238230248,0.6666666666666666,0.5,0.8853117863138825,0.22942510474661496,0.0,0.3125,22.752840287148793,20000309
Cog-Heuristic,14.740509017591577,8,0.6666666666666666,0.7533420625228675,0.75,0.33333333333333337,0.8621494720905692,0.2157182901099978,0.0,0.2916666666666667,21.88587041986879,20000310
Cog-Heuristic,15.357162884637651,9,0.75,0.6391732615087545,0.75,0.25,0.830466628484444,0.23142671399400708,0.0,0.2708333333333333,22.21061361947334,20000311
Cog-Heuristic,12.307953723059414,7,0.5833333333333334,0.40984429339539036,0.75,0.41666666666666663,0.8323906868565324,0.21221916139371935,0.0,0.2708333333333333,21.86945146818968,20000312
Cog-Heuristic,9.431440290473354,5,0.4166666666666667,0.26494688554953605,0.75,0.5833333333333333,0.873974767158709,0.22377043745425565,0.0,0.3125,22.246911775536645,20000313
Cog-Heuristic,16.41398189546137,9,0.75,0.6698786098264181,0.8333333333333334,0.25,0.8471526055787651,0.21782297693268182,0.0,0.2708333333333333,23.141345055620985,20000314
Cog-Heuristic,10.288129012580148,6,0.5,0.2982083678345322,0.75,0.5,0.8537789621981536,0.23527216907213744,0.0,0.2916666666666667,22.16072729212989,20000315
Cog-Heuristic,12.881285478458741,7,0.5833333333333334,0.5152228854674383,0.6666666666666666,0.41666666666666663,0.8488994866204664,0.24019163851514977,0.0,0.3125,20.707824853846887,20000316
Cog-Heuristic,13.769679226932746,8,0.6666666666666666,0.5547643307070456,0.8333333333333334,0.33333333333333337,0.8326044756056835,0.254544729451379,0.0,0.1875,24.30934540507128,20000317
Cog-Heuristic,9.592822719873842,5,0.4166666666666667,0.3465509781602901,0.6666666666666666,0.5833333333333333,0.8783365306937879,0.23222721068173058,0.0,0.2916666666666667,23.1014019555515,20000318
Cog-Heuristic,9.142096974486957,5,0.4166666666666667,0.3301451104145307,0.6666666666666666,0.5833333333333333,0.8555958025310471,0.24362498066585703,0.0,0.2708333333333333,23.109600068724337,20000319
Cog-Heuristic,12.611961171128693,7,0.5833333333333334,0.47288439834663326,0.6666666666666666,0.41666666666666663,0.8258731829465978,0.2229070525884279,0.0,0.2916666666666667,21.996099646205124,20000320
Cog-Heuristic,19.495785210453718,11,0.9166666666666666,0.8988303283678274,0.9166666666666666,0.08333333333333337,0.8262572343700921,0.23193379140444195,0.0,0.20833333333333334,24.792111388665305,20000321
Cog-Heuristic,10.381075094330484,6,0.5,0.3958411519190151,0.6666666666666666,0.5,0.812028283782102,0.22892731177623218,0.0,0.25,22.387243101585195,20000322
Cog-Heuristic,9.479655033722011,5,0.4166666666666667,0.3263927143845573,0.75,0.5833333333333333,0.8457920859959477,0.22667807049688696,0.0,0.2708333333333333,22.748120279660824,20000323
Cog-Heuristic,11.002602756354786,6,0.5,0.4266682707999615,0.75,0.5,0.857592468097563,0.24160385398336678,0.0,0.22916666666666666,24.481432028171593,20000324
Cog-Heuristic,14.652003672533446,8,0.6666666666666666,0.5775678424359038,0.8333333333333334,0.33333333333333337,0.8656381073666356,0.21820298061952445,0.0,0.25,24.097676073020875,20000325
Cog-Heuristic,8.677993367255228,5,0.4166666666666667,0.36513558061456286,0.5833333333333334,0.5833333333333333,0.8213421698245881,0.25227019864530736,0.0,0.3125,20.88866908295553,20000326
Cog-Heuristic,15.804486605406511,9,0.75,0.5737956712382053,0.8333333333333334,0.25,0.8283247015133535,0.2096869196287657,0.0,0.25,23.45855799951604,20000327
Cog-Heuristic,11.391970181778053,6,0.5,0.4879747066486222,0.6666666666666666,0.5,0.8630174548108723,0.22240343347440739,0.0,0.3125,22.07260985104875,20000328
Cog-Heuristic,8.447128738267521,5,0.4166666666666667,0.26293124179272337,0.6666666666666666,0.5833333333333333,0.83353704057595,0.23975916506535763,0.0,0.2708333333333333,22.151047175003477,20000329
Cog-Heuristic,11.044855618438627,6,0.5,0.44917037764438,0.75,0.5,0.819623681252458,0.21586467482777882,0.0,0.25,22.318686114531392,20000330
Cog-Heuristic,16.039236097464553,9,0.75,0.6515498307290795,0.9166666666666666,0.25,0.9009077463439464,0.2534893836970297,0.0,0.22916666666666666,24.997862105109576,20000331
Cog-Heuristic,15.595282894622118,9,0.75,0.6034008743365735,0.8333333333333334,0.25,0.8263965463175001,0.21956073375117158,0.0,0.22916666666666666,24.377318266655454,20000332
Cog-Heuristic,13.187188866588727,8,0.6666666666666666,0.484286761715089,0.75,0.33333333333333337,0.8173194116211041,0.22326713864892875,0.0,0.2708333333333333,22.17780196210477,20000333
Cog-Heuristic,13.483913803656142,7,0.5833333333333334,0.5178838080079311,0.6666666666666666,0.41666666666666663,0.8485368755590388,0.19415735155704153,0.0,0.3333333333333333,21.197578790547787,20000334
Cog-Heuristic,12.253457736661925,7,0.5833333333333334,0.49332082539239624,0.75,0.41666666666666663,0.8213335860124227,0.23818876227137672,0.0,0.2708333333333333,22.46771940515907,20000335
Cog-Heuristic,10.915658838761203,6,0.5,0.3697749539373021,0.75,0.5,0.8851558797580051,0.25423476997484895,0.0,0.2916666666666667,22.49363611913467,20000336
Cog-Heuristic,12.623397277076004,7,0.5833333333333334,0.4887082830534383,0.75,0.41666666666666663,0.8672718204718203,0.24456278344131568,0.0,0.2708333333333333,23.584872920529897,20000337
Cog-Heuristic,18.472589798674242,10,0.8333333333333334,0.750155831514647,0.8333333333333334,0.16666666666666663,0.8774007906529473,0.20365029749541108,0.0,0.25,24.794990485343817,20000338
Cog-Heuristic,13.112484116321433,7,0.5833333333333334,0.5279664311041989,0.75,0.41666666666666663,0.8676458876690614,0.2147949413957444,0.0,0.2916666666666667,23.392344189241832,20000339
Cog-Heuristic,12.60812783106823,7,0.5833333333333334,0.49257822434170634,0.6666666666666666,0.41666666666666663,0.8240706012158715,0.21380915833652683,0.0,0.3125,20.871689850730533,20000340
Cog-Heuristic,15.802267190408712,9,0.75,0.6642774429662137,0.75,0.25,0.8666199653648609,0.24070829306990385,0.0,0.2708333333333333,23.00643025047313,20000341
Cog-Heuristic,17.821045307841917,10,0.8333333333333334,0.7563367911479572,0.8333333333333334,0.16666666666666663,0.8627467742121201,0.21661282417602967,0.0,0.3125,22.468955874311323,20000342
Cog-Heuristic,13.460436462196967,8,0.6666666666666666,0.554798600667037,0.75,0.33333333333333337,0.7808387345846092,0.24926268568278145,0.0,0.22916666666666666,21.827057089485596,20000343
Cog-Heuristic,12.91526206395966,8,0.6666666666666666,0.5147229625358845,0.75,0.33333333333333337,0.7746735011959199,0.24691105826516724,0.0,0.22916666666666666,22.017101214897956,20000344
Cog-Heuristic,10.887226369309957,6,0.5,0.4068080999672295,0.6666666666666666,0.5,0.838806587791915,0.23789581848826866,0.0,0.2708333333333333,22.412279789820456,20000345
Cog-Heuristic,10.576595665613958,6,0.5,0.3483007931951674,0.75,0.5,0.8140106551626302,0.21756749201672596,0.0,0.2916666666666667,21.861109759827496,20000346
Cog-Heuristic,13.242566519994385,7,0.5833333333333334,0.48810437439957965,0.75,0.41666666666666663,0.8755973463483478,0.21137200513325513,0.0,0.2916666666666667,22.393855273357655,20000347
Cog-Heuristic,12.80001317295506,7,0.5833333333333334,0.5052551849126691,0.6666666666666666,0.41666666666666663,0.8739201634152366,0.2390690586150576,0.0,0.25,24.089431713625114,20000348
Cog-Heuristic,19.645764981901134,11,0.9166666666666666,0.9532819057804557,0.9166666666666666,0.08333333333333337,0.8891882900547244,0.23999519203951739,0.0,0.22916666666666666,24.04366271133629,20000349
Cog-Heuristic,13.01290052846425,7,0.5833333333333334,0.5388232328814273,0.6666666666666666,0.41666666666666663,0.8705294516787045,0.24088402272461876,0.0,0.3125,22.72930543458468,20000350
Cog-Heuristic,12.317539661679534,7,0.5833333333333334,0.49717537325765954,0.75,0.41666666666666663,0.8339348263162227,0.24901998115261711,0.0,0.22916666666666666,23.580268317655513,20000351
Cog-Heuristic,11.992052222154378,7,0.5833333333333334,0.46578186525324855,0.8333333333333334,0.41666666666666663,0.8186105307666122,0.24791873760695426,0.0,0.20833333333333334,23.91630132736542,20000352
Cog-Heuristic,14.697671033251787,8,0.6666666666666666,0.5703729737773399,0.75,0.33333333333333337,0.843112426311594,0.218833367985787,0.0,0.2708333333333333,23.366241656389402,20000353
Cog-Heuristic,11.861271300219745,7,0.5833333333333334,0.4348728253460609,0.75,0.41666666666666663,0.7839040262811571,0.21100953879614817,0.0,0.25,21.90572012108227,20000354
Cog-Heuristic,15.342833826901474,9,0.75,0.7210580218403093,0.75,0.25,0.8411380076323391,0.24123707536451136,0.0,0.25,23.13343422719331,20000355
Cog-Heuristic,12.216090440900677,7,0.5833333333333334,0.5365444020369932,0.75,0.41666666666666663,0.8515748893772196,0.2600001590102601,0.0,0.22916666666666666,24.26190515177724,20000356
Cog-Heuristic,12.436461758053419,7,0.5833333333333334,0.4803668411007435,0.75,0.41666666666666663,0.8350594272861122,0.23134745757490682,0.0,0.2708333333333333,22.342936255018603,20000357
Cog-Heuristic,19.198662138316447,11,0.9166666666666666,0.8430214131776023,1.0,0.08333333333333337,0.8359769508141136,0.2166238226204293,0.0,0.20833333333333334,24.984917512920802,20000358
Cog-Heuristic,16.01873827340214,9,0.75,0.6812840272162805,0.75,0.25,0.8804426055480828,0.22206615513035352,0.0,0.25,23.681493880957824,20000359
Cog-Heuristic,15.687240382791227,9,0.75,0.622239096554747,0.8333333333333334,0.25,0.819527585396985,0.21991147823425963,0.0,0.22916666666666666,23.632934043023926,20000360
Cog-Heuristic,8.963203980759047,5,0.4166666666666667,0.27829992778003254,0.6666666666666666,0.5833333333333333,0.8375022637557875,0.21113531346429723,0.0,0.2916666666666667,22.258877269930213,20000361
Cog-Heuristic,10.116225978692901,6,0.5,0.3617167491108753,0.6666666666666666,0.5,0.8393186533179788,0.23886915896273953,0.0,0.2916666666666667,21.949243299656928,20000362
Cog-Heuristic,9.364733727372974,5,0.4166666666666667,0.3470756559379668,0.6666666666666666,0.5833333333333333,0.8536662776924597,0.2359904375259835,0.0,0.2916666666666667,22.08305461500547,20000363
Cog-Heuristic,10.147353313721606,6,0.5,0.35291659237300704,0.6666666666666666,0.5,0.8025947483754224,0.22227664896255475,0.0,0.2708333333333333,22.21558927588613,20000364
Cog-Heuristic,10.475787556809314,6,0.5,0.43642751490461584,0.5833333333333334,0.5,0.7852023763640007,0.21297759338928923,0.0,0.3125,20.048490485013346,20000365
Cog-Heuristic,13.76606840333278,7,0.5833333333333334,0.533789659396841,0.6666666666666666,0.41666666666666663,0.8729873879775593,0.23225971924798283,0.0,0.2916666666666667,23.391047476758054,20000366
Cog-Heuristic,15.711772394892755,9,0.75,0.6411754942120439,0.75,0.25,0.8528283474799719,0.23152554934036584,0.0,0.25,22.603446142984733,20000367
Cog-Heuristic,12.179471728283483,7,0.5833333333333334,0.4375693184533894,0.8333333333333334,0.41666666666666663,0.8208561938228945,0.22215420927729004,0.0,0.25,23.606988336309936,20000368
Cog-Heuristic,12.861938246815425,7,0.5833333333333334,0.5018386173957772,0.75,0.41666666666666663,0.8660591110567841,0.26226303234407805,0.0,0.2916666666666667,23.224532888786957,20000369
Cog-Heuristic,13.762105724661097,8,0.6666666666666666,0.5098786811795449,0.75,0.33333333333333337,0.8192031439343346,0.2083646957321044,0.0,0.2916666666666667,22.574921766213002,20000370
Cog-Heuristic,12.760988910756149,7,0.5833333333333334,0.4391308946368094,0.6666666666666666,0.41666666666666663,0.8699035068108906,0.20348283477383763,0.0,0.3125,20.993829035774908,20000371
Cog-Heuristic,8.822976805115102,5,0.4166666666666667,0.3074973903430582,0.6666666666666666,0.5833333333333333,0.8273607935742998,0.24267247975569725,0.0,0.2916666666666667,21.08885269278495,20000372
Cog-Heuristic,15.927685359207869,9,0.75,0.7559276304543928,0.75,0.25,0.8474880455993263,0.2086982339243065,0.0,0.2708333333333333,23.655089039134772,20000373
Cog-Heuristic,13.409786195945033,8,0.6666666666666666,0.5176898662069973,0.8333333333333334,0.33333333333333337,0.815953472176279,0.2575483362666646,0.0,0.20833333333333334,23.232065412978297,20000374
Cog-Heuristic,14.924183559738083,8,0.6666666666666666,0.6331703553672852,0.75,0.33333333333333337,0.8935382055644959,0.24041446232803812,0.0,0.25,24.385128200415554,20000375
Cog-Heuristic,15.542007088379957,9,0.75,0.6106855119253857,0.8333333333333334,0.25,0.8016189397334775,0.2114248732220302,0.0,0.25,23.246926609211627,20000376
Cog-Heuristic,12.027107487740322,7,0.5833333333333334,0.44039160032132546,0.75,0.41666666666666663,0.8121048349531907,0.21923508265873282,0.0,0.2708333333333333,21.65520855116979,20000377
Cog-Heuristic,12.465193221041703,7,0.5833333333333334,0.5359105987041355,0.75,0.41666666666666663,0.8194387619381976,0.2452202681633571,0.0,0.25,22.58891973925993,20000378
Cog-Heuristic,13.767548154107471,8,0.6666666666666666,0.4827397682564665,0.8333333333333334,0.33333333333333337,0.8550313437593638,0.2282725162512984,0.0,0.22916666666666666,23.427246324361324,20000379
Cog-Heuristic,16.64794135224384,9,0.75,0.7752352825810437,0.75,0.25,0.8775412139503612,0.22776851176497068,0.0,0.2708333333333333,24.149831736732928,20000380
Cog-Heuristic,6.577583470758835,4,0.3333333333333333,0.1987778303484849,0.5833333333333334,0.6666666666666667,0.8210155843631911,0.2312025127226809,0.0,0.2916666666666667,21.10828621238614,20000381
Cog-Heuristic,16.16587399452802,9,0.75,0.7441143569795424,0.75,0.25,0.8887184387388553,0.2141066607932638,0.0,0.2708333333333333,23.878292921309853,20000382
Cog-Heuristic,18.45989300178326,10,0.8333333333333334,0.7510662033115257,0.8333333333333334,0.16666666666666663,0.8562529011331338,0.20380992708252624,0.0,0.2916666666666667,22.882539377224195,20000383
Cog-Heuristic,13.174914955007777,7,0.5833333333333334,0.4942191933281607,0.8333333333333334,0.41666666666666663,0.8374628201549283,0.21981504845516472,0.0,0.25,23.998874355367594,20000384
Cog-Heuristic,11.813157550572216,7,0.5833333333333334,0.3592972628664708,0.8333333333333334,0.41666666666666663,0.8096049067547565,0.21787039942568134,0.0,0.22916666666666666,22.773633727568313,20000385
Cog-Heuristic,10.343939146343939,6,0.5,0.39752231486325074,0.6666666666666666,0.5,0.8034595471720252,0.23418742752586952,0.0,0.2708333333333333,21.0702013556165,20000386
Cog-Heuristic,15.384500562964108,8,0.6666666666666666,0.7452934051892628,0.75,0.33333333333333337,0.873872522356486,0.22263188730233255,0.0,0.2708333333333333,23.643737277907185,20000387
Cog-Heuristic,17.626798150976406,10,0.8333333333333334,0.7580781877798212,0.8333333333333334,0.16666666666666663,0.8733607777699385,0.21239204452238614,0.0,0.2708333333333333,23.181034873111727,20000388
Cog-Heuristic,13.837430877073665,7,0.5833333333333334,0.6782762249947866,0.6666666666666666,0.41666666666666663,0.902921023476762,0.23452777314992246,0.0,0.3125,22.99197483957977,20000389
Cog-Heuristic,15.27295928612886,8,0.6666666666666666,0.6134462716782438,0.75,0.33333333333333337,0.8836474969747807,0.20940020242652577,0.0,0.2916666666666667,23.47911013028412,20000390
Cog-Heuristic,14.215224157375571,8,0.6666666666666666,0.5697191796667941,0.8333333333333334,0.33333333333333337,0.8710616305130309,0.24179554119048582,0.0,0.25,24.84559534825371,20000391
Cog-Heuristic,16.09473986161795,9,0.75,0.6540287144530846,0.8333333333333334,0.25,0.8596678915564441,0.233168402529754,0.0,0.25,24.174173461263493,20000392
Cog-Heuristic,13.051839377151705,7,0.5833333333333334,0.4771832058334536,0.6666666666666666,0.41666666666666663,0.8574674623928233,0.20544109108453643,0.0,0.3125,22.73341342027307,20000393
Cog-Heuristic,12.855805683518279,7,0.5833333333333334,0.5134425604397369,0.6666666666666666,0.41666666666666663,0.8362317876555333,0.24848818298113504,0.0,0.2708333333333333,23.35196559323762,20000394
Cog-Heuristic,13.64133451830356,7,0.5833333333333334,0.5475235921097231,0.8333333333333334,0.41666666666666663,0.8703168188560305,0.21684186916096326,0.0,0.2916666666666667,24.236598615673998,20000395
Cog-Heuristic,11.834909624519595,7,0.5833333333333334,0.4380720976953915,0.75,0.41666666666666663,0.7872009445294935,0.2069989938269811,0.0,0.2708333333333333,21.278942470647447,20000396
Cog-Heuristic,17.198393873578496,10,0.8333333333333334,0.7319835010529416,0.8333333333333334,0.16666666666666663,0.8515544350436682,0.22232745449137994,0.0,0.2708333333333333,23.993962381323648,20000397
Cog-Heuristic,17.036015446757172,10,0.8333333333333334,0.7527770930585973,0.8333333333333334,0.16666666666666663,0.8572177244843978,0.22536747035880855,0.0,0.25,23.41415593576045,20000398
Cog-Heuristic,15.505859747470435,9,0.75,0.7008243798718969,0.75,0.25,0.826199424597427,0.23982110225376072,0.0,0.2916666666666667,22.216619886537693,20000399
Cog-Heuristic,11.811812550079392,7,0.5833333333333334,0.4245408624339147,0.8333333333333334,0.41666666666666663,0.8135449468219796,0.22802505945382898,0.0,0.22916666666666666,23.01320153066152,20000400
Cog-Heuristic,13.544279046356866,7,0.5833333333333334,0.5395314554678471,0.6666666666666666,0.41666666666666663,0.8480698636745899,0.22376600396245652,0.0,0.3125,22.767564868341744,20000401
Cog-Heuristic,7.69199671638873,4,0.3333333333333333,0.24520865392111377,0.6666666666666666,0.6666666666666667,0.8226066481721407,0.21887308394330893,0.0,0.2916666666666667,21.292917466027685,20000402
Cog-Heuristic,13.158446958596015,7,0.5833333333333334,0.5289806479878172,0.6666666666666666,0.41666666666666663,0.840880410232843,0.2260991327514159,0.0,0.3333333333333333,21.512933984757506,20000403
Cog-Heuristic,10.136425383362848,6,0.5,0.35181569133967,0.75,0.5,0.8056136152150773,0.23572855488556388,0.0,0.25,22.348424915298903,20000404
Cog-Heuristic,9.525165109144034,5,0.4166666666666667,0.3748652894633961,0.5833333333333334,0.5833333333333333,0.804711435968919,0.20498401614175377,0.0,0.3125,20.888501163045596,20000405
Cog-Heuristic,9.542659512524823,5,0.4166666666666667,0.44608266803433827,0.6666666666666666,0.5833333333333333,0.8698970000080585,0.24841251234090697,0.0,0.2708333333333333,24.421712008239478,20000406
Cog-Heuristic,15.200791412431702,8,0.6666666666666666,0.5542740839703876,0.8333333333333334,0.33333333333333337,0.8829865067638186,0.21519530969301728,0.0,0.2708333333333333,24.21741767565986,20000407
Cog-Heuristic,10.129377042009972,6,0.5,0.3245574226313276,0.8333333333333334,0.5,0.7941157415986613,0.2253547955990176,0.0,0.25,22.67715122925316,20000408
Cog-Heuristic,11.246707612365643,6,0.5,0.4293607031139315,0.75,0.5,0.8856916222802917,0.24024894498225882,0.0,0.2708333333333333,23.843851211372602,20000409
Cog-Heuristic,14.215219435050088,8,0.6666666666666666,0.5578790584243509,0.8333333333333334,0.33333333333333337,0.8407941691867663,0.21785754615970623,0.0,0.25,24.26385062622795,20000410
Cog-Heuristic,12.129759419138766,7,0.5833333333333334,0.4257946102883307,0.75,0.41666666666666663,0.8072304693733315,0.21632660604892107,0.0,0.25,21.358107735460038,20000411
Cog-Heuristic,11.178746791071765,6,0.5,0.46612812055627945,0.6666666666666666,0.5,0.8309983589539623,0.22185298434829162,0.0,0.3125,21.32491994713564,20000412
Cog-Heuristic,15.874845132129824,9,0.75,0.6558026043415079,0.8333333333333334,0.25,0.8222404555405461,0.21346211588535188,0.0,0.2708333333333333,21.995271022100127,20000413
Cog-Heuristic,9.618936688413292,5,0.4166666666666667,0.4204502870092901,0.6666666666666666,0.5833333333333333,0.8526325903427342,0.21703698985812778,0.0,0.2916666666666667,23.27569682143654,20000414
Cog-Heuristic,14.106172010330225,8,0.6666666666666666,0.598396862434903,0.75,0.33333333333333337,0.867833242858957,0.2534370042636519,0.0,0.25,23.8756094799268,20000415
Cog-Heuristic,10.438418132122424,6,0.5,0.33805353458690196,0.75,0.5,0.8381488526159737,0.22194183152897226,0.0,0.2916666666666667,22.093731724655537,20000416
Cog-Heuristic,12.556881748783958,7,0.5833333333333334,0.41253765790363783,0.8333333333333334,0.41666666666666663,0.8339127630428772,0.2154643164684135,0.0,0.25,23.48063795097579,20000417
Cog-Heuristic,14.369105397350085,8,0.6666666666666666,0.5448155161192105,0.9166666666666666,0.33333333333333337,0.8481835310806215,0.21445858048175392,0.0,0.22916666666666666,23.69163051216929,20000418
Cog-Heuristic,10.025104960383722,6,0.5,0.3321829076845998,0.6666666666666666,0.5,0.8234491727593113,0.23048474800153562,0.0,0.3125,19.661282468006302,20000419
Cog-Heuristic,17.532820305357966,10,0.8333333333333334,0.7204615349111363,0.9166666666666666,0.16666666666666663,0.8757242876205452,0.24108177191736654,0.0,0.22916666666666666,25.24722451450375,20000420
Cog-Heuristic,10.373710733303545,6,0.5,0.4422593369297194,0.5833333333333334,0.5,0.83345217844131,0.2531626839638047,0.0,0.2916666666666667,21.67987612325259,20000421
Cog-Heuristic,16.75009383455285,9,0.75,0.7205680095918826,0.8333333333333334,0.25,0.8229224748222014,0.2021590333364598,0.0,0.2708333333333333,23.189531272594902,20000422
Cog-Heuristic,13.777881707801862,8,0.6666666666666666,0.6681155496125475,0.75,0.33333333333333337,0.8238077683028905,0.22511114540997648,0.0,0.2708333333333333,21.650188017493758,20000423
Cog-Heuristic,11.11108900340659,6,0.5,0.3899085997700913,0.75,0.5,0.8370390635959559,0.21642965495079747,0.0,0.2916666666666667,22.107144723142294,20000424
Cog-Heuristic,8.576923448158011,5,0.4166666666666667,0.2624705458999091,0.6666666666666666,0.5833333333333333,0.8205473971651124,0.22071611020404105,0.0,0.2916666666666667,21.262189261705128,20000425
Cog-Heuristic,18.23861523160583,10,0.8333333333333334,0.7539338551397055,0.8333333333333334,0.16666666666666663,0.8667805210019557,0.22371600391394,0.0,0.2916666666666667,23.03217376283675,20000426
Cog-Heuristic,18.889585898927322,10,0.8333333333333334,0.7494201384651809,0.8333333333333334,0.16666666666666663,0.872258487678792,0.18690072081326947,0.0,0.3125,22.760995642064223,20000427
Cog-Heuristic,15.60752420957732,8,0.6666666666666666,0.727502437580286,0.75,0.33333333333333337,0.8805159106936741,0.22674477278290603,0.0,0.2708333333333333,25.162980271804603,20000428
Cog-Heuristic,17.338758442481062,10,0.8333333333333334,0.7413488154032193,0.8333333333333334,0.16666666666666663,0.8569673704928379,0.21317437542993467,0.0,0.25,23.657243424424014,20000429
Cog-Heuristic,14.482935966787451,9,0.75,0.5516133599003091,0.8333333333333334,0.25,0.8377096133180663,0.2457588419753339,0.0,0.22916666666666666,23.44245697685085,20000430
Cog-Heuristic,10.247510613342682,6,0.5,0.3842076625499003,0.75,0.5,0.804307460390941,0.24275802055090578,0.0,0.25,22.394795236539995,20000431
Cog-Heuristic,13.35248249769912,7,0.5833333333333334,0.5616977721155416,0.8333333333333334,0.41666666666666663,0.8802720523454383,0.230609843551735,0.0,0.25,25.68692192930016,20000432
Cog-Heuristic,10.96909599145639,6,0.5,0.41146210554197077,0.75,0.5,0.853510582972777,0.2477011866711835,0.0,0.25,23.59706875623194,20000433
Cog-Heuristic,13.560902797337432,8,0.6666666666666666,0.549174936959945,0.75,0.33333333333333337,0.8280426067628484,0.2496377246498477,0.0,0.25,23.292208617075538,20000434
Cog-Heuristic,15.36755441273305,8,0.6666666666666666,0.7264332846371272,0.75,0.33333333333333337,0.8884617938642307,0.229416739549937,0.0,0.2708333333333333,24.58507266827955,20000435
Cog-Heuristic,18.433243471264397,10,0.8333333333333334,0.8643933215023254,0.8333333333333334,0.16666666666666663,0.8828724322724598,0.22825036412212718,0.0,0.25,24.961537480872444,20000436
Cog-Heuristic,14.322709974533415,8,0.6666666666666666,0.5582441148723902,0.75,0.33333333333333337,0.8792952391199269,0.21919855906913935,0.0,0.2708333333333333,23.23143795430635,20000437
Cog-Heuristic,13.193990590158934,8,0.6666666666666666,0.5601566263407969,0.6666666666666666,0.33333333333333337,0.7579720045187356,0.22298281386889296,0.0,0.2708333333333333,21.0418842940308,20000438
Cog-Heuristic,10.842963629535,6,0.5,0.4067752280536294,0.6666666666666666,0.5,0.8186622738198981,0.24183018213647448,0.0,0.2916666666666667,21.8056393470661,20000439
Cog-Heuristic,16.6742287729428,10,0.8333333333333334,0.7522010937459938,0.9166666666666666,0.16666666666666663,0.8069454158685373,0.23495421840052552,0.0,0.22916666666666666,22.669367443043374,20000440
Cog-Heuristic,7.778024042151424,5,0.4166666666666667,0.23841250264384306,0.6666666666666666,0.5833333333333333,0.7659250820767832,0.2358142976118119,0.0,0.2916666666666667,20.1292058319464,20000441
Cog-Heuristic,17.782631937731196,10,0.8333333333333334,0.8078434261974221,0.8333333333333334,0.16666666666666663,0.8640933813335913,0.22747786599644912,0.0,0.25,24.950818893597038,20000442
Cog-Heuristic,8.199984353323014,4,0.3333333333333333,0.31456946123305873,0.75,0.6666666666666667,0.8881240974673658,0.24584908516196521,0.0,0.2708333333333333,23.034383618491155,20000443
Cog-Heuristic,10.771065677658802,6,0.5,0.37399022783858604,0.75,0.5,0.8155836754882677,0.2250282248058045,0.0,0.2708333333333333,22.217572076802792,20000444
Cog-Heuristic,11.74041348907586,7,0.5833333333333334,0.4418445851538243,0.6666666666666666,0.41666666666666663,0.8185243469381985,0.23588958675101002,0.0,0.2708333333333333,22.201171074040744,20000445
Cog-Heuristic,15.643759907798179,8,0.6666666666666666,0.546876959585609,0.8333333333333334,0.33333333333333337,0.8878275241116126,0.20248168537234154,0.0,0.2916666666666667,24.40350672276411,20000446
Cog-Heuristic,9.280439160934144,5,0.4166666666666667,0.3435688706258188,0.6666666666666666,0.5833333333333333,0.8550527432764007,0.25572779566435627,0.0,0.2708333333333333,23.23006560320301,20000447
Cog-Heuristic,11.384042486978812,6,0.5,0.44981177128179617,0.6666666666666666,0.5,0.8880490230081789,0.2169957022234663,0.0,0.3125,22.049458678406083,20000448
Cog-Heuristic,17.338200125961013,10,0.8333333333333334,0.7362359466404191,0.8333333333333334,0.16666666666666663,0.8144342062288218,0.2303149610597044,0.0,0.22916666666666666,23.92443548070425,20000449
Cog-Heuristic,12.53274166805912,7,0.5833333333333334,0.44544765353854554,0.6666666666666666,0.41666666666666663,0.8833160554504342,0.24263585823767256,0.0,0.2916666666666667,23.04093393716615,20000450
Cog-Heuristic,8.05456665011433,4,0.3333333333333333,0.44547878504107824,0.75,0.6666666666666667,0.8406011641795761,0.24680498069481316,0.0,0.25,23.142144238303587,20000451
Cog-Heuristic,15.52778990986152,8,0.6666666666666666,0.5916596090039172,0.75,0.33333333333333337,0.8842463628419616,0.23568934493396432,0.0,0.2916666666666667,23.709008806051713,20000452
Cog-Heuristic,9.220950089121677,5,0.4166666666666667,0.39046119606080854,0.5833333333333334,0.5833333333333333,0.8250500681856813,0.2435681890818042,0.0,0.3333333333333333,21.599899839801054,20000453
Cog-Heuristic,12.295536513234046,7,0.5833333333333334,0.3929317732522923,0.75,0.41666666666666663,0.8487781344415523,0.22062226111719818,0.0,0.2708333333333333,22.457045268185304,20000454
Cog-Heuristic,13.63696255882198,8,0.6666666666666666,0.5573875391643865,0.75,0.33333333333333337,0.8475125286332791,0.24816770244795902,0.0,0.25,22.401644610030228,20000455
Cog-Heuristic,16.165465776007906,9,0.75,0.703357859327311,0.8333333333333334,0.25,0.8510702705109399,0.23839032453140285,0.0,0.25,24.088169332686853,20000456
Cog-Heuristic,8.860879928147089,5,0.4166666666666667,0.329033947185316,0.5833333333333334,0.5833333333333333,0.8158710350369587,0.22117282400534502,0.0,0.3125,20.63052324716146,20000457
Cog-Heuristic,7.317988007633698,4,0.3333333333333333,0.29332600988941665,0.5833333333333334,0.6666666666666667,0.8452806100549696,0.24854929749968777,0.0,0.3333333333333333,20.951433604017414,20000458
Cog-Heuristic,16.90062964616667,9,0.75,0.7479164617230881,0.75,0.25,0.9054339866162157,0.22931398961651814,0.0,0.2708333333333333,25.011627652314395,20000459
Cog-Heuristic,17.966792769901364,10,0.8333333333333334,0.7503422016582137,0.9166666666666666,0.16666666666666663,0.8643874211228719,0.2357819363257331,0.0,0.20833333333333334,24.778868331574053,20000460
Cog-Heuristic,12.976372204647559,7,0.5833333333333334,0.5099267875680662,0.6666666666666666,0.41666666666666663,0.8931487825541344,0.24462461552904405,0.0,0.2708333333333333,23.002108435568623,20000461
Cog-Heuristic,12.187498431150981,6,0.5,0.6163683707289775,0.8333333333333334,0.5,0.8813033157749,0.24477168221398926,0.0,0.2708333333333333,24.16512829491092,20000462
Cog-Heuristic,16.1275898267972,9,0.75,0.6576976165059198,0.75,0.25,0.8541050528728883,0.24480569518746223,0.0,0.25,24.722917966420013,20000463
Cog-Heuristic,13.724480500772202,8,0.6666666666666666,0.563882622497626,0.75,0.33333333333333337,0.8066604263490552,0.23168866334351992,0.0,0.22916666666666666,23.4872396990155,20000464
Cog-Heuristic,14.594326053158667,8,0.6666666666666666,0.5384942479434254,0.8333333333333334,0.33333333333333337,0.8561512252675483,0.21218448242590093,0.0,0.2708333333333333,23.324700364310914,20000465
Cog-Heuristic,10.459318368777069,6,0.5,0.39394374970847984,0.6666666666666666,0.5,0.781716533694158,0.20976465069258257,0.0,0.2708333333333333,22.277925118439256,20000466
Cog-Heuristic,14.908754694443804,9,0.75,0.6662443299749576,0.8333333333333334,0.25,0.7947016498908129,0.23685979936984533,0.0,0.1875,24.169333336392068,20000467
Cog-Heuristic,14.156715314009578,8,0.6666666666666666,0.505654952754471,0.8333333333333334,0.33333333333333337,0.8335973021855668,0.2055192069043267,0.0,0.2708333333333333,23.242121634846473,20000468
Cog-Heuristic,10.266108606475395,6,0.5,0.35393846891992325,0.75,0.5,0.813908068665079,0.22883778963788956,0.0,0.22916666666666666,23.424617205524846,20000469
Cog-Heuristic,15.556490359527608,9,0.75,0.7913659080167297,0.75,0.25,0.8316637429449445,0.22763002570380833,0.0,0.2708333333333333,23.20006154335714,20000470
Cog-Heuristic,16.75897051471867,9,0.75,0.6558752767822246,0.75,0.25,0.8972238031914271,0.20963344691575211,0.0,0.2916666666666667,23.595856481562365,20000471
Cog-Heuristic,12.952419979994147,7,0.5833333333333334,0.4737031361383509,0.75,0.41666666666666663,0.8443890899894507,0.21259130140619775,0.0,0.2916666666666667,22.680461714612676,20000472
Cog-Heuristic,13.53261598391533,8,0.6666666666666666,0.5116159646712486,0.75,0.33333333333333337,0.8536798310572119,0.23043308532757303,0.0,0.22916666666666666,24.899467679066515,20000473
Cog-Heuristic,13.107270549440512,7,0.5833333333333334,0.4718666383814423,0.75,0.41666666666666663,0.8606006731288461,0.21125430815759508,0.0,0.2916666666666667,22.79659523648349,20000474
Cog-Heuristic,10.633363218648773,6,0.5,0.4108217432955258,0.75,0.5,0.8481805928476801,0.2572160694909874,0.0,0.25,22.43251784725761,20000475
Cog-Heuristic,15.009810556134275,9,0.75,0.6916552529944455,0.75,0.25,0.8031612500647395,0.23095528730938344,0.0,0.25,21.791037838502067,20000476
Cog-Heuristic,14.43479497696061,8,0.6666666666666666,0.5504870540049509,0.75,0.33333333333333337,0.8422776928574193,0.21909129424467721,0.0,0.2708333333333333,23.091125493501835,20000477
Cog-Heuristic,12.274848270753141,7,0.5833333333333334,0.4438850967420167,0.75,0.41666666666666663,0.8485688199249193,0.25068635926472327,0.0,0.22916666666666666,23.965566504001544,20000478
Cog-Heuristic,10.652588993187022,6,0.5,0.3434782847480703,0.75,0.5,0.8027345578176615,0.21114507150473996,0.0,0.2708333333333333,21.71774931855541,20000479
Cog-Heuristic,11.538865677486083,6,0.5,0.5021186830496122,0.6666666666666666,0.5,0.897599264777163,0.24977417733237994,0.0,0.2916666666666667,23.078160644965187,20000480
Cog-Heuristic,16.30328442999569,9,0.75,0.6532103097248001,0.9166666666666666,0.25,0.8335082155620088,0.20814260968159395,0.0,0.22916666666666666,24.254993047965662,20000481
Cog-Heuristic,11.009162720217388,6,0.5,0.3584004778905424,0.6666666666666666,0.5,0.8469450995268731,0.21407704627712731,0.0,0.2916666666666667,21.60110514224863,20000482
Cog-Heuristic,18.739489785571973,10,0.8333333333333334,0.7969622400744343,0.9166666666666666,0.16666666666666663,0.8624205513508697,0.20777314730694718,0.0,0.22916666666666666,24.718212988814148,20000483
Cog-Heuristic,9.709697318385317,5,0.4166666666666667,0.32507063744275055,0.6666666666666666,0.5833333333333333,0.8510714444760232,0.20556757907142154,0.0,0.3333333333333333,21.065160164611235,20000484
Cog-Heuristic,11.715555392097071,7,0.5833333333333334,0.451137424624035,0.6666666666666666,0.41666666666666663,0.7770635923218122,0.21281933072821033,0.0,0.2916666666666667,21.19032526099602,20000485
Cog-Heuristic,17.54319886384414,10,0.8333333333333334,0.7653337789308804,0.8333333333333334,0.16666666666666663,0.8385997311741363,0.2526040112813474,0.0,0.25,24.204923660157935,20000486
Cog-Heuristic,15.050953819904638,8,0.6666666666666666,0.6237637061475113,0.75,0.33333333333333337,0.8532481968240798,0.21880622064276775,0.0,0.2916666666666667,23.552851434258564,20000487
Cog-Heuristic,14.920498753065248,8,0.6666666666666666,0.5743108278235554,0.75,0.33333333333333337,0.8523402106974803,0.20941410137940167,0.0,0.2708333333333333,22.87571956552852,20000488
Cog-Heuristic,13.719432204238064,8,0.6666666666666666,0.5331235174214441,0.75,0.33333333333333337,0.8133838785355865,0.24470616683196433,0.0,0.25,21.662891281471865,20000489
Cog-Heuristic,10.929124925573246,7,0.5833333333333334,0.4006729231944913,0.75,0.41666666666666663,0.81688920314161,0.2695641839790111,0.0,0.25,22.44589864943075,20000490
Cog-Heuristic,11.974555984304077,7,0.5833333333333334,0.43184582816923767,0.6666666666666666,0.41666666666666663,0.8337826879692815,0.2342460474935838,0.0,0.2708333333333333,22.890363171139505,20000491
Cog-Heuristic,14.39197084872265,8,0.6666666666666666,0.5597567990759124,0.75,0.33333333333333337,0.8632056447993998,0.22303464121773697,0.0,0.2916666666666667,22.69301031388823,20000492
Cog-Heuristic,12.401555988458961,7,0.5833333333333334,0.4189868344831693,0.75,0.41666666666666663,0.839562558852967,0.2289638994304565,0.0,0.2916666666666667,21.850395282663595,20000493
Cog-Heuristic,12.237251283759822,7,0.5833333333333334,0.46973436461093826,0.8333333333333334,0.41666666666666663,0.8430758441870253,0.24540405382795036,0.0,0.22916666666666666,23.490116852712802,20000494
Cog-Heuristic,11.771693259665456,7,0.5833333333333334,0.45758188661013927,0.75,0.41666666666666663,0.7818638957233869,0.23986486346793842,0.0,0.2708333333333333,21.673048809260905,20000495
Cog-Heuristic,15.305766144163172,8,0.6666666666666666,0.7332127169318988,0.8333333333333334,0.33333333333333337,0.8713932902357876,0.22469937059083533,0.0,0.25,25.17688339892606,20000496
Cog-Heuristic,17.6947133074897,10,0.8333333333333334,0.7386200582638759,0.8333333333333334,0.16666666666666663,0.8269446371447146,0.21276909900990262,0.0,0.2708333333333333,22.103028729726415,20000497
Cog-Heuristic,12.423625865863839,7,0.5833333333333334,0.43539636204696547,0.75,0.41666666666666663,0.8240677261636823,0.22015904591516033,0.0,0.2708333333333333,21.45413333602488,20000498
Cog-Heuristic,12.130247462241693,7,0.5833333333333334,0.4431444859280421,0.75,0.41666666666666663,0.8120701286189052,0.22898865644181746,0.0,0.2708333333333333,22.478187915120312,20000499
