method,return,on_time,on_time_rate,weighted_on_time,completion_rate,miss_rate,mean_attention,mean_fatigue,high_fatigue_frac,break_frac,effort,seed
FIFO,7.170992006473464,6,0.5,0.5504164840987459,0.5833333333333334,0.5,0.6,0.3,0.0,0.0,20.79933846723357,20000000
FIFO,7.1747923324487495,6,0.5,0.5501741709087654,0.5833333333333334,0.5,0.6,0.3,0.0,0.0,20.376365025139837,20000001
FIFO,5.479218752697567,5,0.4166666666666667,0.3840022562417976,0.6666666666666666,0.5833333333333333,0.6,0.3,0.0,0.0,20.22090467922168,20000002
FIFO,6.776455380995767,6,0.5,0.43623749894472874,0.6666666666666666,0.5,0.6,0.3,0.0,0.0,20.813540225413444,20000003
FIFO,6.933605608077444,6,0.5,0.4378312718285678,0.75,0.5,0.6,0.3,0.0,0.0,21.801979027823474,20000004
FIFO,5.235169818521777,5,0.4166666666666667,0.3345761774004405,0.6666666666666666,0.5833333333333333,0.6,0.3,0.0,0.0,20.944209104962944,20000005
FIFO,3.291085172134787,4,0.3333333333333333,0.2827747320942566,0.5,0.6666666666666667,0.6,0.3,0.0,0.0,19.807833522399413,20000006
FIFO,4.252722740848165,4,0.3333333333333333,0.4016011064877087,0.5833333333333334,0.6666666666666667,0.6,0.3,0.0,0.0,20.061548618781902,20000007
FIFO,4.383167773162592,4,0.3333333333333333,0.37660383957560806,0.5833333333333334,0.6666666666666667,0.6,0.3,0.0,0.0,20.42321410821896,20000008
FIFO,7.316705200540868,6,0.5,0.45628711897423213,0.75,0.5,0.6,0.3,0.0,0.0,21.5031945470186,20000009
FIFO,7.417904535803542,6,0.5,0.5149764951013768,0.5833333333333334,0.5,0.6,0.3,0.0,0.0,19.707314290610615,20000010
FIFO,7.141157658658402,6,0.5,0.5535157744208463,0.6666666666666666,0.5,0.6,0.3,0.0,0.0,21.311538362517716,20000011
FIFO,6.8086169276409745,6,0.5,0.3638135350814577,0.75,0.5,0.6,0.3,0.0,0.0,21.29401765537976,20000012
FIFO,5.667720868457849,5,0.4166666666666667,0.47126171074263995,0.5833333333333334,0.5833333333333333,0.6,0.3,0.0,0.0,20.176183057017578,20000013
FIFO,5.502183612889469,5,0.4166666666666667,0.3849001848045627,0.6666666666666666,0.5833333333333333,0.6,0.3,0.0,0.0,20.220564999431417,20000014
FIFO,3.783922430584491,4,0.3333333333333333,0.29057404584019425,0.6666666666666666,0.6666666666666667,0.6,0.3,0.0,0.0,20.089034600387357,20000015
FIFO,8.569341369709708,7,0.5833333333333334,0.4889224416998327,0.75,0.41666666666666663,0.6,0.3,0.0,0.0,21.96513861619903,20000016
FIFO,7.133582745566359,6,0.5,0.5213262967425487,0.6666666666666666,0.5,0.6,0.3,0.0,0.0,20.891399642229384,20000017
FIFO,7.7185197543710515,6,0.5,0.4945010162086447,0.5833333333333334,0.5,0.6,0.3,0.0,0.0,20.07820616601815,20000018
FIFO,8.558826666832635,7,0.5833333333333334,0.4798604404112867,0.75,0.41666666666666663,0.6,0.3,0.0,0.0,21.545410786671436,20000019
FIFO,5.391425399365654,5,0.4166666666666667,0.40491907193964793,0.5833333333333334,0.5833333333333333,0.6,0.3,0.0,0.0,20.20948777144675,20000020
FIFO,9.980963036597899,8,0.6666666666666666,0.5996996594939108,0.75,0.33333333333333337,0.6,0.3,0.0,0.0,21.388471942895325,20000021
FIFO,4.112760708470883,4,0.3333333333333333,0.36784021317625787,0.6666666666666666,0.6666666666666667,0.6,0.3,0.0,0.0,20.704981143160904,20000022
FIFO,8.692849250912989,7,0.5833333333333334,0.511285162371959,0.6666666666666666,0.41666666666666663,0.6,0.3,0.0,0.0,21.413123499721085,20000023
FIFO,8.637499338786135,7,0.5833333333333334,0.5366117514875685,0.6666666666666666,0.41666666666666663,0.6,0.3,0.0,0.0,21.117477299704884,20000024
FIFO,5.723760290998217,5,0.4166666666666667,0.4749155933347251,0.5,0.5833333333333333,0.6,0.3,0.0,0.0,19.905633207203664,20000025
FIFO,7.539779963591597,6,0.5,0.5594686171554247,0.75,0.5,0.6,0.3,0.0,0.0,21.098935993117017,20000026
FIFO,8.830257914675077,7,0.5833333333333334,0.5586905213506039,0.75,0.41666666666666663,0.6,0.3,0.0,0.0,22.145988530145107,20000027
FIFO,4.391113242149697,4,0.3333333333333333,0.4331806648617894,0.75,0.6666666666666667,0.6,0.3,0.0,0.0,21.743050400176234,20000028
FIFO,9.741832257989449,8,0.6666666666666666,0.5467088314486162,0.75,0.33333333333333337,0.6,0.3,0.0,0.0,21.77561115228595,20000029
FIFO,5.925969455056378,5,0.4166666666666667,0.3790970098762335,0.5833333333333334,0.5833333333333333,0.6,0.3,0.0,0.0,20.117592566219923,20000030
FIFO,5.5148635912379795,5,0.4166666666666667,0.37069060612406235,0.6666666666666666,0.5833333333333333,0.6,0.3,0.0,0.0,20.882126545547553,20000031
FIFO,10.468740525037527,8,0.6666666666666666,0.5761927737000856,0.75,0.33333333333333337,0.6,0.3,0.0,0.0,21.293541287362885,20000032
FIFO,5.594520216187209,5,0.4166666666666667,0.3808080843502738,0.6666666666666666,0.5833333333333333,0.6,0.3,0.0,0.0,20.164659813616613,20000033
FIFO,6.978152428757827,6,0.5,0.4327370573846626,0.6666666666666666,0.5,0.6,0.3,0.0,0.0,20.677616107454195,20000034
FIFO,9.220221532071697,7,0.5833333333333334,0.5631081331777453,0.75,0.41666666666666663,0.6,0.3,0.0,0.0,21.214274489481678,20000035
FIFO,10.257126789449684,8,0.6666666666666666,0.5799517020536517,0.9166666666666666,0.33333333333333337,0.6,0.3,0.0,0.0,22.447793876388285,20000036
FIFO,5.486632702229547,5,0.4166666666666667,0.3935542753198222,0.5833333333333334,0.5833333333333333,0.6,0.3,0.0,0.0,20.241279622371113,20000037
FIFO,8.845658313110336,7,0.5833333333333334,0.5984289993358086,0.6666666666666666,0.41666666666666663,0.6,0.3,0.0,0.0,21.270405485904853,20000038
FIFO,9.158299549727841,7,0.5833333333333334,0.5740715450954514,0.6666666666666666,0.41666666666666663,0.6,0.3,0.0,0.0,20.77097189215497,20000039
FIFO,4.338875638094625,4,0.3333333333333333,0.3574274707479454,0.5833333333333334,0.6666666666666667,0.6,0.3,0.0,0.0,19.81820290176169,20000040
FIFO,5.453899384079346,5,0.4166666666666667,0.35713191721474513,0.6666666666666666,0.5833333333333333,0.6,0.3,0.0,0.0,21.266022800112438,20000041
FIFO,3.8714962713187013,4,0.3333333333333333,0.3333165509795737,0.6666666666666666,0.6666666666666667,0.6,0.3,0.0,0.0,20.872720358321235,20000042
FIFO,10.47432180292257,8,0.6666666666666666,0.6835559078264236,0.6666666666666666,0.33333333333333337,0.6,0.3,0.0,0.0,20.654992490722144,20000043
FIFO,5.632629551146466,5,0.4166666666666667,0.4006804845351692,0.6666666666666666,0.5833333333333333,0.6,0.3,0.0,0.0,20.95154379489264,20000044
FIFO,7.629031388827482,6,0.5,0.561141631217565,0.5,0.5,0.6,0.3,0.0,0.0,19.971795931291034,20000045
FIFO,2.1596666644623568,3,0.25,0.30622755469057683,0.5,0.75,0.6,0.3,0.0,0.0,20.03052630631751,20000046
FIFO,8.429217275616395,7,0.5833333333333334,0.4885098884042919,0.8333333333333334,0.41666666666666663,0.6,0.3,0.0,0.0,22.275609859960852,20000047
FIFO,7.529382128229441,6,0.5,0.507914715517884,0.6666666666666666,0.5,0.6,0.3,0.0,0.0,20.821682272656755,20000048
FIFO,5.436028329181099,5,0.4166666666666667,0.4244506212678839,0.6666666666666666,0.5833333333333333,0.6,0.3,0.0,0.0,20.938847181682434,20000049
FIFO,5.14772892798302,5,0.4166666666666667,0.3462456701889567,0.6666666666666666,0.5833333333333333,0.6,0.3,0.0,0.0,20.680945491480742,20000050
FIFO,5.453864839218333,5,0.4166666666666667,0.3579470208488751,0.6666666666666666,0.5833333333333333,0.6,0.3,0.0,0.0,21.136948747585635,20000051
FIFO,5.815367784326234,5,0.4166666666666667,0.4195693098208542,0.6666666666666666,0.5833333333333333,0.6,0.3,0.0,0.0,20.997208531997458,20000052
FIFO,5.685032520413271,5,0.4166666666666667,0.4479624960664735,0.6666666666666666,0.5833333333333333,0.6,0.3,0.0,0.0,21.109561196171985,20000053
FIFO,9.471424284071706,7,0.5833333333333334,0.6773542559735815,0.6666666666666666,0.41666666666666663,0.6,0.3,0.0,0.0,20.220437864520576,20000054
FIFO,3.5488253058672097,4,0.3333333333333333,0.2695147784874804,0.6666666666666666,0.6666666666666667,0.6,0.3,0.0,0.0,20.339177682037388,20000055
FIFO,7.770077441154321,6,0.5,0.5523258695458633,0.75,0.5,0.6,0.3,0.0,0.0,20.989158348723294,20000056
FIFO,3.586737471464331,4,0.3333333333333333,0.2918907658618945,0.5,0.6666666666666667,0.6,0.3,0.0,0.0,19.195644400336437,20000057
FIFO,5.899855562551165,5,0.4166666666666667,0.43289606456254315,0.75,0.5833333333333333,0.6,0.3,0.0,0.0,21.12564891725867,20000058
FIFO,6.240004678292089,5,0.4166666666666667,0.46427676627424963,0.5833333333333334,0.5833333333333333,0.6,0.3,0.0,0.0,20.229547503825618,20000059
FIFO,4.052919597766755,4,0.3333333333333333,0.35007624833030593,0.6666666666666666,0.6666666666666667,0.6,0.3,0.0,0.0,20.751435009465773,20000060
FIFO,6.003086577198436,5,0.4166666666666667,0.43265408969035574,0.5833333333333334,0.5833333333333333,0.6,0.3,0.0,0.0,19.848110154403077,20000061
FIFO,4.210163360531613,4,0.3333333333333333,0.37436575842360703,0.5833333333333334,0.6666666666666667,0.6,0.3,0.0,0.0,20.289418652714225,20000062
FIFO,6.136361286384694,5,0.4166666666666667,0.5271223676734947,0.5,0.5833333333333333,0.6,0.3,0.0,0.0,19.71502564518011,20000063
FIFO,5.2841973156069475,5,0.4166666666666667,0.32221166326221146,0.75,0.5833333333333333,0.6,0.3,0.0,0.0,21.2905356917607,20000064
FIFO,7.419572592662224,6,0.5,0.4789871345318169,0.6666666666666666,0.5,0.6,0.3,0.0,0.0,20.61333702216122,20000065
FIFO,8.830999081917756,7,0.5833333333333334,0.5099667615473055,0.6666666666666666,0.41666666666666663,0.6,0.3,0.0,0.0,20.687395168114406,20000066
FIFO,4.214849161506185,4,0.3333333333333333,0.4433393027870988,0.5833333333333334,0.6666666666666667,0.6,0.3,0.0,0.0,20.577147283147045,20000067
FIFO,2.1375054343053415,3,0.25,0.2942426992774245,0.5,0.75,0.6,0.3,0.0,0.0,19.710383213357662,20000068
FIFO,7.336058679720489,6,0.5,0.5172416905638197,0.75,0.5,0.6,0.3,0.0,0.0,21.922336336643465,20000069
FIFO,4.2109952285022105,4,0.3333333333333333,0.41930984537214316,0.5833333333333334,0.6666666666666667,0.6,0.3,0.0,0.0,20.888703265618336,20000070
FIFO,4.061469154914324,4,0.3333333333333333,0.306967610187082,0.6666666666666666,0.6666666666666667,0.6,0.3,0.0,0.0,20.424197124513405,20000071
FIFO,12.10253473132948,9,0.75,0.6540803124034843,0.8333333333333334,0.25,0.6,0.3,0.0,0.0,22.316170818827793,20000072
FIFO,5.469091650931728,5,0.4166666666666667,0.38875708929538105,0.6666666666666666,0.5833333333333333,0.6,0.3,0.0,0.0,21.204751246264838,20000073
FIFO,9.347899168034681,7,0.5833333333333334,0.5517832080933295,0.75,0.41666666666666663,0.6,0.3,0.0,0.0,21.375854498255137,20000074
FIFO,2.473333307033578,3,0.25,0.31453766307704556,0.5,0.75,0.6,0.3,0.0,0.0,19.385863024234116,20000075
FIFO,4.027842247768249,4,0.3333333333333333,0.3701686836219539,0.5,0.6666666666666667,0.6,0.3,0.0,0.0,18.547360760092563,20000076
FIFO,9.05848191190611,7,0.5833333333333334,0.6001184551474654,0.75,0.41666666666666663,0.6,0.3,0.0,0.0,21.5149831185162,20000077
FIFO,8.728151161483968,7,0.5833333333333334,0.5589342591765168,0.6666666666666666,0.41666666666666663,0.6,0.3,0.0,0.0,21.537705138701998,20000078
FIFO,5.751397986262781,5,0.4166666666666667,0.4336791606907447,0.6666666666666666,0.5833333333333333,0.6,0.3,0.0,0.0,20.24389291277265,20000079
FIFO,3.7339084579912836,4,0.3333333333333333,0.3523754216497473,0.5,0.6666666666666667,0.6,0.3,0.0,0.0,20.06082804873531,20000080
FIFO,5.364963083946829,5,0.4166666666666667,0.35371037774723435,0.5833333333333334,0.5833333333333333,0.6,0.3,0.0,0.0,20.44766645410887,20000081
FIFO,5.438218598004482,5,0.4166666666666667,0.3163937825316933,0.8333333333333334,0.5833333333333333,0.6,0.3,0.0,0.0,22.6399580439226,20000082
FIFO,2.317877576692322,3,0.25,0.26359214144730814,0.6666666666666666,0.75,0.6,0.3,0.0,0.0,20.83756421615401,20000083
FIFO,3.9255076295855256,4,0.3333333333333333,0.3377663059486427,0.6666666666666666,0.6666666666666667,0.6,0.3,0.0,0.0,20.487394954113892,20000084
FIFO,7.240616399303438,6,0.5,0.46377248474576377,0.5833333333333334,0.5,0.6,0.3,0.0,0.0,19.950065898405626,20000085
FIFO,7.308482868610895,6,0.5,0.47060187513604934,0.6666666666666666,0.5,0.6,0.3,0.0,0.0,20.49873805150885,20000086
FIFO,7.464521494250665,6,0.5,0.5004946173234293,0.6666666666666666,0.5,0.6,0.3,0.0,0.0,21.51677879451515,20000087
FIFO,6.017847789504755,5,0.4166666666666667,0.4529105092742712,0.5833333333333334,0.5833333333333333,0.6,0.3,0.0,0.0,20.16501065812524,20000088
FIFO,7.4512234773894,6,0.5,0.5166053447986229,0.75,0.5,0.6,0.3,0.0,0.0,21.499094951997016,20000089
FIFO,5.758540181622544,5,0.4166666666666667,0.46062576847140513,0.6666666666666666,0.5833333333333333,0.6,0.3,0.0,0.0,19.991974565705057,20000090
FIFO,9.169132893307024,7,0.5833333333333334,0.5651202488977565,0.75,0.41666666666666663,0.6,0.3,0.0,0.0,21.9545050946074,20000091
FIFO,7.696458728746789,6,0.5,0.4773700439168573,0.6666666666666666,0.5,0.6,0.3,0.0,0.0,20.34563070216854,20000092
FIFO,9.796976947911348,8,0.6666666666666666,0.5456359163971899,0.75,0.33333333333333337,0.6,0.3,0.0,0.0,21.851920620466412,20000093
FIFO,9.061866565116256,7,0.5833333333333334,0.6408462415514531,0.6666666666666666,0.41666666666666663,0.6,0.3,0.0,0.0,21.49845574299859,20000094
FIFO,3.840575263471358,4,0.3333333333333333,0.35715480323897825,0.5,0.6666666666666667,0.6,0.3,0.0,0.0,19.29668461960267,20000095
FIFO,5.601145493438206,5,0.4166666666666667,0.4170537328688819,0.6666666666666666,0.5833333333333333,0.6,0.3,0.0,0.0,21.030925291930323,20000096
FIFO,6.0324159363086,5,0.4166666666666667,0.46823879986203104,0.5833333333333334,0.5833333333333333,0.6,0.3,0.0,0.0,20.130025173672113,20000097
FIFO,7.474738194554333,6,0.5,0.4689340413390592,0.6666666666666666,0.5,0.6,0.3,0.0,0.0,20.232912340604074,20000098
FIFO,10.254482930321208,8,0.6666666666666666,0.5721937522886825,0.75,0.33333333333333337,0.6,0.3,0.0,0.0,20.951335461158713,20000099
FIFO,5.803791229614875,5,0.4166666666666667,0.4344843171002066,0.6666666666666666,0.5833333333333333,0.6,0.3,0.0,0.0,20.787618346087022,20000100
FIFO,6.680674987288873,6,0.5,0.4029897703878298,0.5833333333333334,0.5,0.6,0.3,0.0,0.0,19.753387490485373,20000101
FIFO,7.996761323727843,6,0.5,0.6272474082189855,0.75,0.5,0.6,0.3,0.0,0.0,21.070485773834697,20000102
FIFO,10.259054393729334,8,0.6666666666666666,0.6042938586792526,0.6666666666666666,0.33333333333333337,0.6,0.3,0.0,0.0,21.940981250032177,20000103
FIFO,9.114493593234549,7,0.5833333333333334,0.5803467390237342,0.6666666666666666,0.41666666666666663,0.6,0.3,0.0,0.0,20.620574897104543,20000104
FIFO,8.8524101039993,7,0.5833333333333334,0.6047537329286232,0.75,0.41666666666666663,0.6,0.3,0.0,0.0,22.018997848417523,20000105
FIFO,5.553770360466668,5,0.4166666666666667,0.40447762267866705,0.5833333333333334,0.5833333333333333,0.6,0.3,0.0,0.0,20.623253637263417,20000106
FIFO,7.106303953910281,6,0.5,0.5258303869702268,0.6666666666666666,0.5,0.6,0.3,0.0,0.0,20.963001148901565,20000107
FIFO,6.941874360229715,6,0.5,0.510129989326829,0.6666666666666666,0.5,0.6,0.3,0.0,0.0,21.049509781692745,20000108
FIFO,4.037552520429638,4,0.3333333333333333,0.359829243952487,0.5,0.6666666666666667,0.6,0.3,0.0,0.0,19.79540423789725,20000109
FIFO,3.9878139059435567,4,0.3333333333333333,0.3470926929465112,0.5833333333333334,0.6666666666666667,0.6,0.3,0.0,0.0,19.99400326055293,20000110
FIFO,7.622924416423995,6,0.5,0.5309579962590755,0.6666666666666666,0.5,0.6,0.3,0.0,0.0,21.238670021053757,20000111
FIFO,7.667672148615464,6,0.5,0.5388623906972202,0.5,0.5,0.6,0.3,0.0,0.0,19.77284916566089,20000112
FIFO,3.8754329618328027,4,0.3333333333333333,0.3352111346945863,0.75,0.6666666666666667,0.6,0.3,0.0,0.0,21.429539134816245,20000113
FIFO,3.9170693928160123,4,0.3333333333333333,0.3737588444656771,0.5,0.6666666666666667,0.6,0.3,0.0,0.0,19.96734208162635,20000114
FIFO,4.002805064123715,4,0.3333333333333333,0.2971021632044635,0.6666666666666666,0.6666666666666667,0.6,0.3,0.0,0.0,20.9802926413554,20000115
FIFO,5.249513366949211,5,0.4166666666666667,0.38300629987725937,0.6666666666666666,0.5833333333333333,0.6,0.3,0.0,0.0,20.99264634598092,20000116
FIFO,6.029517114899608,5,0.4166666666666667,0.5037891026197061,0.6666666666666666,0.5833333333333333,0.6,0.3,0.0,0.0,20.825160537287232,20000117
FIFO,3.5900054066178786,4,0.3333333333333333,0.3256592089679537,0.5833333333333334,0.6666666666666667,0.6,0.3,0.0,0.0,19.876787260664006,20000118
FIFO,5.413985441581681,5,0.4166666666666667,0.37262833364758274,0.5833333333333334,0.5833333333333333,0.6,0.3,0.0,0.0,19.955551002298233,20000119
FIFO,3.8873207336247253,4,0.3333333333333333,0.32630679602154067,0.5833333333333334,0.6666666666666667,0.6,0.3,0.0,0.0,19.489510277123294,20000120
FIFO,3.518787587655063,4,0.3333333333333333,0.2545841435015272,0.5833333333333334,0.6666666666666667,0.6,0.3,0.0,0.0,20.62980007977982,20000121
FIFO,4.213122255173214,4,0.3333333333333333,0.409661137749977,0.5833333333333334,0.6666666666666667,0.6,0.3,0.0,0.0,19.892272708598426,20000122
FIFO,6.889064193141062,6,0.5,0.44255461704717636,0.75,0.5,0.6,0.3,0.0,0.0,21.25495594540293,20000123
FIFO,1.958029660070994,3,0.25,0.2271422686110804,0.6666666666666666,0.75,0.6,0.3,0.0,0.0,20.53915340070169,20000124
FIFO,8.280534887973468,7,0.5833333333333334,0.45775532249792233,0.75,0.41666666666666663,0.6,0.3,0.0,0.0,21.29220197348438,20000125
FIFO,5.952667442092475,5,0.4166666666666667,0.39773158911453826,0.6666666666666666,0.5833333333333333,0.6,0.3,0.0,0.0,20.842541142135747,20000126
FIFO,6.103604746373268,5,0.4166666666666667,0.45144358730931267,0.6666666666666666,0.5833333333333333,0.6,0.3,0.0,0.0,20.65896476661692,20000127
FIFO,6.670457347096674,6,0.5,0.4002606123135002,0.75,0.5,0.6,0.3,0.0,0.0,21.707735527675997,20000128
FIFO,7.13050486239705,6,0.5,0.4568627026812646,0.6666666666666666,0.5,0.6,0.3,0.0,0.0,20.644843461756256,20000129
FIFO,7.588262955456546,6,0.5,0.566397272735559,0.6666666666666666,0.5,0.6,0.3,0.0,0.0,21.00463935598888,20000130
FIFO,9.244565989379721,7,0.5833333333333334,0.5353992180184972,0.6666666666666666,0.41666666666666663,0.6,0.3,0.0,0.0,21.074047251754294,20000131
FIFO,9.260559001033617,7,0.5833333333333334,0.5801025277285692,0.75,0.41666666666666663,0.6,0.3,0.0,0.0,21.927406057344285,20000132
FIFO,7.082036612927064,6,0.5,0.41630655945752965,0.8333333333333334,0.5,0.6,0.3,0.0,0.0,21.634521115103425,20000133
FIFO,3.917398791118547,4,0.3333333333333333,0.3984913609611477,0.5833333333333334,0.6666666666666667,0.6,0.3,0.0,0.0,20.056130721209403,20000134
FIFO,5.599790243396027,5,0.4166666666666667,0.3913650150367377,0.6666666666666666,0.5833333333333333,0.6,0.3,0.0,0.0,21.621769961793312,20000135
FIFO,8.744123479672714,7,0.5833333333333334,0.5504580679502801,0.6666666666666666,0.41666666666666663,0.6,0.3,0.0,0.0,20.565801979496065,20000136
FIFO,10.47032274130137,8,0.6666666666666666,0.5892114472318647,0.75,0.33333333333333337,0.6,0.3,0.0,0.0,21.64764239001998,20000137
FIFO,2.5036543547488677,3,0.25,0.3113950145226874,0.5833333333333334,0.75,0.6,0.3,0.0,0.0,20.47576636388611,20000138
FIFO,7.133417213783659,6,0.5,0.49566320113340506,0.6666666666666666,0.5,0.6,0.3,0.0,0.0,21.118140750234023,20000139
FIFO,8.967376826277203,7,0.5833333333333334,0.6671764651835964,0.75,0.41666666666666663,0.6,0.3,0.0,0.0,21.588466583046582,20000140
FIFO,5.65152438939171,5,0.4166666666666667,0.45558347608529176,0.5,0.5833333333333333,0.6,0.3,0.0,0.0,19.638515336845387,20000141
FIFO,9.10146022972906,7,0.5833333333333334,0.5525336153158312,0.6666666666666666,0.41666666666666663,0.6,0.3,0.0,0.0,20.647136293851045,20000142
FIFO,2.471484292634846,3,0.25,0.30484750605680944,0.5,0.75,0.6,0.3,0.0,0.0,19.25213230461841,20000143
FIFO,7.0197146947069555,6,0.5,0.4688530500273431,0.6666666666666666,0.5,0.6,0.3,0.0,0.0,21.32063416308806,20000144
FIFO,4.339528167964543,4,0.3333333333333333,0.46315978886009684,0.5833333333333334,0.6666666666666667,0.6,0.3,0.0,0.0,19.924593339291665,20000145
FIFO,7.427948871237112,6,0.5,0.4721618058992207,0.6666666666666666,0.5,0.6,0.3,0.0,0.0,21.204055494371303,20000146
FIFO,8.96931966734359,7,0.5833333333333334,0.6129544839479308,0.6666666666666666,0.41666666666666663,0.6,0.3,0.0,0.0,21.232357022638908,20000147
FIFO,5.266592458004039,5,0.4166666666666667,0.3711320625372943,0.5833333333333334,0.5833333333333333,0.6,0.3,0.0,0.0,20.41926058253543,20000148
FIFO,7.165111936368447,6,0.5,0.46145035848741667,0.6666666666666666,0.5,0.6,0.3,0.0,0.0,20.715956849444105,20000149
FIFO,5.771872299750885,5,0.4166666666666667,0.4157714274094527,0.75,0.5833333333333333,0.6,0.3,0.0,0.0,20.921148312370768,20000150
FIFO,8.461986451015333,7,0.5833333333333334,0.5732759594104204,0.6666666666666666,0.41666666666666663,0.6,0.3,0.0,0.0,21.319623832126986,20000151
FIFO,5.588221943001897,5,0.4166666666666667,0.41642599263988933,0.5833333333333334,0.5833333333333333,0.6,0.3,0.0,0.0,20.50256611705761,20000152
FIFO,5.3008813717607755,5,0.4166666666666667,0.41839755266917716,0.5833333333333334,0.5833333333333333,0.6,0.3,0.0,0.0,20.415619345873605,20000153
FIFO,7.484854477366294,6,0.5,0.5046119288692903,0.75,0.5,0.6,0.3,0.0,0.0,21.784562586209397,20000154
FIFO,4.34513031259498,4,0.3333333333333333,0.3907527774278241,0.6666666666666666,0.6666666666666667,0.6,0.3,0.0,0.0,20.253717659015855,20000155
FIFO,7.338608091435923,6,0.5,0.5181585617218025,0.5833333333333334,0.5,0.6,0.3,0.0,0.0,19.931271459672075,20000156
FIFO,5.09221475013256,5,0.4166666666666667,0.3499214284620098,0.6666666666666666,0.5833333333333333,0.6,0.3,0.0,0.0,21.254402062635418,20000157
FIFO,7.369309086586197,6,0.5,0.48191335110694433,0.6666666666666666,0.5,0.6,0.3,0.0,0.0,20.59672612943747,20000158
FIFO,5.940989289323169,5,0.4166666666666667,0.4416194341234887,0.5833333333333334,0.5833333333333333,0.6,0.3,0.0,0.0,19.750758251622173,20000159
FIFO,6.97270245028791,6,0.5,0.5221545096023956,0.5833333333333334,0.5,0.6,0.3,0.0,0.0,20.497925292266864,20000160
FIFO,3.6546252339936,4,0.3333333333333333,0.3191499340045986,0.6666666666666666,0.6666666666666667,0.6,0.3,0.0,0.0,20.537251972440565,20000161
FIFO,4.369132596462861,4,0.3333333333333333,0.35162665694150824,0.6666666666666666,0.6666666666666667,0.6,0.3,0.0,0.0,20.629466028293763,20000162
FIFO,7.676486100191894,6,0.5,0.5444643225955657,0.6666666666666666,0.5,0.6,0.3,0.0,0.0,20.393759421151923,20000163
FIFO,3.3090264392396325,4,0.3333333333333333,0.23105304050013106,0.5833333333333334,0.6666666666666667,0.6,0.3,0.0,0.0,20.143804739560462,20000164
FIFO,5.475537626799823,5,0.4166666666666667,0.4238596229596643,0.75,0.5833333333333333,0.6,0.3,0.0,0.0,21.896212320877158,20000165
FIFO,7.791896349809529,6,0.5,0.561484224218373,0.6666666666666666,0.5,0.6,0.3,0.0,0.0,20.978312201460433,20000166
FIFO,5.7684145350273495,5,0.4166666666666667,0.4777310467721636,0.75,0.5833333333333333,0.6,0.3,0.0,0.0,21.33841670019889,20000167
FIFO,5.204580252619136,5,0.4166666666666667,0.3573935231645367,0.5833333333333334,0.5833333333333333,0.6,0.3,0.0,0.0,19.944453686172935,20000168
FIFO,8.395322410816018,7,0.5833333333333334,0.5236563730200305,0.6666666666666666,0.41666666666666663,0.6,0.3,0.0,0.0,20.966562424042557,20000169
FIFO,4.373259854365017,4,0.3333333333333333,0.40157863643941477,0.5833333333333334,0.6666666666666667,0.6,0.3,0.0,0.0,19.816346094258392,20000170
FIFO,6.725426909600786,6,0.5,0.43320496389109225,0.6666666666666666,0.5,0.6,0.3,0.0,0.0,20.88522497617345,20000171
FIFO,7.65609521422347,6,0.5,0.5532601537236012,0.75,0.5,0.6,0.3,0.0,0.0,21.558678589416466,20000172
FIFO,5.838065637105599,5,0.4166666666666667,0.4818744488766255,0.5833333333333334,0.5833333333333333,0.6,0.3,0.0,0.0,19.86424305042424,20000173
FIFO,10.610877133328005,8,0.6666666666666666,0.6527224652567135,0.6666666666666666,0.33333333333333337,0.6,0.3,0.0,0.0,21.496057339548326,20000174
FIFO,6.707904621685949,6,0.5,0.41916957594423637,0.6666666666666666,0.5,0.6,0.3,0.0,0.0,21.025914527007913,20000175
FIFO,7.342846383112441,6,0.5,0.5199522017325939,0.6666666666666666,0.5,0.6,0.3,0.0,0.0,21.17482755297598,20000176
FIFO,7.294352892312922,6,0.5,0.49630145791751323,0.6666666666666666,0.5,0.6,0.3,0.0,0.0,20.89167596487087,20000177
FIFO,7.764194802427418,6,0.5,0.5445564181385631,0.6666666666666666,0.5,0.6,0.3,0.0,0.0,20.413919129788308,20000178
FIFO,2.5866782494159426,3,0.25,0.2902875976159536,0.6666666666666666,0.75,0.6,0.3,0.0,0.0,20.86363491685741,20000179
FIFO,5.301995903810573,5,0.4166666666666667,0.36598821674638826,0.5833333333333334,0.5833333333333333,0.6,0.3,0.0,0.0,20.418989397048314,20000180
FIFO,5.260444746950508,5,0.4166666666666667,0.48619275023976355,0.5833333333333334,0.5833333333333333,0.6,0.3,0.0,0.0,20.24305359058759,20000181
FIFO,7.8599109510403835,6,0.5,0.5607840267178629,0.5833333333333334,0.5,0.6,0.3,0.0,0.0,19.950689690340436,20000182
FIFO,3.9481240703205884,4,0.3333333333333333,0.3630296781696736,0.5,0.6666666666666667,0.6,0.3,0.0,0.0,20.00364441193584,20000183
FIFO,3.794206131034631,4,0.3333333333333333,0.30576428485799345,0.6666666666666666,0.6666666666666667,0.6,0.3,0.0,0.0,21.220179524375858,20000184
FIFO,7.47981248498561,6,0.5,0.5780316960563036,0.5833333333333334,0.5,0.6,0.3,0.0,0.0,19.72154064881662,20000185
FIFO,7.196519173789844,6,0.5,0.4577449160337676,0.75,0.5,0.6,0.3,0.0,0.0,20.732055485066947,20000186
FIFO,5.26943949785759,5,0.4166666666666667,0.38148459457402867,0.5,0.5833333333333333,0.6,0.3,0.0,0.0,19.65996470416242,20000187
FIFO,7.183357297511135,6,0.5,0.4743955327942656,0.6666666666666666,0.5,0.6,0.3,0.0,0.0,21.113424488590116,20000188
FIFO,5.489789154530145,5,0.4166666666666667,0.3673513939600873,0.6666666666666666,0.5833333333333333,0.6,0.3,0.0,0.0,20.964622307061315,20000189
FIFO,8.93714762999217,7,0.5833333333333334,0.6063042715243558,0.6666666666666666,0.41666666666666663,0.6,0.3,0.0,0.0,21.231218303955004,20000190
FIFO,14.623614078417429,11,0.9166666666666666,0.8799199407730612,1.0,0.08333333333333337,0.6,0.3,0.0,0.0,22.642499141465983,20000191
FIFO,5.5894439216572325,5,0.4166666666666667,0.40176575922513147,0.6666666666666666,0.5833333333333333,0.6,0.3,0.0,0.0,20.33830866519527,20000192
FIFO,3.949458065196154,4,0.3333333333333333,0.360800795899609,0.5833333333333334,0.6666666666666667,0.6,0.3,0.0,0.0,19.944689801712673,20000193
FIFO,3.503994216362379,4,0.3333333333333333,0.26790709021306325,0.5833333333333334,0.6666666666666667,0.6,0.3,0.0,0.0,20.021583445673137,20000194
FIFO,6.228478092437425,5,0.4166666666666667,0.476158922954956,0.6666666666666666,0.5833333333333333,0.6,0.3,0.0,0.0,20.64559309018001,20000195
FIFO,3.7414070601425715,4,0.3333333333333333,0.3502099562425312,0.5833333333333334,0.6666666666666667,0.6,0.3,0.0,0.0,20.65708155019335,20000196
FIFO,7.515134279449069,6,0.5,0.48458428155098004,0.6666666666666666,0.5,0.6,0.3,0.0,0.0,20.78463777805111,20000197
FIFO,2.59625444667883,3,0.25,0.3141529494196496,0.6666666666666666,0.75,0.6,0.3,0.0,0.0,20.502684638541794,20000198
FIFO,5.619404840689698,5,0.4166666666666667,0.4176901554917885,0.5833333333333334,0.5833333333333333,0.6,0.3,0.0,0.0,19.466577393505546,20000199
FIFO,4.25477892905709,4,0.3333333333333333,0.4037277281455887,0.5833333333333334,0.6666666666666667,0.6,0.3,0.0,0.0,20.17438511536959,20000200
FIFO,5.339585789487842,5,0.4166666666666667,0.3659296624688238,0.5833333333333334,0.5833333333333333,0.6,0.3,0.0,0.0,19.87143912972702,20000201
FIFO,4.270050212083577,4,0.3333333333333333,0.3658062814557676,0.6666666666666666,0.6666666666666667,0.6,0.3,0.0,0.0,20.33341377322365,20000202
FIFO,4.316147125076466,4,0.3333333333333333,0.4649051983100761,0.6666666666666666,0.6666666666666667,0.6,0.3,0.0,0.0,20.396917178722358,20000203
FIFO,7.0252330241722944,6,0.5,0.4272906323372059,0.6666666666666666,0.5,0.6,0.3,0.0,0.0,21.378609315543486,20000204
FIFO,8.726105696424447,7,0.5833333333333334,0.5475020137088372,0.75,0.41666666666666663,0.6,0.3,0.0,0.0,21.670523520128487,20000205
FIFO,1.9005672088382295,3,0.25,0.23135941904325075,0.5,0.75,0.6,0.3,0.0,0.0,18.823241744864443,20000206
FIFO,0.4778224108603557,2,0.16666666666666666,0.1745446123552632,0.5833333333333334,0.8333333333333334,0.6,0.3,0.0,0.0,20.635303794689612,20000207
FIFO,4.333587669156162,4,0.3333333333333333,0.353307138314229,0.6666666666666666,0.6666666666666667,0.6,0.3,0.0,0.0,20.66413997454969,20000208
FIFO,8.901937667177025,7,0.5833333333333334,0.5021422722505539,0.6666666666666666,0.41666666666666663,0.6,0.3,0.0,0.0,20.13713577981938,20000209
FIFO,8.732651065251488,7,0.5833333333333334,0.5223002917863989,0.8333333333333334,0.41666666666666663,0.6,0.3,0.0,0.0,21.801897419665018,20000210
FIFO,3.6881755382925308,4,0.3333333333333333,0.30225587413822247,0.6666666666666666,0.6666666666666667,0.6,0.3,0.0,0.0,20.500129151432652,20000211
FIFO,12.14756457990068,9,0.75,0.7499749612668248,0.75,0.25,0.6,0.3,0.0,0.0,22.038731318498506,20000212
FIFO,7.0893177000809136,6,0.5,0.42571913179063414,0.75,0.5,0.6,0.3,0.0,0.0,21.663692012914375,20000213
FIFO,5.457110897084851,5,0.4166666666666667,0.3595110216233565,0.6666666666666666,0.5833333333333333,0.6,0.3,0.0,0.0,21.63488873566814,20000214
FIFO,6.032887657662972,5,0.4166666666666667,0.4616278741787169,0.5833333333333334,0.5833333333333333,0.6,0.3,0.0,0.0,19.89173715869443,20000215
FIFO,3.840036994320754,4,0.3333333333333333,0.33980945556638686,0.6666666666666666,0.6666666666666667,0.6,0.3,0.0,0.0,20.087725007704737,20000216
FIFO,8.645391084027384,7,0.5833333333333334,0.5388310328974227,0.75,0.41666666666666663,0.6,0.3,0.0,0.0,21.554966780753123,20000217
FIFO,7.1167700914930805,6,0.5,0.48667805161866673,0.75,0.5,0.6,0.3,0.0,0.0,21.75235855520252,20000218
FIFO,5.561920776216582,5,0.4166666666666667,0.4160290146531616,0.6666666666666666,0.5833333333333333,0.6,0.3,0.0,0.0,21.301947226996287,20000219
FIFO,8.435840797063673,7,0.5833333333333334,0.46550326557727306,0.75,0.41666666666666663,0.6,0.3,0.0,0.0,21.325940256688583,20000220
FIFO,7.939579117302184,7,0.5833333333333334,0.4611748949567825,0.6666666666666666,0.41666666666666663,0.6,0.3,0.0,0.0,20.7329722823507,20000221
FIFO,5.255053959367523,5,0.4166666666666667,0.38537853625819857,0.6666666666666666,0.5833333333333333,0.6,0.3,0.0,0.0,20.822760182670105,20000222
FIFO,7.589083165516183,6,0.5,0.5837864851846377,0.6666666666666666,0.5,0.6,0.3,0.0,0.0,20.537949675903867,20000223
FIFO,2.2595854190138844,3,0.25,0.2935841132108931,0.5833333333333334,0.75,0.6,0.3,0.0,0.0,20.153746021349406,20000224
FIFO,5.401228427812008,5,0.4166666666666667,0.36240608005022956,0.75,0.5833333333333333,0.6,0.3,0.0,0.0,21.45810041122872,20000225
FIFO,2.22909356890791,3,0.25,0.2649260052811407,0.5833333333333334,0.75,0.6,0.3,0.0,0.0,20.51481672138169,20000226
FIFO,5.818077138037588,5,0.4166666666666667,0.49724656054060296,0.6666666666666666,0.5833333333333333,0.6,0.3,0.0,0.0,20.91302989819757,20000227
FIFO,8.802238120151651,7,0.5833333333333334,0.5371687996262957,0.75,0.41666666666666663,0.6,0.3,0.0,0.0,20.993733796451362,20000228
FIFO,3.8598119076998074,4,0.3333333333333333,0.30761790486515017,0.5833333333333334,0.6666666666666667,0.6,0.3,0.0,0.0,19.90143944958187,20000229
FIFO,5.553349195536201,5,0.4166666666666667,0.32803024510612444,0.75,0.5833333333333333,0.6,0.3,0.0,0.0,21.416723444826722,20000230
FIFO,8.499998022591903,7,0.5833333333333334,0.587226871272545,0.5833333333333334,0.41666666666666663,0.6,0.3,0.0,0.0,19.77135973690757,20000231
FIFO,1.7699320394694928,3,0.25,0.19252465881066902,0.5833333333333334,0.75,0.6,0.3,0.0,0.0,20.15591961499622,20000232
FIFO,7.455839354916359,6,0.5,0.48616087716623824,0.6666666666666666,0.5,0.6,0.3,0.0,0.0,21.354949853269193,20000233
FIFO,7.599490284073859,6,0.5,0.5180473207616774,0.5833333333333334,0.5,0.6,0.3,0.0,0.0,19.60024486918898,20000234
FIFO,7.182812046989326,6,0.5,0.5696802177195007,0.6666666666666666,0.5,0.6,0.3,0.0,0.0,20.680133446066353,20000235
FIFO,12.347251733535572,9,0.75,0.7268915611215374,0.75,0.25,0.6,0.3,0.0,0.0,21.615375153294814,20000236
FIFO,6.069453511392779,5,0.4166666666666667,0.4436916773524487,0.5833333333333334,0.5833333333333333,0.6,0.3,0.0,0.0,19.889832947838933,20000237
FIFO,5.655843837033429,5,0.4166666666666667,0.38872820661440083,0.6666666666666666,0.5833333333333333,0.6,0.3,0.0,0.0,20.593021290812082,20000238
FIFO,4.153645453303343,4,0.3333333333333333,0.40247763710513373,0.5,0.6666666666666667,0.6,0.3,0.0,0.0,20.038678308639824,20000239
FIFO,4.128165547553874,4,0.3333333333333333,0.3585262469254129,0.5833333333333334,0.6666666666666667,0.6,0.3,0.0,0.0,19.951140915815824,20000240
FIFO,7.618638093258996,6,0.5,0.5206359890509418,0.5833333333333334,0.5,0.6,0.3,0.0,0.0,19.98636208116468,20000241
FIFO,10.494447608804935,8,0.6666666666666666,0.7389473412545072,0.8333333333333334,0.33333333333333337,0.6,0.3,0.0,0.0,22.00827598935604,20000242
FIFO,5.55750625814664,5,0.4166666666666667,0.3807839720069589,0.5833333333333334,0.5833333333333333,0.6,0.3,0.0,0.0,20.19463973061278,20000243
FIFO,6.113464498551061,5,0.4166666666666667,0.5169653886172856,0.6666666666666666,0.5833333333333333,0.6,0.3,0.0,0.0,20.090126085269134,20000244
FIFO,7.397956914548722,6,0.5,0.541771831921406,0.5833333333333334,0.5,0.6,0.3,0.0,0.0,20.548363051871217,20000245
FIFO,3.3071155038333604,4,0.3333333333333333,0.30958702625420126,0.5833333333333334,0.6666666666666667,0.6,0.3,0.0,0.0,20.170755316511556,20000246
FIFO,5.0204809599979745,5,0.4166666666666667,0.36543244636611444,0.5833333333333334,0.5833333333333333,0.6,0.3,0.0,0.0,20.540179052360966,20000247
FIFO,10.28992170397233,8,0.6666666666666666,0.6687548916657523,0.75,0.33333333333333337,0.6,0.3,0.0,0.0,20.833625179730614,20000248
FIFO,6.750920959488929,6,0.5,0.372345420687991,0.6666666666666666,0.5,0.6,0.3,0.0,0.0,20.53011074819963,20000249
FIFO,5.689496982150034,5,0.4166666666666667,0.4678742462118492,0.6666666666666666,0.5833333333333333,0.6,0.3,0.0,0.0,20.86933514542526,20000250
FIFO,7.646840696161961,6,0.5,0.5821322485325995,0.6666666666666666,0.5,0.6,0.3,0.0,0.0,21.120367984916108,20000251
FIFO,10.878704168337645,8,0.6666666666666666,0.6925915639669411,0.75,0.33333333333333337,0.6,0.3,0.0,0.0,21.923689028889818,20000252
FIFO,8.9814883263323,7,0.5833333333333334,0.5049951551166715,0.6666666666666666,0.41666666666666663,0.6,0.3,0.0,0.0,20.453321457909404,20000253
FIFO,0.18524981232453852,2,0.16666666666666666,0.1915188784617473,0.5,0.8333333333333334,0.6,0.3,0.0,0.0,19.655035820533534,20000254
FIFO,0.7606897289739436,2,0.16666666666666666,0.2013471982658631,0.5833333333333334,0.8333333333333334,0.6,0.3,0.0,0.0,19.843080764116827,20000255
FIFO,3.990802925439552,4,0.3333333333333333,0.43194530330353675,0.4166666666666667,0.6666666666666667,0.6,0.3,0.0,0.0,18.78384564444507,20000256
FIFO,7.733146416151968,6,0.5,0.5435087189723592,0.75,0.5,0.6,0.3,0.0,0.0,21.349238195084418,20000257
FIFO,5.714086343811916,5,0.4166666666666667,0.4549046768590085,0.6666666666666666,0.5833333333333333,0.6,0.3,0.0,0.0,20.634345670972056,20000258
FIFO,7.523237711593788,6,0.5,0.5346372537820134,0.6666666666666666,0.5,0.6,0.3,0.0,0.0,20.564368390808596,20000259
FIFO,2.326475054041409,3,0.25,0.2521093233151514,0.5833333333333334,0.75,0.6,0.3,0.0,0.0,20.604736688924596,20000260
FIFO,2.120159681004113,3,0.25,0.2425945395186477,0.5,0.75,0.6,0.3,0.0,0.0,19.51896373844669,20000261
FIFO,4.189072818717135,4,0.3333333333333333,0.394048645977066,0.5833333333333334,0.6666666666666667,0.6,0.3,0.0,0.0,20.467183857099354,20000262
FIFO,7.1887890327690425,6,0.5,0.4950890813275956,0.75,0.5,0.6,0.3,0.0,0.0,22.428507682392098,20000263
FIFO,2.0761410522011654,3,0.25,0.22839869548893646,0.5833333333333334,0.75,0.6,0.3,0.0,0.0,20.0230260725063,20000264
FIFO,8.503237937831004,7,0.5833333333333334,0.5833280559072168,0.75,0.41666666666666663,0.6,0.3,0.0,0.0,21.600640003899386,20000265
FIFO,12.090011061722342,9,0.75,0.6777102157796754,0.8333333333333334,0.25,0.6,0.3,0.0,0.0,21.86026967451079,20000266
FIFO,5.572604941069741,5,0.4166666666666667,0.4078463187866329,0.5,0.5833333333333333,0.6,0.3,0.0,0.0,19.383542091311742,20000267
FIFO,4.143518710317782,4,0.3333333333333333,0.36948631142199084,0.5833333333333334,0.6666666666666667,0.6,0.3,0.0,0.0,19.49425940484127,20000268
FIFO,6.874554160661583,6,0.5,0.43820015206106333,0.5833333333333334,0.5,0.6,0.3,0.0,0.0,19.946768067972187,20000269
FIFO,7.166077999734878,6,0.5,0.5057881244181657,0.6666666666666666,0.5,0.6,0.3,0.0,0.0,21.26613880918998,20000270
FIFO,9.188483290177063,7,0.5833333333333334,0.5557200202386091,0.75,0.41666666666666663,0.6,0.3,0.0,0.0,21.347374702073182,20000271
FIFO,10.308066944542809,8,0.6666666666666666,0.587544719852808,0.75,0.33333333333333337,0.6,0.3,0.0,0.0,20.94376980075584,20000272
FIFO,12.078973921540596,9,0.75,0.6595365399024263,0.75,0.25,0.6,0.3,0.0,0.0,20.99216097825457,20000273
FIFO,4.005482615127107,4,0.3333333333333333,0.38035902059220633,0.5833333333333334,0.6666666666666667,0.6,0.3,0.0,0.0,19.68124770754472,20000274
FIFO,8.36868551049214,7,0.5833333333333334,0.4838793167003811,0.75,0.41666666666666663,0.6,0.3,0.0,0.0,21.682691154439816,20000275
FIFO,8.991913595867604,7,0.5833333333333334,0.5251055758490155,0.6666666666666666,0.41666666666666663,0.6,0.3,0.0,0.0,20.86795515584192,20000276
FIFO,6.990049115494374,6,0.5,0.4236790353457331,0.6666666666666666,0.5,0.6,0.3,0.0,0.0,20.41241434130112,20000277
FIFO,8.293484633793057,7,0.5833333333333334,0.43432014145730935,0.6666666666666666,0.41666666666666663,0.6,0.3,0.0,0.0,20.333980499931172,20000278
FIFO,7.011362125744455,6,0.5,0.5139949588514724,0.5833333333333334,0.5,0.6,0.3,0.0,0.0,20.30079875031893,20000279
FIFO,10.263074964993843,8,0.6666666666666666,0.6533595980377938,0.8333333333333334,0.33333333333333337,0.6,0.3,0.0,0.0,22.13585774879255,20000280
FIFO,5.508839774319339,5,0.4166666666666667,0.4305819725821448,0.6666666666666666,0.5833333333333333,0.6,0.3,0.0,0.0,20.70709630214913,20000281
FIFO,5.247531181121525,5,0.4166666666666667,0.32529537198503683,0.6666666666666666,0.5833333333333333,0.6,0.3,0.0,0.0,20.82691171655225,20000282
FIFO,12.144599035330947,9,0.75,0.7644521073711653,0.75,0.25,0.6,0.3,0.0,0.0,21.166909858060137,20000283
FIFO,7.842609421787334,6,0.5,0.5418685306019939,0.6666666666666666,0.5,0.6,0.3,0.0,0.0,20.804669647774954,20000284
FIFO,5.771020314603623,5,0.4166666666666667,0.4408334525527071,0.6666666666666666,0.5833333333333333,0.6,0.3,0.0,0.0,20.935480008140356,20000285
FIFO,4.2654021568015,4,0.3333333333333333,0.3422210159006131,0.5833333333333334,0.6666666666666667,0.6,0.3,0.0,0.0,19.903022933617255,20000286
FIFO,8.776667004447917,7,0.5833333333333334,0.6253049944318237,0.75,0.41666666666666663,0.6,0.3,0.0,0.0,21.70598086209703,20000287
FIFO,4.27100397182511,4,0.3333333333333333,0.41984863344774137,0.6666666666666666,0.6666666666666667,0.6,0.3,0.0,0.0,21.077999827930654,20000288
FIFO,8.544629549149107,7,0.5833333333333334,0.5903609397717985,0.6666666666666666,0.41666666666666663,0.6,0.3,0.0,0.0,20.813197691373354,20000289
FIFO,7.313722536853589,6,0.5,0.44043488230039757,0.6666666666666666,0.5,0.6,0.3,0.0,0.0,20.365237688663214,20000290
FIFO,8.450735392189216,7,0.5833333333333334,0.515678954125382,0.75,0.41666666666666663,0.6,0.3,0.0,0.0,21.51243994932921,20000291
FIFO,5.857918347157196,5,0.4166666666666667,0.47417390898348144,0.5833333333333334,0.5833333333333333,0.6,0.3,0.0,0.0,20.49734600007314,20000292
FIFO,7.29493954310994,6,0.5,0.462042684846115,0.75,0.5,0.6,0.3,0.0,0.0,21.115753405052047,20000293
FIFO,3.613889756306441,4,0.3333333333333333,0.3296508674897569,0.5,0.6666666666666667,0.6,0.3,0.0,0.0,19.54725689482908,20000294
FIFO,3.772234375294583,4,0.3333333333333333,0.35795540855474195,0.5833333333333334,0.6666666666666667,0.6,0.3,0.0,0.0,20.263831898527755,20000295
FIFO,5.922844688247314,5,0.4166666666666667,0.4456137268851045,0.5833333333333334,0.5833333333333333,0.6,0.3,0.0,0.0,20.122986136552413,20000296
FIFO,7.2994541076707655,6,0.5,0.4907269946558405,0.75,0.5,0.6,0.3,0.0,0.0,21.082470972083684,20000297
FIFO,9.163863591789617,7,0.5833333333333334,0.553138128234887,0.75,0.41666666666666663,0.6,0.3,0.0,0.0,20.891282267768332,20000298
FIFO,8.510684202932055,7,0.5833333333333334,0.48636098478350115,0.8333333333333334,0.41666666666666663,0.6,0.3,0.0,0.0,21.557511589221395,20000299
FIFO,3.701039244448298,4,0.3333333333333333,0.3391424521390115,0.5,0.6666666666666667,0.6,0.3,0.0,0.0,19.69040732013961,20000300
FIFO,8.561290011216936,7,0.5833333333333334,0.507010846690082,0.75,0.41666666666666663,0.6,0.3,0.0,0.0,20.904818582660333,20000301
FIFO,8.00220158171963,6,0.5,0.5455086941650676,0.5833333333333334,0.5,0.6,0.3,0.0,0.0,20.036066209381865,20000302
FIFO,5.562601361675913,5,0.4166666666666667,0.36866925029024683,0.75,0.5833333333333333,0.6,0.3,0.0,0.0,21.760654779494143,20000303
FIFO,9.291225748956645,7,0.5833333333333334,0.6600229985373499,0.8333333333333334,0.41666666666666663,0.6,0.3,0.0,0.0,22.654034654562068,20000304
FIFO,12.872740497762294,10,0.8333333333333334,0.7239989884314109,0.8333333333333334,0.16666666666666663,0.6,0.3,0.0,0.0,22.577313096536088,20000305
FIFO,3.957075703679793,4,0.3333333333333333,0.39229938017120836,0.6666666666666666,0.6666666666666667,0.6,0.3,0.0,0.0,20.194623996582745,20000306
FIFO,5.501305641298433,5,0.4166666666666667,0.42939769934801336,0.5833333333333334,0.5833333333333333,0.6,0.3,0.0,0.0,20.27023639393559,20000307
FIFO,3.653333281209589,4,0.3333333333333333,0.3015507928522446,0.5833333333333334,0.6666666666666667,0.6,0.3,0.0,0.0,20.097855357091944,20000308
FIFO,5.655877973512975,5,0.4166666666666667,0.390373958821379,0.5833333333333334,0.5833333333333333,0.6,0.3,0.0,0.0,19.624313671745757,20000309
FIFO,6.052315297015775,5,0.4166666666666667,0.5655031803661251,0.75,0.5833333333333333,0.6,0.3,0.0,0.0,20.86481422077447,20000310
FIFO,5.454271229528641,5,0.4166666666666667,0.40835618895292863,0.6666666666666666,0.5833333333333333,0.6,0.3,0.0,0.0,20.983013066459087,20000311
FIFO,6.95563225557398,6,0.5,0.4364934299665622,0.6666666666666666,0.5,0.6,0.3,0.0,0.0,20.807196786118443,20000312
FIFO,5.023398191469397,5,0.4166666666666667,0.34971171017815844,0.5833333333333334,0.5833333333333333,0.6,0.3,0.0,0.0,20.539827134944733,20000313
FIFO,1.989665805817309,3,0.25,0.2698905578690393,0.5833333333333334,0.75,0.6,0.3,0.0,0.0,20.47498133194236,20000314
FIFO,3.9530886765947306,4,0.3333333333333333,0.36343457766754206,0.5833333333333334,0.6666666666666667,0.6,0.3,0.0,0.0,20.287756657470933,20000315
FIFO,5.767013475998696,5,0.4166666666666667,0.34829900672716496,0.6666666666666666,0.5833333333333333,0.6,0.3,0.0,0.0,20.707824853846894,20000316
FIFO,5.921809519132422,5,0.4166666666666667,0.4893180702325705,0.6666666666666666,0.5833333333333333,0.6,0.3,0.0,0.0,20.26481620862391,20000317
FIFO,3.706901124588164,4,0.3333333333333333,0.2989652191440198,0.5833333333333334,0.6666666666666667,0.6,0.3,0.0,0.0,20.25772024198344,20000318
FIFO,3.949046677266815,4,0.3333333333333333,0.3690634676409863,0.5,0.6666666666666667,0.6,0.3,0.0,0.0,19.977094010592083,20000319
FIFO,7.055765820636413,6,0.5,0.424350988092811,0.5833333333333334,0.5,0.6,0.3,0.0,0.0,20.10544381192777,20000320
FIFO,10.62011530016957,8,0.6666666666666666,0.6415805486600943,0.8333333333333334,0.33333333333333337,0.6,0.3,0.0,0.0,21.666934653758997,20000321
FIFO,5.9587826486040765,5,0.4166666666666667,0.45580630155108603,0.5833333333333334,0.5833333333333333,0.6,0.3,0.0,0.0,19.655898349722634,20000322
FIFO,5.699139981212274,5,0.4166666666666667,0.3930910684368388,0.6666666666666666,0.5833333333333333,0.6,0.3,0.0,0.0,20.825735561930436,20000323
FIFO,5.819484463170388,5,0.4166666666666667,0.4238305177785342,0.6666666666666666,0.5833333333333333,0.6,0.3,0.0,0.0,21.233977252359125,20000324
FIFO,9.045591446214386,7,0.5833333333333334,0.6064557629702227,0.75,0.41666666666666663,0.6,0.3,0.0,0.0,21.21942095925387,20000325
FIFO,4.065161856664367,4,0.3333333333333333,0.35903542602631333,0.5,0.6666666666666667,0.6,0.3,0.0,0.0,19.95739296946549,20000326
FIFO,10.179638820554887,8,0.6666666666666666,0.570562769465918,0.75,0.33333333333333337,0.6,0.3,0.0,0.0,21.794943040869754,20000327
FIFO,9.100507679787032,7,0.5833333333333334,0.5566849248164525,0.6666666666666666,0.41666666666666663,0.6,0.3,0.0,0.0,20.582065684211592,20000328
FIFO,0.6362200483700073,2,0.16666666666666666,0.18777639540047805,0.5833333333333334,0.8333333333333334,0.6,0.3,0.0,0.0,19.69013051911335,20000329
FIFO,3.796852955058844,4,0.3333333333333333,0.3544623292704818,0.5833333333333334,0.6666666666666667,0.6,0.3,0.0,0.0,20.284576174820153,20000330
FIFO,5.475643181909593,5,0.4166666666666667,0.4160635641543341,0.75,0.5833333333333333,0.6,0.3,0.0,0.0,21.891920616408793,20000331
FIFO,4.192206566729532,4,0.3333333333333333,0.3524372818187327,0.75,0.6666666666666667,0.6,0.3,0.0,0.0,21.431390548810747,20000332
FIFO,5.540774727121093,5,0.4166666666666667,0.41789111448064187,0.6666666666666666,0.5833333333333333,0.6,0.3,0.0,0.0,20.271336383852212,20000333
FIFO,5.600049652274675,5,0.4166666666666667,0.36222058512508853,0.6666666666666666,0.5833333333333333,0.6,0.3,0.0,0.0,20.831606126490815,20000334
FIFO,7.661473745605424,6,0.5,0.5896717481850616,0.5833333333333334,0.5,0.6,0.3,0.0,0.0,20.320593931203298,20000335
FIFO,3.851035024533287,4,0.3333333333333333,0.3159343556168435,0.5833333333333334,0.6666666666666667,0.6,0.3,0.0,0.0,20.091034496145117,20000336
FIFO,6.988597929689284,6,0.5,0.35688533981877163,0.75,0.5,0.6,0.3,0.0,0.0,21.37487837708869,20000337
FIFO,5.519656837418514,5,0.4166666666666667,0.44135011379182315,0.6666666666666666,0.5833333333333333,0.6,0.3,0.0,0.0,21.029659471960844,20000338
FIFO,5.329166852321903,5,0.4166666666666667,0.38599276092484586,0.6666666666666666,0.5833333333333333,0.6,0.3,0.0,0.0,21.44515440806894,20000339
FIFO,7.379052145141413,6,0.5,0.4959956420553233,0.5833333333333334,0.5,0.6,0.3,0.0,0.0,19.46327280886948,20000340
FIFO,10.695145519795716,8,0.6666666666666666,0.6222768488848576,0.75,0.33333333333333337,0.6,0.3,0.0,0.0,21.10248899248417,20000341
FIFO,10.316129553012258,8,0.6666666666666666,0.6327342660187253,0.75,0.33333333333333337,0.6,0.3,0.0,0.0,21.508834562623576,20000342
FIFO,9.09309727634883,7,0.5833333333333334,0.5374972229823983,0.6666666666666666,0.41666666666666663,0.6,0.3,0.0,0.0,20.670799975694596,20000343
FIFO,5.665047205745751,5,0.4166666666666667,0.4604165036399908,0.5833333333333334,0.5833333333333333,0.6,0.3,0.0,0.0,20.686284147910914,20000344
FIFO,5.687828394690079,5,0.4166666666666667,0.385910565245584,0.5833333333333334,0.5833333333333333,0.6,0.3,0.0,0.0,20.136965312545072,20000345
FIFO,7.361043307329943,6,0.5,0.5285369058156628,0.5833333333333334,0.5,0.6,0.3,0.0,0.0,20.504047906045788,20000346
FIFO,3.6737003038100724,4,0.3333333333333333,0.2699741255389988,0.6666666666666666,0.6666666666666667,0.6,0.3,0.0,0.0,20.70937089977359,20000347
FIFO,5.7414989733554025,5,0.4166666666666667,0.442924158903296,0.5833333333333334,0.5833333333333333,0.6,0.3,0.0,0.0,20.171973576139806,20000348
FIFO,5.1571284950912455,5,0.4166666666666667,0.38649747388167816,0.75,0.5833333333333333,0.6,0.3,0.0,0.0,21.73802119060466,20000349
FIFO,5.6553599703836355,5,0.4166666666666667,0.4690787527651929,0.5,0.5833333333333333,0.6,0.3,0.0,0.0,20.195192808106388,20000350
FIFO,6.075639075141584,5,0.4166666666666667,0.5232651721099245,0.5833333333333334,0.5833333333333333,0.6,0.3,0.0,0.0,20.3614889172114,20000351
FIFO,3.771565038056564,4,0.3333333333333333,0.3272553294335121,0.6666666666666666,0.6666666666666667,0.6,0.3,0.0,0.0,20.935403941790142,20000352
FIFO,5.398685263370652,5,0.4166666666666667,0.4016645287809388,0.5833333333333334,0.5833333333333333,0.6,0.3,0.0,0.0,20.788981275614773,20000353
FIFO,9.150259861917883,7,0.5833333333333334,0.6182771061701205,0.6666666666666666,0.41666666666666663,0.6,0.3,0.0,0.0,20.983383315862127,20000354
FIFO,7.252151887485441,6,0.5,0.5074355590694984,0.75,0.5,0.6,0.3,0.0,0.0,21.329342296707622,20000355
FIFO,7.775039245678444,6,0.5,0.5961756411300624,0.6666666666666666,0.5,0.6,0.3,0.0,0.0,20.120843017674453,20000356
FIFO,5.8984484723943185,5,0.4166666666666667,0.5093414336386552,0.5833333333333334,0.5833333333333333,0.6,0.3,0.0,0.0,20.782110327296298,20000357
FIFO,11.648528783615038,9,0.75,0.7210999696368586,0.8333333333333334,0.25,0.6,0.3,0.0,0.0,22.448472691674638,20000358
FIFO,7.030238516846323,6,0.5,0.46183498621032104,0.75,0.5,0.6,0.3,0.0,0.0,21.007342751090494,20000359
FIFO,12.324669520580873,9,0.75,0.6901484358418076,0.8333333333333334,0.25,0.6,0.3,0.0,0.0,21.838814163690323,20000360
FIFO,2.328978123786015,3,0.25,0.26196626702008374,0.5833333333333334,0.75,0.6,0.3,0.0,0.0,20.031066349642774,20000361
FIFO,4.539728640006642,4,0.3333333333333333,0.41758338057204036,0.6666666666666666,0.6666666666666667,0.6,0.3,0.0,0.0,19.570955652679377,20000362
FIFO,-0.08664637704460265,2,0.16666666666666666,0.13644322518298652,0.5,0.8333333333333334,0.6,0.3,0.0,0.0,19.71476552719281,20000363
FIFO,9.099083292161675,7,0.5833333333333334,0.5243854180508191,0.6666666666666666,0.41666666666666663,0.6,0.3,0.0,0.0,21.095991699484134,20000364
FIFO,3.751961402409835,4,0.3333333333333333,0.2815672502519187,0.5833333333333334,0.6666666666666667,0.6,0.3,0.0,0.0,19.777089868736333,20000365
FIFO,4.025572608527825,4,0.3333333333333333,0.342378211419088,0.5,0.6666666666666667,0.6,0.3,0.0,0.0,19.52715427793477,20000366
FIFO,5.441222503062693,5,0.4166666666666667,0.45235950981829276,0.5833333333333334,0.5833333333333333,0.6,0.3,0.0,0.0,19.83095830764468,20000367
FIFO,5.46069910799499,5,0.4166666666666667,0.36656511576383083,0.75,0.5833333333333333,0.6,0.3,0.0,0.0,21.00180695427872,20000368
FIFO,6.020846583804771,5,0.4166666666666667,0.4496801211573604,0.5833333333333334,0.5833333333333333,0.6,0.3,0.0,0.0,20.428858496743143,20000369
FIFO,8.973646845787034,7,0.5833333333333334,0.5486502331982637,0.75,0.41666666666666663,0.6,0.3,0.0,0.0,21.034272585875808,20000370
FIFO,2.639721283568551,3,0.25,0.33319361124896085,0.5833333333333334,0.75,0.6,0.3,0.0,0.0,20.37710744637268,20000371
FIFO,2.4120825662370966,3,0.25,0.26815851177380046,0.5833333333333334,0.75,0.6,0.3,0.0,0.0,19.734981258309656,20000372
FIFO,10.439681666498581,8,0.6666666666666666,0.6578288651488606,0.8333333333333334,0.33333333333333337,0.6,0.3,0.0,0.0,22.606517777703655,20000373
FIFO,7.151460049974091,6,0.5,0.4822150142770169,0.6666666666666666,0.5,0.6,0.3,0.0,0.0,20.626191251674726,20000374
FIFO,5.881822641092535,5,0.4166666666666667,0.5073549187794334,0.5833333333333334,0.5833333333333333,0.6,0.3,0.0,0.0,20.828645530042,20000375
FIFO,6.92484475170291,6,0.5,0.4881719726638611,0.6666666666666666,0.5,0.6,0.3,0.0,0.0,21.163270970879584,20000376
FIFO,7.115192939480361,6,0.5,0.493037907033609,0.6666666666666666,0.5,0.6,0.3,0.0,0.0,21.31168752510669,20000377
FIFO,6.033232524714318,5,0.4166666666666667,0.4618616657267609,0.6666666666666666,0.5833333333333333,0.6,0.3,0.0,0.0,21.260540409576315,20000378
FIFO,6.084858006471554,5,0.4166666666666667,0.502899729183351,0.75,0.5833333333333333,0.6,0.3,0.0,0.0,21.343821343172248,20000379
FIFO,7.112326282643119,6,0.5,0.43725298204738794,0.75,0.5,0.6,0.3,0.0,0.0,21.06321697417896,20000380
FIFO,0.5171505733280095,2,0.16666666666666666,0.16004906159263693,0.5833333333333334,0.8333333333333334,0.6,0.3,0.0,0.0,20.473271726088953,20000381
FIFO,7.0119115472836455,6,0.5,0.4549260827650833,0.8333333333333334,0.5,0.6,0.3,0.0,0.0,22.229662335522807,20000382
FIFO,5.586994933225998,5,0.4166666666666667,0.4269364212512727,0.6666666666666666,0.5833333333333333,0.6,0.3,0.0,0.0,20.57367399628041,20000383
FIFO,7.46771758813589,6,0.5,0.49539425966271716,0.6666666666666666,0.5,0.6,0.3,0.0,0.0,20.55450763354608,20000384
FIFO,8.702173503508199,7,0.5833333333333334,0.5289513257155454,0.75,0.41666666666666663,0.6,0.3,0.0,0.0,21.664123860481762,20000385
FIFO,3.540273157730179,4,0.3333333333333333,0.32862063439958156,0.5,0.6666666666666667,0.6,0.3,0.0,0.0,19.688992259875853,20000386
FIFO,6.981350899466769,6,0.5,0.48595327175880787,0.6666666666666666,0.5,0.6,0.3,0.0,0.0,20.242480053378756,20000387
FIFO,7.204186265960301,6,0.5,0.496925792087223,0.8333333333333334,0.5,0.6,0.3,0.0,0.0,21.70472544396567,20000388
FIFO,7.0902313144391655,6,0.5,0.46022582046798605,0.6666666666666666,0.5,0.6,0.3,0.0,0.0,20.584888096701725,20000389
FIFO,5.972163190726118,5,0.4166666666666667,0.48209653936578356,0.6666666666666666,0.5833333333333333,0.6,0.3,0.0,0.0,21.02909372737447,20000390
FIFO,5.497108050484304,5,0.4166666666666667,0.3619490304501181,0.75,0.5833333333333333,0.6,0.3,0.0,0.0,21.578256319008048,20000391
FIFO,7.366643212422176,6,0.5,0.4685086932854193,0.75,0.5,0.6,0.3,0.0,0.0,21.523239089356874,20000392
FIFO,3.8069389837537546,4,0.3333333333333333,0.3670570852969476,0.5,0.6666666666666667,0.6,0.3,0.0,0.0,19.987587460222688,20000393
FIFO,6.136580369884854,5,0.4166666666666667,0.4299149900716951,0.5833333333333334,0.5833333333333333,0.6,0.3,0.0,0.0,19.91118804814902,20000394
FIFO,9.266679303462558,7,0.5833333333333334,0.5768588238084253,0.75,0.41666666666666663,0.6,0.3,0.0,0.0,21.548058292459896,20000395
FIFO,5.518753720902092,5,0.4166666666666667,0.4791400897313087,0.5833333333333334,0.5833333333333333,0.6,0.3,0.0,0.0,20.856964094984193,20000396
FIFO,11.832578805839333,9,0.75,0.6843279683119,0.8333333333333334,0.25,0.6,0.3,0.0,0.0,22.376534073968294,20000397
FIFO,10.3590602325406,8,0.6666666666666666,0.6584987006411729,0.8333333333333334,0.33333333333333337,0.6,0.3,0.0,0.0,21.470131408461345,20000398
FIFO,4.214861893976117,4,0.3333333333333333,0.3927598303279172,0.6666666666666666,0.6666666666666667,0.6,0.3,0.0,0.0,20.482264701858423,20000399
FIFO,7.077124522390799,6,0.5,0.5349088548909555,0.6666666666666666,0.5,0.6,0.3,0.0,0.0,21.40689047198704,20000400
FIFO,3.684767017040187,4,0.3333333333333333,0.3099935625736004,0.5,0.6666666666666667,0.6,0.3,0.0,0.0,19.643713708369724,20000401
FIFO,0.6084006780934548,2,0.16666666666666666,0.20410072210536756,0.5,0.8333333333333334,0.6,0.3,0.0,0.0,19.35372798847623,20000402
FIFO,5.855156740528905,5,0.4166666666666667,0.42097599399963487,0.5833333333333334,0.5833333333333333,0.6,0.3,0.0,0.0,20.06735890933637,20000403
FIFO,2.3814708240938476,3,0.25,0.31674030669877185,0.5833333333333334,0.75,0.6,0.3,0.0,0.0,20.621701327027168,20000404
FIFO,5.951586474639693,5,0.4166666666666667,0.4481795068540978,0.5,0.5833333333333333,0.6,0.3,0.0,0.0,19.577407433684396,20000405
FIFO,7.289416880486465,6,0.5,0.47983756813356115,0.6666666666666666,0.5,0.6,0.3,0.0,0.0,20.500424421913788,20000406
FIFO,8.889148481037958,7,0.5833333333333334,0.5631413368521984,0.6666666666666666,0.41666666666666663,0.6,0.3,0.0,0.0,21.563639319388244,20000407
FIFO,5.4939746089361945,5,0.4166666666666667,0.39642061304132453,0.75,0.5833333333333333,0.6,0.3,0.0,0.0,21.1778617704592,20000408
FIFO,5.098132544126333,5,0.4166666666666667,0.3151381384657785,0.6666666666666666,0.5833333333333333,0.6,0.3,0.0,0.0,20.503288474079255,20000409
FIFO,8.612714362412296,7,0.5833333333333334,0.5226392879257779,0.75,0.41666666666666663,0.6,0.3,0.0,0.0,20.892295281405517,20000410
FIFO,5.483487768972652,5,0.4166666666666667,0.37525514126899634,0.6666666666666666,0.5833333333333333,0.6,0.3,0.0,0.0,21.187386828901353,20000411
FIFO,5.829695681264704,5,0.4166666666666667,0.39521393262812715,0.6666666666666666,0.5833333333333333,0.6,0.3,0.0,0.0,20.881334618938283,20000412
FIFO,6.981372901774828,6,0.5,0.5023258083377223,0.6666666666666666,0.5,0.6,0.3,0.0,0.0,21.054264521877645,20000413
FIFO,7.174077935085453,6,0.5,0.46129581301225475,0.6666666666666666,0.5,0.6,0.3,0.0,0.0,20.670507308810066,20000414
FIFO,7.061426758283378,6,0.5,0.5077204414013171,0.5833333333333334,0.5,0.6,0.3,0.0,0.0,20.37879085638645,20000415
FIFO,7.48654261932777,6,0.5,0.5354183659386603,0.6666666666666666,0.5,0.6,0.3,0.0,0.0,21.65856451458167,20000416
FIFO,7.101475362096723,6,0.5,0.5332480233262388,0.5833333333333334,0.5,0.6,0.3,0.0,0.0,20.595733056343533,20000417
FIFO,8.765942752556024,7,0.5833333333333334,0.5444285980984879,0.8333333333333334,0.41666666666666663,0.6,0.3,0.0,0.0,22.40740539486763,20000418
FIFO,2.664414649758761,3,0.25,0.3638197886753731,0.5,0.75,0.6,0.3,0.0,0.0,19.195578629129443,20000419
FIFO,9.962830534183901,8,0.6666666666666666,0.5343518287687273,0.8333333333333334,0.33333333333333337,0.6,0.3,0.0,0.0,22.024163638539267,20000420
FIFO,6.015464025502948,5,0.4166666666666667,0.43043950348464577,0.5833333333333334,0.5833333333333333,0.6,0.3,0.0,0.0,19.79409610165079,20000421
FIFO,10.454720082247965,8,0.6666666666666666,0.6055812701394774,0.75,0.33333333333333337,0.6,0.3,0.0,0.0,21.59981729959723,20000422
FIFO,7.452817613509002,6,0.5,0.5935167800060304,0.75,0.5,0.6,0.3,0.0,0.0,21.771086269105076,20000423
FIFO,3.9370299709903804,4,0.3333333333333333,0.31275396401102207,0.6666666666666666,0.6666666666666667,0.6,0.3,0.0,0.0,20.77280580138642,20000424
FIFO,5.590837605780494,5,0.4166666666666667,0.4587279018841449,0.5,0.5833333333333333,0.6,0.3,0.0,0.0,19.48546247453834,20000425
FIFO,8.144524166470147,7,0.5833333333333334,0.4604585655746788,0.6666666666666666,0.41666666666666663,0.6,0.3,0.0,0.0,21.057389057420213,20000426
FIFO,9.074945138408127,7,0.5833333333333334,0.5753141204293923,0.75,0.41666666666666663,0.6,0.3,0.0,0.0,21.193331854891348,20000427
FIFO,7.30990384599588,6,0.5,0.5005205511959789,0.6666666666666666,0.5,0.6,0.3,0.0,0.0,20.56442863875087,20000428
FIFO,9.510670944917445,8,0.6666666666666666,0.5386537195531376,0.75,0.33333333333333337,0.6,0.3,0.0,0.0,21.574759078748315,20000429
FIFO,10.474473330130959,8,0.6666666666666666,0.7198357649866253,0.75,0.33333333333333337,0.6,0.3,0.0,0.0,20.85108143078207,20000430
FIFO,7.223678636164738,6,0.5,0.4698802727628566,0.6666666666666666,0.5,0.6,0.3,0.0,0.0,21.027180624830205,20000431
FIFO,7.350785086028546,6,0.5,0.4901152507008994,0.75,0.5,0.6,0.3,0.0,0.0,22.14281059440418,20000432
FIFO,5.689645290012523,5,0.4166666666666667,0.377056947689584,0.6666666666666666,0.5833333333333333,0.6,0.3,0.0,0.0,20.955584448583863,20000433
FIFO,6.6260382008869705,6,0.5,0.43384476438361136,0.5833333333333334,0.5,0.6,0.3,0.0,0.0,20.34262890606297,20000434
FIFO,9.189147585292897,7,0.5833333333333334,0.641379895179397,0.6666666666666666,0.41666666666666663,0.6,0.3,0.0,0.0,21.1164850070799,20000435
FIFO,7.295649409756358,6,0.5,0.5073821886106947,0.75,0.5,0.6,0.3,0.0,0.0,21.49831952258534,20000436
FIFO,5.840861560317035,5,0.4166666666666667,0.4791473221757034,0.6666666666666666,0.5833333333333333,0.6,0.3,0.0,0.0,20.418661560785118,20000437
FIFO,8.867820365308145,7,0.5833333333333334,0.5249506637535495,0.6666666666666666,0.41666666666666663,0.6,0.3,0.0,0.0,20.532850004756956,20000438
FIFO,5.57053645256534,5,0.4166666666666667,0.34867003217893056,0.5833333333333334,0.5833333333333333,0.6,0.3,0.0,0.0,19.98618105391757,20000439
FIFO,8.631112918537232,7,0.5833333333333334,0.5670215153263057,0.8333333333333334,0.41666666666666663,0.6,0.3,0.0,0.0,22.458081630028254,20000440
FIFO,3.569101172265067,4,0.3333333333333333,0.26851788162401347,0.5833333333333334,0.6666666666666667,0.6,0.3,0.0,0.0,20.01003721581595,20000441
FIFO,11.49350714216631,9,0.75,0.6645083343087866,0.75,0.25,0.6,0.3,0.0,0.0,21.376258220325305,20000442
FIFO,7.599602227250649,6,0.5,0.5026634340125714,0.6666666666666666,0.5,0.6,0.3,0.0,0.0,20.784816270256858,20000443
FIFO,5.8081598981350115,5,0.4166666666666667,0.40017265223691834,0.6666666666666666,0.5833333333333333,0.6,0.3,0.0,0.0,20.54625859206911,20000444
FIFO,5.430061017123023,5,0.4166666666666667,0.41345445523084423,0.5833333333333334,0.5833333333333333,0.6,0.3,0.0,0.0,20.509277492209097,20000445
FIFO,4.126533304393475,4,0.3333333333333333,0.4397439623616729,0.5,0.6666666666666667,0.6,0.3,0.0,0.0,19.693421667309153,20000446
FIFO,4.233983424025856,4,0.3333333333333333,0.3539726897189089,0.5,0.6666666666666667,0.6,0.3,0.0,0.0,19.05891613343913,20000447
FIFO,7.305733161833279,6,0.5,0.48228574751223385,0.6666666666666666,0.5,0.6,0.3,0.0,0.0,20.610699602369216,20000448
FIFO,9.138856523396498,7,0.5833333333333334,0.630514840331118,0.6666666666666666,0.41666666666666663,0.6,0.3,0.0,0.0,20.148041435871857,20000449
FIFO,5.694047631927972,5,0.4166666666666667,0.394869874193894,0.5833333333333334,0.5833333333333333,0.6,0.3,0.0,0.0,19.613695821728797,20000450
FIFO,3.7884211554704352,4,0.3333333333333333,0.32614030593502463,0.6666666666666666,0.6666666666666667,0.6,0.3,0.0,0.0,20.823195672763397,20000451
FIFO,6.142063855577652,5,0.4166666666666667,0.44613790499829103,0.5833333333333334,0.5833333333333333,0.6,0.3,0.0,0.0,20.478164280945897,20000452
FIFO,4.38693272313167,4,0.3333333333333333,0.38063922711095705,0.5,0.6666666666666667,0.6,0.3,0.0,0.0,18.9766811609705,20000453
FIFO,3.4987675322212013,4,0.3333333333333333,0.28285509345213167,0.5833333333333334,0.6666666666666667,0.6,0.3,0.0,0.0,19.625855533650252,20000454
FIFO,5.930385078803772,5,0.4166666666666667,0.472434681409357,0.6666666666666666,0.5833333333333333,0.6,0.3,0.0,0.0,21.525499776343796,20000455
FIFO,7.274472588011472,6,0.5,0.5500626643231736,0.6666666666666666,0.5,0.6,0.3,0.0,0.0,21.361695315757963,20000456
FIFO,4.192739501201514,4,0.3333333333333333,0.29247267269256555,0.6666666666666666,0.6666666666666667,0.6,0.3,0.0,0.0,20.7674285160482,20000457
FIFO,-0.03834472405926348,2,0.16666666666666666,0.17094214304097768,0.4166666666666667,0.8333333333333334,0.6,0.3,0.0,0.0,18.79146144327435,20000458
FIFO,5.588433603147136,5,0.4166666666666667,0.41417873215436796,0.6666666666666666,0.5833333333333333,0.6,0.3,0.0,0.0,21.798096578138505,20000459
FIFO,8.674133641223321,7,0.5833333333333334,0.5279229745047312,0.75,0.41666666666666663,0.6,0.3,0.0,0.0,21.232568504681797,20000460
FIFO,3.851876948281655,4,0.3333333333333333,0.31242415571432675,0.5833333333333334,0.6666666666666667,0.6,0.3,0.0,0.0,19.563547980303166,20000461
FIFO,10.054503020617974,8,0.6666666666666666,0.5644039211340627,0.75,0.33333333333333337,0.6,0.3,0.0,0.0,21.8951080947963,20000462
FIFO,5.374276838706152,5,0.4166666666666667,0.34830860849735656,0.6666666666666666,0.5833333333333333,0.6,0.3,0.0,0.0,20.581795473495877,20000463
FIFO,2.2724331271967255,3,0.25,0.2855633923989517,0.5833333333333334,0.75,0.6,0.3,0.0,0.0,20.05765532931497,20000464
FIFO,8.929395417165969,7,0.5833333333333334,0.5980849182970353,0.6666666666666666,0.41666666666666663,0.6,0.3,0.0,0.0,20.026155950006068,20000465
FIFO,3.845690961202033,4,0.3333333333333333,0.3254030250092399,0.5833333333333334,0.6666666666666667,0.6,0.3,0.0,0.0,20.718460631064094,20000466
FIFO,7.18694142000722,6,0.5,0.463938162185556,0.8333333333333334,0.5,0.6,0.3,0.0,0.0,22.35391063172392,20000467
FIFO,10.119488971562948,8,0.6666666666666666,0.594902961709672,0.75,0.33333333333333337,0.6,0.3,0.0,0.0,21.844032948052444,20000468
FIFO,5.801139355503551,5,0.4166666666666667,0.4253512445259679,0.6666666666666666,0.5833333333333333,0.6,0.3,0.0,0.0,21.03748134149285,20000469
FIFO,10.148691458204079,8,0.6666666666666666,0.5968887402380993,0.8333333333333334,0.33333333333333337,0.6,0.3,0.0,0.0,21.880214847649324,20000470
FIFO,5.678909642736269,5,0.4166666666666667,0.4759329034164837,0.5833333333333334,0.5833333333333333,0.6,0.3,0.0,0.0,20.929291025850915,20000471
FIFO,7.064731412315986,6,0.5,0.4349745985963501,0.6666666666666666,0.5,0.6,0.3,0.0,0.0,20.88397099925259,20000472
FIFO,8.543591976978604,7,0.5833333333333334,0.5182849105257306,0.75,0.41666666666666663,0.6,0.3,0.0,0.0,21.49258492384415,20000473
FIFO,5.988087298121066,5,0.4166666666666667,0.4389564030413309,0.6666666666666666,0.5833333333333333,0.6,0.3,0.0,0.0,20.611762539709527,20000474
FIFO,5.711145916120932,5,0.4166666666666667,0.44748221720382164,0.5833333333333334,0.5833333333333333,0.6,0.3,0.0,0.0,19.631622034798124,20000475
FIFO,2.3059185697048337,3,0.25,0.31164769899002104,0.6666666666666666,0.75,0.6,0.3,0.0,0.0,21.345845939384088,20000476
FIFO,2.4044435684971726,3,0.25,0.30680452415862436,0.5833333333333334,0.75,0.6,0.3,0.0,0.0,20.167392260098048,20000477
FIFO,7.519857557407205,6,0.5,0.4639709809386999,0.6666666666666666,0.5,0.6,0.3,0.0,0.0,20.622195970248065,20000478
FIFO,5.711277000603488,5,0.4166666666666667,0.39298025691692523,0.6666666666666666,0.5833333333333333,0.6,0.3,0.0,0.0,20.39515037972108,20000479
FIFO,6.80346824133623,6,0.5,0.36907128801173117,0.6666666666666666,0.5,0.6,0.3,0.0,0.0,20.45697679236667,20000480
FIFO,9.73375793030641,8,0.6666666666666666,0.5459501918080111,0.75,0.33333333333333337,0.6,0.3,0.0,0.0,21.732942468466536,20000481
FIFO,4.094458575736501,4,0.3333333333333333,0.3762638613002907,0.5,0.6666666666666667,0.6,0.3,0.0,0.0,19.393721527657235,20000482
FIFO,8.552564891210764,7,0.5833333333333334,0.5109114455665728,0.75,0.41666666666666663,0.6,0.3,0.0,0.0,21.81764723121269,20000483
FIFO,5.349266330622369,5,0.4166666666666667,0.3524865779877065,0.5833333333333334,0.5833333333333333,0.6,0.3,0.0,0.0,20.157254498326637,20000484
FIFO,6.9334382814463105,6,0.5,0.42263319671278154,0.6666666666666666,0.5,0.6,0.3,0.0,0.0,21.25507345012854,20000485
FIFO,8.921947394249061,7,0.5833333333333334,0.56795884331324,0.6666666666666666,0.41666666666666663,0.6,0.3,0.0,0.0,21.08444974164403,20000486
FIFO,2.082540721743902,3,0.25,0.27391251038480047,0.5833333333333334,0.75,0.6,0.3,0.0,0.0,20.41460099074535,20000487
FIFO,7.19527785281239,6,0.5,0.4997231481083647,0.5833333333333334,0.5,0.6,0.3,0.0,0.0,20.122548983060913,20000488
FIFO,10.664385324076708,8,0.6666666666666666,0.6029778006357727,0.6666666666666666,0.33333333333333337,0.6,0.3,0.0,0.0,20.47517054373209,20000489
FIFO,5.739755730124677,5,0.4166666666666667,0.4531168033064197,0.6666666666666666,0.5833333333333333,0.6,0.3,0.0,0.0,20.767054969104475,20000490
FIFO,5.589164670444535,5,0.4166666666666667,0.37390987967420813,0.6666666666666666,0.5833333333333333,0.6,0.3,0.0,0.0,20.8248626255543,20000491
FIFO,7.15157360651461,6,0.5,0.4627984195341568,0.6666666666666666,0.5,0.6,0.3,0.0,0.0,20.68541955259832,20000492
FIFO,5.562028690673314,5,0.4166666666666667,0.4315150056340631,0.5833333333333334,0.5833333333333333,0.6,0.3,0.0,0.0,20.293008035950574,20000493
FIFO,6.831337322437624,6,0.5,0.38522663055229894,0.75,0.5,0.6,0.3,0.0,0.0,21.115438143878006,20000494
FIFO,7.244121278895117,6,0.5,0.44971168025615565,0.6666666666666666,0.5,0.6,0.3,0.0,0.0,20.762576065760783,20000495
FIFO,7.612295727833045,6,0.5,0.5683207913573787,0.75,0.5,0.6,0.3,0.0,0.0,21.734771548068768,20000496
FIFO,10.196713167184813,8,0.6666666666666666,0.5862418223873129,0.75,0.33333333333333337,0.6,0.3,0.0,0.0,21.826121284434766,20000497
FIFO,5.765413737551867,5,0.4166666666666667,0.4488798622827498,0.5833333333333334,0.5833333333333333,0.6,0.3,0.0,0.0,20.425815604315144,20000498
FIFO,4.203880094319386,4,0.3333333333333333,0.3990689790340272,0.5833333333333334,0.6666666666666667,0.6,0.3,0.0,0.0,20.273380066383,20000499
EDF,6.270611134961582,5,0.4166666666666667,0.5467170158556051,0.6666666666666666,0.5833333333333333,0.6,0.3,0.0,0.0,20.862355665492807,20000000
EDF,7.357655561140209,6,0.5,0.4995985058522727,0.6666666666666666,0.5,0.6,0.3,0.0,0.0,20.509147914142105,20000001
EDF,8.364768747353779,7,0.5833333333333334,0.4978341915243268,0.6666666666666666,0.41666666666666663,0.6,0.3,0.0,0.0,20.948962013923992,20000002
EDF,10.477947511678718,8,0.6666666666666666,0.679234057004536,0.6666666666666666,0.33333333333333337,0.6,0.3,0.0,0.0,20.81354022541345,20000003
EDF,11.923531001683015,9,0.75,0.6991164139033571,0.75,0.25,0.6,0.3,0.0,0.0,21.80197902782347,20000004
EDF,7.1943093192499035,6,0.5,0.45754318799077076,0.6666666666666666,0.5,0.6,0.3,0.0,0.0,21.20658259618275,20000005
EDF,3.5749804645055514,4,0.3333333333333333,0.3241569101709085,0.5,0.6666666666666667,0.6,0.3,0.0,0.0,19.673331017785372,20000006
EDF,6.056397232066892,5,0.4166666666666667,0.5005607668355349,0.5833333333333334,0.5833333333333333,0.6,0.3,0.0,0.0,20.06154861878191,20000007
EDF,4.285605076704981,4,0.3333333333333333,0.36056501362494786,0.5833333333333334,0.6666666666666667,0.6,0.3,0.0,0.0,20.423214108218975,20000008
EDF,7.515807662320429,6,0.5,0.4846147811749168,0.75,0.5,0.6,0.3,0.0,0.0,21.112023282357967,20000009
EDF,8.865149521610045,7,0.5833333333333334,0.517804669649971,0.6666666666666666,0.41666666666666663,0.6,0.3,0.0,0.0,20.50318069989182,20000010
EDF,12.269314389675266,9,0.75,0.7881173992198746,0.75,0.25,0.6,0.3,0.0,0.0,21.428806650257048,20000011
EDF,5.893198487719254,5,0.4166666666666667,0.4339169200159291,0.75,0.5833333333333333,0.6,0.3,0.0,0.0,21.115110774131594,20000012
EDF,4.0961673252914785,4,0.3333333333333333,0.39646594702629073,0.5833333333333334,0.6666666666666667,0.6,0.3,0.0,0.0,19.994138270957784,20000013
EDF,3.9298953829381373,4,0.3333333333333333,0.3225803743451916,0.6666666666666666,0.6666666666666667,0.6,0.3,0.0,0.0,19.848539205338195,20000014
EDF,7.468250218264317,6,0.5,0.5090697740204385,0.6666666666666666,0.5,0.6,0.3,0.0,0.0,20.089034600387343,20000015
EDF,12.256467783388532,9,0.75,0.725467133524586,0.75,0.25,0.6,0.3,0.0,0.0,22.460096113579514,20000016
EDF,7.518561566462875,6,0.5,0.5956251240795979,0.6666666666666666,0.5,0.6,0.3,0.0,0.0,20.731988795385693,20000017
EDF,4.426052275125867,4,0.3333333333333333,0.37021668323574364,0.5833333333333334,0.6666666666666667,0.6,0.3,0.0,0.0,19.75473778720348,20000018
EDF,10.25932682783577,8,0.6666666666666666,0.5725044222582392,0.75,0.33333333333333337,0.6,0.3,0.0,0.0,22.238928046545748,20000019
EDF,7.5374680584119105,6,0.5,0.5124015720684308,0.6666666666666666,0.5,0.6,0.3,0.0,0.0,20.307581757037273,20000020
EDF,10.139367851551464,8,0.6666666666666666,0.6353281631037272,0.75,0.33333333333333337,0.6,0.3,0.0,0.0,21.388471942895336,20000021
EDF,4.314704518144259,4,0.3333333333333333,0.397967174974404,0.6666666666666666,0.6666666666666667,0.6,0.3,0.0,0.0,20.72498691894508,20000022
EDF,10.82341938611749,8,0.6666666666666666,0.6522575441057178,0.6666666666666666,0.33333333333333337,0.6,0.3,0.0,0.0,21.204511987541977,20000023
EDF,10.662992957385416,8,0.6666666666666666,0.6177256989855392,0.75,0.33333333333333337,0.6,0.3,0.0,0.0,21.330497661800432,20000024
EDF,7.336381906209164,6,0.5,0.48643728613738946,0.5833333333333334,0.5,0.6,0.3,0.0,0.0,20.34544989114579,20000025
EDF,7.217169742783554,6,0.5,0.49070610319293706,0.75,0.5,0.6,0.3,0.0,0.0,21.196762988962124,20000026
EDF,11.754191171689417,9,0.75,0.6442967041295786,0.75,0.25,0.6,0.3,0.0,0.0,22.14598853014511,20000027
EDF,12.03136854575216,9,0.75,0.7330563713983005,0.75,0.25,0.6,0.3,0.0,0.0,21.743050400176234,20000028
EDF,10.329919069685257,8,0.6666666666666666,0.6484709970123765,0.75,0.33333333333333337,0.6,0.3,0.0,0.0,21.686521257929822,20000029
EDF,4.013821602442766,4,0.3333333333333333,0.3442519934873874,0.5,0.6666666666666667,0.6,0.3,0.0,0.0,19.795139824688068,20000030
EDF,9.096133698754723,7,0.5833333333333334,0.549543927105791,0.6666666666666666,0.41666666666666663,0.6,0.3,0.0,0.0,21.213049266719224,20000031
EDF,8.818275072108943,7,0.5833333333333334,0.5032230405342584,0.75,0.41666666666666663,0.6,0.3,0.0,0.0,21.144471213725094,20000032
EDF,8.444757446313584,7,0.5833333333333334,0.464415447395059,0.6666666666666666,0.41666666666666663,0.6,0.3,0.0,0.0,20.094942172023412,20000033
EDF,8.759985289357875,7,0.5833333333333334,0.5936669964789762,0.5833333333333334,0.41666666666666663,0.6,0.3,0.0,0.0,20.23003680532916,20000034
EDF,7.308886996026837,6,0.5,0.5418556765235536,0.5833333333333334,0.5,0.6,0.3,0.0,0.0,20.263015863797623,20000035
EDF,13.325378833875654,10,0.8333333333333334,0.7194564760372266,0.9166666666666666,0.16666666666666663,0.6,0.3,0.0,0.0,22.447793876388303,20000036
EDF,5.883216761530134,5,0.4166666666666667,0.46111846725202466,0.5833333333333334,0.5833333333333333,0.6,0.3,0.0,0.0,20.241279622371113,20000037
EDF,9.238363001258232,7,0.5833333333333334,0.6501827355649374,0.6666666666666666,0.41666666666666663,0.6,0.3,0.0,0.0,20.936400819253773,20000038
EDF,9.022726187947072,7,0.5833333333333334,0.5590350246747763,0.6666666666666666,0.41666666666666663,0.6,0.3,0.0,0.0,21.171598943177425,20000039
EDF,2.530171012920417,3,0.25,0.2734551385291194,0.5833333333333334,0.75,0.6,0.3,0.0,0.0,19.65124419161889,20000040
EDF,8.772660375719065,7,0.5833333333333334,0.5910678503048732,0.5833333333333334,0.41666666666666663,0.6,0.3,0.0,0.0,20.894447125257145,20000041
EDF,10.369796105161779,8,0.6666666666666666,0.6347505524594109,0.6666666666666666,0.33333333333333337,0.6,0.3,0.0,0.0,20.66440166904421,20000042
EDF,9.96261451030175,8,0.6666666666666666,0.6053808103802913,0.6666666666666666,0.33333333333333337,0.6,0.3,0.0,0.0,20.84293887778239,20000043
EDF,7.35411875659095,6,0.5,0.5276978470399821,0.5833333333333334,0.5,0.6,0.3,0.0,0.0,20.429692457098767,20000044
EDF,8.990325994328773,7,0.5833333333333334,0.5443274502821023,0.5833333333333334,0.41666666666666663,0.6,0.3,0.0,0.0,20.964158742838066,20000045
EDF,2.1022054443011196,3,0.25,0.29548974047314736,0.5,0.75,0.6,0.3,0.0,0.0,19.44938111624239,20000046
EDF,13.240301154647437,10,0.8333333333333334,0.7331135867520278,0.8333333333333334,0.16666666666666663,0.6,0.3,0.0,0.0,22.275609859960838,20000047
EDF,4.109260583745545,4,0.3333333333333333,0.33966842181735624,0.6666666666666666,0.6666666666666667,0.6,0.3,0.0,0.0,20.864562231629357,20000048
EDF,5.2357418034340455,5,0.4166666666666667,0.3279443791829169,0.75,0.5833333333333333,0.6,0.3,0.0,0.0,21.019792058599315,20000049
EDF,5.2768451243650585,5,0.4166666666666667,0.35076225560649965,0.6666666666666666,0.5833333333333333,0.6,0.3,0.0,0.0,20.401416756506983,20000050
EDF,4.579264753337056,4,0.3333333333333333,0.4259925551466525,0.6666666666666666,0.6666666666666667,0.6,0.3,0.0,0.0,21.136948747585617,20000051
EDF,7.228322828220302,6,0.5,0.4550556710403909,0.6666666666666666,0.5,0.6,0.3,0.0,0.0,20.71405414457705,20000052
EDF,5.3370967761411094,5,0.4166666666666667,0.3931878573510057,0.6666666666666666,0.5833333333333333,0.6,0.3,0.0,0.0,20.653036925260768,20000053
EDF,9.161974989942431,7,0.5833333333333334,0.6174559978307292,0.6666666666666666,0.41666666666666663,0.6,0.3,0.0,0.0,20.220437864520576,20000054
EDF,1.863508681656181,3,0.25,0.17459139697681753,0.6666666666666666,0.75,0.6,0.3,0.0,0.0,19.973103153639947,20000055
EDF,10.366871971563596,8,0.6666666666666666,0.5866155058897298,0.75,0.33333333333333337,0.6,0.3,0.0,0.0,21.080475119188595,20000056
EDF,4.460024724214735,4,0.3333333333333333,0.40451594243237765,0.5,0.6666666666666667,0.6,0.3,0.0,0.0,19.191636200452,20000057
EDF,6.669991512675203,6,0.5,0.4043311939557171,0.6666666666666666,0.5,0.6,0.3,0.0,0.0,21.01895011815677,20000058
EDF,7.809920678408691,6,0.5,0.5233024833839132,0.5833333333333334,0.5,0.6,0.3,0.0,0.0,20.22490299161207,20000059
EDF,10.480701161934123,8,0.6666666666666666,0.6409653833077511,0.6666666666666666,0.33333333333333337,0.6,0.3,0.0,0.0,20.853360937858717,20000060
EDF,9.156050896640101,7,0.5833333333333334,0.5558099472818554,0.5833333333333334,0.41666666666666663,0.6,0.3,0.0,0.0,20.311540147860715,20000061
EDF,9.096118313990292,7,0.5833333333333334,0.5583718254857813,0.5833333333333334,0.41666666666666663,0.6,0.3,0.0,0.0,20.289418652714208,20000062
EDF,5.759117405516982,5,0.4166666666666667,0.4219255275133923,0.5833333333333334,0.5833333333333333,0.6,0.3,0.0,0.0,19.620618976193516,20000063
EDF,10.403102046255166,8,0.6666666666666666,0.5981837116117975,0.75,0.33333333333333337,0.6,0.3,0.0,0.0,21.290535691760702,20000064
EDF,7.075598017346252,6,0.5,0.467041322714756,0.5833333333333334,0.5,0.6,0.3,0.0,0.0,20.178490492400517,20000065
EDF,10.749699555160008,8,0.6666666666666666,0.619035167839742,0.6666666666666666,0.33333333333333337,0.6,0.3,0.0,0.0,20.678834834757385,20000066
EDF,9.212450725955991,7,0.5833333333333334,0.6153514030825713,0.6666666666666666,0.41666666666666663,0.6,0.3,0.0,0.0,20.761206862108974,20000067
EDF,3.5828574714624395,4,0.3333333333333333,0.3287362744126909,0.5,0.6666666666666667,0.6,0.3,0.0,0.0,19.313460100124814,20000068
EDF,12.031480382051125,9,0.75,0.6496794508627279,0.8333333333333334,0.25,0.6,0.3,0.0,0.0,22.3897414534951,20000069
EDF,7.329246295050105,6,0.5,0.5324435011193004,0.5833333333333334,0.5,0.6,0.3,0.0,0.0,20.894956951963415,20000070
EDF,7.020921238458998,6,0.5,0.45367974884389584,0.5833333333333334,0.5,0.6,0.3,0.0,0.0,20.444401703562466,20000071
EDF,12.047304434156535,9,0.75,0.7058165407193489,0.75,0.25,0.6,0.3,0.0,0.0,22.435678566542848,20000072
EDF,7.06195363981354,6,0.5,0.4503799575346913,0.6666666666666666,0.5,0.6,0.3,0.0,0.0,20.78817463991117,20000073
EDF,8.340736741099237,7,0.5833333333333334,0.44631332935900836,0.6666666666666666,0.41666666666666663,0.6,0.3,0.0,0.0,21.41024944504062,20000074
EDF,2.4231451610146126,3,0.25,0.26403600289059226,0.5833333333333334,0.75,0.6,0.3,0.0,0.0,20.45155589452194,20000075
EDF,0.3732115702191221,2,0.16666666666666666,0.18144038938853574,0.5,0.8333333333333334,0.6,0.3,0.0,0.0,18.594610242567207,20000076
EDF,11.924354889900892,9,0.75,0.6744876574340876,0.75,0.25,0.6,0.3,0.0,0.0,21.5149831185162,20000077
EDF,12.26335112575397,9,0.75,0.7000755667575339,0.75,0.25,0.6,0.3,0.0,0.0,21.81990987071069,20000078
EDF,10.917818203866261,8,0.6666666666666666,0.6900230250233026,0.6666666666666666,0.33333333333333337,0.6,0.3,0.0,0.0,20.294545509665642,20000079
EDF,4.340529151072131,4,0.3333333333333333,0.43261585811346137,0.5,0.6666666666666667,0.6,0.3,0.0,0.0,20.016647725074527,20000080
EDF,2.481912658479925,3,0.25,0.2745510841030217,0.5833333333333334,0.75,0.6,0.3,0.0,0.0,20.01246799962017,20000081
EDF,10.499920759244644,8,0.6666666666666666,0.6035004623084532,0.8333333333333334,0.33333333333333337,0.6,0.3,0.0,0.0,22.820145308284644,20000082
EDF,4.37336321669026,4,0.3333333333333333,0.41040910166508643,0.6666666666666666,0.6666666666666667,0.6,0.3,0.0,0.0,20.47569091874753,20000083
EDF,6.887979130211233,6,0.5,0.4236641913849438,0.6666666666666666,0.5,0.6,0.3,0.0,0.0,20.487394954113885,20000084
EDF,7.482928775738472,6,0.5,0.5034045025781472,0.5833333333333334,0.5,0.6,0.3,0.0,0.0,19.970742918772114,20000085
EDF,7.662407632615503,6,0.5,0.5243160887104215,0.6666666666666666,0.5,0.6,0.3,0.0,0.0,20.657650078875164,20000086
EDF,9.588890316034991,7,0.5833333333333334,0.6572437483286975,0.6666666666666666,0.41666666666666663,0.6,0.3,0.0,0.0,21.034824059634687,20000087
EDF,9.3197793189546,7,0.5833333333333334,0.5973022675529491,0.5833333333333334,0.41666666666666663,0.6,0.3,0.0,0.0,20.655672135016015,20000088
EDF,10.523084526037632,8,0.6666666666666666,0.6347950750888213,0.75,0.33333333333333337,0.6,0.3,0.0,0.0,21.499094951997012,20000089
EDF,5.757776747235952,5,0.4166666666666667,0.4545842470381471,0.6666666666666666,0.5833333333333333,0.6,0.3,0.0,0.0,20.35604318885843,20000090
EDF,10.794838051248336,8,0.6666666666666666,0.6327690003381001,0.75,0.33333333333333337,0.6,0.3,0.0,0.0,21.76907429682109,20000091
EDF,6.768585786481358,6,0.5,0.39245506789042794,0.5833333333333334,0.5,0.6,0.3,0.0,0.0,20.31020873111334,20000092
EDF,11.443787277802754,9,0.75,0.6301776660548972,0.75,0.25,0.6,0.3,0.0,0.0,21.85192062046641,20000093
EDF,10.722201597354463,8,0.6666666666666666,0.6734036603293527,0.75,0.33333333333333337,0.6,0.3,0.0,0.0,21.34364825166867,20000094
EDF,5.385979588328991,5,0.4166666666666667,0.3982146453259235,0.5,0.5833333333333333,0.6,0.3,0.0,0.0,19.39004083096973,20000095
EDF,6.768242655401217,6,0.5,0.43482509000984565,0.6666666666666666,0.5,0.6,0.3,0.0,0.0,21.23083200267036,20000096
EDF,4.039371077943463,4,0.3333333333333333,0.30559754026561636,0.6666666666666666,0.6666666666666667,0.6,0.3,0.0,0.0,20.645372708376232,20000097
EDF,5.23285416207124,5,0.4166666666666667,0.36572460390019973,0.5833333333333334,0.5833333333333333,0.6,0.3,0.0,0.0,20.327486346513332,20000098
EDF,11.820961552656126,9,0.75,0.628890232770223,0.75,0.25,0.6,0.3,0.0,0.0,20.990964899160332,20000099
EDF,10.717853220091287,8,0.6666666666666666,0.6493572261373389,0.6666666666666666,0.33333333333333337,0.6,0.3,0.0,0.0,20.75656266352628,20000100
EDF,5.672300415709101,5,0.4166666666666667,0.3838704488665652,0.6666666666666666,0.5833333333333333,0.6,0.3,0.0,0.0,20.223743010387214,20000101
EDF,11.703467251436514,9,0.75,0.6505418831518992,0.75,0.25,0.6,0.3,0.0,0.0,21.486595878751807,20000102
EDF,9.486326236249127,7,0.5833333333333334,0.656302573632175,0.6666666666666666,0.41666666666666663,0.6,0.3,0.0,0.0,20.671179367225744,20000103
EDF,6.905419837225834,6,0.5,0.46700784007829405,0.5833333333333334,0.5,0.6,0.3,0.0,0.0,20.36625473688427,20000104
EDF,11.705691033412005,9,0.75,0.7023923168745795,0.75,0.25,0.6,0.3,0.0,0.0,21.828912912517037,20000105
EDF,4.4102907143565595,4,0.3333333333333333,0.418887935670015,0.5833333333333334,0.6666666666666667,0.6,0.3,0.0,0.0,20.23278940986914,20000106
EDF,12.200861362549594,9,0.75,0.728328056869703,0.75,0.25,0.6,0.3,0.0,0.0,21.15281695128039,20000107
EDF,8.63026753678661,7,0.5833333333333334,0.6042846517345167,0.6666666666666666,0.41666666666666663,0.6,0.3,0.0,0.0,21.049509781692745,20000108
EDF,2.4609145848107543,3,0.25,0.25443237424467996,0.5833333333333334,0.75,0.6,0.3,0.0,0.0,19.799476621613866,20000109
EDF,4.0646335228738355,4,0.3333333333333333,0.3991747740184693,0.5,0.6666666666666667,0.6,0.3,0.0,0.0,19.44549077299511,20000110
EDF,9.181174686808284,7,0.5833333333333334,0.5904933667275926,0.6666666666666666,0.41666666666666663,0.6,0.3,0.0,0.0,21.292737686506324,20000111
EDF,7.906667812163203,6,0.5,0.5186380757466937,0.5833333333333334,0.5,0.6,0.3,0.0,0.0,19.8730226100351,20000112
EDF,8.65203891201521,7,0.5833333333333334,0.5275674517230451,0.75,0.41666666666666663,0.6,0.3,0.0,0.0,21.19287494588307,20000113
EDF,4.081406142666308,4,0.3333333333333333,0.35252728095077895,0.5833333333333334,0.6666666666666667,0.6,0.3,0.0,0.0,20.41798244026797,20000114
EDF,5.681553525556181,5,0.4166666666666667,0.36696103386868223,0.6666666666666666,0.5833333333333333,0.6,0.3,0.0,0.0,20.695334309486533,20000115
EDF,3.58142381119536,4,0.3333333333333333,0.30549543138096275,0.6666666666666666,0.6666666666666667,0.6,0.3,0.0,0.0,20.917461047423615,20000116
EDF,0.6066092260537055,2,0.16666666666666666,0.1756448609176633,0.6666666666666666,0.8333333333333334,0.6,0.3,0.0,0.0,21.116380012971927,20000117
EDF,8.8078241910873,7,0.5833333333333334,0.5218106970859104,0.6666666666666666,0.41666666666666663,0.6,0.3,0.0,0.0,20.443966910463274,20000118
EDF,5.777052734047438,5,0.4166666666666667,0.4277701906437842,0.5833333333333334,0.5833333333333333,0.6,0.3,0.0,0.0,19.55977940100275,20000119
EDF,5.967493455465902,5,0.4166666666666667,0.47960214837074044,0.5833333333333334,0.5833333333333333,0.6,0.3,0.0,0.0,19.787243136009952,20000120
EDF,2.08536631657831,3,0.25,0.2131620147211729,0.5833333333333334,0.75,0.6,0.3,0.0,0.0,19.495973945501586,20000121
EDF,5.724419061903686,5,0.4166666666666667,0.46727814192097666,0.5833333333333334,0.5833333333333333,0.6,0.3,0.0,0.0,20.216578878252502,20000122
EDF,7.249178387775757,6,0.5,0.5191333951293786,0.75,0.5,0.6,0.3,0.0,0.0,21.25495594540293,20000123
EDF,8.648773260337824,7,0.5833333333333334,0.5881930957074477,0.6666666666666666,0.41666666666666663,0.6,0.3,0.0,0.0,20.53915340070169,20000124
EDF,11.758565564686394,9,0.75,0.6597951535988923,0.75,0.25,0.6,0.3,0.0,0.0,21.292201973484392,20000125
EDF,8.938479227385253,7,0.5833333333333334,0.5474633024914225,0.5833333333333334,0.41666666666666663,0.6,0.3,0.0,0.0,20.761119183770383,20000126
EDF,5.989031766067029,5,0.4166666666666667,0.47543663991375745,0.5833333333333334,0.5833333333333333,0.6,0.3,0.0,0.0,20.134676431706918,20000127
EDF,8.673146504800206,7,0.5833333333333334,0.5398749868841319,0.75,0.41666666666666663,0.6,0.3,0.0,0.0,21.037380145636572,20000128
EDF,10.91916290698152,8,0.6666666666666666,0.6856595645112781,0.6666666666666666,0.33333333333333337,0.6,0.3,0.0,0.0,20.857815921111424,20000129
EDF,10.395390789507655,8,0.6666666666666666,0.6435488276911482,0.6666666666666666,0.33333333333333337,0.6,0.3,0.0,0.0,21.132408936515606,20000130
EDF,7.227016388083559,6,0.5,0.4086031442276091,0.6666666666666666,0.5,0.6,0.3,0.0,0.0,20.64237722062476,20000131
EDF,10.653112333073574,8,0.6666666666666666,0.6163450489209417,0.75,0.33333333333333337,0.6,0.3,0.0,0.0,22.05456734583208,20000132
EDF,12.06881084154359,9,0.75,0.7435270328922617,0.75,0.25,0.6,0.3,0.0,0.0,21.49271030676497,20000133
EDF,4.802845410808553,5,0.4166666666666667,0.3409979540696006,0.5833333333333334,0.5833333333333333,0.6,0.3,0.0,0.0,20.023140087483046,20000134
EDF,9.055782743939742,7,0.5833333333333334,0.5749298351369808,0.6666666666666666,0.41666666666666663,0.6,0.3,0.0,0.0,21.902373289146162,20000135
EDF,10.756638575852712,8,0.6666666666666666,0.6281071430824648,0.75,0.33333333333333337,0.6,0.3,0.0,0.0,21.00952325436072,20000136
EDF,12.01707255342106,9,0.75,0.6480749807972268,0.75,0.25,0.6,0.3,0.0,0.0,21.692815668352747,20000137
EDF,4.104437862781427,4,0.3333333333333333,0.3731971054447636,0.5833333333333334,0.6666666666666667,0.6,0.3,0.0,0.0,20.374062296756783,20000138
EDF,9.024363955878052,7,0.5833333333333334,0.5555550011830332,0.75,0.41666666666666663,0.6,0.3,0.0,0.0,21.224227418773854,20000139
EDF,12.030567905145798,9,0.75,0.8054813452896769,0.75,0.25,0.6,0.3,0.0,0.0,21.41247451358956,20000140
EDF,6.090387427890987,5,0.4166666666666667,0.5065476104317224,0.5,0.5833333333333333,0.6,0.3,0.0,0.0,19.501775894397984,20000141
EDF,11.058854517540418,8,0.6666666666666666,0.6791585618710888,0.6666666666666666,0.33333333333333337,0.6,0.3,0.0,0.0,20.64713629385104,20000142
EDF,5.568057897468391,5,0.4166666666666667,0.3544749434285905,0.5833333333333334,0.5833333333333333,0.6,0.3,0.0,0.0,19.56824601770384,20000143
EDF,8.930274850199538,7,0.5833333333333334,0.598843015978493,0.6666666666666666,0.41666666666666663,0.6,0.3,0.0,0.0,21.320634163088062,20000144
EDF,10.569374153129287,8,0.6666666666666666,0.6738202930599478,0.6666666666666666,0.33333333333333337,0.6,0.3,0.0,0.0,20.707441367003486,20000145
EDF,5.352875566616016,5,0.4166666666666667,0.33457122488285884,0.6666666666666666,0.5833333333333333,0.6,0.3,0.0,0.0,20.654305576578828,20000146
EDF,8.777738310976208,7,0.5833333333333334,0.5823801740249387,0.6666666666666666,0.41666666666666663,0.6,0.3,0.0,0.0,21.2417978440812,20000147
EDF,7.12818279952746,6,0.5,0.4896424678107968,0.5833333333333334,0.5,0.6,0.3,0.0,0.0,20.507341022420704,20000148
EDF,5.857549089889321,5,0.4166666666666667,0.4379874275808476,0.6666666666666666,0.5833333333333333,0.6,0.3,0.0,0.0,20.60036865133129,20000149
EDF,9.25397036686715,7,0.5833333333333334,0.612106010360986,0.75,0.41666666666666663,0.6,0.3,0.0,0.0,20.921148312370764,20000150
EDF,10.61349555333171,8,0.6666666666666666,0.6942043473422743,0.75,0.33333333333333337,0.6,0.3,0.0,0.0,21.49290896015512,20000151
EDF,4.371472030729036,4,0.3333333333333333,0.40811667213769726,0.5833333333333334,0.6666666666666667,0.6,0.3,0.0,0.0,20.473266264866933,20000152
EDF,7.258508011129843,6,0.5,0.5557427961020511,0.5833333333333334,0.5,0.6,0.3,0.0,0.0,20.4156193458736,20000153
EDF,10.822251523744972,8,0.6666666666666666,0.6624821144706485,0.75,0.33333333333333337,0.6,0.3,0.0,0.0,21.770955971873406,20000154
EDF,5.997119024073259,5,0.4166666666666667,0.46485471028701464,0.6666666666666666,0.5833333333333333,0.6,0.3,0.0,0.0,20.25371765901586,20000155
EDF,9.41909476719367,7,0.5833333333333334,0.6529476661606004,0.5833333333333334,0.41666666666666663,0.6,0.3,0.0,0.0,19.887498073663178,20000156
EDF,4.862502685011854,5,0.4166666666666667,0.3441292141946729,0.5833333333333334,0.5833333333333333,0.6,0.3,0.0,0.0,20.127046817156852,20000157
EDF,7.070552955214184,6,0.5,0.48075565861198366,0.5833333333333334,0.5,0.6,0.3,0.0,0.0,19.82134598793485,20000158
EDF,4.296351116535842,4,0.3333333333333333,0.42573618777567274,0.5,0.6666666666666667,0.6,0.3,0.0,0.0,19.4704053760586,20000159
EDF,5.38084781436132,5,0.4166666666666667,0.3945285528085505,0.6666666666666666,0.5833333333333333,0.6,0.3,0.0,0.0,21.049707741784584,20000160
EDF,8.791405165553083,7,0.5833333333333334,0.6165491906353174,0.6666666666666666,0.41666666666666663,0.6,0.3,0.0,0.0,20.661235077443475,20000161
EDF,4.160552903301044,4,0.3333333333333333,0.3168043855779764,0.6666666666666666,0.6666666666666667,0.6,0.3,0.0,0.0,20.629466028293773,20000162
EDF,10.14724135924603,8,0.6666666666666666,0.5765935313388495,0.6666666666666666,0.33333333333333337,0.6,0.3,0.0,0.0,20.582575976072036,20000163
EDF,7.439756324031743,6,0.5,0.46998450200012787,0.5833333333333334,0.5,0.6,0.3,0.0,0.0,19.888942985100854,20000164
EDF,10.060702125467499,8,0.6666666666666666,0.5763099237816818,0.75,0.33333333333333337,0.6,0.3,0.0,0.0,21.735513732408606,20000165
EDF,5.541142723338568,5,0.4166666666666667,0.3855300890984242,0.6666666666666666,0.5833333333333333,0.6,0.3,0.0,0.0,21.233706344678808,20000166
EDF,8.617419571546515,7,0.5833333333333334,0.535769553812413,0.75,0.41666666666666663,0.6,0.3,0.0,0.0,21.0292799603561,20000167
EDF,7.43545964976195,6,0.5,0.47085306833085167,0.6666666666666666,0.5,0.6,0.3,0.0,0.0,20.326156566518268,20000168
EDF,10.590767988778516,8,0.6666666666666666,0.6735458106052459,0.6666666666666666,0.33333333333333337,0.6,0.3,0.0,0.0,20.35743552513323,20000169
EDF,5.691216648722275,5,0.4166666666666667,0.48721494019435013,0.5,0.5833333333333333,0.6,0.3,0.0,0.0,20.162831896652243,20000170
EDF,8.861921167923716,7,0.5833333333333334,0.5564041385415149,0.75,0.41666666666666663,0.6,0.3,0.0,0.0,20.550249289322718,20000171
EDF,10.407353173300402,8,0.6666666666666666,0.6236223501220405,0.75,0.33333333333333337,0.6,0.3,0.0,0.0,21.630739847858614,20000172
EDF,8.710684698571061,7,0.5833333333333334,0.507623218670294,0.6666666666666666,0.41666666666666663,0.6,0.3,0.0,0.0,20.8299649371664,20000173
EDF,10.79347472353477,8,0.6666666666666666,0.6250828283738441,0.75,0.33333333333333337,0.6,0.3,0.0,0.0,21.317531191794664,20000174
EDF,8.802510255405618,7,0.5833333333333334,0.5662706587903871,0.6666666666666666,0.41666666666666663,0.6,0.3,0.0,0.0,21.563528279696293,20000175
EDF,8.82895732770522,7,0.5833333333333334,0.5616144420909911,0.6666666666666666,0.41666666666666663,0.6,0.3,0.0,0.0,20.908077214044837,20000176
EDF,7.118827856045469,6,0.5,0.47613291202066094,0.6666666666666666,0.5,0.6,0.3,0.0,0.0,21.44782987320472,20000177
EDF,7.292872839179694,6,0.5,0.4596405096810588,0.6666666666666666,0.5,0.6,0.3,0.0,0.0,20.414335126157557,20000178
EDF,2.204382390087716,3,0.25,0.24215786027420602,0.6666666666666666,0.75,0.6,0.3,0.0,0.0,20.9856027749197,20000179
EDF,7.507337639949911,6,0.5,0.45693083965607667,0.6666666666666666,0.5,0.6,0.3,0.0,0.0,20.2998896109645,20000180
EDF,7.368529126695016,6,0.5,0.6459499353852894,0.5833333333333334,0.5,0.6,0.3,0.0,0.0,20.26410245877951,20000181
EDF,9.541475541516235,7,0.5833333333333334,0.6396637389016463,0.5833333333333334,0.41666666666666663,0.6,0.3,0.0,0.0,20.098537346814116,20000182
EDF,3.759500744451268,4,0.3333333333333333,0.30179786064726005,0.5833333333333334,0.6666666666666667,0.6,0.3,0.0,0.0,20.347325147150265,20000183
EDF,5.694133644652668,5,0.4166666666666667,0.43718180064355383,0.6666666666666666,0.5833333333333333,0.6,0.3,0.0,0.0,21.018495616771524,20000184
EDF,9.06384569256806,7,0.5833333333333334,0.6498682460129557,0.5833333333333334,0.41666666666666663,0.6,0.3,0.0,0.0,19.996358827263983,20000185
EDF,8.172497484662554,7,0.5833333333333334,0.47983321772451304,0.6666666666666666,0.41666666666666663,0.6,0.3,0.0,0.0,20.657131044603585,20000186
EDF,7.559687819936542,6,0.5,0.5312860415172085,0.5,0.5,0.6,0.3,0.0,0.0,19.415465175877735,20000187
EDF,10.632303582509945,8,0.6666666666666666,0.6032567965635902,0.75,0.33333333333333337,0.6,0.3,0.0,0.0,21.559648647569368,20000188
EDF,3.946223604228277,4,0.3333333333333333,0.3062738617362002,0.6666666666666666,0.6666666666666667,0.6,0.3,0.0,0.0,20.416567457609663,20000189
EDF,11.93881687786746,9,0.75,0.652759954275449,0.75,0.25,0.6,0.3,0.0,0.0,21.36712536392624,20000190
EDF,16.25699965658639,12,1.0,1.0,1.0,0.0,0.6,0.3,0.0,0.0,22.642499141465976,20000191
EDF,5.600779240295227,5,0.4166666666666667,0.475148022234256,0.5833333333333334,0.5833333333333333,0.6,0.3,0.0,0.0,20.5303288113072,20000192
EDF,3.552553788644798,4,0.3333333333333333,0.33579714937487193,0.5,0.6666666666666667,0.6,0.3,0.0,0.0,19.564184052673006,20000193
EDF,9.209114975682043,7,0.5833333333333334,0.6001107901192286,0.5833333333333334,0.41666666666666663,0.6,0.3,0.0,0.0,20.021583445673137,20000194
EDF,12.437244335026136,9,0.75,0.6496821936863892,0.75,0.25,0.6,0.3,0.0,0.0,21.752201267603375,20000195
EDF,5.300269816601087,5,0.4166666666666667,0.4076055922059989,0.5833333333333334,0.5833333333333333,0.6,0.3,0.0,0.0,20.657081550193354,20000196
EDF,5.435026957795588,5,0.4166666666666667,0.4059199135897737,0.5833333333333334,0.5833333333333333,0.6,0.3,0.0,0.0,20.648396621807894,20000197
EDF,0.8996856708130987,2,0.16666666666666666,0.22013420658404223,0.6666666666666666,0.8333333333333334,0.6,0.3,0.0,0.0,20.146407122229313,20000198
EDF,5.408662078827598,5,0.4166666666666667,0.34647971080028606,0.6666666666666666,0.5833333333333333,0.6,0.3,0.0,0.0,20.395509747911223,20000199
EDF,7.274007314524429,6,0.5,0.4998318218804246,0.5833333333333334,0.5,0.6,0.3,0.0,0.0,20.295478993600234,20000200
EDF,5.03074456530986,5,0.4166666666666667,0.319486203976639,0.5833333333333334,0.5833333333333333,0.6,0.3,0.0,0.0,19.91070119655669,20000201
EDF,7.247548943020362,6,0.5,0.5084142070473718,0.5833333333333334,0.5,0.6,0.3,0.0,0.0,20.25460746653202,20000202
EDF,10.327961094244444,8,0.6666666666666666,0.6905540449191093,0.6666666666666666,0.33333333333333337,0.6,0.3,0.0,0.0,20.12998731638688,20000203
EDF,8.739366784674585,7,0.5833333333333334,0.48941519668038275,0.6666666666666666,0.41666666666666663,0.6,0.3,0.0,0.0,21.71983121748544,20000204
EDF,10.711946367651763,8,0.6666666666666666,0.6787707106531258,0.75,0.33333333333333337,0.6,0.3,0.0,0.0,21.419676520077772,20000205
EDF,2.167184787169415,3,0.25,0.31850326557226194,0.4166666666666667,0.75,0.6,0.3,0.0,0.0,18.717352123870853,20000206
EDF,2.120725342176991,3,0.25,0.24492883896445283,0.5833333333333334,0.75,0.6,0.3,0.0,0.0,20.731072574371215,20000207
EDF,7.420587697116594,6,0.5,0.5037194430997806,0.5833333333333334,0.5,0.6,0.3,0.0,0.0,20.213861662661607,20000208
EDF,5.285530178301295,5,0.4166666666666667,0.3670402709944031,0.5833333333333334,0.5833333333333333,0.6,0.3,0.0,0.0,19.58499470998061,20000209
EDF,11.642839005471659,9,0.75,0.6136318518233337,0.8333333333333334,0.25,0.6,0.3,0.0,0.0,21.801897419665032,20000210
EDF,3.872892812173437,4,0.3333333333333333,0.3395401890315364,0.6666666666666666,0.6666666666666667,0.6,0.3,0.0,0.0,20.500129151432652,20000211
EDF,10.802909760783365,8,0.6666666666666666,0.7077630326427626,0.75,0.33333333333333337,0.6,0.3,0.0,0.0,21.63425539952854,20000212
EDF,5.451704993136589,5,0.4166666666666667,0.35373884032470526,0.75,0.5833333333333333,0.6,0.3,0.0,0.0,21.43885562959961,20000213
EDF,10.574597607593505,8,0.6666666666666666,0.5977643379552421,0.6666666666666666,0.33333333333333337,0.6,0.3,0.0,0.0,21.634888735668167,20000214
EDF,9.009631785226013,7,0.5833333333333334,0.5690566997434044,0.5833333333333334,0.41666666666666663,0.6,0.3,0.0,0.0,21.265240280105946,20000215
EDF,3.7706264340763065,4,0.3333333333333333,0.32790952256062333,0.6666666666666666,0.6666666666666667,0.6,0.3,0.0,0.0,20.43475059076407,20000216
EDF,10.552877124927095,8,0.6666666666666666,0.611401008166558,0.8333333333333334,0.33333333333333337,0.6,0.3,0.0,0.0,21.724731308108137,20000217
EDF,8.727601023120375,7,0.5833333333333334,0.5430413987042293,0.75,0.41666666666666663,0.6,0.3,0.0,0.0,21.283217990284474,20000218
EDF,4.056993951925171,4,0.3333333333333333,0.36482325038995134,0.6666666666666666,0.6666666666666667,0.6,0.3,0.0,0.0,21.584174622870883,20000219
EDF,8.963079157389368,7,0.5833333333333334,0.5803886807350945,0.75,0.41666666666666663,0.6,0.3,0.0,0.0,21.331323021745856,20000220
EDF,9.945373357396864,8,0.6666666666666666,0.6100361041773049,0.6666666666666666,0.33333333333333337,0.6,0.3,0.0,0.0,20.869639500596634,20000221
EDF,8.577881932088035,7,0.5833333333333334,0.4854265913737043,0.75,0.41666666666666663,0.6,0.3,0.0,0.0,21.22116545481571,20000222
EDF,7.065810211872375,6,0.5,0.44010756369861304,0.75,0.5,0.6,0.3,0.0,0.0,21.186583498368925,20000223
EDF,3.5333146768623127,4,0.3333333333333333,0.30124931014543566,0.5833333333333334,0.6666666666666667,0.6,0.3,0.0,0.0,20.347703198575214,20000224
EDF,8.695287779636999,7,0.5833333333333334,0.5829808338523058,0.6666666666666666,0.41666666666666663,0.6,0.3,0.0,0.0,21.2663002504669,20000225
EDF,9.261889079518564,7,0.5833333333333334,0.6149409144206648,0.5833333333333334,0.41666666666666663,0.6,0.3,0.0,0.0,20.514816721381685,20000226
EDF,2.745064915740068,3,0.25,0.3713034259098195,0.6666666666666666,0.75,0.6,0.3,0.0,0.0,20.715876715993303,20000227
EDF,5.4406362521563985,5,0.4166666666666667,0.3579664053691239,0.75,0.5833333333333333,0.6,0.3,0.0,0.0,20.68579694379764,20000228
EDF,2.228107340623653,3,0.25,0.25621966992303696,0.5833333333333334,0.75,0.6,0.3,0.0,0.0,20.108950241807506,20000229
EDF,5.553349195536201,5,0.4166666666666667,0.32803024510612444,0.75,0.5833333333333333,0.6,0.3,0.0,0.0,21.416723444826722,20000230
EDF,8.980235577347596,7,0.5833333333333334,0.5961369761224597,0.6666666666666666,0.41666666666666663,0.6,0.3,0.0,0.0,20.2555511622316,20000231
EDF,3.8856005230919033,4,0.3333333333333333,0.36532857853260203,0.5,0.6666666666666667,0.6,0.3,0.0,0.0,19.202224163450058,20000232
EDF,10.584589412664037,8,0.6666666666666666,0.6125761282122694,0.6666666666666666,0.33333333333333337,0.6,0.3,0.0,0.0,21.3014169498471,20000233
EDF,9.028086672240482,7,0.5833333333333334,0.5085069564101389,0.6666666666666666,0.41666666666666663,0.6,0.3,0.0,0.0,20.455165063825575,20000234
EDF,10.388585520241348,8,0.6666666666666666,0.6681058379813976,0.75,0.33333333333333337,0.6,0.3,0.0,0.0,20.67394266556996,20000235
EDF,12.347251733535572,9,0.75,0.7268915611215374,0.75,0.25,0.6,0.3,0.0,0.0,21.615375153294814,20000236
EDF,5.51157128674944,5,0.4166666666666667,0.3575215834105232,0.5833333333333334,0.5833333333333333,0.6,0.3,0.0,0.0,19.903101482261267,20000237
EDF,10.693335074859837,8,0.6666666666666666,0.6129082302632884,0.6666666666666666,0.33333333333333337,0.6,0.3,0.0,0.0,20.593021290812082,20000238
EDF,4.189912746095384,4,0.3333333333333333,0.40125280570437755,0.5,0.6666666666666667,0.6,0.3,0.0,0.0,19.759927316852096,20000239
EDF,7.385358904754389,6,0.5,0.48360394619425423,0.5833333333333334,0.5,0.6,0.3,0.0,0.0,20.09712791167451,20000240
EDF,8.046457831664004,6,0.5,0.5863024291261361,0.5833333333333334,0.5,0.6,0.3,0.0,0.0,19.94111940534884,20000241
EDF,13.43969891121924,10,0.8333333333333334,0.8632995718114819,0.8333333333333334,0.16666666666666663,0.6,0.3,0.0,0.0,21.626139803468007,20000242
EDF,7.622959282478472,6,0.5,0.5013689462836148,0.5833333333333334,0.5,0.6,0.3,0.0,0.0,19.97609898284697,20000243
EDF,7.526422613977891,6,0.5,0.5448430389922366,0.6666666666666666,0.5,0.6,0.3,0.0,0.0,20.288279075165594,20000244
EDF,7.373506694035234,6,0.5,0.5201578077540587,0.5833333333333334,0.5,0.6,0.3,0.0,0.0,19.985236790343468,20000245
EDF,5.3438986157036386,5,0.4166666666666667,0.3883535315933137,0.6666666666666666,0.5833333333333333,0.6,0.3,0.0,0.0,20.501475854942914,20000246
EDF,5.468585730174631,5,0.4166666666666667,0.42939996188443424,0.5833333333333334,0.5833333333333333,0.6,0.3,0.0,0.0,20.039052809402545,20000247
EDF,12.233450071892246,9,0.75,0.8311182310387346,0.75,0.25,0.6,0.3,0.0,0.0,20.833625179730614,20000248
EDF,3.4080824919083614,4,0.3333333333333333,0.2728274966478762,0.5833333333333334,0.6666666666666667,0.6,0.3,0.0,0.0,20.061614996385526,20000249
EDF,10.499347138733803,8,0.6666666666666666,0.6311047196526681,0.75,0.33333333333333337,0.6,0.3,0.0,0.0,20.904158405520125,20000250
EDF,9.943190540154372,8,0.6666666666666666,0.5012799119231333,0.75,0.33333333333333337,0.6,0.3,0.0,0.0,20.929938564078792,20000251
EDF,12.157709287646894,9,0.75,0.712739212783882,0.75,0.25,0.6,0.3,0.0,0.0,22.20612413655971,20000252
EDF,10.350825007824533,8,0.6666666666666666,0.5518328790107492,0.6666666666666666,0.33333333333333337,0.6,0.3,0.0,0.0,20.934101290217896,20000253
EDF,1.9021623201028603,3,0.25,0.27435582055121344,0.5,0.75,0.6,0.3,0.0,0.0,19.655035820533534,20000254
EDF,0.6287398568199918,2,0.16666666666666666,0.2013471982658631,0.5833333333333334,0.8333333333333334,0.6,0.3,0.0,0.0,20.29546921964285,20000255
EDF,7.32130639843205,6,0.5,0.47800342332843077,0.5833333333333334,0.5,0.6,0.3,0.0,0.0,20.2563664194624,20000256
EDF,12.113915812452694,9,0.75,0.6729462760410914,0.75,0.25,0.6,0.3,0.0,0.0,21.40310781209338,20000257
EDF,10.743120761397906,8,0.6666666666666666,0.7053679402649007,0.6666666666666666,0.33333333333333337,0.6,0.3,0.0,0.0,20.824089092223574,20000258
EDF,7.7290472191926725,6,0.5,0.6238746012376135,0.5833333333333334,0.5,0.6,0.3,0.0,0.0,20.549447431428963,20000259
EDF,9.500527223309714,7,0.5833333333333334,0.5998120345533745,0.5833333333333334,0.41666666666666663,0.6,0.3,0.0,0.0,20.60473668892461,20000260
EDF,4.505265949939643,4,0.3333333333333333,0.4246147691332802,0.5,0.6666666666666667,0.6,0.3,0.0,0.0,19.398282693748396,20000261
EDF,3.846474789669334,4,0.3333333333333333,0.3328160647089589,0.5833333333333334,0.6666666666666667,0.6,0.3,0.0,0.0,20.467183857099354,20000262
EDF,10.472905296953346,8,0.6666666666666666,0.6705428816842274,0.75,0.33333333333333337,0.6,0.3,0.0,0.0,22.428507682392116,20000263
EDF,6.068304811428456,5,0.4166666666666667,0.5306540042747796,0.5,0.5833333333333333,0.6,0.3,0.0,0.0,19.473190735322227,20000264
EDF,11.673098647514264,9,0.75,0.7380131259857752,0.75,0.25,0.6,0.3,0.0,0.0,21.659504983138394,20000265
EDF,13.563072206616956,10,0.8333333333333334,0.7249622738955646,0.8333333333333334,0.16666666666666663,0.6,0.3,0.0,0.0,21.860269674510786,20000266
EDF,2.3149343802286815,3,0.25,0.28588381608885977,0.5,0.75,0.6,0.3,0.0,0.0,19.654991053709626,20000267
EDF,6.078820415913655,5,0.4166666666666667,0.45756364613099904,0.6666666666666666,0.5833333333333333,0.6,0.3,0.0,0.0,20.72364692182185,20000268
EDF,7.114496605700484,6,0.5,0.4790557321320402,0.5833333333333334,0.5,0.6,0.3,0.0,0.0,20.25525897956425,20000269
EDF,5.760208076607219,5,0.4166666666666667,0.4469349066451797,0.6666666666666666,0.5833333333333333,0.6,0.3,0.0,0.0,20.703689856765923,20000270
EDF,9.02436393858001,7,0.5833333333333334,0.5901312097669127,0.6666666666666666,0.41666666666666663,0.6,0.3,0.0,0.0,20.685476839755346,20000271
EDF,12.065475658722153,9,0.75,0.7025257142486548,0.75,0.25,0.6,0.3,0.0,0.0,21.252479534206465,20000272
EDF,11.57445219703295,9,0.75,0.586867309155765,0.75,0.25,0.6,0.3,0.0,0.0,21.290978470354656,20000273
EDF,8.926225350691077,7,0.5833333333333334,0.558068816977794,0.6666666666666666,0.41666666666666663,0.6,0.3,0.0,0.0,20.60762071039377,20000274
EDF,8.549410188771503,7,0.5833333333333334,0.4981196945290486,0.75,0.41666666666666663,0.6,0.3,0.0,0.0,20.99266113880034,20000275
EDF,10.664463807153204,8,0.6666666666666666,0.5972440900485302,0.6666666666666666,0.33333333333333337,0.6,0.3,0.0,0.0,20.867955155841926,20000276
EDF,5.358807132552025,5,0.4166666666666667,0.35571981131138797,0.6666666666666666,0.5833333333333333,0.6,0.3,0.0,0.0,20.41241434130111,20000277
EDF,7.463408509733224,6,0.5,0.5261418396256279,0.5833333333333334,0.5,0.6,0.3,0.0,0.0,19.75709278071713,20000278
EDF,9.00149470318513,7,0.5833333333333334,0.5851533850575632,0.6666666666666666,0.41666666666666663,0.6,0.3,0.0,0.0,20.317521577228373,20000279
EDF,13.617343711603226,10,0.8333333333333334,0.8673115023735012,0.8333333333333334,0.16666666666666663,0.6,0.3,0.0,0.0,22.13585774879254,20000280
EDF,9.035144452793268,7,0.5833333333333334,0.6444017025845702,0.6666666666666666,0.41666666666666663,0.6,0.3,0.0,0.0,20.61232727447774,20000281
EDF,7.189382889811968,6,0.5,0.4897799749786871,0.5833333333333334,0.5,0.6,0.3,0.0,0.0,20.510602322801162,20000282
EDF,11.918791681538394,9,0.75,0.72728659401823,0.75,0.25,0.6,0.3,0.0,0.0,21.036785896919458,20000283
EDF,9.338152829917341,7,0.5833333333333334,0.6421099283216893,0.5833333333333334,0.41666666666666663,0.6,0.3,0.0,0.0,20.52358268886577,20000284
EDF,10.804314903272067,8,0.6666666666666666,0.6767854443299953,0.6666666666666666,0.33333333333333337,0.6,0.3,0.0,0.0,21.176460794203056,20000285
EDF,5.792565584108629,5,0.4166666666666667,0.3815385807289389,0.5833333333333334,0.5833333333333333,0.6,0.3,0.0,0.0,19.614305128446908,20000286
EDF,10.755232066181744,8,0.6666666666666666,0.7347127548875763,0.8333333333333334,0.33333333333333337,0.6,0.3,0.0,0.0,21.81245372922126,20000287
EDF,9.343782539620403,7,0.5833333333333334,0.6886319518990843,0.6666666666666666,0.41666666666666663,0.6,0.3,0.0,0.0,21.077999827930658,20000288
EDF,7.034963341364094,6,0.5,0.5309716484471715,0.6666666666666666,0.5,0.6,0.3,0.0,0.0,20.621045294714076,20000289
EDF,3.677803705086755,4,0.3333333333333333,0.32015816649968126,0.5833333333333334,0.6666666666666667,0.6,0.3,0.0,0.0,20.0176144713701,20000290
EDF,12.003749415133964,9,0.75,0.744632130718845,0.75,0.25,0.6,0.3,0.0,0.0,21.96012021765143,20000291
EDF,7.294418240281699,6,0.5,0.5097255608706359,0.5833333333333334,0.5,0.6,0.3,0.0,0.0,20.749458058393593,20000292
EDF,12.271108943788414,9,0.75,0.6961697025320529,0.75,0.25,0.6,0.3,0.0,0.0,20.92777235947104,20000293
EDF,5.8703472890616055,5,0.4166666666666667,0.4861427775165081,0.5,0.5833333333333333,0.6,0.3,0.0,0.0,19.791261334399216,20000294
EDF,2.404095761989554,3,0.25,0.26856577450927144,0.6666666666666666,0.75,0.6,0.3,0.0,0.0,20.167210558579953,20000295
EDF,7.565943712922742,6,0.5,0.5271326594861834,0.5833333333333334,0.5,0.6,0.3,0.0,0.0,20.39998121136248,20000296
EDF,10.17039954086131,8,0.6666666666666666,0.5830695078846128,0.75,0.33333333333333337,0.6,0.3,0.0,0.0,21.15274993593174,20000297
EDF,9.132564483409809,7,0.5833333333333334,0.5473988565397967,0.75,0.41666666666666663,0.6,0.3,0.0,0.0,20.89128226776833,20000298
EDF,8.21477802155491,7,0.5833333333333334,0.5644161398765001,0.6666666666666666,0.41666666666666663,0.6,0.3,0.0,0.0,21.193746964283388,20000299
EDF,6.021656739763208,5,0.4166666666666667,0.48498237587503823,0.5,0.5833333333333333,0.6,0.3,0.0,0.0,19.576458755484328,20000300
EDF,10.034156524369978,8,0.6666666666666666,0.6470455377911905,0.6666666666666666,0.33333333333333337,0.6,0.3,0.0,0.0,21.08855661764876,20000301
EDF,7.431956381464369,6,0.5,0.46209319590380943,0.5833333333333334,0.5,0.6,0.3,0.0,0.0,20.190433560906982,20000302
EDF,9.295633360370363,7,0.5833333333333334,0.6706236882528721,0.6666666666666666,0.41666666666666663,0.6,0.3,0.0,0.0,21.45197099705434,20000303
EDF,13.832426261359277,10,0.8333333333333334,0.8443465305864349,0.8333333333333334,0.16666666666666663,0.6,0.3,0.0,0.0,22.654034654562068,20000304
EDF,13.444838132686478,10,0.8333333333333334,0.8309511865475614,0.8333333333333334,0.16666666666666663,0.6,0.3,0.0,0.0,22.774207033686668,20000305
EDF,8.375286231814206,7,0.5833333333333334,0.5599439452162591,0.6666666666666666,0.41666666666666663,0.6,0.3,0.0,0.0,20.472208201058294,20000306
EDF,7.47665845338906,6,0.5,0.5573973148725411,0.5833333333333334,0.5,0.6,0.3,0.0,0.0,19.994467608728545,20000307
EDF,6.919466235939261,6,0.5,0.4396842761559213,0.5833333333333334,0.5,0.6,0.3,0.0,0.0,20.46658180065134,20000308
EDF,7.513862962270602,6,0.5,0.4862289238230248,0.5833333333333334,0.5,0.6,0.3,0.0,0.0,19.620216534869343,20000309
EDF,8.581577044477871,7,0.5833333333333334,0.6059517569316817,0.75,0.41666666666666663,0.6,0.3,0.0,0.0,21.52101980043633,20000310
EDF,5.810661052110544,5,0.4166666666666667,0.4610468715026317,0.6666666666666666,0.5833333333333333,0.6,0.3,0.0,0.0,20.706463779315573,20000311
EDF,5.909802040270109,5,0.4166666666666667,0.5111127727730121,0.5833333333333334,0.5833333333333333,0.6,0.3,0.0,0.0,19.991101300757293,20000312
EDF,2.4726824488024226,3,0.25,0.2636731384004103,0.6666666666666666,0.75,0.6,0.3,0.0,0.0,20.577809981522208,20000313
EDF,7.526608416044084,6,0.5,0.6217956573357719,0.5833333333333334,0.5,0.6,0.3,0.0,0.0,20.537498705710203,20000314
EDF,0.8100269744903192,2,0.16666666666666666,0.25973852583220114,0.5833333333333334,0.8333333333333334,0.6,0.3,0.0,0.0,20.553253158741473,20000315
EDF,9.343529866393137,7,0.5833333333333334,0.5152228854674383,0.6666666666666666,0.41666666666666663,0.6,0.3,0.0,0.0,20.70782485384689,20000316
EDF,5.672084918631,5,0.4166666666666667,0.43406055106961633,0.6666666666666666,0.5833333333333333,0.6,0.3,0.0,0.0,20.291273831498543,20000317
EDF,2.6107535788989,3,0.25,0.3058267336115189,0.5833333333333334,0.75,0.6,0.3,0.0,0.0,19.683115176902863,20000318
EDF,1.9809420523384387,3,0.25,0.25541203382218736,0.5,0.75,0.6,0.3,0.0,0.0,19.897128517688476,20000319
EDF,6.642117912681753,6,0.5,0.3751008542080911,0.5833333333333334,0.5,0.6,0.3,0.0,0.0,20.32252248885111,20000320
EDF,13.666773861503595,10,0.8333333333333334,0.7603328025977458,0.8333333333333334,0.16666666666666663,0.6,0.3,0.0,0.0,21.666934653758997,20000321
EDF,9.562359339889055,7,0.5833333333333334,0.6425798617605624,0.5833333333333334,0.41666666666666663,0.6,0.3,0.0,0.0,19.655898349722634,20000322
EDF,2.6227669460963225,3,0.25,0.28705910066424745,0.6666666666666666,0.75,0.6,0.3,0.0,0.0,21.08468440545667,20000323
EDF,7.4769616073171115,6,0.5,0.49243056097940285,0.6666666666666666,0.5,0.6,0.3,0.0,0.0,21.04733809202024,20000324
EDF,8.712266752663664,7,0.5833333333333334,0.5334165468041078,0.75,0.41666666666666663,0.6,0.3,0.0,0.0,21.533708692839895,20000325
EDF,4.1796544719760504,4,0.3333333333333333,0.33437304174892335,0.5833333333333334,0.6666666666666667,0.6,0.3,0.0,0.0,20.66621557391287,20000326
EDF,10.396407020918222,8,0.6666666666666666,0.6494316470585567,0.6666666666666666,0.33333333333333337,0.6,0.3,0.0,0.0,20.979354573767786,20000327
EDF,5.285504509174633,5,0.4166666666666667,0.3426114158342514,0.6666666666666666,0.5833333333333333,0.6,0.3,0.0,0.0,21.231009772692527,20000328
EDF,5.7486240666606445,5,0.4166666666666667,0.4098382133666388,0.5833333333333334,0.5833333333333333,0.6,0.3,0.0,0.0,20.076275409439475,20000329
EDF,6.070667620999118,5,0.4166666666666667,0.5082637102054953,0.6666666666666666,0.5833333333333333,0.6,0.3,0.0,0.0,20.464918566343737,20000330
EDF,7.274067993116827,6,0.5,0.5250993380932641,0.75,0.5,0.6,0.3,0.0,0.0,21.69150909510066,20000331
EDF,2.9023509461660115,3,0.25,0.3982483927230881,0.6666666666666666,0.75,0.6,0.3,0.0,0.0,20.861556382903334,20000332
EDF,3.6791537008339024,4,0.3333333333333333,0.3193158462658975,0.6666666666666666,0.6666666666666667,0.6,0.3,0.0,0.0,20.642564658878513,20000333
EDF,7.209702777282407,6,0.5,0.4159662523264177,0.6666666666666666,0.5,0.6,0.3,0.0,0.0,20.790175969564203,20000334
EDF,7.3382657928916615,6,0.5,0.5426623273564931,0.5833333333333334,0.5,0.6,0.3,0.0,0.0,20.425906458231506,20000335
EDF,2.3575669866111415,3,0.25,0.27501434195167046,0.5833333333333334,0.75,0.6,0.3,0.0,0.0,20.111070134588385,20000336
EDF,6.8689179203087045,6,0.5,0.3939973194913145,0.6666666666666666,0.5,0.6,0.3,0.0,0.0,20.932284371441423,20000337
EDF,10.324716808536133,8,0.6666666666666666,0.6541239757689091,0.6666666666666666,0.33333333333333337,0.6,0.3,0.0,0.0,21.029659471960837,20000338
EDF,10.728145811678385,8,0.6666666666666666,0.6393619187984089,0.75,0.33333333333333337,0.6,0.3,0.0,0.0,21.00856555114856,20000339
EDF,7.270986519776919,6,0.5,0.4996729082863358,0.5833333333333334,0.5,0.6,0.3,0.0,0.0,19.948712059725015,20000340
EDF,10.713880460024985,8,0.6666666666666666,0.6800847962309776,0.6666666666666666,0.33333333333333337,0.6,0.3,0.0,0.0,21.214295702742202,20000341
EDF,11.974693571300996,9,0.75,0.720441237788302,0.75,0.25,0.6,0.3,0.0,0.0,21.508834562623584,20000342
EDF,10.290029955127423,8,0.6666666666666666,0.554798600667037,0.6666666666666666,0.33333333333333337,0.6,0.3,0.0,0.0,20.8676482736402,20000343
EDF,7.262429035961674,6,0.5,0.5245032133171779,0.5833333333333334,0.5,0.6,0.3,0.0,0.0,20.700581634697524,20000344
EDF,4.199979846351402,4,0.3333333333333333,0.34571616812733913,0.5833333333333334,0.6666666666666667,0.6,0.3,0.0,0.0,19.904810908400027,20000345
EDF,6.91114389706674,6,0.5,0.4588817791145447,0.5833333333333334,0.5,0.6,0.3,0.0,0.0,20.567114804424854,20000346
EDF,7.548194632369924,6,0.5,0.5245060367250403,0.6666666666666666,0.5,0.6,0.3,0.0,0.0,20.70937089977359,20000347
EDF,8.84315032218524,7,0.5833333333333334,0.5452699197454417,0.5833333333333334,0.41666666666666663,0.6,0.3,0.0,0.0,20.297795631831956,20000348
EDF,13.709731827827625,10,0.8333333333333334,0.8605140733676698,0.8333333333333334,0.16666666666666663,0.6,0.3,0.0,0.0,21.77432956956906,20000349
EDF,5.7208726396257035,5,0.4166666666666667,0.41972083632849083,0.5833333333333334,0.5833333333333333,0.6,0.3,0.0,0.0,20.291497041930125,20000350
EDF,5.5999802698720105,5,0.4166666666666667,0.4397885195659936,0.5833333333333334,0.5833333333333333,0.6,0.3,0.0,0.0,20.72142693334044,20000351
EDF,4.08684242403912,4,0.3333333333333333,0.39496244237313954,0.6666666666666666,0.6666666666666667,0.6,0.3,0.0,0.0,21.133501372187556,20000352
EDF,3.9598510756385847,4,0.3333333333333333,0.3440382765781285,0.5833333333333334,0.6666666666666667,0.6,0.3,0.0,0.0,20.017296565903187,20000353
EDF,10.375356752695058,8,0.6666666666666666,0.6332516776658648,0.6666666666666666,0.33333333333333337,0.6,0.3,0.0,0.0,21.006488198157165,20000354
EDF,12.219988865474404,9,0.75,0.7735564146127355,0.75,0.25,0.6,0.3,0.0,0.0,21.329342296707626,20000355
EDF,8.953384359296443,7,0.5833333333333334,0.5921657240902947,0.6666666666666666,0.41666666666666663,0.6,0.3,0.0,0.0,21.17076453226157,20000356
EDF,8.98281553428062,7,0.5833333333333334,0.558734128082242,0.6666666666666666,0.41666666666666663,0.6,0.3,0.0,0.0,20.471125979257437,20000357
EDF,13.35800678529499,10,0.8333333333333334,0.8390516884220678,0.8333333333333334,0.16666666666666663,0.6,0.3,0.0,0.0,22.448472691674645,20000358
EDF,11.289130522587104,9,0.75,0.5961614436269036,0.75,0.25,0.6,0.3,0.0,0.0,21.488800881485965,20000359
EDF,10.643002201235584,8,0.6666666666666666,0.7087645869434902,0.6666666666666666,0.33333333333333337,0.6,0.3,0.0,0.0,21.15215062373744,20000360
EDF,3.942231589545236,4,0.3333333333333333,0.3538400837271441,0.5833333333333334,0.6666666666666667,0.6,0.3,0.0,0.0,20.404354895779385,20000361
EDF,7.1222344276769345,6,0.5,0.47795372538850367,0.5833333333333334,0.5,0.6,0.3,0.0,0.0,19.561975412753142,20000362
EDF,0.7824511038262523,2,0.16666666666666666,0.20576987888169748,0.5833333333333334,0.8333333333333334,0.6,0.3,0.0,0.0,19.71338199575904,20000363
EDF,9.184646299025848,7,0.5833333333333334,0.5294187879664941,0.6666666666666666,0.41666666666666663,0.6,0.3,0.0,0.0,20.81639261737909,20000364
EDF,5.717812628916867,5,0.4166666666666667,0.4597952482203509,0.5,0.5833333333333333,0.6,0.3,0.0,0.0,19.859316761648714,20000365
EDF,7.345267680059644,6,0.5,0.47842226053584297,0.5,0.5,0.6,0.3,0.0,0.0,20.045332742618964,20000366
EDF,9.119671810121398,7,0.5833333333333334,0.6083708897870647,0.6666666666666666,0.41666666666666663,0.6,0.3,0.0,0.0,20.457907569169468,20000367
EDF,12.300722781711492,9,0.75,0.749684364133728,0.75,0.25,0.6,0.3,0.0,0.0,21.001806954278724,20000368
EDF,7.393642770759504,6,0.5,0.4720795174442634,0.5833333333333334,0.5,0.6,0.3,0.0,0.0,19.979088323081065,20000369
EDF,10.348855294820567,8,0.6666666666666666,0.6459777997403082,0.6666666666666666,0.33333333333333337,0.6,0.3,0.0,0.0,20.989315593807753,20000370
EDF,10.73287033126895,8,0.6666666666666666,0.6253714614607077,0.6666666666666666,0.33333333333333337,0.6,0.3,0.0,0.0,21.041150469825517,20000371
EDF,0.3610075442626397,2,0.16666666666666666,0.1986589056945911,0.5,0.8333333333333334,0.6,0.3,0.0,0.0,19.291820070431942,20000372
EDF,13.535911021213948,10,0.8333333333333334,0.7976215489797726,0.8333333333333334,0.16666666666666663,0.6,0.3,0.0,0.0,22.606517777703655,20000373
EDF,8.58515343859814,7,0.5833333333333334,0.5174573110459605,0.6666666666666666,0.41666666666666663,0.6,0.3,0.0,0.0,20.626191251674708,20000374
EDF,3.983794241158167,4,0.3333333333333333,0.33409772497608836,0.6666666666666666,0.6666666666666667,0.6,0.3,0.0,0.0,21.36621326350648,20000375
EDF,6.9395379482468496,6,0.5,0.48338816592496786,0.6666666666666666,0.5,0.6,0.3,0.0,0.0,20.821469403438968,20000376
EDF,11.932878719717866,9,0.75,0.6278538024510304,0.75,0.25,0.6,0.3,0.0,0.0,21.903104049214353,20000377
EDF,9.336524495934334,7,0.5833333333333334,0.5954014565320249,0.6666666666666666,0.41666666666666663,0.6,0.3,0.0,0.0,21.444784438892487,20000378
EDF,3.903001417689574,4,0.3333333333333333,0.31658959534949765,0.75,0.6666666666666667,0.6,0.3,0.0,0.0,21.758851731356547,20000379
EDF,10.501491023690171,8,0.6666666666666666,0.6847006682835258,0.6666666666666666,0.33333333333333337,0.6,0.3,0.0,0.0,20.711095424149544,20000380
EDF,0.6502113926863418,2,0.16666666666666666,0.23039744435021406,0.5,0.8333333333333334,0.6,0.3,0.0,0.0,19.569481727433466,20000381
EDF,10.474055318778875,8,0.6666666666666666,0.6664204160574471,0.8333333333333334,0.33333333333333337,0.6,0.3,0.0,0.0,21.817231095393616,20000382
EDF,8.867369281928973,7,0.5833333333333334,0.5785920283950707,0.6666666666666666,0.41666666666666663,0.6,0.3,0.0,0.0,20.57367399628041,20000383
EDF,7.283901334676736,6,0.5,0.5228455425134448,0.5833333333333334,0.5,0.6,0.3,0.0,0.0,20.435351525157717,20000384
EDF,8.763188468566787,7,0.5833333333333334,0.5743296470600059,0.6666666666666666,0.41666666666666663,0.6,0.3,0.0,0.0,20.408846388072096,20000385
EDF,2.3961663394333237,3,0.25,0.2758642503726284,0.5833333333333334,0.75,0.6,0.3,0.0,0.0,19.433768950132748,20000386
EDF,10.264329506772416,8,0.6666666666666666,0.6434889711436459,0.6666666666666666,0.33333333333333337,0.6,0.3,0.0,0.0,20.242480053378745,20000387
EDF,13.32046193921481,10,0.8333333333333334,0.7580781877798212,0.8333333333333334,0.16666666666666663,0.6,0.3,0.0,0.0,21.704725443965664,20000388
EDF,5.836846996477996,5,0.4166666666666667,0.4583808235134604,0.6666666666666666,0.5833333333333333,0.6,0.3,0.0,0.0,20.672609176165984,20000389
EDF,8.756812390806125,7,0.5833333333333334,0.5354997542718047,0.6666666666666666,0.41666666666666663,0.6,0.3,0.0,0.0,21.03140357531475,20000390
EDF,11.07104873311675,8,0.6666666666666666,0.7914734631531564,0.6666666666666666,0.33333333333333337,0.6,0.3,0.0,0.0,21.259446079288345,20000391
EDF,12.134203821456257,9,0.75,0.6887282864904639,0.75,0.25,0.6,0.3,0.0,0.0,21.956397033588992,20000392
EDF,3.930210618581592,4,0.3333333333333333,0.38245303337004294,0.5,0.6666666666666667,0.6,0.3,0.0,0.0,19.527696794934943,20000393
EDF,3.945213413426205,4,0.3333333333333333,0.2995195091323275,0.5833333333333334,0.6666666666666667,0.6,0.3,0.0,0.0,20.066668223962147,20000394
EDF,10.173440505907298,8,0.6666666666666666,0.5279605577252484,0.75,0.33333333333333337,0.6,0.3,0.0,0.0,21.591409055751058,20000395
EDF,9.337597105173021,7,0.5833333333333334,0.6860780829386305,0.6666666666666666,0.41666666666666663,0.6,0.3,0.0,0.0,21.024045132833578,20000396
EDF,13.292158423393772,10,0.8333333333333334,0.7319835010529416,0.8333333333333334,0.16666666666666663,0.6,0.3,0.0,0.0,22.376534073968287,20000397
EDF,13.133780722596073,10,0.8333333333333334,0.7527770930585973,0.8333333333333334,0.16666666666666663,0.6,0.3,0.0,0.0,21.942127042897546,20000398
EDF,8.993781089591842,7,0.5833333333333334,0.5982468889878882,0.6666666666666666,0.41666666666666663,0.6,0.3,0.0,0.0,20.482264701858433,20000399
EDF,9.005663490858582,7,0.5833333333333334,0.6161992734502933,0.75,0.41666666666666663,0.6,0.3,0.0,0.0,21.750021078338076,20000400
EDF,4.08639924222425,4,0.3333333333333333,0.3786177424747659,0.5,0.6666666666666667,0.6,0.3,0.0,0.0,19.90998929441615,20000401
EDF,6.312698713414924,5,0.4166666666666667,0.4480809916317924,0.5833333333333334,0.5833333333333333,0.6,0.3,0.0,0.0,19.646049429269947,20000402
EDF,7.022319155164258,6,0.5,0.4236733725202319,0.5833333333333334,0.5,0.6,0.3,0.0,0.0,20.491943113080946,20000403
EDF,5.546446784461285,5,0.4166666666666667,0.43887738324779774,0.5833333333333334,0.5833333333333333,0.6,0.3,0.0,0.0,20.294987150283664,20000404
EDF,5.830549018942271,5,0.4166666666666667,0.4416010472035375,0.5,0.5833333333333333,0.6,0.3,0.0,0.0,19.593257647739613,20000405
EDF,8.566810177138038,7,0.5833333333333334,0.5545989984316994,0.5833333333333334,0.41666666666666663,0.6,0.3,0.0,0.0,20.384972656786072,20000406
EDF,7.3342634081464695,6,0.5,0.49425897948652703,0.6666666666666666,0.5,0.6,0.3,0.0,0.0,21.522532655016985,20000407
EDF,3.962716868269614,4,0.3333333333333333,0.3274003914877762,0.75,0.6666666666666667,0.6,0.3,0.0,0.0,20.793566847387996,20000408
EDF,3.872568888893265,4,0.3333333333333333,0.350818843947508,0.5833333333333334,0.6666666666666667,0.6,0.3,0.0,0.0,19.528113612605615,20000409
EDF,10.0765350599859,8,0.6666666666666666,0.6469055020827383,0.6666666666666666,0.33333333333333337,0.6,0.3,0.0,0.0,21.15236423263388,20000410
EDF,4.281198591459168,4,0.3333333333333333,0.3840954151591872,0.6666666666666666,0.6666666666666667,0.6,0.3,0.0,0.0,21.187386828901353,20000411
EDF,9.401479437161957,7,0.5833333333333334,0.6339996840414708,0.5833333333333334,0.41666666666666663,0.6,0.3,0.0,0.0,20.889623595247024,20000412
EDF,8.942072708926029,7,0.5833333333333334,0.5675163818066334,0.75,0.41666666666666663,0.6,0.3,0.0,0.0,21.33198936849121,20000413
EDF,6.7856221196481705,6,0.5,0.46118093765521334,0.5833333333333334,0.5,0.6,0.3,0.0,0.0,20.51854968535952,20000414
EDF,8.792020896368511,7,0.5833333333333334,0.6100464350816202,0.5833333333333334,0.41666666666666663,0.6,0.3,0.0,0.0,20.148010139246107,20000415
EDF,7.095734750581803,6,0.5,0.45566726543776787,0.6666666666666666,0.5,0.6,0.3,0.0,0.0,21.235024095444203,20000416
EDF,7.293103112127932,6,0.5,0.5012181624390462,0.6666666666666666,0.5,0.6,0.3,0.0,0.0,20.565147954519833,20000417
EDF,13.770434886128887,10,0.8333333333333334,0.838394676366489,0.8333333333333334,0.16666666666666663,0.6,0.3,0.0,0.0,22.407405394867638,20000418
EDF,9.214134395372819,7,0.5833333333333334,0.5996502318602629,0.5833333333333334,0.41666666666666663,0.6,0.3,0.0,0.0,20.202088971114645,20000419
EDF,11.353161508667068,9,0.75,0.6463560851814316,0.75,0.25,0.6,0.3,0.0,0.0,21.82449579422225,20000420
EDF,7.686683556536584,6,0.5,0.5135872510499138,0.5833333333333334,0.5,0.6,0.3,0.0,0.0,19.984739576237576,20000421
EDF,11.976671438062393,9,0.75,0.6605554437374357,0.75,0.25,0.6,0.3,0.0,0.0,21.50486796429861,20000422
EDF,11.695526012553426,9,0.75,0.6360579832199457,0.8333333333333334,0.25,0.6,0.3,0.0,0.0,21.700151899191965,20000423
EDF,5.839602477456681,5,0.4166666666666667,0.4333600303612669,0.6666666666666666,0.5833333333333333,0.6,0.3,0.0,0.0,20.778034036014393,20000424
EDF,5.861542594946496,5,0.4166666666666667,0.39260413702485203,0.6666666666666666,0.5833333333333333,0.6,0.3,0.0,0.0,20.638184074258977,20000425
EDF,10.026952098625971,8,0.6666666666666666,0.5824154080951918,0.6666666666666666,0.33333333333333337,0.6,0.3,0.0,0.0,21.05738905742021,20000426
EDF,12.044162138595343,9,0.75,0.6671671072217922,0.75,0.25,0.6,0.3,0.0,0.0,21.193331854891355,20000427
EDF,7.375877796930286,6,0.5,0.5129143852263213,0.6666666666666666,0.5,0.6,0.3,0.0,0.0,20.564428638750872,20000428
EDF,10.531772752093296,8,0.6666666666666666,0.73824814283065,0.75,0.33333333333333337,0.6,0.3,0.0,0.0,20.413478951908438,20000429
EDF,12.014157707914206,9,0.75,0.7871902958679047,0.75,0.25,0.6,0.3,0.0,0.0,20.85108143078207,20000430
EDF,7.553198438164331,6,0.5,0.5190361265010781,0.6666666666666666,0.5,0.6,0.3,0.0,0.0,20.194508210186726,20000431
EDF,8.96742526600906,7,0.5833333333333334,0.5616977721155416,0.75,0.41666666666666663,0.6,0.3,0.0,0.0,22.359995018302868,20000432
EDF,5.758530634503046,5,0.4166666666666667,0.3819784540409864,0.6666666666666666,0.5833333333333333,0.6,0.3,0.0,0.0,20.865025504323633,20000433
EDF,8.533515622742321,7,0.5833333333333334,0.554319504034916,0.5833333333333334,0.41666666666666663,0.6,0.3,0.0,0.0,20.342628906062973,20000434
EDF,10.896574616205342,8,0.6666666666666666,0.728477131224268,0.6666666666666666,0.33333333333333337,0.6,0.3,0.0,0.0,20.679959506296957,20000435
EDF,12.037342953745883,9,0.75,0.7344557639899322,0.75,0.25,0.6,0.3,0.0,0.0,21.803660935608388,20000436
EDF,5.611608085344257,5,0.4166666666666667,0.44823501196364046,0.6666666666666666,0.5833333333333333,0.6,0.3,0.0,0.0,21.321693459768383,20000437
EDF,10.656640306191367,8,0.6666666666666666,0.6212469755097814,0.6666666666666666,0.33333333333333337,0.6,0.3,0.0,0.0,20.06322834980304,20000438
EDF,5.627885909666118,5,0.4166666666666667,0.40512958952370265,0.5,0.5833333333333333,0.6,0.3,0.0,0.0,19.546756192680945,20000439
EDF,11.188382389388405,9,0.75,0.6051829383398557,0.8333333333333334,0.25,0.6,0.3,0.0,0.0,22.44795931228158,20000440
EDF,7.640707495500776,6,0.5,0.5017205398578664,0.5833333333333334,0.5,0.6,0.3,0.0,0.0,19.554191068314616,20000441
EDF,13.409444115211116,10,0.8333333333333334,0.7337190744667499,0.8333333333333334,0.16666666666666663,0.6,0.3,0.0,0.0,21.82110707633096,20000442
EDF,5.1079663073998525,5,0.4166666666666667,0.3484334435800913,0.5833333333333334,0.5833333333333333,0.6,0.3,0.0,0.0,20.457845924629062,20000443
EDF,5.703676861206152,5,0.4166666666666667,0.3791440073111821,0.6666666666666666,0.5833333333333333,0.6,0.3,0.0,0.0,20.332470176580625,20000444
EDF,4.045771651359235,4,0.3333333333333333,0.3153313136169823,0.6666666666666666,0.6666666666666667,0.6,0.3,0.0,0.0,20.093462272833683,20000445
EDF,3.6136781124555153,4,0.3333333333333333,0.3246697539350538,0.5833333333333334,0.6666666666666667,0.6,0.3,0.0,0.0,20.461333806233906,20000446
EDF,3.7164510947224896,4,0.3333333333333333,0.3097250527656297,0.5,0.6666666666666667,0.6,0.3,0.0,0.0,19.94473264379014,20000447
EDF,5.843179858755944,5,0.4166666666666667,0.45614185359782067,0.6666666666666666,0.5833333333333333,0.6,0.3,0.0,0.0,20.79423651551324,20000448
EDF,10.579772283929184,8,0.6666666666666666,0.6293440475905803,0.75,0.33333333333333337,0.6,0.3,0.0,0.0,21.182376109181444,20000449
EDF,8.934348471613248,7,0.5833333333333334,0.481014903375523,0.6666666666666666,0.41666666666666663,0.6,0.3,0.0,0.0,20.509841361052924,20000450
EDF,8.738994488041019,7,0.5833333333333334,0.5596559797448016,0.6666666666666666,0.41666666666666663,0.6,0.3,0.0,0.0,20.823195672763394,20000451
EDF,9.107553426074793,7,0.5833333333333334,0.5319766505703135,0.5833333333333334,0.41666666666666663,0.6,0.3,0.0,0.0,20.7527323141544,20000452
EDF,2.303628761890981,3,0.25,0.31622098921868697,0.4166666666666667,0.75,0.6,0.3,0.0,0.0,18.766607271762314,20000453
EDF,2.330057375438507,3,0.25,0.3304775017688371,0.5,0.75,0.6,0.3,0.0,0.0,18.86620386413188,20000454
EDF,9.288694505724447,7,0.5833333333333334,0.638259898511469,0.6666666666666666,0.41666666666666663,0.6,0.3,0.0,0.0,21.525499776343796,20000455
EDF,10.4703595274463,8,0.6666666666666666,0.6766167846828537,0.6666666666666666,0.33333333333333337,0.6,0.3,0.0,0.0,21.065794770131653,20000456
EDF,3.915779910963196,4,0.3333333333333333,0.29220328834618275,0.5833333333333334,0.6666666666666667,0.6,0.3,0.0,0.0,19.96517899868248,20000457
EDF,0.5538473068231031,2,0.16666666666666666,0.20639932808269387,0.5,0.8333333333333334,0.6,0.3,0.0,0.0,18.846913129434686,20000458
EDF,12.314507374781098,9,0.75,0.7044890681446524,0.75,0.25,0.6,0.3,0.0,0.0,21.953752923552937,20000459
EDF,12.155657128468404,9,0.75,0.7343466868599648,0.75,0.25,0.6,0.3,0.0,0.0,21.232568504681808,20000460
EDF,2.0558884653519423,3,0.25,0.21895227645194615,0.5833333333333334,0.75,0.6,0.3,0.0,0.0,19.640452683993605,20000461
EDF,8.785477986299115,7,0.5833333333333334,0.5994030472840706,0.6666666666666666,0.41666666666666663,0.6,0.3,0.0,0.0,21.00447070262554,20000462
EDF,8.874538348719918,7,0.5833333333333334,0.5039676809942278,0.6666666666666666,0.41666666666666663,0.6,0.3,0.0,0.0,20.30382946359735,20000463
EDF,9.304397593765938,7,0.5833333333333334,0.6283953782123162,0.6666666666666666,0.41666666666666663,0.6,0.3,0.0,0.0,21.540010810101528,20000464
EDF,7.079409404542563,6,0.5,0.48369564183734154,0.6666666666666666,0.5,0.6,0.3,0.0,0.0,20.14805291900578,20000465
EDF,4.1360961468433635,4,0.3333333333333333,0.35538686770191225,0.5833333333333334,0.6666666666666667,0.6,0.3,0.0,0.0,20.37055784366996,20000466
EDF,8.6519702065515,7,0.5833333333333334,0.49831110000402234,0.8333333333333334,0.41666666666666663,0.6,0.3,0.0,0.0,22.08814039673867,20000467
EDF,11.91648304719388,9,0.75,0.6974920287547907,0.75,0.25,0.6,0.3,0.0,0.0,21.66894786162169,20000468
EDF,8.874205237127658,7,0.5833333333333334,0.5437105505577261,0.6666666666666666,0.41666666666666663,0.6,0.3,0.0,0.0,21.314729027962397,20000469
EDF,11.943014920769262,9,0.75,0.7913659080167297,0.75,0.25,0.6,0.3,0.0,0.0,22.009703708805574,20000470
EDF,10.693472673737741,8,0.6666666666666666,0.6590894344510294,0.6666666666666666,0.33333333333333337,0.6,0.3,0.0,0.0,21.25137558187272,20000471
EDF,9.076746476838123,7,0.5833333333333334,0.5718033916749699,0.6666666666666666,0.41666666666666663,0.6,0.3,0.0,0.0,20.883970999252572,20000472
EDF,10.25009282788228,8,0.6666666666666666,0.5877245660651064,0.75,0.33333333333333337,0.6,0.3,0.0,0.0,20.811130030180262,20000473
EDF,9.200771973568349,7,0.5833333333333334,0.5652578713059533,0.6666666666666666,0.41666666666666663,0.6,0.3,0.0,0.0,20.611762539709527,20000474
EDF,3.529319186169162,4,0.3333333333333333,0.29777440570025204,0.5833333333333334,0.6666666666666667,0.6,0.3,0.0,0.0,20.21430001960754,20000475
EDF,8.7941206195877,7,0.5833333333333334,0.6358077995677192,0.6666666666666666,0.41666666666666663,0.6,0.3,0.0,0.0,21.345845939384084,20000476
EDF,9.311090360406002,7,0.5833333333333334,0.6505653740272994,0.5833333333333334,0.41666666666666663,0.6,0.3,0.0,0.0,20.167392260098044,20000477
EDF,7.548949612881284,6,0.5,0.5133534805451442,0.5833333333333334,0.5,0.6,0.3,0.0,0.0,20.06418992139753,20000478
EDF,5.637155100844981,5,0.4166666666666667,0.38011260492182,0.6666666666666666,0.5833333333333333,0.6,0.3,0.0,0.0,20.42610671198182,20000479
EDF,10.326957462180212,8,0.6666666666666666,0.5390922519191726,0.6666666666666666,0.33333333333333337,0.6,0.3,0.0,0.0,20.45697679236666,20000480
EDF,11.900163504029244,9,0.75,0.7252193352255326,0.75,0.25,0.6,0.3,0.0,0.0,21.682520729992508,20000481
EDF,2.142172527614251,3,0.25,0.280511507256998,0.5,0.75,0.6,0.3,0.0,0.0,19.42733702061716,20000482
EDF,11.8949725318149,9,0.75,0.6863095583142139,0.75,0.25,0.6,0.3,0.0,0.0,21.817647231212696,20000483
EDF,5.868635161115588,5,0.4166666666666667,0.4341310116354824,0.5833333333333334,0.5833333333333333,0.6,0.3,0.0,0.0,19.93485016035081,20000484
EDF,10.33710316085796,8,0.6666666666666666,0.5852097652423386,0.6666666666666666,0.33333333333333337,0.6,0.3,0.0,0.0,21.255073450128535,20000485
EDF,10.511476795324592,8,0.6666666666666666,0.6462697428277475,0.6666666666666666,0.33333333333333337,0.6,0.3,0.0,0.0,20.965878217275332,20000486
EDF,7.080184733758742,6,0.5,0.4902934675768159,0.5833333333333334,0.5,0.6,0.3,0.0,0.0,20.6607908158914,20000487
EDF,3.8325224857997586,4,0.3333333333333333,0.34565165812700577,0.5833333333333334,0.6666666666666667,0.6,0.3,0.0,0.0,20.225004555795838,20000488
EDF,8.883420278490723,7,0.5833333333333334,0.5666566836027362,0.5833333333333334,0.41666666666666663,0.6,0.3,0.0,0.0,20.03390162149913,20000489
EDF,7.443543180282054,6,0.5,0.5217719022872419,0.6666666666666666,0.5,0.6,0.3,0.0,0.0,20.370376141167124,20000490
EDF,10.439240315023966,8,0.6666666666666666,0.5513131511142672,0.6666666666666666,0.33333333333333337,0.6,0.3,0.0,0.0,20.76905722502263,20000491
EDF,7.507264056075298,6,0.5,0.5667992215608707,0.5833333333333334,0.5,0.6,0.3,0.0,0.0,19.928891201432297,20000492
EDF,4.511614368210873,4,0.3333333333333333,0.394690670453072,0.6666666666666666,0.6666666666666667,0.6,0.3,0.0,0.0,20.439993824533644,20000493
EDF,10.431523852125496,8,0.6666666666666666,0.6127358842365211,0.75,0.33333333333333337,0.6,0.3,0.0,0.0,21.367474114508607,20000494
EDF,10.78332756872767,8,0.6666666666666666,0.630428516435735,0.6666666666666666,0.33333333333333337,0.6,0.3,0.0,0.0,20.424776903805586,20000495
EDF,11.980419356493568,9,0.75,0.652113743572076,0.8333333333333334,0.25,0.6,0.3,0.0,0.0,22.002431178167427,20000496
EDF,11.759462033399666,9,0.75,0.6498629734628306,0.75,0.25,0.6,0.3,0.0,0.0,21.826121284434766,20000497
EDF,5.4043622497886075,5,0.4166666666666667,0.34703661212713455,0.6666666666666666,0.5833333333333333,0.6,0.3,0.0,0.0,21.31090044897665,20000498
EDF,5.80412165564922,5,0.4166666666666667,0.46234038458688387,0.5833333333333334,0.5833333333333333,0.6,0.3,0.0,0.0,20.273380066383,20000499
SPT,11.637240739849094,9,0.75,0.6017113250689397,0.75,0.25,0.6,0.3,0.0,0.0,21.890829583732703,20000000
SPT,11.836089321482735,9,0.75,0.6232793949288084,0.75,0.25,0.6,0.3,0.0,0.0,22.094846345324726,20000001
SPT,11.949645687379235,9,0.75,0.6384771204178709,0.75,0.25,0.6,0.3,0.0,0.0,21.931671459315286,20000002
SPT,9.789972928777647,8,0.6666666666666666,0.5087820982779054,0.75,0.33333333333333337,0.6,0.3,0.0,0.0,21.42105470525376,20000003
SPT,13.584320607644964,10,0.8333333333333334,0.7245283874309036,0.8333333333333334,0.16666666666666663,0.6,0.3,0.0,0.0,22.756088135150716,20000004
SPT,7.043963153357836,6,0.5,0.3779127350554382,0.75,0.5,0.6,0.3,0.0,0.0,20.94943945882197,20000005
SPT,5.17139667123266,5,0.4166666666666667,0.2898428682320316,0.6666666666666666,0.5833333333333333,0.6,0.3,0.0,0.0,21.1919469859903,20000006
SPT,8.364948476212415,7,0.5833333333333334,0.3954788957597975,0.75,0.41666666666666663,0.6,0.3,0.0,0.0,21.757452963465354,20000007
SPT,10.507994654190261,8,0.6666666666666666,0.5558190599760571,0.6666666666666666,0.33333333333333337,0.6,0.3,0.0,0.0,21.875575373689006,20000008
SPT,8.543997875528067,7,0.5833333333333334,0.4575069473326683,0.75,0.41666666666666663,0.6,0.3,0.0,0.0,21.65628279875011,20000009
SPT,8.260894586718273,7,0.5833333333333334,0.4299865229985015,0.6666666666666666,0.41666666666666663,0.6,0.3,0.0,0.0,20.393390118867952,20000010
SPT,8.473249053611026,7,0.5833333333333334,0.45771685114879296,0.8333333333333334,0.41666666666666663,0.6,0.3,0.0,0.0,22.373361372690926,20000011
SPT,8.242470309849951,7,0.5833333333333334,0.35796787298085225,0.8333333333333334,0.41666666666666663,0.6,0.3,0.0,0.0,21.926465054504654,20000012
SPT,8.630156220548292,7,0.5833333333333334,0.4524357279260604,0.75,0.41666666666666663,0.6,0.3,0.0,0.0,21.633312566555208,20000013
SPT,8.645177143054458,7,0.5833333333333334,0.462374473146647,0.75,0.41666666666666663,0.6,0.3,0.0,0.0,20.871122296012576,20000014
SPT,10.17521913400154,8,0.6666666666666666,0.5171042476992451,0.75,0.33333333333333337,0.6,0.3,0.0,0.0,21.50197605834804,20000015
SPT,12.14343345181043,9,0.75,0.6490321286803828,0.8333333333333334,0.25,0.6,0.3,0.0,0.0,22.874106334373806,20000016
SPT,9.802558344514557,8,0.6666666666666666,0.5277243760073305,0.75,0.33333333333333337,0.6,0.3,0.0,0.0,21.480396848565505,20000017
SPT,7.181009274503062,6,0.5,0.4338979882154283,0.5833333333333334,0.5,0.6,0.3,0.0,0.0,20.836861138327258,20000018
SPT,11.99767192343008,9,0.75,0.608351961878505,0.8333333333333334,0.25,0.6,0.3,0.0,0.0,22.140389033215172,20000019
SPT,8.423242766392132,7,0.5833333333333334,0.4171760025102818,0.75,0.41666666666666663,0.6,0.3,0.0,0.0,21.673194843638242,20000020
SPT,11.71867909754657,9,0.75,0.64440025454073,0.8333333333333334,0.25,0.6,0.3,0.0,0.0,21.955852397778045,20000021
SPT,9.935230180423414,8,0.6666666666666666,0.5146216019093102,0.75,0.33333333333333337,0.6,0.3,0.0,0.0,21.65525593565089,20000022
SPT,10.564036483904143,8,0.6666666666666666,0.5614797761123763,0.75,0.33333333333333337,0.6,0.3,0.0,0.0,21.4307876016166,20000023
SPT,11.848945835403455,9,0.75,0.6336093393400852,0.75,0.25,0.6,0.3,0.0,0.0,22.054476322319736,20000024
SPT,10.568299638624708,8,0.6666666666666666,0.571809895580389,0.6666666666666666,0.33333333333333337,0.6,0.3,0.0,0.0,21.170397728364705,20000025
SPT,13.507423618603855,10,0.8333333333333334,0.7205485742193348,0.8333333333333334,0.16666666666666663,0.6,0.3,0.0,0.0,21.694283268353864,20000026
SPT,13.752596912804991,10,0.8333333333333334,0.719780189323428,0.8333333333333334,0.16666666666666663,0.6,0.3,0.0,0.0,22.29991071549939,20000027
SPT,10.333016827858959,8,0.6666666666666666,0.5730692997077445,0.8333333333333334,0.33333333333333337,0.6,0.3,0.0,0.0,21.762073034987804,20000028
SPT,13.29556740943301,10,0.8333333333333334,0.6924306275656229,0.8333333333333334,0.16666666666666663,0.6,0.3,0.0,0.0,21.974183001995627,20000029
SPT,7.234629713295673,6,0.5,0.41142185686345273,0.5833333333333334,0.5,0.6,0.3,0.0,0.0,21.05742135515443,20000030
SPT,10.387343769875638,8,0.6666666666666666,0.5777347623113102,0.6666666666666666,0.33333333333333337,0.6,0.3,0.0,0.0,21.719827838453842,20000031
SPT,8.40479131194592,7,0.5833333333333334,0.43423997102097245,0.75,0.41666666666666663,0.6,0.3,0.0,0.0,21.517074316997604,20000032
SPT,9.985840780550555,8,0.6666666666666666,0.5251752056995722,0.6666666666666666,0.33333333333333337,0.6,0.3,0.0,0.0,20.97480648983162,20000033
SPT,6.441038797084302,6,0.5,0.2939906854284111,0.75,0.5,0.6,0.3,0.0,0.0,20.944036305272395,20000034
SPT,6.737988149238689,6,0.5,0.35299159007771347,0.75,0.5,0.6,0.3,0.0,0.0,21.791410661152266,20000035
SPT,15.01461331497637,11,0.9166666666666666,0.8312466047947481,0.9166666666666666,0.08333333333333337,0.6,0.3,0.0,0.0,22.286533287440935,20000036
SPT,8.616483657402599,7,0.5833333333333334,0.46935187142784357,0.6666666666666666,0.41666666666666663,0.6,0.3,0.0,0.0,22.146521038168302,20000037
SPT,12.05010938589532,9,0.75,0.6162550224034812,0.8333333333333334,0.25,0.6,0.3,0.0,0.0,22.648024657247152,20000038
SPT,8.99852171100762,7,0.5833333333333334,0.4933971524732418,0.75,0.41666666666666663,0.6,0.3,0.0,0.0,21.75886889195573,20000039
SPT,7.155305716879709,6,0.5,0.37666298157757777,0.6666666666666666,0.5,0.6,0.3,0.0,0.0,21.081993148493915,20000040
SPT,11.895329978772118,9,0.75,0.6080376190668283,0.75,0.25,0.6,0.3,0.0,0.0,22.524949478593463,20000041
SPT,9.804822769343048,8,0.6666666666666666,0.4902329077329876,0.75,0.33333333333333337,0.6,0.3,0.0,0.0,21.411388085330856,20000042
SPT,9.78386005168091,8,0.6666666666666666,0.5153478221070702,0.75,0.33333333333333337,0.6,0.3,0.0,0.0,21.65627234030672,20000043
SPT,6.955578993231164,6,0.5,0.41786684365446153,0.6666666666666666,0.5,0.6,0.3,0.0,0.0,21.154599726061306,20000044
SPT,10.663960029153465,8,0.6666666666666666,0.5653757598208055,0.6666666666666666,0.33333333333333337,0.6,0.3,0.0,0.0,20.983696940886254,20000045
SPT,4.91050976629559,5,0.4166666666666667,0.2731407054736645,0.6666666666666666,0.5833333333333333,0.6,0.3,0.0,0.0,20.491034803904643,20000046
SPT,12.987863328198651,10,0.8333333333333334,0.689469139428535,0.8333333333333334,0.16666666666666663,0.6,0.3,0.0,0.0,22.48194378051,20000047
SPT,8.823737040779074,7,0.5833333333333334,0.4779967210662703,0.75,0.41666666666666663,0.6,0.3,0.0,0.0,21.81594740031649,20000048
SPT,9.660271944945649,8,0.6666666666666666,0.5033694445881409,0.75,0.33333333333333337,0.6,0.3,0.0,0.0,21.556100864381087,20000049
SPT,9.948095557338894,8,0.6666666666666666,0.5260701996831968,0.75,0.33333333333333337,0.6,0.3,0.0,0.0,21.324256975742266,20000050
SPT,8.524059874979187,7,0.5833333333333334,0.4243953487223561,0.75,0.41666666666666663,0.6,0.3,0.0,0.0,22.106603126902822,20000051
SPT,8.781493880130894,7,0.5833333333333334,0.47010090685647676,0.75,0.41666666666666663,0.6,0.3,0.0,0.0,21.814472257328312,20000052
SPT,8.162835447362085,7,0.5833333333333334,0.42520048076674494,0.75,0.41666666666666663,0.6,0.3,0.0,0.0,21.650577269147174,20000053
SPT,11.73256700034574,9,0.75,0.6144546027491897,0.75,0.25,0.6,0.3,0.0,0.0,21.31023596634133,20000054
SPT,8.23594943159166,7,0.5833333333333334,0.41459790825273696,0.75,0.41666666666666663,0.6,0.3,0.0,0.0,21.703873387591546,20000055
SPT,9.893403646051466,8,0.6666666666666666,0.5060396671148923,0.75,0.33333333333333337,0.6,0.3,0.0,0.0,21.77365057990826,20000056
SPT,8.786134733495382,7,0.5833333333333334,0.4771104049647672,0.5833333333333334,0.41666666666666663,0.6,0.3,0.0,0.0,20.254061333216278,20000057
SPT,10.278534304384914,8,0.6666666666666666,0.502770912203083,0.8333333333333334,0.33333333333333337,0.6,0.3,0.0,0.0,22.381875194460868,20000058
SPT,8.968747461789853,7,0.5833333333333334,0.47992467866798943,0.6666666666666666,0.41666666666666663,0.6,0.3,0.0,0.0,20.906765724983146,20000059
SPT,9.931565109809611,8,0.6666666666666666,0.4992649438872711,0.75,0.33333333333333337,0.6,0.3,0.0,0.0,21.72692700002073,20000060
SPT,8.899600984509597,7,0.5833333333333334,0.4704486589029149,0.6666666666666666,0.41666666666666663,0.6,0.3,0.0,0.0,20.356553363277104,20000061
SPT,8.549158767879968,7,0.5833333333333334,0.4367017359110025,0.6666666666666666,0.41666666666666663,0.6,0.3,0.0,0.0,21.108754040895175,20000062
SPT,8.499166211938238,7,0.5833333333333334,0.4490116384941528,0.6666666666666666,0.41666666666666663,0.6,0.3,0.0,0.0,20.619461562644407,20000063
SPT,6.819290638270152,6,0.5,0.32600075674186313,0.8333333333333334,0.5,0.6,0.3,0.0,0.0,22.0222840038172,20000064
SPT,8.57889543541238,7,0.5833333333333334,0.414739488768574,0.75,0.41666666666666663,0.6,0.3,0.0,0.0,21.383545728539623,20000065
SPT,8.830242003635512,7,0.5833333333333334,0.45159206807465446,0.75,0.41666666666666663,0.6,0.3,0.0,0.0,21.315286070285442,20000066
SPT,10.152341947202098,8,0.6666666666666666,0.5414671940302918,0.75,0.33333333333333337,0.6,0.3,0.0,0.0,21.853557804317052,20000067
SPT,8.83544514313393,7,0.5833333333333334,0.4799909373529035,0.6666666666666666,0.41666666666666663,0.6,0.3,0.0,0.0,20.971450121654325,20000068
SPT,9.926380908800605,8,0.6666666666666666,0.4917418976229022,0.8333333333333334,0.33333333333333337,0.6,0.3,0.0,0.0,22.936440076248516,20000069
SPT,10.460879565125156,8,0.6666666666666666,0.551191130186799,0.75,0.33333333333333337,0.6,0.3,0.0,0.0,21.88007886446542,20000070
SPT,5.223325621082247,5,0.4166666666666667,0.3082891861899211,0.6666666666666666,0.5833333333333333,0.6,0.3,0.0,0.0,20.81294698232776,20000071
SPT,8.74656555181263,7,0.5833333333333334,0.48033504676278904,0.8333333333333334,0.41666666666666663,0.6,0.3,0.0,0.0,22.65670461844173,20000072
SPT,10.21622034950397,8,0.6666666666666666,0.5117246719865606,0.75,0.33333333333333337,0.6,0.3,0.0,0.0,21.727117820595087,20000073
SPT,8.80847830711708,7,0.5833333333333334,0.46273897400082126,0.75,0.41666666666666663,0.6,0.3,0.0,0.0,21.866076586129584,20000074
SPT,9.101692236160753,7,0.5833333333333334,0.4845763218223921,0.6666666666666666,0.41666666666666663,0.6,0.3,0.0,0.0,21.627117304215197,20000075
SPT,8.768851454371482,7,0.5833333333333334,0.44659487954457333,0.6666666666666666,0.41666666666666663,0.6,0.3,0.0,0.0,20.18075126663671,20000076
SPT,9.759074962938442,8,0.6666666666666666,0.5068560293152301,0.75,0.33333333333333337,0.6,0.3,0.0,0.0,21.83416551244919,20000077
SPT,9.996938360952118,8,0.6666666666666666,0.5249526298360363,0.75,0.33333333333333337,0.6,0.3,0.0,0.0,22.415439165535247,20000078
SPT,10.07327237751384,8,0.6666666666666666,0.5090705696484378,0.75,0.33333333333333337,0.6,0.3,0.0,0.0,21.3106123728486,20000079
SPT,8.60733520291127,7,0.5833333333333334,0.45699673506863026,0.6666666666666666,0.41666666666666663,0.6,0.3,0.0,0.0,21.232562817699172,20000080
SPT,8.8433721185004,7,0.5833333333333334,0.4663476112814673,0.6666666666666666,0.41666666666666663,0.6,0.3,0.0,0.0,21.280343063342496,20000081
SPT,10.025298464413028,8,0.6666666666666666,0.5226233229629815,0.8333333333333334,0.33333333333333337,0.6,0.3,0.0,0.0,22.91494313715245,20000082
SPT,6.6241114521540645,6,0.5,0.3540228075726399,0.75,0.5,0.6,0.3,0.0,0.0,21.946390091733665,20000083
SPT,10.11493691386824,8,0.6666666666666666,0.512825268382565,0.75,0.33333333333333337,0.6,0.3,0.0,0.0,20.885528487978338,20000084
SPT,6.75966139299951,6,0.5,0.3599645437685381,0.6666666666666666,0.5,0.6,0.3,0.0,0.0,21.195727749170693,20000085
SPT,10.537513001970748,8,0.6666666666666666,0.549342843037252,0.75,0.33333333333333337,0.6,0.3,0.0,0.0,21.04499970671431,20000086
SPT,10.32497008891179,8,0.6666666666666666,0.5362906636339961,0.75,0.33333333333333337,0.6,0.3,0.0,0.0,21.832466787706633,20000087
SPT,8.534873110134056,7,0.5833333333333334,0.44797148091151706,0.6666666666666666,0.41666666666666663,0.6,0.3,0.0,0.0,21.228640272138097,20000088
SPT,8.554021311173665,7,0.5833333333333334,0.4382589430819051,0.8333333333333334,0.41666666666666663,0.6,0.3,0.0,0.0,21.835052717943288,20000089
SPT,10.087863698483888,8,0.6666666666666666,0.5378133876094745,0.75,0.33333333333333337,0.6,0.3,0.0,0.0,21.636028046088157,20000090
SPT,11.952663314039064,9,0.75,0.6466264833178157,0.75,0.25,0.6,0.3,0.0,0.0,22.36694246172669,20000091
SPT,10.638079415677423,8,0.6666666666666666,0.5531600310880143,0.6666666666666666,0.33333333333333337,0.6,0.3,0.0,0.0,20.436088540021846,20000092
SPT,11.902229365290037,9,0.75,0.6423491843527291,0.8333333333333334,0.25,0.6,0.3,0.0,0.0,21.800092441662105,20000093
SPT,10.180775260623474,8,0.6666666666666666,0.5098166505222823,0.8333333333333334,0.33333333333333337,0.6,0.3,0.0,0.0,21.923405873453262,20000094
SPT,7.10559189206161,6,0.5,0.3726002194393058,0.6666666666666666,0.5,0.6,0.3,0.0,0.0,20.168923846680023,20000095
SPT,9.916734432411605,8,0.6666666666666666,0.5020921214023156,0.75,0.33333333333333337,0.6,0.3,0.0,0.0,21.72598359430715,20000096
SPT,6.7341752947546905,6,0.5,0.3704577566823109,0.6666666666666666,0.5,0.6,0.3,0.0,0.0,20.572371708558432,20000097
SPT,8.670332371147463,7,0.5833333333333334,0.47859064677599616,0.6666666666666666,0.41666666666666663,0.6,0.3,0.0,0.0,21.38188674101251,20000098
SPT,8.09925348893143,7,0.5833333333333334,0.4030028486863422,0.75,0.41666666666666663,0.6,0.3,0.0,0.0,21.39269956595621,20000099
SPT,10.321000503065523,8,0.6666666666666666,0.5364880931268018,0.75,0.33333333333333337,0.6,0.3,0.0,0.0,21.753486576277727,20000100
SPT,10.085723869388806,8,0.6666666666666666,0.5152016027397901,0.6666666666666666,0.33333333333333337,0.6,0.3,0.0,0.0,21.066683373162444,20000101
SPT,13.583545187747731,10,0.8333333333333334,0.7093639463778918,0.8333333333333334,0.16666666666666663,0.6,0.3,0.0,0.0,21.87874749349294,20000102
SPT,10.21254600042881,8,0.6666666666666666,0.5398084178866643,0.75,0.33333333333333337,0.6,0.3,0.0,0.0,22.282523604530322,20000103
SPT,10.307186390752769,8,0.6666666666666666,0.5288732464796319,0.75,0.33333333333333337,0.6,0.3,0.0,0.0,20.98607923407284,20000104
SPT,11.561974409932331,9,0.75,0.6150109992674158,0.8333333333333334,0.25,0.6,0.3,0.0,0.0,22.653216817295522,20000105
SPT,8.434283999156634,7,0.5833333333333334,0.45268828188521637,0.6666666666666666,0.41666666666666663,0.6,0.3,0.0,0.0,21.224005258215623,20000106
SPT,8.346948482287452,7,0.5833333333333334,0.40429622012206295,0.8333333333333334,0.41666666666666663,0.6,0.3,0.0,0.0,21.80954818358422,20000107
SPT,11.851081211455638,9,0.75,0.6391257043198652,0.8333333333333334,0.25,0.6,0.3,0.0,0.0,21.70178325969273,20000108
SPT,5.568872332554655,5,0.4166666666666667,0.31023255689871626,0.6666666666666666,0.5833333333333333,0.6,0.3,0.0,0.0,20.692484667875643,20000109
SPT,6.671920736695877,6,0.5,0.29492901654757503,0.75,0.5,0.6,0.3,0.0,0.0,21.075510932160842,20000110
SPT,10.346861339633428,8,0.6666666666666666,0.5391461306701056,0.75,0.33333333333333337,0.6,0.3,0.0,0.0,22.305982554279304,20000111
SPT,8.971525623673033,7,0.5833333333333334,0.5162181299196543,0.5833333333333334,0.41666666666666663,0.6,0.3,0.0,0.0,20.424280878616166,20000112
SPT,8.403327682113963,7,0.5833333333333334,0.418662451025678,0.8333333333333334,0.41666666666666663,0.6,0.3,0.0,0.0,21.714694521981027,20000113
SPT,8.554638760970562,7,0.5833333333333334,0.45919812937645926,0.6666666666666666,0.41666666666666663,0.6,0.3,0.0,0.0,21.153207532195676,20000114
SPT,8.41977652891819,7,0.5833333333333334,0.4415870046427731,0.6666666666666666,0.41666666666666663,0.6,0.3,0.0,0.0,21.299013115562957,20000115
SPT,8.321804856708555,7,0.5833333333333334,0.4677294052062497,0.75,0.41666666666666663,0.6,0.3,0.0,0.0,21.84014850240128,20000116
SPT,8.270328614729372,7,0.5833333333333334,0.43620749783761,0.75,0.41666666666666663,0.6,0.3,0.0,0.0,22.359272166653113,20000117
SPT,8.220387932930706,7,0.5833333333333334,0.37998251518020915,0.75,0.41666666666666663,0.6,0.3,0.0,0.0,21.53141887266012,20000118
SPT,6.963588780975336,6,0.5,0.3798623403174157,0.6666666666666666,0.5,0.6,0.3,0.0,0.0,20.786851404483574,20000119
SPT,6.526931188174026,6,0.5,0.34123221210295623,0.6666666666666666,0.5,0.6,0.3,0.0,0.0,20.656622915121176,20000120
SPT,8.98378112630083,7,0.5833333333333334,0.48204427401468103,0.6666666666666666,0.41666666666666663,0.6,0.3,0.0,0.0,20.99387143408269,20000121
SPT,10.581132457063926,8,0.6666666666666666,0.5733790662262425,0.75,0.33333333333333337,0.6,0.3,0.0,0.0,21.194935229996332,20000122
SPT,10.130533920617598,8,0.6666666666666666,0.5389681916094111,0.8333333333333334,0.33333333333333337,0.6,0.3,0.0,0.0,21.776082836752835,20000123
SPT,8.271691043477938,7,0.5833333333333334,0.40937308004545797,0.8333333333333334,0.41666666666666663,0.6,0.3,0.0,0.0,21.8760464412757,20000124
SPT,7.994491295591153,7,0.5833333333333334,0.4235566030756823,0.75,0.41666666666666663,0.6,0.3,0.0,0.0,21.443555123193363,20000125
SPT,8.874408290866977,7,0.5833333333333334,0.48510843988392,0.6666666666666666,0.41666666666666663,0.6,0.3,0.0,0.0,21.07944671588254,20000126
SPT,8.928379455469436,7,0.5833333333333334,0.46950071682809574,0.75,0.41666666666666663,0.6,0.3,0.0,0.0,21.79687694167518,20000127
SPT,10.135271380842097,8,0.6666666666666666,0.5257906179464193,0.8333333333333334,0.33333333333333337,0.6,0.3,0.0,0.0,21.473780935775565,20000128
SPT,12.072332038455158,9,0.75,0.6373163998774446,0.75,0.25,0.6,0.3,0.0,0.0,22.18906690974745,20000129
SPT,9.818162567507747,8,0.6666666666666666,0.49547115792546215,0.75,0.33333333333333337,0.6,0.3,0.0,0.0,21.445323027357393,20000130
SPT,6.923598202982875,6,0.5,0.37753946889124523,0.6666666666666666,0.5,0.6,0.3,0.0,0.0,21.657594638753647,20000131
SPT,6.7365045984832985,6,0.5,0.35719617017956334,0.75,0.5,0.6,0.3,0.0,0.0,22.110498028887605,20000132
SPT,10.024430309630384,8,0.6666666666666666,0.5221494449800695,0.8333333333333334,0.33333333333333337,0.6,0.3,0.0,0.0,22.088888786991042,20000133
SPT,9.969711034699484,8,0.6666666666666666,0.5085734432482247,0.75,0.33333333333333337,0.6,0.3,0.0,0.0,21.246005056276534,20000134
SPT,8.507209639954365,7,0.5833333333333334,0.4289446591570971,0.75,0.41666666666666663,0.6,0.3,0.0,0.0,21.749039829429805,20000135
SPT,10.016092427310632,8,0.6666666666666666,0.5179622587634923,0.75,0.33333333333333337,0.6,0.3,0.0,0.0,21.458812606051858,20000136
SPT,10.102941960804394,8,0.6666666666666666,0.5260841058014216,0.75,0.33333333333333337,0.6,0.3,0.0,0.0,21.797154978382114,20000137
SPT,10.619338611064444,8,0.6666666666666666,0.5517000540450726,0.75,0.33333333333333337,0.6,0.3,0.0,0.0,21.37935167389802,20000138
SPT,8.345237972180444,7,0.5833333333333334,0.44317546772749244,0.75,0.41666666666666663,0.6,0.3,0.0,0.0,21.490581069773064,20000139
SPT,11.1689906158371,9,0.75,0.5820700824771015,0.8333333333333334,0.25,0.6,0.3,0.0,0.0,22.634558334917735,20000140
SPT,5.025938764754254,5,0.4166666666666667,0.27169006515726807,0.6666666666666666,0.5833333333333333,0.6,0.3,0.0,0.0,21.285599668142535,20000141
SPT,8.622327492774291,7,0.5833333333333334,0.43309645782445577,0.75,0.41666666666666663,0.6,0.3,0.0,0.0,21.885500012574298,20000142
SPT,9.070865113088558,7,0.5833333333333334,0.47645403458563856,0.6666666666666666,0.41666666666666663,0.6,0.3,0.0,0.0,20.959508517850857,20000143
SPT,11.943127130128605,9,0.75,0.6557638311510289,0.75,0.25,0.6,0.3,0.0,0.0,21.52029416139475,20000144
SPT,8.201380648366746,7,0.5833333333333334,0.42495230139892864,0.75,0.41666666666666663,0.6,0.3,0.0,0.0,21.973189076484143,20000145
SPT,10.650333892195825,8,0.6666666666666666,0.5509572840261097,0.75,0.33333333333333337,0.6,0.3,0.0,0.0,21.436468584103263,20000146
SPT,9.6359301851673,8,0.6666666666666666,0.4806027543664048,0.75,0.33333333333333337,0.6,0.3,0.0,0.0,21.317326517836673,20000147
SPT,10.694628844308706,8,0.6666666666666666,0.5628173738444174,0.75,0.33333333333333337,0.6,0.3,0.0,0.0,21.47935638400914,20000148
SPT,10.269943856434388,8,0.6666666666666666,0.5245171277167621,0.75,0.33333333333333337,0.6,0.3,0.0,0.0,20.899159283231814,20000149
SPT,9.932821819412332,8,0.6666666666666666,0.528964558310838,0.75,0.33333333333333337,0.6,0.3,0.0,0.0,21.575147857372954,20000150
SPT,9.991619930216425,8,0.6666666666666666,0.5099611516378894,0.8333333333333334,0.33333333333333337,0.6,0.3,0.0,0.0,21.832472002340502,20000151
SPT,10.343033064320869,8,0.6666666666666666,0.5557212330728357,0.6666666666666666,0.33333333333333337,0.6,0.3,0.0,0.0,21.47538089651703,20000152
SPT,10.131795659379335,8,0.6666666666666666,0.5366243453267147,0.75,0.33333333333333337,0.6,0.3,0.0,0.0,21.590177444887132,20000153
SPT,8.495227461908598,7,0.5833333333333334,0.46435137879670163,0.75,0.41666666666666663,0.6,0.3,0.0,0.0,22.070359302197566,20000154
SPT,10.143131394148655,8,0.6666666666666666,0.509414760235153,0.75,0.33333333333333337,0.6,0.3,0.0,0.0,21.147152425049892,20000155
SPT,8.690488798526806,7,0.5833333333333334,0.4399376681496728,0.75,0.41666666666666663,0.6,0.3,0.0,0.0,21.04728614240281,20000156
SPT,4.82167445735764,5,0.4166666666666667,0.23736011527053366,0.75,0.5833333333333333,0.6,0.3,0.0,0.0,21.804491042117153,20000157
SPT,10.388062640396337,8,0.6666666666666666,0.5228931364622841,0.75,0.33333333333333337,0.6,0.3,0.0,0.0,20.892304843828736,20000158
SPT,6.709884252614225,6,0.5,0.34339425089119563,0.6666666666666666,0.5,0.6,0.3,0.0,0.0,21.134099942012742,20000159
SPT,6.294908726971123,6,0.5,0.3014968148933945,0.75,0.5,0.6,0.3,0.0,0.0,21.804877472271727,20000160
SPT,11.528852178398726,9,0.75,0.5745665090385498,0.8333333333333334,0.25,0.6,0.3,0.0,0.0,22.064635146103665,20000161
SPT,8.714055528041957,7,0.5833333333333334,0.4741208198962542,0.6666666666666666,0.41666666666666663,0.6,0.3,0.0,0.0,21.029007248579358,20000162
SPT,12.151117706561294,9,0.75,0.6466477715650437,0.75,0.25,0.6,0.3,0.0,0.0,20.627794266403235,20000163
SPT,10.90663486320741,8,0.6666666666666666,0.5721724402323674,0.6666666666666666,0.33333333333333337,0.6,0.3,0.0,0.0,20.266587158018528,20000164
SPT,13.570365255893885,10,0.8333333333333334,0.7309865993127908,0.8333333333333334,0.16666666666666663,0.6,0.3,0.0,0.0,21.856862369807303,20000165
SPT,8.650512358664834,7,0.5833333333333334,0.4641648630083144,0.75,0.41666666666666663,0.6,0.3,0.0,0.0,21.634272697355584,20000166
SPT,11.530042667093879,9,0.75,0.586631542442043,0.8333333333333334,0.25,0.6,0.3,0.0,0.0,22.139511995806355,20000167
SPT,10.413083828376367,8,0.6666666666666666,0.514592866181199,0.75,0.33333333333333337,0.6,0.3,0.0,0.0,21.506413657947803,20000168
SPT,9.933757858105986,8,0.6666666666666666,0.5196040797126413,0.75,0.33333333333333337,0.6,0.3,0.0,0.0,21.38519217228769,20000169
SPT,6.570608353894621,6,0.5,0.34843063584101874,0.6666666666666666,0.5,0.6,0.3,0.0,0.0,21.380092201889266,20000170
SPT,7.986539705954559,7,0.5833333333333334,0.4091063417384267,0.75,0.41666666666666663,0.6,0.3,0.0,0.0,20.75082159802074,20000171
SPT,9.98294582754286,8,0.6666666666666666,0.5571730492100048,0.75,0.33333333333333337,0.6,0.3,0.0,0.0,21.964679964272932,20000172
SPT,8.59652823830222,7,0.5833333333333334,0.43288657550188236,0.75,0.41666666666666663,0.6,0.3,0.0,0.0,20.978159064531102,20000173
SPT,10.226664161605193,8,0.6666666666666666,0.5369892791664758,0.75,0.33333333333333337,0.6,0.3,0.0,0.0,22.088792344449445,20000174
SPT,6.577170462545906,6,0.5,0.34225766407888053,0.75,0.5,0.6,0.3,0.0,0.0,21.995768760449643,20000175
SPT,9.898007233056513,8,0.6666666666666666,0.5000556585550514,0.75,0.33333333333333337,0.6,0.3,0.0,0.0,21.375327811537414,20000176
SPT,8.536795379456152,7,0.5833333333333334,0.45942147757670687,0.75,0.41666666666666663,0.6,0.3,0.0,0.0,22.11071994010409,20000177
SPT,10.50632126180208,8,0.6666666666666666,0.5511472670669791,0.75,0.33333333333333337,0.6,0.3,0.0,0.0,21.418276824022296,20000178
SPT,6.9300644164254,6,0.5,0.362921326587315,0.75,0.5,0.6,0.3,0.0,0.0,21.527443412738062,20000179
SPT,5.521438391939747,5,0.4166666666666667,0.33728249407010785,0.6666666666666666,0.5833333333333333,0.6,0.3,0.0,0.0,20.213445746542085,20000180
SPT,9.585527281099402,8,0.6666666666666666,0.43897727636754347,0.8333333333333334,0.33333333333333337,0.6,0.3,0.0,0.0,21.704524906126103,20000181
SPT,12.588943952787686,9,0.75,0.6456865433729908,0.75,0.25,0.6,0.3,0.0,0.0,21.72235988196922,20000182
SPT,8.656756056135569,7,0.5833333333333334,0.4453141411369856,0.6666666666666666,0.41666666666666663,0.6,0.3,0.0,0.0,20.65443487624046,20000183
SPT,9.928409700606231,8,0.6666666666666666,0.5022269357623534,0.75,0.33333333333333337,0.6,0.3,0.0,0.0,21.832370556588494,20000184
SPT,11.704761459063384,9,0.75,0.5987364907525622,0.75,0.25,0.6,0.3,0.0,0.0,21.605727971965408,20000185
SPT,7.989840123519733,7,0.5833333333333334,0.4058142838745782,0.75,0.41666666666666663,0.6,0.3,0.0,0.0,21.324547402726918,20000186
SPT,7.173789640758151,6,0.5,0.38136869957076763,0.6666666666666666,0.5,0.6,0.3,0.0,0.0,20.62162233308997,20000187
SPT,8.526155867400083,7,0.5833333333333334,0.4522282088478666,0.75,0.41666666666666663,0.6,0.3,0.0,0.0,21.98277834324313,20000188
SPT,8.586804638737096,7,0.5833333333333334,0.43420849706681097,0.75,0.41666666666666663,0.6,0.3,0.0,0.0,21.54847028331252,20000189
SPT,10.065067824988606,8,0.6666666666666666,0.5339226509592374,0.75,0.33333333333333337,0.6,0.3,0.0,0.0,21.247048941863774,20000190
SPT,12.782798833942739,10,0.8333333333333334,0.6948709102708436,1.0,0.16666666666666663,0.6,0.3,0.0,0.0,22.642499141465983,20000191
SPT,10.288368336621188,8,0.6666666666666666,0.5562599107141676,0.75,0.33333333333333337,0.6,0.3,0.0,0.0,21.630744271789645,20000192
SPT,8.807978223929284,7,0.5833333333333334,0.4485018638509558,0.75,0.41666666666666663,0.6,0.3,0.0,0.0,21.277050341367424,20000193
SPT,10.218193283844018,8,0.6666666666666666,0.5375496919305152,0.6666666666666666,0.33333333333333337,0.6,0.3,0.0,0.0,21.0519983454343,20000194
SPT,6.957442460502174,6,0.5,0.3528356416116214,0.75,0.5,0.6,0.3,0.0,0.0,21.797875769310494,20000195
SPT,10.135671249873845,8,0.6666666666666666,0.5146018549335325,0.75,0.33333333333333337,0.6,0.3,0.0,0.0,21.890367676189825,20000196
SPT,7.1316088555499775,6,0.5,0.3722304175629767,0.75,0.5,0.6,0.3,0.0,0.0,21.39504010096364,20000197
SPT,9.92681726463466,8,0.6666666666666666,0.48172007680858975,0.75,0.33333333333333337,0.6,0.3,0.0,0.0,21.89399174431649,20000198
SPT,10.668727891783238,8,0.6666666666666666,0.5513931061653511,0.75,0.33333333333333337,0.6,0.3,0.0,0.0,21.208270360502198,20000199
SPT,8.657457643524712,7,0.5833333333333334,0.440693758158043,0.75,0.41666666666666663,0.6,0.3,0.0,0.0,21.380257031851528,20000200
SPT,8.504755330341437,7,0.5833333333333334,0.4374896329500656,0.6666666666666666,0.41666666666666663,0.6,0.3,0.0,0.0,20.623106166395935,20000201
SPT,12.169020924797799,9,0.75,0.6289401140908646,0.75,0.25,0.6,0.3,0.0,0.0,21.506996850928882,20000202
SPT,13.365712860938412,10,0.8333333333333334,0.6965775822443484,0.8333333333333334,0.16666666666666663,0.6,0.3,0.0,0.0,21.32541815413188,20000203
SPT,5.338264815250085,5,0.4166666666666667,0.2846070273097898,0.75,0.5833333333333333,0.6,0.3,0.0,0.0,21.78281693567424,20000204
SPT,10.29033161328056,8,0.6666666666666666,0.5483853613674355,0.8333333333333334,0.33333333333333337,0.6,0.3,0.0,0.0,21.888799538905996,20000205
SPT,8.597753004968165,7,0.5833333333333334,0.43049251308437086,0.6666666666666666,0.41666666666666663,0.6,0.3,0.0,0.0,20.51889210267975,20000206
SPT,7.077365123743835,6,0.5,0.3949894033398009,0.6666666666666666,0.5,0.6,0.3,0.0,0.0,20.69726684177417,20000207
SPT,8.539213385921489,7,0.5833333333333334,0.4611858378825413,0.6666666666666666,0.41666666666666663,0.6,0.3,0.0,0.0,21.540335577700375,20000208
SPT,8.331957667375617,7,0.5833333333333334,0.43515187654986137,0.6666666666666666,0.41666666666666663,0.6,0.3,0.0,0.0,20.95970535127401,20000209
SPT,9.793331193758162,8,0.6666666666666666,0.4942365463697267,0.8333333333333334,0.33333333333333337,0.6,0.3,0.0,0.0,22.03493004112219,20000210
SPT,9.867154262296452,8,0.6666666666666666,0.522142212652532,0.75,0.33333333333333337,0.6,0.3,0.0,0.0,21.502456379117014,20000211
SPT,11.817587479191115,9,0.75,0.6286045128169919,0.8333333333333334,0.25,0.6,0.3,0.0,0.0,22.79696082917545,20000212
SPT,7.987443126852186,7,0.5833333333333334,0.38726554168655575,0.75,0.41666666666666663,0.6,0.3,0.0,0.0,21.870429403199022,20000213
SPT,8.985779716461629,7,0.5833333333333334,0.47235253432865104,0.75,0.41666666666666663,0.6,0.3,0.0,0.0,21.7464929731679,20000214
SPT,9.198928665448253,7,0.5833333333333334,0.48760910330507334,0.75,0.41666666666666663,0.6,0.3,0.0,0.0,22.00793674653426,20000215
SPT,9.708928547969764,8,0.6666666666666666,0.48454499477831586,0.75,0.33333333333333337,0.6,0.3,0.0,0.0,21.57686114713392,20000216
SPT,8.333470947102388,7,0.5833333333333334,0.40836271307838873,0.8333333333333334,0.41666666666666663,0.6,0.3,0.0,0.0,22.0296899524208,20000217
SPT,8.209578250659778,7,0.5833333333333334,0.39709049419101355,0.8333333333333334,0.41666666666666663,0.6,0.3,0.0,0.0,22.656660447398476,20000218
SPT,10.359904056186915,8,0.6666666666666666,0.532299398700971,0.8333333333333334,0.33333333333333337,0.6,0.3,0.0,0.0,22.098626548800564,20000219
SPT,11.663611540057317,9,0.75,0.6303731074305181,0.75,0.25,0.6,0.3,0.0,0.0,21.688993021785762,20000220
SPT,8.080579457733753,7,0.5833333333333334,0.43760745096316206,0.75,0.41666666666666663,0.6,0.3,0.0,0.0,21.598821334004327,20000221
SPT,7.678307555572481,7,0.5833333333333334,0.3338907425689856,0.75,0.41666666666666663,0.6,0.3,0.0,0.0,21.59119225418107,20000222
SPT,11.987674812686429,9,0.75,0.6201687857774438,0.8333333333333334,0.25,0.6,0.3,0.0,0.0,21.667511563555095,20000223
SPT,6.913558688227314,6,0.5,0.35544656467407304,0.75,0.5,0.6,0.3,0.0,0.0,20.861078449284392,20000224
SPT,8.62456540525977,7,0.5833333333333334,0.44887475008719374,0.8333333333333334,0.41666666666666663,0.6,0.3,0.0,0.0,21.773774931795593,20000225
SPT,8.582892815581658,7,0.5833333333333334,0.4714793777931263,0.6666666666666666,0.41666666666666663,0.6,0.3,0.0,0.0,21.66445050128521,20000226
SPT,8.27511671862538,7,0.5833333333333334,0.3930964974324086,0.8333333333333334,0.41666666666666663,0.6,0.3,0.0,0.0,21.863097552939028,20000227
SPT,7.87852572621453,7,0.5833333333333334,0.38225299114328604,0.75,0.41666666666666663,0.6,0.3,0.0,0.0,21.51157290824669,20000228
SPT,7.066425875334559,6,0.5,0.3969217064947297,0.6666666666666666,0.5,0.6,0.3,0.0,0.0,20.497102464551638,20000229
SPT,8.87764243617482,7,0.5833333333333334,0.480285527028674,0.75,0.41666666666666663,0.6,0.3,0.0,0.0,21.68616437057135,20000230
SPT,9.688744738809415,8,0.6666666666666666,0.47994074649170354,0.75,0.33333333333333337,0.6,0.3,0.0,0.0,21.729235470840226,20000231
SPT,6.6280990297111915,6,0.5,0.3411175607829932,0.6666666666666666,0.5,0.6,0.3,0.0,0.0,20.917674131073824,20000232
SPT,8.910741662397074,7,0.5833333333333334,0.4763609313437566,0.75,0.41666666666666663,0.6,0.3,0.0,0.0,21.368871218779105,20000233
SPT,10.705452484925415,8,0.6666666666666666,0.532248495775704,0.75,0.33333333333333337,0.6,0.3,0.0,0.0,21.812954969720145,20000234
SPT,11.575384083797289,9,0.75,0.6064033237738624,0.8333333333333334,0.25,0.6,0.3,0.0,0.0,21.359990577855985,20000235
SPT,13.787316846640476,10,0.8333333333333334,0.7179037540308906,0.8333333333333334,0.16666666666666663,0.6,0.3,0.0,0.0,22.384813664846583,20000236
SPT,6.9718415670825955,6,0.5,0.4100896944805064,0.5833333333333334,0.5,0.6,0.3,0.0,0.0,20.66528789392924,20000237
SPT,6.423421957182038,6,0.5,0.327734334116546,0.6666666666666666,0.5,0.6,0.3,0.0,0.0,20.991116800970673,20000238
SPT,8.767696182004125,7,0.5833333333333334,0.47224383654933866,0.6666666666666666,0.41666666666666663,0.6,0.3,0.0,0.0,21.411145179836204,20000239
SPT,8.922680917327538,7,0.5833333333333334,0.49422187565533876,0.6666666666666666,0.41666666666666663,0.6,0.3,0.0,0.0,21.13595785144176,20000240
SPT,10.30768320421089,8,0.6666666666666666,0.5408385989798276,0.6666666666666666,0.33333333333333337,0.6,0.3,0.0,0.0,20.94344618198236,20000241
SPT,13.037768946632998,10,0.8333333333333334,0.7069423976254863,0.9166666666666666,0.16666666666666663,0.6,0.3,0.0,0.0,22.44285737337869,20000242
SPT,9.143138465091864,7,0.5833333333333334,0.5055880966463897,0.6666666666666666,0.41666666666666663,0.6,0.3,0.0,0.0,20.466018403139095,20000243
SPT,8.517063565945165,7,0.5833333333333334,0.47145727922471115,0.75,0.41666666666666663,0.6,0.3,0.0,0.0,21.748528855805063,20000244
SPT,10.655478057061933,8,0.6666666666666666,0.5671502247484392,0.75,0.33333333333333337,0.6,0.3,0.0,0.0,21.16989965539332,20000245
SPT,9.973851045530669,8,0.6666666666666666,0.5339046743432931,0.75,0.33333333333333337,0.6,0.3,0.0,0.0,21.349013576913134,20000246
SPT,10.004886753636574,8,0.6666666666666666,0.5043811318957931,0.75,0.33333333333333337,0.6,0.3,0.0,0.0,21.149825121971034,20000247
SPT,13.016517721522813,10,0.8333333333333334,0.7052363609939358,0.8333333333333334,0.16666666666666663,0.6,0.3,0.0,0.0,22.28093337849538,20000248
SPT,8.397215618648975,7,0.5833333333333334,0.45318205207818024,0.6666666666666666,0.41666666666666663,0.6,0.3,0.0,0.0,20.70735974024338,20000249
SPT,13.501622471212503,10,0.8333333333333334,0.6965656247409149,0.8333333333333334,0.16666666666666663,0.6,0.3,0.0,0.0,21.653779739844435,20000250
SPT,11.758484212007652,9,0.75,0.6188013925259253,0.75,0.25,0.6,0.3,0.0,0.0,21.3881023292574,20000251
SPT,10.295746225825868,8,0.6666666666666666,0.5316844892983066,0.8333333333333334,0.33333333333333337,0.6,0.3,0.0,0.0,22.319941356312178,20000252
SPT,10.139941593849295,8,0.6666666666666666,0.5250856756044326,0.6666666666666666,0.33333333333333337,0.6,0.3,0.0,0.0,21.24720192693042,20000253
SPT,10.42927835414821,8,0.6666666666666666,0.5287953308091711,0.75,0.33333333333333337,0.6,0.3,0.0,0.0,21.41049360228992,20000254
SPT,8.902433851069961,7,0.5833333333333334,0.48792721366207215,0.6666666666666666,0.41666666666666663,0.6,0.3,0.0,0.0,21.10179298815587,20000255
SPT,10.356345286600652,8,0.6666666666666666,0.5366458614528008,0.6666666666666666,0.33333333333333337,0.6,0.3,0.0,0.0,21.3592133358953,20000256
SPT,8.408796663873668,7,0.5833333333333334,0.44797318873789316,0.75,0.41666666666666663,0.6,0.3,0.0,0.0,21.84127189806042,20000257
SPT,9.923078348121749,8,0.6666666666666666,0.5213485692422876,0.75,0.33333333333333337,0.6,0.3,0.0,0.0,21.6140236497945,20000258
SPT,8.514831448663434,7,0.5833333333333334,0.4489010256083208,0.75,0.41666666666666663,0.6,0.3,0.0,0.0,21.37582577325115,20000259
SPT,9.17434338986787,7,0.5833333333333334,0.50793887816446,0.6666666666666666,0.41666666666666663,0.6,0.3,0.0,0.0,20.921763976987513,20000260
SPT,7.216411748832135,6,0.5,0.3670452364586609,0.6666666666666666,0.5,0.6,0.3,0.0,0.0,20.693715013889282,20000261
SPT,8.777745950763823,7,0.5833333333333334,0.45876660166643957,0.75,0.41666666666666663,0.6,0.3,0.0,0.0,21.54118974968055,20000262
SPT,11.554229332767868,9,0.75,0.6142297795905366,0.8333333333333334,0.25,0.6,0.3,0.0,0.0,22.76530889758003,20000263
SPT,10.477573756354554,8,0.6666666666666666,0.5184666437872427,0.75,0.33333333333333337,0.6,0.3,0.0,0.0,21.214415458195102,20000264
SPT,9.500657871171104,8,0.6666666666666666,0.4758128890565098,0.8333333333333334,0.33333333333333337,0.6,0.3,0.0,0.0,22.50004232100637,20000265
SPT,11.653344510164514,9,0.75,0.5945695172956308,0.8333333333333334,0.25,0.6,0.3,0.0,0.0,21.792841699848427,20000266
SPT,5.122280848128847,5,0.4166666666666667,0.3110014171666599,0.5833333333333334,0.5833333333333333,0.6,0.3,0.0,0.0,20.3599123484102,20000267
SPT,8.286248039762649,7,0.5833333333333334,0.43225645040468413,0.6666666666666666,0.41666666666666663,0.6,0.3,0.0,0.0,21.317148194135058,20000268
SPT,8.478427095820791,7,0.5833333333333334,0.45903080274763247,0.6666666666666666,0.41666666666666663,0.6,0.3,0.0,0.0,20.93676431136604,20000269
SPT,9.783308037312294,8,0.6666666666666666,0.49152758977982214,0.75,0.33333333333333337,0.6,0.3,0.0,0.0,21.863012966365314,20000270
SPT,10.38295103846525,8,0.6666666666666666,0.5563708772254239,0.75,0.33333333333333337,0.6,0.3,0.0,0.0,21.19788634052377,20000271
SPT,10.29526651605443,8,0.6666666666666666,0.5398325633856325,0.8333333333333334,0.33333333333333337,0.6,0.3,0.0,0.0,21.64125358582473,20000272
SPT,9.703824493189833,8,0.6666666666666666,0.4676770988964442,0.75,0.33333333333333337,0.6,0.3,0.0,0.0,21.290978470354656,20000273
SPT,10.133355327374437,8,0.6666666666666666,0.5143486781156442,0.75,0.33333333333333337,0.6,0.3,0.0,0.0,21.511009083562378,20000274
SPT,10.078857161318046,8,0.6666666666666666,0.5145779044948791,0.8333333333333334,0.33333333333333337,0.6,0.3,0.0,0.0,21.961668924904032,20000275
SPT,8.710927205517514,7,0.5833333333333334,0.42285288097101553,0.75,0.41666666666666663,0.6,0.3,0.0,0.0,21.34073111976596,20000276
SPT,10.249658140956864,8,0.6666666666666666,0.5047940933670759,0.75,0.33333333333333337,0.6,0.3,0.0,0.0,21.08800476001918,20000277
SPT,6.826677760134154,6,0.5,0.33538401577168986,0.75,0.5,0.6,0.3,0.0,0.0,20.6891193552967,20000278
SPT,11.90430960354453,9,0.75,0.6226850247654915,0.75,0.25,0.6,0.3,0.0,0.0,21.746982339705525,20000279
SPT,9.938098952999761,8,0.6666666666666666,0.5111648241724635,0.9166666666666666,0.33333333333333337,0.6,0.3,0.0,0.0,22.471162610605415,20000280
SPT,11.580988573313846,9,0.75,0.6318387177560714,0.75,0.25,0.6,0.3,0.0,0.0,21.930542687660743,20000281
SPT,10.132852423059724,8,0.6666666666666666,0.5478523020556594,0.6666666666666666,0.33333333333333337,0.6,0.3,0.0,0.0,21.01102662724625,20000282
SPT,13.254687652592263,10,0.8333333333333334,0.7002767983821189,0.8333333333333334,0.16666666666666663,0.6,0.3,0.0,0.0,21.906575177486868,20000283
SPT,8.715196676302275,7,0.5833333333333334,0.4441553487263528,0.75,0.41666666666666663,0.6,0.3,0.0,0.0,21.052392345368375,20000284
SPT,8.414269199586279,7,0.5833333333333334,0.43538904754903035,0.75,0.41666666666666663,0.6,0.3,0.0,0.0,22.171853181955154,20000285
SPT,7.058240830011464,6,0.5,0.40161665795982066,0.5833333333333334,0.5,0.6,0.3,0.0,0.0,20.534655462990358,20000286
SPT,13.344251720784474,10,0.8333333333333334,0.7008573492924948,0.9166666666666666,0.16666666666666663,0.6,0.3,0.0,0.0,22.619136726611586,20000287
SPT,11.971310855643157,9,0.75,0.6183793944150346,0.8333333333333334,0.25,0.6,0.3,0.0,0.0,22.197248004716126,20000288
SPT,9.981279732821047,8,0.6666666666666666,0.5091948230916363,0.8333333333333334,0.33333333333333337,0.6,0.3,0.0,0.0,21.70321921830425,20000289
SPT,6.4393337029801065,6,0.5,0.3200932899468235,0.6666666666666666,0.5,0.6,0.3,0.0,0.0,20.8695256626404,20000290
SPT,11.746523652414872,9,0.75,0.6339628791889843,0.8333333333333334,0.25,0.6,0.3,0.0,0.0,22.10019012938351,20000291
SPT,8.51915656420682,7,0.5833333333333334,0.47158223756156026,0.6666666666666666,0.41666666666666663,0.6,0.3,0.0,0.0,21.01931377766917,20000292
SPT,9.822123501867917,8,0.6666666666666666,0.49530715326148006,0.75,0.33333333333333337,0.6,0.3,0.0,0.0,21.794176343456787,20000293
SPT,8.773920490865077,7,0.5833333333333334,0.4644710159524587,0.6666666666666666,0.41666666666666663,0.6,0.3,0.0,0.0,21.277694393651757,20000294
SPT,8.745051852833948,7,0.5833333333333334,0.4903974236837252,0.75,0.41666666666666663,0.6,0.3,0.0,0.0,21.523895762913323,20000295
SPT,8.472809250605511,7,0.5833333333333334,0.4415927714390639,0.6666666666666666,0.41666666666666663,0.6,0.3,0.0,0.0,21.44003910227164,20000296
SPT,9.992033104791672,8,0.6666666666666666,0.4810213804269275,0.8333333333333334,0.33333333333333337,0.6,0.3,0.0,0.0,21.573087659896153,20000297
SPT,8.39124082321216,7,0.5833333333333334,0.41220594593001025,0.75,0.41666666666666663,0.6,0.3,0.0,0.0,20.85221837182954,20000298
SPT,9.456014037562896,8,0.6666666666666666,0.44857143672141375,0.8333333333333334,0.33333333333333337,0.6,0.3,0.0,0.0,21.8487477886655,20000299
SPT,6.929578237913791,6,0.5,0.3635159527460488,0.6666666666666666,0.5,0.6,0.3,0.0,0.0,20.86677581141614,20000300
SPT,9.926571759597099,8,0.6666666666666666,0.49122609018505425,0.8333333333333334,0.33333333333333337,0.6,0.3,0.0,0.0,21.724762814190903,20000301
SPT,10.793596894062942,8,0.6666666666666666,0.5616721577736139,0.6666666666666666,0.33333333333333337,0.6,0.3,0.0,0.0,21.278260427774793,20000302
SPT,6.8881550743215545,6,0.5,0.40727827372556663,0.75,0.5,0.6,0.3,0.0,0.0,21.889940857843744,20000303
SPT,8.267611171688321,7,0.5833333333333334,0.45211550661334193,0.8333333333333334,0.41666666666666663,0.6,0.3,0.0,0.0,23.16916395063619,20000304
SPT,10.108210251303216,8,0.6666666666666666,0.5604504115869497,0.9166666666666666,0.33333333333333337,0.6,0.3,0.0,0.0,22.925102066961006,20000305
SPT,11.367227963502732,9,0.75,0.5589127919084637,0.8333333333333334,0.25,0.6,0.3,0.0,0.0,21.480593858239452,20000306
SPT,12.10021506112008,9,0.75,0.6243007937132935,0.75,0.25,0.6,0.3,0.0,0.0,21.79464868851891,20000307
SPT,10.6628262381054,8,0.6666666666666666,0.5458153367955826,0.75,0.33333333333333337,0.6,0.3,0.0,0.0,21.24458513642877,20000308
SPT,8.95422330997441,7,0.5833333333333334,0.4722498448933305,0.6666666666666666,0.41666666666666663,0.6,0.3,0.0,0.0,20.49146113529528,20000309
SPT,11.437504700700684,9,0.75,0.6219179449517731,0.8333333333333334,0.25,0.6,0.3,0.0,0.0,22.1431451221411,20000310
SPT,9.874615234061135,8,0.6666666666666666,0.5089903279733133,0.75,0.33333333333333337,0.6,0.3,0.0,0.0,22.0882525684647,20000311
SPT,10.030489845038574,8,0.6666666666666666,0.5039040462034934,0.75,0.33333333333333337,0.6,0.3,0.0,0.0,21.66884670447153,20000312
SPT,10.506892397134171,8,0.6666666666666666,0.5337317904687405,0.75,0.33333333333333337,0.6,0.3,0.0,0.0,21.503277183935428,20000313
SPT,9.868920205957348,8,0.6666666666666666,0.5081034671768393,0.75,0.33333333333333337,0.6,0.3,0.0,0.0,22.047733444128248,20000314
SPT,10.082154523956081,8,0.6666666666666666,0.4973831307783105,0.75,0.33333333333333337,0.6,0.3,0.0,0.0,21.483183764088878,20000315
SPT,8.989910020153433,7,0.5833333333333334,0.4694860039915692,0.6666666666666666,0.41666666666666663,0.6,0.3,0.0,0.0,20.94927914650018,20000316
SPT,8.442111643116144,7,0.5833333333333334,0.4506485912765874,0.75,0.41666666666666663,0.6,0.3,0.0,0.0,21.026877928405185,20000317
SPT,8.776731968966109,7,0.5833333333333334,0.47769093577969635,0.6666666666666666,0.41666666666666663,0.6,0.3,0.0,0.0,20.77447252949205,20000318
SPT,7.232581397106092,6,0.5,0.3996216419479539,0.6666666666666666,0.5,0.6,0.3,0.0,0.0,21.12847906640435,20000319
SPT,8.846109334220785,7,0.5833333333333334,0.4695099910415752,0.6666666666666666,0.41666666666666663,0.6,0.3,0.0,0.0,20.60447391228449,20000320
SPT,11.714882996392689,9,0.75,0.622039799148024,0.8333333333333334,0.25,0.6,0.3,0.0,0.0,21.867118529300548,20000321
SPT,10.351030925232926,8,0.6666666666666666,0.5522888958952052,0.6666666666666666,0.33333333333333337,0.6,0.3,0.0,0.0,21.49153041212226,20000322
SPT,6.910151137533877,6,0.5,0.409321306943568,0.6666666666666666,0.5,0.6,0.3,0.0,0.0,21.377193001695296,20000323
SPT,7.286912183033319,6,0.5,0.4115414532192754,0.75,0.5,0.6,0.3,0.0,0.0,21.64146825444121,20000324
SPT,11.908158106617675,9,0.75,0.6214747940289866,0.8333333333333334,0.25,0.6,0.3,0.0,0.0,22.1492012213024,20000325
SPT,5.3576514839225675,5,0.4166666666666667,0.33049088114102115,0.5833333333333334,0.5833333333333333,0.6,0.3,0.0,0.0,20.961813421039587,20000326
SPT,9.627530201228998,8,0.6666666666666666,0.47396739041288877,0.75,0.33333333333333337,0.6,0.3,0.0,0.0,22.000634853808844,20000327
SPT,10.244061910048929,8,0.6666666666666666,0.5149290989396075,0.75,0.33333333333333337,0.6,0.3,0.0,0.0,21.164443894677575,20000328
SPT,10.508298621662236,8,0.6666666666666666,0.5483443693991289,0.6666666666666666,0.33333333333333337,0.6,0.3,0.0,0.0,20.96729524257383,20000329
SPT,10.029875158895353,8,0.6666666666666666,0.5232091267741417,0.75,0.33333333333333337,0.6,0.3,0.0,0.0,21.173966866714647,20000330
SPT,11.644401473143066,9,0.75,0.6204120714928565,0.8333333333333334,0.25,0.6,0.3,0.0,0.0,22.82099619064806,20000331
SPT,8.341332002855495,7,0.5833333333333334,0.4001601585931193,0.8333333333333334,0.41666666666666663,0.6,0.3,0.0,0.0,22.063173039300942,20000332
SPT,9.68390355570173,8,0.6666666666666666,0.49822984038906537,0.75,0.33333333333333337,0.6,0.3,0.0,0.0,21.420429764704146,20000333
SPT,8.733389016709815,7,0.5833333333333334,0.4769029250318113,0.6666666666666666,0.41666666666666663,0.6,0.3,0.0,0.0,21.636705079833067,20000334
SPT,10.408778959007412,8,0.6666666666666666,0.5524482089432659,0.75,0.33333333333333337,0.6,0.3,0.0,0.0,21.188317033271744,20000335
SPT,8.443482217399882,7,0.5833333333333334,0.4448609445361621,0.6666666666666666,0.41666666666666663,0.6,0.3,0.0,0.0,21.44512219769136,20000336
SPT,10.452759864673677,8,0.6666666666666666,0.5344478806385173,0.75,0.33333333333333337,0.6,0.3,0.0,0.0,21.483593649489617,20000337
SPT,12.069027327282685,9,0.75,0.6290415007788496,0.8333333333333334,0.25,0.6,0.3,0.0,0.0,21.998636223206997,20000338
SPT,11.71981378384166,9,0.75,0.6174283134466156,0.75,0.25,0.6,0.3,0.0,0.0,21.7611796406523,20000339
SPT,10.24138761501877,8,0.6666666666666666,0.5398103122851725,0.6666666666666666,0.33333333333333337,0.6,0.3,0.0,0.0,21.163708410918257,20000340
SPT,11.790743980280219,9,0.75,0.6190377058252131,0.75,0.25,0.6,0.3,0.0,0.0,21.469752567028365,20000341
SPT,13.481870221438133,10,0.8333333333333334,0.7215967034365264,0.8333333333333334,0.16666666666666663,0.6,0.3,0.0,0.0,22.061232122053664,20000342
SPT,10.233074471851637,8,0.6666666666666666,0.5474329592257798,0.6666666666666666,0.33333333333333337,0.6,0.3,0.0,0.0,21.175002798193056,20000343
SPT,11.963980662283678,9,0.75,0.6176528415372126,0.75,0.25,0.6,0.3,0.0,0.0,21.839509457583596,20000344
SPT,7.028280980479449,6,0.5,0.36878290767381927,0.6666666666666666,0.5,0.6,0.3,0.0,0.0,21.08415951496834,20000345
SPT,6.927752717269553,6,0.5,0.34625131859015323,0.75,0.5,0.6,0.3,0.0,0.0,21.118072184646635,20000346
SPT,8.81553346802646,7,0.5833333333333334,0.4819107495017886,0.75,0.41666666666666663,0.6,0.3,0.0,0.0,21.588244832048677,20000347
SPT,8.385314723046863,7,0.5833333333333334,0.43222634078205957,0.6666666666666666,0.41666666666666663,0.6,0.3,0.0,0.0,21.021579733589455,20000348
SPT,11.33028358083283,9,0.75,0.6328009113942592,0.8333333333333334,0.25,0.6,0.3,0.0,0.0,22.52799003697082,20000349
SPT,6.724557576794618,6,0.5,0.3618592668143298,0.6666666666666666,0.5,0.6,0.3,0.0,0.0,21.499170585218643,20000350
SPT,10.541613939464309,8,0.6666666666666666,0.5515828673267406,0.75,0.33333333333333337,0.6,0.3,0.0,0.0,21.157557232786004,20000351
SPT,10.361125299299548,8,0.6666666666666666,0.5329963784892109,0.8333333333333334,0.33333333333333337,0.6,0.3,0.0,0.0,22.06611759796837,20000352
SPT,10.452062880983778,8,0.6666666666666666,0.5255290636126706,0.75,0.33333333333333337,0.6,0.3,0.0,0.0,21.487190944291097,20000353
SPT,11.853524171896975,9,0.75,0.6300918168363118,0.75,0.25,0.6,0.3,0.0,0.0,22.09023550760418,20000354
SPT,11.690134022373845,9,0.75,0.6178430242280264,0.8333333333333334,0.25,0.6,0.3,0.0,0.0,22.46745685953597,20000355
SPT,10.087979609595868,8,0.6666666666666666,0.5373571873572922,0.75,0.33333333333333337,0.6,0.3,0.0,0.0,22.154175683435202,20000356
SPT,12.20254735390717,9,0.75,0.6503260680222743,0.75,0.25,0.6,0.3,0.0,0.0,21.200594818498566,20000357
SPT,13.147068096611287,10,0.8333333333333334,0.719401757885384,0.9166666666666666,0.16666666666666663,0.6,0.3,0.0,0.0,22.380685752834975,20000358
SPT,10.265069723199858,8,0.6666666666666666,0.5494874127998688,0.8333333333333334,0.33333333333333337,0.6,0.3,0.0,0.0,21.457127312198065,20000359
SPT,10.109580995657604,8,0.6666666666666666,0.4937178965529217,0.8333333333333334,0.33333333333333337,0.6,0.3,0.0,0.0,21.838814163690305,20000360
SPT,6.701416688874086,6,0.5,0.36558605149743956,0.6666666666666666,0.5,0.6,0.3,0.0,0.0,21.32671278219312,20000361
SPT,8.137670207466984,7,0.5833333333333334,0.4146651704317277,0.6666666666666666,0.41666666666666663,0.6,0.3,0.0,0.0,20.43144197418971,20000362
SPT,8.891717774894646,7,0.5833333333333334,0.46808834648885805,0.6666666666666666,0.41666666666666663,0.6,0.3,0.0,0.0,20.677032593559353,20000363
SPT,7.122986263469895,6,0.5,0.3522021678431081,0.75,0.5,0.6,0.3,0.0,0.0,21.754106975878845,20000364
SPT,10.452843819710344,8,0.6666666666666666,0.5453559085172559,0.6666666666666666,0.33333333333333337,0.6,0.3,0.0,0.0,21.259956558923978,20000365
SPT,8.97755814737493,7,0.5833333333333334,0.4929876933423792,0.5833333333333334,0.41666666666666663,0.6,0.3,0.0,0.0,20.787300704100343,20000366
SPT,9.835828352258963,8,0.6666666666666666,0.48404816089635333,0.75,0.33333333333333337,0.6,0.3,0.0,0.0,21.65650354340809,20000367
SPT,8.125374252429411,7,0.5833333333333334,0.4375693184533894,0.75,0.41666666666666663,0.6,0.3,0.0,0.0,21.975220149138334,20000368
SPT,8.834787513030474,7,0.5833333333333334,0.4616979616900563,0.6666666666666666,0.41666666666666663,0.6,0.3,0.0,0.0,20.61907234470588,20000369
SPT,9.703563426048508,8,0.6666666666666666,0.480943991802463,0.75,0.33333333333333337,0.6,0.3,0.0,0.0,21.792643695761928,20000370
SPT,10.382379023275686,8,0.6666666666666666,0.5201977264341517,0.75,0.33333333333333337,0.6,0.3,0.0,0.0,21.622283454454447,20000371
SPT,7.150379488969391,6,0.5,0.3774678389221121,0.6666666666666666,0.5,0.6,0.3,0.0,0.0,20.189264331175764,20000372
SPT,9.780180794121215,8,0.6666666666666666,0.42810080579952825,0.9166666666666666,0.33333333333333337,0.6,0.3,0.0,0.0,23.042893368564098,20000373
SPT,10.02481621653337,8,0.6666666666666666,0.5161970689579132,0.75,0.33333333333333337,0.6,0.3,0.0,0.0,21.633207370445355,20000374
SPT,8.71314028880406,7,0.5833333333333334,0.469631143381559,0.75,0.41666666666666663,0.6,0.3,0.0,0.0,21.219613205749024,20000375
SPT,11.713134946430719,9,0.75,0.5808699523986803,0.8333333333333334,0.25,0.6,0.3,0.0,0.0,21.47660279157351,20000376
SPT,8.174788531295022,7,0.5833333333333334,0.3986097662268358,0.75,0.41666666666666663,0.6,0.3,0.0,0.0,21.720061602692493,20000377
SPT,6.985388177840962,6,0.5,0.36005048748399704,0.75,0.5,0.6,0.3,0.0,0.0,21.879964478519568,20000378
SPT,9.899586440099116,8,0.6666666666666666,0.49084623013676487,0.8333333333333334,0.33333333333333337,0.6,0.3,0.0,0.0,22.74048803441058,20000379
SPT,11.86891854469846,9,0.75,0.5984155390833663,0.8333333333333334,0.25,0.6,0.3,0.0,0.0,22.08928134975085,20000380
SPT,8.838019243774989,7,0.5833333333333334,0.4552930952223791,0.6666666666666666,0.41666666666666663,0.6,0.3,0.0,0.0,21.256977978974106,20000381
SPT,11.141140568525607,9,0.75,0.5654637018102712,0.8333333333333334,0.25,0.6,0.3,0.0,0.0,22.318536810533438,20000382
SPT,11.751063906141354,9,0.75,0.6196042438777722,0.75,0.25,0.6,0.3,0.0,0.0,21.36063208802156,20000383
SPT,8.696302011691527,7,0.5833333333333334,0.4555529053387176,0.75,0.41666666666666663,0.6,0.3,0.0,0.0,21.021652549916027,20000384
SPT,9.552834099464622,8,0.6666666666666666,0.47913552198983855,0.75,0.33333333333333337,0.6,0.3,0.0,0.0,21.31950248880953,20000385
SPT,6.981020986277998,6,0.5,0.3906027788124357,0.6666666666666666,0.5,0.6,0.3,0.0,0.0,21.192350558751848,20000386
SPT,9.756792242428366,8,0.6666666666666666,0.5066165622038228,0.75,0.33333333333333337,0.6,0.3,0.0,0.0,21.636383822180864,20000387
SPT,9.939837602828714,8,0.6666666666666666,0.5566886897877744,0.8333333333333334,0.33333333333333337,0.6,0.3,0.0,0.0,21.97002635779357,20000388
SPT,10.021962198241045,8,0.6666666666666666,0.5122443658388478,0.75,0.33333333333333337,0.6,0.3,0.0,0.0,21.646135421216208,20000389
SPT,10.20123349418398,8,0.6666666666666666,0.5304500716096252,0.75,0.33333333333333337,0.6,0.3,0.0,0.0,21.559391740323385,20000390
SPT,10.290132551149458,8,0.6666666666666666,0.5371808106610546,0.8333333333333334,0.33333333333333337,0.6,0.3,0.0,0.0,22.542286316682077,20000391
SPT,8.275582126864121,7,0.5833333333333334,0.43790961398273814,0.75,0.41666666666666663,0.6,0.3,0.0,0.0,22.39857931892093,20000392
SPT,8.595867138160408,7,0.5833333333333334,0.45743323665217406,0.6666666666666666,0.41666666666666663,0.6,0.3,0.0,0.0,21.247355689592315,20000393
SPT,6.915501828906615,6,0.5,0.3868188125770908,0.5833333333333334,0.5,0.6,0.3,0.0,0.0,20.594796880414872,20000394
SPT,11.76638830043753,9,0.75,0.6128503798305939,0.75,0.25,0.6,0.3,0.0,0.0,22.320344574072255,20000395
SPT,9.935573776746187,8,0.6666666666666666,0.5358535666967128,0.75,0.33333333333333337,0.6,0.3,0.0,0.0,21.665114247515895,20000396
SPT,13.16786698142338,10,0.8333333333333334,0.71078687318652,0.8333333333333334,0.16666666666666663,0.6,0.3,0.0,0.0,22.634425587398347,20000397
SPT,9.899228104845967,8,0.6666666666666666,0.4899663078573028,0.9166666666666666,0.33333333333333337,0.6,0.3,0.0,0.0,22.31286840939411,20000398
SPT,11.838051782769488,9,0.75,0.5821955699904618,0.8333333333333334,0.25,0.6,0.3,0.0,0.0,22.12657968633423,20000399
SPT,10.083718494189133,8,0.6666666666666666,0.5283184993773574,0.8333333333333334,0.33333333333333337,0.6,0.3,0.0,0.0,22.339804183101815,20000400
SPT,6.888571373489782,6,0.5,0.39215216056911745,0.5833333333333334,0.5,0.6,0.3,0.0,0.0,20.64726348196602,20000401
SPT,5.203816126187389,5,0.4166666666666667,0.3122646884323338,0.5833333333333334,0.5833333333333333,0.6,0.3,0.0,0.0,20.319290058847297,20000402
SPT,10.710949416754875,8,0.6666666666666666,0.5619694548518303,0.6666666666666666,0.33333333333333337,0.6,0.3,0.0,0.0,21.072421290763252,20000403
SPT,8.54363989355963,7,0.5833333333333334,0.43849072402699213,0.75,0.41666666666666663,0.6,0.3,0.0,0.0,21.425359078616914,20000404
SPT,8.948717265956262,7,0.5833333333333334,0.5005285480427604,0.5833333333333334,0.41666666666666663,0.6,0.3,0.0,0.0,20.730937593202242,20000405
SPT,8.433301798973481,7,0.5833333333333334,0.4213991222956344,0.75,0.41666666666666663,0.6,0.3,0.0,0.0,21.392100359308284,20000406
SPT,11.977671144115329,9,0.75,0.6343936220375929,0.75,0.25,0.6,0.3,0.0,0.0,21.960191187629572,20000407
SPT,8.054671535031288,7,0.5833333333333334,0.42203856546163143,0.75,0.41666666666666663,0.6,0.3,0.0,0.0,21.46225628343106,20000408
SPT,8.227500827094357,7,0.5833333333333334,0.4005464008799572,0.75,0.41666666666666663,0.6,0.3,0.0,0.0,21.218823652332382,20000409
SPT,8.264114016916526,7,0.5833333333333334,0.4021412583363995,0.8333333333333334,0.41666666666666663,0.6,0.3,0.0,0.0,21.981169301394235,20000410
SPT,10.148003735445885,8,0.6666666666666666,0.5167163614107722,0.75,0.33333333333333337,0.6,0.3,0.0,0.0,21.773373134152557,20000411
SPT,8.901442969193953,7,0.5833333333333334,0.5142375744909834,0.6666666666666666,0.41666666666666663,0.6,0.3,0.0,0.0,21.057995107576946,20000412
SPT,9.952218569638264,8,0.6666666666666666,0.5571911245841431,0.75,0.33333333333333337,0.6,0.3,0.0,0.0,21.815393928727932,20000413
SPT,10.392748507883462,8,0.6666666666666666,0.5476523482521644,0.75,0.33333333333333337,0.6,0.3,0.0,0.0,21.184528398081405,20000414
SPT,9.988285706473155,8,0.6666666666666666,0.505628517205343,0.75,0.33333333333333337,0.6,0.3,0.0,0.0,21.420527084572758,20000415
SPT,11.87806487655103,9,0.75,0.6327455331225998,0.75,0.25,0.6,0.3,0.0,0.0,22.167221943399948,20000416
SPT,8.089160349560698,7,0.5833333333333334,0.387484402471608,0.75,0.41666666666666663,0.6,0.3,0.0,0.0,21.32609602948831,20000417
SPT,9.8002425076462,8,0.6666666666666666,0.5238854146223179,0.8333333333333334,0.33333333333333337,0.6,0.3,0.0,0.0,22.488334863231955,20000418
SPT,8.572456892454158,7,0.5833333333333334,0.3961917383455019,0.75,0.41666666666666663,0.6,0.3,0.0,0.0,21.36468759293169,20000419
SPT,9.877431452419275,8,0.6666666666666666,0.5238142541187796,0.8333333333333334,0.33333333333333337,0.6,0.3,0.0,0.0,22.070255465388534,20000420
SPT,10.85098411587535,8,0.6666666666666666,0.5723721673472564,0.6666666666666666,0.33333333333333337,0.6,0.3,0.0,0.0,20.974363279842624,20000421
SPT,8.354868000244142,7,0.5833333333333334,0.4561661432058765,0.75,0.41666666666666663,0.6,0.3,0.0,0.0,21.98882247931745,20000422
SPT,11.277679031977936,9,0.75,0.5745486926002403,0.8333333333333334,0.25,0.6,0.3,0.0,0.0,22.44256961313863,20000423
SPT,10.52065352732205,8,0.6666666666666666,0.5514514992819745,0.75,0.33333333333333337,0.6,0.3,0.0,0.0,21.44584130411677,20000424
SPT,3.2720414192491503,4,0.3333333333333333,0.19384174245310803,0.6666666666666666,0.6666666666666667,0.6,0.3,0.0,0.0,20.840687653429754,20000425
SPT,9.889404868392798,8,0.6666666666666666,0.49587549889096605,0.75,0.33333333333333337,0.6,0.3,0.0,0.0,21.38815846471743,20000426
SPT,11.754308762221536,9,0.75,0.6246112668411588,0.75,0.25,0.6,0.3,0.0,0.0,22.227529438764673,20000427
SPT,10.08614296318978,8,0.6666666666666666,0.5147604085875308,0.75,0.33333333333333337,0.6,0.3,0.0,0.0,20.830761889592434,20000428
SPT,11.148054680964135,9,0.75,0.5678122975403304,0.8333333333333334,0.25,0.6,0.3,0.0,0.0,22.422297126916853,20000429
SPT,12.795567398132354,10,0.8333333333333334,0.6618806910277241,0.8333333333333334,0.16666666666666663,0.6,0.3,0.0,0.0,21.51117874193321,20000430
SPT,10.438387333099806,8,0.6666666666666666,0.5510950245648041,0.75,0.33333333333333337,0.6,0.3,0.0,0.0,21.243012322240457,20000431
SPT,12.147048007888868,9,0.75,0.6506068270847556,0.8333333333333334,0.25,0.6,0.3,0.0,0.0,22.27816393719928,20000432
SPT,8.846347858750365,7,0.5833333333333334,0.5057707331980268,0.6666666666666666,0.41666666666666663,0.6,0.3,0.0,0.0,21.344725986593048,20000433
SPT,10.228015334251431,8,0.6666666666666666,0.5215478077069845,0.75,0.33333333333333337,0.6,0.3,0.0,0.0,20.73800488066209,20000434
SPT,10.036364824154052,8,0.6666666666666666,0.5392780153996236,0.75,0.33333333333333337,0.6,0.3,0.0,0.0,21.88056149818674,20000435
SPT,13.348191559777646,10,0.8333333333333334,0.7038379920950366,0.8333333333333334,0.16666666666666663,0.6,0.3,0.0,0.0,22.547593896587944,20000436
SPT,10.185309955816109,8,0.6666666666666666,0.5074286319531153,0.8333333333333334,0.33333333333333337,0.6,0.3,0.0,0.0,21.97666867205,20000437
SPT,8.509830357393726,7,0.5833333333333334,0.4164702501725256,0.75,0.41666666666666663,0.6,0.3,0.0,0.0,20.685487539401294,20000438
SPT,8.913462372467436,7,0.5833333333333334,0.4902689008717992,0.5833333333333334,0.41666666666666663,0.6,0.3,0.0,0.0,20.578380597374487,20000439
SPT,11.649376266032856,9,0.75,0.6241120670683181,0.9166666666666666,0.25,0.6,0.3,0.0,0.0,22.421975882104295,20000440
SPT,8.5303776740968,7,0.5833333333333334,0.42605265629471206,0.6666666666666666,0.41666666666666663,0.6,0.3,0.0,0.0,20.401426338674174,20000441
SPT,13.147907831590688,10,0.8333333333333334,0.6902001739106723,0.8333333333333334,0.16666666666666663,0.6,0.3,0.0,0.0,22.049772642618443,20000442
SPT,7.1485501755839715,6,0.5,0.3733557238991904,0.75,0.5,0.6,0.3,0.0,0.0,21.408949268215682,20000443
SPT,6.608153230951142,6,0.5,0.3493175072442241,0.6666666666666666,0.5,0.6,0.3,0.0,0.0,20.82560006924181,20000444
SPT,12.42929168252173,9,0.75,0.6348038971823621,0.75,0.25,0.6,0.3,0.0,0.0,21.323229206304323,20000445
SPT,9.965611551778471,8,0.6666666666666666,0.530173443214342,0.6666666666666666,0.33333333333333337,0.6,0.3,0.0,0.0,20.952160671839657,20000446
SPT,6.888064786602043,6,0.5,0.37525958599384107,0.5833333333333334,0.5,0.6,0.3,0.0,0.0,20.086741988169386,20000447
SPT,10.379476798672988,8,0.6666666666666666,0.5624634965385761,0.75,0.33333333333333337,0.6,0.3,0.0,0.0,21.973633475857987,20000448
SPT,9.865297363020723,8,0.6666666666666666,0.5152661443123612,0.75,0.33333333333333337,0.6,0.3,0.0,0.0,21.387834613984257,20000449
SPT,6.919662624716247,6,0.5,0.3653110142771281,0.6666666666666666,0.5,0.6,0.3,0.0,0.0,20.958401423675692,20000450
SPT,7.898355666411062,7,0.5833333333333334,0.3677704207009188,0.75,0.41666666666666663,0.6,0.3,0.0,0.0,21.13599790703021,20000451
SPT,9.107279176742075,7,0.5833333333333334,0.4795780519256586,0.6666666666666666,0.41666666666666663,0.6,0.3,0.0,0.0,20.849194392907545,20000452
SPT,7.093810320853606,6,0.5,0.40180343568195553,0.5833333333333334,0.5,0.6,0.3,0.0,0.0,20.71054530531369,20000453
SPT,10.082120649783,8,0.6666666666666666,0.4868264941755349,0.75,0.33333333333333337,0.6,0.3,0.0,0.0,21.131790910005034,20000454
SPT,8.333290526333903,7,0.5833333333333334,0.43463329671753054,0.75,0.41666666666666663,0.6,0.3,0.0,0.0,22.018634655175056,20000455
SPT,10.212160380209346,8,0.6666666666666666,0.5098879479335462,0.8333333333333334,0.33333333333333337,0.6,0.3,0.0,0.0,22.2661729123169,20000456
SPT,5.47171685057273,5,0.4166666666666667,0.29944795854361067,0.6666666666666666,0.5833333333333333,0.6,0.3,0.0,0.0,20.60024908497791,20000457
SPT,6.9775761718418075,6,0.5,0.38957607753522033,0.5833333333333334,0.5,0.6,0.3,0.0,0.0,20.371059063687092,20000458
SPT,8.434977189685645,7,0.5833333333333334,0.45154611919899557,0.75,0.41666666666666663,0.6,0.3,0.0,0.0,22.499346966616464,20000459
SPT,11.853196441062298,9,0.75,0.6174544230587411,0.8333333333333334,0.25,0.6,0.3,0.0,0.0,21.672642672790133,20000460
SPT,10.352341091130153,8,0.6666666666666666,0.5367403725498399,0.6666666666666666,0.33333333333333337,0.6,0.3,0.0,0.0,21.006749144729444,20000461
SPT,9.978154363741439,8,0.6666666666666666,0.5492136376927309,0.75,0.33333333333333337,0.6,0.3,0.0,0.0,21.86279788123283,20000462
SPT,8.553816809080972,7,0.5833333333333334,0.4645053178928758,0.6666666666666666,0.41666666666666663,0.6,0.3,0.0,0.0,20.64184513170752,20000463
SPT,10.031502001180916,8,0.6666666666666666,0.5079026173233004,0.75,0.33333333333333337,0.6,0.3,0.0,0.0,22.278477972643078,20000464
SPT,9.886764183998194,8,0.6666666666666666,0.5200112023363495,0.75,0.33333333333333337,0.6,0.3,0.0,0.0,21.272749107737386,20000465
SPT,7.0395339615173365,6,0.5,0.40388114975327394,0.6666666666666666,0.5,0.6,0.3,0.0,0.0,21.290946739282145,20000466
SPT,9.991285228039327,8,0.6666666666666666,0.543358412865939,0.8333333333333334,0.33333333333333337,0.6,0.3,0.0,0.0,22.81181238988659,20000467
SPT,11.613426258704665,9,0.75,0.5779887118587672,0.8333333333333334,0.25,0.6,0.3,0.0,0.0,22.02492579508292,20000468
SPT,6.717523112524644,6,0.5,0.33272424007971485,0.75,0.5,0.6,0.3,0.0,0.0,21.506331936618995,20000469
SPT,9.803234689961773,8,0.6666666666666666,0.5372702440671396,0.8333333333333334,0.33333333333333337,0.6,0.3,0.0,0.0,22.311289775889282,20000470
SPT,10.262690766704008,8,0.6666666666666666,0.5363086799278644,0.75,0.33333333333333337,0.6,0.3,0.0,0.0,21.364096565128317,20000471
SPT,10.430193229349026,8,0.6666666666666666,0.5383550254488307,0.75,0.33333333333333337,0.6,0.3,0.0,0.0,20.820330452020215,20000472
SPT,10.064040100603947,8,0.6666666666666666,0.5100420322911262,0.8333333333333334,0.33333333333333337,0.6,0.3,0.0,0.0,21.98348777783351,20000473
SPT,8.588350837295271,7,0.5833333333333334,0.4255218315373985,0.75,0.41666666666666663,0.6,0.3,0.0,0.0,21.291446603028792,20000474
SPT,10.453194464418441,8,0.6666666666666666,0.5327177728870571,0.75,0.33333333333333337,0.6,0.3,0.0,0.0,21.14887511696939,20000475
SPT,11.795258953266838,9,0.75,0.6332093644784708,0.8333333333333334,0.25,0.6,0.3,0.0,0.0,21.843433514609536,20000476
SPT,12.201960017266142,9,0.75,0.6358085481969658,0.75,0.25,0.6,0.3,0.0,0.0,21.59610314487898,20000477
SPT,4.9239552031335165,5,0.4166666666666667,0.2707529412228323,0.6666666666666666,0.5833333333333333,0.6,0.3,0.0,0.0,21.661693220891195,20000478
SPT,8.176531279261981,7,0.5833333333333334,0.4213280732159287,0.6666666666666666,0.41666666666666663,0.6,0.3,0.0,0.0,20.931424420314404,20000479
SPT,8.618927110849585,7,0.5833333333333334,0.4635719911168796,0.6666666666666666,0.41666666666666663,0.6,0.3,0.0,0.0,20.44080080831022,20000480
SPT,8.472209418927166,7,0.5833333333333334,0.4562035017548192,0.8333333333333334,0.41666666666666663,0.6,0.3,0.0,0.0,21.462478084224955,20000481
SPT,7.051489995567884,6,0.5,0.37631815785511036,0.6666666666666666,0.5,0.6,0.3,0.0,0.0,20.72916149286606,20000482
SPT,10.32676861880583,8,0.6666666666666666,0.5482297706581079,0.8333333333333334,0.33333333333333337,0.6,0.3,0.0,0.0,21.937132205786167,20000483
SPT,8.84058026363487,7,0.5833333333333334,0.4702303239816619,0.6666666666666666,0.41666666666666663,0.6,0.3,0.0,0.0,20.574284492353133,20000484
SPT,12.108154122059256,9,0.75,0.62178294865307,0.75,0.25,0.6,0.3,0.0,0.0,21.372360106770454,20000485
SPT,10.207086362194609,8,0.6666666666666666,0.5402573923527973,0.75,0.33333333333333337,0.6,0.3,0.0,0.0,21.620483240633764,20000486
SPT,10.43176214692948,8,0.6666666666666666,0.5433838246640669,0.75,0.33333333333333337,0.6,0.3,0.0,0.0,21.305633562299274,20000487
SPT,10.426850585427442,8,0.6666666666666666,0.5297310365195094,0.75,0.33333333333333337,0.6,0.3,0.0,0.0,21.575074793727463,20000488
SPT,8.248985523138384,7,0.5833333333333334,0.4253900179506222,0.6666666666666666,0.41666666666666663,0.6,0.3,0.0,0.0,20.886069412028228,20000489
SPT,9.826980976106919,8,0.6666666666666666,0.49147077428891034,0.75,0.33333333333333337,0.6,0.3,0.0,0.0,21.849143062721048,20000490
SPT,10.278263186006155,8,0.6666666666666666,0.531321260169373,0.6666666666666666,0.33333333333333337,0.6,0.3,0.0,0.0,21.173751544824334,20000491
SPT,10.104315614390034,8,0.6666666666666666,0.5148067528421556,0.75,0.33333333333333337,0.6,0.3,0.0,0.0,21.823027165317267,20000492
SPT,8.326388066447542,7,0.5833333333333334,0.43558252794572294,0.6666666666666666,0.41666666666666663,0.6,0.3,0.0,0.0,20.77928615698928,20000493
SPT,11.733451285823659,9,0.75,0.6398687112271697,0.75,0.25,0.6,0.3,0.0,0.0,21.8586964284279,20000494
SPT,8.33183436846309,7,0.5833333333333334,0.44853402819605576,0.6666666666666666,0.41666666666666663,0.6,0.3,0.0,0.0,20.991641788153576,20000495
SPT,10.043435351172144,8,0.6666666666666666,0.5236271367335829,0.8333333333333334,0.33333333333333337,0.6,0.3,0.0,0.0,22.442182175444326,20000496
SPT,12.006706470277056,9,0.75,0.6219321266340786,0.8333333333333334,0.25,0.6,0.3,0.0,0.0,21.99412407229984,20000497
SPT,7.054588549037626,6,0.5,0.36045025596029245,0.75,0.5,0.6,0.3,0.0,0.0,21.397095344985093,20000498
SPT,10.270591764136093,8,0.6666666666666666,0.5174476277855328,0.75,0.33333333333333337,0.6,0.3,0.0,0.0,21.80477354728234,20000499
Random,0.8068649666192247,3,0.25,0.21246794768476251,0.4166666666666667,0.75,0.6,0.3,0.0,0.3958333333333333,12.961254744849782,20000000
Random,-1.0266885679590114,2,0.16666666666666666,0.10149977172708136,0.4166666666666667,0.8333333333333334,0.6,0.3,0.0,0.2916666666666667,14.759224911289124,20000001
Random,2.6352766035148996,4,0.3333333333333333,0.19474495479050927,0.5833333333333334,0.6666666666666667,0.6,0.3,0.0,0.1875,17.286508446307174,20000002
Random,4.202731389413671,5,0.4166666666666667,0.34906130090761844,0.5,0.5833333333333333,0.6,0.3,0.0,0.3541666666666667,13.699427506504513,20000003
Random,4.180620516686208,5,0.4166666666666667,0.36710597289434777,0.5,0.5833333333333333,0.6,0.3,0.0,0.2916666666666667,15.475810091230993,20000004
Random,-2.7532492260762167,1,0.08333333333333333,0.08320399595208165,0.3333333333333333,0.9166666666666666,0.6,0.3,0.0,0.3958333333333333,13.113177212185272,20000005
Random,-0.8267394598485267,2,0.16666666666666666,0.12221478676616657,0.4166666666666667,0.8333333333333334,0.6,0.3,0.0,0.3958333333333333,13.23424204806392,20000006
Random,0.8477492929253656,3,0.25,0.19209922290237555,0.4166666666666667,0.75,0.6,0.3,0.0,0.3333333333333333,14.141871311177987,20000007
Random,0.8254816761837,3,0.25,0.17218130019632885,0.4166666666666667,0.75,0.6,0.3,0.0,0.3125,15.238867732789373,20000008
Random,-2.5709257992370844,1,0.08333333333333333,0.10216030315372326,0.3333333333333333,0.9166666666666666,0.6,0.3,0.0,0.3958333333333333,12.322968639241216,20000009
Random,0.3103025516539968,3,0.25,0.12570895952148411,0.4166666666666667,0.75,0.6,0.3,0.0,0.3125,14.518668635348165,20000010
Random,2.706405939377091,4,0.3333333333333333,0.32986024837430455,0.5,0.6666666666666667,0.6,0.3,0.0,0.3541666666666667,14.038944959917924,20000011
Random,2.0984880627049574,4,0.3333333333333333,0.19749933785753418,0.5,0.6666666666666667,0.6,0.3,0.0,0.3333333333333333,14.672418410327658,20000012
Random,2.576317644874093,4,0.3333333333333333,0.30699049511455123,0.4166666666666667,0.6666666666666667,0.6,0.3,0.0,0.22916666666666666,16.350397132986004,20000013
Random,-2.041406048373177,1,0.08333333333333333,0.13208574625541858,0.4166666666666667,0.9166666666666666,0.6,0.3,0.0,0.2708333333333333,14.601151775351262,20000014
Random,4.050689832721348,5,0.4166666666666667,0.2934799172620809,0.5,0.5833333333333333,0.6,0.3,0.0,0.2708333333333333,16.054233282416337,20000015
Random,3.2590652922191214,4,0.3333333333333333,0.4486161329396009,0.4166666666666667,0.6666666666666667,0.6,0.3,0.0,0.2916666666666667,15.01687783081185,20000016
Random,2.9829730810713273,4,0.3333333333333333,0.3529384348235734,0.5,0.6666666666666667,0.6,0.3,0.0,0.3125,14.363840453837604,20000017
Random,1.1604536930164522,3,0.25,0.20551827734525008,0.4166666666666667,0.75,0.6,0.3,0.0,0.3541666666666667,13.278212657004929,20000018
Random,0.6261571881429253,3,0.25,0.1375460534944971,0.5,0.75,0.6,0.3,0.0,0.3541666666666667,14.359884261917676,20000019
Random,3.9677408322809837,5,0.4166666666666667,0.33788875625563786,0.4166666666666667,0.5833333333333333,0.6,0.3,0.0,0.3333333333333333,14.35601712961207,20000020
Random,2.2529933429752678,4,0.3333333333333333,0.31819471906417196,0.4166666666666667,0.6666666666666667,0.6,0.3,0.0,0.3333333333333333,14.571214876796104,20000021
Random,2.5509684152064462,4,0.3333333333333333,0.23086354889171626,0.5,0.6666666666666667,0.6,0.3,0.0,0.20833333333333334,16.768390125346805,20000022
Random,1.1547479884324734,3,0.25,0.26078106176443777,0.4166666666666667,0.75,0.6,0.3,0.0,0.375,13.020640243054688,20000023
Random,5.538607892757842,6,0.5,0.3698564504252101,0.5,0.5,0.6,0.3,0.0,0.3333333333333333,14.679410420355513,20000024
Random,-1.5668824405042208,2,0.16666666666666666,0.12561339007929823,0.25,0.8333333333333334,0.6,0.3,0.0,0.4375,11.80656977769691,20000025
Random,4.840522435176806,5,0.4166666666666667,0.4753795903736248,0.5,0.5833333333333333,0.6,0.3,0.0,0.14583333333333334,17.878710874113615,20000026
Random,2.3238675814431335,4,0.3333333333333333,0.2959289351895793,0.4166666666666667,0.6666666666666667,0.6,0.3,0.0,0.2916666666666667,15.570918100215536,20000027
Random,1.4799353128510395,3,0.25,0.31892310051826167,0.5,0.75,0.6,0.3,0.0,0.2708333333333333,15.854455513589407,20000028
Random,1.4193113939521527,3,0.25,0.3019000139565173,0.5,0.75,0.6,0.3,0.0,0.3125,14.881860876333523,20000029
Random,1.34240844907582,3,0.25,0.20897395568044885,0.4166666666666667,0.75,0.6,0.3,0.0,0.3125,14.013476337310639,20000030
Random,0.579787780081686,3,0.25,0.21151441031652887,0.3333333333333333,0.75,0.6,0.3,0.0,0.3125,14.568759605179377,20000031
Random,2.393539974477342,4,0.3333333333333333,0.16102614333255147,0.5833333333333334,0.6666666666666667,0.6,0.3,0.0,0.3125,14.962965048119402,20000032
Random,1.6876172452327802,4,0.3333333333333333,0.22236079730832822,0.3333333333333333,0.6666666666666667,0.6,0.3,0.0,0.3958333333333333,12.776428188678222,20000033
Random,0.3876946091412581,3,0.25,0.14141309010757755,0.4166666666666667,0.75,0.6,0.3,0.0,0.2916666666666667,14.960896245729908,20000034
Random,-0.39804765265441966,2,0.16666666666666666,0.20172790087927261,0.4166666666666667,0.8333333333333334,0.6,0.3,0.0,0.375,12.776641246841912,20000035
Random,2.3158239550307886,4,0.3333333333333333,0.2769313384373875,0.5,0.6666666666666667,0.6,0.3,0.0,0.2916666666666667,15.733227428656198,20000036
Random,2.638287204603783,4,0.3333333333333333,0.22527320350031405,0.5,0.6666666666666667,0.6,0.3,0.0,0.2916666666666667,15.587694911476575,20000037
Random,5.032278532291113,5,0.4166666666666667,0.408562204707701,0.5833333333333334,0.5833333333333333,0.6,0.3,0.0,0.20833333333333334,16.9133755253385,20000038
Random,-1.2891174469444913,2,0.16666666666666666,0.12050756479722396,0.3333333333333333,0.8333333333333334,0.6,0.3,0.0,0.3541666666666667,13.96667285233444,20000039
Random,-3.113595759245517,1,0.08333333333333333,0.06658076003360452,0.25,0.9166666666666666,0.6,0.3,0.0,0.4166666666666667,12.00052019890431,20000040
Random,2.317047017865129,4,0.3333333333333333,0.1952705258351098,0.5,0.6666666666666667,0.6,0.3,0.0,0.3541666666666667,14.59564254652839,20000041
Random,-0.9603075515179245,2,0.16666666666666666,0.1282385387898207,0.4166666666666667,0.8333333333333334,0.6,0.3,0.0,0.3333333333333333,14.103208462944052,20000042
Random,5.504704112579308,6,0.5,0.382651353416824,0.5,0.5,0.6,0.3,0.0,0.2916666666666667,15.321363598436765,20000043
Random,-2.2459998035951383,1,0.08333333333333333,0.08372322963054558,0.4166666666666667,0.9166666666666666,0.6,0.3,0.0,0.2916666666666667,14.758983507861917,20000044
Random,-0.47593721849932824,2,0.16666666666666666,0.09309022611152976,0.5,0.8333333333333334,0.6,0.3,0.0,0.25,15.48115166820514,20000045
Random,2.5324498896245453,4,0.3333333333333333,0.22775555167119044,0.5,0.6666666666666667,0.6,0.3,0.0,0.2708333333333333,15.19167629119031,20000046
Random,2.6284450823041308,4,0.3333333333333333,0.40229700151878545,0.4166666666666667,0.6666666666666667,0.6,0.3,0.0,0.3541666666666667,14.168005949184112,20000047
Random,-0.31386107678898745,2,0.16666666666666666,0.14880439648127097,0.5,0.8333333333333334,0.6,0.3,0.0,0.2708333333333333,15.679532690918343,20000048
Random,0.9739952757025514,3,0.25,0.288015459819944,0.4166666666666667,0.75,0.6,0.3,0.0,0.2708333333333333,15.343468893613355,20000049
Random,2.7422417097356093,4,0.3333333333333333,0.21848142302157414,0.5833333333333334,0.6666666666666667,0.6,0.3,0.0,0.22916666666666666,16.193262621065628,20000050
Random,2.6181802959505154,4,0.3333333333333333,0.25168999392836633,0.5,0.6666666666666667,0.6,0.3,0.0,0.375,13.762876291705858,20000051
Random,0.7853148284338822,3,0.25,0.14746395624617487,0.5,0.75,0.6,0.3,0.0,0.3333333333333333,14.702490238957724,20000052
Random,2.5214371569883536,4,0.3333333333333333,0.2605112709027825,0.5,0.6666666666666667,0.6,0.3,0.0,0.2916666666666667,15.221053199475165,20000053
Random,5.648497867207564,6,0.5,0.315104087143838,0.5833333333333334,0.5,0.6,0.3,0.0,0.2916666666666667,15.623066830345458,20000054
Random,-1.2881750749168233,2,0.16666666666666666,0.0864122110321571,0.4166666666666667,0.8333333333333334,0.6,0.3,0.0,0.4166666666666667,12.647481274239619,20000055
Random,2.770085888721969,4,0.3333333333333333,0.28557505605247047,0.5,0.6666666666666667,0.6,0.3,0.0,0.2708333333333333,14.989112221550728,20000056
Random,2.256570002500768,4,0.3333333333333333,0.19813605808948367,0.4166666666666667,0.6666666666666667,0.6,0.3,0.0,0.3333333333333333,13.740578859752155,20000057
Random,0.7836577406753182,3,0.25,0.21265248588774255,0.4166666666666667,0.75,0.6,0.3,0.0,0.2916666666666667,14.802799879599439,20000058
Random,2.3812182329680853,4,0.3333333333333333,0.2842454693056924,0.3333333333333333,0.6666666666666667,0.6,0.3,0.0,0.2708333333333333,15.607785220563793,20000059
Random,-2.5349835060388535,1,0.08333333333333333,0.06186088576774602,0.4166666666666667,0.9166666666666666,0.6,0.3,0.0,0.3541666666666667,13.633196177142123,20000060
Random,0.5137814132931884,3,0.25,0.12871901428066523,0.4166666666666667,0.75,0.6,0.3,0.0,0.3333333333333333,13.713191477985633,20000061
Random,-0.5497898856490258,2,0.16666666666666666,0.20895922096729574,0.3333333333333333,0.8333333333333334,0.6,0.3,0.0,0.3541666666666667,13.258109837244524,20000062
Random,2.0385290883876657,4,0.3333333333333333,0.25833650621172577,0.3333333333333333,0.6666666666666667,0.6,0.3,0.0,0.375,12.974543179243224,20000063
Random,-1.4603132212691698,2,0.16666666666666666,0.126928883264696,0.3333333333333333,0.8333333333333334,0.6,0.3,0.0,0.3958333333333333,13.20058222132332,20000064
Random,4.221749444379958,5,0.4166666666666667,0.24419344386513678,0.5833333333333334,0.5833333333333333,0.6,0.3,0.0,0.2916666666666667,15.195967119092805,20000065
Random,0.03903874503351901,3,0.25,0.14608655908957086,0.3333333333333333,0.75,0.6,0.3,0.0,0.4583333333333333,11.98565701029391,20000066
Random,-0.6850338866752468,2,0.16666666666666666,0.1651185613481937,0.4166666666666667,0.8333333333333334,0.6,0.3,0.0,0.2916666666666667,14.892124226950992,20000067
Random,0.5868021897651674,3,0.25,0.1456714298512821,0.4166666666666667,0.75,0.6,0.3,0.0,0.3125,14.442686770861267,20000068
Random,-2.0570396412076044,1,0.08333333333333333,0.15536290902886224,0.4166666666666667,0.9166666666666666,0.6,0.3,0.0,0.3958333333333333,12.859866889945593,20000069
Random,2.322196455699167,4,0.3333333333333333,0.25746758796048214,0.4166666666666667,0.6666666666666667,0.6,0.3,0.0,0.3333333333333333,14.288449057353626,20000070
Random,-0.7992886983889518,2,0.16666666666666666,0.11836555946774524,0.4166666666666667,0.8333333333333334,0.6,0.3,0.0,0.3125,14.406036925685482,20000071
Random,1.2386295035939479,3,0.25,0.31625848408417034,0.4166666666666667,0.75,0.6,0.3,0.0,0.3333333333333333,14.35644060591451,20000072
Random,2.3223215369293664,4,0.3333333333333333,0.26831987360453385,0.4166666666666667,0.6666666666666667,0.6,0.3,0.0,0.2708333333333333,15.862485717046908,20000073
Random,-3.0000255911627907,1,0.08333333333333333,0.1029318598098665,0.25,0.9166666666666666,0.6,0.3,0.0,0.4583333333333333,11.442272815283857,20000074
Random,-2.7559919667890638,1,0.08333333333333333,0.050863178440951715,0.3333333333333333,0.9166666666666666,0.6,0.3,0.0,0.3125,14.459519807743527,20000075
Random,0.22288547048372465,3,0.25,0.14651112059281154,0.3333333333333333,0.75,0.6,0.3,0.0,0.4375,11.37182399776352,20000076
Random,3.971003034626216,5,0.4166666666666667,0.2536806049302246,0.5833333333333334,0.5833333333333333,0.6,0.3,0.0,0.2916666666666667,15.645665209327955,20000077
Random,2.1607573072236024,4,0.3333333333333333,0.18820215263219503,0.5,0.6666666666666667,0.6,0.3,0.0,0.2916666666666667,15.877882604206285,20000078
Random,-1.2490336559486146,2,0.16666666666666666,0.13416673369409216,0.3333333333333333,0.8333333333333334,0.6,0.3,0.0,0.3958333333333333,13.209671937254573,20000079
Random,-2.3656535148148556,1,0.08333333333333333,0.10726257451851948,0.3333333333333333,0.9166666666666666,0.6,0.3,0.0,0.375,12.739216458479993,20000080
Random,0.7320494602421079,3,0.25,0.15908733118402973,0.4166666666666667,0.75,0.6,0.3,0.0,0.375,13.098128689345593,20000081
Random,-1.2020754056601588,2,0.16666666666666666,0.09547505359697793,0.4166666666666667,0.8333333333333334,0.6,0.3,0.0,0.3125,14.883786245397424,20000082
Random,-2.0369367741806803,1,0.08333333333333333,0.13550119896226856,0.4166666666666667,0.9166666666666666,0.6,0.3,0.0,0.25,15.57842457002981,20000083
Random,-1.1498940456637132,2,0.16666666666666666,0.07658604598023451,0.4166666666666667,0.8333333333333334,0.6,0.3,0.0,0.3333333333333333,13.977558209158863,20000084
Random,0.6552432087735518,3,0.25,0.15887962591142482,0.4166666666666667,0.75,0.6,0.3,0.0,0.3958333333333333,12.758523493482228,20000085
Random,-0.06619053071531367,2,0.16666666666666666,0.1995046356882699,0.5,0.8333333333333334,0.6,0.3,0.0,0.2916666666666667,15.057078079626825,20000086
Random,0.8284546906055201,3,0.25,0.19353441196269347,0.4166666666666667,0.75,0.6,0.3,0.0,0.3541666666666667,13.895337698467598,20000087
Random,1.666529826749458,4,0.3333333333333333,0.2065285521574418,0.3333333333333333,0.6666666666666667,0.6,0.3,0.0,0.4791666666666667,11.683139014274005,20000088
Random,-0.5632455028230254,2,0.16666666666666666,0.18517882254691753,0.4166666666666667,0.8333333333333334,0.6,0.3,0.0,0.3125,14.738999413582627,20000089
Random,-3.2025871053153616,1,0.08333333333333333,0.06678443990787589,0.25,0.9166666666666666,0.6,0.3,0.0,0.4791666666666667,11.094769678590312,20000090
Random,2.8031107698092965,4,0.3333333333333333,0.29015407519476355,0.5,0.6666666666666667,0.6,0.3,0.0,0.3125,15.465223515474214,20000091
Random,0.46265233594817845,3,0.25,0.13496153774306893,0.4166666666666667,0.75,0.6,0.3,0.0,0.3333333333333333,14.148170246949972,20000092
Random,4.823852441657628,5,0.4166666666666667,0.4717373321159619,0.5,0.5833333333333333,0.6,0.3,0.0,0.2916666666666667,14.596772307479727,20000093
Random,-2.6078079418139772,1,0.08333333333333333,0.051090875712154316,0.4166666666666667,0.9166666666666666,0.6,0.3,0.0,0.3958333333333333,13.445356647877432,20000094
Random,4.24881087715066,5,0.4166666666666667,0.32157902224201307,0.4166666666666667,0.5833333333333333,0.6,0.3,0.0,0.2916666666666667,14.533682077438803,20000095
Random,1.637330043281331,3,0.25,0.2924900907753871,0.5,0.75,0.6,0.3,0.0,0.16666666666666666,17.78283005639552,20000096
Random,0.8051681587203019,3,0.25,0.18693007417263563,0.4166666666666667,0.75,0.6,0.3,0.0,0.2916666666666667,14.546679728556807,20000097
Random,0.918808964554741,3,0.25,0.2051178527092548,0.4166666666666667,0.75,0.6,0.3,0.0,0.3125,14.793030321372127,20000098
Random,2.322528300153897,4,0.3333333333333333,0.2845567930978561,0.4166666666666667,0.6666666666666667,0.6,0.3,0.0,0.4166666666666667,12.362178481741426,20000099
Random,-1.331182524575928,2,0.16666666666666666,0.12044796070027991,0.3333333333333333,0.8333333333333334,0.6,0.3,0.0,0.3958333333333333,12.84039835890881,20000100
Random,-0.9812134981179803,2,0.16666666666666666,0.11162453786157607,0.4166666666666667,0.8333333333333334,0.6,0.3,0.0,0.3541666666666667,13.841045467508575,20000101
Random,4.424866656628451,5,0.4166666666666667,0.2694038045176455,0.6666666666666666,0.5833333333333333,0.6,0.3,0.0,0.16666666666666666,18.56504966267972,20000102
Random,0.3560346364704219,3,0.25,0.19611099151883923,0.3333333333333333,0.75,0.6,0.3,0.0,0.3958333333333333,13.70140415310865,20000103
Random,-2.8688593228213133,1,0.08333333333333333,0.06481244572939786,0.3333333333333333,0.9166666666666666,0.6,0.3,0.0,0.3333333333333333,14.121032384498642,20000104
Random,-1.3928099717458355,2,0.16666666666666666,0.13179064611063668,0.3333333333333333,0.8333333333333334,0.6,0.3,0.0,0.4375,12.243978599106264,20000105
Random,-1.1252077807723915,2,0.16666666666666666,0.12279465236129891,0.3333333333333333,0.8333333333333334,0.6,0.3,0.0,0.3958333333333333,12.65484680267398,20000106
Random,1.2130142535145771,3,0.25,0.23336955175433505,0.5,0.75,0.6,0.3,0.0,0.3125,14.33333165414881,20000107
Random,-2.552904305831282,1,0.08333333333333333,0.049486867983350925,0.4166666666666667,0.9166666666666666,0.6,0.3,0.0,0.3333333333333333,13.6710508102815,20000108
Random,2.5898650059914248,4,0.3333333333333333,0.23848427414401957,0.4166666666666667,0.6666666666666667,0.6,0.3,0.0,0.25,15.274035756707134,20000109
Random,-0.7280066744185039,2,0.16666666666666666,0.1259947323418789,0.4166666666666667,0.8333333333333334,0.6,0.3,0.0,0.3125,13.889997500242343,20000110
Random,0.6651203882908296,3,0.25,0.18573167614674715,0.4166666666666667,0.75,0.6,0.3,0.0,0.2708333333333333,15.924995740619933,20000111
Random,3.1419508687118753,4,0.3333333333333333,0.30830300143013395,0.4166666666666667,0.6666666666666667,0.6,0.3,0.0,0.25,15.255038314788868,20000112
Random,-2.153058626711492,1,0.08333333333333333,0.14853659691361273,0.4166666666666667,0.9166666666666666,0.6,0.3,0.0,0.3333333333333333,14.147040130148374,20000113
Random,-2.8364382224143507,1,0.08333333333333333,0.05058353655815123,0.3333333333333333,0.9166666666666666,0.6,0.3,0.0,0.3958333333333333,12.796203127432163,20000114
Random,4.715310928740559,5,0.4166666666666667,0.30069755865627756,0.5833333333333334,0.5833333333333333,0.6,0.3,0.0,0.22916666666666666,16.436945874618203,20000115
Random,-2.284635541924182,1,0.08333333333333333,0.0321145937456954,0.5,0.9166666666666666,0.6,0.3,0.0,0.3333333333333333,14.096892717996404,20000116
Random,-0.5798591046093329,2,0.16666666666666666,0.1756448609176633,0.4166666666666667,0.8333333333333334,0.6,0.3,0.0,0.2916666666666667,14.782554299206865,20000117
Random,-2.139563094681977,1,0.08333333333333333,0.05321397810081118,0.5,0.9166666666666666,0.6,0.3,0.0,0.2708333333333333,15.000145619794633,20000118
Random,2.340852318682537,4,0.3333333333333333,0.22855824738048966,0.4166666666666667,0.6666666666666667,0.6,0.3,0.0,0.3125,14.383410518583227,20000119
Random,4.202095180984708,5,0.4166666666666667,0.290314920408147,0.5,0.5833333333333333,0.6,0.3,0.0,0.20833333333333334,16.474134300041257,20000120
Random,-0.4133842616045175,2,0.16666666666666666,0.16325280771123715,0.4166666666666667,0.8333333333333334,0.6,0.3,0.0,0.2916666666666667,14.426204669903022,20000121
Random,4.28482665440915,5,0.4166666666666667,0.3294190034467367,0.5,0.5833333333333333,0.6,0.3,0.0,0.3125,14.893591458986004,20000122
Random,-2.3969021386817433,1,0.08333333333333333,0.14118397366139815,0.3333333333333333,0.9166666666666666,0.6,0.3,0.0,0.375,12.562427543373474,20000123
Random,-2.7381185986888,1,0.08333333333333333,0.04930470341707237,0.4166666666666667,0.9166666666666666,0.6,0.3,0.0,0.3958333333333333,12.915078354659135,20000124
Random,1.7084484599230283,3,0.25,0.3933449707799784,0.4166666666666667,0.75,0.6,0.3,0.0,0.25,14.92634336511965,20000125
Random,0.6160353183822886,3,0.25,0.15192107667229077,0.4166666666666667,0.75,0.6,0.3,0.0,0.2916666666666667,14.82777302205481,20000126
Random,2.7014438796569493,4,0.3333333333333333,0.2361953838517452,0.5,0.6666666666666667,0.6,0.3,0.0,0.2916666666666667,15.39015780545017,20000127
Random,2.1119509840447583,4,0.3333333333333333,0.2064383561655346,0.5,0.6666666666666667,0.6,0.3,0.0,0.3333333333333333,14.607722666366248,20000128
Random,-0.8940870855103196,2,0.16666666666666666,0.11313539010353128,0.4166666666666667,0.8333333333333334,0.6,0.3,0.0,0.3541666666666667,13.408925571223621,20000129
Random,2.405225427505187,4,0.3333333333333333,0.30089382566829964,0.4166666666666667,0.6666666666666667,0.6,0.3,0.0,0.3333333333333333,14.105777698103893,20000130
Random,1.0596163914916383,3,0.25,0.16403500545626423,0.5,0.75,0.6,0.3,0.0,0.2916666666666667,15.006400394657526,20000131
Random,2.6550886701341057,4,0.3333333333333333,0.2736947205426338,0.5,0.6666666666666667,0.6,0.3,0.0,0.2708333333333333,16.59995170853841,20000132
Random,-0.8574202783831195,2,0.16666666666666666,0.1577744094580873,0.4166666666666667,0.8333333333333334,0.6,0.3,0.0,0.375,13.677792713830284,20000133
Random,-1.1616331731850449,2,0.16666666666666666,0.09626364155214089,0.4166666666666667,0.8333333333333334,0.6,0.3,0.0,0.375,13.250752013226,20000134
Random,2.2850560768938752,4,0.3333333333333333,0.25162736979259903,0.4166666666666667,0.6666666666666667,0.6,0.3,0.0,0.3958333333333333,13.3017954692823,20000135
Random,-0.8226729805505515,2,0.16666666666666666,0.21212947516732863,0.3333333333333333,0.8333333333333334,0.6,0.3,0.0,0.4583333333333333,11.21010847543964,20000136
Random,4.390071947151683,5,0.4166666666666667,0.3641201153573171,0.5,0.5833333333333333,0.6,0.3,0.0,0.22916666666666666,16.72053823455396,20000137
Random,-1.16089967122631,2,0.16666666666666666,0.1302763901257146,0.3333333333333333,0.8333333333333334,0.6,0.3,0.0,0.3125,14.333564359975492,20000138
Random,2.931216348359829,4,0.3333333333333333,0.37356914441915073,0.4166666666666667,0.6666666666666667,0.6,0.3,0.0,0.2708333333333333,15.627808193157906,20000139
Random,-0.1271911545269533,2,0.16666666666666666,0.3147860035528764,0.4166666666666667,0.8333333333333334,0.6,0.3,0.0,0.3125,13.940257709035265,20000140
Random,0.8201888218780183,3,0.25,0.13373819985991614,0.5,0.75,0.6,0.3,0.0,0.3125,14.839963114320073,20000141
Random,0.7131663304889324,3,0.25,0.1720312345598186,0.4166666666666667,0.75,0.6,0.3,0.0,0.3125,14.269946565262908,20000142
Random,2.3712536440582355,4,0.3333333333333333,0.2234374462665245,0.4166666666666667,0.6666666666666667,0.6,0.3,0.0,0.3333333333333333,14.400455174263996,20000143
Random,0.9939127830654173,3,0.25,0.24813585854472908,0.4166666666666667,0.75,0.6,0.3,0.0,0.2916666666666667,15.17262482123592,20000144
Random,-0.4443294010894183,2,0.16666666666666666,0.1999690818705896,0.4166666666666667,0.8333333333333334,0.6,0.3,0.0,0.3125,14.109621453107641,20000145
Random,-1.077158241315714,2,0.16666666666666666,0.08324457909574513,0.4166666666666667,0.8333333333333334,0.6,0.3,0.0,0.3125,14.760112037090243,20000146
Random,-0.7575872492112056,2,0.16666666666666666,0.18522760018428516,0.4166666666666667,0.8333333333333334,0.6,0.3,0.0,0.3541666666666667,13.717905408134754,20000147
Random,2.5074382332965093,4,0.3333333333333333,0.21233089995487295,0.5,0.6666666666666667,0.6,0.3,0.0,0.3333333333333333,14.461562815382928,20000148
Random,-0.9995733561329105,2,0.16666666666666666,0.09727210441734913,0.4166666666666667,0.8333333333333334,0.6,0.3,0.0,0.3333333333333333,14.016247884679046,20000149
Random,-1.1950207110538449,2,0.16666666666666666,0.14408940783418825,0.3333333333333333,0.8333333333333334,0.6,0.3,0.0,0.4791666666666667,10.771643195150496,20000150
Random,1.059290271404258,3,0.25,0.22927577492579387,0.5,0.75,0.6,0.3,0.0,0.3333333333333333,14.560357314519752,20000151
Random,2.1546361800212193,4,0.3333333333333333,0.21248839425660296,0.4166666666666667,0.6666666666666667,0.6,0.3,0.0,0.2916666666666667,15.127010862897011,20000152
Random,-0.5347691723325227,2,0.16666666666666666,0.18559587719611573,0.4166666666666667,0.8333333333333334,0.6,0.3,0.0,0.3125,14.013425745516304,20000153
Random,1.3115940859185513,3,0.25,0.25289847802948623,0.5,0.75,0.6,0.3,0.0,0.20833333333333334,17.388510820538308,20000154
Random,4.055523162987209,5,0.4166666666666667,0.35331067845300185,0.4166666666666667,0.5833333333333333,0.6,0.3,0.0,0.3125,14.594129141390638,20000155
Random,2.7110465481683725,4,0.3333333333333333,0.2953407098355309,0.4166666666666667,0.6666666666666667,0.6,0.3,0.0,0.2916666666666667,14.500520611647675,20000156
Random,-2.421323719630159,1,0.08333333333333333,0.13295994965084068,0.3333333333333333,0.9166666666666666,0.6,0.3,0.0,0.3541666666666667,13.071199584519322,20000157
Random,3.701938986855623,5,0.4166666666666667,0.22866456024960655,0.5,0.5833333333333333,0.6,0.3,0.0,0.2708333333333333,15.051478603463073,20000158
Random,0.5096716604863438,3,0.25,0.13541959997685155,0.4166666666666667,0.75,0.6,0.3,0.0,0.3541666666666667,13.747380615142061,20000159
Random,-0.883600854888999,2,0.16666666666666666,0.13381797391252315,0.4166666666666667,0.8333333333333334,0.6,0.3,0.0,0.3125,15.065926459068063,20000160
Random,-1.1531119131039838,2,0.16666666666666666,0.10878768173630146,0.4166666666666667,0.8333333333333334,0.6,0.3,0.0,0.25,15.668287515610519,20000161
Random,-0.6046901729519352,2,0.16666666666666666,0.15846645544797727,0.4166666666666667,0.8333333333333334,0.6,0.3,0.0,0.3541666666666667,13.908877470746944,20000162
Random,2.290432615413497,4,0.3333333333333333,0.26627928249217225,0.4166666666666667,0.6666666666666667,0.6,0.3,0.0,0.3541666666666667,13.566204254733641,20000163
Random,2.7646664889024835,4,0.3333333333333333,0.21781439496586846,0.5,0.6666666666666667,0.6,0.3,0.0,0.2916666666666667,14.637745170513986,20000164
Random,4.540462478722981,5,0.4166666666666667,0.4351102595746452,0.5,0.5833333333333333,0.6,0.3,0.0,0.2916666666666667,15.328973599148277,20000165
Random,0.3810528212720099,3,0.25,0.14338301178499188,0.4166666666666667,0.75,0.6,0.3,0.0,0.3958333333333333,13.599202421152654,20000166
Random,-0.7341125382359039,2,0.16666666666666666,0.18799460390411357,0.4166666666666667,0.8333333333333334,0.6,0.3,0.0,0.375,12.861684404493655,20000167
Random,1.8967593497176072,4,0.3333333333333333,0.18582275272494028,0.4166666666666667,0.6666666666666667,0.6,0.3,0.0,0.375,13.532232626933803,20000168
Random,-1.3769820276203641,2,0.16666666666666666,0.18057819706429118,0.25,0.8333333333333334,0.6,0.3,0.0,0.3541666666666667,13.329180096061807,20000169
Random,0.9355621968735868,3,0.25,0.21384166803966928,0.4166666666666667,0.75,0.6,0.3,0.0,0.3333333333333333,14.252465103428698,20000170
Random,0.6459782532067941,3,0.25,0.21764103991093137,0.4166666666666667,0.75,0.6,0.3,0.0,0.3541666666666667,13.494996898006406,20000171
Random,4.1632066422687615,5,0.4166666666666667,0.3484585583332649,0.5,0.5833333333333333,0.6,0.3,0.0,0.25,16.41327753004139,20000172
Random,2.0515440584827846,4,0.3333333333333333,0.2215626152696421,0.4166666666666667,0.6666666666666667,0.6,0.3,0.0,0.3125,14.693163788524506,20000173
Random,6.204921493690957,6,0.5,0.38398046490771987,0.5833333333333334,0.5,0.6,0.3,0.0,0.25,16.20572854497879,20000174
Random,0.4649662181724987,3,0.25,0.22643863482138302,0.3333333333333333,0.75,0.6,0.3,0.0,0.2916666666666667,15.564821526427988,20000175
Random,2.236642973686755,4,0.3333333333333333,0.2726161871973407,0.4166666666666667,0.6666666666666667,0.6,0.3,0.0,0.3541666666666667,13.738777309342032,20000176
Random,4.081843989897629,5,0.4166666666666667,0.3696974494524067,0.4166666666666667,0.5833333333333333,0.6,0.3,0.0,0.3333333333333333,15.011926948472022,20000177
Random,1.9614872954690163,4,0.3333333333333333,0.20730934904535087,0.4166666666666667,0.6666666666666667,0.6,0.3,0.0,0.3333333333333333,14.550317112638915,20000178
Random,-0.8761294311093002,2,0.16666666666666666,0.11151067963839575,0.4166666666666667,0.8333333333333334,0.6,0.3,0.0,0.3333333333333333,14.233425022273158,20000179
Random,-0.7646584654850632,2,0.16666666666666666,0.11822762805696457,0.4166666666666667,0.8333333333333334,0.6,0.3,0.0,0.3541666666666667,13.142934598867527,20000180
Random,0.02759182165613705,3,0.25,0.16694447972914633,0.3333333333333333,0.75,0.6,0.3,0.0,0.4166666666666667,12.331707234066293,20000181
Random,2.4876479431028313,4,0.3333333333333333,0.25979067411319595,0.4166666666666667,0.6666666666666667,0.6,0.3,0.0,0.2708333333333333,15.841074513118851,20000182
Random,1.0692952809809149,3,0.25,0.19682062269450099,0.4166666666666667,0.75,0.6,0.3,0.0,0.20833333333333334,16.41862270287266,20000183
Random,-2.057072083249347,1,0.08333333333333333,0.07134617175275863,0.5,0.9166666666666666,0.6,0.3,0.0,0.3125,14.643791021437655,20000184
Random,2.3770265384074643,4,0.3333333333333333,0.21147196939947424,0.5,0.6666666666666667,0.6,0.3,0.0,0.3333333333333333,14.20595568873872,20000185
Random,-1.026409377831254,2,0.16666666666666666,0.1927609655993385,0.3333333333333333,0.8333333333333334,0.6,0.3,0.0,0.3541666666666667,13.03079640908967,20000186
Random,0.7453018095586623,3,0.25,0.1518949147881489,0.4166666666666667,0.75,0.6,0.3,0.0,0.20833333333333334,16.58521258134268,20000187
Random,-0.39105187063210023,2,0.16666666666666666,0.2056726884294549,0.4166666666666667,0.8333333333333334,0.6,0.3,0.0,0.25,15.527245280791428,20000188
Random,4.336719848723979,5,0.4166666666666667,0.3244788537135187,0.5,0.5833333333333333,0.6,0.3,0.0,0.3125,14.600902126778381,20000189
Random,3.73649890328835,5,0.4166666666666667,0.32889325286808685,0.4166666666666667,0.5833333333333333,0.6,0.3,0.0,0.3333333333333333,14.769541075624913,20000190
Random,2.514064867929945,4,0.3333333333333333,0.3475972241218597,0.5833333333333334,0.6666666666666667,0.6,0.3,0.0,0.375,14.133038599434975,20000191
Random,-2.9487735518645164,1,0.08333333333333333,0.03140793294842359,0.3333333333333333,0.9166666666666666,0.6,0.3,0.0,0.3958333333333333,12.251189347868646,20000192
Random,4.053107148559924,5,0.4166666666666667,0.2724410171030545,0.5,0.5833333333333333,0.6,0.3,0.0,0.3125,14.63777225294078,20000193
Random,-1.5783757609345488,2,0.16666666666666666,0.12068859414754152,0.25,0.8333333333333334,0.6,0.3,0.0,0.5208333333333334,10.46553990338731,20000194
Random,0.9267024525743364,3,0.25,0.2101110103951736,0.4166666666666667,0.75,0.6,0.3,0.0,0.3333333333333333,14.71909091341438,20000195
Random,2.202292651977413,4,0.3333333333333333,0.23751930204210242,0.4166666666666667,0.6666666666666667,0.6,0.3,0.0,0.4166666666666667,12.84965116986149,20000196
Random,-0.8180062625630181,2,0.16666666666666666,0.13408705277642438,0.4166666666666667,0.8333333333333334,0.6,0.3,0.0,0.3333333333333333,14.12883364250596,20000197
Random,2.0774284086962034,4,0.3333333333333333,0.16473402890505628,0.5,0.6666666666666667,0.6,0.3,0.0,0.3541666666666667,14.521275379628204,20000198
Random,-3.0864854987211467,1,0.08333333333333333,0.03894093818275626,0.3333333333333333,0.9166666666666666,0.6,0.3,0.0,0.375,13.745512960184938,20000199
Random,0.9841275050579554,3,0.25,0.22583704729003432,0.4166666666666667,0.75,0.6,0.3,0.0,0.22916666666666666,16.38927659057243,20000200
Random,0.1246402878031283,3,0.25,0.10605594753456316,0.4166666666666667,0.75,0.6,0.3,0.0,0.4166666666666667,12.717283477281608,20000201
Random,-1.4679107724948786,2,0.16666666666666666,0.0876943245709174,0.3333333333333333,0.8333333333333334,0.6,0.3,0.0,0.4375,11.614235541101944,20000202
Random,3.79840595569192,5,0.4166666666666667,0.2900649780550432,0.5,0.5833333333333333,0.6,0.3,0.0,0.3125,14.337061792432946,20000203
Random,0.0643092396180156,2,0.16666666666666666,0.15134401318777016,0.5833333333333334,0.8333333333333334,0.6,0.3,0.0,0.20833333333333334,17.243841091247898,20000204
Random,1.7353596371524167,3,0.25,0.3271212885068828,0.5,0.75,0.6,0.3,0.0,0.20833333333333334,16.734962477477545,20000205
Random,-0.9874894499097141,2,0.16666666666666666,0.08445617337989719,0.4166666666666667,0.8333333333333334,0.6,0.3,0.0,0.3541666666666667,13.29246985725876,20000206
Random,-2.435250473306572,1,0.08333333333333333,0.054894505299122244,0.4166666666666667,0.9166666666666666,0.6,0.3,0.0,0.2916666666666667,14.550607743537004,20000207
Random,-0.8439087929441325,2,0.16666666666666666,0.1107453426109887,0.4166666666666667,0.8333333333333334,0.6,0.3,0.0,0.3333333333333333,13.897205086157303,20000208
Random,0.39686081281708585,3,0.25,0.19914443031509294,0.3333333333333333,0.75,0.6,0.3,0.0,0.3541666666666667,13.714158119189406,20000209
Random,5.296369616076401,6,0.5,0.31256401344627893,0.5833333333333334,0.5,0.6,0.3,0.0,0.2708333333333333,16.841206762975574,20000210
Random,2.325488750150612,4,0.3333333333333333,0.24316144231356776,0.5,0.6666666666666667,0.6,0.3,0.0,0.2708333333333333,15.893863234344915,20000211
Random,6.114421628980267,6,0.5,0.4314019067165744,0.5833333333333334,0.5,0.6,0.3,0.0,0.20833333333333334,17.545727316057874,20000212
Random,-0.8592000713386247,2,0.16666666666666666,0.12308460710844195,0.4166666666666667,0.8333333333333334,0.6,0.3,0.0,0.2708333333333333,15.06867201198138,20000213
Random,-1.1314859036401015,2,0.16666666666666666,0.08721889673096267,0.4166666666666667,0.8333333333333334,0.6,0.3,0.0,0.3333333333333333,14.976798997037601,20000214
Random,1.3956902419156978,3,0.25,0.2606443575197312,0.4166666666666667,0.75,0.6,0.3,0.0,0.25,15.794805646815036,20000215
Random,5.424155910871561,6,0.5,0.2902795642399868,0.5833333333333334,0.5,0.6,0.3,0.0,0.3333333333333333,14.426021168258996,20000216
Random,3.246189612010041,4,0.3333333333333333,0.33210308920616555,0.5833333333333334,0.6666666666666667,0.6,0.3,0.0,0.16666666666666666,17.919150065977814,20000217
Random,1.225492297166639,3,0.25,0.19389979210841765,0.5833333333333334,0.75,0.6,0.3,0.0,0.2708333333333333,16.399403523036145,20000218
Random,0.8833596821748868,3,0.25,0.23820447886371762,0.4166666666666667,0.75,0.6,0.3,0.0,0.4166666666666667,12.87867737188905,20000219
Random,2.428362670363769,4,0.3333333333333333,0.3074196723494497,0.4166666666666667,0.6666666666666667,0.6,0.3,0.0,0.22916666666666666,16.800078263059714,20000220
Random,-2.9217933027927128,1,0.08333333333333333,0.12799931827473304,0.25,0.9166666666666666,0.6,0.3,0.0,0.3958333333333333,12.451006794025815,20000221
Random,-1.1534793625338755,2,0.16666666666666666,0.10204649930683914,0.4166666666666667,0.8333333333333334,0.6,0.3,0.0,0.4375,12.372188522041265,20000222
Random,-2.6241474417268837,1,0.08333333333333333,0.055505569371819365,0.4166666666666667,0.9166666666666666,0.6,0.3,0.0,0.3125,14.953041943699688,20000223
Random,-4.080222800307298,0,0.0,0.0,0.4166666666666667,1.0,0.6,0.3,0.0,0.3958333333333333,12.488525823942304,20000224
Random,1.4637959554693656,3,0.25,0.3448281377457959,0.4166666666666667,0.75,0.6,0.3,0.0,0.2916666666666667,14.789100850532748,20000225
Random,-2.2369531113760677,1,0.08333333333333333,0.08445121026707889,0.4166666666666667,0.9166666666666666,0.6,0.3,0.0,0.25,16.147734852954674,20000226
Random,0.6302493116850165,3,0.25,0.21156458855027666,0.4166666666666667,0.75,0.6,0.3,0.0,0.2708333333333333,15.672506924650191,20000227
Random,1.2416470924397705,3,0.25,0.20241462039271943,0.5833333333333334,0.75,0.6,0.3,0.0,0.22916666666666666,16.5902148759204,20000228
Random,-0.8341873995861832,2,0.16666666666666666,0.16526557741633668,0.3333333333333333,0.8333333333333334,0.6,0.3,0.0,0.375,12.741842744626986,20000229
Random,-1.0446444158487764,2,0.16666666666666666,0.10890361256186595,0.4166666666666667,0.8333333333333334,0.6,0.3,0.0,0.2916666666666667,15.525972778271411,20000230
Random,1.9976737539160823,4,0.3333333333333333,0.22230748797603367,0.4166666666666667,0.6666666666666667,0.6,0.3,0.0,0.4375,11.515500727843483,20000231
Random,2.088918827911052,4,0.3333333333333333,0.2058052728814628,0.4166666666666667,0.6666666666666667,0.6,0.3,0.0,0.3541666666666667,14.137898907937881,20000232
Random,-2.1707068573042023,1,0.08333333333333333,0.08966865556373535,0.4166666666666667,0.9166666666666666,0.6,0.3,0.0,0.3333333333333333,14.34493433164419,20000233
Random,-3.2039688228617997,1,0.08333333333333333,0.05318318408956002,0.25,0.9166666666666666,0.6,0.3,0.0,0.4791666666666667,11.277631400639109,20000234
Random,2.79929561396957,4,0.3333333333333333,0.34666030477128307,0.5,0.6666666666666667,0.6,0.3,0.0,0.22916666666666666,15.950702568204772,20000235
Random,2.004260628903242,4,0.3333333333333333,0.22614858013514202,0.4166666666666667,0.6666666666666667,0.6,0.3,0.0,0.3333333333333333,14.866043747716818,20000236
Random,0.5063810236680695,3,0.25,0.1840901213729661,0.3333333333333333,0.75,0.6,0.3,0.0,0.3958333333333333,12.650790816147573,20000237
Random,1.6423836354897472,4,0.3333333333333333,0.15498200593535238,0.4166666666666667,0.6666666666666667,0.6,0.3,0.0,0.3958333333333333,13.034980392246466,20000238
Random,0.21177297299808395,3,0.25,0.15158503712421809,0.3333333333333333,0.75,0.6,0.3,0.0,0.4166666666666667,12.410937601194625,20000239
Random,0.009828163383288846,3,0.25,0.18705179248945122,0.25,0.75,0.6,0.3,0.0,0.4583333333333333,11.827218718399697,20000240
Random,0.7316235840367282,3,0.25,0.217854106498666,0.3333333333333333,0.75,0.6,0.3,0.0,0.375,12.59246672882434,20000241
Random,-0.8729505596832405,2,0.16666666666666666,0.11879285695644194,0.5,0.8333333333333334,0.6,0.3,0.0,0.4166666666666667,12.688615746172502,20000242
Random,2.7239400489906345,4,0.3333333333333333,0.2764488401324111,0.4166666666666667,0.6666666666666667,0.6,0.3,0.0,0.375,12.976714433453475,20000243
Random,3.5529096335077863,4,0.3333333333333333,0.39849424872327543,0.5,0.6666666666666667,0.6,0.3,0.0,0.16666666666666666,16.562769349261256,20000244
Random,-1.1825426084504553,2,0.16666666666666666,0.14076145132008788,0.3333333333333333,0.8333333333333334,0.6,0.3,0.0,0.3333333333333333,13.981946916460917,20000245
Random,-2.400100297407711,1,0.08333333333333333,0.13429137662194937,0.3333333333333333,0.9166666666666666,0.6,0.3,0.0,0.3541666666666667,13.180775075561641,20000246
Random,2.6547741090742756,4,0.3333333333333333,0.267898272865679,0.5,0.6666666666666667,0.6,0.3,0.0,0.3125,14.889936941296902,20000247
Random,2.5372987863025283,4,0.3333333333333333,0.3073990568153841,0.5,0.6666666666666667,0.6,0.3,0.0,0.375,13.242562793142163,20000248
Random,0.18440134153249366,3,0.25,0.10179962271138468,0.4166666666666667,0.75,0.6,0.3,0.0,0.3958333333333333,12.814360354976856,20000249
Random,0.8927576623345579,3,0.25,0.24045827761556862,0.4166666666666667,0.75,0.6,0.3,0.0,0.3125,14.450667727921374,20000250
Random,2.8005149274409096,4,0.3333333333333333,0.35985963305079866,0.4166666666666667,0.6666666666666667,0.6,0.3,0.0,0.25,15.576508942810031,20000251
Random,2.4672743654282154,4,0.3333333333333333,0.2585561191246171,0.5,0.6666666666666667,0.6,0.3,0.0,0.3541666666666667,14.358533514191864,20000252
Random,-0.846811219592686,2,0.16666666666666666,0.16869278615758418,0.3333333333333333,0.8333333333333334,0.6,0.3,0.0,0.3125,14.31693952815229,20000253
Random,-2.7506479742139565,1,0.08333333333333333,0.06034415970891221,0.3333333333333333,0.9166666666666666,0.6,0.3,0.0,0.4375,11.414505359270134,20000254
Random,0.5639084365791351,3,0.25,0.14223493048489907,0.4166666666666667,0.75,0.6,0.3,0.0,0.3541666666666667,13.92936290236125,20000255
Random,3.2414650095126127,4,0.3333333333333333,0.29094995891703546,0.5,0.6666666666666667,0.6,0.3,0.0,0.20833333333333334,16.2213989556551,20000256
Random,2.0481317247886306,4,0.3333333333333333,0.25475950510765455,0.4166666666666667,0.6666666666666667,0.6,0.3,0.0,0.4166666666666667,13.10459401643808,20000257
Random,-2.6664643043442067,1,0.08333333333333333,0.09955680412679319,0.3333333333333333,0.9166666666666666,0.6,0.3,0.0,0.3958333333333333,12.714732375412268,20000258
Random,2.4137368714729135,4,0.3333333333333333,0.28343276446382254,0.4166666666666667,0.6666666666666667,0.6,0.3,0.0,0.3125,15.073280996783627,20000259
Random,0.7906166653607438,3,0.25,0.17513316941995521,0.4166666666666667,0.75,0.6,0.3,0.0,0.4375,11.955758889101316,20000260
Random,2.601058661832848,4,0.3333333333333333,0.18309579850793875,0.5,0.6666666666666667,0.6,0.3,0.0,0.2916666666666667,14.803840866510523,20000261
Random,2.1461509717502336,4,0.3333333333333333,0.23332612235067673,0.4166666666666667,0.6666666666666667,0.6,0.3,0.0,0.3541666666666667,14.247568983055936,20000262
Random,0.7858090388089938,3,0.25,0.24847684395593175,0.4166666666666667,0.75,0.6,0.3,0.0,0.3541666666666667,14.612366057487932,20000263
Random,2.0461688136268004,4,0.3333333333333333,0.20127386639448172,0.4166666666666667,0.6666666666666667,0.6,0.3,0.0,0.3958333333333333,12.973727008241807,20000264
Random,1.9873468765739064,3,0.25,0.3888352285986739,0.5833333333333334,0.75,0.6,0.3,0.0,0.25,16.27414257030197,20000265
Random,-0.18099068070850544,2,0.16666666666666666,0.24697432241126452,0.5,0.8333333333333334,0.6,0.3,0.0,0.2916666666666667,15.185397547009996,20000266
Random,-1.9107448963959943,2,0.16666666666666666,0.07393824011683363,0.25,0.8333333333333334,0.6,0.3,0.0,0.4375,11.694579546036364,20000267
Random,2.3218327107134558,4,0.3333333333333333,0.23562017977873426,0.4166666666666667,0.6666666666666667,0.6,0.3,0.0,0.375,13.03117021031402,20000268
Random,-0.5724101422225105,2,0.16666666666666666,0.16086299013947425,0.4166666666666667,0.8333333333333334,0.6,0.3,0.0,0.3541666666666667,12.938368457891519,20000269
Random,-1.321093683337741,2,0.16666666666666666,0.12686216689862714,0.3333333333333333,0.8333333333333334,0.6,0.3,0.0,0.3958333333333333,12.745301132269176,20000270
Random,4.297427139242446,5,0.4166666666666667,0.27072684956914855,0.5833333333333334,0.5833333333333333,0.6,0.3,0.0,0.22916666666666666,16.531261834256956,20000271
Random,-2.619684721453781,1,0.08333333333333333,0.10323228831996754,0.3333333333333333,0.9166666666666666,0.6,0.3,0.0,0.3958333333333333,12.577746435336014,20000272
Random,2.35214369567632,4,0.3333333333333333,0.284040299006697,0.4166666666666667,0.6666666666666667,0.6,0.3,0.0,0.4375,11.740779406750281,20000273
Random,1.9131639277473766,4,0.3333333333333333,0.20425952687049045,0.4166666666666667,0.6666666666666667,0.6,0.3,0.0,0.4166666666666667,12.937597388065976,20000274
Random,5.636819832182394,6,0.5,0.3603030303220995,0.5833333333333334,0.5,0.6,0.3,0.0,0.25,16.818282222308365,20000275
Random,2.359775283208478,4,0.3333333333333333,0.24874006730185663,0.4166666666666667,0.6666666666666667,0.6,0.3,0.0,0.3125,15.291759258441527,20000276
Random,0.6412411609640873,3,0.25,0.19292810081283276,0.4166666666666667,0.75,0.6,0.3,0.0,0.375,13.041851807459134,20000277
Random,3.9255634321785946,5,0.4166666666666667,0.265823631797277,0.5,0.5833333333333333,0.6,0.3,0.0,0.22916666666666666,16.033137939477687,20000278
Random,-1.2645297131801918,2,0.16666666666666666,0.12109387344636847,0.3333333333333333,0.8333333333333334,0.6,0.3,0.0,0.3541666666666667,13.994118901504834,20000279
Random,2.403773923299801,4,0.3333333333333333,0.2923319396006281,0.5,0.6666666666666667,0.6,0.3,0.0,0.2708333333333333,15.8564491687569,20000280
Random,2.697498299336985,4,0.3333333333333333,0.2762404203406416,0.5,0.6666666666666667,0.6,0.3,0.0,0.2916666666666667,14.593395645004877,20000281
Random,2.4485405170350933,4,0.3333333333333333,0.28313971877528826,0.4166666666666667,0.6666666666666667,0.6,0.3,0.0,0.3541666666666667,14.138741930326988,20000282
Random,0.3618768132161829,3,0.25,0.2515952420952863,0.3333333333333333,0.75,0.6,0.3,0.0,0.375,13.023444193124563,20000283
Random,2.319303692622963,4,0.3333333333333333,0.18835999429393266,0.5,0.6666666666666667,0.6,0.3,0.0,0.3541666666666667,13.548662817831085,20000284
Random,5.67171494212462,6,0.5,0.37636537584108104,0.5,0.5,0.6,0.3,0.0,0.3333333333333333,14.705470576022492,20000285
Random,0.8914805747699011,3,0.25,0.16300755500900355,0.4166666666666667,0.75,0.6,0.3,0.0,0.22916666666666666,15.561546357463774,20000286
Random,0.6518045334685745,3,0.25,0.1743269373555619,0.5,0.75,0.6,0.3,0.0,0.2708333333333333,16.005727966973325,20000287
Random,-0.175512337561194,2,0.16666666666666666,0.1866537576533235,0.5,0.8333333333333334,0.6,0.3,0.0,0.22916666666666666,16.75317068832133,20000288
Random,3.7608457999249767,5,0.4166666666666667,0.2353163469882849,0.5833333333333334,0.5833333333333333,0.6,0.3,0.0,0.2916666666666667,16.00230282176589,20000289
Random,1.841893259614757,4,0.3333333333333333,0.17713981975735466,0.4166666666666667,0.6666666666666667,0.6,0.3,0.0,0.3333333333333333,14.560757749942796,20000290
Random,3.344387797867854,4,0.3333333333333333,0.36019425217002937,0.5833333333333334,0.6666666666666667,0.6,0.3,0.0,0.1875,17.72792947926659,20000291
Random,2.2960956790977036,4,0.3333333333333333,0.3014327513678622,0.3333333333333333,0.6666666666666667,0.6,0.3,0.0,0.3333333333333333,14.458929461590671,20000292
Random,0.8878742239325281,3,0.25,0.17274722558871689,0.5,0.75,0.6,0.3,0.0,0.3541666666666667,13.49948661361438,20000293
Random,1.295282104591342,3,0.25,0.2304303521335321,0.4166666666666667,0.75,0.6,0.3,0.0,0.2916666666666667,14.23633213481298,20000294
Random,-2.781815627067418,1,0.08333333333333333,0.06824770973884826,0.3333333333333333,0.9166666666666666,0.6,0.3,0.0,0.3333333333333333,13.650469880246215,20000295
Random,-0.8221831644229325,2,0.16666666666666666,0.10822139903536203,0.4166666666666667,0.8333333333333334,0.6,0.3,0.0,0.3125,14.309894818819307,20000296
Random,0.6588046523883642,3,0.25,0.16815152968694144,0.5,0.75,0.6,0.3,0.0,0.3125,15.29891446214736,20000297
Random,3.825342148721412,5,0.4166666666666667,0.1944494811628147,0.5833333333333334,0.5833333333333333,0.6,0.3,0.0,0.3125,14.649122355463561,20000298
Random,0.7157865062941746,3,0.25,0.19987990316348178,0.5,0.75,0.6,0.3,0.0,0.2916666666666667,16.10645496601328,20000299
Random,0.5278011010255854,3,0.25,0.19452133103371186,0.3333333333333333,0.75,0.6,0.3,0.0,0.4375,12.090456290475455,20000300
Random,-1.1308076448160094,2,0.16666666666666666,0.09230393855828246,0.4166666666666667,0.8333333333333334,0.6,0.3,0.0,0.3958333333333333,12.781404140432606,20000301
Random,4.845065956666809,5,0.4166666666666667,0.33928011284129433,0.5,0.5833333333333333,0.6,0.3,0.0,0.2916666666666667,15.233737079624406,20000302
Random,-2.2457583718631975,1,0.08333333333333333,0.10541280072749519,0.4166666666666667,0.9166666666666666,0.6,0.3,0.0,0.3541666666666667,14.251676003094536,20000303
Random,2.6160957473619977,4,0.3333333333333333,0.39199376779501177,0.4166666666666667,0.6666666666666667,0.6,0.3,0.0,0.4166666666666667,12.889956642403199,20000304
Random,4.540174503430577,5,0.4166666666666667,0.43370426001131174,0.5833333333333334,0.5833333333333333,0.6,0.3,0.0,0.3125,15.00230029782023,20000305
Random,0.6637665812732143,3,0.25,0.25024292943601084,0.4166666666666667,0.75,0.6,0.3,0.0,0.3333333333333333,14.242631231659955,20000306
Random,3.1393430780123044,4,0.3333333333333333,0.3138956992803051,0.5,0.6666666666666667,0.6,0.3,0.0,0.20833333333333334,15.958744551407847,20000307
Random,-0.5649120819736531,2,0.16666666666666666,0.15907199326253574,0.4166666666666667,0.8333333333333334,0.6,0.3,0.0,0.3958333333333333,12.558725314419714,20000308
Random,0.43494399990402277,3,0.25,0.1708550888123811,0.3333333333333333,0.75,0.6,0.3,0.0,0.3333333333333333,13.432321667788752,20000309
Random,0.4981910131315055,3,0.25,0.29307404126581615,0.3333333333333333,0.75,0.6,0.3,0.0,0.3541666666666667,13.826604212751143,20000310
Random,2.4603005400242104,4,0.3333333333333333,0.22921319759785688,0.5,0.6666666666666667,0.6,0.3,0.0,0.22916666666666666,16.877862431950305,20000311
Random,-0.6784698445293231,2,0.16666666666666666,0.20207165205401362,0.3333333333333333,0.8333333333333334,0.6,0.3,0.0,0.3125,13.441213363925515,20000312
Random,1.6881727527453574,4,0.3333333333333333,0.16353069329467004,0.4166666666666667,0.6666666666666667,0.6,0.3,0.0,0.375,13.78691900810718,20000313
Random,2.102666390787694,4,0.3333333333333333,0.23729454340228207,0.4166666666666667,0.6666666666666667,0.6,0.3,0.0,0.3125,14.83987835138367,20000314
Random,-3.992308435187354,0,0.0,0.0,0.4166666666666667,1.0,0.6,0.3,0.0,0.3125,14.69277059239994,20000315
Random,-2.9076104158090974,1,0.08333333333333333,0.04155134775192547,0.3333333333333333,0.9166666666666666,0.6,0.3,0.0,0.3958333333333333,12.577138002303426,20000316
Random,4.201792577220699,5,0.4166666666666667,0.32904152337840525,0.5,0.5833333333333333,0.6,0.3,0.0,0.25,15.781862484987682,20000317
Random,0.571948926140285,3,0.25,0.14541061830624832,0.4166666666666667,0.75,0.6,0.3,0.0,0.3541666666666667,13.244749275686956,20000318
Random,1.246456156260201,3,0.25,0.17754648439223836,0.5,0.75,0.6,0.3,0.0,0.2708333333333333,15.26711338833829,20000319
Random,0.5823488229303915,3,0.25,0.14971536886932274,0.4166666666666667,0.75,0.6,0.3,0.0,0.2708333333333333,15.346703477996723,20000320
Random,5.739597982280591,6,0.5,0.44634822120723117,0.5,0.5,0.6,0.3,0.0,0.3541666666666667,13.836898781875657,20000321
Random,-1.0533137162847663,2,0.16666666666666666,0.12850951943327596,0.3333333333333333,0.8333333333333334,0.6,0.3,0.0,0.3958333333333333,12.512711269032799,20000322
Random,1.0906715476918079,3,0.25,0.17480559210368532,0.5,0.75,0.6,0.3,0.0,0.2916666666666667,14.565873205735073,20000323
Random,2.584744495449275,4,0.3333333333333333,0.23527278011505567,0.5,0.6666666666666667,0.6,0.3,0.0,0.3125,15.20551323554175,20000324
Random,0.9522214835268876,3,0.25,0.25325190361894034,0.4166666666666667,0.75,0.6,0.3,0.0,0.3125,14.417352379777022,20000325
Random,1.5280454764507798,3,0.25,0.19259775991502598,0.5,0.75,0.6,0.3,0.0,0.22916666666666666,15.817999919959453,20000326
Random,-1.207947908574749,2,0.16666666666666666,0.14903783733739936,0.3333333333333333,0.8333333333333334,0.6,0.3,0.0,0.4166666666666667,12.417223802568568,20000327
Random,-0.8666359629377482,2,0.16666666666666666,0.12693325122964869,0.4166666666666667,0.8333333333333334,0.6,0.3,0.0,0.3125,14.264776556057639,20000328
Random,2.376000955275026,4,0.3333333333333333,0.181690080389853,0.5,0.6666666666666667,0.6,0.3,0.0,0.375,13.556559886318217,20000329
Random,0.5905924683835222,3,0.25,0.17811519526963443,0.4166666666666667,0.75,0.6,0.3,0.0,0.3125,14.54295581010513,20000330
Random,0.8428342963669591,3,0.25,0.1906325204267956,0.5,0.75,0.6,0.3,0.0,0.3125,15.254122420430162,20000331
Random,-1.467740568619843,2,0.16666666666666666,0.11582409728604229,0.3333333333333333,0.8333333333333334,0.6,0.3,0.0,0.3958333333333333,12.93446641057707,20000332
Random,0.6834847863992284,3,0.25,0.20452093057274157,0.4166666666666667,0.75,0.6,0.3,0.0,0.2708333333333333,15.41692069124328,20000333
Random,2.8189837757787073,4,0.3333333333333333,0.2513027916460504,0.5,0.6666666666666667,0.6,0.3,0.0,0.2708333333333333,15.5526808415134,20000334
Random,2.0048171173702842,4,0.3333333333333333,0.22190720821815338,0.4166666666666667,0.6666666666666667,0.6,0.3,0.0,0.3125,14.527087310704403,20000335
Random,-3.9803828973216486,0,0.0,0.0,0.4166666666666667,1.0,0.6,0.3,0.0,0.3125,14.31536605420862,20000336
Random,-1.0793491033830445,2,0.16666666666666666,0.10105699752556621,0.4166666666666667,0.8333333333333334,0.6,0.3,0.0,0.3958333333333333,13.156571294686382,20000337
Random,2.521971026025952,4,0.3333333333333333,0.2694089493663292,0.5,0.6666666666666667,0.6,0.3,0.0,0.2708333333333333,15.8561533587762,20000338
Random,-1.0004741363635241,2,0.16666666666666666,0.1885832323807046,0.3333333333333333,0.8333333333333334,0.6,0.3,0.0,0.3125,14.501884856571124,20000339
Random,4.35479085517213,5,0.4166666666666667,0.30199970543568067,0.5,0.5833333333333333,0.6,0.3,0.0,0.2916666666666667,14.251409746171394,20000340
Random,4.529807374753852,5,0.4166666666666667,0.31328318327338833,0.5833333333333334,0.5833333333333333,0.6,0.3,0.0,0.20833333333333334,17.117040890990623,20000341
Random,4.096262074319317,5,0.4166666666666667,0.3558296164739442,0.5,0.5833333333333333,0.6,0.3,0.0,0.3333333333333333,14.8144338293791,20000342
Random,-0.5128588364990221,3,0.25,0.12765983965137753,0.25,0.75,0.6,0.3,0.0,0.3958333333333333,13.127120683523161,20000343
Random,2.4131106870696053,4,0.3333333333333333,0.2648411687317163,0.4166666666666667,0.6666666666666667,0.6,0.3,0.0,0.2916666666666667,14.958443170503882,20000344
Random,-2.817851576748069,1,0.08333333333333333,0.047051753173638834,0.3333333333333333,0.9166666666666666,0.6,0.3,0.0,0.375,12.771166495303255,20000345
Random,1.3539926667407773,3,0.25,0.2343830858083845,0.5,0.75,0.6,0.3,0.0,0.2708333333333333,15.519997172118764,20000346
Random,-1.2477712921813606,2,0.16666666666666666,0.14301035489388184,0.3333333333333333,0.8333333333333334,0.6,0.3,0.0,0.4166666666666667,13.192260343277015,20000347
Random,-0.5205817018355592,2,0.16666666666666666,0.10724071961302814,0.5,0.8333333333333334,0.6,0.3,0.0,0.2916666666666667,14.785244739884673,20000348
Random,0.3186697793546518,3,0.25,0.2501672262875796,0.3333333333333333,0.75,0.6,0.3,0.0,0.375,13.733846280060364,20000349
Random,0.7072491372582435,3,0.25,0.16334827932013618,0.4166666666666667,0.75,0.6,0.3,0.0,0.3541666666666667,14.001585126054163,20000350
Random,4.459885713270772,5,0.4166666666666667,0.34045158912449663,0.5,0.5833333333333333,0.6,0.3,0.0,0.2916666666666667,15.15965700242205,20000351
Random,-3.998167744515393,0,0.0,0.0,0.4166666666666667,1.0,0.6,0.3,0.0,0.3958333333333333,12.518322554846065,20000352
Random,-0.7684020653006756,2,0.16666666666666666,0.1838324881265633,0.3333333333333333,0.8333333333333334,0.6,0.3,0.0,0.375,12.759144634140517,20000353
Random,-0.8301481001414129,2,0.16666666666666666,0.1431291154570137,0.4166666666666667,0.8333333333333334,0.6,0.3,0.0,0.3541666666666667,13.776941962101775,20000354
Random,2.326131587134351,4,0.3333333333333333,0.30914587275612937,0.4166666666666667,0.6666666666666667,0.6,0.3,0.0,0.3125,15.113020697621677,20000355
Random,1.2478556649583306,3,0.25,0.23861115863818516,0.5,0.75,0.6,0.3,0.0,0.2916666666666667,15.325166250138018,20000356
Random,-0.6828580991222317,2,0.16666666666666666,0.16173361141241038,0.4166666666666667,0.8333333333333334,0.6,0.3,0.0,0.3125,14.481950623666265,20000357
Random,6.1676356885652055,6,0.5,0.5224908602127112,0.5833333333333334,0.5,0.6,0.3,0.0,0.25,16.412997423403056,20000358
Random,0.9852803011623845,3,0.25,0.2785886509895916,0.4166666666666667,0.75,0.6,0.3,0.0,0.375,13.084007887898391,20000359
Random,7.588305153441887,7,0.5833333333333334,0.40822922855533283,0.6666666666666666,0.41666666666666663,0.6,0.3,0.0,0.25,16.77606849088887,20000360
Random,-1.1969914514030466,2,0.16666666666666666,0.1336353199299412,0.3333333333333333,0.8333333333333334,0.6,0.3,0.0,0.4583333333333333,11.628035276561691,20000361
Random,0.920737219277543,3,0.25,0.1469622796764424,0.5,0.75,0.6,0.3,0.0,0.20833333333333334,15.969579459401126,20000362
Random,0.8187815444066768,3,0.25,0.19166229039090912,0.4166666666666667,0.75,0.6,0.3,0.0,0.3333333333333333,13.856908643433862,20000363
Random,-1.083807311197139,2,0.16666666666666666,0.13733881991830216,0.3333333333333333,0.8333333333333334,0.6,0.3,0.0,0.4375,12.339544309005188,20000364
Random,2.192065370022826,4,0.3333333333333333,0.20841611854666123,0.4166666666666667,0.6666666666666667,0.6,0.3,0.0,0.3333333333333333,13.736108896308854,20000365
Random,-0.872506963689581,2,0.16666666666666666,0.1371970526439966,0.3333333333333333,0.8333333333333334,0.6,0.3,0.0,0.4166666666666667,12.302964241172475,20000366
Random,1.3116347084388404,3,0.25,0.23192764354027864,0.5,0.75,0.6,0.3,0.0,0.2916666666666667,14.489840111727402,20000367
Random,2.694781009896718,4,0.3333333333333333,0.3009671608537787,0.5,0.6666666666666667,0.6,0.3,0.0,0.3125,14.427080961481877,20000368
Random,0.6563564769864101,3,0.25,0.14949187356392807,0.4166666666666667,0.75,0.6,0.3,0.0,0.2708333333333333,15.309343356109402,20000369
Random,3.7063380617756767,5,0.4166666666666667,0.3277288642660973,0.4166666666666667,0.5833333333333333,0.6,0.3,0.0,0.375,13.704277504159439,20000370
Random,1.8267113236914039,4,0.3333333333333333,0.1869319086464708,0.4166666666666667,0.6666666666666667,0.6,0.3,0.0,0.3541666666666667,14.700432766468357,20000371
Random,0.6902787447183152,3,0.25,0.14713915492497304,0.4166666666666667,0.75,0.6,0.3,0.0,0.25,15.369477629796265,20000372
Random,1.0683516517032272,3,0.25,0.2500899643761455,0.5,0.75,0.6,0.3,0.0,0.3333333333333333,14.97884122478803,20000373
Random,2.805070108791039,4,0.3333333333333333,0.22178748683006186,0.5833333333333334,0.6666666666666667,0.6,0.3,0.0,0.22916666666666666,16.524322829462815,20000374
Random,-1.1597568128496092,2,0.16666666666666666,0.09259248768164358,0.4166666666666667,0.8333333333333334,0.6,0.3,0.0,0.3333333333333333,14.583174369469036,20000375
Random,3.6469931952655816,5,0.4166666666666667,0.25957303154978256,0.5,0.5833333333333333,0.6,0.3,0.0,0.2916666666666667,15.569621528474253,20000376
Random,-0.5724556329600452,2,0.16666666666666666,0.14108996000241972,0.5,0.8333333333333334,0.6,0.3,0.0,0.375,13.636206271204662,20000377
Random,-0.6591221873560964,2,0.16666666666666666,0.14685794467232316,0.4166666666666667,0.8333333333333334,0.6,0.3,0.0,0.3333333333333333,13.884868284019356,20000378
Random,-0.923939492766994,2,0.16666666666666666,0.09788306754539063,0.5,0.8333333333333334,0.6,0.3,0.0,0.3541666666666667,14.63357836980738,20000379
Random,0.8468515926383504,3,0.25,0.22736456225671525,0.4166666666666667,0.75,0.6,0.3,0.0,0.2708333333333333,15.102353293166189,20000380
Random,-0.7234840248124518,2,0.16666666666666666,0.10931726639583968,0.4166666666666667,0.8333333333333334,0.6,0.3,0.0,0.3125,14.331926448498956,20000381
Random,2.784040246311294,4,0.3333333333333333,0.3617695977141453,0.5,0.6666666666666667,0.6,0.3,0.0,0.2708333333333333,15.337231523501691,20000382
Random,-1.2286807397801933,2,0.16666666666666666,0.15165560714379805,0.3333333333333333,0.8333333333333334,0.6,0.3,0.0,0.4583333333333333,11.211495861078067,20000383
Random,6.1451299535803825,6,0.5,0.430842379885311,0.5,0.5,0.6,0.3,0.0,0.2916666666666667,15.375284220148455,20000384
Random,-0.9618578197662805,2,0.16666666666666666,0.12784012399147207,0.4166666666666667,0.8333333333333334,0.6,0.3,0.0,0.3333333333333333,14.407484378323781,20000385
Random,2.6496376446508387,4,0.3333333333333333,0.27060239539489345,0.4166666666666667,0.6666666666666667,0.6,0.3,0.0,0.2708333333333333,14.58645994168673,20000386
Random,-3.0250749167035056,1,0.08333333333333333,0.10720274219480015,0.25,0.9166666666666666,0.6,0.3,0.0,0.4375,11.349684110281821,20000387
Random,2.780165034728763,4,0.3333333333333333,0.4227089527234047,0.4166666666666667,0.6666666666666667,0.6,0.3,0.0,0.3125,14.329716736037847,20000388
Random,0.567204516344352,3,0.25,0.1753777319897064,0.4166666666666667,0.75,0.6,0.3,0.0,0.2708333333333333,15.092585124006288,20000389
Random,-2.105164711446082,1,0.08333333333333333,0.06243249960573237,0.5,0.9166666666666666,0.6,0.3,0.0,0.22916666666666666,16.10682243946741,20000390
Random,2.129376935603453,4,0.3333333333333333,0.2603475390407925,0.4166666666666667,0.6666666666666667,0.6,0.3,0.0,0.3958333333333333,13.375518052642763,20000391
Random,1.3105260717190643,3,0.25,0.2524427965411633,0.5,0.75,0.6,0.3,0.0,0.3333333333333333,14.849181051235917,20000392
Random,-0.9464848718249161,2,0.16666666666666666,0.15130140613527868,0.3333333333333333,0.8333333333333334,0.6,0.3,0.0,0.3541666666666667,13.790699467753145,20000393
Random,1.1949051296767452,3,0.25,0.1495388728728001,0.5,0.75,0.6,0.3,0.0,0.22916666666666666,15.785654343319056,20000394
Random,0.6055188490571393,3,0.25,0.18410108269449946,0.4166666666666667,0.75,0.6,0.3,0.0,0.4375,12.421359660338936,20000395
Random,0.4002581924481676,3,0.25,0.22899437644678614,0.3333333333333333,0.75,0.6,0.3,0.0,0.375,13.325964584673432,20000396
Random,2.5819357536919796,4,0.3333333333333333,0.32461153730437786,0.5,0.6666666666666667,0.6,0.3,0.0,0.375,13.851281756377595,20000397
Random,2.565063906912329,4,0.3333333333333333,0.2421871401811598,0.5833333333333334,0.6666666666666667,0.6,0.3,0.0,0.3125,15.176087433188826,20000398
Random,-0.7678158775023778,2,0.16666666666666666,0.1544260184296442,0.4166666666666667,0.8333333333333334,0.6,0.3,0.0,0.25,15.619145368289875,20000399
Random,4.385791806398889,5,0.4166666666666667,0.4015294218762068,0.5,0.5833333333333333,0.6,0.3,0.0,0.2916666666666667,15.34244354091304,20000400
Random,2.795022239845525,4,0.3333333333333333,0.26723952626417347,0.4166666666666667,0.6666666666666667,0.6,0.3,0.0,0.25,14.996776481926835,20000401
Random,0.8132620094073242,3,0.25,0.1484418736473119,0.4166666666666667,0.75,0.6,0.3,0.0,0.3333333333333333,13.477884840141567,20000402
Random,2.9616642403040245,4,0.3333333333333333,0.2503116537299968,0.5,0.6666666666666667,0.6,0.3,0.0,0.25,15.71790034491407,20000403
Random,2.355577856708309,4,0.3333333333333333,0.25737652462282157,0.4166666666666667,0.6666666666666667,0.6,0.3,0.0,0.2916666666666667,14.91170580177163,20000404
Random,2.927368731853562,4,0.3333333333333333,0.27668861451622173,0.4166666666666667,0.6666666666666667,0.6,0.3,0.0,0.2708333333333333,14.748255119692221,20000405
Random,2.454624913849627,4,0.3333333333333333,0.28269038361969245,0.4166666666666667,0.6666666666666667,0.6,0.3,0.0,0.2916666666666667,14.877849768155432,20000406
Random,0.5665471436865097,3,0.25,0.1877429597499652,0.4166666666666667,0.75,0.6,0.3,0.0,0.4375,13.031435350425037,20000407
Random,-0.8869910212332959,2,0.16666666666666666,0.09084317103911223,0.5,0.8333333333333334,0.6,0.3,0.0,0.3541666666666667,13.838212719947478,20000408
Random,-0.7767429471803369,2,0.16666666666666666,0.138665207775119,0.4166666666666667,0.8333333333333334,0.6,0.3,0.0,0.2916666666666667,14.713615208659396,20000409
Random,1.670553688321434,4,0.3333333333333333,0.18649326823790155,0.4166666666666667,0.6666666666666667,0.6,0.3,0.0,0.3958333333333333,13.454501702595017,20000410
Random,-1.9276505195059674,1,0.08333333333333333,0.13717190987957717,0.4166666666666667,0.9166666666666666,0.6,0.3,0.0,0.2708333333333333,15.196237843674835,20000411
Random,2.9507650476918967,4,0.3333333333333333,0.26729478422351594,0.5,0.6666666666666667,0.6,0.3,0.0,0.20833333333333334,16.905145404476386,20000412
Random,-1.0927435001743908,2,0.16666666666666666,0.17926945055990812,0.3333333333333333,0.8333333333333334,0.6,0.3,0.0,0.4166666666666667,12.837944273179367,20000413
Random,1.013389083289931,3,0.25,0.18872122635434485,0.5,0.75,0.6,0.3,0.0,0.25,16.255898386720894,20000414
Random,0.3322961987218376,3,0.25,0.19088294595887734,0.3333333333333333,0.75,0.6,0.3,0.0,0.4166666666666667,12.098544849219977,20000415
Random,-2.193205287317517,1,0.08333333333333333,0.05175708937400596,0.5,0.9166666666666666,0.6,0.3,0.0,0.3333333333333333,14.725207896948564,20000416
Random,-3.3767611281138885,1,0.08333333333333333,0.04052191245607276,0.25,0.9166666666666666,0.6,0.3,0.0,0.5208333333333334,10.547895068139029,20000417
Random,2.6115707514713478,4,0.3333333333333333,0.32418617526064397,0.5,0.6666666666666667,0.6,0.3,0.0,0.375,13.863846007977832,20000418
Random,-0.09423621641899771,2,0.16666666666666666,0.23949058499757933,0.4166666666666667,0.8333333333333334,0.6,0.3,0.0,0.3125,14.216824940869898,20000419
Random,1.8407010009926017,4,0.3333333333333333,0.25134328337451073,0.4166666666666667,0.6666666666666667,0.6,0.3,0.0,0.3541666666666667,14.69613670773012,20000420
Random,0.5245718336861351,3,0.25,0.2388811302442364,0.25,0.75,0.6,0.3,0.0,0.3541666666666667,13.335035727847709,20000421
Random,3.3462916720558313,4,0.3333333333333333,0.3940401372936123,0.5,0.6666666666666667,0.6,0.3,0.0,0.3125,14.43445153118884,20000422
Random,1.3306593415665389,3,0.25,0.3627963428385515,0.4166666666666667,0.75,0.6,0.3,0.0,0.2708333333333333,15.281028270106049,20000423
Random,-0.932769513937107,2,0.16666666666666666,0.13061836139317315,0.4166666666666667,0.8333333333333334,0.6,0.3,0.0,0.3541666666666667,14.23675497335375,20000424
Random,0.6247557005091724,3,0.25,0.16171746166101225,0.4166666666666667,0.75,0.6,0.3,0.0,0.2708333333333333,15.983266720931926,20000425
Random,3.6296176806064793,5,0.4166666666666667,0.24135864643449578,0.5,0.5833333333333333,0.6,0.3,0.0,0.2708333333333333,16.329496490399553,20000426
Random,3.9919883911807403,5,0.4166666666666667,0.31741441859811775,0.5,0.5833333333333333,0.6,0.3,0.0,0.3958333333333333,13.60538526498523,20000427
Random,0.80161277498634,3,0.25,0.22829458657860724,0.4166666666666667,0.75,0.6,0.3,0.0,0.3125,14.555385348566256,20000428
Random,3.0988992687684656,4,0.3333333333333333,0.3970746908388463,0.5,0.6666666666666667,0.6,0.3,0.0,0.22916666666666666,15.097880379892235,20000429
Random,-0.06397231330054876,2,0.16666666666666666,0.2770419674263105,0.5,0.8333333333333334,0.6,0.3,0.0,0.25,15.467268919509596,20000430
Random,2.7326067862013153,4,0.3333333333333333,0.26254475363332974,0.5,0.6666666666666667,0.6,0.3,0.0,0.2708333333333333,15.329294966718635,20000431
Random,2.494185938490959,4,0.3333333333333333,0.25733851594937535,0.5,0.6666666666666667,0.6,0.3,0.0,0.2916666666666667,15.752936457578945,20000432
Random,2.703343272020783,4,0.3333333333333333,0.237789045506785,0.5,0.6666666666666667,0.6,0.3,0.0,0.2916666666666667,15.470134634194634,20000433
Random,2.339180909191419,4,0.3333333333333333,0.3214698349300945,0.3333333333333333,0.6666666666666667,0.6,0.3,0.0,0.375,13.330737161176874,20000434
Random,3.211706564804682,4,0.3333333333333333,0.35386990144232444,0.5,0.6666666666666667,0.6,0.3,0.0,0.2708333333333333,15.277620496938887,20000435
Random,-0.6814970980585966,2,0.16666666666666666,0.1848041295107959,0.4166666666666667,0.8333333333333334,0.6,0.3,0.0,0.3333333333333333,14.006434388655322,20000436
Random,0.21079158828493583,3,0.25,0.2014384439657501,0.3333333333333333,0.75,0.6,0.3,0.0,0.4375,12.298118733865799,20000437
Random,0.9186242412001491,3,0.25,0.17640423030099942,0.5,0.75,0.6,0.3,0.0,0.3333333333333333,14.072652805732698,20000438
Random,2.6416168305486796,4,0.3333333333333333,0.24789346797410444,0.4166666666666667,0.6666666666666667,0.6,0.3,0.0,0.3958333333333333,12.619167505166692,20000439
Random,4.235827904639717,5,0.4166666666666667,0.3848150467060724,0.5833333333333334,0.5833333333333333,0.6,0.3,0.0,0.3333333333333333,14.780211479574831,20000440
Random,-1.0977579374256743,2,0.16666666666666666,0.07694414928334135,0.4166666666666667,0.8333333333333334,0.6,0.3,0.0,0.4375,12.282680207341011,20000441
Random,6.022423002769246,6,0.5,0.44136988818446926,0.5833333333333334,0.5,0.6,0.3,0.0,0.22916666666666666,16.559040972731175,20000442
Random,1.256280251556955,3,0.25,0.19945906792673326,0.5,0.75,0.6,0.3,0.0,0.2708333333333333,15.477547183972364,20000443
Random,-0.19994334763360144,2,0.16666666666666666,0.17194997106957263,0.5,0.8333333333333334,0.6,0.3,0.0,0.2916666666666667,14.731410361894405,20000444
Random,2.267506290314663,4,0.3333333333333333,0.24775277610393484,0.4166666666666667,0.6666666666666667,0.6,0.3,0.0,0.3541666666666667,13.795885072426112,20000445
Random,1.307832817187875,3,0.25,0.2650596788560139,0.4166666666666667,0.75,0.6,0.3,0.0,0.25,15.125151121766006,20000446
Random,-2.988683758945892,1,0.08333333333333333,0.03278502756384149,0.3333333333333333,0.9166666666666666,0.6,0.3,0.0,0.3958333333333333,12.134377862889131,20000447
Random,0.8989690597553719,3,0.25,0.22476319137451836,0.4166666666666667,0.75,0.6,0.3,0.0,0.3125,14.2186749590949,20000448
Random,-2.879754703079895,1,0.08333333333333333,0.061103939487914365,0.3333333333333333,0.9166666666666666,0.6,0.3,0.0,0.4375,12.073195763397353,20000449
Random,-0.5470497162446412,2,0.16666666666666666,0.15865309259627564,0.4166666666666667,0.8333333333333334,0.6,0.3,0.0,0.3958333333333333,12.492526265622748,20000450
Random,-0.3450102104954018,2,0.16666666666666666,0.18079724513401593,0.5,0.8333333333333334,0.6,0.3,0.0,0.3333333333333333,14.392458318946641,20000451
Random,0.6085019885121126,3,0.25,0.19041182335687343,0.3333333333333333,0.75,0.6,0.3,0.0,0.4166666666666667,12.53660408597026,20000452
Random,-1.3505876270438324,2,0.16666666666666666,0.07424020684212158,0.3333333333333333,0.8333333333333334,0.6,0.3,0.0,0.3541666666666667,12.45604818529182,20000453
Random,5.464065432592283,6,0.5,0.26807105111055834,0.5833333333333334,0.5,0.6,0.3,0.0,0.2916666666666667,15.462664289251448,20000454
Random,1.1303042435995336,3,0.25,0.20002594485385314,0.5,0.75,0.6,0.3,0.0,0.2708333333333333,15.969516169559443,20000455
Random,4.066873434452708,5,0.4166666666666667,0.2523964930018007,0.5833333333333334,0.5833333333333333,0.6,0.3,0.0,0.20833333333333334,17.59318763642261,20000456
Random,-2.5690004214247626,1,0.08333333333333333,0.03243705474698361,0.4166666666666667,0.9166666666666666,0.6,0.3,0.0,0.3333333333333333,13.830211907972991,20000457
Random,-0.9652880498129042,2,0.16666666666666666,0.14822507495982068,0.3333333333333333,0.8333333333333334,0.6,0.3,0.0,0.375,12.576506576666091,20000458
Random,6.407565315028994,6,0.5,0.43662465007554924,0.5833333333333334,0.5,0.6,0.3,0.0,0.22916666666666666,17.263998855280082,20000459
Random,0.676816568034242,3,0.25,0.22258886606506806,0.4166666666666667,0.75,0.6,0.3,0.0,0.4166666666666667,12.616241506286412,20000460
Random,-2.7274183817402364,1,0.08333333333333333,0.056126945656975395,0.3333333333333333,0.9166666666666666,0.6,0.3,0.0,0.3333333333333333,13.21058170067344,20000461
Random,-1.2303809328922344,2,0.16666666666666666,0.1642575175084598,0.3333333333333333,0.8333333333333334,0.6,0.3,0.0,0.2708333333333333,15.928224231764137,20000462
Random,3.085347962643602,4,0.3333333333333333,0.2936670473722018,0.5,0.6666666666666667,0.6,0.3,0.0,0.1875,16.763508673094584,20000463
Random,4.571726565080474,5,0.4166666666666667,0.43263459877921484,0.4166666666666667,0.5833333333333333,0.6,0.3,0.0,0.22916666666666666,16.67413076222722,20000464
Random,0.48969870463760934,3,0.25,0.17541209662126203,0.4166666666666667,0.75,0.6,0.3,0.0,0.2916666666666667,14.945434685680107,20000465
Random,0.8849579927245665,3,0.25,0.20165280297990795,0.4166666666666667,0.75,0.6,0.3,0.0,0.3125,15.16074444725963,20000466
Random,-2.3884083711429014,1,0.08333333333333333,0.03493236368749945,0.5,0.9166666666666666,0.6,0.3,0.0,0.4166666666666667,13.0784805612867,20000467
Random,3.973506921021202,5,0.4166666666666667,0.3432482037127974,0.5,0.5833333333333333,0.6,0.3,0.0,0.3541666666666667,14.334473275911844,20000468
Random,3.731048112300005,5,0.4166666666666667,0.247701547106631,0.5,0.5833333333333333,0.6,0.3,0.0,0.3125,15.257040438928533,20000469
Random,1.6933998755548916,3,0.25,0.3712049317216098,0.5,0.75,0.6,0.3,0.0,0.2708333333333333,15.360694219132576,20000470
Random,2.6222918988679638,4,0.3333333333333333,0.2555899705858048,0.5,0.6666666666666667,0.6,0.3,0.0,0.25,16.29479023932943,20000471
Random,-1.2528923521465063,2,0.16666666666666666,0.12607108366251857,0.3333333333333333,0.8333333333333334,0.6,0.3,0.0,0.3958333333333333,12.463141518489172,20000472
Random,-1.3300167145724087,2,0.16666666666666666,0.08768220940750233,0.4166666666666667,0.8333333333333334,0.6,0.3,0.0,0.3958333333333333,13.221803148061413,20000473
Random,1.24846042634845,3,0.25,0.1992234994194714,0.5,0.75,0.6,0.3,0.0,0.2708333333333333,15.307004099569134,20000474
Random,4.008581699468641,5,0.4166666666666667,0.330861793689478,0.4166666666666667,0.5833333333333333,0.6,0.3,0.0,0.3541666666666667,13.686737171100827,20000475
Random,0.4257852826421651,3,0.25,0.1912783246505593,0.4166666666666667,0.75,0.6,0.3,0.0,0.3958333333333333,13.007743742213934,20000476
Random,4.266143540874741,5,0.4166666666666667,0.2553533670661581,0.5833333333333334,0.5833333333333333,0.6,0.3,0.0,0.2708333333333333,15.965624437130124,20000477
Random,2.332513533583392,4,0.3333333333333333,0.24104483977583618,0.4166666666666667,0.6666666666666667,0.6,0.3,0.0,0.2708333333333333,15.890721163772138,20000478
Random,1.299361812345877,3,0.25,0.2724678070167315,0.4166666666666667,0.75,0.6,0.3,0.0,0.25,15.540799121310425,20000479
Random,1.4391037091739172,3,0.25,0.28054009172222516,0.4166666666666667,0.75,0.6,0.3,0.0,0.25,15.41968892379357,20000480
Random,-0.6927216648837167,2,0.16666666666666666,0.1970068079699809,0.4166666666666667,0.8333333333333334,0.6,0.3,0.0,0.3541666666666667,14.041398995811257,20000481
Random,4.3369107252385675,5,0.4166666666666667,0.2861956100238491,0.5,0.5833333333333333,0.6,0.3,0.0,0.2708333333333333,15.216459319788822,20000482
Random,1.0575919689120004,3,0.25,0.21459690888585434,0.5,0.75,0.6,0.3,0.0,0.3125,14.78277356044122,20000483
Random,0.29233623941951903,3,0.25,0.15935633602541346,0.3333333333333333,0.75,0.6,0.3,0.0,0.3333333333333333,14.088518671184321,20000484
Random,4.330602584374919,5,0.4166666666666667,0.25909508118345426,0.5833333333333334,0.5833333333333333,0.6,0.3,0.0,0.16666666666666666,17.676865445305435,20000485
Random,-3.103989689461524,1,0.08333333333333333,0.035329951614741915,0.3333333333333333,0.9166666666666666,0.6,0.3,0.0,0.375,13.577264137976647,20000486
Random,-0.7249393771756945,2,0.16666666666666666,0.1344428630572402,0.4166666666666667,0.8333333333333334,0.6,0.3,0.0,0.2916666666666667,14.812533264529776,20000487
Random,-2.4467260521738727,1,0.08333333333333333,0.04834744245519769,0.4166666666666667,0.9166666666666666,0.6,0.3,0.0,0.3333333333333333,13.258567662062115,20000488
Random,-4.827840007663169,0,0.0,0.0,0.25,1.0,0.6,0.3,0.0,0.5625,9.033806789133397,20000489
Random,4.115001905726465,5,0.4166666666666667,0.37809857179663026,0.4166666666666667,0.5833333333333333,0.6,0.3,0.0,0.25,15.825842423599623,20000490
Random,-1.3448345863032056,2,0.16666666666666666,0.09812453558070655,0.3333333333333333,0.8333333333333334,0.6,0.3,0.0,0.4166666666666667,12.401959818921451,20000491
Random,5.891811508223467,6,0.5,0.34604491779272967,0.5833333333333334,0.5,0.6,0.3,0.0,0.22916666666666666,16.74041147272848,20000492
Random,-0.9023186962841656,2,0.16666666666666666,0.11979450611274575,0.4166666666666667,0.8333333333333334,0.6,0.3,0.0,0.3333333333333333,14.004278778856415,20000493
Random,1.738072172748006,4,0.3333333333333333,0.19593497644134578,0.4166666666666667,0.6666666666666667,0.6,0.3,0.0,0.3541666666666667,14.462558982329455,20000494
Random,3.98519106957533,5,0.4166666666666667,0.2699822193754573,0.5,0.5833333333333333,0.6,0.3,0.0,0.3333333333333333,13.828706583424427,20000495
Random,0.6735813095796876,3,0.25,0.23418052478320694,0.4166666666666667,0.75,0.6,0.3,0.0,0.3541666666666667,14.658448386429331,20000496
Random,1.2076083521094256,3,0.25,0.3056080009430378,0.4166666666666667,0.75,0.6,0.3,0.0,0.3958333333333333,13.008913470159746,20000497
Random,-4.394325115881343,0,0.0,0.0,0.3333333333333333,1.0,0.6,0.3,0.0,0.4375,12.16731568098396,20000498
Random,-1.4411453111018042,2,0.16666666666666666,0.10332460737882561,0.3333333333333333,0.8333333333333334,0.6,0.3,0.0,0.4166666666666667,12.912519431262965,20000499
EDF-Periodic,4.3639930356020455,4,0.3333333333333333,0.47766505069886805,0.5833333333333334,0.6666666666666667,0.6,0.3,0.0,0.08333333333333333,19.101317824255155,20000000
EDF-Periodic,5.3780801205224655,5,0.4166666666666667,0.43530900148445595,0.5833333333333334,0.5833333333333333,0.6,0.3,0.0,0.08333333333333333,18.558254072170083,20000001
EDF-Periodic,6.70019614776206,6,0.5,0.4185184772140873,0.6666666666666666,0.5,0.6,0.3,0.0,0.08333333333333333,19.336162039332894,20000002
EDF-Periodic,8.510828605169674,7,0.5833333333333334,0.6083794815223157,0.5833333333333334,0.41666666666666663,0.6,0.3,0.0,0.08333333333333333,19.10162576628531,20000003
EDF-Periodic,11.923531001683015,9,0.75,0.6991164139033571,0.75,0.25,0.6,0.3,0.0,0.08333333333333333,20.05882750420755,20000004
EDF-Periodic,4.957823516754617,5,0.4166666666666667,0.35809411090780546,0.5833333333333334,0.5833333333333333,0.6,0.3,0.0,0.08333333333333333,19.400615727804258,20000005
EDF-Periodic,3.5749804645055514,4,0.3333333333333333,0.3241569101709085,0.5,0.6666666666666667,0.6,0.3,0.0,0.08333333333333333,18.058549817255468,20000006
EDF-Periodic,3.764827522732806,4,0.3333333333333333,0.37292642015651095,0.5,0.6666666666666667,0.6,0.3,0.0,0.08333333333333333,18.34524790627143,20000007
EDF-Periodic,3.896017674074611,4,0.3333333333333333,0.36056501362494786,0.5,0.6666666666666667,0.6,0.3,0.0,0.08333333333333333,18.522363093494608,20000008
EDF-Periodic,2.145106397420293,3,0.25,0.24294198106714104,0.6666666666666666,0.75,0.6,0.3,0.0,0.08333333333333333,19.144585409877013,20000009
EDF-Periodic,6.577329969453087,6,0.5,0.4012906788711948,0.5833333333333334,0.5,0.6,0.3,0.0,0.08333333333333333,19.100814382665895,20000010
EDF-Periodic,10.197058323789394,8,0.6666666666666666,0.6935535006205038,0.6666666666666666,0.33333333333333337,0.6,0.3,0.0,0.08333333333333333,19.475683691292048,20000011
EDF-Periodic,3.492399910238261,4,0.3333333333333333,0.3326249949881934,0.5833333333333334,0.6666666666666667,0.6,0.3,0.0,0.08333333333333333,19.348273315064663,20000012
EDF-Periodic,3.6251751303472846,4,0.3333333333333333,0.39646594702629073,0.5,0.6666666666666667,0.6,0.3,0.0,0.08333333333333333,18.23246932009594,20000013
EDF-Periodic,3.5647905736985575,4,0.3333333333333333,0.3225803743451916,0.5833333333333334,0.6666666666666667,0.6,0.3,0.0,0.08333333333333333,18.21790768641108,20000014
EDF-Periodic,4.865057936587155,5,0.4166666666666667,0.4050047327166432,0.5,0.5833333333333333,0.6,0.3,0.0,0.08333333333333333,18.442628930616653,20000015
EDF-Periodic,8.448918882285595,7,0.5833333333333334,0.5319069444360599,0.6666666666666666,0.41666666666666663,0.6,0.3,0.0,0.08333333333333333,20.42501767296425,20000016
EDF-Periodic,7.195785467406861,6,0.5,0.5956251240795979,0.5833333333333334,0.5,0.6,0.3,0.0,0.08333333333333333,19.05347501095845,20000017
EDF-Periodic,3.9632186088414088,4,0.3333333333333333,0.37021668323574364,0.5,0.6666666666666667,0.6,0.3,0.0,0.08333333333333333,18.331254411416435,20000018
EDF-Periodic,8.505053520307763,7,0.5833333333333334,0.5342612503429204,0.6666666666666666,0.41666666666666663,0.6,0.3,0.0,0.08333333333333333,20.065259662764657,20000019
EDF-Periodic,7.200091152893963,6,0.5,0.5124015720684308,0.5833333333333334,0.5,0.6,0.3,0.0,0.08333333333333333,18.4338127018578,20000020
EDF-Periodic,8.443379983881815,7,0.5833333333333334,0.5350163111069285,0.75,0.41666666666666663,0.6,0.3,0.0,0.08333333333333333,19.646901380730185,20000021
EDF-Periodic,2.144062035903249,3,0.25,0.36757999408864,0.5,0.75,0.6,0.3,0.0,0.08333333333333333,18.731401004499297,20000022
EDF-Periodic,8.799007058340361,7,0.5833333333333334,0.5813427283633529,0.5833333333333334,0.41666666666666663,0.6,0.3,0.0,0.08333333333333333,19.25855634237556,20000023
EDF-Periodic,10.239924254940496,8,0.6666666666666666,0.6177256989855392,0.6666666666666666,0.33333333333333337,0.6,0.3,0.0,0.08333333333333333,19.524390106913835,20000024
EDF-Periodic,5.722488330675079,5,0.4166666666666667,0.42570631724640207,0.5833333333333334,0.5833333333333333,0.6,0.3,0.0,0.08333333333333333,18.717008701899886,20000025
EDF-Periodic,6.836539087409359,6,0.5,0.49070610319293706,0.6666666666666666,0.5,0.6,0.3,0.0,0.08333333333333333,19.35146916651224,20000026
EDF-Periodic,11.754191171689417,9,0.75,0.6442967041295786,0.75,0.25,0.6,0.3,0.0,0.08333333333333333,20.472314796197402,20000027
EDF-Periodic,8.233782496569754,7,0.5833333333333334,0.5387579566035273,0.6666666666666666,0.41666666666666663,0.6,0.3,0.0,0.08333333333333333,20.299354260806634,20000028
EDF-Periodic,8.338061205407588,7,0.5833333333333334,0.489024430334291,0.75,0.41666666666666663,0.6,0.3,0.0,0.08333333333333333,20.039501953379,20000029
EDF-Periodic,4.013821602442766,4,0.3333333333333333,0.3442519934873874,0.5,0.6666666666666667,0.6,0.3,0.0,0.08333333333333333,18.19770463964905,20000030
EDF-Periodic,5.318746254639045,5,0.4166666666666667,0.3995114481816428,0.5833333333333334,0.5833333333333333,0.6,0.3,0.0,0.08333333333333333,19.283054046118817,20000031
EDF-Periodic,7.050150226924494,6,0.5,0.46500341008192186,0.6666666666666666,0.5,0.6,0.3,0.0,0.08333333333333333,19.035220309649013,20000032
EDF-Periodic,5.471813682457842,5,0.4166666666666667,0.3813285565256712,0.6666666666666666,0.5833333333333333,0.6,0.3,0.0,0.08333333333333333,18.512310441878316,20000033
EDF-Periodic,6.82796202331964,6,0.5,0.46693895201391106,0.5833333333333334,0.5,0.6,0.3,0.0,0.08333333333333333,18.509987750706184,20000034
EDF-Periodic,5.044864230704084,5,0.4166666666666667,0.4380850915586342,0.5,0.5833333333333333,0.6,0.3,0.0,0.08333333333333333,18.61096715192993,20000035
EDF-Periodic,11.41062892604001,9,0.75,0.6588584710655989,0.8333333333333334,0.25,0.6,0.3,0.0,0.08333333333333333,20.703036085818113,20000036
EDF-Periodic,2.106372953696458,3,0.25,0.2965708821860275,0.5,0.75,0.6,0.3,0.0,0.08333333333333333,18.318316404735555,20000037
EDF-Periodic,7.195862481860539,6,0.5,0.5731680093723655,0.5833333333333334,0.5,0.6,0.3,0.0,0.08333333333333333,19.25733883783208,20000038
EDF-Periodic,9.022726187947072,7,0.5833333333333334,0.5590350246747763,0.6666666666666666,0.41666666666666663,0.6,0.3,0.0,0.08333333333333333,19.383105788336007,20000039
EDF-Periodic,0.23917635714931196,2,0.16666666666666666,0.17385807585001328,0.5,0.8333333333333334,0.6,0.3,0.0,0.08333333333333333,18.14280675385756,20000040
EDF-Periodic,7.03329586361982,6,0.5,0.5008047652487809,0.5833333333333334,0.5,0.6,0.3,0.0,0.08333333333333333,19.2880490322774,20000041
EDF-Periodic,8.533855150164625,7,0.5833333333333334,0.5212665863299756,0.6666666666666666,0.41666666666666663,0.6,0.3,0.0,0.08333333333333333,18.924490262904456,20000042
EDF-Periodic,9.96261451030175,8,0.6666666666666666,0.6053808103802913,0.6666666666666666,0.33333333333333337,0.6,0.3,0.0,0.08333333333333333,19.16499453376638,20000043
EDF-Periodic,3.6354551158737145,4,0.3333333333333333,0.31217372616430206,0.5833333333333334,0.6666666666666667,0.6,0.3,0.0,0.08333333333333333,18.64829153219283,20000044
EDF-Periodic,7.216926999043734,6,0.5,0.4597306404755551,0.5833333333333334,0.5,0.6,0.3,0.0,0.08333333333333333,19.138596238160645,20000045
EDF-Periodic,0.20178609144485032,2,0.16666666666666666,0.18366033025132467,0.5,0.8333333333333334,0.6,0.3,0.0,0.08333333333333333,17.75856086654576,20000046
EDF-Periodic,13.240301154647437,10,0.8333333333333334,0.7331135867520278,0.8333333333333334,0.16666666666666663,0.6,0.3,0.0,0.08333333333333333,20.600752886618594,20000047
EDF-Periodic,3.732740151577329,4,0.3333333333333333,0.33966842181735624,0.5833333333333334,0.6666666666666667,0.6,0.3,0.0,0.08333333333333333,19.12948823675022,20000048
EDF-Periodic,4.91394673099214,5,0.4166666666666667,0.3279443791829169,0.6666666666666666,0.5833333333333333,0.6,0.3,0.0,0.08333333333333333,19.423507565878936,20000049
EDF-Periodic,1.9321590295234277,3,0.25,0.2712493594855663,0.5833333333333334,0.75,0.6,0.3,0.0,0.08333333333333333,18.84538863543026,20000050
EDF-Periodic,4.133203349785825,4,0.3333333333333333,0.4259925551466525,0.5833333333333334,0.6666666666666667,0.6,0.3,0.0,0.08333333333333333,19.535847007904962,20000051
EDF-Periodic,6.82052956109189,6,0.5,0.4550556710403909,0.5833333333333334,0.5,0.6,0.3,0.0,0.08333333333333333,19.056635357534706,20000052
EDF-Periodic,3.2184018971447648,4,0.3333333333333333,0.29342357649723266,0.5833333333333334,0.6666666666666667,0.6,0.3,0.0,0.08333333333333333,19.095215584238176,20000053
EDF-Periodic,6.813293607713428,6,0.5,0.483906870364904,0.5833333333333334,0.5,0.6,0.3,0.0,0.08333333333333333,18.585166237492253,20000054
EDF-Periodic,-0.15817869785969452,2,0.16666666666666666,0.11922971657714881,0.5833333333333334,0.8333333333333334,0.6,0.3,0.0,0.08333333333333333,18.714139277171228,20000055
EDF-Periodic,8.038469726481386,7,0.5833333333333334,0.44827676090919794,0.6666666666666666,0.41666666666666663,0.6,0.3,0.0,0.08333333333333333,19.52772956188265,20000056
EDF-Periodic,2.1115186064229414,3,0.25,0.295354397797862,0.4166666666666667,0.75,0.6,0.3,0.0,0.08333333333333333,17.783185099506756,20000057
EDF-Periodic,6.669991512675203,6,0.5,0.4043311939557171,0.6666666666666666,0.5,0.6,0.3,0.0,0.08333333333333333,19.27030347489509,20000058
EDF-Periodic,5.4721684477165295,5,0.4166666666666667,0.4179850202853245,0.5,0.5833333333333333,0.6,0.3,0.0,0.08333333333333333,18.79765018380747,20000059
EDF-Periodic,9.035480974351913,7,0.5833333333333334,0.6037303233351194,0.6666666666666666,0.41666666666666663,0.6,0.3,0.0,0.08333333333333333,19.20175290483531,20000060
EDF-Periodic,9.156050896640101,7,0.5833333333333334,0.5558099472818554,0.5833333333333334,0.41666666666666663,0.6,0.3,0.0,0.08333333333333333,18.640127241600258,20000061
EDF-Periodic,5.574986899369831,5,0.4166666666666667,0.3929652880294699,0.5833333333333334,0.5833333333333333,0.6,0.3,0.0,0.08333333333333333,18.490295784975718,20000062
EDF-Periodic,3.470664948075333,4,0.3333333333333333,0.3235128437651688,0.5,0.6666666666666667,0.6,0.3,0.0,0.08333333333333333,18.289135780796382,20000063
EDF-Periodic,7.204131354948239,6,0.5,0.5188183444402769,0.6666666666666666,0.5,0.6,0.3,0.0,0.08333333333333333,19.306356321070805,20000064
EDF-Periodic,5.382030868867735,5,0.4166666666666667,0.38979140046017563,0.5833333333333334,0.5833333333333333,0.6,0.3,0.0,0.08333333333333333,18.438582603080466,20000065
EDF-Periodic,8.541467864437339,7,0.5833333333333334,0.5267303139338485,0.5833333333333334,0.41666666666666663,0.6,0.3,0.0,0.08333333333333333,19.396353872520972,20000066
EDF-Periodic,3.5850316075688857,4,0.3333333333333333,0.34239070561183893,0.5833333333333334,0.6666666666666667,0.6,0.3,0.0,0.08333333333333333,19.321858206747848,20000067
EDF-Periodic,1.787050079516734,3,0.25,0.23895855166642235,0.5,0.75,0.6,0.3,0.0,0.08333333333333333,17.666431006217863,20000068
EDF-Periodic,6.982471826578763,6,0.5,0.4582299021010631,0.75,0.5,0.6,0.3,0.0,0.08333333333333333,20.570563469260787,20000069
EDF-Periodic,5.579487129699189,5,0.4166666666666667,0.44092859853900085,0.5833333333333334,0.5833333333333333,0.6,0.3,0.0,0.08333333333333333,19.151743110918524,20000070
EDF-Periodic,5.330353046271317,5,0.4166666666666667,0.37933313575943706,0.5833333333333334,0.5833333333333333,0.6,0.3,0.0,0.08333333333333333,18.697967728492007,20000071
EDF-Periodic,5.445974299724305,5,0.4166666666666667,0.3744127937596029,0.75,0.5833333333333333,0.6,0.3,0.0,0.08333333333333333,20.368261085391353,20000072
EDF-Periodic,5.108199119737222,5,0.4166666666666667,0.32272690793275427,0.6666666666666666,0.5833333333333333,0.6,0.3,0.0,0.08333333333333333,19.189614452207174,20000073
EDF-Periodic,8.340736741099237,7,0.5833333333333334,0.44631332935900836,0.6666666666666666,0.41666666666666663,0.6,0.3,0.0,0.08333333333333333,19.636348918399918,20000074
EDF-Periodic,1.9837796719347782,3,0.25,0.26403600289059226,0.5,0.75,0.6,0.3,0.0,0.08333333333333333,19.03524998602174,20000075
EDF-Periodic,-0.0011366759517983382,2,0.16666666666666666,0.18144038938853574,0.4166666666666667,0.8333333333333334,0.6,0.3,0.0,0.08333333333333333,16.964689431315875,20000076
EDF-Periodic,9.652109334847815,8,0.6666666666666666,0.5567597381433942,0.6666666666666666,0.33333333333333337,0.6,0.3,0.0,0.08333333333333333,19.79298469329701,20000077
EDF-Periodic,8.398115262042644,7,0.5833333333333334,0.5146857257128679,0.6666666666666666,0.41666666666666663,0.6,0.3,0.0,0.08333333333333333,20.080430845491176,20000078
EDF-Periodic,8.582458048970599,7,0.5833333333333334,0.5728129702449712,0.5833333333333334,0.41666666666666663,0.6,0.3,0.0,0.08333333333333333,18.924967251477117,20000079
EDF-Periodic,1.9380175299500806,3,0.25,0.31922984299016494,0.4166666666666667,0.75,0.6,0.3,0.0,0.08333333333333333,18.129571777593103,20000080
EDF-Periodic,0.21549701421356282,2,0.16666666666666666,0.18911420783163227,0.5,0.8333333333333334,0.6,0.3,0.0,0.08333333333333333,18.314046408932615,20000081
EDF-Periodic,8.574758196018687,7,0.5833333333333334,0.533837992174493,0.75,0.41666666666666663,0.6,0.3,0.0,0.08333333333333333,20.885206957077614,20000082
EDF-Periodic,0.5056827884983504,2,0.16666666666666666,0.2185335041437965,0.5833333333333334,0.8333333333333334,0.6,0.3,0.0,0.08333333333333333,18.74868579605007,20000083
EDF-Periodic,3.3975301560050672,4,0.3333333333333333,0.32833488667875005,0.5833333333333334,0.6666666666666667,0.6,0.3,0.0,0.08333333333333333,18.695047344047822,20000084
EDF-Periodic,5.100260164904007,5,0.4166666666666667,0.38393538958882173,0.5,0.5833333333333333,0.6,0.3,0.0,0.08333333333333333,18.57674355475971,20000085
EDF-Periodic,5.700535665205399,5,0.4166666666666667,0.4735260549486633,0.5833333333333334,0.5833333333333333,0.6,0.3,0.0,0.08333333333333333,19.265209531596437,20000086
EDF-Periodic,7.3469082822309995,6,0.5,0.5322006419700528,0.5833333333333334,0.5,0.6,0.3,0.0,0.08333333333333333,18.94699081107993,20000087
EDF-Periodic,7.691294175636678,6,0.5,0.5347627418807982,0.5833333333333334,0.5,0.6,0.3,0.0,0.08333333333333333,19.0494482973865,20000088
EDF-Periodic,10.095274904463007,8,0.6666666666666666,0.6347950750888213,0.6666666666666666,0.33333333333333337,0.6,0.3,0.0,0.08333333333333333,20.069519637297738,20000089
EDF-Periodic,3.6987918499466783,4,0.3333333333333333,0.3627327114644157,0.5833333333333334,0.6666666666666667,0.6,0.3,0.0,0.08333333333333333,18.454343161010932,20000090
EDF-Periodic,10.357240828754968,8,0.6666666666666666,0.6327690003381001,0.6666666666666666,0.33333333333333337,0.6,0.3,0.0,0.08333333333333333,20.23940555274588,20000091
EDF-Periodic,6.768585786481358,6,0.5,0.39245506789042794,0.5833333333333334,0.5,0.6,0.3,0.0,0.08333333333333333,18.707935611821206,20000092
EDF-Periodic,11.443787277802754,9,0.75,0.6301776660548972,0.75,0.25,0.6,0.3,0.0,0.08333333333333333,20.14194780563239,20000093
EDF-Periodic,6.684467369990379,6,0.5,0.4279480700094597,0.6666666666666666,0.5,0.6,0.3,0.0,0.08333333333333333,19.504557783651446,20000094
EDF-Periodic,5.385979588328991,5,0.4166666666666667,0.3982146453259235,0.5,0.5833333333333333,0.6,0.3,0.0,0.08333333333333333,17.683805481738595,20000095
EDF-Periodic,6.768242655401217,6,0.5,0.43482509000984565,0.6666666666666666,0.5,0.6,0.3,0.0,0.08333333333333333,19.641810858681318,20000096
EDF-Periodic,1.9120354008508147,3,0.25,0.2323710515059198,0.5833333333333334,0.75,0.6,0.3,0.0,0.08333333333333333,18.931940868161327,20000097
EDF-Periodic,5.23285416207124,5,0.4166666666666667,0.36572460390019973,0.5833333333333334,0.5833333333333333,0.6,0.3,0.0,0.08333333333333333,18.689051432777852,20000098
EDF-Periodic,9.502559633941576,8,0.6666666666666666,0.5097767051704207,0.6666666666666666,0.33333333333333337,0.6,0.3,0.0,0.08333333333333333,19.7905078743014,20000099
EDF-Periodic,8.684024260511405,7,0.5833333333333334,0.5758819236526495,0.5833333333333334,0.41666666666666663,0.6,0.3,0.0,0.08333333333333333,18.963848317257444,20000100
EDF-Periodic,5.369806915271951,5,0.4166666666666667,0.3838704488665652,0.5833333333333334,0.5833333333333333,0.6,0.3,0.0,0.08333333333333333,18.45783727658029,20000101
EDF-Periodic,9.90878175012946,8,0.6666666666666666,0.5381455491890316,0.75,0.33333333333333337,0.6,0.3,0.0,0.08333333333333333,19.904253678623384,20000102
EDF-Periodic,7.4692147240082924,6,0.5,0.5794207775107098,0.5833333333333334,0.5,0.6,0.3,0.0,0.08333333333333333,19.089133038684036,20000103
EDF-Periodic,4.960422716682684,5,0.4166666666666667,0.3403492577492615,0.5833333333333334,0.5833333333333333,0.6,0.3,0.0,0.08333333333333333,18.416199919622084,20000104
EDF-Periodic,11.705691033412005,9,0.75,0.7023923168745795,0.75,0.25,0.6,0.3,0.0,0.08333333333333333,19.977164649327417,20000105
EDF-Periodic,2.119651278244196,3,0.25,0.30320248044692094,0.5,0.75,0.6,0.3,0.0,0.08333333333333333,18.65307113157922,20000106
EDF-Periodic,8.848750048439188,7,0.5833333333333334,0.6201581793602344,0.6666666666666666,0.41666666666666663,0.6,0.3,0.0,0.08333333333333333,19.528107735066246,20000107
EDF-Periodic,7.116620499914847,6,0.5,0.5476606003603357,0.6666666666666666,0.5,0.6,0.3,0.0,0.08333333333333333,19.143181935555415,20000108
EDF-Periodic,-1.4711236387542639,1,0.08333333333333333,0.08740979394444004,0.5,0.9166666666666666,0.6,0.3,0.0,0.08333333333333333,18.01383136288052,20000109
EDF-Periodic,1.749329913374182,3,0.25,0.30174761971944325,0.4166666666666667,0.75,0.6,0.3,0.0,0.08333333333333333,17.72434607682249,20000110
EDF-Periodic,7.127224540771071,6,0.5,0.5136534163135729,0.5833333333333334,0.5,0.6,0.3,0.0,0.08333333333333333,19.74166175783044,20000111
EDF-Periodic,5.700906520792898,5,0.4166666666666667,0.43527387510113136,0.5,0.5833333333333333,0.6,0.3,0.0,0.08333333333333333,18.1727431031434,20000112
EDF-Periodic,1.6006856459290875,3,0.25,0.18807000119883185,0.6666666666666666,0.75,0.6,0.3,0.0,0.08333333333333333,19.316007992238582,20000113
EDF-Periodic,3.6901746100542496,4,0.3333333333333333,0.35252728095077895,0.5,0.6666666666666667,0.6,0.3,0.0,0.08333333333333333,18.537651485442456,20000114
EDF-Periodic,2.0897838165939926,3,0.25,0.24447013479013602,0.5833333333333334,0.75,0.6,0.3,0.0,0.08333333333333333,19.009560223452596,20000115
EDF-Periodic,3.58142381119536,4,0.3333333333333333,0.30549543138096275,0.6666666666666666,0.6666666666666667,0.6,0.3,0.0,0.08333333333333333,19.005376270714436,20000116
EDF-Periodic,0.22423727073897903,2,0.16666666666666666,0.1756448609176633,0.5833333333333334,0.8333333333333334,0.6,0.3,0.0,0.08333333333333333,19.36861261212604,20000117
EDF-Periodic,3.258880086775984,4,0.3333333333333333,0.28202315012786405,0.5833333333333334,0.6666666666666667,0.6,0.3,0.0,0.08333333333333333,19.042211752832706,20000118
EDF-Periodic,3.4698959362727297,4,0.3333333333333333,0.32456377501770045,0.5,0.6666666666666667,0.6,0.3,0.0,0.08333333333333333,18.192108410580676,20000119
EDF-Periodic,2.020212421830463,3,0.25,0.3093936665714398,0.5,0.75,0.6,0.3,0.0,0.08333333333333333,18.357445605684905,20000120
EDF-Periodic,1.6291930866323594,3,0.25,0.2131620147211729,0.5,0.75,0.6,0.3,0.0,0.08333333333333333,18.16245536826379,20000121
EDF-Periodic,3.4097728870226405,4,0.3333333333333333,0.35161962410080305,0.5,0.6666666666666667,0.6,0.3,0.0,0.08333333333333333,18.711854418970056,20000122
EDF-Periodic,5.598428479003324,5,0.4166666666666667,0.43391337662530866,0.75,0.5833333333333333,0.6,0.3,0.0,0.08333333333333333,19.579367125127323,20000123
EDF-Periodic,4.970432100376357,5,0.4166666666666667,0.43825828812524126,0.5833333333333334,0.5833333333333333,0.6,0.3,0.0,0.08333333333333333,18.669661178218774,20000124
EDF-Periodic,9.816833337958801,8,0.6666666666666666,0.5913559625247552,0.6666666666666666,0.33333333333333337,0.6,0.3,0.0,0.08333333333333333,19.643715962180224,20000125
EDF-Periodic,5.8512571024893365,5,0.4166666666666667,0.45088891373591866,0.5833333333333334,0.5833333333333333,0.6,0.3,0.0,0.08333333333333333,18.984505106898887,20000126
EDF-Periodic,3.7374890738050635,4,0.3333333333333333,0.3816557101815802,0.5,0.6666666666666667,0.6,0.3,0.0,0.08333333333333333,18.62416713447164,20000127
EDF-Periodic,6.673155401161527,6,0.5,0.4745951216230489,0.6666666666666666,0.5,0.6,0.3,0.0,0.08333333333333333,19.502861363065787,20000128
EDF-Periodic,8.827065004152747,7,0.5833333333333334,0.6031297524521098,0.5833333333333334,0.41666666666666663,0.6,0.3,0.0,0.08333333333333333,19.277349127315,20000129
EDF-Periodic,8.491656043413233,7,0.5833333333333334,0.5159271895956767,0.6666666666666666,0.41666666666666663,0.6,0.3,0.0,0.08333333333333333,19.41726336631844,20000130
EDF-Periodic,6.779357544570535,6,0.5,0.4086031442276091,0.5833333333333334,0.5,0.6,0.3,0.0,0.08333333333333333,18.98469628124132,20000131
EDF-Periodic,5.416369076874794,5,0.4166666666666667,0.3977213883998836,0.6666666666666666,0.5833333333333333,0.6,0.3,0.0,0.08333333333333333,20.075185804253817,20000132
EDF-Periodic,9.841740793561886,8,0.6666666666666666,0.6252038511651697,0.6666666666666666,0.33333333333333337,0.6,0.3,0.0,0.08333333333333333,19.8750792467066,20000133
EDF-Periodic,4.802845410808553,5,0.4166666666666667,0.3409979540696006,0.5833333333333334,0.5833333333333333,0.6,0.3,0.0,0.08333333333333333,18.24080106187967,20000134
EDF-Periodic,7.480362257011043,6,0.5,0.5157282257244836,0.6666666666666666,0.5,0.6,0.3,0.0,0.08333333333333333,19.944458136611168,20000135
EDF-Periodic,8.426868616102704,7,0.5833333333333334,0.48926574913774784,0.6666666666666666,0.41666666666666663,0.6,0.3,0.0,0.08333333333333333,19.018954168055483,20000136
EDF-Periodic,9.737734040456882,8,0.6666666666666666,0.5362614586873642,0.6666666666666666,0.33333333333333337,0.6,0.3,0.0,0.08333333333333333,19.997416206400988,20000137
EDF-Periodic,1.7333646624965353,3,0.25,0.24885570079437133,0.5,0.75,0.6,0.3,0.0,0.08333333333333333,18.587467604699984,20000138
EDF-Periodic,8.723349325971043,7,0.5833333333333334,0.5555550011830332,0.6666666666666666,0.41666666666666663,0.6,0.3,0.0,0.08333333333333333,19.280093105570643,20000139
EDF-Periodic,8.777572073579883,7,0.5833333333333334,0.7028908766153599,0.6666666666666666,0.41666666666666663,0.6,0.3,0.0,0.08333333333333333,19.19464968992379,20000140
EDF-Periodic,3.675414548333114,4,0.3333333333333333,0.3921079297196312,0.4166666666666667,0.6666666666666667,0.6,0.3,0.0,0.08333333333333333,17.850516451750178,20000141
EDF-Periodic,7.464156846092493,6,0.5,0.5456292415458701,0.5833333333333334,0.5,0.6,0.3,0.0,0.08333333333333333,18.659817492212238,20000142
EDF-Periodic,5.072278567712546,5,0.4166666666666667,0.3544749434285905,0.5,0.5833333333333333,0.6,0.3,0.0,0.08333333333333333,18.102782411803652,20000143
EDF-Periodic,8.930274850199538,7,0.5833333333333334,0.598843015978493,0.6666666666666666,0.41666666666666663,0.6,0.3,0.0,0.08333333333333333,19.37179693923736,20000144
EDF-Periodic,5.061541419089613,5,0.4166666666666667,0.4234571720499449,0.5833333333333334,0.5833333333333333,0.6,0.3,0.0,0.08333333333333333,19.340598731247983,20000145
EDF-Periodic,3.2619492626349924,4,0.3333333333333333,0.25805195670982756,0.5833333333333334,0.6666666666666667,0.6,0.3,0.0,0.08333333333333333,19.26299548611586,20000146
EDF-Periodic,6.987475620765566,6,0.5,0.4743891224227089,0.6666666666666666,0.5,0.6,0.3,0.0,0.08333333333333333,19.141795033170165,20000147
EDF-Periodic,5.346022396337045,5,0.4166666666666667,0.39594904736178604,0.5833333333333334,0.5833333333333333,0.6,0.3,0.0,0.08333333333333333,18.81650584833926,20000148
EDF-Periodic,3.601429752807041,4,0.3333333333333333,0.3251772285297841,0.5833333333333334,0.6666666666666667,0.6,0.3,0.0,0.08333333333333333,18.694374921208627,20000149
EDF-Periodic,5.480497516638052,5,0.4166666666666667,0.43644991004317957,0.6666666666666666,0.5833333333333333,0.6,0.3,0.0,0.08333333333333333,18.96279512746419,20000150
EDF-Periodic,8.678939056504614,7,0.5833333333333334,0.6203065352655672,0.6666666666666666,0.41666666666666663,0.6,0.3,0.0,0.08333333333333333,19.762019810955262,20000151
EDF-Periodic,2.17416439423273,3,0.25,0.3050413200838762,0.5,0.75,0.6,0.3,0.0,0.08333333333333333,18.45070917323853,20000152
EDF-Periodic,5.3008813717607755,5,0.4166666666666667,0.41839755266917716,0.5833333333333334,0.5833333333333333,0.6,0.3,0.0,0.08333333333333333,18.452242356602973,20000153
EDF-Periodic,8.768475744699904,7,0.5833333333333334,0.5646841310705415,0.6666666666666666,0.41666666666666663,0.6,0.3,0.0,0.08333333333333333,19.88723036927415,20000154
EDF-Periodic,5.614771954355919,5,0.4166666666666667,0.46485471028701464,0.5833333333333334,0.5833333333333333,0.6,0.3,0.0,0.08333333333333333,18.432647878562296,20000155
EDF-Periodic,7.1544091326996035,6,0.5,0.5514453117600796,0.5,0.5,0.6,0.3,0.0,0.08333333333333333,18.168032230870747,20000156
EDF-Periodic,2.911692868432339,4,0.3333333333333333,0.21116926454383225,0.5833333333333334,0.6666666666666667,0.6,0.3,0.0,0.08333333333333333,18.366713870562293,20000157
EDF-Periodic,5.303863704483491,5,0.4166666666666667,0.38913523106748504,0.5833333333333334,0.5833333333333333,0.6,0.3,0.0,0.08333333333333333,18.09353196709218,20000158
EDF-Periodic,1.9923978531676534,3,0.25,0.30986803096230037,0.4166666666666667,0.75,0.6,0.3,0.0,0.08333333333333333,17.55659414640177,20000159
EDF-Periodic,3.3812040480717096,4,0.3333333333333333,0.2489626683805409,0.6666666666666666,0.6666666666666667,0.6,0.3,0.0,0.08333333333333333,19.4025930133333,20000160
EDF-Periodic,3.674107052360287,4,0.3333333333333333,0.41791004192484926,0.5833333333333334,0.6666666666666667,0.6,0.3,0.0,0.08333333333333333,18.89249237281612,20000161
EDF-Periodic,1.8271441588326152,3,0.25,0.20578677777572926,0.5833333333333334,0.75,0.6,0.3,0.0,0.08333333333333333,18.878532891170213,20000162
EDF-Periodic,10.14724135924603,8,0.6666666666666666,0.5765935313388495,0.6666666666666666,0.33333333333333337,0.6,0.3,0.0,0.08333333333333333,18.810997913706473,20000163
EDF-Periodic,7.030327538572957,6,0.5,0.46998450200012787,0.5,0.5,0.6,0.3,0.0,0.08333333333333333,18.452594818945766,20000164
EDF-Periodic,9.603276523475065,8,0.6666666666666666,0.5763099237816818,0.6666666666666666,0.33333333333333337,0.6,0.3,0.0,0.08333333333333333,20.024835919195876,20000165
EDF-Periodic,3.6825897790950446,4,0.3333333333333333,0.34760556801758374,0.5833333333333334,0.6666666666666667,0.6,0.3,0.0,0.08333333333333333,19.703659928519755,20000166
EDF-Periodic,8.274293987550973,7,0.5833333333333334,0.535769553812413,0.6666666666666666,0.41666666666666663,0.6,0.3,0.0,0.08333333333333333,19.166838436961633,20000167
EDF-Periodic,7.098452993197062,6,0.5,0.47085306833085167,0.5833333333333334,0.5,0.6,0.3,0.0,0.08333333333333333,18.4560900008694,20000168
EDF-Periodic,8.223838588048729,7,0.5833333333333334,0.546352132471355,0.5833333333333334,0.41666666666666663,0.6,0.3,0.0,0.08333333333333333,18.846585549226116,20000169
EDF-Periodic,3.758889048543785,4,0.3333333333333333,0.3701986977888436,0.5,0.6666666666666667,0.6,0.3,0.0,0.08333333333333333,18.582624976190424,20000170
EDF-Periodic,5.09487457501862,5,0.4166666666666667,0.3620723191483289,0.6666666666666666,0.5833333333333333,0.6,0.3,0.0,0.08333333333333333,18.833991814052528,20000171
EDF-Periodic,8.585624960044878,7,0.5833333333333334,0.5732494829504119,0.6666666666666666,0.41666666666666663,0.6,0.3,0.0,0.08333333333333333,20.01369488831019,20000172
EDF-Periodic,8.710684698571061,7,0.5833333333333334,0.507623218670294,0.6666666666666666,0.41666666666666663,0.6,0.3,0.0,0.08333333333333333,18.996969093382738,20000173
EDF-Periodic,8.928527298264676,7,0.5833333333333334,0.5803302499109105,0.6666666666666666,0.41666666666666663,0.6,0.3,0.0,0.08333333333333333,19.54611493456033,20000174
EDF-Periodic,6.941177495502821,6,0.5,0.4468788258265183,0.6666666666666666,0.5,0.6,0.3,0.0,0.08333333333333333,19.52983578442163,20000175
EDF-Periodic,6.617007308492868,6,0.5,0.4653673803502584,0.5833333333333334,0.5,0.6,0.3,0.0,0.08333333333333333,19.203150326200245,20000176
EDF-Periodic,5.68827710963593,5,0.4166666666666667,0.4416618643480084,0.6666666666666666,0.5833333333333333,0.6,0.3,0.0,0.08333333333333333,19.689265724446695,20000177
EDF-Periodic,5.0033098089488535,5,0.4166666666666667,0.358359761187347,0.5833333333333334,0.5833333333333333,0.6,0.3,0.0,0.08333333333333333,18.795740663529216,20000178
EDF-Periodic,2.204382390087716,3,0.25,0.24215786027420602,0.6666666666666666,0.75,0.6,0.3,0.0,0.08333333333333333,19.117983575834515,20000179
EDF-Periodic,5.377587504568763,5,0.4166666666666667,0.3784245859600821,0.5833333333333334,0.5833333333333333,0.6,0.3,0.0,0.08333333333333333,18.738341704236458,20000180
EDF-Periodic,5.374287968081817,5,0.4166666666666667,0.48537394018720476,0.5833333333333334,0.5833333333333333,0.6,0.3,0.0,0.08333333333333333,18.246661416066807,20000181
EDF-Periodic,7.075201362285652,6,0.5,0.5170626176226047,0.5,0.5,0.6,0.3,0.0,0.08333333333333333,18.5994579662139,20000182
EDF-Periodic,2.16269291925741,3,0.25,0.24598338324342633,0.5833333333333334,0.75,0.6,0.3,0.0,0.08333333333333333,18.74350524888215,20000183
EDF-Periodic,5.314210169798274,5,0.4166666666666667,0.43718180064355383,0.5833333333333334,0.5833333333333333,0.6,0.3,0.0,0.08333333333333333,19.46738849946914,20000184
EDF-Periodic,9.06384569256806,7,0.5833333333333334,0.6498682460129557,0.5833333333333334,0.41666666666666663,0.6,0.3,0.0,0.08333333333333333,18.409614231420157,20000185
EDF-Periodic,8.172497484662554,7,0.5833333333333334,0.47983321772451304,0.6666666666666666,0.41666666666666663,0.6,0.3,0.0,0.08333333333333333,18.84731421307627,20000186
EDF-Periodic,3.8260698768413564,4,0.3333333333333333,0.33963432627887197,0.5,0.6666666666666667,0.6,0.3,0.0,0.08333333333333333,17.399219549841355,20000187
EDF-Periodic,8.700766098243456,7,0.5833333333333334,0.5417228423014676,0.6666666666666666,0.41666666666666663,0.6,0.3,0.0,0.08333333333333333,19.75927481565078,20000188
EDF-Periodic,3.623035874644905,4,0.3333333333333333,0.3062738617362002,0.5833333333333334,0.6666666666666667,0.6,0.3,0.0,0.08333333333333333,18.684690161775944,20000189
EDF-Periodic,8.445080740765839,7,0.5833333333333334,0.5169600136526119,0.6666666666666666,0.41666666666666663,0.6,0.3,0.0,0.08333333333333333,19.771693005611237,20000190
EDF-Periodic,14.426486170712367,11,0.9166666666666666,0.9223599923569041,0.9166666666666666,0.08333333333333337,0.6,0.3,0.0,0.08333333333333333,20.816215426780918,20000191
EDF-Periodic,3.896878334120948,4,0.3333333333333333,0.3885405414641685,0.5833333333333334,0.6666666666666667,0.6,0.3,0.0,0.08333333333333333,18.590684051297217,20000192
EDF-Periodic,1.6661726046469982,3,0.25,0.2251816733579162,0.5,0.75,0.6,0.3,0.0,0.08333333333333333,17.678287748125804,20000193
EDF-Periodic,3.676024722828938,4,0.3333333333333333,0.3486554233848768,0.5,0.6666666666666667,0.6,0.3,0.0,0.08333333333333333,18.42198689967733,20000194
EDF-Periodic,10.04241586995807,8,0.6666666666666666,0.5319334900149578,0.6666666666666666,0.33333333333333337,0.6,0.3,0.0,0.08333333333333333,20.19028088753392,20000195
EDF-Periodic,2.0427156263488193,3,0.25,0.266830106599146,0.5833333333333334,0.75,0.6,0.3,0.0,0.08333333333333333,18.931190765386305,20000196
EDF-Periodic,3.4571799313655545,4,0.3333333333333333,0.2794430032064957,0.5833333333333334,0.6666666666666667,0.6,0.3,0.0,0.08333333333333333,18.876441624430274,20000197
EDF-Periodic,0.41508951447923836,2,0.16666666666666666,0.22013420658404223,0.5833333333333334,0.8333333333333334,0.6,0.3,0.0,0.08333333333333333,18.8388253239742,20000198
EDF-Periodic,3.3644587613046744,4,0.3333333333333333,0.2753865786973725,0.5833333333333334,0.6666666666666667,0.6,0.3,0.0,0.08333333333333333,18.681683429906688,20000199
EDF-Periodic,3.1898265888244364,4,0.3333333333333333,0.3075926990106885,0.5,0.6666666666666667,0.6,0.3,0.0,0.08333333333333333,18.65169344517929,20000200
EDF-Periodic,5.03074456530986,5,0.4166666666666667,0.319486203976639,0.5833333333333334,0.5833333333333333,0.6,0.3,0.0,0.08333333333333333,18.292950532879036,20000201
EDF-Periodic,5.014091799388119,5,0.4166666666666667,0.41678091957612673,0.5,0.5833333333333333,0.6,0.3,0.0,0.08333333333333333,18.356257783739544,20000202
EDF-Periodic,7.035782119129486,6,0.5,0.586288289603838,0.5833333333333334,0.5,0.6,0.3,0.0,0.08333333333333333,18.483054158993657,20000203
EDF-Periodic,8.739366784674585,7,0.5833333333333334,0.48941519668038275,0.6666666666666666,0.41666666666666663,0.6,0.3,0.0,0.08333333333333333,19.658368216783433,20000204
EDF-Periodic,8.452728591139737,7,0.5833333333333334,0.5542773605274441,0.6666666666666666,0.41666666666666663,0.6,0.3,0.0,0.08333333333333333,19.666243815625062,20000205
EDF-Periodic,0.30044819430959213,2,0.16666666666666666,0.22078657664582896,0.4166666666666667,0.8333333333333334,0.6,0.3,0.0,0.08333333333333333,16.999141531822374,20000206
EDF-Periodic,2.120725342176991,3,0.25,0.24492883896445283,0.5833333333333334,0.75,0.6,0.3,0.0,0.08333333333333333,18.831286773938107,20000207
EDF-Periodic,5.281167712000014,5,0.4166666666666667,0.4356164722208905,0.5,0.5833333333333333,0.6,0.3,0.0,0.08333333333333333,18.64097798580038,20000208
EDF-Periodic,4.8485564873640765,5,0.4166666666666667,0.3670402709944031,0.5,0.5833333333333333,0.6,0.3,0.0,0.08333333333333333,18.204692042812088,20000209
EDF-Periodic,11.174587919022544,9,0.75,0.6136318518233337,0.75,0.25,0.6,0.3,0.0,0.08333333333333333,20.294076799454505,20000210
EDF-Periodic,3.55535214835745,4,0.3333333333333333,0.3395401890315364,0.5833333333333334,0.6666666666666667,0.6,0.3,0.0,0.08333333333333333,18.2317189989698,20000211
EDF-Periodic,8.980467177469771,7,0.5833333333333334,0.674303230372841,0.6666666666666666,0.41666666666666663,0.6,0.3,0.0,0.08333333333333333,19.901195590048623,20000212
EDF-Periodic,5.132910154704098,5,0.4166666666666667,0.35373884032470526,0.6666666666666666,0.5833333333333333,0.6,0.3,0.0,0.08333333333333333,19.256551547318814,20000213
EDF-Periodic,8.810273918647972,7,0.5833333333333334,0.5081551859118251,0.6666666666666666,0.41666666666666663,0.6,0.3,0.0,0.08333333333333333,19.87617296232065,20000214
EDF-Periodic,3.843451311489048,4,0.3333333333333333,0.33078536555422255,0.5833333333333334,0.6666666666666667,0.6,0.3,0.0,0.08333333333333333,19.556005527511136,20000215
EDF-Periodic,3.469136166475657,4,0.3333333333333333,0.32790952256062333,0.5833333333333334,0.6666666666666667,0.6,0.3,0.0,0.08333333333333333,18.741957653515602,20000216
EDF-Periodic,3.8901968973404424,4,0.3333333333333333,0.34029318857811774,0.75,0.6666666666666667,0.6,0.3,0.0,0.08333333333333333,19.869460527528922,20000217
EDF-Periodic,6.522158427141676,6,0.5,0.4298102898052446,0.6666666666666666,0.5,0.6,0.3,0.0,0.08333333333333333,19.795484968017604,20000218
EDF-Periodic,1.9592177881830382,3,0.25,0.27843758244761646,0.5833333333333334,0.75,0.6,0.3,0.0,0.08333333333333333,19.599750398767927,20000219
EDF-Periodic,6.867812505642053,6,0.5,0.470524516747257,0.6666666666666666,0.5,0.6,0.3,0.0,0.08333333333333333,19.55596527051424,20000220
EDF-Periodic,9.945373357396864,8,0.6666666666666666,0.6100361041773049,0.6666666666666666,0.33333333333333337,0.6,0.3,0.0,0.08333333333333333,19.151807439394076,20000221
EDF-Periodic,5.217440507781524,5,0.4166666666666667,0.4073261336702435,0.6666666666666666,0.5833333333333333,0.6,0.3,0.0,0.08333333333333333,19.87116744538658,20000222
EDF-Periodic,5.104220996315936,5,0.4166666666666667,0.36411493080318896,0.6666666666666666,0.5833333333333333,0.6,0.3,0.0,0.08333333333333333,19.61833938799379,20000223
EDF-Periodic,3.5333146768623127,4,0.3333333333333333,0.30124931014543566,0.5833333333333334,0.6666666666666667,0.6,0.3,0.0,0.08333333333333333,18.528569861578884,20000224
EDF-Periodic,6.695318693947145,6,0.5,0.42976581566415495,0.6666666666666666,0.5,0.6,0.3,0.0,0.08333333333333333,19.386593790014448,20000225
EDF-Periodic,6.8224500486124455,6,0.5,0.49362362057763437,0.5,0.5,0.6,0.3,0.0,0.08333333333333333,18.815776567820578,20000226
EDF-Periodic,2.344173622329207,3,0.25,0.3713034259098195,0.5833333333333334,0.75,0.6,0.3,0.0,0.08333333333333333,19.131375010187803,20000227
EDF-Periodic,5.118264763973162,5,0.4166666666666667,0.3579664053691239,0.6666666666666666,0.5833333333333333,0.6,0.3,0.0,0.08333333333333333,18.96208206196526,20000228
EDF-Periodic,1.8185451241542192,3,0.25,0.25621966992303696,0.5,0.75,0.6,0.3,0.0,0.08333333333333333,18.52297937513106,20000229
EDF-Periodic,3.4485570358214743,4,0.3333333333333333,0.2479061332459827,0.6666666666666666,0.6666666666666667,0.6,0.3,0.0,0.08333333333333333,19.73917035723592,20000230
EDF-Periodic,5.283377329932029,5,0.4166666666666667,0.43448183106991295,0.5833333333333334,0.5833333333333333,0.6,0.3,0.0,0.08333333333333333,18.665526197650884,20000231
EDF-Periodic,3.4145122488535886,4,0.3333333333333333,0.36532857853260203,0.4166666666666667,0.6666666666666667,0.6,0.3,0.0,0.08333333333333333,17.6679049317692,20000232
EDF-Periodic,10.584589412664037,8,0.6666666666666666,0.6125761282122694,0.6666666666666666,0.33333333333333337,0.6,0.3,0.0,0.08333333333333333,19.461473531660094,20000233
EDF-Periodic,8.543426887810563,7,0.5833333333333334,0.5085069564101389,0.5833333333333334,0.41666666666666663,0.6,0.3,0.0,0.08333333333333333,19.1466819891328,20000234
EDF-Periodic,8.319618640289331,7,0.5833333333333334,0.5689194075444537,0.6666666666666666,0.41666666666666663,0.6,0.3,0.0,0.08333333333333333,19.069066690116422,20000235
EDF-Periodic,10.282187340391754,8,0.6666666666666666,0.6421547738767555,0.6666666666666666,0.33333333333333337,0.6,0.3,0.0,0.08333333333333333,19.69212425160826,20000236
EDF-Periodic,5.0496842487601254,5,0.4166666666666667,0.3575215834105232,0.5,0.5833333333333333,0.6,0.3,0.0,0.08333333333333333,18.39905323046742,20000237
EDF-Periodic,8.985452193197089,7,0.5833333333333334,0.5857605565792925,0.5833333333333334,0.41666666666666663,0.6,0.3,0.0,0.08333333333333333,18.805704487630774,20000238
EDF-Periodic,1.9363156328559814,3,0.25,0.31311184796619335,0.4166666666666667,0.75,0.6,0.3,0.0,0.08333333333333333,18.18218386799269,20000239
EDF-Periodic,6.903511686093887,6,0.5,0.48360394619425423,0.5,0.5,0.6,0.3,0.0,0.08333333333333333,18.6285851453374,20000240
EDF-Periodic,5.810739570214784,5,0.4166666666666667,0.4843449387716013,0.5,0.5833333333333333,0.6,0.3,0.0,0.08333333333333333,18.182755936525542,20000241
EDF-Periodic,10.111656492843569,8,0.6666666666666666,0.7363790203115372,0.75,0.33333333333333337,0.6,0.3,0.0,0.08333333333333333,19.763673438408894,20000242
EDF-Periodic,7.160371555348245,6,0.5,0.5013689462836148,0.5,0.5,0.6,0.3,0.0,0.08333333333333333,18.53306668714871,20000243
EDF-Periodic,7.19389701604872,6,0.5,0.5448430389922366,0.5833333333333334,0.5,0.6,0.3,0.0,0.08333333333333333,18.463023095873876,20000244
EDF-Periodic,5.007451003462071,5,0.4166666666666667,0.4060310214896286,0.5,0.5833333333333333,0.6,0.3,0.0,0.08333333333333333,18.245005772701404,20000245
EDF-Periodic,3.473489166110025,4,0.3333333333333333,0.3424407598314247,0.5833333333333334,0.6666666666666667,0.6,0.3,0.0,0.08333333333333333,18.880361249105405,20000246
EDF-Periodic,3.042795449158519,4,0.3333333333333333,0.2908522150783033,0.5,0.6666666666666667,0.6,0.3,0.0,0.08333333333333333,18.242675852908825,20000247
EDF-Periodic,10.270758853686349,8,0.6666666666666666,0.7498770431204445,0.6666666666666666,0.33333333333333337,0.6,0.3,0.0,0.08333333333333333,19.19671006972608,20000248
EDF-Periodic,3.408082491908361,4,0.3333333333333333,0.2728274966478762,0.5833333333333334,0.6666666666666667,0.6,0.3,0.0,0.08333333333333333,18.373294944767164,20000249
EDF-Periodic,8.333579335852221,7,0.5833333333333334,0.593194920753209,0.5833333333333334,0.41666666666666663,0.6,0.3,0.0,0.08333333333333333,18.90626945236225,20000250
EDF-Periodic,8.075388098912022,7,0.5833333333333334,0.4478344483533856,0.6666666666666666,0.41666666666666663,0.6,0.3,0.0,0.08333333333333333,19.23074605476507,20000251
EDF-Periodic,10.135991715482032,8,0.6666666666666666,0.6329041374891413,0.6666666666666666,0.33333333333333337,0.6,0.3,0.0,0.08333333333333333,20.35747282130923,20000252
EDF-Periodic,10.350825007824533,8,0.6666666666666666,0.5518328790107492,0.6666666666666666,0.33333333333333337,0.6,0.3,0.0,0.08333333333333333,19.288470273692653,20000253
EDF-Periodic,1.9021623201028603,3,0.25,0.27435582055121344,0.5,0.75,0.6,0.3,0.0,0.08333333333333333,17.923337516074604,20000254
EDF-Periodic,0.6287398568199918,2,0.16666666666666666,0.2013471982658631,0.5833333333333334,0.8333333333333334,0.6,0.3,0.0,0.08333333333333333,18.5235820425773,20000255
EDF-Periodic,5.342332950650471,5,0.4166666666666667,0.3582698521430529,0.5833333333333334,0.5833333333333333,0.6,0.3,0.0,0.08333333333333333,18.610799673199953,20000256
EDF-Periodic,9.995021194312805,8,0.6666666666666666,0.5826796033343532,0.6666666666666666,0.33333333333333337,0.6,0.3,0.0,0.08333333333333333,19.90734218969247,20000257
EDF-Periodic,8.35044296490204,7,0.5833333333333334,0.5726143524247882,0.5833333333333334,0.41666666666666663,0.6,0.3,0.0,0.08333333333333333,19.12994611576086,20000258
EDF-Periodic,5.56487808715355,5,0.4166666666666667,0.5156739801088468,0.5,0.5833333333333333,0.6,0.3,0.0,0.08333333333333333,18.594113210234944,20000259
EDF-Periodic,5.337724911995146,5,0.4166666666666667,0.40400926671900883,0.5,0.5833333333333333,0.6,0.3,0.0,0.08333333333333333,18.855694890656302,20000260
EDF-Periodic,2.5655184848748647,3,0.25,0.32115569375600067,0.5,0.75,0.6,0.3,0.0,0.08333333333333333,17.744175244078573,20000261
EDF-Periodic,3.4304943299415074,4,0.3333333333333333,0.3328160647089589,0.5,0.6666666666666667,0.6,0.3,0.0,0.08333333333333333,18.559926056709088,20000262
EDF-Periodic,9.995608935555651,8,0.6666666666666666,0.6705428816842274,0.6666666666666666,0.33333333333333337,0.6,0.3,0.0,0.08333333333333333,20.471836118286273,20000263
EDF-Periodic,1.689064250711068,3,0.25,0.2868973678775698,0.4166666666666667,0.75,0.6,0.3,0.0,0.08333333333333333,17.797241489608982,20000264
EDF-Periodic,11.673098647514264,9,0.75,0.7380131259857752,0.75,0.25,0.6,0.3,0.0,0.08333333333333333,19.878098291656205,20000265
EDF-Periodic,11.284511294754365,9,0.75,0.6012676963231065,0.75,0.25,0.6,0.3,0.0,0.08333333333333333,20.230701681998102,20000266
EDF-Periodic,0.4780205604760188,2,0.16666666666666666,0.19673942749255252,0.5,0.8333333333333334,0.6,0.3,0.0,0.08333333333333333,17.827164958701037,20000267
EDF-Periodic,3.9795727441796522,4,0.3333333333333333,0.3671644082876834,0.5833333333333334,0.6666666666666667,0.6,0.3,0.0,0.08333333333333333,19.12001770622482,20000268
EDF-Periodic,5.322821415228987,5,0.4166666666666667,0.38561161357116847,0.5833333333333334,0.5833333333333333,0.6,0.3,0.0,0.08333333333333333,18.351171235607968,20000269
EDF-Periodic,5.410349614877482,5,0.4166666666666667,0.4469349066451797,0.5833333333333334,0.5833333333333333,0.6,0.3,0.0,0.08333333333333333,18.840780815083917,20000270
EDF-Periodic,6.898694718630784,6,0.5,0.4897578396017575,0.5833333333333334,0.5,0.6,0.3,0.0,0.08333333333333333,19.091653350168198,20000271
EDF-Periodic,8.585746066020679,7,0.5833333333333334,0.5644283996794214,0.6666666666666666,0.41666666666666663,0.6,0.3,0.0,0.08333333333333333,19.433696539021255,20000272
EDF-Periodic,11.57445219703295,9,0.75,0.586867309155765,0.75,0.25,0.6,0.3,0.0,0.08333333333333333,19.60710008813683,20000273
EDF-Periodic,7.035189634352935,6,0.5,0.5188689853196438,0.5833333333333334,0.5,0.6,0.3,0.0,0.08333333333333333,19.265664136540877,20000274
EDF-Periodic,4.629271196099113,5,0.4166666666666667,0.3545614146763618,0.5833333333333334,0.5833333333333333,0.6,0.3,0.0,0.08333333333333333,19.302512185522485,20000275
EDF-Periodic,8.453242511495215,7,0.5833333333333334,0.5061783785090859,0.5833333333333334,0.41666666666666663,0.6,0.3,0.0,0.08333333333333333,19.6301289656015,20000276
EDF-Periodic,5.011690266992727,5,0.4166666666666667,0.35571981131138797,0.5833333333333334,0.5833333333333333,0.6,0.3,0.0,0.08333333333333333,18.781206912182377,20000277
EDF-Periodic,6.990472108905768,6,0.5,0.5261418396256279,0.5,0.5,0.6,0.3,0.0,0.08333333333333333,18.06370634375568,20000278
EDF-Periodic,6.777101297680652,6,0.5,0.46983496628204374,0.5833333333333334,0.5,0.6,0.3,0.0,0.08333333333333333,18.91621277263895,20000279
EDF-Periodic,10.211177007490303,8,0.6666666666666666,0.720301087818636,0.75,0.33333333333333337,0.6,0.3,0.0,0.08333333333333333,19.851534947166204,20000280
EDF-Periodic,5.451616002362048,5,0.4166666666666667,0.49772764794056507,0.5833333333333334,0.5833333333333333,0.6,0.3,0.0,0.08333333333333333,18.941554771188095,20000281
EDF-Periodic,7.189382889811968,6,0.5,0.4897799749786871,0.5833333333333334,0.5,0.6,0.3,0.0,0.08333333333333333,18.683052443020244,20000282
EDF-Periodic,9.46258598735703,8,0.6666666666666666,0.5699052027642557,0.6666666666666666,0.33333333333333337,0.6,0.3,0.0,0.08333333333333333,19.484335701943937,20000283
EDF-Periodic,7.39270707390242,6,0.5,0.582991262061858,0.5,0.5,0.6,0.3,0.0,0.08333333333333333,19.079417355550575,20000284
EDF-Periodic,7.3591866072080485,6,0.5,0.5563046975467346,0.5833333333333334,0.5,0.6,0.3,0.0,0.08333333333333333,19.063959180969597,20000285
EDF-Periodic,3.566784935057324,4,0.3333333333333333,0.29356501690314285,0.5,0.6666666666666667,0.6,0.3,0.0,0.08333333333333333,17.878537885902876,20000286
EDF-Periodic,8.664626863474195,7,0.5833333333333334,0.6144226906912236,0.75,0.41666666666666663,0.6,0.3,0.0,0.08333333333333333,19.939253714188407,20000287
EDF-Periodic,5.668213499437866,5,0.4166666666666667,0.5158223389929206,0.5833333333333334,0.5833333333333333,0.6,0.3,0.0,0.08333333333333333,19.426138854366826,20000288
EDF-Periodic,3.8216771744683906,4,0.3333333333333333,0.37669248863290294,0.6666666666666666,0.6666666666666667,0.6,0.3,0.0,0.08333333333333333,18.80096901158421,20000289
EDF-Periodic,3.677803705086755,4,0.3333333333333333,0.32015816649968126,0.5833333333333334,0.6666666666666667,0.6,0.3,0.0,0.08333333333333333,18.4274106725069,20000290
EDF-Periodic,8.487232546232498,7,0.5833333333333334,0.5949781807061199,0.6666666666666666,0.41666666666666663,0.6,0.3,0.0,0.08333333333333333,20.034153383768707,20000291
EDF-Periodic,7.294418240281699,6,0.5,0.5097255608706359,0.5833333333333334,0.5,0.6,0.3,0.0,0.08333333333333333,18.8089237950364,20000292
EDF-Periodic,10.12830692910123,8,0.6666666666666666,0.6023761437129049,0.6666666666666666,0.33333333333333337,0.6,0.3,0.0,0.08333333333333333,19.269010492989683,20000293
EDF-Periodic,4.227418641664257,4,0.3333333333333333,0.42264213662330885,0.5,0.6666666666666667,0.6,0.3,0.0,0.08333333333333333,18.011738738389887,20000294
EDF-Periodic,2.0422913726002014,3,0.25,0.26856577450927144,0.5833333333333334,0.75,0.6,0.3,0.0,0.08333333333333333,18.573104661067624,20000295
EDF-Periodic,5.793092360185989,5,0.4166666666666667,0.4394324255137766,0.5833333333333334,0.5833333333333333,0.6,0.3,0.0,0.08333333333333333,18.732836355187352,20000296
EDF-Periodic,9.773377862645315,8,0.6666666666666666,0.5830695078846128,0.6666666666666666,0.33333333333333337,0.6,0.3,0.0,0.08333333333333333,19.871245670461608,20000297
EDF-Periodic,5.596083919743018,5,0.4166666666666667,0.4170264650514883,0.6666666666666666,0.5833333333333333,0.6,0.3,0.0,0.08333333333333333,19.282595917770067,20000298
EDF-Periodic,8.21477802155491,7,0.5833333333333334,0.5644161398765001,0.6666666666666666,0.41666666666666663,0.6,0.3,0.0,0.08333333333333333,19.49462442588928,20000299
EDF-Periodic,5.535850910007255,5,0.4166666666666667,0.48498237587503823,0.4166666666666667,0.5833333333333333,0.6,0.3,0.0,0.08333333333333333,17.936314005777273,20000300
EDF-Periodic,8.550737131209369,7,0.5833333333333334,0.5971274691305348,0.6666666666666666,0.41666666666666663,0.6,0.3,0.0,0.08333333333333333,19.372462156663726,20000301
EDF-Periodic,3.5078169672834028,4,0.3333333333333333,0.31587551592574287,0.5,0.6666666666666667,0.6,0.3,0.0,0.08333333333333333,18.692043294807686,20000302
EDF-Periodic,7.038759014538668,6,0.5,0.5336822293650523,0.5833333333333334,0.5,0.6,0.3,0.0,0.08333333333333333,19.890938895745762,20000303
EDF-Periodic,11.86907813589052,9,0.75,0.7633879476647315,0.75,0.25,0.6,0.3,0.0,0.08333333333333333,20.961972407152956,20000304
EDF-Periodic,11.506503335049805,9,0.75,0.749005610729453,0.75,0.25,0.6,0.3,0.0,0.08333333333333333,20.595220703543955,20000305
EDF-Periodic,6.383351033505781,6,0.5,0.39760217026359496,0.6666666666666666,0.5,0.6,0.3,0.0,0.08333333333333333,18.662275905201682,20000306
EDF-Periodic,3.959783499712965,4,0.3333333333333333,0.4402428101121548,0.5,0.6666666666666667,0.6,0.3,0.0,0.08333333333333333,18.331437957397107,20000307
EDF-Periodic,3.38319968465008,4,0.3333333333333333,0.26228623879583324,0.5833333333333334,0.6666666666666667,0.6,0.3,0.0,0.08333333333333333,18.829264993007527,20000308
EDF-Periodic,5.512402157630968,5,0.4166666666666667,0.4307633512867215,0.5,0.5833333333333333,0.6,0.3,0.0,0.08333333333333333,18.22659676018743,20000309
EDF-Periodic,6.880118220102413,6,0.5,0.5002038732155702,0.75,0.5,0.6,0.3,0.0,0.08333333333333333,19.804660183422794,20000310
EDF-Periodic,5.492217470760053,5,0.4166666666666667,0.4610468715026317,0.5833333333333334,0.5833333333333333,0.6,0.3,0.0,0.08333333333333333,18.507796009751054,20000311
EDF-Periodic,3.93697356051612,4,0.3333333333333333,0.4462592091737705,0.5,0.6666666666666667,0.6,0.3,0.0,0.08333333333333333,18.099922763384722,20000312
EDF-Periodic,2.162953716402118,3,0.25,0.2636731384004103,0.5833333333333334,0.75,0.6,0.3,0.0,0.08333333333333333,18.572437240893034,20000313
EDF-Periodic,5.654870526004854,5,0.4166666666666667,0.49927670372034255,0.5833333333333334,0.5833333333333333,0.6,0.3,0.0,0.08333333333333333,18.677322879550626,20000314
EDF-Periodic,0.8100269744903192,2,0.16666666666666666,0.25973852583220114,0.5833333333333334,0.8333333333333334,0.6,0.3,0.0,0.08333333333333333,18.87160284531655,20000315
EDF-Periodic,5.262343543020439,5,0.4166666666666667,0.334115746763933,0.5833333333333334,0.5833333333333333,0.6,0.3,0.0,0.08333333333333333,19.01923717796255,20000316
EDF-Periodic,5.211373364571857,5,0.4166666666666667,0.43406055106961633,0.5833333333333334,0.5833333333333333,0.6,0.3,0.0,0.08333333333333333,18.8124217653778,20000317
EDF-Periodic,2.1971776815178194,3,0.25,0.3058267336115189,0.5,0.75,0.6,0.3,0.0,0.08333333333333333,17.99004449530977,20000318
EDF-Periodic,1.9809420523384387,3,0.25,0.25541203382218736,0.5,0.75,0.6,0.3,0.0,0.08333333333333333,18.15788244740462,20000319
EDF-Periodic,3.459390727634119,4,0.3333333333333333,0.26671751780461217,0.5833333333333334,0.6666666666666667,0.6,0.3,0.0,0.08333333333333333,18.59128972048187,20000320
EDF-Periodic,11.593773537453057,9,0.75,0.6669768879543069,0.75,0.25,0.6,0.3,0.0,0.08333333333333333,19.725765951370395,20000321
EDF-Periodic,5.374766371623293,5,0.4166666666666667,0.43043688588622303,0.5,0.5833333333333333,0.6,0.3,0.0,0.08333333333333333,18.17063111008455,20000322
EDF-Periodic,2.197404245225206,3,0.25,0.28705910066424745,0.5833333333333334,0.75,0.6,0.3,0.0,0.08333333333333333,19.194168929492484,20000323
EDF-Periodic,3.6286203318065633,4,0.3333333333333333,0.32774370138200426,0.5833333333333334,0.6666666666666667,0.6,0.3,0.0,0.08333333333333333,19.476830025759046,20000324
EDF-Periodic,6.763179527377852,6,0.5,0.46869448480144627,0.6666666666666666,0.5,0.6,0.3,0.0,0.08333333333333333,19.58640209473668,20000325
EDF-Periodic,4.1796544719760504,4,0.3333333333333333,0.33437304174892335,0.5833333333333334,0.6666666666666667,0.6,0.3,0.0,0.08333333333333333,18.792152888739285,20000326
EDF-Periodic,10.396407020918222,8,0.6666666666666666,0.6494316470585567,0.6666666666666666,0.33333333333333337,0.6,0.3,0.0,0.08333333333333333,19.388684956590005,20000327
EDF-Periodic,5.285504509174633,5,0.4166666666666667,0.3426114158342514,0.6666666666666666,0.5833333333333333,0.6,0.3,0.0,0.08333333333333333,19.32349574091364,20000328
EDF-Periodic,3.601170075364199,4,0.3333333333333333,0.33738401727934275,0.5,0.6666666666666667,0.6,0.3,0.0,0.08333333333333333,18.39242037544619,20000329
EDF-Periodic,4.247855132903879,4,0.3333333333333333,0.46469401408843186,0.5833333333333334,0.6666666666666667,0.6,0.3,0.0,0.08333333333333333,18.577191921124996,20000330
EDF-Periodic,6.864838295563491,6,0.5,0.5250993380932641,0.6666666666666666,0.5,0.6,0.3,0.0,0.08333333333333333,19.930722293247708,20000331
EDF-Periodic,0.6933740710273653,2,0.16666666666666666,0.27633165578467256,0.5833333333333334,0.8333333333333334,0.6,0.3,0.0,0.08333333333333333,19.139940131533336,20000332
EDF-Periodic,3.6791537008339024,4,0.3333333333333333,0.3193158462658975,0.6666666666666666,0.6666666666666667,0.6,0.3,0.0,0.08333333333333333,19.022996405179143,20000333
EDF-Periodic,6.750222181356996,6,0.5,0.4159662523264177,0.5833333333333334,0.5,0.6,0.3,0.0,0.08333333333333333,19.411468276471663,20000334
EDF-Periodic,4.049907647424115,4,0.3333333333333333,0.39678357620527155,0.5833333333333334,0.6666666666666667,0.6,0.3,0.0,0.08333333333333333,18.556093049951723,20000335
EDF-Periodic,2.026487566810359,3,0.25,0.27501434195167046,0.5,0.75,0.6,0.3,0.0,0.08333333333333333,18.51769949862608,20000336
EDF-Periodic,6.411798216987213,6,0.5,0.3939973194913145,0.5833333333333334,0.5,0.6,0.3,0.0,0.08333333333333333,19.544487138803568,20000337
EDF-Periodic,10.324716808536133,8,0.6666666666666666,0.6541239757689091,0.6666666666666666,0.33333333333333337,0.6,0.3,0.0,0.08333333333333333,19.255365511464444,20000338
EDF-Periodic,8.628643212617284,7,0.5833333333333334,0.5435586073687146,0.6666666666666666,0.41666666666666663,0.6,0.3,0.0,0.08333333333333333,18.924297521878422,20000339
EDF-Periodic,5.467822098997071,5,0.4166666666666667,0.4058030443550573,0.5833333333333334,0.5833333333333333,0.6,0.3,0.0,0.08333333333333333,18.2015100960527,20000340
EDF-Periodic,8.458536348593931,7,0.5833333333333334,0.5711091761525391,0.5833333333333334,0.41666666666666663,0.6,0.3,0.0,0.08333333333333333,19.58214077963748,20000341
EDF-Periodic,9.632820461376893,8,0.6666666666666666,0.5848967372074355,0.6666666666666666,0.33333333333333337,0.6,0.3,0.0,0.08333333333333333,20.079999143046447,20000342
EDF-Periodic,8.449829366621712,7,0.5833333333333334,0.45303009274182704,0.6666666666666666,0.41666666666666663,0.6,0.3,0.0,0.08333333333333333,19.15358956498288,20000343
EDF-Periodic,7.262429035961674,6,0.5,0.5245032133171779,0.5833333333333334,0.5,0.6,0.3,0.0,0.08333333333333333,18.693608379837467,20000344
EDF-Periodic,3.815419832277703,4,0.3333333333333333,0.34571616812733913,0.5,0.6666666666666667,0.6,0.3,0.0,0.08333333333333333,18.156213088990484,20000345
EDF-Periodic,6.91114389706674,6,0.5,0.4588817791145447,0.5833333333333334,0.5,0.6,0.3,0.0,0.08333333333333333,18.84707918405274,20000346
EDF-Periodic,1.9673451242670406,3,0.25,0.2643270803701526,0.5833333333333334,0.75,0.6,0.3,0.0,0.08333333333333333,19.238200264038465,20000347
EDF-Periodic,6.852121357785784,6,0.5,0.4212245382526094,0.5833333333333334,0.5,0.6,0.3,0.0,0.08333333333333333,18.671182414252723,20000348
EDF-Periodic,10.166091252332844,8,0.6666666666666666,0.6941562576930053,0.75,0.33333333333333337,0.6,0.3,0.0,0.08333333333333333,20.191750543226412,20000349
EDF-Periodic,5.330163654539673,5,0.4166666666666667,0.41972083632849083,0.5,0.5833333333333333,0.6,0.3,0.0,0.08333333333333333,18.651875546967997,20000350
EDF-Periodic,3.759579236604325,4,0.3333333333333333,0.3339139727195865,0.5833333333333334,0.6666666666666667,0.6,0.3,0.0,0.08333333333333333,18.924560493502256,20000351
EDF-Periodic,4.08684242403912,4,0.3333333333333333,0.39496244237313954,0.6666666666666666,0.6666666666666667,0.6,0.3,0.0,0.08333333333333333,19.197874998642835,20000352
EDF-Periodic,0.04850776566402537,2,0.16666666666666666,0.1838324881265633,0.5,0.8333333333333334,0.6,0.3,0.0,0.08333333333333333,18.386271326428705,20000353
EDF-Periodic,7.341362312473777,6,0.5,0.5302039662074922,0.6666666666666666,0.5,0.6,0.3,0.0,0.08333333333333333,19.352011145021542,20000354
EDF-Periodic,8.798230184306345,7,0.5833333333333334,0.6450250483119075,0.6666666666666666,0.41666666666666663,0.6,0.3,0.0,0.08333333333333333,19.51936661863993,20000355
EDF-Periodic,6.5799671028692615,6,0.5,0.4507584953219004,0.5833333333333334,0.5,0.6,0.3,0.0,0.08333333333333333,19.579518677739888,20000356
EDF-Periodic,5.4188818304682655,5,0.4166666666666667,0.4441619789047503,0.5833333333333334,0.5833333333333333,0.6,0.3,0.0,0.08333333333333333,18.87750689774103,20000357
EDF-Periodic,11.449956402706743,9,0.75,0.7604893136164113,0.75,0.25,0.6,0.3,0.0,0.08333333333333333,20.47846992644091,20000358
EDF-Periodic,9.822299258833906,8,0.6666666666666666,0.550674688481014,0.75,0.33333333333333337,0.6,0.3,0.0,0.08333333333333333,19.76538683861842,20000359
EDF-Periodic,6.967344266061678,6,0.5,0.5422984988632276,0.5833333333333334,0.5,0.6,0.3,0.0,0.08333333333333333,19.114383814260595,20000360
EDF-Periodic,2.0818834822847934,3,0.25,0.2490536607464919,0.5833333333333334,0.75,0.6,0.3,0.0,0.08333333333333333,18.73066203771196,20000361
EDF-Periodic,4.947677321488878,5,0.4166666666666667,0.40111118993382505,0.5,0.5833333333333333,0.6,0.3,0.0,0.08333333333333333,17.935215995463054,20000362
EDF-Periodic,0.35175625087669316,2,0.16666666666666666,0.20576987888169748,0.5,0.8333333333333334,0.6,0.3,0.0,0.08333333333333333,18.32581087245364,20000363
EDF-Periodic,8.704009383050582,7,0.5833333333333334,0.5294187879664941,0.5833333333333334,0.41666666666666663,0.6,0.3,0.0,0.08333333333333333,19.564960446618667,20000364
EDF-Periodic,4.106318977475541,4,0.3333333333333333,0.4007639993714363,0.5,0.6666666666666667,0.6,0.3,0.0,0.08333333333333333,17.98893028757047,20000365
EDF-Periodic,5.532995571574521,5,0.4166666666666667,0.3958792849021715,0.5,0.5833333333333333,0.6,0.3,0.0,0.08333333333333333,18.454250971384038,20000366
EDF-Periodic,5.259183434137113,5,0.4166666666666667,0.42055056771840077,0.5833333333333334,0.5833333333333333,0.6,0.3,0.0,0.08333333333333333,18.615861807771566,20000367
EDF-Periodic,8.599406821717533,7,0.5833333333333334,0.5730753545240306,0.6666666666666666,0.41666666666666663,0.6,0.3,0.0,0.08333333333333333,18.970725977538944,20000368
EDF-Periodic,5.145446166650983,5,0.4166666666666667,0.38173893828329003,0.5,0.5833333333333333,0.6,0.3,0.0,0.08333333333333333,18.650330460018044,20000369
EDF-Periodic,8.443918756508129,7,0.5833333333333334,0.516265669288423,0.6666666666666666,0.41666666666666663,0.6,0.3,0.0,0.08333333333333333,19.295573708402678,20000370
EDF-Periodic,7.134849253112071,6,0.5,0.4874907128699854,0.5833333333333334,0.5,0.6,0.3,0.0,0.08333333333333333,19.33027032011843,20000371
EDF-Periodic,0.3610075442626399,2,0.16666666666666666,0.1986589056945911,0.5,0.8333333333333334,0.6,0.3,0.0,0.08333333333333333,17.639602530317706,20000372
EDF-Periodic,9.939726555121224,8,0.6666666666666666,0.6131220484405392,0.75,0.33333333333333337,0.6,0.3,0.0,0.08333333333333333,20.913618672711358,20000373
EDF-Periodic,4.8964367007647045,5,0.4166666666666667,0.35579524695400633,0.5833333333333334,0.5833333333333333,0.6,0.3,0.0,0.08333333333333333,19.042371832934396,20000374
EDF-Periodic,3.6642250475015326,4,0.3333333333333333,0.33409772497608836,0.5833333333333334,0.6666666666666667,0.6,0.3,0.0,0.08333333333333333,19.24723787769446,20000375
EDF-Periodic,3.4657445396443185,4,0.3333333333333333,0.2824816056649539,0.6666666666666666,0.6666666666666667,0.6,0.3,0.0,0.08333333333333333,18.965571657129615,20000376
EDF-Periodic,10.392186093284439,8,0.6666666666666666,0.572957204434074,0.75,0.33333333333333337,0.6,0.3,0.0,0.08333333333333333,20.082196799294653,20000377
EDF-Periodic,7.0720884762439695,6,0.5,0.4789184639383491,0.5833333333333334,0.5,0.6,0.3,0.0,0.08333333333333333,19.256134161501343,20000378
EDF-Periodic,3.5507630211684065,4,0.3333333333333333,0.31658959534949765,0.6666666666666666,0.6666666666666667,0.6,0.3,0.0,0.08333333333333333,19.779279658476444,20000379
EDF-Periodic,8.043018870206277,7,0.5833333333333334,0.5389119683688057,0.5833333333333334,0.41666666666666663,0.6,0.3,0.0,0.08333333333333333,19.08565988060349,20000380
EDF-Periodic,-1.3366426945199366,1,0.08333333333333333,0.11564807126909755,0.5,0.9166666666666666,0.6,0.3,0.0,0.08333333333333333,17.70732298440431,20000381
EDF-Periodic,10.162603473518487,8,0.6666666666666666,0.6664204160574471,0.75,0.33333333333333337,0.6,0.3,0.0,0.08333333333333333,19.612562174664184,20000382
EDF-Periodic,6.71003497216763,6,0.5,0.48278374675851365,0.5833333333333334,0.5,0.6,0.3,0.0,0.08333333333333333,18.640203527177075,20000383
EDF-Periodic,7.283901334676736,6,0.5,0.5228455425134448,0.5833333333333334,0.5,0.6,0.3,0.0,0.08333333333333333,18.713396642821696,20000384
EDF-Periodic,6.33085817043578,6,0.5,0.4339910568681387,0.5833333333333334,0.5,0.6,0.3,0.0,0.08333333333333333,18.844510453216635,20000385
EDF-Periodic,-0.03192663662841655,2,0.16666666666666666,0.15671562577702056,0.5,0.8333333333333334,0.6,0.3,0.0,0.08333333333333333,17.99138266548209,20000386
EDF-Periodic,10.264329506772416,8,0.6666666666666666,0.6434889711436459,0.6666666666666666,0.33333333333333337,0.6,0.3,0.0,0.08333333333333333,18.660823766931035,20000387
EDF-Periodic,11.372304526842987,9,0.75,0.6794434575609803,0.75,0.25,0.6,0.3,0.0,0.08333333333333333,20.251820856455023,20000388
EDF-Periodic,5.4648227040430895,5,0.4166666666666667,0.4583808235134604,0.5833333333333334,0.5833333333333333,0.6,0.3,0.0,0.08333333333333333,18.90761142019651,20000389
EDF-Periodic,6.637642280672335,6,0.5,0.4574534867496742,0.5833333333333334,0.5,0.6,0.3,0.0,0.08333333333333333,19.115366386951937,20000390
EDF-Periodic,4.1082787594913075,4,0.3333333333333333,0.4608824605558886,0.5833333333333334,0.6666666666666667,0.6,0.3,0.0,0.08333333333333333,19.45761636894471,20000391
EDF-Periodic,8.687434615034533,7,0.5833333333333334,0.5674950439973327,0.6666666666666666,0.41666666666666663,0.6,0.3,0.0,0.08333333333333333,20.396238126564853,20000392
EDF-Periodic,3.930210618581592,4,0.3333333333333333,0.38245303337004294,0.5,0.6666666666666667,0.6,0.3,0.0,0.08333333333333333,17.849342984604835,20000393
EDF-Periodic,1.951624727396724,3,0.25,0.2619560199190148,0.5,0.75,0.6,0.3,0.0,0.08333333333333333,18.603810603447332,20000394
EDF-Periodic,9.675423595550535,8,0.6666666666666666,0.5279605577252484,0.6666666666666666,0.33333333333333337,0.6,0.3,0.0,0.08333333333333333,19.965097011152366,20000395
EDF-Periodic,5.601486079241273,5,0.4166666666666667,0.4994552735800681,0.5833333333333334,0.5833333333333333,0.6,0.3,0.0,0.08333333333333333,18.89016066374332,20000396
EDF-Periodic,13.292158423393772,10,0.8333333333333334,0.7319835010529416,0.8333333333333334,0.16666666666666663,0.6,0.3,0.0,0.08333333333333333,20.730396058484416,20000397
EDF-Periodic,13.133780722596073,10,0.8333333333333334,0.7527770930585973,0.8333333333333334,0.16666666666666663,0.6,0.3,0.0,0.08333333333333333,20.334451806490186,20000398
EDF-Periodic,8.494072825874666,7,0.5833333333333334,0.5982468889878882,0.5833333333333334,0.41666666666666663,0.6,0.3,0.0,0.08333333333333333,18.961581362615128,20000399
EDF-Periodic,6.952576747327901,6,0.5,0.5075929040475923,0.6666666666666666,0.5,0.6,0.3,0.0,0.08333333333333333,19.67620974318157,20000400
EDF-Periodic,2.1715689503087994,3,0.25,0.27736248035147687,0.5,0.75,0.6,0.3,0.0,0.08333333333333333,18.249647500782444,20000401
EDF-Periodic,0.36189922848664713,2,0.16666666666666666,0.17514998591165754,0.5,0.8333333333333334,0.6,0.3,0.0,0.08333333333333333,17.70432527312501,20000402
EDF-Periodic,7.022319155164258,6,0.5,0.4236733725202319,0.5833333333333334,0.5,0.6,0.3,0.0,0.08333333333333333,18.887992083720658,20000403
EDF-Periodic,2.1599115286583794,3,0.25,0.2760461970774293,0.5833333333333334,0.75,0.6,0.3,0.0,0.08333333333333333,18.56976546145842,20000404
EDF-Periodic,3.854992719857714,4,0.3333333333333333,0.33275719576103724,0.5,0.6666666666666667,0.6,0.3,0.0,0.08333333333333333,17.81323964644097,20000405
EDF-Periodic,6.62686543484331,6,0.5,0.42914681473551586,0.5833333333333334,0.5,0.6,0.3,0.0,0.08333333333333333,18.775999049815578,20000406
EDF-Periodic,6.986688502573173,6,0.5,0.49425897948652703,0.5833333333333334,0.5,0.6,0.3,0.0,0.08333333333333333,19.82076470816525,20000407
EDF-Periodic,2.1484918148932968,3,0.25,0.2815662288506063,0.6666666666666666,0.75,0.6,0.3,0.0,0.08333333333333333,18.952470657631974,20000408
EDF-Periodic,1.4359815806026575,3,0.25,0.21408797932229667,0.5,0.75,0.6,0.3,0.0,0.08333333333333333,18.17186946520021,20000409
EDF-Periodic,8.604819058966346,7,0.5833333333333334,0.599993341355133,0.6666666666666666,0.41666666666666663,0.6,0.3,0.0,0.08333333333333333,19.46034904253724,20000410
EDF-Periodic,3.9618780854936633,4,0.3333333333333333,0.3840954151591872,0.5833333333333334,0.6666666666666667,0.6,0.3,0.0,0.08333333333333333,18.960662420352637,20000411
EDF-Periodic,5.490018849978487,5,0.4166666666666667,0.45838069057598696,0.5,0.5833333333333333,0.6,0.3,0.0,0.08333333333333333,18.78762107656365,20000412
EDF-Periodic,5.513091429104281,5,0.4166666666666667,0.4529337627584323,0.6666666666666666,0.5833333333333333,0.6,0.3,0.0,0.08333333333333333,19.51414463179526,20000413
EDF-Periodic,4.983593485196034,5,0.4166666666666667,0.35937271763041706,0.5833333333333334,0.5833333333333333,0.6,0.3,0.0,0.08333333333333333,18.934216090392898,20000414
EDF-Periodic,7.218117486599585,6,0.5,0.5486624156926804,0.5833333333333334,0.5,0.6,0.3,0.0,0.08333333333333333,18.53603820702956,20000415
EDF-Periodic,6.621035569675499,6,0.5,0.45566726543776787,0.5833333333333334,0.5,0.6,0.3,0.0,0.08333333333333333,19.56013460331019,20000416
EDF-Periodic,6.960976937662794,6,0.5,0.5012181624390462,0.5833333333333334,0.5,0.6,0.3,0.0,0.08333333333333333,19.026819940649023,20000417
EDF-Periodic,11.990328701669274,9,0.75,0.7891665578670375,0.75,0.25,0.6,0.3,0.0,0.08333333333333333,20.225821754173182,20000418
EDF-Periodic,6.741918649448014,6,0.5,0.4759818447149486,0.5,0.5,0.6,0.3,0.0,0.08333333333333333,18.560325476476972,20000419
EDF-Periodic,11.353161508667068,9,0.75,0.6463560851814316,0.75,0.25,0.6,0.3,0.0,0.08333333333333333,20.22869978294495,20000420
EDF-Periodic,5.454722754665075,5,0.4166666666666667,0.41163586810283015,0.5,0.5833333333333333,0.6,0.3,0.0,0.08333333333333333,18.545909121894525,20000421
EDF-Periodic,9.628933541445578,8,0.6666666666666666,0.5354674424801596,0.6666666666666666,0.33333333333333337,0.6,0.3,0.0,0.08333333333333333,20.061313781181525,20000422
EDF-Periodic,11.200681096845639,9,0.75,0.6360579832199457,0.75,0.25,0.6,0.3,0.0,0.08333333333333333,20.247840003758743,20000423
EDF-Periodic,2.1666771241158513,3,0.25,0.28222510949489366,0.5833333333333334,0.75,0.6,0.3,0.0,0.08333333333333333,19.072347587575326,20000424
EDF-Periodic,4.083794810708629,4,0.3333333333333333,0.36697738649222555,0.5833333333333334,0.6666666666666667,0.6,0.3,0.0,0.08333333333333333,18.903672416455876,20000425
EDF-Periodic,10.026952098625971,8,0.6666666666666666,0.5824154080951918,0.6666666666666666,0.33333333333333337,0.6,0.3,0.0,0.08333333333333333,19.34881259407433,20000426
EDF-Periodic,9.709095994437824,8,0.6666666666666666,0.5445639415018639,0.6666666666666666,0.33333333333333337,0.6,0.3,0.0,0.08333333333333333,19.851360429000678,20000427
EDF-Periodic,5.043765731042773,5,0.4166666666666667,0.38454697073351607,0.5833333333333334,0.5833333333333333,0.6,0.3,0.0,0.08333333333333333,18.910917119374773,20000428
EDF-Periodic,8.771891987697675,7,0.5833333333333334,0.6993798985467511,0.6666666666666666,0.41666666666666663,0.6,0.3,0.0,0.08333333333333333,18.4680828563415,20000429
EDF-Periodic,10.168314169632234,8,0.6666666666666666,0.7268812205454165,0.6666666666666666,0.33333333333333337,0.6,0.3,0.0,0.08333333333333333,18.972570048194598,20000430
EDF-Periodic,5.276095739060416,5,0.4166666666666667,0.39231378912873716,0.5833333333333334,0.5833333333333333,0.6,0.3,0.0,0.08333333333333333,18.342057850580844,20000431
EDF-Periodic,6.983832041292414,6,0.5,0.4984991529025371,0.6666666666666666,0.5,0.6,0.3,0.0,0.08333333333333333,20.394554317441973,20000432
EDF-Periodic,3.6054269806722115,4,0.3333333333333333,0.297774458441008,0.5833333333333334,0.6666666666666667,0.6,0.3,0.0,0.08333333333333333,19.175532667327737,20000433
EDF-Periodic,7.037626183984312,6,0.5,0.5092632555119149,0.5833333333333334,0.5,0.6,0.3,0.0,0.08333333333333333,18.713208981459392,20000434
EDF-Periodic,6.812587962448466,6,0.5,0.5007771697093197,0.5833333333333334,0.5,0.6,0.3,0.0,0.08333333333333333,19.181068198748598,20000435
EDF-Periodic,10.187764015729371,8,0.6666666666666666,0.6778697248447664,0.6666666666666666,0.33333333333333337,0.6,0.3,0.0,0.08333333333333333,20.12160827985253,20000436
EDF-Periodic,3.4750418283422553,4,0.3333333333333333,0.3313117418746197,0.5833333333333334,0.6666666666666667,0.6,0.3,0.0,0.08333333333333333,19.164947231554248,20000437
EDF-Periodic,8.201148135904461,7,0.5833333333333334,0.4937738227896144,0.5833333333333334,0.41666666666666663,0.6,0.3,0.0,0.08333333333333333,18.677643175352973,20000438
EDF-Periodic,3.6751504807282576,4,0.3333333333333333,0.30104522301867503,0.5,0.6666666666666667,0.6,0.3,0.0,0.08333333333333333,17.850273081877006,20000439
EDF-Periodic,11.188382389388405,9,0.75,0.6051829383398557,0.8333333333333334,0.25,0.6,0.3,0.0,0.08333333333333333,20.547557274697905,20000440
EDF-Periodic,5.238988471989406,5,0.4166666666666667,0.3910807662322822,0.5,0.5833333333333333,0.6,0.3,0.0,0.08333333333333333,18.164583118043666,20000441
EDF-Periodic,11.373180364880596,9,0.75,0.6444862976626972,0.75,0.25,0.6,0.3,0.0,0.08333333333333333,20.18486939964132,20000442
EDF-Periodic,3.440231776682112,4,0.3333333333333333,0.276149616864369,0.5833333333333334,0.6666666666666667,0.6,0.3,0.0,0.08333333333333333,18.781542557564755,20000443
EDF-Periodic,3.8300728248945717,4,0.3333333333333333,0.34897103135020824,0.5833333333333334,0.6666666666666667,0.6,0.3,0.0,0.08333333333333333,18.684447727592595,20000444
EDF-Periodic,3.7020810527745875,4,0.3333333333333333,0.3153313136169823,0.5833333333333334,0.6666666666666667,0.6,0.3,0.0,0.08333333333333333,18.1565562869872,20000445
EDF-Periodic,3.6136781124555153,4,0.3333333333333333,0.3246697539350538,0.5833333333333334,0.6666666666666667,0.6,0.3,0.0,0.08333333333333333,18.72525849629478,20000446
EDF-Periodic,2.0563513892926735,3,0.25,0.2499397945866343,0.5,0.75,0.6,0.3,0.0,0.08333333333333333,18.215616664275082,20000447
EDF-Periodic,5.515133326079507,5,0.4166666666666667,0.45614185359782067,0.5833333333333334,0.5833333333333333,0.6,0.3,0.0,0.08333333333333333,19.206827122565574,20000448
EDF-Periodic,8.393212633029982,7,0.5833333333333334,0.5139305990430153,0.6666666666666666,0.41666666666666663,0.6,0.3,0.0,0.08333333333333333,19.09119330663127,20000449
EDF-Periodic,5.350298664200864,5,0.4166666666666667,0.37441732128303035,0.5833333333333334,0.5833333333333333,0.6,0.3,0.0,0.08333333333333333,18.92063373823425,20000450
EDF-Periodic,6.385491723057626,6,0.5,0.42331201303202726,0.5833333333333334,0.5,0.6,0.3,0.0,0.08333333333333333,19.001767336125607,20000451
EDF-Periodic,5.700907385386671,5,0.4166666666666667,0.3924045235643647,0.5833333333333334,0.5833333333333333,0.6,0.3,0.0,0.08333333333333333,18.965653314980457,20000452
EDF-Periodic,2.303628761890981,3,0.25,0.31622098921868697,0.4166666666666667,0.75,0.6,0.3,0.0,0.08333333333333333,16.97382952509638,20000453
EDF-Periodic,1.8553601430475064,3,0.25,0.3304775017688371,0.4166666666666667,0.75,0.6,0.3,0.0,0.08333333333333333,17.297534189865917,20000454
EDF-Periodic,6.991405991099262,6,0.5,0.5100856223137241,0.5833333333333334,0.5,0.6,0.3,0.0,0.08333333333333333,19.51463728695735,20000455
EDF-Periodic,8.515428720709895,7,0.5833333333333334,0.5343558880817414,0.6666666666666666,0.41666666666666663,0.6,0.3,0.0,0.08333333333333333,19.175898818615742,20000456
EDF-Periodic,3.453331312707462,4,0.3333333333333333,0.29220328834618275,0.5,0.6666666666666667,0.6,0.3,0.0,0.08333333333333333,18.52373808903938,20000457
EDF-Periodic,0.19049142771730176,2,0.16666666666666666,0.20639932808269387,0.4166666666666667,0.8333333333333334,0.6,0.3,0.0,0.08333333333333333,17.5156152865114,20000458
EDF-Periodic,7.135847864978505,6,0.5,0.49455629747321933,0.6666666666666666,0.5,0.6,0.3,0.0,0.08333333333333333,20.077519830676845,20000459
EDF-Periodic,9.822653213747964,8,0.6666666666666666,0.602955210203355,0.6666666666666666,0.33333333333333337,0.6,0.3,0.0,0.08333333333333333,19.70774828036054,20000460
EDF-Periodic,1.6181860879151122,3,0.25,0.21895227645194615,0.5,0.75,0.6,0.3,0.0,0.08333333333333333,18.16068137952111,20000461
EDF-Periodic,7.293702035578921,6,0.5,0.5498952101681672,0.6666666666666666,0.5,0.6,0.3,0.0,0.08333333333333333,19.08239592054369,20000462
EDF-Periodic,6.645257518918262,6,0.5,0.41257669766870997,0.5833333333333334,0.5,0.6,0.3,0.0,0.08333333333333333,18.59313453357326,20000463
EDF-Periodic,7.407646166449403,6,0.5,0.5713081808313695,0.5833333333333334,0.5,0.6,0.3,0.0,0.08333333333333333,19.788278144441215,20000464
EDF-Periodic,5.053923572934085,5,0.4166666666666667,0.41421969653577284,0.5833333333333334,0.5833333333333333,0.6,0.3,0.0,0.08333333333333333,18.747056728070355,20000465
EDF-Periodic,1.8372179017046513,3,0.25,0.26095197394259356,0.5,0.75,0.6,0.3,0.0,0.08333333333333333,18.850386636065988,20000466
EDF-Periodic,5.219479826100363,5,0.4166666666666667,0.36822054624680944,0.75,0.5833333333333333,0.6,0.3,0.0,0.08333333333333333,19.988754250229576,20000467
EDF-Periodic,5.358914608730203,5,0.4166666666666667,0.4458050451462474,0.6666666666666666,0.5833333333333333,0.6,0.3,0.0,0.08333333333333333,20.01159811125371,20000468
EDF-Periodic,6.777288006896072,6,0.5,0.46986411362061264,0.5833333333333334,0.5,0.6,0.3,0.0,0.08333333333333333,19.460487288665245,20000469
EDF-Periodic,10.365941596257272,8,0.6666666666666666,0.7136905207534445,0.75,0.33333333333333337,0.6,0.3,0.0,0.08333333333333333,20.107537301923145,20000470
EDF-Periodic,8.880562856494805,7,0.5833333333333334,0.6151485043940995,0.5833333333333334,0.41666666666666663,0.6,0.3,0.0,0.08333333333333333,19.634845248653356,20000471
EDF-Periodic,6.8121690054699755,6,0.5,0.44902833144736554,0.5833333333333334,0.5,0.6,0.3,0.0,0.08333333333333333,19.289305400968093,20000472
EDF-Periodic,8.1682659538731,7,0.5833333333333334,0.5167605777622514,0.6666666666666666,0.41666666666666663,0.6,0.3,0.0,0.08333333333333333,19.406619126752382,20000473
EDF-Periodic,5.424066656631032,5,0.4166666666666667,0.41839135257032745,0.5833333333333334,0.5833333333333333,0.6,0.3,0.0,0.08333333333333333,18.950034264437672,20000474
EDF-Periodic,3.529319186169162,4,0.3333333333333333,0.29777440570025204,0.5833333333333334,0.6666666666666667,0.6,0.3,0.0,0.08333333333333333,18.331127298425617,20000475
EDF-Periodic,5.335046611955896,5,0.4166666666666667,0.42690234429042573,0.6666666666666666,0.5833333333333333,0.6,0.3,0.0,0.08333333333333333,19.251603004061714,20000476
EDF-Periodic,6.933809413168042,6,0.5,0.5319376691178609,0.5,0.5,0.6,0.3,0.0,0.08333333333333333,18.358132838060957,20000477
EDF-Periodic,5.413772277402286,5,0.4166666666666667,0.44530972524646695,0.5,0.5833333333333333,0.6,0.3,0.0,0.08333333333333333,18.635813001651286,20000478
EDF-Periodic,5.311001859680312,5,0.4166666666666667,0.38011260492182,0.5833333333333334,0.5833333333333333,0.6,0.3,0.0,0.08333333333333333,18.77781405492552,20000479
EDF-Periodic,10.326957462180212,8,0.6666666666666666,0.5390922519191726,0.6666666666666666,0.33333333333333337,0.6,0.3,0.0,0.08333333333333333,18.81739365545053,20000480
EDF-Periodic,6.82215113835001,6,0.5,0.504426575859549,0.6666666666666666,0.5,0.6,0.3,0.0,0.08333333333333333,19.967999739750116,20000481
EDF-Periodic,2.142172527614251,3,0.25,0.280511507256998,0.5,0.75,0.6,0.3,0.0,0.08333333333333333,17.83144365914015,20000482
EDF-Periodic,8.61965086116424,7,0.5833333333333334,0.5248794486502647,0.75,0.41666666666666663,0.6,0.3,0.0,0.08333333333333333,19.98743132953725,20000483
EDF-Periodic,3.7039225920647905,4,0.3333333333333333,0.35900590065177923,0.5,0.6666666666666667,0.6,0.3,0.0,0.08333333333333333,18.38635851484029,20000484
EDF-Periodic,8.505624683650051,7,0.5833333333333334,0.4805971177310147,0.6666666666666666,0.41666666666666663,0.6,0.3,0.0,0.08333333333333333,19.32522101174162,20000485
EDF-Periodic,8.83461937503826,7,0.5833333333333334,0.5647398882670553,0.6666666666666666,0.41666666666666663,0.6,0.3,0.0,0.08333333333333333,19.27869198831148,20000486
EDF-Periodic,5.262353868376746,5,0.4166666666666667,0.38724984351124137,0.5833333333333334,0.5833333333333333,0.6,0.3,0.0,0.08333333333333333,18.759197177090524,20000487
EDF-Periodic,1.8910585041881385,3,0.25,0.22361869922440003,0.5833333333333334,0.75,0.6,0.3,0.0,0.08333333333333333,18.636910590659557,20000488
EDF-Periodic,6.927569139372125,6,0.5,0.44499361680447286,0.5833333333333334,0.5,0.6,0.3,0.0,0.08333333333333333,18.373620881281273,20000489
EDF-Periodic,7.015667906340116,6,0.5,0.5217719022872419,0.5833333333333334,0.5,0.6,0.3,0.0,0.08333333333333333,18.96493844451543,20000490
EDF-Periodic,8.9622255245758,7,0.5833333333333334,0.5137222630072938,0.6666666666666666,0.41666666666666663,0.6,0.3,0.0,0.08333333333333333,19.09810078755991,20000491
EDF-Periodic,7.027214028750613,6,0.5,0.5667992215608707,0.5,0.5,0.6,0.3,0.0,0.08333333333333333,18.536918346888704,20000492
EDF-Periodic,2.261527484805778,3,0.25,0.28145930826905396,0.5833333333333334,0.75,0.6,0.3,0.0,0.08333333333333333,18.68909101321586,20000493
EDF-Periodic,10.053937114719249,8,0.6666666666666666,0.6127358842365211,0.6666666666666666,0.33333333333333337,0.6,0.3,0.0,0.08333333333333333,19.656777325416112,20000494
EDF-Periodic,6.807941575172437,6,0.5,0.4466357216813346,0.5833333333333334,0.5,0.6,0.3,0.0,0.08333333333333333,18.988326009774347,20000495
EDF-Periodic,8.509145575233454,7,0.5833333333333334,0.5378198293468253,0.75,0.41666666666666663,0.6,0.3,0.0,0.08333333333333333,20.43979271934947,20000496
EDF-Periodic,11.759462033399666,9,0.75,0.6498629734628306,0.75,0.25,0.6,0.3,0.0,0.08333333333333333,20.084148323686282,20000497
EDF-Periodic,5.404362249788608,5,0.4166666666666667,0.34703661212713455,0.6666666666666666,0.5833333333333333,0.6,0.3,0.0,0.08333333333333333,19.6632477219278,20000498
EDF-Periodic,5.38931554302735,5,0.4166666666666667,0.46234038458688387,0.5,0.5833333333333333,0.6,0.3,0.0,0.08333333333333333,18.680749707087195,20000499
EDF-Threshold,6.270611134961582,5,0.4166666666666667,0.5467170158556051,0.6666666666666666,0.5833333333333333,0.6,0.3,0.0,0.0,20.862355665492807,20000000
EDF-Threshold,7.357655561140209,6,0.5,0.4995985058522727,0.6666666666666666,0.5,0.6,0.3,0.0,0.0,20.509147914142105,20000001
EDF-Threshold,8.364768747353779,7,0.5833333333333334,0.4978341915243268,0.6666666666666666,0.41666666666666663,0.6,0.3,0.0,0.0,20.948962013923992,20000002
EDF-Threshold,10.477947511678718,8,0.6666666666666666,0.679234057004536,0.6666666666666666,0.33333333333333337,0.6,0.3,0.0,0.0,20.81354022541345,20000003
EDF-Threshold,11.923531001683015,9,0.75,0.6991164139033571,0.75,0.25,0.6,0.3,0.0,0.0,21.80197902782347,20000004
EDF-Threshold,7.1943093192499035,6,0.5,0.45754318799077076,0.6666666666666666,0.5,0.6,0.3,0.0,0.0,21.20658259618275,20000005
EDF-Threshold,3.5749804645055514,4,0.3333333333333333,0.3241569101709085,0.5,0.6666666666666667,0.6,0.3,0.0,0.0,19.673331017785372,20000006
EDF-Threshold,6.056397232066892,5,0.4166666666666667,0.5005607668355349,0.5833333333333334,0.5833333333333333,0.6,0.3,0.0,0.0,20.06154861878191,20000007
EDF-Threshold,4.285605076704981,4,0.3333333333333333,0.36056501362494786,0.5833333333333334,0.6666666666666667,0.6,0.3,0.0,0.0,20.423214108218975,20000008
EDF-Threshold,7.515807662320429,6,0.5,0.4846147811749168,0.75,0.5,0.6,0.3,0.0,0.0,21.112023282357967,20000009
EDF-Threshold,8.865149521610045,7,0.5833333333333334,0.517804669649971,0.6666666666666666,0.41666666666666663,0.6,0.3,0.0,0.0,20.50318069989182,20000010
EDF-Threshold,12.269314389675266,9,0.75,0.7881173992198746,0.75,0.25,0.6,0.3,0.0,0.0,21.428806650257048,20000011
EDF-Threshold,5.893198487719254,5,0.4166666666666667,0.4339169200159291,0.75,0.5833333333333333,0.6,0.3,0.0,0.0,21.115110774131594,20000012
EDF-Threshold,4.0961673252914785,4,0.3333333333333333,0.39646594702629073,0.5833333333333334,0.6666666666666667,0.6,0.3,0.0,0.0,19.994138270957784,20000013
EDF-Threshold,3.9298953829381373,4,0.3333333333333333,0.3225803743451916,0.6666666666666666,0.6666666666666667,0.6,0.3,0.0,0.0,19.848539205338195,20000014
EDF-Threshold,7.468250218264317,6,0.5,0.5090697740204385,0.6666666666666666,0.5,0.6,0.3,0.0,0.0,20.089034600387343,20000015
EDF-Threshold,12.256467783388532,9,0.75,0.725467133524586,0.75,0.25,0.6,0.3,0.0,0.0,22.460096113579514,20000016
EDF-Threshold,7.518561566462875,6,0.5,0.5956251240795979,0.6666666666666666,0.5,0.6,0.3,0.0,0.0,20.731988795385693,20000017
EDF-Threshold,4.426052275125867,4,0.3333333333333333,0.37021668323574364,0.5833333333333334,0.6666666666666667,0.6,0.3,0.0,0.0,19.75473778720348,20000018
EDF-Threshold,10.25932682783577,8,0.6666666666666666,0.5725044222582392,0.75,0.33333333333333337,0.6,0.3,0.0,0.0,22.238928046545748,20000019
EDF-Threshold,7.5374680584119105,6,0.5,0.5124015720684308,0.6666666666666666,0.5,0.6,0.3,0.0,0.0,20.307581757037273,20000020
EDF-Threshold,10.139367851551464,8,0.6666666666666666,0.6353281631037272,0.75,0.33333333333333337,0.6,0.3,0.0,0.0,21.388471942895336,20000021
EDF-Threshold,4.314704518144259,4,0.3333333333333333,0.397967174974404,0.6666666666666666,0.6666666666666667,0.6,0.3,0.0,0.0,20.72498691894508,20000022
EDF-Threshold,10.82341938611749,8,0.6666666666666666,0.6522575441057178,0.6666666666666666,0.33333333333333337,0.6,0.3,0.0,0.0,21.204511987541977,20000023
EDF-Threshold,10.662992957385416,8,0.6666666666666666,0.6177256989855392,0.75,0.33333333333333337,0.6,0.3,0.0,0.0,21.330497661800432,20000024
EDF-Threshold,7.336381906209164,6,0.5,0.48643728613738946,0.5833333333333334,0.5,0.6,0.3,0.0,0.0,20.34544989114579,20000025
EDF-Threshold,7.217169742783554,6,0.5,0.49070610319293706,0.75,0.5,0.6,0.3,0.0,0.0,21.196762988962124,20000026
EDF-Threshold,11.754191171689417,9,0.75,0.6442967041295786,0.75,0.25,0.6,0.3,0.0,0.0,22.14598853014511,20000027
EDF-Threshold,12.03136854575216,9,0.75,0.7330563713983005,0.75,0.25,0.6,0.3,0.0,0.0,21.743050400176234,20000028
EDF-Threshold,10.329919069685257,8,0.6666666666666666,0.6484709970123765,0.75,0.33333333333333337,0.6,0.3,0.0,0.0,21.686521257929822,20000029
EDF-Threshold,4.013821602442766,4,0.3333333333333333,0.3442519934873874,0.5,0.6666666666666667,0.6,0.3,0.0,0.0,19.795139824688068,20000030
EDF-Threshold,9.096133698754723,7,0.5833333333333334,0.549543927105791,0.6666666666666666,0.41666666666666663,0.6,0.3,0.0,0.0,21.213049266719224,20000031
EDF-Threshold,8.818275072108943,7,0.5833333333333334,0.5032230405342584,0.75,0.41666666666666663,0.6,0.3,0.0,0.0,21.144471213725094,20000032
EDF-Threshold,8.444757446313584,7,0.5833333333333334,0.464415447395059,0.6666666666666666,0.41666666666666663,0.6,0.3,0.0,0.0,20.094942172023412,20000033
EDF-Threshold,8.759985289357875,7,0.5833333333333334,0.5936669964789762,0.5833333333333334,0.41666666666666663,0.6,0.3,0.0,0.0,20.23003680532916,20000034
EDF-Threshold,7.308886996026837,6,0.5,0.5418556765235536,0.5833333333333334,0.5,0.6,0.3,0.0,0.0,20.263015863797623,20000035
EDF-Threshold,13.325378833875654,10,0.8333333333333334,0.7194564760372266,0.9166666666666666,0.16666666666666663,0.6,0.3,0.0,0.0,22.447793876388303,20000036
EDF-Threshold,5.883216761530134,5,0.4166666666666667,0.46111846725202466,0.5833333333333334,0.5833333333333333,0.6,0.3,0.0,0.0,20.241279622371113,20000037
EDF-Threshold,9.238363001258232,7,0.5833333333333334,0.6501827355649374,0.6666666666666666,0.41666666666666663,0.6,0.3,0.0,0.0,20.936400819253773,20000038
EDF-Threshold,9.022726187947072,7,0.5833333333333334,0.5590350246747763,0.6666666666666666,0.41666666666666663,0.6,0.3,0.0,0.0,21.171598943177425,20000039
EDF-Threshold,2.530171012920417,3,0.25,0.2734551385291194,0.5833333333333334,0.75,0.6,0.3,0.0,0.0,19.65124419161889,20000040
EDF-Threshold,8.772660375719065,7,0.5833333333333334,0.5910678503048732,0.5833333333333334,0.41666666666666663,0.6,0.3,0.0,0.0,20.894447125257145,20000041
EDF-Threshold,10.369796105161779,8,0.6666666666666666,0.6347505524594109,0.6666666666666666,0.33333333333333337,0.6,0.3,0.0,0.0,20.66440166904421,20000042
EDF-Threshold,9.96261451030175,8,0.6666666666666666,0.6053808103802913,0.6666666666666666,0.33333333333333337,0.6,0.3,0.0,0.0,20.84293887778239,20000043
EDF-Threshold,7.35411875659095,6,0.5,0.5276978470399821,0.5833333333333334,0.5,0.6,0.3,0.0,0.0,20.429692457098767,20000044
EDF-Threshold,8.990325994328773,7,0.5833333333333334,0.5443274502821023,0.5833333333333334,0.41666666666666663,0.6,0.3,0.0,0.0,20.964158742838066,20000045
EDF-Threshold,2.1022054443011196,3,0.25,0.29548974047314736,0.5,0.75,0.6,0.3,0.0,0.0,19.44938111624239,20000046
EDF-Threshold,13.240301154647437,10,0.8333333333333334,0.7331135867520278,0.8333333333333334,0.16666666666666663,0.6,0.3,0.0,0.0,22.275609859960838,20000047
EDF-Threshold,4.109260583745545,4,0.3333333333333333,0.33966842181735624,0.6666666666666666,0.6666666666666667,0.6,0.3,0.0,0.0,20.864562231629357,20000048
EDF-Threshold,5.2357418034340455,5,0.4166666666666667,0.3279443791829169,0.75,0.5833333333333333,0.6,0.3,0.0,0.0,21.019792058599315,20000049
EDF-Threshold,5.2768451243650585,5,0.4166666666666667,0.35076225560649965,0.6666666666666666,0.5833333333333333,0.6,0.3,0.0,0.0,20.401416756506983,20000050
EDF-Threshold,4.579264753337056,4,0.3333333333333333,0.4259925551466525,0.6666666666666666,0.6666666666666667,0.6,0.3,0.0,0.0,21.136948747585617,20000051
EDF-Threshold,7.228322828220302,6,0.5,0.4550556710403909,0.6666666666666666,0.5,0.6,0.3,0.0,0.0,20.71405414457705,20000052
EDF-Threshold,5.3370967761411094,5,0.4166666666666667,0.3931878573510057,0.6666666666666666,0.5833333333333333,0.6,0.3,0.0,0.0,20.653036925260768,20000053
EDF-Threshold,9.161974989942431,7,0.5833333333333334,0.6174559978307292,0.6666666666666666,0.41666666666666663,0.6,0.3,0.0,0.0,20.220437864520576,20000054
EDF-Threshold,1.863508681656181,3,0.25,0.17459139697681753,0.6666666666666666,0.75,0.6,0.3,0.0,0.0,19.973103153639947,20000055
EDF-Threshold,10.366871971563596,8,0.6666666666666666,0.5866155058897298,0.75,0.33333333333333337,0.6,0.3,0.0,0.0,21.080475119188595,20000056
EDF-Threshold,4.460024724214735,4,0.3333333333333333,0.40451594243237765,0.5,0.6666666666666667,0.6,0.3,0.0,0.0,19.191636200452,20000057
EDF-Threshold,6.669991512675203,6,0.5,0.4043311939557171,0.6666666666666666,0.5,0.6,0.3,0.0,0.0,21.01895011815677,20000058
EDF-Threshold,7.809920678408691,6,0.5,0.5233024833839132,0.5833333333333334,0.5,0.6,0.3,0.0,0.0,20.22490299161207,20000059
EDF-Threshold,10.480701161934123,8,0.6666666666666666,0.6409653833077511,0.6666666666666666,0.33333333333333337,0.6,0.3,0.0,0.0,20.853360937858717,20000060
EDF-Threshold,9.156050896640101,7,0.5833333333333334,0.5558099472818554,0.5833333333333334,0.41666666666666663,0.6,0.3,0.0,0.0,20.311540147860715,20000061
EDF-Threshold,9.096118313990292,7,0.5833333333333334,0.5583718254857813,0.5833333333333334,0.41666666666666663,0.6,0.3,0.0,0.0,20.289418652714208,20000062
EDF-Threshold,5.759117405516982,5,0.4166666666666667,0.4219255275133923,0.5833333333333334,0.5833333333333333,0.6,0.3,0.0,0.0,19.620618976193516,20000063
EDF-Threshold,10.403102046255166,8,0.6666666666666666,0.5981837116117975,0.75,0.33333333333333337,0.6,0.3,0.0,0.0,21.290535691760702,20000064
EDF-Threshold,7.075598017346252,6,0.5,0.467041322714756,0.5833333333333334,0.5,0.6,0.3,0.0,0.0,20.178490492400517,20000065
EDF-Threshold,10.749699555160008,8,0.6666666666666666,0.619035167839742,0.6666666666666666,0.33333333333333337,0.6,0.3,0.0,0.0,20.678834834757385,20000066
EDF-Threshold,9.212450725955991,7,0.5833333333333334,0.6153514030825713,0.6666666666666666,0.41666666666666663,0.6,0.3,0.0,0.0,20.761206862108974,20000067
EDF-Threshold,3.5828574714624395,4,0.3333333333333333,0.3287362744126909,0.5,0.6666666666666667,0.6,0.3,0.0,0.0,19.313460100124814,20000068
EDF-Threshold,12.031480382051125,9,0.75,0.6496794508627279,0.8333333333333334,0.25,0.6,0.3,0.0,0.0,22.3897414534951,20000069
EDF-Threshold,7.329246295050105,6,0.5,0.5324435011193004,0.5833333333333334,0.5,0.6,0.3,0.0,0.0,20.894956951963415,20000070
EDF-Threshold,7.020921238458998,6,0.5,0.45367974884389584,0.5833333333333334,0.5,0.6,0.3,0.0,0.0,20.444401703562466,20000071
EDF-Threshold,12.047304434156535,9,0.75,0.7058165407193489,0.75,0.25,0.6,0.3,0.0,0.0,22.435678566542848,20000072
EDF-Threshold,7.06195363981354,6,0.5,0.4503799575346913,0.6666666666666666,0.5,0.6,0.3,0.0,0.0,20.78817463991117,20000073
EDF-Threshold,8.340736741099237,7,0.5833333333333334,0.44631332935900836,0.6666666666666666,0.41666666666666663,0.6,0.3,0.0,0.0,21.41024944504062,20000074
EDF-Threshold,2.4231451610146126,3,0.25,0.26403600289059226,0.5833333333333334,0.75,0.6,0.3,0.0,0.0,20.45155589452194,20000075
EDF-Threshold,0.3732115702191221,2,0.16666666666666666,0.18144038938853574,0.5,0.8333333333333334,0.6,0.3,0.0,0.0,18.594610242567207,20000076
EDF-Threshold,11.924354889900892,9,0.75,0.6744876574340876,0.75,0.25,0.6,0.3,0.0,0.0,21.5149831185162,20000077
EDF-Threshold,12.26335112575397,9,0.75,0.7000755667575339,0.75,0.25,0.6,0.3,0.0,0.0,21.81990987071069,20000078
EDF-Threshold,10.917818203866261,8,0.6666666666666666,0.6900230250233026,0.6666666666666666,0.33333333333333337,0.6,0.3,0.0,0.0,20.294545509665642,20000079
EDF-Threshold,4.340529151072131,4,0.3333333333333333,0.43261585811346137,0.5,0.6666666666666667,0.6,0.3,0.0,0.0,20.016647725074527,20000080
EDF-Threshold,2.481912658479925,3,0.25,0.2745510841030217,0.5833333333333334,0.75,0.6,0.3,0.0,0.0,20.01246799962017,20000081
EDF-Threshold,10.499920759244644,8,0.6666666666666666,0.6035004623084532,0.8333333333333334,0.33333333333333337,0.6,0.3,0.0,0.0,22.820145308284644,20000082
EDF-Threshold,4.37336321669026,4,0.3333333333333333,0.41040910166508643,0.6666666666666666,0.6666666666666667,0.6,0.3,0.0,0.0,20.47569091874753,20000083
EDF-Threshold,6.887979130211233,6,0.5,0.4236641913849438,0.6666666666666666,0.5,0.6,0.3,0.0,0.0,20.487394954113885,20000084
EDF-Threshold,7.482928775738472,6,0.5,0.5034045025781472,0.5833333333333334,0.5,0.6,0.3,0.0,0.0,19.970742918772114,20000085
EDF-Threshold,7.662407632615503,6,0.5,0.5243160887104215,0.6666666666666666,0.5,0.6,0.3,0.0,0.0,20.657650078875164,20000086
EDF-Threshold,9.588890316034991,7,0.5833333333333334,0.6572437483286975,0.6666666666666666,0.41666666666666663,0.6,0.3,0.0,0.0,21.034824059634687,20000087
EDF-Threshold,9.3197793189546,7,0.5833333333333334,0.5973022675529491,0.5833333333333334,0.41666666666666663,0.6,0.3,0.0,0.0,20.655672135016015,20000088
EDF-Threshold,10.523084526037632,8,0.6666666666666666,0.6347950750888213,0.75,0.33333333333333337,0.6,0.3,0.0,0.0,21.499094951997012,20000089
EDF-Threshold,5.757776747235952,5,0.4166666666666667,0.4545842470381471,0.6666666666666666,0.5833333333333333,0.6,0.3,0.0,0.0,20.35604318885843,20000090
EDF-Threshold,10.794838051248336,8,0.6666666666666666,0.6327690003381001,0.75,0.33333333333333337,0.6,0.3,0.0,0.0,21.76907429682109,20000091
EDF-Threshold,6.768585786481358,6,0.5,0.39245506789042794,0.5833333333333334,0.5,0.6,0.3,0.0,0.0,20.31020873111334,20000092
EDF-Threshold,11.443787277802754,9,0.75,0.6301776660548972,0.75,0.25,0.6,0.3,0.0,0.0,21.85192062046641,20000093
EDF-Threshold,10.722201597354463,8,0.6666666666666666,0.6734036603293527,0.75,0.33333333333333337,0.6,0.3,0.0,0.0,21.34364825166867,20000094
EDF-Threshold,5.385979588328991,5,0.4166666666666667,0.3982146453259235,0.5,0.5833333333333333,0.6,0.3,0.0,0.0,19.39004083096973,20000095
EDF-Threshold,6.768242655401217,6,0.5,0.43482509000984565,0.6666666666666666,0.5,0.6,0.3,0.0,0.0,21.23083200267036,20000096
EDF-Threshold,4.039371077943463,4,0.3333333333333333,0.30559754026561636,0.6666666666666666,0.6666666666666667,0.6,0.3,0.0,0.0,20.645372708376232,20000097
EDF-Threshold,5.23285416207124,5,0.4166666666666667,0.36572460390019973,0.5833333333333334,0.5833333333333333,0.6,0.3,0.0,0.0,20.327486346513332,20000098
EDF-Threshold,11.820961552656126,9,0.75,0.628890232770223,0.75,0.25,0.6,0.3,0.0,0.0,20.990964899160332,20000099
EDF-Threshold,10.717853220091287,8,0.6666666666666666,0.6493572261373389,0.6666666666666666,0.33333333333333337,0.6,0.3,0.0,0.0,20.75656266352628,20000100
EDF-Threshold,5.672300415709101,5,0.4166666666666667,0.3838704488665652,0.6666666666666666,0.5833333333333333,0.6,0.3,0.0,0.0,20.223743010387214,20000101
EDF-Threshold,11.703467251436514,9,0.75,0.6505418831518992,0.75,0.25,0.6,0.3,0.0,0.0,21.486595878751807,20000102
EDF-Threshold,9.486326236249127,7,0.5833333333333334,0.656302573632175,0.6666666666666666,0.41666666666666663,0.6,0.3,0.0,0.0,20.671179367225744,20000103
EDF-Threshold,6.905419837225834,6,0.5,0.46700784007829405,0.5833333333333334,0.5,0.6,0.3,0.0,0.0,20.36625473688427,20000104
EDF-Threshold,11.705691033412005,9,0.75,0.7023923168745795,0.75,0.25,0.6,0.3,0.0,0.0,21.828912912517037,20000105
EDF-Threshold,4.4102907143565595,4,0.3333333333333333,0.418887935670015,0.5833333333333334,0.6666666666666667,0.6,0.3,0.0,0.0,20.23278940986914,20000106
EDF-Threshold,12.200861362549594,9,0.75,0.728328056869703,0.75,0.25,0.6,0.3,0.0,0.0,21.15281695128039,20000107
EDF-Threshold,8.63026753678661,7,0.5833333333333334,0.6042846517345167,0.6666666666666666,0.41666666666666663,0.6,0.3,0.0,0.0,21.049509781692745,20000108
EDF-Threshold,2.4609145848107543,3,0.25,0.25443237424467996,0.5833333333333334,0.75,0.6,0.3,0.0,0.0,19.799476621613866,20000109
EDF-Threshold,4.0646335228738355,4,0.3333333333333333,0.3991747740184693,0.5,0.6666666666666667,0.6,0.3,0.0,0.0,19.44549077299511,20000110
EDF-Threshold,9.181174686808284,7,0.5833333333333334,0.5904933667275926,0.6666666666666666,0.41666666666666663,0.6,0.3,0.0,0.0,21.292737686506324,20000111
EDF-Threshold,7.906667812163203,6,0.5,0.5186380757466937,0.5833333333333334,0.5,0.6,0.3,0.0,0.0,19.8730226100351,20000112
EDF-Threshold,8.65203891201521,7,0.5833333333333334,0.5275674517230451,0.75,0.41666666666666663,0.6,0.3,0.0,0.0,21.19287494588307,20000113
EDF-Threshold,4.081406142666308,4,0.3333333333333333,0.35252728095077895,0.5833333333333334,0.6666666666666667,0.6,0.3,0.0,0.0,20.41798244026797,20000114
EDF-Threshold,5.681553525556181,5,0.4166666666666667,0.36696103386868223,0.6666666666666666,0.5833333333333333,0.6,0.3,0.0,0.0,20.695334309486533,20000115
EDF-Threshold,3.58142381119536,4,0.3333333333333333,0.30549543138096275,0.6666666666666666,0.6666666666666667,0.6,0.3,0.0,0.0,20.917461047423615,20000116
EDF-Threshold,0.6066092260537055,2,0.16666666666666666,0.1756448609176633,0.6666666666666666,0.8333333333333334,0.6,0.3,0.0,0.0,21.116380012971927,20000117
EDF-Threshold,8.8078241910873,7,0.5833333333333334,0.5218106970859104,0.6666666666666666,0.41666666666666663,0.6,0.3,0.0,0.0,20.443966910463274,20000118
EDF-Threshold,5.777052734047438,5,0.4166666666666667,0.4277701906437842,0.5833333333333334,0.5833333333333333,0.6,0.3,0.0,0.0,19.55977940100275,20000119
EDF-Threshold,5.967493455465902,5,0.4166666666666667,0.47960214837074044,0.5833333333333334,0.5833333333333333,0.6,0.3,0.0,0.0,19.787243136009952,20000120
EDF-Threshold,2.08536631657831,3,0.25,0.2131620147211729,0.5833333333333334,0.75,0.6,0.3,0.0,0.0,19.495973945501586,20000121
EDF-Threshold,5.724419061903686,5,0.4166666666666667,0.46727814192097666,0.5833333333333334,0.5833333333333333,0.6,0.3,0.0,0.0,20.216578878252502,20000122
EDF-Threshold,7.249178387775757,6,0.5,0.5191333951293786,0.75,0.5,0.6,0.3,0.0,0.0,21.25495594540293,20000123
EDF-Threshold,8.648773260337824,7,0.5833333333333334,0.5881930957074477,0.6666666666666666,0.41666666666666663,0.6,0.3,0.0,0.0,20.53915340070169,20000124
EDF-Threshold,11.758565564686394,9,0.75,0.6597951535988923,0.75,0.25,0.6,0.3,0.0,0.0,21.292201973484392,20000125
EDF-Threshold,8.938479227385253,7,0.5833333333333334,0.5474633024914225,0.5833333333333334,0.41666666666666663,0.6,0.3,0.0,0.0,20.761119183770383,20000126
EDF-Threshold,5.989031766067029,5,0.4166666666666667,0.47543663991375745,0.5833333333333334,0.5833333333333333,0.6,0.3,0.0,0.0,20.134676431706918,20000127
EDF-Threshold,8.673146504800206,7,0.5833333333333334,0.5398749868841319,0.75,0.41666666666666663,0.6,0.3,0.0,0.0,21.037380145636572,20000128
EDF-Threshold,10.91916290698152,8,0.6666666666666666,0.6856595645112781,0.6666666666666666,0.33333333333333337,0.6,0.3,0.0,0.0,20.857815921111424,20000129
EDF-Threshold,10.395390789507655,8,0.6666666666666666,0.6435488276911482,0.6666666666666666,0.33333333333333337,0.6,0.3,0.0,0.0,21.132408936515606,20000130
EDF-Threshold,7.227016388083559,6,0.5,0.4086031442276091,0.6666666666666666,0.5,0.6,0.3,0.0,0.0,20.64237722062476,20000131
EDF-Threshold,10.653112333073574,8,0.6666666666666666,0.6163450489209417,0.75,0.33333333333333337,0.6,0.3,0.0,0.0,22.05456734583208,20000132
EDF-Threshold,12.06881084154359,9,0.75,0.7435270328922617,0.75,0.25,0.6,0.3,0.0,0.0,21.49271030676497,20000133
EDF-Threshold,4.802845410808553,5,0.4166666666666667,0.3409979540696006,0.5833333333333334,0.5833333333333333,0.6,0.3,0.0,0.0,20.023140087483046,20000134
EDF-Threshold,9.055782743939742,7,0.5833333333333334,0.5749298351369808,0.6666666666666666,0.41666666666666663,0.6,0.3,0.0,0.0,21.902373289146162,20000135
EDF-Threshold,10.756638575852712,8,0.6666666666666666,0.6281071430824648,0.75,0.33333333333333337,0.6,0.3,0.0,0.0,21.00952325436072,20000136
EDF-Threshold,12.01707255342106,9,0.75,0.6480749807972268,0.75,0.25,0.6,0.3,0.0,0.0,21.692815668352747,20000137
EDF-Threshold,4.104437862781427,4,0.3333333333333333,0.3731971054447636,0.5833333333333334,0.6666666666666667,0.6,0.3,0.0,0.0,20.374062296756783,20000138
EDF-Threshold,9.024363955878052,7,0.5833333333333334,0.5555550011830332,0.75,0.41666666666666663,0.6,0.3,0.0,0.0,21.224227418773854,20000139
EDF-Threshold,12.030567905145798,9,0.75,0.8054813452896769,0.75,0.25,0.6,0.3,0.0,0.0,21.41247451358956,20000140
EDF-Threshold,6.090387427890987,5,0.4166666666666667,0.5065476104317224,0.5,0.5833333333333333,0.6,0.3,0.0,0.0,19.501775894397984,20000141
EDF-Threshold,11.058854517540418,8,0.6666666666666666,0.6791585618710888,0.6666666666666666,0.33333333333333337,0.6,0.3,0.0,0.0,20.64713629385104,20000142
EDF-Threshold,5.568057897468391,5,0.4166666666666667,0.3544749434285905,0.5833333333333334,0.5833333333333333,0.6,0.3,0.0,0.0,19.56824601770384,20000143
EDF-Threshold,8.930274850199538,7,0.5833333333333334,0.598843015978493,0.6666666666666666,0.41666666666666663,0.6,0.3,0.0,0.0,21.320634163088062,20000144
EDF-Threshold,10.569374153129287,8,0.6666666666666666,0.6738202930599478,0.6666666666666666,0.33333333333333337,0.6,0.3,0.0,0.0,20.707441367003486,20000145
EDF-Threshold,5.352875566616016,5,0.4166666666666667,0.33457122488285884,0.6666666666666666,0.5833333333333333,0.6,0.3,0.0,0.0,20.654305576578828,20000146
EDF-Threshold,8.777738310976208,7,0.5833333333333334,0.5823801740249387,0.6666666666666666,0.41666666666666663,0.6,0.3,0.0,0.0,21.2417978440812,20000147
EDF-Threshold,7.12818279952746,6,0.5,0.4896424678107968,0.5833333333333334,0.5,0.6,0.3,0.0,0.0,20.507341022420704,20000148
EDF-Threshold,5.857549089889321,5,0.4166666666666667,0.4379874275808476,0.6666666666666666,0.5833333333333333,0.6,0.3,0.0,0.0,20.60036865133129,20000149
EDF-Threshold,9.25397036686715,7,0.5833333333333334,0.612106010360986,0.75,0.41666666666666663,0.6,0.3,0.0,0.0,20.921148312370764,20000150
EDF-Threshold,10.61349555333171,8,0.6666666666666666,0.6942043473422743,0.75,0.33333333333333337,0.6,0.3,0.0,0.0,21.49290896015512,20000151
EDF-Threshold,4.371472030729036,4,0.3333333333333333,0.40811667213769726,0.5833333333333334,0.6666666666666667,0.6,0.3,0.0,0.0,20.473266264866933,20000152
EDF-Threshold,7.258508011129843,6,0.5,0.5557427961020511,0.5833333333333334,0.5,0.6,0.3,0.0,0.0,20.4156193458736,20000153
EDF-Threshold,10.822251523744972,8,0.6666666666666666,0.6624821144706485,0.75,0.33333333333333337,0.6,0.3,0.0,0.0,21.770955971873406,20000154
EDF-Threshold,5.997119024073259,5,0.4166666666666667,0.46485471028701464,0.6666666666666666,0.5833333333333333,0.6,0.3,0.0,0.0,20.25371765901586,20000155
EDF-Threshold,9.41909476719367,7,0.5833333333333334,0.6529476661606004,0.5833333333333334,0.41666666666666663,0.6,0.3,0.0,0.0,19.887498073663178,20000156
EDF-Threshold,4.862502685011854,5,0.4166666666666667,0.3441292141946729,0.5833333333333334,0.5833333333333333,0.6,0.3,0.0,0.0,20.127046817156852,20000157
EDF-Threshold,7.070552955214184,6,0.5,0.48075565861198366,0.5833333333333334,0.5,0.6,0.3,0.0,0.0,19.82134598793485,20000158
EDF-Threshold,4.296351116535842,4,0.3333333333333333,0.42573618777567274,0.5,0.6666666666666667,0.6,0.3,0.0,0.0,19.4704053760586,20000159
EDF-Threshold,5.38084781436132,5,0.4166666666666667,0.3945285528085505,0.6666666666666666,0.5833333333333333,0.6,0.3,0.0,0.0,21.049707741784584,20000160
EDF-Threshold,8.791405165553083,7,0.5833333333333334,0.6165491906353174,0.6666666666666666,0.41666666666666663,0.6,0.3,0.0,0.0,20.661235077443475,20000161
EDF-Threshold,4.160552903301044,4,0.3333333333333333,0.3168043855779764,0.6666666666666666,0.6666666666666667,0.6,0.3,0.0,0.0,20.629466028293773,20000162
EDF-Threshold,10.14724135924603,8,0.6666666666666666,0.5765935313388495,0.6666666666666666,0.33333333333333337,0.6,0.3,0.0,0.0,20.582575976072036,20000163
EDF-Threshold,7.439756324031743,6,0.5,0.46998450200012787,0.5833333333333334,0.5,0.6,0.3,0.0,0.0,19.888942985100854,20000164
EDF-Threshold,10.060702125467499,8,0.6666666666666666,0.5763099237816818,0.75,0.33333333333333337,0.6,0.3,0.0,0.0,21.735513732408606,20000165
EDF-Threshold,5.541142723338568,5,0.4166666666666667,0.3855300890984242,0.6666666666666666,0.5833333333333333,0.6,0.3,0.0,0.0,21.233706344678808,20000166
EDF-Threshold,8.617419571546515,7,0.5833333333333334,0.535769553812413,0.75,0.41666666666666663,0.6,0.3,0.0,0.0,21.0292799603561,20000167
EDF-Threshold,7.43545964976195,6,0.5,0.47085306833085167,0.6666666666666666,0.5,0.6,0.3,0.0,0.0,20.326156566518268,20000168
EDF-Threshold,10.590767988778516,8,0.6666666666666666,0.6735458106052459,0.6666666666666666,0.33333333333333337,0.6,0.3,0.0,0.0,20.35743552513323,20000169
EDF-Threshold,5.691216648722275,5,0.4166666666666667,0.48721494019435013,0.5,0.5833333333333333,0.6,0.3,0.0,0.0,20.162831896652243,20000170
EDF-Threshold,8.861921167923716,7,0.5833333333333334,0.5564041385415149,0.75,0.41666666666666663,0.6,0.3,0.0,0.0,20.550249289322718,20000171
EDF-Threshold,10.407353173300402,8,0.6666666666666666,0.6236223501220405,0.75,0.33333333333333337,0.6,0.3,0.0,0.0,21.630739847858614,20000172
EDF-Threshold,8.710684698571061,7,0.5833333333333334,0.507623218670294,0.6666666666666666,0.41666666666666663,0.6,0.3,0.0,0.0,20.8299649371664,20000173
EDF-Threshold,10.79347472353477,8,0.6666666666666666,0.6250828283738441,0.75,0.33333333333333337,0.6,0.3,0.0,0.0,21.317531191794664,20000174
EDF-Threshold,8.802510255405618,7,0.5833333333333334,0.5662706587903871,0.6666666666666666,0.41666666666666663,0.6,0.3,0.0,0.0,21.563528279696293,20000175
EDF-Threshold,8.82895732770522,7,0.5833333333333334,0.5616144420909911,0.6666666666666666,0.41666666666666663,0.6,0.3,0.0,0.0,20.908077214044837,20000176
EDF-Threshold,7.118827856045469,6,0.5,0.47613291202066094,0.6666666666666666,0.5,0.6,0.3,0.0,0.0,21.44782987320472,20000177
EDF-Threshold,7.292872839179694,6,0.5,0.4596405096810588,0.6666666666666666,0.5,0.6,0.3,0.0,0.0,20.414335126157557,20000178
EDF-Threshold,2.204382390087716,3,0.25,0.24215786027420602,0.6666666666666666,0.75,0.6,0.3,0.0,0.0,20.9856027749197,20000179
EDF-Threshold,7.507337639949911,6,0.5,0.45693083965607667,0.6666666666666666,0.5,0.6,0.3,0.0,0.0,20.2998896109645,20000180
EDF-Threshold,7.368529126695016,6,0.5,0.6459499353852894,0.5833333333333334,0.5,0.6,0.3,0.0,0.0,20.26410245877951,20000181
EDF-Threshold,9.541475541516235,7,0.5833333333333334,0.6396637389016463,0.5833333333333334,0.41666666666666663,0.6,0.3,0.0,0.0,20.098537346814116,20000182
EDF-Threshold,3.759500744451268,4,0.3333333333333333,0.30179786064726005,0.5833333333333334,0.6666666666666667,0.6,0.3,0.0,0.0,20.347325147150265,20000183
EDF-Threshold,5.694133644652668,5,0.4166666666666667,0.43718180064355383,0.6666666666666666,0.5833333333333333,0.6,0.3,0.0,0.0,21.018495616771524,20000184
EDF-Threshold,9.06384569256806,7,0.5833333333333334,0.6498682460129557,0.5833333333333334,0.41666666666666663,0.6,0.3,0.0,0.0,19.996358827263983,20000185
EDF-Threshold,8.172497484662554,7,0.5833333333333334,0.47983321772451304,0.6666666666666666,0.41666666666666663,0.6,0.3,0.0,0.0,20.657131044603585,20000186
EDF-Threshold,7.559687819936542,6,0.5,0.5312860415172085,0.5,0.5,0.6,0.3,0.0,0.0,19.415465175877735,20000187
EDF-Threshold,10.632303582509945,8,0.6666666666666666,0.6032567965635902,0.75,0.33333333333333337,0.6,0.3,0.0,0.0,21.559648647569368,20000188
EDF-Threshold,3.946223604228277,4,0.3333333333333333,0.3062738617362002,0.6666666666666666,0.6666666666666667,0.6,0.3,0.0,0.0,20.416567457609663,20000189
EDF-Threshold,11.93881687786746,9,0.75,0.652759954275449,0.75,0.25,0.6,0.3,0.0,0.0,21.36712536392624,20000190
EDF-Threshold,16.25699965658639,12,1.0,1.0,1.0,0.0,0.6,0.3,0.0,0.0,22.642499141465976,20000191
EDF-Threshold,5.600779240295227,5,0.4166666666666667,0.475148022234256,0.5833333333333334,0.5833333333333333,0.6,0.3,0.0,0.0,20.5303288113072,20000192
EDF-Threshold,3.552553788644798,4,0.3333333333333333,0.33579714937487193,0.5,0.6666666666666667,0.6,0.3,0.0,0.0,19.564184052673006,20000193
EDF-Threshold,9.209114975682043,7,0.5833333333333334,0.6001107901192286,0.5833333333333334,0.41666666666666663,0.6,0.3,0.0,0.0,20.021583445673137,20000194
EDF-Threshold,12.437244335026136,9,0.75,0.6496821936863892,0.75,0.25,0.6,0.3,0.0,0.0,21.752201267603375,20000195
EDF-Threshold,5.300269816601087,5,0.4166666666666667,0.4076055922059989,0.5833333333333334,0.5833333333333333,0.6,0.3,0.0,0.0,20.657081550193354,20000196
EDF-Threshold,5.435026957795588,5,0.4166666666666667,0.4059199135897737,0.5833333333333334,0.5833333333333333,0.6,0.3,0.0,0.0,20.648396621807894,20000197
EDF-Threshold,0.8996856708130987,2,0.16666666666666666,0.22013420658404223,0.6666666666666666,0.8333333333333334,0.6,0.3,0.0,0.0,20.146407122229313,20000198
EDF-Threshold,5.408662078827598,5,0.4166666666666667,0.34647971080028606,0.6666666666666666,0.5833333333333333,0.6,0.3,0.0,0.0,20.395509747911223,20000199
EDF-Threshold,7.274007314524429,6,0.5,0.4998318218804246,0.5833333333333334,0.5,0.6,0.3,0.0,0.0,20.295478993600234,20000200
EDF-Threshold,5.03074456530986,5,0.4166666666666667,0.319486203976639,0.5833333333333334,0.5833333333333333,0.6,0.3,0.0,0.0,19.91070119655669,20000201
EDF-Threshold,7.247548943020362,6,0.5,0.5084142070473718,0.5833333333333334,0.5,0.6,0.3,0.0,0.0,20.25460746653202,20000202
EDF-Threshold,10.327961094244444,8,0.6666666666666666,0.6905540449191093,0.6666666666666666,0.33333333333333337,0.6,0.3,0.0,0.0,20.12998731638688,20000203
EDF-Threshold,8.739366784674585,7,0.5833333333333334,0.48941519668038275,0.6666666666666666,0.41666666666666663,0.6,0.3,0.0,0.0,21.71983121748544,20000204
EDF-Threshold,10.711946367651763,8,0.6666666666666666,0.6787707106531258,0.75,0.33333333333333337,0.6,0.3,0.0,0.0,21.419676520077772,20000205
EDF-Threshold,2.167184787169415,3,0.25,0.31850326557226194,0.4166666666666667,0.75,0.6,0.3,0.0,0.0,18.717352123870853,20000206
EDF-Threshold,2.120725342176991,3,0.25,0.24492883896445283,0.5833333333333334,0.75,0.6,0.3,0.0,0.0,20.731072574371215,20000207
EDF-Threshold,7.420587697116594,6,0.5,0.5037194430997806,0.5833333333333334,0.5,0.6,0.3,0.0,0.0,20.213861662661607,20000208
EDF-Threshold,5.285530178301295,5,0.4166666666666667,0.3670402709944031,0.5833333333333334,0.5833333333333333,0.6,0.3,0.0,0.0,19.58499470998061,20000209
EDF-Threshold,11.642839005471659,9,0.75,0.6136318518233337,0.8333333333333334,0.25,0.6,0.3,0.0,0.0,21.801897419665032,20000210
EDF-Threshold,3.872892812173437,4,0.3333333333333333,0.3395401890315364,0.6666666666666666,0.6666666666666667,0.6,0.3,0.0,0.0,20.500129151432652,20000211
EDF-Threshold,10.802909760783365,8,0.6666666666666666,0.7077630326427626,0.75,0.33333333333333337,0.6,0.3,0.0,0.0,21.63425539952854,20000212
EDF-Threshold,5.451704993136589,5,0.4166666666666667,0.35373884032470526,0.75,0.5833333333333333,0.6,0.3,0.0,0.0,21.43885562959961,20000213
EDF-Threshold,10.574597607593505,8,0.6666666666666666,0.5977643379552421,0.6666666666666666,0.33333333333333337,0.6,0.3,0.0,0.0,21.634888735668167,20000214
EDF-Threshold,9.009631785226013,7,0.5833333333333334,0.5690566997434044,0.5833333333333334,0.41666666666666663,0.6,0.3,0.0,0.0,21.265240280105946,20000215
EDF-Threshold,3.7706264340763065,4,0.3333333333333333,0.32790952256062333,0.6666666666666666,0.6666666666666667,0.6,0.3,0.0,0.0,20.43475059076407,20000216
EDF-Threshold,10.552877124927095,8,0.6666666666666666,0.611401008166558,0.8333333333333334,0.33333333333333337,0.6,0.3,0.0,0.0,21.724731308108137,20000217
EDF-Threshold,8.727601023120375,7,0.5833333333333334,0.5430413987042293,0.75,0.41666666666666663,0.6,0.3,0.0,0.0,21.283217990284474,20000218
EDF-Threshold,4.056993951925171,4,0.3333333333333333,0.36482325038995134,0.6666666666666666,0.6666666666666667,0.6,0.3,0.0,0.0,21.584174622870883,20000219
EDF-Threshold,8.963079157389368,7,0.5833333333333334,0.5803886807350945,0.75,0.41666666666666663,0.6,0.3,0.0,0.0,21.331323021745856,20000220
EDF-Threshold,9.945373357396864,8,0.6666666666666666,0.6100361041773049,0.6666666666666666,0.33333333333333337,0.6,0.3,0.0,0.0,20.869639500596634,20000221
EDF-Threshold,8.577881932088035,7,0.5833333333333334,0.4854265913737043,0.75,0.41666666666666663,0.6,0.3,0.0,0.0,21.22116545481571,20000222
EDF-Threshold,7.065810211872375,6,0.5,0.44010756369861304,0.75,0.5,0.6,0.3,0.0,0.0,21.186583498368925,20000223
EDF-Threshold,3.5333146768623127,4,0.3333333333333333,0.30124931014543566,0.5833333333333334,0.6666666666666667,0.6,0.3,0.0,0.0,20.347703198575214,20000224
EDF-Threshold,8.695287779636999,7,0.5833333333333334,0.5829808338523058,0.6666666666666666,0.41666666666666663,0.6,0.3,0.0,0.0,21.2663002504669,20000225
EDF-Threshold,9.261889079518564,7,0.5833333333333334,0.6149409144206648,0.5833333333333334,0.41666666666666663,0.6,0.3,0.0,0.0,20.514816721381685,20000226
EDF-Threshold,2.745064915740068,3,0.25,0.3713034259098195,0.6666666666666666,0.75,0.6,0.3,0.0,0.0,20.715876715993303,20000227
EDF-Threshold,5.4406362521563985,5,0.4166666666666667,0.3579664053691239,0.75,0.5833333333333333,0.6,0.3,0.0,0.0,20.68579694379764,20000228
EDF-Threshold,2.228107340623653,3,0.25,0.25621966992303696,0.5833333333333334,0.75,0.6,0.3,0.0,0.0,20.108950241807506,20000229
EDF-Threshold,5.553349195536201,5,0.4166666666666667,0.32803024510612444,0.75,0.5833333333333333,0.6,0.3,0.0,0.0,21.416723444826722,20000230
EDF-Threshold,8.980235577347596,7,0.5833333333333334,0.5961369761224597,0.6666666666666666,0.41666666666666663,0.6,0.3,0.0,0.0,20.2555511622316,20000231
EDF-Threshold,3.8856005230919033,4,0.3333333333333333,0.36532857853260203,0.5,0.6666666666666667,0.6,0.3,0.0,0.0,19.202224163450058,20000232
EDF-Threshold,10.584589412664037,8,0.6666666666666666,0.6125761282122694,0.6666666666666666,0.33333333333333337,0.6,0.3,0.0,0.0,21.3014169498471,20000233
EDF-Threshold,9.028086672240482,7,0.5833333333333334,0.5085069564101389,0.6666666666666666,0.41666666666666663,0.6,0.3,0.0,0.0,20.455165063825575,20000234
EDF-Threshold,10.388585520241348,8,0.6666666666666666,0.6681058379813976,0.75,0.33333333333333337,0.6,0.3,0.0,0.0,20.67394266556996,20000235
EDF-Threshold,12.347251733535572,9,0.75,0.7268915611215374,0.75,0.25,0.6,0.3,0.0,0.0,21.615375153294814,20000236
EDF-Threshold,5.51157128674944,5,0.4166666666666667,0.3575215834105232,0.5833333333333334,0.5833333333333333,0.6,0.3,0.0,0.0,19.903101482261267,20000237
EDF-Threshold,10.693335074859837,8,0.6666666666666666,0.6129082302632884,0.6666666666666666,0.33333333333333337,0.6,0.3,0.0,0.0,20.593021290812082,20000238
EDF-Threshold,4.189912746095384,4,0.3333333333333333,0.40125280570437755,0.5,0.6666666666666667,0.6,0.3,0.0,0.0,19.759927316852096,20000239
EDF-Threshold,7.385358904754389,6,0.5,0.48360394619425423,0.5833333333333334,0.5,0.6,0.3,0.0,0.0,20.09712791167451,20000240
EDF-Threshold,8.046457831664004,6,0.5,0.5863024291261361,0.5833333333333334,0.5,0.6,0.3,0.0,0.0,19.94111940534884,20000241
EDF-Threshold,13.43969891121924,10,0.8333333333333334,0.8632995718114819,0.8333333333333334,0.16666666666666663,0.6,0.3,0.0,0.0,21.626139803468007,20000242
EDF-Threshold,7.622959282478472,6,0.5,0.5013689462836148,0.5833333333333334,0.5,0.6,0.3,0.0,0.0,19.97609898284697,20000243
EDF-Threshold,7.526422613977891,6,0.5,0.5448430389922366,0.6666666666666666,0.5,0.6,0.3,0.0,0.0,20.288279075165594,20000244
EDF-Threshold,7.373506694035234,6,0.5,0.5201578077540587,0.5833333333333334,0.5,0.6,0.3,0.0,0.0,19.985236790343468,20000245
EDF-Threshold,5.3438986157036386,5,0.4166666666666667,0.3883535315933137,0.6666666666666666,0.5833333333333333,0.6,0.3,0.0,0.0,20.501475854942914,20000246
EDF-Threshold,5.468585730174631,5,0.4166666666666667,0.42939996188443424,0.5833333333333334,0.5833333333333333,0.6,0.3,0.0,0.0,20.039052809402545,20000247
EDF-Threshold,12.233450071892246,9,0.75,0.8311182310387346,0.75,0.25,0.6,0.3,0.0,0.0,20.833625179730614,20000248
EDF-Threshold,3.4080824919083614,4,0.3333333333333333,0.2728274966478762,0.5833333333333334,0.6666666666666667,0.6,0.3,0.0,0.0,20.061614996385526,20000249
EDF-Threshold,10.499347138733803,8,0.6666666666666666,0.6311047196526681,0.75,0.33333333333333337,0.6,0.3,0.0,0.0,20.904158405520125,20000250
EDF-Threshold,9.943190540154372,8,0.6666666666666666,0.5012799119231333,0.75,0.33333333333333337,0.6,0.3,0.0,0.0,20.929938564078792,20000251
EDF-Threshold,12.157709287646894,9,0.75,0.712739212783882,0.75,0.25,0.6,0.3,0.0,0.0,22.20612413655971,20000252
EDF-Threshold,10.350825007824533,8,0.6666666666666666,0.5518328790107492,0.6666666666666666,0.33333333333333337,0.6,0.3,0.0,0.0,20.934101290217896,20000253
EDF-Threshold,1.9021623201028603,3,0.25,0.27435582055121344,0.5,0.75,0.6,0.3,0.0,0.0,19.655035820533534,20000254
EDF-Threshold,0.6287398568199918,2,0.16666666666666666,0.2013471982658631,0.5833333333333334,0.8333333333333334,0.6,0.3,0.0,0.0,20.29546921964285,20000255
EDF-Threshold,7.32130639843205,6,0.5,0.47800342332843077,0.5833333333333334,0.5,0.6,0.3,0.0,0.0,20.2563664194624,20000256
EDF-Threshold,12.113915812452694,9,0.75,0.6729462760410914,0.75,0.25,0.6,0.3,0.0,0.0,21.40310781209338,20000257
EDF-Threshold,10.743120761397906,8,0.6666666666666666,0.7053679402649007,0.6666666666666666,0.33333333333333337,0.6,0.3,0.0,0.0,20.824089092223574,20000258
EDF-Threshold,7.7290472191926725,6,0.5,0.6238746012376135,0.5833333333333334,0.5,0.6,0.3,0.0,0.0,20.549447431428963,20000259
EDF-Threshold,9.500527223309714,7,0.5833333333333334,0.5998120345533745,0.5833333333333334,0.41666666666666663,0.6,0.3,0.0,0.0,20.60473668892461,20000260
EDF-Threshold,4.505265949939643,4,0.3333333333333333,0.4246147691332802,0.5,0.6666666666666667,0.6,0.3,0.0,0.0,19.398282693748396,20000261
EDF-Threshold,3.846474789669334,4,0.3333333333333333,0.3328160647089589,0.5833333333333334,0.6666666666666667,0.6,0.3,0.0,0.0,20.467183857099354,20000262
EDF-Threshold,10.472905296953346,8,0.6666666666666666,0.6705428816842274,0.75,0.33333333333333337,0.6,0.3,0.0,0.0,22.428507682392116,20000263
EDF-Threshold,6.068304811428456,5,0.4166666666666667,0.5306540042747796,0.5,0.5833333333333333,0.6,0.3,0.0,0.0,19.473190735322227,20000264
EDF-Threshold,11.673098647514264,9,0.75,0.7380131259857752,0.75,0.25,0.6,0.3,0.0,0.0,21.659504983138394,20000265
EDF-Threshold,13.563072206616956,10,0.8333333333333334,0.7249622738955646,0.8333333333333334,0.16666666666666663,0.6,0.3,0.0,0.0,21.860269674510786,20000266
EDF-Threshold,2.3149343802286815,3,0.25,0.28588381608885977,0.5,0.75,0.6,0.3,0.0,0.0,19.654991053709626,20000267
EDF-Threshold,6.078820415913655,5,0.4166666666666667,0.45756364613099904,0.6666666666666666,0.5833333333333333,0.6,0.3,0.0,0.0,20.72364692182185,20000268
EDF-Threshold,7.114496605700484,6,0.5,0.4790557321320402,0.5833333333333334,0.5,0.6,0.3,0.0,0.0,20.25525897956425,20000269
EDF-Threshold,5.760208076607219,5,0.4166666666666667,0.4469349066451797,0.6666666666666666,0.5833333333333333,0.6,0.3,0.0,0.0,20.703689856765923,20000270
EDF-Threshold,9.02436393858001,7,0.5833333333333334,0.5901312097669127,0.6666666666666666,0.41666666666666663,0.6,0.3,0.0,0.0,20.685476839755346,20000271
EDF-Threshold,12.065475658722153,9,0.75,0.7025257142486548,0.75,0.25,0.6,0.3,0.0,0.0,21.252479534206465,20000272
EDF-Threshold,11.57445219703295,9,0.75,0.586867309155765,0.75,0.25,0.6,0.3,0.0,0.0,21.290978470354656,20000273
EDF-Threshold,8.926225350691077,7,0.5833333333333334,0.558068816977794,0.6666666666666666,0.41666666666666663,0.6,0.3,0.0,0.0,20.60762071039377,20000274
EDF-Threshold,8.549410188771503,7,0.5833333333333334,0.4981196945290486,0.75,0.41666666666666663,0.6,0.3,0.0,0.0,20.99266113880034,20000275
EDF-Threshold,10.664463807153204,8,0.6666666666666666,0.5972440900485302,0.6666666666666666,0.33333333333333337,0.6,0.3,0.0,0.0,20.867955155841926,20000276
EDF-Threshold,5.358807132552025,5,0.4166666666666667,0.35571981131138797,0.6666666666666666,0.5833333333333333,0.6,0.3,0.0,0.0,20.41241434130111,20000277
EDF-Threshold,7.463408509733224,6,0.5,0.5261418396256279,0.5833333333333334,0.5,0.6,0.3,0.0,0.0,19.75709278071713,20000278
EDF-Threshold,9.00149470318513,7,0.5833333333333334,0.5851533850575632,0.6666666666666666,0.41666666666666663,0.6,0.3,0.0,0.0,20.317521577228373,20000279
EDF-Threshold,13.617343711603226,10,0.8333333333333334,0.8673115023735012,0.8333333333333334,0.16666666666666663,0.6,0.3,0.0,0.0,22.13585774879254,20000280
EDF-Threshold,9.035144452793268,7,0.5833333333333334,0.6444017025845702,0.6666666666666666,0.41666666666666663,0.6,0.3,0.0,0.0,20.61232727447774,20000281
EDF-Threshold,7.189382889811968,6,0.5,0.4897799749786871,0.5833333333333334,0.5,0.6,0.3,0.0,0.0,20.510602322801162,20000282
EDF-Threshold,11.918791681538394,9,0.75,0.72728659401823,0.75,0.25,0.6,0.3,0.0,0.0,21.036785896919458,20000283
EDF-Threshold,9.338152829917341,7,0.5833333333333334,0.6421099283216893,0.5833333333333334,0.41666666666666663,0.6,0.3,0.0,0.0,20.52358268886577,20000284
EDF-Threshold,10.804314903272067,8,0.6666666666666666,0.6767854443299953,0.6666666666666666,0.33333333333333337,0.6,0.3,0.0,0.0,21.176460794203056,20000285
EDF-Threshold,5.792565584108629,5,0.4166666666666667,0.3815385807289389,0.5833333333333334,0.5833333333333333,0.6,0.3,0.0,0.0,19.614305128446908,20000286
EDF-Threshold,10.755232066181744,8,0.6666666666666666,0.7347127548875763,0.8333333333333334,0.33333333333333337,0.6,0.3,0.0,0.0,21.81245372922126,20000287
EDF-Threshold,9.343782539620403,7,0.5833333333333334,0.6886319518990843,0.6666666666666666,0.41666666666666663,0.6,0.3,0.0,0.0,21.077999827930658,20000288
EDF-Threshold,7.034963341364094,6,0.5,0.5309716484471715,0.6666666666666666,0.5,0.6,0.3,0.0,0.0,20.621045294714076,20000289
EDF-Threshold,3.677803705086755,4,0.3333333333333333,0.32015816649968126,0.5833333333333334,0.6666666666666667,0.6,0.3,0.0,0.0,20.0176144713701,20000290
EDF-Threshold,12.003749415133964,9,0.75,0.744632130718845,0.75,0.25,0.6,0.3,0.0,0.0,21.96012021765143,20000291
EDF-Threshold,7.294418240281699,6,0.5,0.5097255608706359,0.5833333333333334,0.5,0.6,0.3,0.0,0.0,20.749458058393593,20000292
EDF-Threshold,12.271108943788414,9,0.75,0.6961697025320529,0.75,0.25,0.6,0.3,0.0,0.0,20.92777235947104,20000293
EDF-Threshold,5.8703472890616055,5,0.4166666666666667,0.4861427775165081,0.5,0.5833333333333333,0.6,0.3,0.0,0.0,19.791261334399216,20000294
EDF-Threshold,2.404095761989554,3,0.25,0.26856577450927144,0.6666666666666666,0.75,0.6,0.3,0.0,0.0,20.167210558579953,20000295
EDF-Threshold,7.565943712922742,6,0.5,0.5271326594861834,0.5833333333333334,0.5,0.6,0.3,0.0,0.0,20.39998121136248,20000296
EDF-Threshold,10.17039954086131,8,0.6666666666666666,0.5830695078846128,0.75,0.33333333333333337,0.6,0.3,0.0,0.0,21.15274993593174,20000297
EDF-Threshold,9.132564483409809,7,0.5833333333333334,0.5473988565397967,0.75,0.41666666666666663,0.6,0.3,0.0,0.0,20.89128226776833,20000298
EDF-Threshold,8.21477802155491,7,0.5833333333333334,0.5644161398765001,0.6666666666666666,0.41666666666666663,0.6,0.3,0.0,0.0,21.193746964283388,20000299
EDF-Threshold,6.021656739763208,5,0.4166666666666667,0.48498237587503823,0.5,0.5833333333333333,0.6,0.3,0.0,0.0,19.576458755484328,20000300
EDF-Threshold,10.034156524369978,8,0.6666666666666666,0.6470455377911905,0.6666666666666666,0.33333333333333337,0.6,0.3,0.0,0.0,21.08855661764876,20000301
EDF-Threshold,7.431956381464369,6,0.5,0.46209319590380943,0.5833333333333334,0.5,0.6,0.3,0.0,0.0,20.190433560906982,20000302
EDF-Threshold,9.295633360370363,7,0.5833333333333334,0.6706236882528721,0.6666666666666666,0.41666666666666663,0.6,0.3,0.0,0.0,21.45197099705434,20000303
EDF-Threshold,13.832426261359277,10,0.8333333333333334,0.8443465305864349,0.8333333333333334,0.16666666666666663,0.6,0.3,0.0,0.0,22.654034654562068,20000304
EDF-Threshold,13.444838132686478,10,0.8333333333333334,0.8309511865475614,0.8333333333333334,0.16666666666666663,0.6,0.3,0.0,0.0,22.774207033686668,20000305
EDF-Threshold,8.375286231814206,7,0.5833333333333334,0.5599439452162591,0.6666666666666666,0.41666666666666663,0.6,0.3,0.0,0.0,20.472208201058294,20000306
EDF-Threshold,7.47665845338906,6,0.5,0.5573973148725411,0.5833333333333334,0.5,0.6,0.3,0.0,0.0,19.994467608728545,20000307
EDF-Threshold,6.919466235939261,6,0.5,0.4396842761559213,0.5833333333333334,0.5,0.6,0.3,0.0,0.0,20.46658180065134,20000308
EDF-Threshold,7.513862962270602,6,0.5,0.4862289238230248,0.5833333333333334,0.5,0.6,0.3,0.0,0.0,19.620216534869343,20000309
EDF-Threshold,8.581577044477871,7,0.5833333333333334,0.6059517569316817,0.75,0.41666666666666663,0.6,0.3,0.0,0.0,21.52101980043633,20000310
EDF-Threshold,5.810661052110544,5,0.4166666666666667,0.4610468715026317,0.6666666666666666,0.5833333333333333,0.6,0.3,0.0,0.0,20.706463779315573,20000311
EDF-Threshold,5.909802040270109,5,0.4166666666666667,0.5111127727730121,0.5833333333333334,0.5833333333333333,0.6,0.3,0.0,0.0,19.991101300757293,20000312
EDF-Threshold,2.4726824488024226,3,0.25,0.2636731384004103,0.6666666666666666,0.75,0.6,0.3,0.0,0.0,20.577809981522208,20000313
EDF-Threshold,7.526608416044084,6,0.5,0.6217956573357719,0.5833333333333334,0.5,0.6,0.3,0.0,0.0,20.537498705710203,20000314
EDF-Threshold,0.8100269744903192,2,0.16666666666666666,0.25973852583220114,0.5833333333333334,0.8333333333333334,0.6,0.3,0.0,0.0,20.553253158741473,20000315
EDF-Threshold,9.343529866393137,7,0.5833333333333334,0.5152228854674383,0.6666666666666666,0.41666666666666663,0.6,0.3,0.0,0.0,20.70782485384689,20000316
EDF-Threshold,5.672084918631,5,0.4166666666666667,0.43406055106961633,0.6666666666666666,0.5833333333333333,0.6,0.3,0.0,0.0,20.291273831498543,20000317
EDF-Threshold,2.6107535788989,3,0.25,0.3058267336115189,0.5833333333333334,0.75,0.6,0.3,0.0,0.0,19.683115176902863,20000318
EDF-Threshold,1.9809420523384387,3,0.25,0.25541203382218736,0.5,0.75,0.6,0.3,0.0,0.0,19.897128517688476,20000319
EDF-Threshold,6.642117912681753,6,0.5,0.3751008542080911,0.5833333333333334,0.5,0.6,0.3,0.0,0.0,20.32252248885111,20000320
EDF-Threshold,13.666773861503595,10,0.8333333333333334,0.7603328025977458,0.8333333333333334,0.16666666666666663,0.6,0.3,0.0,0.0,21.666934653758997,20000321
EDF-Threshold,9.562359339889055,7,0.5833333333333334,0.6425798617605624,0.5833333333333334,0.41666666666666663,0.6,0.3,0.0,0.0,19.655898349722634,20000322
EDF-Threshold,2.6227669460963225,3,0.25,0.28705910066424745,0.6666666666666666,0.75,0.6,0.3,0.0,0.0,21.08468440545667,20000323
EDF-Threshold,7.4769616073171115,6,0.5,0.49243056097940285,0.6666666666666666,0.5,0.6,0.3,0.0,0.0,21.04733809202024,20000324
EDF-Threshold,8.712266752663664,7,0.5833333333333334,0.5334165468041078,0.75,0.41666666666666663,0.6,0.3,0.0,0.0,21.533708692839895,20000325
EDF-Threshold,4.1796544719760504,4,0.3333333333333333,0.33437304174892335,0.5833333333333334,0.6666666666666667,0.6,0.3,0.0,0.0,20.66621557391287,20000326
EDF-Threshold,10.396407020918222,8,0.6666666666666666,0.6494316470585567,0.6666666666666666,0.33333333333333337,0.6,0.3,0.0,0.0,20.979354573767786,20000327
EDF-Threshold,5.285504509174633,5,0.4166666666666667,0.3426114158342514,0.6666666666666666,0.5833333333333333,0.6,0.3,0.0,0.0,21.231009772692527,20000328
EDF-Threshold,5.7486240666606445,5,0.4166666666666667,0.4098382133666388,0.5833333333333334,0.5833333333333333,0.6,0.3,0.0,0.0,20.076275409439475,20000329
EDF-Threshold,6.070667620999118,5,0.4166666666666667,0.5082637102054953,0.6666666666666666,0.5833333333333333,0.6,0.3,0.0,0.0,20.464918566343737,20000330
EDF-Threshold,7.274067993116827,6,0.5,0.5250993380932641,0.75,0.5,0.6,0.3,0.0,0.0,21.69150909510066,20000331
EDF-Threshold,2.9023509461660115,3,0.25,0.3982483927230881,0.6666666666666666,0.75,0.6,0.3,0.0,0.0,20.861556382903334,20000332
EDF-Threshold,3.6791537008339024,4,0.3333333333333333,0.3193158462658975,0.6666666666666666,0.6666666666666667,0.6,0.3,0.0,0.0,20.642564658878513,20000333
EDF-Threshold,7.209702777282407,6,0.5,0.4159662523264177,0.6666666666666666,0.5,0.6,0.3,0.0,0.0,20.790175969564203,20000334
EDF-Threshold,7.3382657928916615,6,0.5,0.5426623273564931,0.5833333333333334,0.5,0.6,0.3,0.0,0.0,20.425906458231506,20000335
EDF-Threshold,2.3575669866111415,3,0.25,0.27501434195167046,0.5833333333333334,0.75,0.6,0.3,0.0,0.0,20.111070134588385,20000336
EDF-Threshold,6.8689179203087045,6,0.5,0.3939973194913145,0.6666666666666666,0.5,0.6,0.3,0.0,0.0,20.932284371441423,20000337
EDF-Threshold,10.324716808536133,8,0.6666666666666666,0.6541239757689091,0.6666666666666666,0.33333333333333337,0.6,0.3,0.0,0.0,21.029659471960837,20000338
EDF-Threshold,10.728145811678385,8,0.6666666666666666,0.6393619187984089,0.75,0.33333333333333337,0.6,0.3,0.0,0.0,21.00856555114856,20000339
EDF-Threshold,7.270986519776919,6,0.5,0.4996729082863358,0.5833333333333334,0.5,0.6,0.3,0.0,0.0,19.948712059725015,20000340
EDF-Threshold,10.713880460024985,8,0.6666666666666666,0.6800847962309776,0.6666666666666666,0.33333333333333337,0.6,0.3,0.0,0.0,21.214295702742202,20000341
EDF-Threshold,11.974693571300996,9,0.75,0.720441237788302,0.75,0.25,0.6,0.3,0.0,0.0,21.508834562623584,20000342
EDF-Threshold,10.290029955127423,8,0.6666666666666666,0.554798600667037,0.6666666666666666,0.33333333333333337,0.6,0.3,0.0,0.0,20.8676482736402,20000343
EDF-Threshold,7.262429035961674,6,0.5,0.5245032133171779,0.5833333333333334,0.5,0.6,0.3,0.0,0.0,20.700581634697524,20000344
EDF-Threshold,4.199979846351402,4,0.3333333333333333,0.34571616812733913,0.5833333333333334,0.6666666666666667,0.6,0.3,0.0,0.0,19.904810908400027,20000345
EDF-Threshold,6.91114389706674,6,0.5,0.4588817791145447,0.5833333333333334,0.5,0.6,0.3,0.0,0.0,20.567114804424854,20000346
EDF-Threshold,7.548194632369924,6,0.5,0.5245060367250403,0.6666666666666666,0.5,0.6,0.3,0.0,0.0,20.70937089977359,20000347
EDF-Threshold,8.84315032218524,7,0.5833333333333334,0.5452699197454417,0.5833333333333334,0.41666666666666663,0.6,0.3,0.0,0.0,20.297795631831956,20000348
EDF-Threshold,13.709731827827625,10,0.8333333333333334,0.8605140733676698,0.8333333333333334,0.16666666666666663,0.6,0.3,0.0,0.0,21.77432956956906,20000349
EDF-Threshold,5.7208726396257035,5,0.4166666666666667,0.41972083632849083,0.5833333333333334,0.5833333333333333,0.6,0.3,0.0,0.0,20.291497041930125,20000350
EDF-Threshold,5.5999802698720105,5,0.4166666666666667,0.4397885195659936,0.5833333333333334,0.5833333333333333,0.6,0.3,0.0,0.0,20.72142693334044,20000351
EDF-Threshold,4.08684242403912,4,0.3333333333333333,0.39496244237313954,0.6666666666666666,0.6666666666666667,0.6,0.3,0.0,0.0,21.133501372187556,20000352
EDF-Threshold,3.9598510756385847,4,0.3333333333333333,0.3440382765781285,0.5833333333333334,0.6666666666666667,0.6,0.3,0.0,0.0,20.017296565903187,20000353
EDF-Threshold,10.375356752695058,8,0.6666666666666666,0.6332516776658648,0.6666666666666666,0.33333333333333337,0.6,0.3,0.0,0.0,21.006488198157165,20000354
EDF-Threshold,12.219988865474404,9,0.75,0.7735564146127355,0.75,0.25,0.6,0.3,0.0,0.0,21.329342296707626,20000355
EDF-Threshold,8.953384359296443,7,0.5833333333333334,0.5921657240902947,0.6666666666666666,0.41666666666666663,0.6,0.3,0.0,0.0,21.17076453226157,20000356
EDF-Threshold,8.98281553428062,7,0.5833333333333334,0.558734128082242,0.6666666666666666,0.41666666666666663,0.6,0.3,0.0,0.0,20.471125979257437,20000357
EDF-Threshold,13.35800678529499,10,0.8333333333333334,0.8390516884220678,0.8333333333333334,0.16666666666666663,0.6,0.3,0.0,0.0,22.448472691674645,20000358
EDF-Threshold,11.289130522587104,9,0.75,0.5961614436269036,0.75,0.25,0.6,0.3,0.0,0.0,21.488800881485965,20000359
EDF-Threshold,10.643002201235584,8,0.6666666666666666,0.7087645869434902,0.6666666666666666,0.33333333333333337,0.6,0.3,0.0,0.0,21.15215062373744,20000360
EDF-Threshold,3.942231589545236,4,0.3333333333333333,0.3538400837271441,0.5833333333333334,0.6666666666666667,0.6,0.3,0.0,0.0,20.404354895779385,20000361
EDF-Threshold,7.1222344276769345,6,0.5,0.47795372538850367,0.5833333333333334,0.5,0.6,0.3,0.0,0.0,19.561975412753142,20000362
EDF-Threshold,0.7824511038262523,2,0.16666666666666666,0.20576987888169748,0.5833333333333334,0.8333333333333334,0.6,0.3,0.0,0.0,19.71338199575904,20000363
EDF-Threshold,9.184646299025848,7,0.5833333333333334,0.5294187879664941,0.6666666666666666,0.41666666666666663,0.6,0.3,0.0,0.0,20.81639261737909,20000364
EDF-Threshold,5.717812628916867,5,0.4166666666666667,0.4597952482203509,0.5,0.5833333333333333,0.6,0.3,0.0,0.0,19.859316761648714,20000365
EDF-Threshold,7.345267680059644,6,0.5,0.47842226053584297,0.5,0.5,0.6,0.3,0.0,0.0,20.045332742618964,20000366
EDF-Threshold,9.119671810121398,7,0.5833333333333334,0.6083708897870647,0.6666666666666666,0.41666666666666663,0.6,0.3,0.0,0.0,20.457907569169468,20000367
EDF-Threshold,12.300722781711492,9,0.75,0.749684364133728,0.75,0.25,0.6,0.3,0.0,0.0,21.001806954278724,20000368
EDF-Threshold,7.393642770759504,6,0.5,0.4720795174442634,0.5833333333333334,0.5,0.6,0.3,0.0,0.0,19.979088323081065,20000369
EDF-Threshold,10.348855294820567,8,0.6666666666666666,0.6459777997403082,0.6666666666666666,0.33333333333333337,0.6,0.3,0.0,0.0,20.989315593807753,20000370
EDF-Threshold,10.73287033126895,8,0.6666666666666666,0.6253714614607077,0.6666666666666666,0.33333333333333337,0.6,0.3,0.0,0.0,21.041150469825517,20000371
EDF-Threshold,0.3610075442626397,2,0.16666666666666666,0.1986589056945911,0.5,0.8333333333333334,0.6,0.3,0.0,0.0,19.291820070431942,20000372
EDF-Threshold,13.535911021213948,10,0.8333333333333334,0.7976215489797726,0.8333333333333334,0.16666666666666663,0.6,0.3,0.0,0.0,22.606517777703655,20000373
EDF-Threshold,8.58515343859814,7,0.5833333333333334,0.5174573110459605,0.6666666666666666,0.41666666666666663,0.6,0.3,0.0,0.0,20.626191251674708,20000374
EDF-Threshold,3.983794241158167,4,0.3333333333333333,0.33409772497608836,0.6666666666666666,0.6666666666666667,0.6,0.3,0.0,0.0,21.36621326350648,20000375
EDF-Threshold,6.9395379482468496,6,0.5,0.48338816592496786,0.6666666666666666,0.5,0.6,0.3,0.0,0.0,20.821469403438968,20000376
EDF-Threshold,11.932878719717866,9,0.75,0.6278538024510304,0.75,0.25,0.6,0.3,0.0,0.0,21.903104049214353,20000377
EDF-Threshold,9.336524495934334,7,0.5833333333333334,0.5954014565320249,0.6666666666666666,0.41666666666666663,0.6,0.3,0.0,0.0,21.444784438892487,20000378
EDF-Threshold,3.903001417689574,4,0.3333333333333333,0.31658959534949765,0.75,0.6666666666666667,0.6,0.3,0.0,0.0,21.758851731356547,20000379
EDF-Threshold,10.501491023690171,8,0.6666666666666666,0.6847006682835258,0.6666666666666666,0.33333333333333337,0.6,0.3,0.0,0.0,20.711095424149544,20000380
EDF-Threshold,0.6502113926863418,2,0.16666666666666666,0.23039744435021406,0.5,0.8333333333333334,0.6,0.3,0.0,0.0,19.569481727433466,20000381
EDF-Threshold,10.474055318778875,8,0.6666666666666666,0.6664204160574471,0.8333333333333334,0.33333333333333337,0.6,0.3,0.0,0.0,21.817231095393616,20000382
EDF-Threshold,8.867369281928973,7,0.5833333333333334,0.5785920283950707,0.6666666666666666,0.41666666666666663,0.6,0.3,0.0,0.0,20.57367399628041,20000383
EDF-Threshold,7.283901334676736,6,0.5,0.5228455425134448,0.5833333333333334,0.5,0.6,0.3,0.0,0.0,20.435351525157717,20000384
EDF-Threshold,8.763188468566787,7,0.5833333333333334,0.5743296470600059,0.6666666666666666,0.41666666666666663,0.6,0.3,0.0,0.0,20.408846388072096,20000385
EDF-Threshold,2.3961663394333237,3,0.25,0.2758642503726284,0.5833333333333334,0.75,0.6,0.3,0.0,0.0,19.433768950132748,20000386
EDF-Threshold,10.264329506772416,8,0.6666666666666666,0.6434889711436459,0.6666666666666666,0.33333333333333337,0.6,0.3,0.0,0.0,20.242480053378745,20000387
EDF-Threshold,13.32046193921481,10,0.8333333333333334,0.7580781877798212,0.8333333333333334,0.16666666666666663,0.6,0.3,0.0,0.0,21.704725443965664,20000388
EDF-Threshold,5.836846996477996,5,0.4166666666666667,0.4583808235134604,0.6666666666666666,0.5833333333333333,0.6,0.3,0.0,0.0,20.672609176165984,20000389
EDF-Threshold,8.756812390806125,7,0.5833333333333334,0.5354997542718047,0.6666666666666666,0.41666666666666663,0.6,0.3,0.0,0.0,21.03140357531475,20000390
EDF-Threshold,11.07104873311675,8,0.6666666666666666,0.7914734631531564,0.6666666666666666,0.33333333333333337,0.6,0.3,0.0,0.0,21.259446079288345,20000391
EDF-Threshold,12.134203821456257,9,0.75,0.6887282864904639,0.75,0.25,0.6,0.3,0.0,0.0,21.956397033588992,20000392
EDF-Threshold,3.930210618581592,4,0.3333333333333333,0.38245303337004294,0.5,0.6666666666666667,0.6,0.3,0.0,0.0,19.527696794934943,20000393
EDF-Threshold,3.945213413426205,4,0.3333333333333333,0.2995195091323275,0.5833333333333334,0.6666666666666667,0.6,0.3,0.0,0.0,20.066668223962147,20000394
EDF-Threshold,10.173440505907298,8,0.6666666666666666,0.5279605577252484,0.75,0.33333333333333337,0.6,0.3,0.0,0.0,21.591409055751058,20000395
EDF-Threshold,9.337597105173021,7,0.5833333333333334,0.6860780829386305,0.6666666666666666,0.41666666666666663,0.6,0.3,0.0,0.0,21.024045132833578,20000396
EDF-Threshold,13.292158423393772,10,0.8333333333333334,0.7319835010529416,0.8333333333333334,0.16666666666666663,0.6,0.3,0.0,0.0,22.376534073968287,20000397
EDF-Threshold,13.133780722596073,10,0.8333333333333334,0.7527770930585973,0.8333333333333334,0.16666666666666663,0.6,0.3,0.0,0.0,21.942127042897546,20000398
EDF-Threshold,8.993781089591842,7,0.5833333333333334,0.5982468889878882,0.6666666666666666,0.41666666666666663,0.6,0.3,0.0,0.0,20.482264701858433,20000399
EDF-Threshold,9.005663490858582,7,0.5833333333333334,0.6161992734502933,0.75,0.41666666666666663,0.6,0.3,0.0,0.0,21.750021078338076,20000400
EDF-Threshold,4.08639924222425,4,0.3333333333333333,0.3786177424747659,0.5,0.6666666666666667,0.6,0.3,0.0,0.0,19.90998929441615,20000401
EDF-Threshold,6.312698713414924,5,0.4166666666666667,0.4480809916317924,0.5833333333333334,0.5833333333333333,0.6,0.3,0.0,0.0,19.646049429269947,20000402
EDF-Threshold,7.022319155164258,6,0.5,0.4236733725202319,0.5833333333333334,0.5,0.6,0.3,0.0,0.0,20.491943113080946,20000403
EDF-Threshold,5.546446784461285,5,0.4166666666666667,0.43887738324779774,0.5833333333333334,0.5833333333333333,0.6,0.3,0.0,0.0,20.294987150283664,20000404
EDF-Threshold,5.830549018942271,5,0.4166666666666667,0.4416010472035375,0.5,0.5833333333333333,0.6,0.3,0.0,0.0,19.593257647739613,20000405
EDF-Threshold,8.566810177138038,7,0.5833333333333334,0.5545989984316994,0.5833333333333334,0.41666666666666663,0.6,0.3,0.0,0.0,20.384972656786072,20000406
EDF-Threshold,7.3342634081464695,6,0.5,0.49425897948652703,0.6666666666666666,0.5,0.6,0.3,0.0,0.0,21.522532655016985,20000407
EDF-Threshold,3.962716868269614,4,0.3333333333333333,0.3274003914877762,0.75,0.6666666666666667,0.6,0.3,0.0,0.0,20.793566847387996,20000408
EDF-Threshold,3.872568888893265,4,0.3333333333333333,0.350818843947508,0.5833333333333334,0.6666666666666667,0.6,0.3,0.0,0.0,19.528113612605615,20000409
EDF-Threshold,10.0765350599859,8,0.6666666666666666,0.6469055020827383,0.6666666666666666,0.33333333333333337,0.6,0.3,0.0,0.0,21.15236423263388,20000410
EDF-Threshold,4.281198591459168,4,0.3333333333333333,0.3840954151591872,0.6666666666666666,0.6666666666666667,0.6,0.3,0.0,0.0,21.187386828901353,20000411
EDF-Threshold,9.401479437161957,7,0.5833333333333334,0.6339996840414708,0.5833333333333334,0.41666666666666663,0.6,0.3,0.0,0.0,20.889623595247024,20000412
EDF-Threshold,8.942072708926029,7,0.5833333333333334,0.5675163818066334,0.75,0.41666666666666663,0.6,0.3,0.0,0.0,21.33198936849121,20000413
EDF-Threshold,6.7856221196481705,6,0.5,0.46118093765521334,0.5833333333333334,0.5,0.6,0.3,0.0,0.0,20.51854968535952,20000414
EDF-Threshold,8.792020896368511,7,0.5833333333333334,0.6100464350816202,0.5833333333333334,0.41666666666666663,0.6,0.3,0.0,0.0,20.148010139246107,20000415
EDF-Threshold,7.095734750581803,6,0.5,0.45566726543776787,0.6666666666666666,0.5,0.6,0.3,0.0,0.0,21.235024095444203,20000416
EDF-Threshold,7.293103112127932,6,0.5,0.5012181624390462,0.6666666666666666,0.5,0.6,0.3,0.0,0.0,20.565147954519833,20000417
EDF-Threshold,13.770434886128887,10,0.8333333333333334,0.838394676366489,0.8333333333333334,0.16666666666666663,0.6,0.3,0.0,0.0,22.407405394867638,20000418
EDF-Threshold,9.214134395372819,7,0.5833333333333334,0.5996502318602629,0.5833333333333334,0.41666666666666663,0.6,0.3,0.0,0.0,20.202088971114645,20000419
EDF-Threshold,11.353161508667068,9,0.75,0.6463560851814316,0.75,0.25,0.6,0.3,0.0,0.0,21.82449579422225,20000420
EDF-Threshold,7.686683556536584,6,0.5,0.5135872510499138,0.5833333333333334,0.5,0.6,0.3,0.0,0.0,19.984739576237576,20000421
EDF-Threshold,11.976671438062393,9,0.75,0.6605554437374357,0.75,0.25,0.6,0.3,0.0,0.0,21.50486796429861,20000422
EDF-Threshold,11.695526012553426,9,0.75,0.6360579832199457,0.8333333333333334,0.25,0.6,0.3,0.0,0.0,21.700151899191965,20000423
EDF-Threshold,5.839602477456681,5,0.4166666666666667,0.4333600303612669,0.6666666666666666,0.5833333333333333,0.6,0.3,0.0,0.0,20.778034036014393,20000424
EDF-Threshold,5.861542594946496,5,0.4166666666666667,0.39260413702485203,0.6666666666666666,0.5833333333333333,0.6,0.3,0.0,0.0,20.638184074258977,20000425
EDF-Threshold,10.026952098625971,8,0.6666666666666666,0.5824154080951918,0.6666666666666666,0.33333333333333337,0.6,0.3,0.0,0.0,21.05738905742021,20000426
EDF-Threshold,12.044162138595343,9,0.75,0.6671671072217922,0.75,0.25,0.6,0.3,0.0,0.0,21.193331854891355,20000427
EDF-Threshold,7.375877796930286,6,0.5,0.5129143852263213,0.6666666666666666,0.5,0.6,0.3,0.0,0.0,20.564428638750872,20000428
EDF-Threshold,10.531772752093296,8,0.6666666666666666,0.73824814283065,0.75,0.33333333333333337,0.6,0.3,0.0,0.0,20.413478951908438,20000429
EDF-Threshold,12.014157707914206,9,0.75,0.7871902958679047,0.75,0.25,0.6,0.3,0.0,0.0,20.85108143078207,20000430
EDF-Threshold,7.553198438164331,6,0.5,0.5190361265010781,0.6666666666666666,0.5,0.6,0.3,0.0,0.0,20.194508210186726,20000431
EDF-Threshold,8.96742526600906,7,0.5833333333333334,0.5616977721155416,0.75,0.41666666666666663,0.6,0.3,0.0,0.0,22.359995018302868,20000432
EDF-Threshold,5.758530634503046,5,0.4166666666666667,0.3819784540409864,0.6666666666666666,0.5833333333333333,0.6,0.3,0.0,0.0,20.865025504323633,20000433
EDF-Threshold,8.533515622742321,7,0.5833333333333334,0.554319504034916,0.5833333333333334,0.41666666666666663,0.6,0.3,0.0,0.0,20.342628906062973,20000434
EDF-Threshold,10.896574616205342,8,0.6666666666666666,0.728477131224268,0.6666666666666666,0.33333333333333337,0.6,0.3,0.0,0.0,20.679959506296957,20000435
EDF-Threshold,12.037342953745883,9,0.75,0.7344557639899322,0.75,0.25,0.6,0.3,0.0,0.0,21.803660935608388,20000436
EDF-Threshold,5.611608085344257,5,0.4166666666666667,0.44823501196364046,0.6666666666666666,0.5833333333333333,0.6,0.3,0.0,0.0,21.321693459768383,20000437
EDF-Threshold,10.656640306191367,8,0.6666666666666666,0.6212469755097814,0.6666666666666666,0.33333333333333337,0.6,0.3,0.0,0.0,20.06322834980304,20000438
EDF-Threshold,5.627885909666118,5,0.4166666666666667,0.40512958952370265,0.5,0.5833333333333333,0.6,0.3,0.0,0.0,19.546756192680945,20000439
EDF-Threshold,11.188382389388405,9,0.75,0.6051829383398557,0.8333333333333334,0.25,0.6,0.3,0.0,0.0,22.44795931228158,20000440
EDF-Threshold,7.640707495500776,6,0.5,0.5017205398578664,0.5833333333333334,0.5,0.6,0.3,0.0,0.0,19.554191068314616,20000441
EDF-Threshold,13.409444115211116,10,0.8333333333333334,0.7337190744667499,0.8333333333333334,0.16666666666666663,0.6,0.3,0.0,0.0,21.82110707633096,20000442
EDF-Threshold,5.1079663073998525,5,0.4166666666666667,0.3484334435800913,0.5833333333333334,0.5833333333333333,0.6,0.3,0.0,0.0,20.457845924629062,20000443
EDF-Threshold,5.703676861206152,5,0.4166666666666667,0.3791440073111821,0.6666666666666666,0.5833333333333333,0.6,0.3,0.0,0.0,20.332470176580625,20000444
EDF-Threshold,4.045771651359235,4,0.3333333333333333,0.3153313136169823,0.6666666666666666,0.6666666666666667,0.6,0.3,0.0,0.0,20.093462272833683,20000445
EDF-Threshold,3.6136781124555153,4,0.3333333333333333,0.3246697539350538,0.5833333333333334,0.6666666666666667,0.6,0.3,0.0,0.0,20.461333806233906,20000446
EDF-Threshold,3.7164510947224896,4,0.3333333333333333,0.3097250527656297,0.5,0.6666666666666667,0.6,0.3,0.0,0.0,19.94473264379014,20000447
EDF-Threshold,5.843179858755944,5,0.4166666666666667,0.45614185359782067,0.6666666666666666,0.5833333333333333,0.6,0.3,0.0,0.0,20.79423651551324,20000448
EDF-Threshold,10.579772283929184,8,0.6666666666666666,0.6293440475905803,0.75,0.33333333333333337,0.6,0.3,0.0,0.0,21.182376109181444,20000449
EDF-Threshold,8.934348471613248,7,0.5833333333333334,0.481014903375523,0.6666666666666666,0.41666666666666663,0.6,0.3,0.0,0.0,20.509841361052924,20000450
EDF-Threshold,8.738994488041019,7,0.5833333333333334,0.5596559797448016,0.6666666666666666,0.41666666666666663,0.6,0.3,0.0,0.0,20.823195672763394,20000451
EDF-Threshold,9.107553426074793,7,0.5833333333333334,0.5319766505703135,0.5833333333333334,0.41666666666666663,0.6,0.3,0.0,0.0,20.7527323141544,20000452
EDF-Threshold,2.303628761890981,3,0.25,0.31622098921868697,0.4166666666666667,0.75,0.6,0.3,0.0,0.0,18.766607271762314,20000453
EDF-Threshold,2.330057375438507,3,0.25,0.3304775017688371,0.5,0.75,0.6,0.3,0.0,0.0,18.86620386413188,20000454
EDF-Threshold,9.288694505724447,7,0.5833333333333334,0.638259898511469,0.6666666666666666,0.41666666666666663,0.6,0.3,0.0,0.0,21.525499776343796,20000455
EDF-Threshold,10.4703595274463,8,0.6666666666666666,0.6766167846828537,0.6666666666666666,0.33333333333333337,0.6,0.3,0.0,0.0,21.065794770131653,20000456
EDF-Threshold,3.915779910963196,4,0.3333333333333333,0.29220328834618275,0.5833333333333334,0.6666666666666667,0.6,0.3,0.0,0.0,19.96517899868248,20000457
EDF-Threshold,0.5538473068231031,2,0.16666666666666666,0.20639932808269387,0.5,0.8333333333333334,0.6,0.3,0.0,0.0,18.846913129434686,20000458
EDF-Threshold,12.314507374781098,9,0.75,0.7044890681446524,0.75,0.25,0.6,0.3,0.0,0.0,21.953752923552937,20000459
EDF-Threshold,12.155657128468404,9,0.75,0.7343466868599648,0.75,0.25,0.6,0.3,0.0,0.0,21.232568504681808,20000460
EDF-Threshold,2.0558884653519423,3,0.25,0.21895227645194615,0.5833333333333334,0.75,0.6,0.3,0.0,0.0,19.640452683993605,20000461
EDF-Threshold,8.785477986299115,7,0.5833333333333334,0.5994030472840706,0.6666666666666666,0.41666666666666663,0.6,0.3,0.0,0.0,21.00447070262554,20000462
EDF-Threshold,8.874538348719918,7,0.5833333333333334,0.5039676809942278,0.6666666666666666,0.41666666666666663,0.6,0.3,0.0,0.0,20.30382946359735,20000463
EDF-Threshold,9.304397593765938,7,0.5833333333333334,0.6283953782123162,0.6666666666666666,0.41666666666666663,0.6,0.3,0.0,0.0,21.540010810101528,20000464
EDF-Threshold,7.079409404542563,6,0.5,0.48369564183734154,0.6666666666666666,0.5,0.6,0.3,0.0,0.0,20.14805291900578,20000465
EDF-Threshold,4.1360961468433635,4,0.3333333333333333,0.35538686770191225,0.5833333333333334,0.6666666666666667,0.6,0.3,0.0,0.0,20.37055784366996,20000466
EDF-Threshold,8.6519702065515,7,0.5833333333333334,0.49831110000402234,0.8333333333333334,0.41666666666666663,0.6,0.3,0.0,0.0,22.08814039673867,20000467
EDF-Threshold,11.91648304719388,9,0.75,0.6974920287547907,0.75,0.25,0.6,0.3,0.0,0.0,21.66894786162169,20000468
EDF-Threshold,8.874205237127658,7,0.5833333333333334,0.5437105505577261,0.6666666666666666,0.41666666666666663,0.6,0.3,0.0,0.0,21.314729027962397,20000469
EDF-Threshold,11.943014920769262,9,0.75,0.7913659080167297,0.75,0.25,0.6,0.3,0.0,0.0,22.009703708805574,20000470
EDF-Threshold,10.693472673737741,8,0.6666666666666666,0.6590894344510294,0.6666666666666666,0.33333333333333337,0.6,0.3,0.0,0.0,21.25137558187272,20000471
EDF-Threshold,9.076746476838123,7,0.5833333333333334,0.5718033916749699,0.6666666666666666,0.41666666666666663,0.6,0.3,0.0,0.0,20.883970999252572,20000472
EDF-Threshold,10.25009282788228,8,0.6666666666666666,0.5877245660651064,0.75,0.33333333333333337,0.6,0.3,0.0,0.0,20.811130030180262,20000473
EDF-Threshold,9.200771973568349,7,0.5833333333333334,0.5652578713059533,0.6666666666666666,0.41666666666666663,0.6,0.3,0.0,0.0,20.611762539709527,20000474
EDF-Threshold,3.529319186169162,4,0.3333333333333333,0.29777440570025204,0.5833333333333334,0.6666666666666667,0.6,0.3,0.0,0.0,20.21430001960754,20000475
EDF-Threshold,8.7941206195877,7,0.5833333333333334,0.6358077995677192,0.6666666666666666,0.41666666666666663,0.6,0.3,0.0,0.0,21.345845939384084,20000476
EDF-Threshold,9.311090360406002,7,0.5833333333333334,0.6505653740272994,0.5833333333333334,0.41666666666666663,0.6,0.3,0.0,0.0,20.167392260098044,20000477
EDF-Threshold,7.548949612881284,6,0.5,0.5133534805451442,0.5833333333333334,0.5,0.6,0.3,0.0,0.0,20.06418992139753,20000478
EDF-Threshold,5.637155100844981,5,0.4166666666666667,0.38011260492182,0.6666666666666666,0.5833333333333333,0.6,0.3,0.0,0.0,20.42610671198182,20000479
EDF-Threshold,10.326957462180212,8,0.6666666666666666,0.5390922519191726,0.6666666666666666,0.33333333333333337,0.6,0.3,0.0,0.0,20.45697679236666,20000480
EDF-Threshold,11.900163504029244,9,0.75,0.7252193352255326,0.75,0.25,0.6,0.3,0.0,0.0,21.682520729992508,20000481
EDF-Threshold,2.142172527614251,3,0.25,0.280511507256998,0.5,0.75,0.6,0.3,0.0,0.0,19.42733702061716,20000482
EDF-Threshold,11.8949725318149,9,0.75,0.6863095583142139,0.75,0.25,0.6,0.3,0.0,0.0,21.817647231212696,20000483
EDF-Threshold,5.868635161115588,5,0.4166666666666667,0.4341310116354824,0.5833333333333334,0.5833333333333333,0.6,0.3,0.0,0.0,19.93485016035081,20000484
EDF-Threshold,10.33710316085796,8,0.6666666666666666,0.5852097652423386,0.6666666666666666,0.33333333333333337,0.6,0.3,0.0,0.0,21.255073450128535,20000485
EDF-Threshold,10.511476795324592,8,0.6666666666666666,0.6462697428277475,0.6666666666666666,0.33333333333333337,0.6,0.3,0.0,0.0,20.965878217275332,20000486
EDF-Threshold,7.080184733758742,6,0.5,0.4902934675768159,0.5833333333333334,0.5,0.6,0.3,0.0,0.0,20.6607908158914,20000487
EDF-Threshold,3.8325224857997586,4,0.3333333333333333,0.34565165812700577,0.5833333333333334,0.6666666666666667,0.6,0.3,0.0,0.0,20.225004555795838,20000488
EDF-Threshold,8.883420278490723,7,0.5833333333333334,0.5666566836027362,0.5833333333333334,0.41666666666666663,0.6,0.3,0.0,0.0,20.03390162149913,20000489
EDF-Threshold,7.443543180282054,6,0.5,0.5217719022872419,0.6666666666666666,0.5,0.6,0.3,0.0,0.0,20.370376141167124,20000490
EDF-Threshold,10.439240315023966,8,0.6666666666666666,0.5513131511142672,0.6666666666666666,0.33333333333333337,0.6,0.3,0.0,0.0,20.76905722502263,20000491
EDF-Threshold,7.507264056075298,6,0.5,0.5667992215608707,0.5833333333333334,0.5,0.6,0.3,0.0,0.0,19.928891201432297,20000492
EDF-Threshold,4.511614368210873,4,0.3333333333333333,0.394690670453072,0.6666666666666666,0.6666666666666667,0.6,0.3,0.0,0.0,20.439993824533644,20000493
EDF-Threshold,10.431523852125496,8,0.6666666666666666,0.6127358842365211,0.75,0.33333333333333337,0.6,0.3,0.0,0.0,21.367474114508607,20000494
EDF-Threshold,10.78332756872767,8,0.6666666666666666,0.630428516435735,0.6666666666666666,0.33333333333333337,0.6,0.3,0.0,0.0,20.424776903805586,20000495
EDF-Threshold,11.980419356493568,9,0.75,0.652113743572076,0.8333333333333334,0.25,0.6,0.3,0.0,0.0,22.002431178167427,20000496
EDF-Threshold,11.759462033399666,9,0.75,0.6498629734628306,0.75,0.25,0.6,0.3,0.0,0.0,21.826121284434766,20000497
EDF-Threshold,5.4043622497886075,5,0.4166666666666667,0.34703661212713455,0.6666666666666666,0.5833333333333333,0.6,0.3,0.0,0.0,21.31090044897665,20000498
EDF-Threshold,5.80412165564922,5,0.4166666666666667,0.46234038458688387,0.5833333333333334,0.5833333333333333,0.6,0.3,0.0,0.0,20.273380066383,20000499
SPT-Periodic,11.637240739849094,9,0.75,0.6017113250689397,0.75,0.25,0.6,0.3,0.0,0.08333333333333333,20.1923444276594,20000000
SPT-Periodic,10.060505519807986,8,0.6666666666666666,0.5225479048372704,0.75,0.33333333333333337,0.6,0.3,0.0,0.08333333333333333,20.29114791203041,20000001
SPT-Periodic,11.949645687379235,9,0.75,0.6384771204178709,0.75,0.25,0.6,0.3,0.0,0.08333333333333333,20.12411421844809,20000002
SPT-Periodic,8.08548817132153,7,0.5833333333333334,0.4168645326674607,0.75,0.41666666666666663,0.6,0.3,0.0,0.08333333333333333,19.678682566227906,20000003
SPT-Periodic,11.276475610983825,9,0.75,0.5968526241457307,0.75,0.25,0.6,0.3,0.0,0.08333333333333333,21.05591631288345,20000004
SPT-Periodic,6.609841702734014,6,0.5,0.3779127350554382,0.6666666666666666,0.5,0.6,0.3,0.0,0.08333333333333333,19.464123986297572,20000005
SPT-Periodic,5.171396671232659,5,0.4166666666666667,0.2898428682320316,0.6666666666666666,0.5833333333333333,0.6,0.3,0.0,0.08333333333333333,19.41841357063811,20000006
SPT-Periodic,7.8889441694591245,7,0.5833333333333334,0.3954788957597975,0.6666666666666666,0.41666666666666663,0.6,0.3,0.0,0.08333333333333333,20.166863054383683,20000007
SPT-Periodic,10.507994654190261,8,0.6666666666666666,0.5558190599760571,0.6666666666666666,0.33333333333333337,0.6,0.3,0.0,0.08333333333333333,20.138516214880102,20000008
SPT-Periodic,6.305898901897688,6,0.5,0.35249258332735145,0.6666666666666666,0.5,0.6,0.3,0.0,0.08333333333333333,20.18720856902137,20000009
SPT-Periodic,8.260894586718273,7,0.5833333333333334,0.4299865229985015,0.6666666666666666,0.41666666666666663,0.6,0.3,0.0,0.08333333333333333,18.62192251757396,20000010
SPT-Periodic,8.061427806571565,7,0.5833333333333334,0.45771685114879296,0.75,0.41666666666666663,0.6,0.3,0.0,0.08333333333333333,20.732279350139148,20000011
SPT-Periodic,7.770952192186032,7,0.5833333333333334,0.35796787298085225,0.75,0.41666666666666663,0.6,0.3,0.0,0.08333333333333333,20.38615144409653,20000012
SPT-Periodic,6.401531133928253,6,0.5,0.35182580251572854,0.6666666666666666,0.5,0.6,0.3,0.0,0.08333333333333333,20.174607100265128,20000013
SPT-Periodic,6.390393922514466,6,0.5,0.35773014560050015,0.6666666666666666,0.5,0.6,0.3,0.0,0.08333333333333333,19.34309731409802,20000014
SPT-Periodic,7.948205424864662,7,0.5833333333333334,0.4176663913732657,0.6666666666666666,0.41666666666666663,0.6,0.3,0.0,0.08333333333333333,20.033250238636054,20000015
SPT-Periodic,9.844881047916873,8,0.6666666666666666,0.5272351251465728,0.75,0.33333333333333337,0.6,0.3,0.0,0.08333333333333333,21.212302721675186,20000016
SPT-Periodic,8.182160457481782,7,0.5833333333333334,0.4504208922507818,0.75,0.41666666666666663,0.6,0.3,0.0,0.08333333333333333,19.68791121210271,20000017
SPT-Periodic,7.141762453282605,6,0.5,0.42784535215227115,0.5833333333333334,0.5,0.6,0.3,0.0,0.08333333333333333,19.06232111113173,20000018
SPT-Periodic,9.701467879046858,8,0.6666666666666666,0.4893588136526981,0.75,0.33333333333333337,0.6,0.3,0.0,0.08333333333333333,20.417160648873377,20000019
SPT-Periodic,7.974872771177305,7,0.5833333333333334,0.4171760025102818,0.6666666666666666,0.41666666666666663,0.6,0.3,0.0,0.08333333333333333,20.03165048587999,20000020
SPT-Periodic,9.676960160468592,8,0.6666666666666666,0.5559937984308394,0.75,0.33333333333333337,0.6,0.3,0.0,0.08333333333333333,20.493753897380017,20000021
SPT-Periodic,8.213072582174611,7,0.5833333333333334,0.4226116668172945,0.75,0.41666666666666663,0.6,0.3,0.0,0.08333333333333333,19.88626109261205,20000022
SPT-Periodic,8.265497355052155,7,0.5833333333333334,0.45349555799598995,0.6666666666666666,0.41666666666666663,0.6,0.3,0.0,0.08333333333333333,19.754564951196564,20000023
SPT-Periodic,10.093296719171752,8,0.6666666666666666,0.5353835425304099,0.75,0.33333333333333337,0.6,0.3,0.0,0.08333333333333333,20.308786935270852,20000024
SPT-Periodic,10.568299638624708,8,0.6666666666666666,0.571809895580389,0.6666666666666666,0.33333333333333337,0.6,0.3,0.0,0.08333333333333333,19.420749096561767,20000025
SPT-Periodic,9.618300456951218,8,0.6666666666666666,0.5175680292596773,0.75,0.33333333333333337,0.6,0.3,0.0,0.08333333333333333,20.198450208109044,20000026
SPT-Periodic,9.816203378858171,8,0.6666666666666666,0.5239735647987382,0.75,0.33333333333333337,0.6,0.3,0.0,0.08333333333333333,20.828317572268453,20000027
SPT-Periodic,8.179539005783703,7,0.5833333333333334,0.4673537578790371,0.75,0.41666666666666663,0.6,0.3,0.0,0.08333333333333333,20.071464503663556,20000028
SPT-Periodic,9.221653314214226,8,0.6666666666666666,0.45191212944841064,0.75,0.33333333333333337,0.6,0.3,0.0,0.08333333333333333,20.722941312808505,20000029
SPT-Periodic,7.234629713295673,6,0.5,0.41142185686345273,0.5833333333333334,0.5,0.6,0.3,0.0,0.08333333333333333,19.335880571354135,20000030
SPT-Periodic,8.618726571752974,7,0.5833333333333334,0.4866779408710495,0.6666666666666666,0.41666666666666663,0.6,0.3,0.0,0.08333333333333333,19.885515562610678,20000031
SPT-Periodic,7.972889105456122,7,0.5833333333333334,0.43423997102097245,0.6666666666666666,0.41666666666666663,0.6,0.3,0.0,0.08333333333333333,20.105358753489178,20000032
SPT-Periodic,8.130850352202003,7,0.5833333333333334,0.4188903203943658,0.6666666666666666,0.41666666666666663,0.6,0.3,0.0,0.08333333333333333,19.25468961071435,20000033
SPT-Periodic,5.982547978803637,6,0.5,0.2939906854284111,0.6666666666666666,0.5,0.6,0.3,0.0,0.08333333333333333,19.58360264808635,20000034
SPT-Periodic,6.737988149238689,6,0.5,0.35299159007771347,0.75,0.5,0.6,0.3,0.0,0.08333333333333333,20.081554326629497,20000035
SPT-Periodic,12.662594919910447,10,0.8333333333333334,0.6743699580680451,0.8333333333333334,0.16666666666666663,0.6,0.3,0.0,0.08333333333333333,20.860745242210974,20000036
SPT-Periodic,8.616483657402599,7,0.5833333333333334,0.46935187142784357,0.6666666666666666,0.41666666666666663,0.6,0.3,0.0,0.08333333333333333,20.414288779498833,20000037
SPT-Periodic,11.60460590729164,9,0.75,0.6162550224034812,0.75,0.25,0.6,0.3,0.0,0.08333333333333333,21.02781990982157,20000038
SPT-Periodic,6.740945839040446,6,0.5,0.3920597344916883,0.6666666666666666,0.5,0.6,0.3,0.0,0.08333333333333333,20.215819885238645,20000039
SPT-Periodic,6.691018945533737,6,0.5,0.37666298157757777,0.5833333333333334,0.5,0.6,0.3,0.0,0.08333333333333333,19.647756830922567,20000040
SPT-Periodic,11.895329978772118,9,0.75,0.6080376190668283,0.75,0.25,0.6,0.3,0.0,0.08333333333333333,20.83386645748468,20000041
SPT-Periodic,7.9688818143458935,7,0.5833333333333334,0.37674894160355227,0.75,0.41666666666666663,0.6,0.3,0.0,0.08333333333333333,19.6714766791911,20000042
SPT-Periodic,9.783860051680909,8,0.6666666666666666,0.5153478221070702,0.75,0.33333333333333337,0.6,0.3,0.0,0.08333333333333333,19.911376738472203,20000043
SPT-Periodic,6.955578993231164,6,0.5,0.41786684365446153,0.6666666666666666,0.5,0.6,0.3,0.0,0.08333333333333333,19.373198801155368,20000044
SPT-Periodic,8.393330569107572,7,0.5833333333333334,0.47195831760639945,0.5833333333333334,0.41666666666666663,0.6,0.3,0.0,0.08333333333333333,19.398236868571864,20000045
SPT-Periodic,4.91050976629559,5,0.4166666666666667,0.2731407054736645,0.6666666666666666,0.5833333333333333,0.6,0.3,0.0,0.08333333333333333,18.71875787626735,20000046
SPT-Periodic,11.218533960149394,9,0.75,0.5697520401531777,0.8333333333333334,0.25,0.6,0.3,0.0,0.08333333333333333,20.807086807167757,20000047
SPT-Periodic,8.40146591571719,7,0.5833333333333334,0.4779967210662703,0.6666666666666666,0.41666666666666663,0.6,0.3,0.0,0.08333333333333333,20.03059484277787,20000048
SPT-Periodic,9.66027194494565,8,0.6666666666666666,0.5033694445881409,0.75,0.33333333333333337,0.6,0.3,0.0,0.08333333333333333,19.768485676801497,20000049
SPT-Periodic,9.948095557338894,8,0.6666666666666666,0.5260701996831968,0.75,0.33333333333333337,0.6,0.3,0.0,0.08333333333333333,19.61215671984659,20000050
SPT-Periodic,8.071863148311063,7,0.5833333333333334,0.4243953487223561,0.6666666666666666,0.41666666666666663,0.6,0.3,0.0,0.08333333333333333,20.41866481030615,20000051
SPT-Periodic,6.610192011122779,6,0.5,0.37874749221425474,0.6666666666666666,0.5,0.6,0.3,0.0,0.08333333333333333,20.097072423938197,20000052
SPT-Periodic,8.162835447362085,7,0.5833333333333334,0.42520048076674494,0.75,0.41666666666666663,0.6,0.3,0.0,0.08333333333333333,19.85304671909415,20000053
SPT-Periodic,11.732567000345739,9,0.75,0.6144546027491897,0.75,0.25,0.6,0.3,0.0,0.08333333333333333,19.58141750086434,20000054
SPT-Periodic,8.23594943159166,7,0.5833333333333334,0.41459790825273696,0.75,0.41666666666666663,0.6,0.3,0.0,0.08333333333333333,20.022979817245375,20000055
SPT-Periodic,9.893403646051466,8,0.6666666666666666,0.5060396671148923,0.75,0.33333333333333337,0.6,0.3,0.0,0.08333333333333333,20.024026073782334,20000056
SPT-Periodic,8.786134733495382,7,0.5833333333333334,0.4771104049647672,0.5833333333333334,0.41666666666666663,0.6,0.3,0.0,0.08333333333333333,18.56157833356439,20000057
SPT-Periodic,9.82811342755076,8,0.6666666666666666,0.502770912203083,0.75,0.33333333333333337,0.6,0.3,0.0,0.08333333333333333,20.689151408565564,20000058
SPT-Periodic,6.742359130300535,6,0.5,0.3958679084871478,0.5833333333333334,0.5,0.6,0.3,0.0,0.08333333333333333,19.246700576283043,20000059
SPT-Periodic,9.931565109809611,8,0.6666666666666666,0.4992649438872711,0.75,0.33333333333333337,0.6,0.3,0.0,0.08333333333333333,20.05708414567726,20000060
SPT-Periodic,6.5636626473413475,6,0.5,0.3706596202032632,0.5833333333333334,0.5,0.6,0.3,0.0,0.08333333333333333,18.996747480473005,20000061
SPT-Periodic,8.54915876787997,7,0.5833333333333334,0.4367017359110025,0.6666666666666666,0.41666666666666663,0.6,0.3,0.0,0.08333333333333333,19.447319059107247,20000062
SPT-Periodic,6.666736569795551,6,0.5,0.35059895474592934,0.6666666666666666,0.5,0.6,0.3,0.0,0.08333333333333333,18.91808664458782,20000063
SPT-Periodic,6.365643712960105,6,0.5,0.32600075674186313,0.75,0.5,0.6,0.3,0.0,0.08333333333333333,20.288683126411378,20000064
SPT-Periodic,8.126022661514401,7,0.5833333333333334,0.414739488768574,0.6666666666666666,0.41666666666666663,0.6,0.3,0.0,0.08333333333333333,19.685895340798627,20000065
SPT-Periodic,8.383104891047761,7,0.5833333333333334,0.45159206807465446,0.6666666666666666,0.41666666666666663,0.6,0.3,0.0,0.08333333333333333,19.66422921661656,20000066
SPT-Periodic,10.152341947202096,8,0.6666666666666666,0.5414671940302918,0.75,0.33333333333333337,0.6,0.3,0.0,0.08333333333333333,19.985892016449455,20000067
SPT-Periodic,6.595025710969779,6,0.5,0.390213214606635,0.5833333333333334,0.5,0.6,0.3,0.0,0.08333333333333333,19.381370797178466,20000068
SPT-Periodic,9.926380908800605,8,0.6666666666666666,0.4917418976229022,0.8333333333333334,0.33333333333333337,0.6,0.3,0.0,0.08333333333333333,21.332576883029958,20000069
SPT-Periodic,8.284732324608463,7,0.5833333333333334,0.4583300786005191,0.6666666666666666,0.41666666666666663,0.6,0.3,0.0,0.08333333333333333,20.182559772373008,20000070
SPT-Periodic,4.78699926844101,5,0.4166666666666667,0.3082891861899211,0.5833333333333334,0.5833333333333333,0.6,0.3,0.0,0.08333333333333333,19.30079154758597,20000071
SPT-Periodic,6.568720129481486,6,0.5,0.3751222733362928,0.75,0.5,0.6,0.3,0.0,0.08333333333333333,20.924276865746542,20000072
SPT-Periodic,9.761534900713134,8,0.6666666666666666,0.5117246719865606,0.6666666666666666,0.33333333333333337,0.6,0.3,0.0,0.08333333333333333,20.4374193122733,20000073
SPT-Periodic,8.365074828533718,7,0.5833333333333334,0.46273897400082126,0.6666666666666666,0.41666666666666663,0.6,0.3,0.0,0.08333333333333333,20.284267862585455,20000074
SPT-Periodic,6.8070226896584485,6,0.5,0.39192873418803137,0.5833333333333334,0.5,0.6,0.3,0.0,0.08333333333333333,19.989826443313852,20000075
SPT-Periodic,6.469441737649685,6,0.5,0.35237136114150275,0.5833333333333334,0.5,0.6,0.3,0.0,0.08333333333333333,18.523218901977906,20000076
SPT-Periodic,9.759074962938442,8,0.6666666666666666,0.5068560293152301,0.75,0.33333333333333337,0.6,0.3,0.0,0.08333333333333333,20.048078117183422,20000077
SPT-Periodic,9.996938360952118,8,0.6666666666666666,0.5249526298360363,0.75,0.33333333333333337,0.6,0.3,0.0,0.08333333333333333,20.592375052883725,20000078
SPT-Periodic,7.825988348554768,7,0.5833333333333334,0.40576900691778944,0.6666666666666666,0.41666666666666663,0.6,0.3,0.0,0.08333333333333333,19.722005400038764,20000079
SPT-Periodic,8.60733520291127,7,0.5833333333333334,0.45699673506863026,0.6666666666666666,0.41666666666666663,0.6,0.3,0.0,0.08333333333333333,19.534765469647976,20000080
SPT-Periodic,8.8433721185004,7,0.5833333333333334,0.4663476112814673,0.6666666666666666,0.41666666666666663,0.6,0.3,0.0,0.08333333333333333,19.57795573188997,20000081
SPT-Periodic,8.369716034239744,7,0.5833333333333334,0.4357961787109717,0.8333333333333334,0.41666666666666663,0.6,0.3,0.0,0.08333333333333333,21.255369756099157,20000082
SPT-Periodic,6.6241114521540645,6,0.5,0.3540228075726399,0.75,0.5,0.6,0.3,0.0,0.08333333333333333,20.251337723470233,20000083
SPT-Periodic,7.772398355085793,7,0.5833333333333334,0.39545758113041485,0.6666666666666666,0.41666666666666663,0.6,0.3,0.0,0.08333333333333333,19.5014687064422,20000084
SPT-Periodic,6.75966139299951,6,0.5,0.3599645437685381,0.6666666666666666,0.5,0.6,0.3,0.0,0.08333333333333333,19.55779231560198,20000085
SPT-Periodic,8.274754233102726,7,0.5833333333333334,0.4474094260225594,0.6666666666666666,0.41666666666666663,0.6,0.3,0.0,0.08333333333333333,19.47592599516782,20000086
SPT-Periodic,9.899350672742525,8,0.6666666666666666,0.5362906636339961,0.6666666666666666,0.33333333333333337,0.6,0.3,0.0,0.08333333333333333,20.04780970257075,20000087
SPT-Periodic,8.534873110134056,7,0.5833333333333334,0.44797148091151706,0.6666666666666666,0.41666666666666663,0.6,0.3,0.0,0.08333333333333333,19.568072309573115,20000088
SPT-Periodic,6.467950590229951,6,0.5,0.35388133188339504,0.75,0.5,0.6,0.3,0.0,0.08333333333333333,20.430455784302215,20000089
SPT-Periodic,8.448066507280123,7,0.5833333333333334,0.46172717329018675,0.75,0.41666666666666663,0.6,0.3,0.0,0.08333333333333333,19.8259259244317,20000090
SPT-Periodic,10.139871646558962,8,0.6666666666666666,0.537653202649048,0.75,0.33333333333333337,0.6,0.3,0.0,0.08333333333333333,20.578715120423464,20000091
SPT-Periodic,8.267235976233739,7,0.5833333333333334,0.44929898411948077,0.5833333333333334,0.41666666666666663,0.6,0.3,0.0,0.08333333333333333,18.950011653390277,20000092
SPT-Periodic,9.577678346755475,8,0.6666666666666666,0.5105941986495456,0.75,0.33333333333333337,0.6,0.3,0.0,0.08333333333333333,20.471645440910276,20000093
SPT-Periodic,7.945832750925433,7,0.5833333333333334,0.40079118496278243,0.75,0.41666666666666663,0.6,0.3,0.0,0.08333333333333333,20.200720591196582,20000094
SPT-Periodic,4.81338798950279,5,0.4166666666666667,0.2821655529270478,0.5833333333333334,0.5833333333333333,0.6,0.3,0.0,0.08333333333333333,18.750788343310298,20000095
SPT-Periodic,9.916734432411605,8,0.6666666666666666,0.5020921214023156,0.75,0.33333333333333337,0.6,0.3,0.0,0.08333333333333333,19.97473592292881,20000096
SPT-Periodic,6.7341752947546905,6,0.5,0.3704577566823109,0.6666666666666666,0.5,0.6,0.3,0.0,0.08333333333333333,18.826496309915765,20000097
SPT-Periodic,8.670332371147463,7,0.5833333333333334,0.47859064677599616,0.6666666666666666,0.41666666666666663,0.6,0.3,0.0,0.08333333333333333,19.574183450101916,20000098
SPT-Periodic,8.09925348893143,7,0.5833333333333334,0.4030028486863422,0.75,0.41666666666666663,0.6,0.3,0.0,0.08333333333333333,19.65892311484338,20000099
SPT-Periodic,9.897811521640934,8,0.6666666666666666,0.5364880931268018,0.6666666666666666,0.33333333333333337,0.6,0.3,0.0,0.08333333333333333,20.055409471531156,20000100
SPT-Periodic,8.162339780178668,7,0.5833333333333334,0.40198508816006634,0.6666666666666666,0.41666666666666663,0.6,0.3,0.0,0.08333333333333333,19.436755544767916,20000101
SPT-Periodic,9.654970127025166,8,0.6666666666666666,0.5052066353547618,0.75,0.33333333333333337,0.6,0.3,0.0,0.08333333333333333,20.3559919128261,20000102
SPT-Periodic,10.21254600042881,8,0.6666666666666666,0.5398084178866643,0.75,0.33333333333333337,0.6,0.3,0.0,0.08333333333333333,20.52950109758717,20000103
SPT-Periodic,9.869356256025812,8,0.6666666666666666,0.5288732464796319,0.6666666666666666,0.33333333333333337,0.6,0.3,0.0,0.08333333333333333,19.467607858475038,20000104
SPT-Periodic,11.561974409932331,9,0.75,0.6150109992674158,0.8333333333333334,0.25,0.6,0.3,0.0,0.08333333333333333,20.931553636959585,20000105
SPT-Periodic,8.434283999156634,7,0.5833333333333334,0.45268828188521637,0.6666666666666666,0.41666666666666663,0.6,0.3,0.0,0.08333333333333333,19.46088717145886,20000106
SPT-Periodic,7.903675121532123,7,0.5833333333333334,0.40429622012206295,0.75,0.41666666666666663,0.6,0.3,0.0,0.08333333333333333,20.24019867190641,20000107
SPT-Periodic,7.9920769288690305,7,0.5833333333333334,0.4396914376221882,0.75,0.41666666666666663,0.6,0.3,0.0,0.08333333333333333,20.269906145883702,20000108
SPT-Periodic,5.120023037898983,5,0.4166666666666667,0.31023255689871626,0.5833333333333334,0.5833333333333333,0.6,0.3,0.0,0.08333333333333333,19.019694936875297,20000109
SPT-Periodic,6.196482818500875,6,0.5,0.29492901654757503,0.6666666666666666,0.5,0.6,0.3,0.0,0.08333333333333333,19.482638313475633,20000110
SPT-Periodic,10.346861339633428,8,0.6666666666666666,0.5391461306701056,0.75,0.33333333333333337,0.6,0.3,0.0,0.08333333333333333,20.54657117787675,20000111
SPT-Periodic,8.971525623673033,7,0.5833333333333334,0.5162181299196543,0.5833333333333334,0.41666666666666663,0.6,0.3,0.0,0.08333333333333333,18.627907423069296,20000112
SPT-Periodic,4.5303739068191575,5,0.4166666666666667,0.22809567599500186,0.75,0.5833333333333333,0.6,0.3,0.0,0.08333333333333333,20.027480048012706,20000113
SPT-Periodic,8.554638760970562,7,0.5833333333333334,0.45919812937645926,0.6666666666666666,0.41666666666666663,0.6,0.3,0.0,0.08333333333333333,19.346630175515795,20000114
SPT-Periodic,8.41977652891819,7,0.5833333333333334,0.4415870046427731,0.6666666666666666,0.41666666666666663,0.6,0.3,0.0,0.08333333333333333,19.55356078682376,20000115
SPT-Periodic,8.321804856708555,7,0.5833333333333334,0.4677294052062497,0.75,0.41666666666666663,0.6,0.3,0.0,0.08333333333333333,20.00395797944434,20000116
SPT-Periodic,8.270328614729372,7,0.5833333333333334,0.43620749783761,0.75,0.41666666666666663,0.6,0.3,0.0,0.08333333333333333,20.551713802848724,20000117
SPT-Periodic,7.7536100422146745,7,0.5833333333333334,0.37998251518020915,0.6666666666666666,0.41666666666666663,0.6,0.3,0.0,0.08333333333333333,20.087441753811923,20000118
SPT-Periodic,4.798441248020114,5,0.4166666666666667,0.3030524854528947,0.5833333333333334,0.5833333333333333,0.6,0.3,0.0,0.08333333333333333,19.143007616331317,20000119
SPT-Periodic,4.691211846585585,5,0.4166666666666667,0.2400209921161233,0.6666666666666666,0.5833333333333333,0.6,0.3,0.0,0.08333333333333333,18.94881756717602,20000120
SPT-Periodic,8.52760789635488,7,0.5833333333333334,0.48204427401468103,0.5833333333333334,0.41666666666666663,0.6,0.3,0.0,0.08333333333333333,19.661340324219776,20000121
SPT-Periodic,8.416767605792717,7,0.5833333333333334,0.4845458001430315,0.6666666666666666,0.41666666666666663,0.6,0.3,0.0,0.08333333333333333,19.733138669291538,20000122
SPT-Periodic,7.74530428313545,7,0.5833333333333334,0.39778421794801294,0.75,0.41666666666666663,0.6,0.3,0.0,0.08333333333333333,20.260493834568695,20000123
SPT-Periodic,7.825195457158659,7,0.5833333333333334,0.40937308004545797,0.75,0.41666666666666663,0.6,0.3,0.0,0.08333333333333333,20.285074512925487,20000124
SPT-Periodic,7.994491295591153,7,0.5833333333333334,0.4235566030756823,0.75,0.41666666666666663,0.6,0.3,0.0,0.08333333333333333,19.728074064806705,20000125
SPT-Periodic,8.432946233392112,7,0.5833333333333334,0.48510843988392,0.5833333333333334,0.41666666666666663,0.6,0.3,0.0,0.08333333333333333,19.50379269442211,20000126
SPT-Periodic,8.499193030534562,7,0.5833333333333334,0.46950071682809574,0.6666666666666666,0.41666666666666663,0.6,0.3,0.0,0.08333333333333333,20.405987158537922,20000127
SPT-Periodic,9.67869335012704,8,0.6666666666666666,0.5257906179464193,0.75,0.33333333333333337,0.6,0.3,0.0,0.08333333333333333,20.134785483713355,20000128
SPT-Periodic,12.072332038455158,9,0.75,0.6373163998774446,0.75,0.25,0.6,0.3,0.0,0.08333333333333333,20.430830096137907,20000129
SPT-Periodic,9.818162567507745,8,0.6666666666666666,0.49547115792546215,0.75,0.33333333333333337,0.6,0.3,0.0,0.08333333333333333,19.730177457160227,20000130
SPT-Periodic,6.923598202982875,6,0.5,0.37753946889124523,0.6666666666666666,0.5,0.6,0.3,0.0,0.08333333333333333,19.91591894760371,20000131
SPT-Periodic,6.7365045984832985,6,0.5,0.35719617017956334,0.75,0.5,0.6,0.3,0.0,0.08333333333333333,20.31058323038171,20000132
SPT-Periodic,8.009668626056207,7,0.5833333333333334,0.4462443679080641,0.75,0.41666666666666663,0.6,0.3,0.0,0.08333333333333333,20.411235052756027,20000133
SPT-Periodic,9.928602396058395,8,0.6666666666666666,0.5085734432482247,0.75,0.33333333333333337,0.6,0.3,0.0,0.08333333333333333,19.853194999444625,20000134
SPT-Periodic,8.066353453685078,7,0.5833333333333334,0.4289446591570971,0.6666666666666666,0.41666666666666663,0.6,0.3,0.0,0.08333333333333333,20.259962565816195,20000135
SPT-Periodic,10.016092427310634,8,0.6666666666666666,0.5179622587634923,0.75,0.33333333333333337,0.6,0.3,0.0,0.08333333333333333,19.81249372470942,20000136
SPT-Periodic,10.102941960804394,8,0.6666666666666666,0.5260841058014216,0.75,0.33333333333333337,0.6,0.3,0.0,0.08333333333333333,20.02843424154292,20000137
SPT-Periodic,10.17520459156619,8,0.6666666666666666,0.5517000540450726,0.6666666666666666,0.33333333333333337,0.6,0.3,0.0,0.08333333333333333,19.766452408014022,20000138
SPT-Periodic,8.345237972180444,7,0.5833333333333334,0.44317546772749244,0.75,0.41666666666666663,0.6,0.3,0.0,0.08333333333333333,19.754629013240553,20000139
SPT-Periodic,11.1689906158371,9,0.75,0.5820700824771015,0.8333333333333334,0.25,0.6,0.3,0.0,0.08333333333333333,20.920672979123573,20000140
SPT-Periodic,5.025938764754255,5,0.4166666666666667,0.27169006515726807,0.6666666666666666,0.5833333333333333,0.6,0.3,0.0,0.08333333333333333,19.592298933973975,20000141
SPT-Periodic,8.171967122396929,7,0.5833333333333334,0.43309645782445577,0.6666666666666666,0.41666666666666663,0.6,0.3,0.0,0.08333333333333333,20.210678537266155,20000142
SPT-Periodic,4.996032252870201,5,0.4166666666666667,0.30380057814736966,0.5833333333333334,0.5833333333333333,0.6,0.3,0.0,0.08333333333333333,19.34373369626861,20000143
SPT-Periodic,8.11869944107652,7,0.5833333333333334,0.47487043949853786,0.6666666666666666,0.41666666666666663,0.6,0.3,0.0,0.08333333333333333,19.95328748723941,20000144
SPT-Periodic,8.201380648366746,7,0.5833333333333334,0.42495230139892864,0.75,0.41666666666666663,0.6,0.3,0.0,0.08333333333333333,20.25829952908843,20000145
SPT-Periodic,10.208916045047335,8,0.6666666666666666,0.5509572840261097,0.6666666666666666,0.33333333333333337,0.6,0.3,0.0,0.08333333333333333,19.858124335317225,20000146
SPT-Periodic,9.6359301851673,8,0.6666666666666666,0.4806027543664048,0.75,0.33333333333333337,0.6,0.3,0.0,0.08333333333333333,19.64943029824212,20000147
SPT-Periodic,8.5312581903975,7,0.5833333333333334,0.47813147766075104,0.6666666666666666,0.41666666666666663,0.6,0.3,0.0,0.08333333333333333,20.01640072348007,20000148
SPT-Periodic,9.830999564671178,8,0.6666666666666666,0.5245171277167621,0.6666666666666666,0.33333333333333337,0.6,0.3,0.0,0.08333333333333333,19.367636133143872,20000149
SPT-Periodic,9.932821819412332,8,0.6666666666666666,0.528964558310838,0.75,0.33333333333333337,0.6,0.3,0.0,0.08333333333333333,19.809858231763986,20000150
SPT-Periodic,9.555671899866697,8,0.6666666666666666,0.5099611516378894,0.75,0.33333333333333337,0.6,0.3,0.0,0.08333333333333333,20.33328099241516,20000151
SPT-Periodic,10.343033064320869,8,0.6666666666666666,0.5557212330728357,0.6666666666666666,0.33333333333333337,0.6,0.3,0.0,0.08333333333333333,19.730182072707144,20000152
SPT-Periodic,11.832376753595431,9,0.75,0.6306623861659901,0.75,0.25,0.6,0.3,0.0,0.08333333333333333,19.830941883988583,20000153
SPT-Periodic,8.495227461908598,7,0.5833333333333334,0.46435137879670163,0.75,0.41666666666666663,0.6,0.3,0.0,0.08333333333333333,20.197246887099688,20000154
SPT-Periodic,9.684635927361816,8,0.6666666666666666,0.509414760235153,0.6666666666666666,0.33333333333333337,0.6,0.3,0.0,0.08333333333333333,19.791638894131488,20000155
SPT-Periodic,8.24931738990329,7,0.5833333333333334,0.4399376681496728,0.6666666666666666,0.41666666666666663,0.6,0.3,0.0,0.08333333333333333,19.472079105508946,20000156
SPT-Periodic,4.82167445735764,5,0.4166666666666667,0.23736011527053366,0.75,0.5833333333333333,0.6,0.3,0.0,0.08333333333333333,20.125607836168374,20000157
SPT-Periodic,9.931776208017952,8,0.6666666666666666,0.5228931364622841,0.6666666666666666,0.33333333333333337,0.6,0.3,0.0,0.08333333333333333,19.557254540887563,20000158
SPT-Periodic,6.709884252614225,6,0.5,0.34339425089119563,0.6666666666666666,0.5,0.6,0.3,0.0,0.08333333333333333,19.46220964116731,20000159
SPT-Periodic,6.294908726971123,6,0.5,0.3014968148933945,0.75,0.5,0.6,0.3,0.0,0.08333333333333333,20.15776274382044,20000160
SPT-Periodic,11.09324720406942,9,0.75,0.5745665090385498,0.75,0.25,0.6,0.3,0.0,0.08333333333333333,20.686708283881558,20000161
SPT-Periodic,8.714055528041957,7,0.5833333333333334,0.4741208198962542,0.6666666666666666,0.41666666666666663,0.6,0.3,0.0,0.08333333333333333,19.2414959246431,20000162
SPT-Periodic,9.894083344431609,8,0.6666666666666666,0.5413968159552247,0.6666666666666666,0.33333333333333337,0.6,0.3,0.0,0.08333333333333333,19.076949324376713,20000163
SPT-Periodic,6.697429653134266,6,0.5,0.37782056785663776,0.5833333333333334,0.5,0.6,0.3,0.0,0.08333333333333333,18.89195011956451,20000164
SPT-Periodic,11.314666666285081,9,0.75,0.6101197733165016,0.75,0.25,0.6,0.3,0.0,0.08333333333333333,20.32687574360436,20000165
SPT-Periodic,8.210256152030196,7,0.5833333333333334,0.4641648630083144,0.6666666666666666,0.41666666666666663,0.6,0.3,0.0,0.08333333333333333,20.08306054119297,20000166
SPT-Periodic,9.494677774773013,8,0.6666666666666666,0.5105364575559099,0.75,0.33333333333333337,0.6,0.3,0.0,0.08333333333333333,20.68906450461889,20000167
SPT-Periodic,9.938565498251108,8,0.6666666666666666,0.514592866181199,0.6666666666666666,0.33333333333333337,0.6,0.3,0.0,0.08333333333333333,19.927203074831006,20000168
SPT-Periodic,9.933757858105986,8,0.6666666666666666,0.5196040797126413,0.75,0.33333333333333337,0.6,0.3,0.0,0.08333333333333333,19.697929482706773,20000169
SPT-Periodic,6.570608353894621,6,0.5,0.34843063584101874,0.6666666666666666,0.5,0.6,0.3,0.0,0.08333333333333333,19.670849663478105,20000170
SPT-Periodic,7.986539705954561,7,0.5833333333333334,0.4091063417384267,0.75,0.41666666666666663,0.6,0.3,0.0,0.08333333333333333,18.962446288868165,20000171
SPT-Periodic,10.126238198223827,8,0.6666666666666666,0.5879416737180696,0.75,0.33333333333333337,0.6,0.3,0.0,0.08333333333333333,20.059905110278674,20000172
SPT-Periodic,8.169162958712457,7,0.5833333333333334,0.43288657550188236,0.6666666666666666,0.41666666666666663,0.6,0.3,0.0,0.08333333333333333,19.626939094222216,20000173
SPT-Periodic,8.46157835153937,7,0.5833333333333334,0.43976755177618215,0.75,0.41666666666666663,0.6,0.3,0.0,0.08333333333333333,20.31666800616715,20000174
SPT-Periodic,6.577170462545906,6,0.5,0.34225766407888053,0.75,0.5,0.6,0.3,0.0,0.08333333333333333,20.196575405496823,20000175
SPT-Periodic,8.151411510632869,7,0.5833333333333334,0.4038085968143188,0.75,0.41666666666666663,0.6,0.3,0.0,0.08333333333333333,19.679232645598102,20000176
SPT-Periodic,8.536795379456152,7,0.5833333333333334,0.45942147757670687,0.75,0.41666666666666663,0.6,0.3,0.0,0.08333333333333333,20.304603158759875,20000177
SPT-Periodic,8.286711836539208,7,0.5833333333333334,0.45391931041263794,0.6666666666666666,0.41666666666666663,0.6,0.3,0.0,0.08333333333333333,19.993823894536526,20000178
SPT-Periodic,6.501450418332892,6,0.5,0.362921326587315,0.6666666666666666,0.5,0.6,0.3,0.0,0.08333333333333333,20.178639926372888,20000179
SPT-Periodic,5.089120268394597,5,0.4166666666666667,0.33728249407010785,0.5833333333333334,0.5833333333333333,0.6,0.3,0.0,0.08333333333333333,18.751168899956628,20000180
SPT-Periodic,9.141551767041035,8,0.6666666666666666,0.43897727636754347,0.75,0.33333333333333337,0.6,0.3,0.0,0.08333333333333333,20.227444691458086,20000181
SPT-Periodic,8.558897855396884,7,0.5833333333333334,0.4591512750662693,0.6666666666666666,0.41666666666666663,0.6,0.3,0.0,0.08333333333333333,20.322749308572316,20000182
SPT-Periodic,8.189327835103477,7,0.5833333333333334,0.4453141411369856,0.5833333333333334,0.41666666666666663,0.6,0.3,0.0,0.08333333333333333,19.178934676755862,20000183
SPT-Periodic,9.928409700606231,8,0.6666666666666666,0.5022269357623534,0.75,0.33333333333333337,0.6,0.3,0.0,0.08333333333333333,20.137100488152534,20000184
SPT-Periodic,9.943396170576644,8,0.6666666666666666,0.5016487609484487,0.75,0.33333333333333337,0.6,0.3,0.0,0.08333333333333333,19.930668512519844,20000185
SPT-Periodic,6.407905966951163,6,0.5,0.33897741150581484,0.75,0.5,0.6,0.3,0.0,0.08333333333333333,19.604391160882354,20000186
SPT-Periodic,6.7193267793261695,6,0.5,0.38136869957076763,0.5833333333333334,0.5,0.6,0.3,0.0,0.08333333333333333,19.313273165724866,20000187
SPT-Periodic,8.526155867400083,7,0.5833333333333334,0.4522282088478666,0.75,0.41666666666666663,0.6,0.3,0.0,0.08333333333333333,20.208952683080245,20000188
SPT-Periodic,6.4029945984830485,6,0.5,0.3447300498789262,0.6666666666666666,0.5,0.6,0.3,0.0,0.08333333333333333,20.096010841102895,20000189
SPT-Periodic,9.630714260319841,8,0.6666666666666666,0.5339226509592374,0.6666666666666666,0.33333333333333337,0.6,0.3,0.0,0.08333333333333333,19.787297873738577,20000190
SPT-Periodic,12.335860419117843,10,0.8333333333333334,0.6948709102708436,0.9166666666666666,0.16666666666666663,0.6,0.3,0.0,0.08333333333333333,20.993965421369925,20000191
SPT-Periodic,8.150950567040256,7,0.5833333333333334,0.4650420703157125,0.6666666666666666,0.41666666666666663,0.6,0.3,0.0,0.08333333333333333,20.01426572800041,20000192
SPT-Periodic,8.345851162596684,7,0.5833333333333334,0.4485018638509558,0.6666666666666666,0.41666666666666663,0.6,0.3,0.0,0.08333333333333333,19.86309627314348,20000193
SPT-Periodic,10.218193283844018,8,0.6666666666666666,0.5375496919305152,0.6666666666666666,0.33333333333333337,0.6,0.3,0.0,0.08333333333333333,19.380988254884798,20000194
SPT-Periodic,6.484345061113457,6,0.5,0.3528356416116214,0.6666666666666666,0.5,0.6,0.3,0.0,0.08333333333333333,20.2374126346496,20000195
SPT-Periodic,10.135671249873845,8,0.6666666666666666,0.5146018549335325,0.75,0.33333333333333337,0.6,0.3,0.0,0.08333333333333333,20.164476891382773,20000196
SPT-Periodic,6.685530120253047,6,0.5,0.3722304175629767,0.6666666666666666,0.5,0.6,0.3,0.0,0.08333333333333333,19.757425401621603,20000197
SPT-Periodic,8.200344895159214,7,0.5833333333333334,0.3932104668960003,0.75,0.41666666666666663,0.6,0.3,0.0,0.08333333333333333,20.247448497611753,20000198
SPT-Periodic,6.555486398281121,6,0.5,0.3512676101230238,0.6666666666666666,0.5,0.6,0.3,0.0,0.08333333333333333,19.488199360651002,20000199
SPT-Periodic,6.489950524752869,6,0.5,0.3529638888739012,0.6666666666666666,0.5,0.6,0.3,0.0,0.08333333333333333,19.739571103752866,20000200
SPT-Periodic,8.504755330341437,7,0.5833333333333334,0.4374896329500656,0.6666666666666666,0.41666666666666663,0.6,0.3,0.0,0.08333333333333333,18.956164782891157,20000201
SPT-Periodic,8.059896688306097,7,0.5833333333333334,0.4229510637082695,0.6666666666666666,0.41666666666666663,0.6,0.3,0.0,0.08333333333333333,20.110630350719077,20000202
SPT-Periodic,9.35567308743176,8,0.6666666666666666,0.47126346519434575,0.75,0.33333333333333337,0.6,0.3,0.0,0.08333333333333333,19.651624186668922,20000203
SPT-Periodic,4.863604647903823,5,0.4166666666666667,0.2846070273097898,0.6666666666666666,0.5833333333333333,0.6,0.3,0.0,0.08333333333333333,20.212745867358425,20000204
SPT-Periodic,9.865569443916065,8,0.6666666666666666,0.5483853613674355,0.75,0.33333333333333337,0.6,0.3,0.0,0.08333333333333333,20.062563553494304,20000205
SPT-Periodic,8.12272454771368,7,0.5833333333333334,0.43049251308437086,0.5833333333333334,0.41666666666666663,0.6,0.3,0.0,0.08333333333333333,18.9668815544495,20000206
SPT-Periodic,6.6344394063337475,6,0.5,0.3949894033398009,0.5833333333333334,0.5,0.6,0.3,0.0,0.08333333333333333,19.114312614101113,20000207
SPT-Periodic,6.779292414914858,6,0.5,0.37403364477024076,0.6666666666666666,0.5,0.6,0.3,0.0,0.08333333333333333,19.78577520828759,20000208
SPT-Periodic,6.583508923181561,6,0.5,0.34996702426767706,0.6666666666666666,0.5,0.6,0.3,0.0,0.08333333333333333,19.22469968407013,20000209
SPT-Periodic,7.7402631420551575,7,0.5833333333333334,0.4099798265883746,0.75,0.41666666666666663,0.6,0.3,0.0,0.08333333333333333,20.293604300506026,20000210
SPT-Periodic,9.867154262296452,8,0.6666666666666666,0.522142212652532,0.75,0.33333333333333337,0.6,0.3,0.0,0.08333333333333333,19.742977703427663,20000211
SPT-Periodic,11.395436807115718,9,0.75,0.6286045128169919,0.75,0.25,0.6,0.3,0.0,0.08333333333333333,21.05438060805307,20000212
SPT-Periodic,7.987443126852186,7,0.5833333333333334,0.38726554168655575,0.75,0.41666666666666663,0.6,0.3,0.0,0.08333333333333333,20.235956833920664,20000213
SPT-Periodic,6.79361219437299,6,0.5,0.3850390692188428,0.6666666666666666,0.5,0.6,0.3,0.0,0.08333333333333333,20.173210578095304,20000214
SPT-Periodic,8.757742139412699,7,0.5833333333333334,0.48760910330507334,0.6666666666666666,0.41666666666666663,0.6,0.3,0.0,0.08333333333333333,20.432537252195658,20000215
SPT-Periodic,9.708928547969764,8,0.6666666666666666,0.48454499477831586,0.75,0.33333333333333337,0.6,0.3,0.0,0.08333333333333333,19.864631967635894,20000216
SPT-Periodic,7.891879491466931,7,0.5833333333333334,0.40836271307838873,0.75,0.41666666666666663,0.6,0.3,0.0,0.08333333333333333,20.460681287651223,20000217
SPT-Periodic,7.77526748490137,7,0.5833333333333334,0.39709049419101355,0.75,0.41666666666666663,0.6,0.3,0.0,0.08333333333333333,21.187837312010707,20000218
SPT-Periodic,8.103225949425196,7,0.5833333333333334,0.41830703775875444,0.75,0.41666666666666663,0.6,0.3,0.0,0.08333333333333333,20.548916443298072,20000219
SPT-Periodic,8.230006834474745,7,0.5833333333333334,0.44190874383405604,0.75,0.41666666666666663,0.6,0.3,0.0,0.08333333333333333,19.865021684471785,20000220
SPT-Periodic,8.080579457733753,7,0.5833333333333334,0.43760745096316206,0.75,0.41666666666666663,0.6,0.3,0.0,0.08333333333333333,19.87337328604579,20000221
SPT-Periodic,7.678307555572481,7,0.5833333333333334,0.3338907425689856,0.75,0.41666666666666663,0.6,0.3,0.0,0.08333333333333333,19.961080270223636,20000222
SPT-Periodic,9.564062870924179,8,0.6666666666666666,0.4802771699590111,0.75,0.33333333333333337,0.6,0.3,0.0,0.08333333333333333,20.412301813901937,20000223
SPT-Periodic,6.479847879802365,6,0.5,0.35544656467407304,0.6666666666666666,0.5,0.6,0.3,0.0,0.08333333333333333,19.381007565270338,20000224
SPT-Periodic,6.446466109505733,6,0.5,0.3477180505874237,0.75,0.5,0.6,0.3,0.0,0.08333333333333333,20.303430799499502,20000225
SPT-Periodic,8.582892815581658,7,0.5833333333333334,0.4714793777931263,0.6666666666666666,0.41666666666666663,0.6,0.3,0.0,0.08333333333333333,19.852572025693583,20000226
SPT-Periodic,7.8072544438789295,7,0.5833333333333334,0.3930964974324086,0.75,0.41666666666666663,0.6,0.3,0.0,0.08333333333333333,20.37781954668543,20000227
SPT-Periodic,7.87852572621453,7,0.5833333333333334,0.38225299114328604,0.75,0.41666666666666663,0.6,0.3,0.0,0.08333333333333333,19.74547252871109,20000228
SPT-Periodic,4.862398162036701,5,0.4166666666666667,0.31056601543882184,0.5833333333333334,0.5833333333333333,0.6,0.3,0.0,0.08333333333333333,19.066975316238107,20000229
SPT-Periodic,8.43426157609424,7,0.5833333333333334,0.480285527028674,0.6666666666666666,0.41666666666666663,0.6,0.3,0.0,0.08333333333333333,20.090929247044983,20000230
SPT-Periodic,7.9758930260435505,7,0.5833333333333334,0.3893410473200135,0.75,0.41666666666666663,0.6,0.3,0.0,0.08333333333333333,20.0944997931105,20000231
SPT-Periodic,6.6280990297111915,6,0.5,0.3411175607829932,0.6666666666666666,0.5,0.6,0.3,0.0,0.08333333333333333,19.241334882223185,20000232
SPT-Periodic,8.482911991453435,7,0.5833333333333334,0.4763609313437566,0.6666666666666666,0.41666666666666663,0.6,0.3,0.0,0.08333333333333333,19.96401752455735,20000233
SPT-Periodic,6.758309961896437,6,0.5,0.36894325633656555,0.6666666666666666,0.5,0.6,0.3,0.0,0.08333333333333333,20.249497680208847,20000234
SPT-Periodic,9.44864255198065,8,0.6666666666666666,0.5072168933369184,0.75,0.33333333333333337,0.6,0.3,0.0,0.08333333333333333,19.939820885645773,20000235
SPT-Periodic,11.395667593938587,9,0.75,0.5841924568054458,0.75,0.25,0.6,0.3,0.0,0.08333333333333333,20.826797803474648,20000236
SPT-Periodic,6.971841567082595,6,0.5,0.4100896944805064,0.5833333333333334,0.5,0.6,0.3,0.0,0.08333333333333333,18.944018548818683,20000237
SPT-Periodic,6.423421957182038,6,0.5,0.327734334116546,0.6666666666666666,0.5,0.6,0.3,0.0,0.08333333333333333,19.271749593645694,20000238
SPT-Periodic,8.657007146945691,7,0.5833333333333334,0.4541503966007267,0.6666666666666666,0.41666666666666663,0.6,0.3,0.0,0.08333333333333333,19.711680628995833,20000239
SPT-Periodic,8.489216552771744,7,0.5833333333333334,0.49422187565533876,0.5833333333333334,0.41666666666666663,0.6,0.3,0.0,0.08333333333333333,19.68848282416737,20000240
SPT-Periodic,8.49073764779047,7,0.5833333333333334,0.44593033827562856,0.6666666666666666,0.41666666666666663,0.6,0.3,0.0,0.08333333333333333,19.20405564481826,20000241
SPT-Periodic,10.989707723553028,9,0.75,0.6043008719036287,0.8333333333333334,0.25,0.6,0.3,0.0,0.08333333333333333,21.01883282641264,20000242
SPT-Periodic,6.860802281033771,6,0.5,0.41165731915668813,0.5833333333333334,0.5,0.6,0.3,0.0,0.08333333333333333,18.807100303151145,20000243
SPT-Periodic,10.185663053209373,8,0.6666666666666666,0.5529812455929882,0.75,0.33333333333333337,0.6,0.3,0.0,0.08333333333333333,19.9628125931739,20000244
SPT-Periodic,10.160318401957518,8,0.6666666666666666,0.555010427113246,0.6666666666666666,0.33333333333333337,0.6,0.3,0.0,0.08333333333333333,19.776821347561686,20000245
SPT-Periodic,9.973851045530669,8,0.6666666666666666,0.5339046743432931,0.75,0.33333333333333337,0.6,0.3,0.0,0.08333333333333333,19.63075868715462,20000246
SPT-Periodic,9.563167614320026,8,0.6666666666666666,0.5043811318957931,0.6666666666666666,0.33333333333333337,0.6,0.3,0.0,0.08333333333333333,19.57794322535699,20000247
SPT-Periodic,11.293556000208326,9,0.75,0.5945103286925697,0.8333333333333334,0.25,0.6,0.3,0.0,0.08333333333333333,20.489222118744696,20000248
SPT-Periodic,8.397215618648975,7,0.5833333333333334,0.45318205207818024,0.6666666666666666,0.41666666666666663,0.6,0.3,0.0,0.08333333333333333,18.9498571079093,20000249
SPT-Periodic,11.135982981014664,9,0.75,0.5626195383807108,0.75,0.25,0.6,0.3,0.0,0.08333333333333333,20.205508536848154,20000250
SPT-Periodic,9.949383318770916,8,0.6666666666666666,0.5104772740295388,0.75,0.33333333333333337,0.6,0.3,0.0,0.08333333333333333,19.646210530019125,20000251
SPT-Periodic,9.881319083138834,8,0.6666666666666666,0.5316844892983066,0.75,0.33333333333333337,0.6,0.3,0.0,0.08333333333333333,20.665811880646025,20000252
SPT-Periodic,6.670457144647328,6,0.5,0.3611341204251619,0.6666666666666666,0.5,0.6,0.3,0.0,0.08333333333333333,19.591574531326305,20000253
SPT-Periodic,9.974090911321781,8,0.6666666666666666,0.5287953308091711,0.6666666666666666,0.33333333333333337,0.6,0.3,0.0,0.08333333333333333,20.099850158878116,20000254
SPT-Periodic,6.581248710439583,6,0.5,0.38681065240764756,0.5833333333333334,0.5,0.6,0.3,0.0,0.08333333333333333,19.78211200800558,20000255
SPT-Periodic,10.356345286600652,8,0.6666666666666666,0.5366458614528008,0.6666666666666666,0.33333333333333337,0.6,0.3,0.0,0.08333333333333333,19.713646589632855,20000256
SPT-Periodic,8.408796663873668,7,0.5833333333333334,0.44797318873789316,0.75,0.41666666666666663,0.6,0.3,0.0,0.08333333333333333,20.052205991926748,20000257
SPT-Periodic,8.294051235760223,7,0.5833333333333334,0.4461931073990018,0.75,0.41666666666666663,0.6,0.3,0.0,0.08333333333333333,19.873139354422843,20000258
SPT-Periodic,8.076834663511832,7,0.5833333333333334,0.4489010256083208,0.6666666666666666,0.41666666666666663,0.6,0.3,0.0,0.08333333333333333,19.844979662036543,20000259
SPT-Periodic,6.96094420049827,6,0.5,0.4241895232138502,0.5833333333333334,0.5,0.6,0.3,0.0,0.08333333333333333,19.37369766217993,20000260
SPT-Periodic,6.73878952312325,6,0.5,0.3670452364586609,0.5833333333333334,0.5,0.6,0.3,0.0,0.08333333333333333,19.071600206470265,20000261
SPT-Periodic,8.327945473558481,7,0.5833333333333334,0.45876660166643957,0.6666666666666666,0.41666666666666663,0.6,0.3,0.0,0.08333333333333333,19.862197989365914,20000262
SPT-Periodic,9.880371104863116,8,0.6666666666666666,0.5193872922003812,0.8333333333333334,0.33333333333333337,0.6,0.3,0.0,0.08333333333333333,21.02658282545619,20000263
SPT-Periodic,8.110445839961288,7,0.5833333333333334,0.40675278552157346,0.6666666666666666,0.41666666666666663,0.6,0.3,0.0,0.08333333333333333,19.702581404949914,20000264
SPT-Periodic,9.500657871171104,8,0.6666666666666666,0.4758128890565098,0.8333333333333334,0.33333333333333337,0.6,0.3,0.0,0.08333333333333333,20.71863562952418,20000265
SPT-Periodic,9.374783598301923,8,0.6666666666666666,0.4708749397231727,0.75,0.33333333333333337,0.6,0.3,0.0,0.08333333333333333,20.231186022004916,20000266
SPT-Periodic,5.122280848128847,5,0.4166666666666667,0.3110014171666599,0.5833333333333334,0.5833333333333333,0.6,0.3,0.0,0.08333333333333333,18.61791941372064,20000267
SPT-Periodic,8.286248039762649,7,0.5833333333333334,0.43225645040468413,0.6666666666666666,0.41666666666666663,0.6,0.3,0.0,0.08333333333333333,19.581099622877417,20000268
SPT-Periodic,6.742863981673718,6,0.5,0.37526655065469317,0.6666666666666666,0.5,0.6,0.3,0.0,0.08333333333333333,19.127557434857785,20000269
SPT-Periodic,8.033821599691347,7,0.5833333333333334,0.3936144998160544,0.75,0.41666666666666663,0.6,0.3,0.0,0.08333333333333333,20.126779900082308,20000270
SPT-Periodic,8.159438888372003,7,0.5833333333333334,0.4559975070602688,0.6666666666666666,0.41666666666666663,0.6,0.3,0.0,0.08333333333333333,19.643591459154656,20000271
SPT-Periodic,8.079253733894946,7,0.5833333333333334,0.4296540346190267,0.75,0.41666666666666663,0.6,0.3,0.0,0.08333333333333333,20.221375259024644,20000272
SPT-Periodic,8.063425542958065,7,0.5833333333333334,0.39270182358242944,0.75,0.41666666666666663,0.6,0.3,0.0,0.08333333333333333,19.60710008813683,20000273
SPT-Periodic,6.188239822932837,6,0.5,0.32916433975813053,0.6666666666666666,0.5,0.6,0.3,0.0,0.08333333333333333,19.828139264488843,20000274
SPT-Periodic,9.649462654650279,8,0.6666666666666666,0.5145779044948791,0.75,0.33333333333333337,0.6,0.3,0.0,0.08333333333333333,20.542093760073325,20000275
SPT-Periodic,8.236273516026602,7,0.5833333333333334,0.42285288097101553,0.6666666666666666,0.41666666666666663,0.6,0.3,0.0,0.08333333333333333,19.758365347897023,20000276
SPT-Periodic,9.77576807009234,8,0.6666666666666666,0.5047940933670759,0.6666666666666666,0.33333333333333337,0.6,0.3,0.0,0.08333333333333333,19.52288237829064,20000277
SPT-Periodic,6.3537413593066985,6,0.5,0.33538401577168986,0.6666666666666666,0.5,0.6,0.3,0.0,0.08333333333333333,19.12977620421515,20000278
SPT-Periodic,11.90430960354453,9,0.75,0.6226850247654915,0.75,0.25,0.6,0.3,0.0,0.08333333333333333,20.01077400886133,20000279
SPT-Periodic,9.52444474333096,8,0.6666666666666666,0.5111648241724635,0.8333333333333334,0.33333333333333337,0.6,0.3,0.0,0.08333333333333333,20.777157973282982,20000280
SPT-Periodic,11.580988573313846,9,0.75,0.6318387177560714,0.75,0.25,0.6,0.3,0.0,0.08333333333333333,20.11182851807666,20000281
SPT-Periodic,10.132852423059724,8,0.6666666666666666,0.5478523020556594,0.6666666666666666,0.33333333333333337,0.6,0.3,0.0,0.08333333333333333,19.225096247514966,20000282
SPT-Periodic,10.974425538562185,9,0.75,0.5718538682572857,0.75,0.25,0.6,0.3,0.0,0.08333333333333333,20.337893525645537,20000283
SPT-Periodic,6.515080107139486,6,0.5,0.3548815724816998,0.6666666666666666,0.5,0.6,0.3,0.0,0.08333333333333333,19.420563767199663,20000284
SPT-Periodic,8.414269199586279,7,0.5833333333333334,0.43538904754903035,0.75,0.41666666666666663,0.6,0.3,0.0,0.08333333333333333,20.404277094917457,20000285
SPT-Periodic,5.2497225112368975,5,0.4166666666666667,0.31878087002953026,0.5833333333333334,0.5833333333333333,0.6,0.3,0.0,0.08333333333333333,18.847219287448866,20000286
SPT-Periodic,12.90978406416442,10,0.8333333333333334,0.7008573492924948,0.8333333333333334,0.16666666666666663,0.6,0.3,0.0,0.08333333333333333,21.12940036547924,20000287
SPT-Periodic,9.80058676732249,8,0.6666666666666666,0.5161630537818345,0.75,0.33333333333333337,0.6,0.3,0.0,0.08333333333333333,20.505864099379078,20000288
SPT-Periodic,9.544283999620149,8,0.6666666666666666,0.5091948230916363,0.75,0.33333333333333337,0.6,0.3,0.0,0.08333333333333333,20.198272754322943,20000289
SPT-Periodic,6.4393337029801065,6,0.5,0.3200932899468235,0.6666666666666666,0.5,0.6,0.3,0.0,0.08333333333333333,19.19245303066033,20000290
SPT-Periodic,9.569052231753805,8,0.6666666666666666,0.5219524316776702,0.75,0.33333333333333337,0.6,0.3,0.0,0.08333333333333333,20.376828660771878,20000291
SPT-Periodic,8.51915656420682,7,0.5833333333333334,0.47158223756156026,0.6666666666666666,0.41666666666666663,0.6,0.3,0.0,0.08333333333333333,19.204090262634256,20000292
SPT-Periodic,9.822123501867917,8,0.6666666666666666,0.49530715326148006,0.75,0.33333333333333337,0.6,0.3,0.0,0.08333333333333333,20.10626481643843,20000293
SPT-Periodic,8.773920490865077,7,0.5833333333333334,0.4644710159524587,0.6666666666666666,0.41666666666666663,0.6,0.3,0.0,0.08333333333333333,19.49871261024667,20000294
SPT-Periodic,6.567360966087596,6,0.5,0.3954302360565987,0.6666666666666666,0.5,0.6,0.3,0.0,0.08333333333333333,19.838759065884734,20000295
SPT-Periodic,8.472809250605513,7,0.5833333333333334,0.4415927714390639,0.6666666666666666,0.41666666666666663,0.6,0.3,0.0,0.08333333333333333,19.747486188695607,20000296
SPT-Periodic,7.826747959507836,7,0.5833333333333334,0.3837988460360448,0.75,0.41666666666666663,0.6,0.3,0.0,0.08333333333333333,19.969548246852234,20000297
SPT-Periodic,6.024810578123791,6,0.5,0.29304891146125167,0.6666666666666666,0.5,0.6,0.3,0.0,0.08333333333333333,19.381385109092474,20000298
SPT-Periodic,9.456014037562896,8,0.6666666666666666,0.44857143672141375,0.8333333333333334,0.33333333333333337,0.6,0.3,0.0,0.08333333333333333,20.146312595544735,20000299
SPT-Periodic,6.459825648303207,6,0.5,0.3635159527460488,0.5833333333333334,0.5,0.6,0.3,0.0,0.08333333333333333,19.3519885850056,20000300
SPT-Periodic,9.493384102250776,8,0.6666666666666666,0.49122609018505425,0.75,0.33333333333333337,0.6,0.3,0.0,0.08333333333333333,20.275180743827935,20000301
SPT-Periodic,8.562272533963961,7,0.5833333333333334,0.475981904619881,0.5833333333333334,0.41666666666666663,0.6,0.3,0.0,0.08333333333333333,19.874638755089155,20000302
SPT-Periodic,6.8881550743215545,6,0.5,0.40727827372556663,0.75,0.5,0.6,0.3,0.0,0.08333333333333333,20.003428365916708,20000303
SPT-Periodic,8.267611171688321,7,0.5833333333333334,0.45211550661334193,0.8333333333333334,0.41666666666666663,0.6,0.3,0.0,0.08333333333333333,21.2492375325171,20000304
SPT-Periodic,8.04181984823886,7,0.5833333333333334,0.45456516595461466,0.8333333333333334,0.41666666666666663,0.6,0.3,0.0,0.08333333333333333,21.16083295316124,20000305
SPT-Periodic,10.90579474566448,9,0.75,0.5589127919084637,0.75,0.25,0.6,0.3,0.0,0.08333333333333333,20.079095033082027,20000306
SPT-Periodic,9.844306787568081,8,0.6666666666666666,0.5217155604398616,0.6666666666666666,0.33333333333333337,0.6,0.3,0.0,0.08333333333333333,20.29579297203436,20000307
SPT-Periodic,8.282210521480584,7,0.5833333333333334,0.43275115972404926,0.6666666666666666,0.41666666666666663,0.6,0.3,0.0,0.08333333333333333,19.722588533136296,20000308
SPT-Periodic,6.585958027546679,6,0.5,0.3696407790782138,0.5833333333333334,0.5,0.6,0.3,0.0,0.08333333333333333,19.013384889321905,20000309
SPT-Periodic,8.030009506142767,7,0.5833333333333334,0.40934995175815597,0.8333333333333334,0.41666666666666663,0.6,0.3,0.0,0.08333333333333333,20.324128499769607,20000310
SPT-Periodic,9.874615234061135,8,0.6666666666666666,0.5089903279733133,0.75,0.33333333333333337,0.6,0.3,0.0,0.08333333333333333,20.294053136859507,20000311
SPT-Periodic,10.030489845038574,8,0.6666666666666666,0.5039040462034934,0.75,0.33333333333333337,0.6,0.3,0.0,0.08333333333333333,19.937987280496483,20000312
SPT-Periodic,8.236852187713678,7,0.5833333333333334,0.43269122169898716,0.6666666666666666,0.41666666666666663,0.6,0.3,0.0,0.08333333333333333,19.934810855873764,20000313
SPT-Periodic,9.868920205957348,8,0.6666666666666666,0.5081034671768393,0.75,0.33333333333333337,0.6,0.3,0.0,0.08333333333333333,20.28581146336446,20000314
SPT-Periodic,9.612614353003508,8,0.6666666666666666,0.4973831307783105,0.6666666666666666,0.33333333333333337,0.6,0.3,0.0,0.08333333333333333,19.974423931002384,20000315
SPT-Periodic,8.537044766927247,7,0.5833333333333334,0.4694860039915692,0.5833333333333334,0.41666666666666663,0.6,0.3,0.0,0.08333333333333333,19.267530200696836,20000316
SPT-Periodic,6.284494019966531,6,0.5,0.3583946091847018,0.6666666666666666,0.5,0.6,0.3,0.0,0.08333333333333333,19.591274456492254,20000317
SPT-Periodic,8.33710894922002,7,0.5833333333333334,0.47769093577969635,0.5833333333333334,0.41666666666666663,0.6,0.3,0.0,0.08333333333333333,19.274256817814745,20000318
SPT-Periodic,6.784728800489928,6,0.5,0.3996216419479539,0.5833333333333334,0.5,0.6,0.3,0.0,0.08333333333333333,19.47763914614639,20000319
SPT-Periodic,6.524833222363366,6,0.5,0.371726446903033,0.5833333333333334,0.5,0.6,0.3,0.0,0.08333333333333333,19.36223589955257,20000320
SPT-Periodic,9.593923361957833,8,0.6666666666666666,0.5208701275158514,0.75,0.33333333333333337,0.6,0.3,0.0,0.08333333333333333,20.379507393211213,20000321
SPT-Periodic,10.351030925232928,8,0.6666666666666666,0.5522888958952052,0.6666666666666666,0.33333333333333337,0.6,0.3,0.0,0.08333333333333333,19.74889501276229,20000322
SPT-Periodic,6.910151137533877,6,0.5,0.409321306943568,0.6666666666666666,0.5,0.6,0.3,0.0,0.08333333333333333,19.522150856930587,20000323
SPT-Periodic,6.85107931721,6,0.5,0.4115414532192754,0.6666666666666666,0.5,0.6,0.3,0.0,0.08333333333333333,20.134305414488402,20000324
SPT-Periodic,9.770107405839559,8,0.6666666666666666,0.5249517924474112,0.75,0.33333333333333337,0.6,0.3,0.0,0.08333333333333333,20.344883691984872,20000325
SPT-Periodic,5.3576514839225675,5,0.4166666666666667,0.33049088114102115,0.5833333333333334,0.5833333333333333,0.6,0.3,0.0,0.08333333333333333,19.209541158530406,20000326
SPT-Periodic,9.627530201228998,8,0.6666666666666666,0.47396739041288877,0.75,0.33333333333333337,0.6,0.3,0.0,0.08333333333333333,20.3557924584759,20000327
SPT-Periodic,9.813805030318452,8,0.6666666666666666,0.5149290989396075,0.6666666666666666,0.33333333333333337,0.6,0.3,0.0,0.08333333333333333,19.812259672431527,20000328
SPT-Periodic,8.63559839196522,7,0.5833333333333334,0.44735899599988227,0.6666666666666666,0.41666666666666663,0.6,0.3,0.0,0.08333333333333333,19.270746554155597,20000329
SPT-Periodic,9.59392722259576,8,0.6666666666666666,0.5232091267741417,0.6666666666666666,0.33333333333333337,0.6,0.3,0.0,0.08333333333333333,19.686514385281424,20000330
SPT-Periodic,11.644401473143066,9,0.75,0.6204120714928565,0.8333333333333334,0.25,0.6,0.3,0.0,0.08333333333333333,21.036831915795972,20000331
SPT-Periodic,7.89613134884597,7,0.5833333333333334,0.4001601585931193,0.75,0.41666666666666663,0.6,0.3,0.0,0.08333333333333333,20.437361058695654,20000332
SPT-Periodic,9.68390355570173,8,0.6666666666666666,0.49822984038906537,0.75,0.33333333333333337,0.6,0.3,0.0,0.08333333333333333,19.630354054679636,20000333
SPT-Periodic,6.981477950228166,6,0.5,0.3925020151802521,0.6666666666666666,0.5,0.6,0.3,0.0,0.08333333333333333,19.90627539119058,20000334
SPT-Periodic,8.227824213846253,7,0.5833333333333334,0.4593914241876157,0.6666666666666666,0.41666666666666663,0.6,0.3,0.0,0.08333333333333333,19.782210937555,20000335
SPT-Periodic,8.443482217399882,7,0.5833333333333334,0.4448609445361621,0.6666666666666666,0.41666666666666663,0.6,0.3,0.0,0.08333333333333333,19.742911215760927,20000336
SPT-Periodic,8.453848358505885,7,0.5833333333333334,0.48240865644367276,0.6666666666666666,0.41666666666666663,0.6,0.3,0.0,0.08333333333333333,20.145193784851973,20000337
SPT-Periodic,9.79584754478597,8,0.6666666666666666,0.5120961710146831,0.75,0.33333333333333337,0.6,0.3,0.0,0.08333333333333333,20.3964072373375,20000338
SPT-Periodic,9.930177991313387,8,0.6666666666666666,0.5121514981419583,0.75,0.33333333333333337,0.6,0.3,0.0,0.08333333333333333,19.991863495813774,20000339
SPT-Periodic,8.388911490804334,7,0.5833333333333334,0.4375724428970384,0.6666666666666666,0.41666666666666663,0.6,0.3,0.0,0.08333333333333333,19.456882162004035,20000340
SPT-Periodic,11.790743980280219,9,0.75,0.6190377058252131,0.75,0.25,0.6,0.3,0.0,0.08333333333333333,19.726859950700543,20000341
SPT-Periodic,11.195968600111797,9,0.75,0.5950638073116288,0.75,0.25,0.6,0.3,0.0,0.08333333333333333,20.44342255756465,20000342
SPT-Periodic,8.392873883345926,7,0.5833333333333334,0.4456644513005699,0.6666666666666666,0.41666666666666663,0.6,0.3,0.0,0.08333333333333333,19.44679171915042,20000343
SPT-Periodic,11.963980662283678,9,0.75,0.6176528415372126,0.75,0.25,0.6,0.3,0.0,0.08333333333333333,20.159951655709214,20000344
SPT-Periodic,6.562492054086946,6,0.5,0.36878290767381927,0.5833333333333334,0.5,0.6,0.3,0.0,0.08333333333333333,19.62443945595036,20000345
SPT-Periodic,4.710718239744026,5,0.4166666666666667,0.2533508113878887,0.6666666666666666,0.5833333333333333,0.6,0.3,0.0,0.08333333333333333,19.563335574400583,20000346
SPT-Periodic,8.389672820668146,7,0.5833333333333334,0.4819107495017886,0.6666666666666666,0.41666666666666663,0.6,0.3,0.0,0.08333333333333333,20.211770960764106,20000347
SPT-Periodic,8.385314723046864,7,0.5833333333333334,0.43222634078205957,0.6666666666666666,0.41666666666666663,0.6,0.3,0.0,0.08333333333333333,19.36224515637179,20000348
SPT-Periodic,11.33028358083283,9,0.75,0.6328009113942592,0.8333333333333334,0.25,0.6,0.3,0.0,0.08333333333333333,20.727448416364524,20000349
SPT-Periodic,4.962238096455084,5,0.4166666666666667,0.2762758165999283,0.6666666666666666,0.5833333333333333,0.6,0.3,0.0,0.08333333333333333,19.83333796371705,20000350
SPT-Periodic,6.504168403741358,6,0.5,0.3548660288911309,0.6666666666666666,0.5,0.6,0.3,0.0,0.08333333333333333,19.59128556561141,20000351
SPT-Periodic,6.519860954103132,6,0.5,0.34824421147194873,0.75,0.5,0.6,0.3,0.0,0.08333333333333333,20.28304136461193,20000352
SPT-Periodic,9.993689152874065,8,0.6666666666666666,0.5255290636126706,0.6666666666666666,0.33333333333333337,0.6,0.3,0.0,0.08333333333333333,20.134798665547592,20000353
SPT-Periodic,8.341897085704852,7,0.5833333333333334,0.4348728253460609,0.75,0.41666666666666663,0.6,0.3,0.0,0.08333333333333333,20.32509544531479,20000354
SPT-Periodic,9.563053083362643,8,0.6666666666666666,0.5180182886332677,0.75,0.33333333333333337,0.6,0.3,0.0,0.08333333333333333,20.74945573380137,20000355
SPT-Periodic,10.087979609595868,8,0.6666666666666666,0.5373571873572922,0.75,0.33333333333333337,0.6,0.3,0.0,0.08333333333333333,20.24855188224848,20000356
SPT-Periodic,9.934659153845034,8,0.6666666666666666,0.5441330461886514,0.6666666666666666,0.33333333333333337,0.6,0.3,0.0,0.08333333333333333,19.615744384238994,20000357
SPT-Periodic,12.736548993916772,10,0.8333333333333334,0.719401757885384,0.8333333333333334,0.16666666666666663,0.6,0.3,0.0,0.08333333333333333,20.764264547417834,20000358
SPT-Periodic,6.249412814281439,6,0.5,0.3256051013837873,0.75,0.5,0.6,0.3,0.0,0.08333333333333333,19.789656957648887,20000359
SPT-Periodic,9.67069062745381,8,0.6666666666666666,0.4937178965529217,0.75,0.33333333333333337,0.6,0.3,0.0,0.08333333333333333,20.292661336768937,20000360
SPT-Periodic,6.701416688874086,6,0.5,0.36558605149743956,0.6666666666666666,0.5,0.6,0.3,0.0,0.08333333333333333,19.588853572875458,20000361
SPT-Periodic,8.098667620130575,7,0.5833333333333334,0.4146651704317277,0.6666666666666666,0.41666666666666663,0.6,0.3,0.0,0.08333333333333333,19.102956487873236,20000362
SPT-Periodic,4.7808892682162,5,0.4166666666666667,0.28439938776814533,0.5833333333333334,0.5833333333333333,0.6,0.3,0.0,0.08333333333333333,19.01539274866958,20000363
SPT-Periodic,6.650314297782877,6,0.5,0.3522021678431081,0.6666666666666666,0.5,0.6,0.3,0.0,0.08333333333333333,20.198310767334103,20000364
SPT-Periodic,10.452843819710344,8,0.6666666666666666,0.5453559085172559,0.6666666666666666,0.33333333333333337,0.6,0.3,0.0,0.08333333333333333,19.557678951205478,20000365
SPT-Periodic,8.97755814737493,7,0.5833333333333334,0.4929876933423792,0.5833333333333334,0.41666666666666663,0.6,0.3,0.0,0.08333333333333333,19.058363813658328,20000366
SPT-Periodic,9.835828352258963,8,0.6666666666666666,0.48404816089635333,0.75,0.33333333333333337,0.6,0.3,0.0,0.08333333333333333,19.970876994567984,20000367
SPT-Periodic,8.125374252429411,7,0.5833333333333334,0.4375693184533894,0.75,0.41666666666666663,0.6,0.3,0.0,0.08333333333333333,20.150678922976905,20000368
SPT-Periodic,6.558263594142472,6,0.5,0.371357382529083,0.5833333333333334,0.5,0.6,0.3,0.0,0.08333333333333333,19.27832586345941,20000369
SPT-Periodic,9.703563426048508,8,0.6666666666666666,0.480943991802463,0.75,0.33333333333333337,0.6,0.3,0.0,0.08333333333333333,20.098901810356853,20000370
SPT-Periodic,9.936905563427999,8,0.6666666666666666,0.5201977264341517,0.6666666666666666,0.33333333333333337,0.6,0.3,0.0,0.08333333333333333,20.050280765418062,20000371
SPT-Periodic,6.686301638175881,6,0.5,0.3774678389221121,0.5833333333333334,0.5,0.6,0.3,0.0,0.08333333333333333,18.74901045959941,20000372
SPT-Periodic,7.754891639090086,7,0.5833333333333334,0.35254271101352264,0.8333333333333334,0.41666666666666663,0.6,0.3,0.0,0.08333333333333333,21.317148793771842,20000373
SPT-Periodic,6.54585144374506,6,0.5,0.3283788393124371,0.75,0.5,0.6,0.3,0.0,0.08333333333333333,19.842427440847764,20000374
SPT-Periodic,8.285762457171373,7,0.5833333333333334,0.469631143381559,0.6666666666666666,0.41666666666666663,0.6,0.3,0.0,0.08333333333333333,19.8360311802838,20000375
SPT-Periodic,11.253966223031156,9,0.75,0.5808699523986803,0.75,0.25,0.6,0.3,0.0,0.08333333333333333,20.10258370942477,20000376
SPT-Periodic,8.174788531295022,7,0.5833333333333334,0.3986097662268358,0.75,0.41666666666666663,0.6,0.3,0.0,0.08333333333333333,20.056331412779624,20000377
SPT-Periodic,6.542592400551088,6,0.5,0.36005048748399704,0.6666666666666666,0.5,0.6,0.3,0.0,0.08333333333333333,20.330524159886142,20000378
SPT-Periodic,9.899586440099116,8,0.6666666666666666,0.49084623013676487,0.8333333333333334,0.33333333333333337,0.6,0.3,0.0,0.08333333333333333,21.054467658784024,20000379
SPT-Periodic,11.43421870665538,9,0.75,0.5984155390833663,0.75,0.25,0.6,0.3,0.0,0.08333333333333333,20.641276834661408,20000380
SPT-Periodic,8.838019243774989,7,0.5833333333333334,0.4552930952223791,0.6666666666666666,0.41666666666666663,0.6,0.3,0.0,0.08333333333333333,19.643903900099005,20000381
SPT-Periodic,9.522306760328965,8,0.6666666666666666,0.4792594068431306,0.8333333333333334,0.33333333333333337,0.6,0.3,0.0,0.08333333333333333,20.584491209683918,20000382
SPT-Periodic,11.751063906141354,9,0.75,0.6196042438777722,0.75,0.25,0.6,0.3,0.0,0.08333333333333333,19.6276597653534,20000383
SPT-Periodic,6.517004209441563,6,0.5,0.3667546722510091,0.6666666666666666,0.5,0.6,0.3,0.0,0.08333333333333333,19.421515514382328,20000384
SPT-Periodic,7.712516785635814,7,0.5833333333333334,0.3592972628664708,0.75,0.41666666666666663,0.6,0.3,0.0,0.08333333333333333,19.6662799797385,20000385
SPT-Periodic,6.981020986277998,6,0.5,0.3906027788124357,0.6666666666666666,0.5,0.6,0.3,0.0,0.08333333333333333,19.40796948874459,20000386
SPT-Periodic,9.756792242428366,8,0.6666666666666666,0.5066165622038228,0.75,0.33333333333333337,0.6,0.3,0.0,0.08333333333333333,19.80428615435685,20000387
SPT-Periodic,7.798339688573758,7,0.5833333333333334,0.444129990476258,0.75,0.41666666666666663,0.6,0.3,0.0,0.08333333333333333,20.37159236624462,20000388
SPT-Periodic,8.295814514126036,7,0.5833333333333334,0.42235250174471367,0.75,0.41666666666666663,0.6,0.3,0.0,0.08333333333333333,19.998491417016318,20000389
SPT-Periodic,9.767519395170691,8,0.6666666666666666,0.5304500716096252,0.6666666666666666,0.33333333333333337,0.6,0.3,0.0,0.08333333333333333,20.13285463992548,20000390
SPT-Periodic,9.864802054191186,8,0.6666666666666666,0.5371808106610546,0.75,0.33333333333333337,0.6,0.3,0.0,0.08333333333333333,20.715215830056632,20000391
SPT-Periodic,6.623567473778811,6,0.5,0.35824720987308656,0.75,0.5,0.6,0.3,0.0,0.08333333333333333,20.570729345656467,20000392
SPT-Periodic,5.172827502162871,5,0.4166666666666667,0.30308998675312526,0.6666666666666666,0.5833333333333333,0.6,0.3,0.0,0.08333333333333333,19.53121359924987,20000393
SPT-Periodic,6.915501828906617,6,0.5,0.3868188125770908,0.5833333333333334,0.5,0.6,0.3,0.0,0.08333333333333333,18.89312733866114,20000394
SPT-Periodic,9.994164308408843,8,0.6666666666666666,0.5128297380655648,0.75,0.33333333333333337,0.6,0.3,0.0,0.08333333333333333,20.550762025419974,20000395
SPT-Periodic,8.201937737171612,7,0.5833333333333334,0.4380720976953915,0.75,0.41666666666666663,0.6,0.3,0.0,0.08333333333333333,19.814569220013304,20000396
SPT-Periodic,13.16786698142338,10,0.8333333333333334,0.71078687318652,0.8333333333333334,0.16666666666666663,0.6,0.3,0.0,0.08333333333333333,20.862619080326432,20000397
SPT-Periodic,9.469452081011559,8,0.6666666666666666,0.4899663078573028,0.8333333333333334,0.33333333333333337,0.6,0.3,0.0,0.08333333333333333,20.883099867361,20000398
SPT-Periodic,11.386909482099442,9,0.75,0.5821955699904618,0.75,0.25,0.6,0.3,0.0,0.08333333333333333,20.463344589921945,20000399
SPT-Periodic,9.6665260360169,8,0.6666666666666666,0.5283184993773574,0.75,0.33333333333333337,0.6,0.3,0.0,0.08333333333333333,20.63739446891916,20000400
SPT-Periodic,6.888571373489782,6,0.5,0.39215216056911745,0.5833333333333334,0.5,0.6,0.3,0.0,0.08333333333333333,18.927374803247403,20000401
SPT-Periodic,3.302179936005979,4,0.3333333333333333,0.21647177251002964,0.5833333333333334,0.6666666666666667,0.6,0.3,0.0,0.08333333333333333,18.63722786358451,20000402
SPT-Periodic,8.409581104745415,7,0.5833333333333334,0.4663741780624424,0.5833333333333334,0.41666666666666663,0.6,0.3,0.0,0.08333333333333333,19.397345084756598,20000403
SPT-Periodic,8.106187483917001,7,0.5833333333333334,0.43849072402699213,0.6666666666666666,0.41666666666666663,0.6,0.3,0.0,0.08333333333333333,19.93272731483619,20000404
SPT-Periodic,8.948717265956262,7,0.5833333333333334,0.5005285480427604,0.5833333333333334,0.41666666666666663,0.6,0.3,0.0,0.08333333333333333,18.991507974327845,20000405
SPT-Periodic,8.001372845303923,7,0.5833333333333334,0.4213991222956344,0.6666666666666666,0.41666666666666663,0.6,0.3,0.0,0.08333333333333333,20.062170526158233,20000406
SPT-Periodic,11.977671144115329,9,0.75,0.6343936220375929,0.75,0.25,0.6,0.3,0.0,0.08333333333333333,20.194177860288317,20000407
SPT-Periodic,8.054671535031288,7,0.5833333333333334,0.42203856546163143,0.75,0.41666666666666663,0.6,0.3,0.0,0.08333333333333333,19.649815358126787,20000408
SPT-Periodic,7.7850026251449895,7,0.5833333333333334,0.4005464008799572,0.6666666666666666,0.41666666666666663,0.6,0.3,0.0,0.08333333333333333,19.667900997663313,20000409
SPT-Periodic,7.845064096009699,7,0.5833333333333334,0.4021412583363995,0.75,0.41666666666666663,0.6,0.3,0.0,0.08333333333333333,20.309068480227733,20000410
SPT-Periodic,8.50680615307336,7,0.5833333333333334,0.4442318894792528,0.75,0.41666666666666663,0.6,0.3,0.0,0.08333333333333333,20.092934645454573,20000411
SPT-Periodic,8.475593301744805,7,0.5833333333333334,0.5142375744909834,0.5833333333333334,0.41666666666666663,0.6,0.3,0.0,0.08333333333333333,19.697004999129696,20000412
SPT-Periodic,9.952218569638264,8,0.6666666666666666,0.5571911245841431,0.75,0.33333333333333337,0.6,0.3,0.0,0.08333333333333333,19.904113974823535,20000413
SPT-Periodic,8.244158687796805,7,0.5833333333333334,0.4618615797380855,0.6666666666666666,0.41666666666666663,0.6,0.3,0.0,0.08333333333333333,19.708831397468934,20000414
SPT-Periodic,9.988285706473155,8,0.6666666666666666,0.505628517205343,0.75,0.33333333333333337,0.6,0.3,0.0,0.08333333333333333,19.702492626308075,20000415
SPT-Periodic,8.369049983512811,7,0.5833333333333334,0.43830660955657275,0.75,0.41666666666666663,0.6,0.3,0.0,0.08333333333333333,20.389574141782045,20000416
SPT-Periodic,8.089160349560698,7,0.5833333333333334,0.387484402471608,0.75,0.41666666666666663,0.6,0.3,0.0,0.08333333333333333,19.6396003257321,20000417
SPT-Periodic,9.8002425076462,8,0.6666666666666666,0.5238854146223179,0.8333333333333334,0.33333333333333337,0.6,0.3,0.0,0.08333333333333333,20.645759456761027,20000418
SPT-Periodic,8.093262661723989,7,0.5833333333333334,0.3961917383455019,0.6666666666666666,0.41666666666666663,0.6,0.3,0.0,0.08333333333333333,19.72154813086735,20000419
SPT-Periodic,9.877431452419275,8,0.6666666666666666,0.5238142541187796,0.8333333333333334,0.33333333333333337,0.6,0.3,0.0,0.08333333333333333,20.35447326407199,20000420
SPT-Periodic,8.558287078328108,7,0.5833333333333334,0.4788411001261071,0.5833333333333334,0.41666666666666663,0.6,0.3,0.0,0.08333333333333333,19.341583060428427,20000421
SPT-Periodic,6.527934399938534,6,0.5,0.3426601940858298,0.75,0.5,0.6,0.3,0.0,0.08333333333333333,20.237903320460603,20000422
SPT-Periodic,9.733715718536864,8,0.6666666666666666,0.5071817377452343,0.8333333333333334,0.33333333333333337,0.6,0.3,0.0,0.08333333333333333,20.653081470997208,20000423
SPT-Periodic,6.525138919824637,6,0.5,0.360489959296669,0.6666666666666666,0.5,0.6,0.3,0.0,0.08333333333333333,19.999797426753005,20000424
SPT-Periodic,3.2720414192491507,4,0.3333333333333333,0.19384174245310803,0.6666666666666666,0.6666666666666667,0.6,0.3,0.0,0.08333333333333333,19.128917710642355,20000425
SPT-Periodic,9.889404868392798,8,0.6666666666666666,0.49587549889096605,0.75,0.33333333333333337,0.6,0.3,0.0,0.08333333333333333,19.679582001371553,20000426
SPT-Periodic,11.754308762221536,9,0.75,0.6246112668411588,0.75,0.25,0.6,0.3,0.0,0.08333333333333333,20.499691083290795,20000427
SPT-Periodic,7.841157060718659,7,0.5833333333333334,0.40979589419132945,0.6666666666666666,0.41666666666666663,0.6,0.3,0.0,0.08333333333333333,19.34765590624945,20000428
SPT-Periodic,11.148054680964135,9,0.75,0.5678122975403304,0.8333333333333334,0.25,0.6,0.3,0.0,0.08333333333333333,20.691731092388416,20000429
SPT-Periodic,12.795567398132354,10,0.8333333333333334,0.6618806910277241,0.8333333333333334,0.16666666666666663,0.6,0.3,0.0,0.08333333333333333,19.893370544651354,20000430
SPT-Periodic,10.011703316835426,8,0.6666666666666666,0.5510950245648041,0.6666666666666666,0.33333333333333337,0.6,0.3,0.0,0.08333333333333333,19.86480749243237,20000431
SPT-Periodic,10.045141644480662,8,0.6666666666666666,0.5622300204954613,0.75,0.33333333333333337,0.6,0.3,0.0,0.08333333333333333,20.49183163573158,20000432
SPT-Periodic,8.846347858750365,7,0.5833333333333334,0.5057707331980268,0.6666666666666666,0.41666666666666663,0.6,0.3,0.0,0.08333333333333333,19.542008308804398,20000433
SPT-Periodic,7.955181901453184,7,0.5833333333333334,0.41533856365326594,0.6666666666666666,0.41666666666666663,0.6,0.3,0.0,0.08333333333333333,19.159789180330634,20000434
SPT-Periodic,10.036364824154052,8,0.6666666666666666,0.5392780153996236,0.75,0.33333333333333337,0.6,0.3,0.0,0.08333333333333333,20.117974445382306,20000435
SPT-Periodic,13.348191559777646,10,0.8333333333333334,0.7038379920950366,0.8333333333333334,0.16666666666666663,0.6,0.3,0.0,0.08333333333333333,20.870478899444112,20000436
SPT-Periodic,7.881656933157982,7,0.5833333333333334,0.38448196939146195,0.75,0.41666666666666663,0.6,0.3,0.0,0.08333333333333333,20.277702304008667,20000437
SPT-Periodic,8.05469082709319,7,0.5833333333333334,0.4164702501725256,0.6666666666666666,0.41666666666666663,0.6,0.3,0.0,0.08333333333333333,19.365960082043188,20000438
SPT-Periodic,7.065291768436268,6,0.5,0.40167196122892956,0.5833333333333334,0.5,0.6,0.3,0.0,0.08333333333333333,18.88189748657055,20000439
SPT-Periodic,9.498175446560218,8,0.6666666666666666,0.5048563595085029,0.8333333333333334,0.33333333333333337,0.6,0.3,0.0,0.08333333333333333,20.62705879666826,20000440
SPT-Periodic,8.04991232535135,7,0.5833333333333334,0.42605265629471206,0.5833333333333334,0.41666666666666663,0.6,0.3,0.0,0.08333333333333333,19.163832816085538,20000441
SPT-Periodic,13.147907831590688,10,0.8333333333333334,0.6902001739106723,0.8333333333333334,0.16666666666666663,0.6,0.3,0.0,0.08333333333333333,20.369769578976722,20000442
SPT-Periodic,6.706987303664118,6,0.5,0.3733557238991904,0.6666666666666666,0.5,0.6,0.3,0.0,0.08333333333333333,19.828758983303995,20000443
SPT-Periodic,6.6081532309511415,6,0.5,0.3493175072442241,0.6666666666666666,0.5,0.6,0.3,0.0,0.08333333333333333,19.064321279725426,20000444
SPT-Periodic,8.278401302136277,7,0.5833333333333334,0.4335280401151134,0.6666666666666666,0.41666666666666663,0.6,0.3,0.0,0.08333333333333333,19.686688149144693,20000445
SPT-Periodic,8.240617829170782,7,0.5833333333333334,0.4455024984745401,0.6666666666666666,0.41666666666666663,0.6,0.3,0.0,0.08333333333333333,19.216085361900532,20000446
SPT-Periodic,6.888064786602043,6,0.5,0.37525958599384107,0.5833333333333334,0.5,0.6,0.3,0.0,0.08333333333333333,18.455277595890486,20000447
SPT-Periodic,9.956935404003072,8,0.6666666666666666,0.5624634965385761,0.6666666666666666,0.33333333333333337,0.6,0.3,0.0,0.08333333333333333,20.20627899481104,20000448
SPT-Periodic,8.034298617880927,7,0.5833333333333334,0.39985269576479604,0.75,0.41666666666666663,0.6,0.3,0.0,0.08333333333333333,19.648881750742778,20000449
SPT-Periodic,6.919662624716247,6,0.5,0.3653110142771281,0.6666666666666666,0.5,0.6,0.3,0.0,0.08333333333333333,19.30951759669443,20000450
SPT-Periodic,7.898355666411062,7,0.5833333333333334,0.3677704207009188,0.75,0.41666666666666663,0.6,0.3,0.0,0.08333333333333333,19.487510495601363,20000451
SPT-Periodic,6.773424717570659,6,0.5,0.38330329149796916,0.5833333333333334,0.5,0.6,0.3,0.0,0.08333333333333333,19.485444301932475,20000452
SPT-Periodic,7.093810320853606,6,0.5,0.40180343568195553,0.5833333333333334,0.5,0.6,0.3,0.0,0.08333333333333333,18.9740355068478,20000453
SPT-Periodic,7.677362691477541,7,0.5833333333333334,0.36533272627934466,0.6666666666666666,0.41666666666666663,0.6,0.3,0.0,0.08333333333333333,19.880375258784884,20000454
SPT-Periodic,8.333290526333903,7,0.5833333333333334,0.43463329671753054,0.75,0.41666666666666663,0.6,0.3,0.0,0.08333333333333333,20.272795363820514,20000455
SPT-Periodic,9.786910897717807,8,0.6666666666666666,0.5098879479335462,0.75,0.33333333333333337,0.6,0.3,0.0,0.08333333333333333,20.48385836417948,20000456
SPT-Periodic,5.009268252316996,5,0.4166666666666667,0.29944795854361067,0.5833333333333334,0.5833333333333333,0.6,0.3,0.0,0.08333333333333333,19.1819583137345,20000457
SPT-Periodic,6.9775761718418075,6,0.5,0.38957607753522033,0.5833333333333334,0.5,0.6,0.3,0.0,0.08333333333333333,18.71813849849915,20000458
SPT-Periodic,8.434977189685645,7,0.5833333333333334,0.45154611919899557,0.75,0.41666666666666663,0.6,0.3,0.0,0.08333333333333333,20.664377993416117,20000459
SPT-Periodic,9.524881128739036,8,0.6666666666666666,0.48680248961619593,0.75,0.33333333333333337,0.6,0.3,0.0,0.08333333333333333,20.326873165540906,20000460
SPT-Periodic,10.352341091130153,8,0.6666666666666666,0.5367403725498399,0.6666666666666666,0.33333333333333337,0.6,0.3,0.0,0.08333333333333333,19.306032011206202,20000461
SPT-Periodic,9.978154363741439,8,0.6666666666666666,0.5492136376927309,0.75,0.33333333333333337,0.6,0.3,0.0,0.08333333333333333,19.94072309915098,20000462
SPT-Periodic,8.553816809080972,7,0.5833333333333334,0.4645053178928758,0.6666666666666666,0.41666666666666663,0.6,0.3,0.0,0.08333333333333333,18.87303307089814,20000463
SPT-Periodic,10.031502001180916,8,0.6666666666666666,0.5079026173233004,0.75,0.33333333333333337,0.6,0.3,0.0,0.08333333333333333,20.605506989256348,20000464
SPT-Periodic,9.886764183998194,8,0.6666666666666666,0.5200112023363495,0.75,0.33333333333333337,0.6,0.3,0.0,0.08333333333333333,19.485717600487728,20000465
SPT-Periodic,7.0395339615173365,6,0.5,0.40388114975327394,0.6666666666666666,0.5,0.6,0.3,0.0,0.08333333333333333,19.497821984777044,20000466
SPT-Periodic,9.991285228039327,8,0.6666666666666666,0.543358412865939,0.8333333333333334,0.33333333333333337,0.6,0.3,0.0,0.08333333333333333,20.998677902335878,20000467
SPT-Periodic,9.44630537124385,8,0.6666666666666666,0.48039074351142025,0.75,0.33333333333333337,0.6,0.3,0.0,0.08333333333333333,20.320999412342996,20000468
SPT-Periodic,6.270663117406735,6,0.5,0.33272424007971485,0.6666666666666666,0.5,0.6,0.3,0.0,0.08333333333333333,19.883328613715996,20000469
SPT-Periodic,8.078210174357451,7,0.5833333333333334,0.42445849684142634,0.8333333333333334,0.41666666666666663,0.6,0.3,0.0,0.08333333333333333,20.409123369006853,20000470
SPT-Periodic,9.819132886004134,8,0.6666666666666666,0.5363086799278644,0.6666666666666666,0.33333333333333337,0.6,0.3,0.0,0.08333333333333333,19.764508423295613,20000471
SPT-Periodic,9.997546912196006,8,0.6666666666666666,0.5383550254488307,0.6666666666666666,0.33333333333333337,0.6,0.3,0.0,0.08333333333333333,19.353859354414567,20000472
SPT-Periodic,9.642040313558054,8,0.6666666666666666,0.5100420322911262,0.75,0.33333333333333337,0.6,0.3,0.0,0.08333333333333333,20.309795486584722,20000473
SPT-Periodic,6.402776542013302,6,0.5,0.3391103083839924,0.6666666666666666,0.5,0.6,0.3,0.0,0.08333333333333333,19.650095329023074,20000474
SPT-Periodic,8.284430079757353,7,0.5833333333333334,0.44451311767830864,0.6666666666666666,0.41666666666666663,0.6,0.3,0.0,0.08333333333333333,19.470813054583157,20000475
SPT-Periodic,11.376041386308804,9,0.75,0.6332093644784708,0.75,0.25,0.6,0.3,0.0,0.08333333333333333,20.087929043582854,20000476
SPT-Periodic,9.850346465179458,8,0.6666666666666666,0.5206516403992003,0.6666666666666666,0.33333333333333337,0.6,0.3,0.0,0.08333333333333333,20.182781802737644,20000477
SPT-Periodic,4.9239552031335165,5,0.4166666666666667,0.2707529412228323,0.6666666666666666,0.5833333333333333,0.6,0.3,0.0,0.08333333333333333,19.939123783683897,20000478
SPT-Periodic,8.176531279261981,7,0.5833333333333334,0.4213280732159287,0.6666666666666666,0.41666666666666663,0.6,0.3,0.0,0.08333333333333333,19.2537148174976,20000479
SPT-Periodic,8.618927110849585,7,0.5833333333333334,0.4635719911168796,0.6666666666666666,0.41666666666666663,0.6,0.3,0.0,0.08333333333333333,18.78324557557375,20000480
SPT-Periodic,8.050925373868596,7,0.5833333333333334,0.4562035017548192,0.75,0.41666666666666663,0.6,0.3,0.0,0.08333333333333333,19.677594824819522,20000481
SPT-Periodic,6.603193114693948,6,0.5,0.37631815785511036,0.5833333333333334,0.5,0.6,0.3,0.0,0.08333333333333333,19.16848780674392,20000482
SPT-Periodic,8.217228492626198,7,0.5833333333333334,0.4551536420215418,0.75,0.41666666666666663,0.6,0.3,0.0,0.08333333333333333,20.25676235883972,20000483
SPT-Periodic,6.596817585757474,6,0.5,0.3823715933519979,0.5833333333333334,0.5,0.6,0.3,0.0,0.08333333333333333,18.925742958730527,20000484
SPT-Periodic,7.979706299775499,7,0.5833333333333334,0.40963441231476316,0.6666666666666666,0.41666666666666663,0.6,0.3,0.0,0.08333333333333333,19.719040266892257,20000485
SPT-Periodic,9.771426275408743,8,0.6666666666666666,0.5402573923527973,0.6666666666666666,0.33333333333333337,0.6,0.3,0.0,0.08333333333333333,20.13185152423196,20000486
SPT-Periodic,8.264332306485159,7,0.5833333333333334,0.4566139620794963,0.6666666666666666,0.41666666666666663,0.6,0.3,0.0,0.08333333333333333,19.77013380108856,20000487
SPT-Periodic,8.07965563188404,7,0.5833333333333334,0.41759319236099074,0.6666666666666666,0.41666666666666663,0.6,0.3,0.0,0.08333333333333333,20.197555912682517,20000488
SPT-Periodic,8.248985523138384,7,0.5833333333333334,0.4253900179506222,0.6666666666666666,0.41666666666666663,0.6,0.3,0.0,0.08333333333333333,19.16872590472709,20000489
SPT-Periodic,9.826980976106919,8,0.6666666666666666,0.49147077428891034,0.75,0.33333333333333337,0.6,0.3,0.0,0.08333333333333333,20.134059017461574,20000490
SPT-Periodic,10.278263186006155,8,0.6666666666666666,0.531321260169373,0.6666666666666666,0.33333333333333337,0.6,0.3,0.0,0.08333333333333333,19.521689158285035,20000491
SPT-Periodic,10.104315614390035,8,0.6666666666666666,0.5148067528421556,0.75,0.33333333333333337,0.6,0.3,0.0,0.08333333333333333,20.109672227424664,20000492
SPT-Periodic,6.449977266408878,6,0.5,0.3285801460298403,0.6666666666666666,0.5,0.6,0.3,0.0,0.08333333333333333,19.10250330634654,20000493
SPT-Periodic,8.282970299455139,7,0.5833333333333334,0.44832033371931285,0.75,0.41666666666666663,0.6,0.3,0.0,0.08333333333333333,20.0386418573329,20000494
SPT-Periodic,8.331834368463088,7,0.5833333333333334,0.44853402819605576,0.6666666666666666,0.41666666666666663,0.6,0.3,0.0,0.08333333333333333,19.193356956679086,20000495
SPT-Periodic,6.3684181261497415,6,0.5,0.3612650887469417,0.75,0.5,0.6,0.3,0.0,0.08333333333333333,20.72056199032221,20000496
SPT-Periodic,9.697537461995244,8,0.6666666666666666,0.49847780925018004,0.75,0.33333333333333337,0.6,0.3,0.0,0.08333333333333333,20.277681272156677,20000497
SPT-Periodic,6.5956757412668985,6,0.5,0.36045025596029245,0.6666666666666666,0.5,0.6,0.3,0.0,0.08333333333333333,20.026533845083577,20000498
SPT-Periodic,9.819137854948238,8,0.6666666666666666,0.5174476277855328,0.6666666666666666,0.33333333333333337,0.6,0.3,0.0,0.08333333333333333,20.16528388276179,20000499
SPT-Threshold,11.637240739849094,9,0.75,0.6017113250689397,0.75,0.25,0.6,0.3,0.0,0.0,21.890829583732703,20000000
SPT-Threshold,11.836089321482735,9,0.75,0.6232793949288084,0.75,0.25,0.6,0.3,0.0,0.0,22.094846345324726,20000001
SPT-Threshold,11.949645687379235,9,0.75,0.6384771204178709,0.75,0.25,0.6,0.3,0.0,0.0,21.931671459315286,20000002
SPT-Threshold,9.789972928777647,8,0.6666666666666666,0.5087820982779054,0.75,0.33333333333333337,0.6,0.3,0.0,0.0,21.42105470525376,20000003
SPT-Threshold,13.584320607644964,10,0.8333333333333334,0.7245283874309036,0.8333333333333334,0.16666666666666663,0.6,0.3,0.0,0.0,22.756088135150716,20000004
SPT-Threshold,7.043963153357836,6,0.5,0.3779127350554382,0.75,0.5,0.6,0.3,0.0,0.0,20.94943945882197,20000005
SPT-Threshold,5.17139667123266,5,0.4166666666666667,0.2898428682320316,0.6666666666666666,0.5833333333333333,0.6,0.3,0.0,0.0,21.1919469859903,20000006
SPT-Threshold,8.364948476212415,7,0.5833333333333334,0.3954788957597975,0.75,0.41666666666666663,0.6,0.3,0.0,0.0,21.757452963465354,20000007
SPT-Threshold,10.507994654190261,8,0.6666666666666666,0.5558190599760571,0.6666666666666666,0.33333333333333337,0.6,0.3,0.0,0.0,21.875575373689006,20000008
SPT-Threshold,8.543997875528067,7,0.5833333333333334,0.4575069473326683,0.75,0.41666666666666663,0.6,0.3,0.0,0.0,21.65628279875011,20000009
SPT-Threshold,8.260894586718273,7,0.5833333333333334,0.4299865229985015,0.6666666666666666,0.41666666666666663,0.6,0.3,0.0,0.0,20.393390118867952,20000010
SPT-Threshold,8.473249053611026,7,0.5833333333333334,0.45771685114879296,0.8333333333333334,0.41666666666666663,0.6,0.3,0.0,0.0,22.373361372690926,20000011
SPT-Threshold,8.242470309849951,7,0.5833333333333334,0.35796787298085225,0.8333333333333334,0.41666666666666663,0.6,0.3,0.0,0.0,21.926465054504654,20000012
SPT-Threshold,8.630156220548292,7,0.5833333333333334,0.4524357279260604,0.75,0.41666666666666663,0.6,0.3,0.0,0.0,21.633312566555208,20000013
SPT-Threshold,8.645177143054458,7,0.5833333333333334,0.462374473146647,0.75,0.41666666666666663,0.6,0.3,0.0,0.0,20.871122296012576,20000014
SPT-Threshold,10.17521913400154,8,0.6666666666666666,0.5171042476992451,0.75,0.33333333333333337,0.6,0.3,0.0,0.0,21.50197605834804,20000015
SPT-Threshold,12.14343345181043,9,0.75,0.6490321286803828,0.8333333333333334,0.25,0.6,0.3,0.0,0.0,22.874106334373806,20000016
SPT-Threshold,9.802558344514557,8,0.6666666666666666,0.5277243760073305,0.75,0.33333333333333337,0.6,0.3,0.0,0.0,21.480396848565505,20000017
SPT-Threshold,7.181009274503062,6,0.5,0.4338979882154283,0.5833333333333334,0.5,0.6,0.3,0.0,0.0,20.836861138327258,20000018
SPT-Threshold,11.99767192343008,9,0.75,0.608351961878505,0.8333333333333334,0.25,0.6,0.3,0.0,0.0,22.140389033215172,20000019
SPT-Threshold,8.423242766392132,7,0.5833333333333334,0.4171760025102818,0.75,0.41666666666666663,0.6,0.3,0.0,0.0,21.673194843638242,20000020
SPT-Threshold,11.71867909754657,9,0.75,0.64440025454073,0.8333333333333334,0.25,0.6,0.3,0.0,0.0,21.955852397778045,20000021
SPT-Threshold,9.935230180423414,8,0.6666666666666666,0.5146216019093102,0.75,0.33333333333333337,0.6,0.3,0.0,0.0,21.65525593565089,20000022
SPT-Threshold,10.564036483904143,8,0.6666666666666666,0.5614797761123763,0.75,0.33333333333333337,0.6,0.3,0.0,0.0,21.4307876016166,20000023
SPT-Threshold,11.848945835403455,9,0.75,0.6336093393400852,0.75,0.25,0.6,0.3,0.0,0.0,22.054476322319736,20000024
SPT-Threshold,10.568299638624708,8,0.6666666666666666,0.571809895580389,0.6666666666666666,0.33333333333333337,0.6,0.3,0.0,0.0,21.170397728364705,20000025
SPT-Threshold,13.507423618603855,10,0.8333333333333334,0.7205485742193348,0.8333333333333334,0.16666666666666663,0.6,0.3,0.0,0.0,21.694283268353864,20000026
SPT-Threshold,13.752596912804991,10,0.8333333333333334,0.719780189323428,0.8333333333333334,0.16666666666666663,0.6,0.3,0.0,0.0,22.29991071549939,20000027
SPT-Threshold,10.333016827858959,8,0.6666666666666666,0.5730692997077445,0.8333333333333334,0.33333333333333337,0.6,0.3,0.0,0.0,21.762073034987804,20000028
SPT-Threshold,13.29556740943301,10,0.8333333333333334,0.6924306275656229,0.8333333333333334,0.16666666666666663,0.6,0.3,0.0,0.0,21.974183001995627,20000029
SPT-Threshold,7.234629713295673,6,0.5,0.41142185686345273,0.5833333333333334,0.5,0.6,0.3,0.0,0.0,21.05742135515443,20000030
SPT-Threshold,10.387343769875638,8,0.6666666666666666,0.5777347623113102,0.6666666666666666,0.33333333333333337,0.6,0.3,0.0,0.0,21.719827838453842,20000031
SPT-Threshold,8.40479131194592,7,0.5833333333333334,0.43423997102097245,0.75,0.41666666666666663,0.6,0.3,0.0,0.0,21.517074316997604,20000032
SPT-Threshold,9.985840780550555,8,0.6666666666666666,0.5251752056995722,0.6666666666666666,0.33333333333333337,0.6,0.3,0.0,0.0,20.97480648983162,20000033
SPT-Threshold,6.441038797084302,6,0.5,0.2939906854284111,0.75,0.5,0.6,0.3,0.0,0.0,20.944036305272395,20000034
SPT-Threshold,6.737988149238689,6,0.5,0.35299159007771347,0.75,0.5,0.6,0.3,0.0,0.0,21.791410661152266,20000035
SPT-Threshold,15.01461331497637,11,0.9166666666666666,0.8312466047947481,0.9166666666666666,0.08333333333333337,0.6,0.3,0.0,0.0,22.286533287440935,20000036
SPT-Threshold,8.616483657402599,7,0.5833333333333334,0.46935187142784357,0.6666666666666666,0.41666666666666663,0.6,0.3,0.0,0.0,22.146521038168302,20000037
SPT-Threshold,12.05010938589532,9,0.75,0.6162550224034812,0.8333333333333334,0.25,0.6,0.3,0.0,0.0,22.648024657247152,20000038
SPT-Threshold,8.99852171100762,7,0.5833333333333334,0.4933971524732418,0.75,0.41666666666666663,0.6,0.3,0.0,0.0,21.75886889195573,20000039
SPT-Threshold,7.155305716879709,6,0.5,0.37666298157757777,0.6666666666666666,0.5,0.6,0.3,0.0,0.0,21.081993148493915,20000040
SPT-Threshold,11.895329978772118,9,0.75,0.6080376190668283,0.75,0.25,0.6,0.3,0.0,0.0,22.524949478593463,20000041
SPT-Threshold,9.804822769343048,8,0.6666666666666666,0.4902329077329876,0.75,0.33333333333333337,0.6,0.3,0.0,0.0,21.411388085330856,20000042
SPT-Threshold,9.78386005168091,8,0.6666666666666666,0.5153478221070702,0.75,0.33333333333333337,0.6,0.3,0.0,0.0,21.65627234030672,20000043
SPT-Threshold,6.955578993231164,6,0.5,0.41786684365446153,0.6666666666666666,0.5,0.6,0.3,0.0,0.0,21.154599726061306,20000044
SPT-Threshold,10.663960029153465,8,0.6666666666666666,0.5653757598208055,0.6666666666666666,0.33333333333333337,0.6,0.3,0.0,0.0,20.983696940886254,20000045
SPT-Threshold,4.91050976629559,5,0.4166666666666667,0.2731407054736645,0.6666666666666666,0.5833333333333333,0.6,0.3,0.0,0.0,20.491034803904643,20000046
SPT-Threshold,12.987863328198651,10,0.8333333333333334,0.689469139428535,0.8333333333333334,0.16666666666666663,0.6,0.3,0.0,0.0,22.48194378051,20000047
SPT-Threshold,8.823737040779074,7,0.5833333333333334,0.4779967210662703,0.75,0.41666666666666663,0.6,0.3,0.0,0.0,21.81594740031649,20000048
SPT-Threshold,9.660271944945649,8,0.6666666666666666,0.5033694445881409,0.75,0.33333333333333337,0.6,0.3,0.0,0.0,21.556100864381087,20000049
SPT-Threshold,9.948095557338894,8,0.6666666666666666,0.5260701996831968,0.75,0.33333333333333337,0.6,0.3,0.0,0.0,21.324256975742266,20000050
SPT-Threshold,8.524059874979187,7,0.5833333333333334,0.4243953487223561,0.75,0.41666666666666663,0.6,0.3,0.0,0.0,22.106603126902822,20000051
SPT-Threshold,8.781493880130894,7,0.5833333333333334,0.47010090685647676,0.75,0.41666666666666663,0.6,0.3,0.0,0.0,21.814472257328312,20000052
SPT-Threshold,8.162835447362085,7,0.5833333333333334,0.42520048076674494,0.75,0.41666666666666663,0.6,0.3,0.0,0.0,21.650577269147174,20000053
SPT-Threshold,11.73256700034574,9,0.75,0.6144546027491897,0.75,0.25,0.6,0.3,0.0,0.0,21.31023596634133,20000054
SPT-Threshold,8.23594943159166,7,0.5833333333333334,0.41459790825273696,0.75,0.41666666666666663,0.6,0.3,0.0,0.0,21.703873387591546,20000055
SPT-Threshold,9.893403646051466,8,0.6666666666666666,0.5060396671148923,0.75,0.33333333333333337,0.6,0.3,0.0,0.0,21.77365057990826,20000056
SPT-Threshold,8.786134733495382,7,0.5833333333333334,0.4771104049647672,0.5833333333333334,0.41666666666666663,0.6,0.3,0.0,0.0,20.254061333216278,20000057
SPT-Threshold,10.278534304384914,8,0.6666666666666666,0.502770912203083,0.8333333333333334,0.33333333333333337,0.6,0.3,0.0,0.0,22.381875194460868,20000058
SPT-Threshold,8.968747461789853,7,0.5833333333333334,0.47992467866798943,0.6666666666666666,0.41666666666666663,0.6,0.3,0.0,0.0,20.906765724983146,20000059
SPT-Threshold,9.931565109809611,8,0.6666666666666666,0.4992649438872711,0.75,0.33333333333333337,0.6,0.3,0.0,0.0,21.72692700002073,20000060
SPT-Threshold,8.899600984509597,7,0.5833333333333334,0.4704486589029149,0.6666666666666666,0.41666666666666663,0.6,0.3,0.0,0.0,20.356553363277104,20000061
SPT-Threshold,8.549158767879968,7,0.5833333333333334,0.4367017359110025,0.6666666666666666,0.41666666666666663,0.6,0.3,0.0,0.0,21.108754040895175,20000062
SPT-Threshold,8.499166211938238,7,0.5833333333333334,0.4490116384941528,0.6666666666666666,0.41666666666666663,0.6,0.3,0.0,0.0,20.619461562644407,20000063
SPT-Threshold,6.819290638270152,6,0.5,0.32600075674186313,0.8333333333333334,0.5,0.6,0.3,0.0,0.0,22.0222840038172,20000064
SPT-Threshold,8.57889543541238,7,0.5833333333333334,0.414739488768574,0.75,0.41666666666666663,0.6,0.3,0.0,0.0,21.383545728539623,20000065
SPT-Threshold,8.830242003635512,7,0.5833333333333334,0.45159206807465446,0.75,0.41666666666666663,0.6,0.3,0.0,0.0,21.315286070285442,20000066
SPT-Threshold,10.152341947202098,8,0.6666666666666666,0.5414671940302918,0.75,0.33333333333333337,0.6,0.3,0.0,0.0,21.853557804317052,20000067
SPT-Threshold,8.83544514313393,7,0.5833333333333334,0.4799909373529035,0.6666666666666666,0.41666666666666663,0.6,0.3,0.0,0.0,20.971450121654325,20000068
SPT-Threshold,9.926380908800605,8,0.6666666666666666,0.4917418976229022,0.8333333333333334,0.33333333333333337,0.6,0.3,0.0,0.0,22.936440076248516,20000069
SPT-Threshold,10.460879565125156,8,0.6666666666666666,0.551191130186799,0.75,0.33333333333333337,0.6,0.3,0.0,0.0,21.88007886446542,20000070
SPT-Threshold,5.223325621082247,5,0.4166666666666667,0.3082891861899211,0.6666666666666666,0.5833333333333333,0.6,0.3,0.0,0.0,20.81294698232776,20000071
SPT-Threshold,8.74656555181263,7,0.5833333333333334,0.48033504676278904,0.8333333333333334,0.41666666666666663,0.6,0.3,0.0,0.0,22.65670461844173,20000072
SPT-Threshold,10.21622034950397,8,0.6666666666666666,0.5117246719865606,0.75,0.33333333333333337,0.6,0.3,0.0,0.0,21.727117820595087,20000073
SPT-Threshold,8.80847830711708,7,0.5833333333333334,0.46273897400082126,0.75,0.41666666666666663,0.6,0.3,0.0,0.0,21.866076586129584,20000074
SPT-Threshold,9.101692236160753,7,0.5833333333333334,0.4845763218223921,0.6666666666666666,0.41666666666666663,0.6,0.3,0.0,0.0,21.627117304215197,20000075
SPT-Threshold,8.768851454371482,7,0.5833333333333334,0.44659487954457333,0.6666666666666666,0.41666666666666663,0.6,0.3,0.0,0.0,20.18075126663671,20000076
SPT-Threshold,9.759074962938442,8,0.6666666666666666,0.5068560293152301,0.75,0.33333333333333337,0.6,0.3,0.0,0.0,21.83416551244919,20000077
SPT-Threshold,9.996938360952118,8,0.6666666666666666,0.5249526298360363,0.75,0.33333333333333337,0.6,0.3,0.0,0.0,22.415439165535247,20000078
SPT-Threshold,10.07327237751384,8,0.6666666666666666,0.5090705696484378,0.75,0.33333333333333337,0.6,0.3,0.0,0.0,21.3106123728486,20000079
SPT-Threshold,8.60733520291127,7,0.5833333333333334,0.45699673506863026,0.6666666666666666,0.41666666666666663,0.6,0.3,0.0,0.0,21.232562817699172,20000080
SPT-Threshold,8.8433721185004,7,0.5833333333333334,0.4663476112814673,0.6666666666666666,0.41666666666666663,0.6,0.3,0.0,0.0,21.280343063342496,20000081
SPT-Threshold,10.025298464413028,8,0.6666666666666666,0.5226233229629815,0.8333333333333334,0.33333333333333337,0.6,0.3,0.0,0.0,22.91494313715245,20000082
SPT-Threshold,6.6241114521540645,6,0.5,0.3540228075726399,0.75,0.5,0.6,0.3,0.0,0.0,21.946390091733665,20000083
SPT-Threshold,10.11493691386824,8,0.6666666666666666,0.512825268382565,0.75,0.33333333333333337,0.6,0.3,0.0,0.0,20.885528487978338,20000084
SPT-Threshold,6.75966139299951,6,0.5,0.3599645437685381,0.6666666666666666,0.5,0.6,0.3,0.0,0.0,21.195727749170693,20000085
SPT-Threshold,10.537513001970748,8,0.6666666666666666,0.549342843037252,0.75,0.33333333333333337,0.6,0.3,0.0,0.0,21.04499970671431,20000086
SPT-Threshold,10.32497008891179,8,0.6666666666666666,0.5362906636339961,0.75,0.33333333333333337,0.6,0.3,0.0,0.0,21.832466787706633,20000087
SPT-Threshold,8.534873110134056,7,0.5833333333333334,0.44797148091151706,0.6666666666666666,0.41666666666666663,0.6,0.3,0.0,0.0,21.228640272138097,20000088
SPT-Threshold,8.554021311173665,7,0.5833333333333334,0.4382589430819051,0.8333333333333334,0.41666666666666663,0.6,0.3,0.0,0.0,21.835052717943288,20000089
SPT-Threshold,10.087863698483888,8,0.6666666666666666,0.5378133876094745,0.75,0.33333333333333337,0.6,0.3,0.0,0.0,21.636028046088157,20000090
SPT-Threshold,11.952663314039064,9,0.75,0.6466264833178157,0.75,0.25,0.6,0.3,0.0,0.0,22.36694246172669,20000091
SPT-Threshold,10.638079415677423,8,0.6666666666666666,0.5531600310880143,0.6666666666666666,0.33333333333333337,0.6,0.3,0.0,0.0,20.436088540021846,20000092
SPT-Threshold,11.902229365290037,9,0.75,0.6423491843527291,0.8333333333333334,0.25,0.6,0.3,0.0,0.0,21.800092441662105,20000093
SPT-Threshold,10.180775260623474,8,0.6666666666666666,0.5098166505222823,0.8333333333333334,0.33333333333333337,0.6,0.3,0.0,0.0,21.923405873453262,20000094
SPT-Threshold,7.10559189206161,6,0.5,0.3726002194393058,0.6666666666666666,0.5,0.6,0.3,0.0,0.0,20.168923846680023,20000095
SPT-Threshold,9.916734432411605,8,0.6666666666666666,0.5020921214023156,0.75,0.33333333333333337,0.6,0.3,0.0,0.0,21.72598359430715,20000096
SPT-Threshold,6.7341752947546905,6,0.5,0.3704577566823109,0.6666666666666666,0.5,0.6,0.3,0.0,0.0,20.572371708558432,20000097
SPT-Threshold,8.670332371147463,7,0.5833333333333334,0.47859064677599616,0.6666666666666666,0.41666666666666663,0.6,0.3,0.0,0.0,21.38188674101251,20000098
SPT-Threshold,8.09925348893143,7,0.5833333333333334,0.4030028486863422,0.75,0.41666666666666663,0.6,0.3,0.0,0.0,21.39269956595621,20000099
SPT-Threshold,10.321000503065523,8,0.6666666666666666,0.5364880931268018,0.75,0.33333333333333337,0.6,0.3,0.0,0.0,21.753486576277727,20000100
SPT-Threshold,10.085723869388806,8,0.6666666666666666,0.5152016027397901,0.6666666666666666,0.33333333333333337,0.6,0.3,0.0,0.0,21.066683373162444,20000101
SPT-Threshold,13.583545187747731,10,0.8333333333333334,0.7093639463778918,0.8333333333333334,0.16666666666666663,0.6,0.3,0.0,0.0,21.87874749349294,20000102
SPT-Threshold,10.21254600042881,8,0.6666666666666666,0.5398084178866643,0.75,0.33333333333333337,0.6,0.3,0.0,0.0,22.282523604530322,20000103
SPT-Threshold,10.307186390752769,8,0.6666666666666666,0.5288732464796319,0.75,0.33333333333333337,0.6,0.3,0.0,0.0,20.98607923407284,20000104
SPT-Threshold,11.561974409932331,9,0.75,0.6150109992674158,0.8333333333333334,0.25,0.6,0.3,0.0,0.0,22.653216817295522,20000105
SPT-Threshold,8.434283999156634,7,0.5833333333333334,0.45268828188521637,0.6666666666666666,0.41666666666666663,0.6,0.3,0.0,0.0,21.224005258215623,20000106
SPT-Threshold,8.346948482287452,7,0.5833333333333334,0.40429622012206295,0.8333333333333334,0.41666666666666663,0.6,0.3,0.0,0.0,21.80954818358422,20000107
SPT-Threshold,11.851081211455638,9,0.75,0.6391257043198652,0.8333333333333334,0.25,0.6,0.3,0.0,0.0,21.70178325969273,20000108
SPT-Threshold,5.568872332554655,5,0.4166666666666667,0.31023255689871626,0.6666666666666666,0.5833333333333333,0.6,0.3,0.0,0.0,20.692484667875643,20000109
SPT-Threshold,6.671920736695877,6,0.5,0.29492901654757503,0.75,0.5,0.6,0.3,0.0,0.0,21.075510932160842,20000110
SPT-Threshold,10.346861339633428,8,0.6666666666666666,0.5391461306701056,0.75,0.33333333333333337,0.6,0.3,0.0,0.0,22.305982554279304,20000111
SPT-Threshold,8.971525623673033,7,0.5833333333333334,0.5162181299196543,0.5833333333333334,0.41666666666666663,0.6,0.3,0.0,0.0,20.424280878616166,20000112
SPT-Threshold,8.403327682113963,7,0.5833333333333334,0.418662451025678,0.8333333333333334,0.41666666666666663,0.6,0.3,0.0,0.0,21.714694521981027,20000113
SPT-Threshold,8.554638760970562,7,0.5833333333333334,0.45919812937645926,0.6666666666666666,0.41666666666666663,0.6,0.3,0.0,0.0,21.153207532195676,20000114
SPT-Threshold,8.41977652891819,7,0.5833333333333334,0.4415870046427731,0.6666666666666666,0.41666666666666663,0.6,0.3,0.0,0.0,21.299013115562957,20000115
SPT-Threshold,8.321804856708555,7,0.5833333333333334,0.4677294052062497,0.75,0.41666666666666663,0.6,0.3,0.0,0.0,21.84014850240128,20000116
SPT-Threshold,8.270328614729372,7,0.5833333333333334,0.43620749783761,0.75,0.41666666666666663,0.6,0.3,0.0,0.0,22.359272166653113,20000117
SPT-Threshold,8.220387932930706,7,0.5833333333333334,0.37998251518020915,0.75,0.41666666666666663,0.6,0.3,0.0,0.0,21.53141887266012,20000118
SPT-Threshold,6.963588780975336,6,0.5,0.3798623403174157,0.6666666666666666,0.5,0.6,0.3,0.0,0.0,20.786851404483574,20000119
SPT-Threshold,6.526931188174026,6,0.5,0.34123221210295623,0.6666666666666666,0.5,0.6,0.3,0.0,0.0,20.656622915121176,20000120
SPT-Threshold,8.98378112630083,7,0.5833333333333334,0.48204427401468103,0.6666666666666666,0.41666666666666663,0.6,0.3,0.0,0.0,20.99387143408269,20000121
SPT-Threshold,10.581132457063926,8,0.6666666666666666,0.5733790662262425,0.75,0.33333333333333337,0.6,0.3,0.0,0.0,21.194935229996332,20000122
SPT-Threshold,10.130533920617598,8,0.6666666666666666,0.5389681916094111,0.8333333333333334,0.33333333333333337,0.6,0.3,0.0,0.0,21.776082836752835,20000123
SPT-Threshold,8.271691043477938,7,0.5833333333333334,0.40937308004545797,0.8333333333333334,0.41666666666666663,0.6,0.3,0.0,0.0,21.8760464412757,20000124
SPT-Threshold,7.994491295591153,7,0.5833333333333334,0.4235566030756823,0.75,0.41666666666666663,0.6,0.3,0.0,0.0,21.443555123193363,20000125
SPT-Threshold,8.874408290866977,7,0.5833333333333334,0.48510843988392,0.6666666666666666,0.41666666666666663,0.6,0.3,0.0,0.0,21.07944671588254,20000126
SPT-Threshold,8.928379455469436,7,0.5833333333333334,0.46950071682809574,0.75,0.41666666666666663,0.6,0.3,0.0,0.0,21.79687694167518,20000127
SPT-Threshold,10.135271380842097,8,0.6666666666666666,0.5257906179464193,0.8333333333333334,0.33333333333333337,0.6,0.3,0.0,0.0,21.473780935775565,20000128
SPT-Threshold,12.072332038455158,9,0.75,0.6373163998774446,0.75,0.25,0.6,0.3,0.0,0.0,22.18906690974745,20000129
SPT-Threshold,9.818162567507747,8,0.6666666666666666,0.49547115792546215,0.75,0.33333333333333337,0.6,0.3,0.0,0.0,21.445323027357393,20000130
SPT-Threshold,6.923598202982875,6,0.5,0.37753946889124523,0.6666666666666666,0.5,0.6,0.3,0.0,0.0,21.657594638753647,20000131
SPT-Threshold,6.7365045984832985,6,0.5,0.35719617017956334,0.75,0.5,0.6,0.3,0.0,0.0,22.110498028887605,20000132
SPT-Threshold,10.024430309630384,8,0.6666666666666666,0.5221494449800695,0.8333333333333334,0.33333333333333337,0.6,0.3,0.0,0.0,22.088888786991042,20000133
SPT-Threshold,9.969711034699484,8,0.6666666666666666,0.5085734432482247,0.75,0.33333333333333337,0.6,0.3,0.0,0.0,21.246005056276534,20000134
SPT-Threshold,8.507209639954365,7,0.5833333333333334,0.4289446591570971,0.75,0.41666666666666663,0.6,0.3,0.0,0.0,21.749039829429805,20000135
SPT-Threshold,10.016092427310632,8,0.6666666666666666,0.5179622587634923,0.75,0.33333333333333337,0.6,0.3,0.0,0.0,21.458812606051858,20000136
SPT-Threshold,10.102941960804394,8,0.6666666666666666,0.5260841058014216,0.75,0.33333333333333337,0.6,0.3,0.0,0.0,21.797154978382114,20000137
SPT-Threshold,10.619338611064444,8,0.6666666666666666,0.5517000540450726,0.75,0.33333333333333337,0.6,0.3,0.0,0.0,21.37935167389802,20000138
SPT-Threshold,8.345237972180444,7,0.5833333333333334,0.44317546772749244,0.75,0.41666666666666663,0.6,0.3,0.0,0.0,21.490581069773064,20000139
SPT-Threshold,11.1689906158371,9,0.75,0.5820700824771015,0.8333333333333334,0.25,0.6,0.3,0.0,0.0,22.634558334917735,20000140
SPT-Threshold,5.025938764754254,5,0.4166666666666667,0.27169006515726807,0.6666666666666666,0.5833333333333333,0.6,0.3,0.0,0.0,21.285599668142535,20000141
SPT-Threshold,8.622327492774291,7,0.5833333333333334,0.43309645782445577,0.75,0.41666666666666663,0.6,0.3,0.0,0.0,21.885500012574298,20000142
SPT-Threshold,9.070865113088558,7,0.5833333333333334,0.47645403458563856,0.6666666666666666,0.41666666666666663,0.6,0.3,0.0,0.0,20.959508517850857,20000143
SPT-Threshold,11.943127130128605,9,0.75,0.6557638311510289,0.75,0.25,0.6,0.3,0.0,0.0,21.52029416139475,20000144
SPT-Threshold,8.201380648366746,7,0.5833333333333334,0.42495230139892864,0.75,0.41666666666666663,0.6,0.3,0.0,0.0,21.973189076484143,20000145
SPT-Threshold,10.650333892195825,8,0.6666666666666666,0.5509572840261097,0.75,0.33333333333333337,0.6,0.3,0.0,0.0,21.436468584103263,20000146
SPT-Threshold,9.6359301851673,8,0.6666666666666666,0.4806027543664048,0.75,0.33333333333333337,0.6,0.3,0.0,0.0,21.317326517836673,20000147
SPT-Threshold,10.694628844308706,8,0.6666666666666666,0.5628173738444174,0.75,0.33333333333333337,0.6,0.3,0.0,0.0,21.47935638400914,20000148
SPT-Threshold,10.269943856434388,8,0.6666666666666666,0.5245171277167621,0.75,0.33333333333333337,0.6,0.3,0.0,0.0,20.899159283231814,20000149
SPT-Threshold,9.932821819412332,8,0.6666666666666666,0.528964558310838,0.75,0.33333333333333337,0.6,0.3,0.0,0.0,21.575147857372954,20000150
SPT-Threshold,9.991619930216425,8,0.6666666666666666,0.5099611516378894,0.8333333333333334,0.33333333333333337,0.6,0.3,0.0,0.0,21.832472002340502,20000151
SPT-Threshold,10.343033064320869,8,0.6666666666666666,0.5557212330728357,0.6666666666666666,0.33333333333333337,0.6,0.3,0.0,0.0,21.47538089651703,20000152
SPT-Threshold,10.131795659379335,8,0.6666666666666666,0.5366243453267147,0.75,0.33333333333333337,0.6,0.3,0.0,0.0,21.590177444887132,20000153
SPT-Threshold,8.495227461908598,7,0.5833333333333334,0.46435137879670163,0.75,0.41666666666666663,0.6,0.3,0.0,0.0,22.070359302197566,20000154
SPT-Threshold,10.143131394148655,8,0.6666666666666666,0.509414760235153,0.75,0.33333333333333337,0.6,0.3,0.0,0.0,21.147152425049892,20000155
SPT-Threshold,8.690488798526806,7,0.5833333333333334,0.4399376681496728,0.75,0.41666666666666663,0.6,0.3,0.0,0.0,21.04728614240281,20000156
SPT-Threshold,4.82167445735764,5,0.4166666666666667,0.23736011527053366,0.75,0.5833333333333333,0.6,0.3,0.0,0.0,21.804491042117153,20000157
SPT-Threshold,10.388062640396337,8,0.6666666666666666,0.5228931364622841,0.75,0.33333333333333337,0.6,0.3,0.0,0.0,20.892304843828736,20000158
SPT-Threshold,6.709884252614225,6,0.5,0.34339425089119563,0.6666666666666666,0.5,0.6,0.3,0.0,0.0,21.134099942012742,20000159
SPT-Threshold,6.294908726971123,6,0.5,0.3014968148933945,0.75,0.5,0.6,0.3,0.0,0.0,21.804877472271727,20000160
SPT-Threshold,11.528852178398726,9,0.75,0.5745665090385498,0.8333333333333334,0.25,0.6,0.3,0.0,0.0,22.064635146103665,20000161
SPT-Threshold,8.714055528041957,7,0.5833333333333334,0.4741208198962542,0.6666666666666666,0.41666666666666663,0.6,0.3,0.0,0.0,21.029007248579358,20000162
SPT-Threshold,12.151117706561294,9,0.75,0.6466477715650437,0.75,0.25,0.6,0.3,0.0,0.0,20.627794266403235,20000163
SPT-Threshold,10.90663486320741,8,0.6666666666666666,0.5721724402323674,0.6666666666666666,0.33333333333333337,0.6,0.3,0.0,0.0,20.266587158018528,20000164
SPT-Threshold,13.570365255893885,10,0.8333333333333334,0.7309865993127908,0.8333333333333334,0.16666666666666663,0.6,0.3,0.0,0.0,21.856862369807303,20000165
SPT-Threshold,8.650512358664834,7,0.5833333333333334,0.4641648630083144,0.75,0.41666666666666663,0.6,0.3,0.0,0.0,21.634272697355584,20000166
SPT-Threshold,11.530042667093879,9,0.75,0.586631542442043,0.8333333333333334,0.25,0.6,0.3,0.0,0.0,22.139511995806355,20000167
SPT-Threshold,10.413083828376367,8,0.6666666666666666,0.514592866181199,0.75,0.33333333333333337,0.6,0.3,0.0,0.0,21.506413657947803,20000168
SPT-Threshold,9.933757858105986,8,0.6666666666666666,0.5196040797126413,0.75,0.33333333333333337,0.6,0.3,0.0,0.0,21.38519217228769,20000169
SPT-Threshold,6.570608353894621,6,0.5,0.34843063584101874,0.6666666666666666,0.5,0.6,0.3,0.0,0.0,21.380092201889266,20000170
SPT-Threshold,7.986539705954559,7,0.5833333333333334,0.4091063417384267,0.75,0.41666666666666663,0.6,0.3,0.0,0.0,20.75082159802074,20000171
SPT-Threshold,9.98294582754286,8,0.6666666666666666,0.5571730492100048,0.75,0.33333333333333337,0.6,0.3,0.0,0.0,21.964679964272932,20000172
SPT-Threshold,8.59652823830222,7,0.5833333333333334,0.43288657550188236,0.75,0.41666666666666663,0.6,0.3,0.0,0.0,20.978159064531102,20000173
SPT-Threshold,10.226664161605193,8,0.6666666666666666,0.5369892791664758,0.75,0.33333333333333337,0.6,0.3,0.0,0.0,22.088792344449445,20000174
SPT-Threshold,6.577170462545906,6,0.5,0.34225766407888053,0.75,0.5,0.6,0.3,0.0,0.0,21.995768760449643,20000175
SPT-Threshold,9.898007233056513,8,0.6666666666666666,0.5000556585550514,0.75,0.33333333333333337,0.6,0.3,0.0,0.0,21.375327811537414,20000176
SPT-Threshold,8.536795379456152,7,0.5833333333333334,0.45942147757670687,0.75,0.41666666666666663,0.6,0.3,0.0,0.0,22.11071994010409,20000177
SPT-Threshold,10.50632126180208,8,0.6666666666666666,0.5511472670669791,0.75,0.33333333333333337,0.6,0.3,0.0,0.0,21.418276824022296,20000178
SPT-Threshold,6.9300644164254,6,0.5,0.362921326587315,0.75,0.5,0.6,0.3,0.0,0.0,21.527443412738062,20000179
SPT-Threshold,5.521438391939747,5,0.4166666666666667,0.33728249407010785,0.6666666666666666,0.5833333333333333,0.6,0.3,0.0,0.0,20.213445746542085,20000180
SPT-Threshold,9.585527281099402,8,0.6666666666666666,0.43897727636754347,0.8333333333333334,0.33333333333333337,0.6,0.3,0.0,0.0,21.704524906126103,20000181
SPT-Threshold,12.588943952787686,9,0.75,0.6456865433729908,0.75,0.25,0.6,0.3,0.0,0.0,21.72235988196922,20000182
SPT-Threshold,8.656756056135569,7,0.5833333333333334,0.4453141411369856,0.6666666666666666,0.41666666666666663,0.6,0.3,0.0,0.0,20.65443487624046,20000183
SPT-Threshold,9.928409700606231,8,0.6666666666666666,0.5022269357623534,0.75,0.33333333333333337,0.6,0.3,0.0,0.0,21.832370556588494,20000184
SPT-Threshold,11.704761459063384,9,0.75,0.5987364907525622,0.75,0.25,0.6,0.3,0.0,0.0,21.605727971965408,20000185
SPT-Threshold,7.989840123519733,7,0.5833333333333334,0.4058142838745782,0.75,0.41666666666666663,0.6,0.3,0.0,0.0,21.324547402726918,20000186
SPT-Threshold,7.173789640758151,6,0.5,0.38136869957076763,0.6666666666666666,0.5,0.6,0.3,0.0,0.0,20.62162233308997,20000187
SPT-Threshold,8.526155867400083,7,0.5833333333333334,0.4522282088478666,0.75,0.41666666666666663,0.6,0.3,0.0,0.0,21.98277834324313,20000188
SPT-Threshold,8.586804638737096,7,0.5833333333333334,0.43420849706681097,0.75,0.41666666666666663,0.6,0.3,0.0,0.0,21.54847028331252,20000189
SPT-Threshold,10.065067824988606,8,0.6666666666666666,0.5339226509592374,0.75,0.33333333333333337,0.6,0.3,0.0,0.0,21.247048941863774,20000190
SPT-Threshold,12.782798833942739,10,0.8333333333333334,0.6948709102708436,1.0,0.16666666666666663,0.6,0.3,0.0,0.0,22.642499141465983,20000191
SPT-Threshold,10.288368336621188,8,0.6666666666666666,0.5562599107141676,0.75,0.33333333333333337,0.6,0.3,0.0,0.0,21.630744271789645,20000192
SPT-Threshold,8.807978223929284,7,0.5833333333333334,0.4485018638509558,0.75,0.41666666666666663,0.6,0.3,0.0,0.0,21.277050341367424,20000193
SPT-Threshold,10.218193283844018,8,0.6666666666666666,0.5375496919305152,0.6666666666666666,0.33333333333333337,0.6,0.3,0.0,0.0,21.0519983454343,20000194
SPT-Threshold,6.957442460502174,6,0.5,0.3528356416116214,0.75,0.5,0.6,0.3,0.0,0.0,21.797875769310494,20000195
SPT-Threshold,10.135671249873845,8,0.6666666666666666,0.5146018549335325,0.75,0.33333333333333337,0.6,0.3,0.0,0.0,21.890367676189825,20000196
SPT-Threshold,7.1316088555499775,6,0.5,0.3722304175629767,0.75,0.5,0.6,0.3,0.0,0.0,21.39504010096364,20000197
SPT-Threshold,9.92681726463466,8,0.6666666666666666,0.48172007680858975,0.75,0.33333333333333337,0.6,0.3,0.0,0.0,21.89399174431649,20000198
SPT-Threshold,10.668727891783238,8,0.6666666666666666,0.5513931061653511,0.75,0.33333333333333337,0.6,0.3,0.0,0.0,21.208270360502198,20000199
SPT-Threshold,8.657457643524712,7,0.5833333333333334,0.440693758158043,0.75,0.41666666666666663,0.6,0.3,0.0,0.0,21.380257031851528,20000200
SPT-Threshold,8.504755330341437,7,0.5833333333333334,0.4374896329500656,0.6666666666666666,0.41666666666666663,0.6,0.3,0.0,0.0,20.623106166395935,20000201
SPT-Threshold,12.169020924797799,9,0.75,0.6289401140908646,0.75,0.25,0.6,0.3,0.0,0.0,21.506996850928882,20000202
SPT-Threshold,13.365712860938412,10,0.8333333333333334,0.6965775822443484,0.8333333333333334,0.16666666666666663,0.6,0.3,0.0,0.0,21.32541815413188,20000203
SPT-Threshold,5.338264815250085,5,0.4166666666666667,0.2846070273097898,0.75,0.5833333333333333,0.6,0.3,0.0,0.0,21.78281693567424,20000204
SPT-Threshold,10.29033161328056,8,0.6666666666666666,0.5483853613674355,0.8333333333333334,0.33333333333333337,0.6,0.3,0.0,0.0,21.888799538905996,20000205
SPT-Threshold,8.597753004968165,7,0.5833333333333334,0.43049251308437086,0.6666666666666666,0.41666666666666663,0.6,0.3,0.0,0.0,20.51889210267975,20000206
SPT-Threshold,7.077365123743835,6,0.5,0.3949894033398009,0.6666666666666666,0.5,0.6,0.3,0.0,0.0,20.69726684177417,20000207
SPT-Threshold,8.539213385921489,7,0.5833333333333334,0.4611858378825413,0.6666666666666666,0.41666666666666663,0.6,0.3,0.0,0.0,21.540335577700375,20000208
SPT-Threshold,8.331957667375617,7,0.5833333333333334,0.43515187654986137,0.6666666666666666,0.41666666666666663,0.6,0.3,0.0,0.0,20.95970535127401,20000209
SPT-Threshold,9.793331193758162,8,0.6666666666666666,0.4942365463697267,0.8333333333333334,0.33333333333333337,0.6,0.3,0.0,0.0,22.03493004112219,20000210
SPT-Threshold,9.867154262296452,8,0.6666666666666666,0.522142212652532,0.75,0.33333333333333337,0.6,0.3,0.0,0.0,21.502456379117014,20000211
SPT-Threshold,11.817587479191115,9,0.75,0.6286045128169919,0.8333333333333334,0.25,0.6,0.3,0.0,0.0,22.79696082917545,20000212
SPT-Threshold,7.987443126852186,7,0.5833333333333334,0.38726554168655575,0.75,0.41666666666666663,0.6,0.3,0.0,0.0,21.870429403199022,20000213
SPT-Threshold,8.985779716461629,7,0.5833333333333334,0.47235253432865104,0.75,0.41666666666666663,0.6,0.3,0.0,0.0,21.7464929731679,20000214
SPT-Threshold,9.198928665448253,7,0.5833333333333334,0.48760910330507334,0.75,0.41666666666666663,0.6,0.3,0.0,0.0,22.00793674653426,20000215
SPT-Threshold,9.708928547969764,8,0.6666666666666666,0.48454499477831586,0.75,0.33333333333333337,0.6,0.3,0.0,0.0,21.57686114713392,20000216
SPT-Threshold,8.333470947102388,7,0.5833333333333334,0.40836271307838873,0.8333333333333334,0.41666666666666663,0.6,0.3,0.0,0.0,22.0296899524208,20000217
SPT-Threshold,8.209578250659778,7,0.5833333333333334,0.39709049419101355,0.8333333333333334,0.41666666666666663,0.6,0.3,0.0,0.0,22.656660447398476,20000218
SPT-Threshold,10.359904056186915,8,0.6666666666666666,0.532299398700971,0.8333333333333334,0.33333333333333337,0.6,0.3,0.0,0.0,22.098626548800564,20000219
SPT-Threshold,11.663611540057317,9,0.75,0.6303731074305181,0.75,0.25,0.6,0.3,0.0,0.0,21.688993021785762,20000220
SPT-Threshold,8.080579457733753,7,0.5833333333333334,0.43760745096316206,0.75,0.41666666666666663,0.6,0.3,0.0,0.0,21.598821334004327,20000221
SPT-Threshold,7.678307555572481,7,0.5833333333333334,0.3338907425689856,0.75,0.41666666666666663,0.6,0.3,0.0,0.0,21.59119225418107,20000222
SPT-Threshold,11.987674812686429,9,0.75,0.6201687857774438,0.8333333333333334,0.25,0.6,0.3,0.0,0.0,21.667511563555095,20000223
SPT-Threshold,6.913558688227314,6,0.5,0.35544656467407304,0.75,0.5,0.6,0.3,0.0,0.0,20.861078449284392,20000224
SPT-Threshold,8.62456540525977,7,0.5833333333333334,0.44887475008719374,0.8333333333333334,0.41666666666666663,0.6,0.3,0.0,0.0,21.773774931795593,20000225
SPT-Threshold,8.582892815581658,7,0.5833333333333334,0.4714793777931263,0.6666666666666666,0.41666666666666663,0.6,0.3,0.0,0.0,21.66445050128521,20000226
SPT-Threshold,8.27511671862538,7,0.5833333333333334,0.3930964974324086,0.8333333333333334,0.41666666666666663,0.6,0.3,0.0,0.0,21.863097552939028,20000227
SPT-Threshold,7.87852572621453,7,0.5833333333333334,0.38225299114328604,0.75,0.41666666666666663,0.6,0.3,0.0,0.0,21.51157290824669,20000228
SPT-Threshold,7.066425875334559,6,0.5,0.3969217064947297,0.6666666666666666,0.5,0.6,0.3,0.0,0.0,20.497102464551638,20000229
SPT-Threshold,8.87764243617482,7,0.5833333333333334,0.480285527028674,0.75,0.41666666666666663,0.6,0.3,0.0,0.0,21.68616437057135,20000230
SPT-Threshold,9.688744738809415,8,0.6666666666666666,0.47994074649170354,0.75,0.33333333333333337,0.6,0.3,0.0,0.0,21.729235470840226,20000231
SPT-Threshold,6.6280990297111915,6,0.5,0.3411175607829932,0.6666666666666666,0.5,0.6,0.3,0.0,0.0,20.917674131073824,20000232
SPT-Threshold,8.910741662397074,7,0.5833333333333334,0.4763609313437566,0.75,0.41666666666666663,0.6,0.3,0.0,0.0,21.368871218779105,20000233
SPT-Threshold,10.705452484925415,8,0.6666666666666666,0.532248495775704,0.75,0.33333333333333337,0.6,0.3,0.0,0.0,21.812954969720145,20000234
SPT-Threshold,11.575384083797289,9,0.75,0.6064033237738624,0.8333333333333334,0.25,0.6,0.3,0.0,0.0,21.359990577855985,20000235
SPT-Threshold,13.787316846640476,10,0.8333333333333334,0.7179037540308906,0.8333333333333334,0.16666666666666663,0.6,0.3,0.0,0.0,22.384813664846583,20000236
SPT-Threshold,6.9718415670825955,6,0.5,0.4100896944805064,0.5833333333333334,0.5,0.6,0.3,0.0,0.0,20.66528789392924,20000237
SPT-Threshold,6.423421957182038,6,0.5,0.327734334116546,0.6666666666666666,0.5,0.6,0.3,0.0,0.0,20.991116800970673,20000238
SPT-Threshold,8.767696182004125,7,0.5833333333333334,0.47224383654933866,0.6666666666666666,0.41666666666666663,0.6,0.3,0.0,0.0,21.411145179836204,20000239
SPT-Threshold,8.922680917327538,7,0.5833333333333334,0.49422187565533876,0.6666666666666666,0.41666666666666663,0.6,0.3,0.0,0.0,21.13595785144176,20000240
SPT-Threshold,10.30768320421089,8,0.6666666666666666,0.5408385989798276,0.6666666666666666,0.33333333333333337,0.6,0.3,0.0,0.0,20.94344618198236,20000241
SPT-Threshold,13.037768946632998,10,0.8333333333333334,0.7069423976254863,0.9166666666666666,0.16666666666666663,0.6,0.3,0.0,0.0,22.44285737337869,20000242
SPT-Threshold,9.143138465091864,7,0.5833333333333334,0.5055880966463897,0.6666666666666666,0.41666666666666663,0.6,0.3,0.0,0.0,20.466018403139095,20000243
SPT-Threshold,8.517063565945165,7,0.5833333333333334,0.47145727922471115,0.75,0.41666666666666663,0.6,0.3,0.0,0.0,21.748528855805063,20000244
SPT-Threshold,10.655478057061933,8,0.6666666666666666,0.5671502247484392,0.75,0.33333333333333337,0.6,0.3,0.0,0.0,21.16989965539332,20000245
SPT-Threshold,9.973851045530669,8,0.6666666666666666,0.5339046743432931,0.75,0.33333333333333337,0.6,0.3,0.0,0.0,21.349013576913134,20000246
SPT-Threshold,10.004886753636574,8,0.6666666666666666,0.5043811318957931,0.75,0.33333333333333337,0.6,0.3,0.0,0.0,21.149825121971034,20000247
SPT-Threshold,13.016517721522813,10,0.8333333333333334,0.7052363609939358,0.8333333333333334,0.16666666666666663,0.6,0.3,0.0,0.0,22.28093337849538,20000248
SPT-Threshold,8.397215618648975,7,0.5833333333333334,0.45318205207818024,0.6666666666666666,0.41666666666666663,0.6,0.3,0.0,0.0,20.70735974024338,20000249
SPT-Threshold,13.501622471212503,10,0.8333333333333334,0.6965656247409149,0.8333333333333334,0.16666666666666663,0.6,0.3,0.0,0.0,21.653779739844435,20000250
SPT-Threshold,11.758484212007652,9,0.75,0.6188013925259253,0.75,0.25,0.6,0.3,0.0,0.0,21.3881023292574,20000251
SPT-Threshold,10.295746225825868,8,0.6666666666666666,0.5316844892983066,0.8333333333333334,0.33333333333333337,0.6,0.3,0.0,0.0,22.319941356312178,20000252
SPT-Threshold,10.139941593849295,8,0.6666666666666666,0.5250856756044326,0.6666666666666666,0.33333333333333337,0.6,0.3,0.0,0.0,21.24720192693042,20000253
SPT-Threshold,10.42927835414821,8,0.6666666666666666,0.5287953308091711,0.75,0.33333333333333337,0.6,0.3,0.0,0.0,21.41049360228992,20000254
SPT-Threshold,8.902433851069961,7,0.5833333333333334,0.48792721366207215,0.6666666666666666,0.41666666666666663,0.6,0.3,0.0,0.0,21.10179298815587,20000255
SPT-Threshold,10.356345286600652,8,0.6666666666666666,0.5366458614528008,0.6666666666666666,0.33333333333333337,0.6,0.3,0.0,0.0,21.3592133358953,20000256
SPT-Threshold,8.408796663873668,7,0.5833333333333334,0.44797318873789316,0.75,0.41666666666666663,0.6,0.3,0.0,0.0,21.84127189806042,20000257
SPT-Threshold,9.923078348121749,8,0.6666666666666666,0.5213485692422876,0.75,0.33333333333333337,0.6,0.3,0.0,0.0,21.6140236497945,20000258
SPT-Threshold,8.514831448663434,7,0.5833333333333334,0.4489010256083208,0.75,0.41666666666666663,0.6,0.3,0.0,0.0,21.37582577325115,20000259
SPT-Threshold,9.17434338986787,7,0.5833333333333334,0.50793887816446,0.6666666666666666,0.41666666666666663,0.6,0.3,0.0,0.0,20.921763976987513,20000260
SPT-Threshold,7.216411748832135,6,0.5,0.3670452364586609,0.6666666666666666,0.5,0.6,0.3,0.0,0.0,20.693715013889282,20000261
SPT-Threshold,8.777745950763823,7,0.5833333333333334,0.45876660166643957,0.75,0.41666666666666663,0.6,0.3,0.0,0.0,21.54118974968055,20000262
SPT-Threshold,11.554229332767868,9,0.75,0.6142297795905366,0.8333333333333334,0.25,0.6,0.3,0.0,0.0,22.76530889758003,20000263
SPT-Threshold,10.477573756354554,8,0.6666666666666666,0.5184666437872427,0.75,0.33333333333333337,0.6,0.3,0.0,0.0,21.214415458195102,20000264
SPT-Threshold,9.500657871171104,8,0.6666666666666666,0.4758128890565098,0.8333333333333334,0.33333333333333337,0.6,0.3,0.0,0.0,22.50004232100637,20000265
SPT-Threshold,11.653344510164514,9,0.75,0.5945695172956308,0.8333333333333334,0.25,0.6,0.3,0.0,0.0,21.792841699848427,20000266
SPT-Threshold,5.122280848128847,5,0.4166666666666667,0.3110014171666599,0.5833333333333334,0.5833333333333333,0.6,0.3,0.0,0.0,20.3599123484102,20000267
SPT-Threshold,8.286248039762649,7,0.5833333333333334,0.43225645040468413,0.6666666666666666,0.41666666666666663,0.6,0.3,0.0,0.0,21.317148194135058,20000268
SPT-Threshold,8.478427095820791,7,0.5833333333333334,0.45903080274763247,0.6666666666666666,0.41666666666666663,0.6,0.3,0.0,0.0,20.93676431136604,20000269
SPT-Threshold,9.783308037312294,8,0.6666666666666666,0.49152758977982214,0.75,0.33333333333333337,0.6,0.3,0.0,0.0,21.863012966365314,20000270
SPT-Threshold,10.38295103846525,8,0.6666666666666666,0.5563708772254239,0.75,0.33333333333333337,0.6,0.3,0.0,0.0,21.19788634052377,20000271
SPT-Threshold,10.29526651605443,8,0.6666666666666666,0.5398325633856325,0.8333333333333334,0.33333333333333337,0.6,0.3,0.0,0.0,21.64125358582473,20000272
SPT-Threshold,9.703824493189833,8,0.6666666666666666,0.4676770988964442,0.75,0.33333333333333337,0.6,0.3,0.0,0.0,21.290978470354656,20000273
SPT-Threshold,10.133355327374437,8,0.6666666666666666,0.5143486781156442,0.75,0.33333333333333337,0.6,0.3,0.0,0.0,21.511009083562378,20000274
SPT-Threshold,10.078857161318046,8,0.6666666666666666,0.5145779044948791,0.8333333333333334,0.33333333333333337,0.6,0.3,0.0,0.0,21.961668924904032,20000275
SPT-Threshold,8.710927205517514,7,0.5833333333333334,0.42285288097101553,0.75,0.41666666666666663,0.6,0.3,0.0,0.0,21.34073111976596,20000276
SPT-Threshold,10.249658140956864,8,0.6666666666666666,0.5047940933670759,0.75,0.33333333333333337,0.6,0.3,0.0,0.0,21.08800476001918,20000277
SPT-Threshold,6.826677760134154,6,0.5,0.33538401577168986,0.75,0.5,0.6,0.3,0.0,0.0,20.6891193552967,20000278
SPT-Threshold,11.90430960354453,9,0.75,0.6226850247654915,0.75,0.25,0.6,0.3,0.0,0.0,21.746982339705525,20000279
SPT-Threshold,9.938098952999761,8,0.6666666666666666,0.5111648241724635,0.9166666666666666,0.33333333333333337,0.6,0.3,0.0,0.0,22.471162610605415,20000280
SPT-Threshold,11.580988573313846,9,0.75,0.6318387177560714,0.75,0.25,0.6,0.3,0.0,0.0,21.930542687660743,20000281
SPT-Threshold,10.132852423059724,8,0.6666666666666666,0.5478523020556594,0.6666666666666666,0.33333333333333337,0.6,0.3,0.0,0.0,21.01102662724625,20000282
SPT-Threshold,13.254687652592263,10,0.8333333333333334,0.7002767983821189,0.8333333333333334,0.16666666666666663,0.6,0.3,0.0,0.0,21.906575177486868,20000283
SPT-Threshold,8.715196676302275,7,0.5833333333333334,0.4441553487263528,0.75,0.41666666666666663,0.6,0.3,0.0,0.0,21.052392345368375,20000284
SPT-Threshold,8.414269199586279,7,0.5833333333333334,0.43538904754903035,0.75,0.41666666666666663,0.6,0.3,0.0,0.0,22.171853181955154,20000285
SPT-Threshold,7.058240830011464,6,0.5,0.40161665795982066,0.5833333333333334,0.5,0.6,0.3,0.0,0.0,20.534655462990358,20000286
SPT-Threshold,13.344251720784474,10,0.8333333333333334,0.7008573492924948,0.9166666666666666,0.16666666666666663,0.6,0.3,0.0,0.0,22.619136726611586,20000287
SPT-Threshold,11.971310855643157,9,0.75,0.6183793944150346,0.8333333333333334,0.25,0.6,0.3,0.0,0.0,22.197248004716126,20000288
SPT-Threshold,9.981279732821047,8,0.6666666666666666,0.5091948230916363,0.8333333333333334,0.33333333333333337,0.6,0.3,0.0,0.0,21.70321921830425,20000289
SPT-Threshold,6.4393337029801065,6,0.5,0.3200932899468235,0.6666666666666666,0.5,0.6,0.3,0.0,0.0,20.8695256626404,20000290
SPT-Threshold,11.746523652414872,9,0.75,0.6339628791889843,0.8333333333333334,0.25,0.6,0.3,0.0,0.0,22.10019012938351,20000291
SPT-Threshold,8.51915656420682,7,0.5833333333333334,0.47158223756156026,0.6666666666666666,0.41666666666666663,0.6,0.3,0.0,0.0,21.01931377766917,20000292
SPT-Threshold,9.822123501867917,8,0.6666666666666666,0.49530715326148006,0.75,0.33333333333333337,0.6,0.3,0.0,0.0,21.794176343456787,20000293
SPT-Threshold,8.773920490865077,7,0.5833333333333334,0.4644710159524587,0.6666666666666666,0.41666666666666663,0.6,0.3,0.0,0.0,21.277694393651757,20000294
SPT-Threshold,8.745051852833948,7,0.5833333333333334,0.4903974236837252,0.75,0.41666666666666663,0.6,0.3,0.0,0.0,21.523895762913323,20000295
SPT-Threshold,8.472809250605511,7,0.5833333333333334,0.4415927714390639,0.6666666666666666,0.41666666666666663,0.6,0.3,0.0,0.0,21.44003910227164,20000296
SPT-Threshold,9.992033104791672,8,0.6666666666666666,0.4810213804269275,0.8333333333333334,0.33333333333333337,0.6,0.3,0.0,0.0,21.573087659896153,20000297
SPT-Threshold,8.39124082321216,7,0.5833333333333334,0.41220594593001025,0.75,0.41666666666666663,0.6,0.3,0.0,0.0,20.85221837182954,20000298
SPT-Threshold,9.456014037562896,8,0.6666666666666666,0.44857143672141375,0.8333333333333334,0.33333333333333337,0.6,0.3,0.0,0.0,21.8487477886655,20000299
SPT-Threshold,6.929578237913791,6,0.5,0.3635159527460488,0.6666666666666666,0.5,0.6,0.3,0.0,0.0,20.86677581141614,20000300
SPT-Threshold,9.926571759597099,8,0.6666666666666666,0.49122609018505425,0.8333333333333334,0.33333333333333337,0.6,0.3,0.0,0.0,21.724762814190903,20000301
SPT-Threshold,10.793596894062942,8,0.6666666666666666,0.5616721577736139,0.6666666666666666,0.33333333333333337,0.6,0.3,0.0,0.0,21.278260427774793,20000302
SPT-Threshold,6.8881550743215545,6,0.5,0.40727827372556663,0.75,0.5,0.6,0.3,0.0,0.0,21.889940857843744,20000303
SPT-Threshold,8.267611171688321,7,0.5833333333333334,0.45211550661334193,0.8333333333333334,0.41666666666666663,0.6,0.3,0.0,0.0,23.16916395063619,20000304
SPT-Threshold,10.108210251303216,8,0.6666666666666666,0.5604504115869497,0.9166666666666666,0.33333333333333337,0.6,0.3,0.0,0.0,22.925102066961006,20000305
SPT-Threshold,11.367227963502732,9,0.75,0.5589127919084637,0.8333333333333334,0.25,0.6,0.3,0.0,0.0,21.480593858239452,20000306
SPT-Threshold,12.10021506112008,9,0.75,0.6243007937132935,0.75,0.25,0.6,0.3,0.0,0.0,21.79464868851891,20000307
SPT-Threshold,10.6628262381054,8,0.6666666666666666,0.5458153367955826,0.75,0.33333333333333337,0.6,0.3,0.0,0.0,21.24458513642877,20000308
SPT-Threshold,8.95422330997441,7,0.5833333333333334,0.4722498448933305,0.6666666666666666,0.41666666666666663,0.6,0.3,0.0,0.0,20.49146113529528,20000309
SPT-Threshold,11.437504700700684,9,0.75,0.6219179449517731,0.8333333333333334,0.25,0.6,0.3,0.0,0.0,22.1431451221411,20000310
SPT-Threshold,9.874615234061135,8,0.6666666666666666,0.5089903279733133,0.75,0.33333333333333337,0.6,0.3,0.0,0.0,22.0882525684647,20000311
SPT-Threshold,10.030489845038574,8,0.6666666666666666,0.5039040462034934,0.75,0.33333333333333337,0.6,0.3,0.0,0.0,21.66884670447153,20000312
SPT-Threshold,10.506892397134171,8,0.6666666666666666,0.5337317904687405,0.75,0.33333333333333337,0.6,0.3,0.0,0.0,21.503277183935428,20000313
SPT-Threshold,9.868920205957348,8,0.6666666666666666,0.5081034671768393,0.75,0.33333333333333337,0.6,0.3,0.0,0.0,22.047733444128248,20000314
SPT-Threshold,10.082154523956081,8,0.6666666666666666,0.4973831307783105,0.75,0.33333333333333337,0.6,0.3,0.0,0.0,21.483183764088878,20000315
SPT-Threshold,8.989910020153433,7,0.5833333333333334,0.4694860039915692,0.6666666666666666,0.41666666666666663,0.6,0.3,0.0,0.0,20.94927914650018,20000316
SPT-Threshold,8.442111643116144,7,0.5833333333333334,0.4506485912765874,0.75,0.41666666666666663,0.6,0.3,0.0,0.0,21.026877928405185,20000317
SPT-Threshold,8.776731968966109,7,0.5833333333333334,0.47769093577969635,0.6666666666666666,0.41666666666666663,0.6,0.3,0.0,0.0,20.77447252949205,20000318
SPT-Threshold,7.232581397106092,6,0.5,0.3996216419479539,0.6666666666666666,0.5,0.6,0.3,0.0,0.0,21.12847906640435,20000319
SPT-Threshold,8.846109334220785,7,0.5833333333333334,0.4695099910415752,0.6666666666666666,0.41666666666666663,0.6,0.3,0.0,0.0,20.60447391228449,20000320
SPT-Threshold,11.714882996392689,9,0.75,0.622039799148024,0.8333333333333334,0.25,0.6,0.3,0.0,0.0,21.867118529300548,20000321
SPT-Threshold,10.351030925232926,8,0.6666666666666666,0.5522888958952052,0.6666666666666666,0.33333333333333337,0.6,0.3,0.0,0.0,21.49153041212226,20000322
SPT-Threshold,6.910151137533877,6,0.5,0.409321306943568,0.6666666666666666,0.5,0.6,0.3,0.0,0.0,21.377193001695296,20000323
SPT-Threshold,7.286912183033319,6,0.5,0.4115414532192754,0.75,0.5,0.6,0.3,0.0,0.0,21.64146825444121,20000324
SPT-Threshold,11.908158106617675,9,0.75,0.6214747940289866,0.8333333333333334,0.25,0.6,0.3,0.0,0.0,22.1492012213024,20000325
SPT-Threshold,5.3576514839225675,5,0.4166666666666667,0.33049088114102115,0.5833333333333334,0.5833333333333333,0.6,0.3,0.0,0.0,20.961813421039587,20000326
SPT-Threshold,9.627530201228998,8,0.6666666666666666,0.47396739041288877,0.75,0.33333333333333337,0.6,0.3,0.0,0.0,22.000634853808844,20000327
SPT-Threshold,10.244061910048929,8,0.6666666666666666,0.5149290989396075,0.75,0.33333333333333337,0.6,0.3,0.0,0.0,21.164443894677575,20000328
SPT-Threshold,10.508298621662236,8,0.6666666666666666,0.5483443693991289,0.6666666666666666,0.33333333333333337,0.6,0.3,0.0,0.0,20.96729524257383,20000329
SPT-Threshold,10.029875158895353,8,0.6666666666666666,0.5232091267741417,0.75,0.33333333333333337,0.6,0.3,0.0,0.0,21.173966866714647,20000330
SPT-Threshold,11.644401473143066,9,0.75,0.6204120714928565,0.8333333333333334,0.25,0.6,0.3,0.0,0.0,22.82099619064806,20000331
SPT-Threshold,8.341332002855495,7,0.5833333333333334,0.4001601585931193,0.8333333333333334,0.41666666666666663,0.6,0.3,0.0,0.0,22.063173039300942,20000332
SPT-Threshold,9.68390355570173,8,0.6666666666666666,0.49822984038906537,0.75,0.33333333333333337,0.6,0.3,0.0,0.0,21.420429764704146,20000333
SPT-Threshold,8.733389016709815,7,0.5833333333333334,0.4769029250318113,0.6666666666666666,0.41666666666666663,0.6,0.3,0.0,0.0,21.636705079833067,20000334
SPT-Threshold,10.408778959007412,8,0.6666666666666666,0.5524482089432659,0.75,0.33333333333333337,0.6,0.3,0.0,0.0,21.188317033271744,20000335
SPT-Threshold,8.443482217399882,7,0.5833333333333334,0.4448609445361621,0.6666666666666666,0.41666666666666663,0.6,0.3,0.0,0.0,21.44512219769136,20000336
SPT-Threshold,10.452759864673677,8,0.6666666666666666,0.5344478806385173,0.75,0.33333333333333337,0.6,0.3,0.0,0.0,21.483593649489617,20000337
SPT-Threshold,12.069027327282685,9,0.75,0.6290415007788496,0.8333333333333334,0.25,0.6,0.3,0.0,0.0,21.998636223206997,20000338
SPT-Threshold,11.71981378384166,9,0.75,0.6174283134466156,0.75,0.25,0.6,0.3,0.0,0.0,21.7611796406523,20000339
SPT-Threshold,10.24138761501877,8,0.6666666666666666,0.5398103122851725,0.6666666666666666,0.33333333333333337,0.6,0.3,0.0,0.0,21.163708410918257,20000340
SPT-Threshold,11.790743980280219,9,0.75,0.6190377058252131,0.75,0.25,0.6,0.3,0.0,0.0,21.469752567028365,20000341
SPT-Threshold,13.481870221438133,10,0.8333333333333334,0.7215967034365264,0.8333333333333334,0.16666666666666663,0.6,0.3,0.0,0.0,22.061232122053664,20000342
SPT-Threshold,10.233074471851637,8,0.6666666666666666,0.5474329592257798,0.6666666666666666,0.33333333333333337,0.6,0.3,0.0,0.0,21.175002798193056,20000343
SPT-Threshold,11.963980662283678,9,0.75,0.6176528415372126,0.75,0.25,0.6,0.3,0.0,0.0,21.839509457583596,20000344
SPT-Threshold,7.028280980479449,6,0.5,0.36878290767381927,0.6666666666666666,0.5,0.6,0.3,0.0,0.0,21.08415951496834,20000345
SPT-Threshold,6.927752717269553,6,0.5,0.34625131859015323,0.75,0.5,0.6,0.3,0.0,0.0,21.118072184646635,20000346
SPT-Threshold,8.81553346802646,7,0.5833333333333334,0.4819107495017886,0.75,0.41666666666666663,0.6,0.3,0.0,0.0,21.588244832048677,20000347
SPT-Threshold,8.385314723046863,7,0.5833333333333334,0.43222634078205957,0.6666666666666666,0.41666666666666663,0.6,0.3,0.0,0.0,21.021579733589455,20000348
SPT-Threshold,11.33028358083283,9,0.75,0.6328009113942592,0.8333333333333334,0.25,0.6,0.3,0.0,0.0,22.52799003697082,20000349
SPT-Threshold,6.724557576794618,6,0.5,0.3618592668143298,0.6666666666666666,0.5,0.6,0.3,0.0,0.0,21.499170585218643,20000350
SPT-Threshold,10.541613939464309,8,0.6666666666666666,0.5515828673267406,0.75,0.33333333333333337,0.6,0.3,0.0,0.0,21.157557232786004,20000351
SPT-Threshold,10.361125299299548,8,0.6666666666666666,0.5329963784892109,0.8333333333333334,0.33333333333333337,0.6,0.3,0.0,0.0,22.06611759796837,20000352
SPT-Threshold,10.452062880983778,8,0.6666666666666666,0.5255290636126706,0.75,0.33333333333333337,0.6,0.3,0.0,0.0,21.487190944291097,20000353
SPT-Threshold,11.853524171896975,9,0.75,0.6300918168363118,0.75,0.25,0.6,0.3,0.0,0.0,22.09023550760418,20000354
SPT-Threshold,11.690134022373845,9,0.75,0.6178430242280264,0.8333333333333334,0.25,0.6,0.3,0.0,0.0,22.46745685953597,20000355
SPT-Threshold,10.087979609595868,8,0.6666666666666666,0.5373571873572922,0.75,0.33333333333333337,0.6,0.3,0.0,0.0,22.154175683435202,20000356
SPT-Threshold,12.20254735390717,9,0.75,0.6503260680222743,0.75,0.25,0.6,0.3,0.0,0.0,21.200594818498566,20000357
SPT-Threshold,13.147068096611287,10,0.8333333333333334,0.719401757885384,0.9166666666666666,0.16666666666666663,0.6,0.3,0.0,0.0,22.380685752834975,20000358
SPT-Threshold,10.265069723199858,8,0.6666666666666666,0.5494874127998688,0.8333333333333334,0.33333333333333337,0.6,0.3,0.0,0.0,21.457127312198065,20000359
SPT-Threshold,10.109580995657604,8,0.6666666666666666,0.4937178965529217,0.8333333333333334,0.33333333333333337,0.6,0.3,0.0,0.0,21.838814163690305,20000360
SPT-Threshold,6.701416688874086,6,0.5,0.36558605149743956,0.6666666666666666,0.5,0.6,0.3,0.0,0.0,21.32671278219312,20000361
SPT-Threshold,8.137670207466984,7,0.5833333333333334,0.4146651704317277,0.6666666666666666,0.41666666666666663,0.6,0.3,0.0,0.0,20.43144197418971,20000362
SPT-Threshold,8.891717774894646,7,0.5833333333333334,0.46808834648885805,0.6666666666666666,0.41666666666666663,0.6,0.3,0.0,0.0,20.677032593559353,20000363
SPT-Threshold,7.122986263469895,6,0.5,0.3522021678431081,0.75,0.5,0.6,0.3,0.0,0.0,21.754106975878845,20000364
SPT-Threshold,10.452843819710344,8,0.6666666666666666,0.5453559085172559,0.6666666666666666,0.33333333333333337,0.6,0.3,0.0,0.0,21.259956558923978,20000365
SPT-Threshold,8.97755814737493,7,0.5833333333333334,0.4929876933423792,0.5833333333333334,0.41666666666666663,0.6,0.3,0.0,0.0,20.787300704100343,20000366
SPT-Threshold,9.835828352258963,8,0.6666666666666666,0.48404816089635333,0.75,0.33333333333333337,0.6,0.3,0.0,0.0,21.65650354340809,20000367
SPT-Threshold,8.125374252429411,7,0.5833333333333334,0.4375693184533894,0.75,0.41666666666666663,0.6,0.3,0.0,0.0,21.975220149138334,20000368
SPT-Threshold,8.834787513030474,7,0.5833333333333334,0.4616979616900563,0.6666666666666666,0.41666666666666663,0.6,0.3,0.0,0.0,20.61907234470588,20000369
SPT-Threshold,9.703563426048508,8,0.6666666666666666,0.480943991802463,0.75,0.33333333333333337,0.6,0.3,0.0,0.0,21.792643695761928,20000370
SPT-Threshold,10.382379023275686,8,0.6666666666666666,0.5201977264341517,0.75,0.33333333333333337,0.6,0.3,0.0,0.0,21.622283454454447,20000371
SPT-Threshold,7.150379488969391,6,0.5,0.3774678389221121,0.6666666666666666,0.5,0.6,0.3,0.0,0.0,20.189264331175764,20000372
SPT-Threshold,9.780180794121215,8,0.6666666666666666,0.42810080579952825,0.9166666666666666,0.33333333333333337,0.6,0.3,0.0,0.0,23.042893368564098,20000373
SPT-Threshold,10.02481621653337,8,0.6666666666666666,0.5161970689579132,0.75,0.33333333333333337,0.6,0.3,0.0,0.0,21.633207370445355,20000374
SPT-Threshold,8.71314028880406,7,0.5833333333333334,0.469631143381559,0.75,0.41666666666666663,0.6,0.3,0.0,0.0,21.219613205749024,20000375
SPT-Threshold,11.713134946430719,9,0.75,0.5808699523986803,0.8333333333333334,0.25,0.6,0.3,0.0,0.0,21.47660279157351,20000376
SPT-Threshold,8.174788531295022,7,0.5833333333333334,0.3986097662268358,0.75,0.41666666666666663,0.6,0.3,0.0,0.0,21.720061602692493,20000377
SPT-Threshold,6.985388177840962,6,0.5,0.36005048748399704,0.75,0.5,0.6,0.3,0.0,0.0,21.879964478519568,20000378
SPT-Threshold,9.899586440099116,8,0.6666666666666666,0.49084623013676487,0.8333333333333334,0.33333333333333337,0.6,0.3,0.0,0.0,22.74048803441058,20000379
SPT-Threshold,11.86891854469846,9,0.75,0.5984155390833663,0.8333333333333334,0.25,0.6,0.3,0.0,0.0,22.08928134975085,20000380
SPT-Threshold,8.838019243774989,7,0.5833333333333334,0.4552930952223791,0.6666666666666666,0.41666666666666663,0.6,0.3,0.0,0.0,21.256977978974106,20000381
SPT-Threshold,11.141140568525607,9,0.75,0.5654637018102712,0.8333333333333334,0.25,0.6,0.3,0.0,0.0,22.318536810533438,20000382
SPT-Threshold,11.751063906141354,9,0.75,0.6196042438777722,0.75,0.25,0.6,0.3,0.0,0.0,21.36063208802156,20000383
SPT-Threshold,8.696302011691527,7,0.5833333333333334,0.4555529053387176,0.75,0.41666666666666663,0.6,0.3,0.0,0.0,21.021652549916027,20000384
SPT-Threshold,9.552834099464622,8,0.6666666666666666,0.47913552198983855,0.75,0.33333333333333337,0.6,0.3,0.0,0.0,21.31950248880953,20000385
SPT-Threshold,6.981020986277998,6,0.5,0.3906027788124357,0.6666666666666666,0.5,0.6,0.3,0.0,0.0,21.192350558751848,20000386
SPT-Threshold,9.756792242428366,8,0.6666666666666666,0.5066165622038228,0.75,0.33333333333333337,0.6,0.3,0.0,0.0,21.636383822180864,20000387
SPT-Threshold,9.939837602828714,8,0.6666666666666666,0.5566886897877744,0.8333333333333334,0.33333333333333337,0.6,0.3,0.0,0.0,21.97002635779357,20000388
SPT-Threshold,10.021962198241045,8,0.6666666666666666,0.5122443658388478,0.75,0.33333333333333337,0.6,0.3,0.0,0.0,21.646135421216208,20000389
SPT-Threshold,10.20123349418398,8,0.6666666666666666,0.5304500716096252,0.75,0.33333333333333337,0.6,0.3,0.0,0.0,21.559391740323385,20000390
SPT-Threshold,10.290132551149458,8,0.6666666666666666,0.5371808106610546,0.8333333333333334,0.33333333333333337,0.6,0.3,0.0,0.0,22.542286316682077,20000391
SPT-Threshold,8.275582126864121,7,0.5833333333333334,0.43790961398273814,0.75,0.41666666666666663,0.6,0.3,0.0,0.0,22.39857931892093,20000392
SPT-Threshold,8.595867138160408,7,0.5833333333333334,0.45743323665217406,0.6666666666666666,0.41666666666666663,0.6,0.3,0.0,0.0,21.247355689592315,20000393
SPT-Threshold,6.915501828906615,6,0.5,0.3868188125770908,0.5833333333333334,0.5,0.6,0.3,0.0,0.0,20.594796880414872,20000394
SPT-Threshold,11.76638830043753,9,0.75,0.6128503798305939,0.75,0.25,0.6,0.3,0.0,0.0,22.320344574072255,20000395
SPT-Threshold,9.935573776746187,8,0.6666666666666666,0.5358535666967128,0.75,0.33333333333333337,0.6,0.3,0.0,0.0,21.665114247515895,20000396
SPT-Threshold,13.16786698142338,10,0.8333333333333334,0.71078687318652,0.8333333333333334,0.16666666666666663,0.6,0.3,0.0,0.0,22.634425587398347,20000397
SPT-Threshold,9.899228104845967,8,0.6666666666666666,0.4899663078573028,0.9166666666666666,0.33333333333333337,0.6,0.3,0.0,0.0,22.31286840939411,20000398
SPT-Threshold,11.838051782769488,9,0.75,0.5821955699904618,0.8333333333333334,0.25,0.6,0.3,0.0,0.0,22.12657968633423,20000399
SPT-Threshold,10.083718494189133,8,0.6666666666666666,0.5283184993773574,0.8333333333333334,0.33333333333333337,0.6,0.3,0.0,0.0,22.339804183101815,20000400
SPT-Threshold,6.888571373489782,6,0.5,0.39215216056911745,0.5833333333333334,0.5,0.6,0.3,0.0,0.0,20.64726348196602,20000401
SPT-Threshold,5.203816126187389,5,0.4166666666666667,0.3122646884323338,0.5833333333333334,0.5833333333333333,0.6,0.3,0.0,0.0,20.319290058847297,20000402
SPT-Threshold,10.710949416754875,8,0.6666666666666666,0.5619694548518303,0.6666666666666666,0.33333333333333337,0.6,0.3,0.0,0.0,21.072421290763252,20000403
SPT-Threshold,8.54363989355963,7,0.5833333333333334,0.43849072402699213,0.75,0.41666666666666663,0.6,0.3,0.0,0.0,21.425359078616914,20000404
SPT-Threshold,8.948717265956262,7,0.5833333333333334,0.5005285480427604,0.5833333333333334,0.41666666666666663,0.6,0.3,0.0,0.0,20.730937593202242,20000405
SPT-Threshold,8.433301798973481,7,0.5833333333333334,0.4213991222956344,0.75,0.41666666666666663,0.6,0.3,0.0,0.0,21.392100359308284,20000406
SPT-Threshold,11.977671144115329,9,0.75,0.6343936220375929,0.75,0.25,0.6,0.3,0.0,0.0,21.960191187629572,20000407
SPT-Threshold,8.054671535031288,7,0.5833333333333334,0.42203856546163143,0.75,0.41666666666666663,0.6,0.3,0.0,0.0,21.46225628343106,20000408
SPT-Threshold,8.227500827094357,7,0.5833333333333334,0.4005464008799572,0.75,0.41666666666666663,0.6,0.3,0.0,0.0,21.218823652332382,20000409
SPT-Threshold,8.264114016916526,7,0.5833333333333334,0.4021412583363995,0.8333333333333334,0.41666666666666663,0.6,0.3,0.0,0.0,21.981169301394235,20000410
SPT-Threshold,10.148003735445885,8,0.6666666666666666,0.5167163614107722,0.75,0.33333333333333337,0.6,0.3,0.0,0.0,21.773373134152557,20000411
SPT-Threshold,8.901442969193953,7,0.5833333333333334,0.5142375744909834,0.6666666666666666,0.41666666666666663,0.6,0.3,0.0,0.0,21.057995107576946,20000412
SPT-Threshold,9.952218569638264,8,0.6666666666666666,0.5571911245841431,0.75,0.33333333333333337,0.6,0.3,0.0,0.0,21.815393928727932,20000413
SPT-Threshold,10.392748507883462,8,0.6666666666666666,0.5476523482521644,0.75,0.33333333333333337,0.6,0.3,0.0,0.0,21.184528398081405,20000414
SPT-Threshold,9.988285706473155,8,0.6666666666666666,0.505628517205343,0.75,0.33333333333333337,0.6,0.3,0.0,0.0,21.420527084572758,20000415
SPT-Threshold,11.87806487655103,9,0.75,0.6327455331225998,0.75,0.25,0.6,0.3,0.0,0.0,22.167221943399948,20000416
SPT-Threshold,8.089160349560698,7,0.5833333333333334,0.387484402471608,0.75,0.41666666666666663,0.6,0.3,0.0,0.0,21.32609602948831,20000417
SPT-Threshold,9.8002425076462,8,0.6666666666666666,0.5238854146223179,0.8333333333333334,0.33333333333333337,0.6,0.3,0.0,0.0,22.488334863231955,20000418
SPT-Threshold,8.572456892454158,7,0.5833333333333334,0.3961917383455019,0.75,0.41666666666666663,0.6,0.3,0.0,0.0,21.36468759293169,20000419
SPT-Threshold,9.877431452419275,8,0.6666666666666666,0.5238142541187796,0.8333333333333334,0.33333333333333337,0.6,0.3,0.0,0.0,22.070255465388534,20000420
SPT-Threshold,10.85098411587535,8,0.6666666666666666,0.5723721673472564,0.6666666666666666,0.33333333333333337,0.6,0.3,0.0,0.0,20.974363279842624,20000421
SPT-Threshold,8.354868000244142,7,0.5833333333333334,0.4561661432058765,0.75,0.41666666666666663,0.6,0.3,0.0,0.0,21.98882247931745,20000422
SPT-Threshold,11.277679031977936,9,0.75,0.5745486926002403,0.8333333333333334,0.25,0.6,0.3,0.0,0.0,22.44256961313863,20000423
SPT-Threshold,10.52065352732205,8,0.6666666666666666,0.5514514992819745,0.75,0.33333333333333337,0.6,0.3,0.0,0.0,21.44584130411677,20000424
SPT-Threshold,3.2720414192491503,4,0.3333333333333333,0.19384174245310803,0.6666666666666666,0.6666666666666667,0.6,0.3,0.0,0.0,20.840687653429754,20000425
SPT-Threshold,9.889404868392798,8,0.6666666666666666,0.49587549889096605,0.75,0.33333333333333337,0.6,0.3,0.0,0.0,21.38815846471743,20000426
SPT-Threshold,11.754308762221536,9,0.75,0.6246112668411588,0.75,0.25,0.6,0.3,0.0,0.0,22.227529438764673,20000427
SPT-Threshold,10.08614296318978,8,0.6666666666666666,0.5147604085875308,0.75,0.33333333333333337,0.6,0.3,0.0,0.0,20.830761889592434,20000428
SPT-Threshold,11.148054680964135,9,0.75,0.5678122975403304,0.8333333333333334,0.25,0.6,0.3,0.0,0.0,22.422297126916853,20000429
SPT-Threshold,12.795567398132354,10,0.8333333333333334,0.6618806910277241,0.8333333333333334,0.16666666666666663,0.6,0.3,0.0,0.0,21.51117874193321,20000430
SPT-Threshold,10.438387333099806,8,0.6666666666666666,0.5510950245648041,0.75,0.33333333333333337,0.6,0.3,0.0,0.0,21.243012322240457,20000431
SPT-Threshold,12.147048007888868,9,0.75,0.6506068270847556,0.8333333333333334,0.25,0.6,0.3,0.0,0.0,22.27816393719928,20000432
SPT-Threshold,8.846347858750365,7,0.5833333333333334,0.5057707331980268,0.6666666666666666,0.41666666666666663,0.6,0.3,0.0,0.0,21.344725986593048,20000433
SPT-Threshold,10.228015334251431,8,0.6666666666666666,0.5215478077069845,0.75,0.33333333333333337,0.6,0.3,0.0,0.0,20.73800488066209,20000434
SPT-Threshold,10.036364824154052,8,0.6666666666666666,0.5392780153996236,0.75,0.33333333333333337,0.6,0.3,0.0,0.0,21.88056149818674,20000435
SPT-Threshold,13.348191559777646,10,0.8333333333333334,0.7038379920950366,0.8333333333333334,0.16666666666666663,0.6,0.3,0.0,0.0,22.547593896587944,20000436
SPT-Threshold,10.185309955816109,8,0.6666666666666666,0.5074286319531153,0.8333333333333334,0.33333333333333337,0.6,0.3,0.0,0.0,21.97666867205,20000437
SPT-Threshold,8.509830357393726,7,0.5833333333333334,0.4164702501725256,0.75,0.41666666666666663,0.6,0.3,0.0,0.0,20.685487539401294,20000438
SPT-Threshold,8.913462372467436,7,0.5833333333333334,0.4902689008717992,0.5833333333333334,0.41666666666666663,0.6,0.3,0.0,0.0,20.578380597374487,20000439
SPT-Threshold,11.649376266032856,9,0.75,0.6241120670683181,0.9166666666666666,0.25,0.6,0.3,0.0,0.0,22.421975882104295,20000440
SPT-Threshold,8.5303776740968,7,0.5833333333333334,0.42605265629471206,0.6666666666666666,0.41666666666666663,0.6,0.3,0.0,0.0,20.401426338674174,20000441
SPT-Threshold,13.147907831590688,10,0.8333333333333334,0.6902001739106723,0.8333333333333334,0.16666666666666663,0.6,0.3,0.0,0.0,22.049772642618443,20000442
SPT-Threshold,7.1485501755839715,6,0.5,0.3733557238991904,0.75,0.5,0.6,0.3,0.0,0.0,21.408949268215682,20000443
SPT-Threshold,6.608153230951142,6,0.5,0.3493175072442241,0.6666666666666666,0.5,0.6,0.3,0.0,0.0,20.82560006924181,20000444
SPT-Threshold,12.42929168252173,9,0.75,0.6348038971823621,0.75,0.25,0.6,0.3,0.0,0.0,21.323229206304323,20000445
SPT-Threshold,9.965611551778471,8,0.6666666666666666,0.530173443214342,0.6666666666666666,0.33333333333333337,0.6,0.3,0.0,0.0,20.952160671839657,20000446
SPT-Threshold,6.888064786602043,6,0.5,0.37525958599384107,0.5833333333333334,0.5,0.6,0.3,0.0,0.0,20.086741988169386,20000447
SPT-Threshold,10.379476798672988,8,0.6666666666666666,0.5624634965385761,0.75,0.33333333333333337,0.6,0.3,0.0,0.0,21.973633475857987,20000448
SPT-Threshold,9.865297363020723,8,0.6666666666666666,0.5152661443123612,0.75,0.33333333333333337,0.6,0.3,0.0,0.0,21.387834613984257,20000449
SPT-Threshold,6.919662624716247,6,0.5,0.3653110142771281,0.6666666666666666,0.5,0.6,0.3,0.0,0.0,20.958401423675692,20000450
SPT-Threshold,7.898355666411062,7,0.5833333333333334,0.3677704207009188,0.75,0.41666666666666663,0.6,0.3,0.0,0.0,21.13599790703021,20000451
SPT-Threshold,9.107279176742075,7,0.5833333333333334,0.4795780519256586,0.6666666666666666,0.41666666666666663,0.6,0.3,0.0,0.0,20.849194392907545,20000452
SPT-Threshold,7.093810320853606,6,0.5,0.40180343568195553,0.5833333333333334,0.5,0.6,0.3,0.0,0.0,20.71054530531369,20000453
SPT-Threshold,10.082120649783,8,0.6666666666666666,0.4868264941755349,0.75,0.33333333333333337,0.6,0.3,0.0,0.0,21.131790910005034,20000454
SPT-Threshold,8.333290526333903,7,0.5833333333333334,0.43463329671753054,0.75,0.41666666666666663,0.6,0.3,0.0,0.0,22.018634655175056,20000455
SPT-Threshold,10.212160380209346,8,0.6666666666666666,0.5098879479335462,0.8333333333333334,0.33333333333333337,0.6,0.3,0.0,0.0,22.2661729123169,20000456
SPT-Threshold,5.47171685057273,5,0.4166666666666667,0.29944795854361067,0.6666666666666666,0.5833333333333333,0.6,0.3,0.0,0.0,20.60024908497791,20000457
SPT-Threshold,6.9775761718418075,6,0.5,0.38957607753522033,0.5833333333333334,0.5,0.6,0.3,0.0,0.0,20.371059063687092,20000458
SPT-Threshold,8.434977189685645,7,0.5833333333333334,0.45154611919899557,0.75,0.41666666666666663,0.6,0.3,0.0,0.0,22.499346966616464,20000459
SPT-Threshold,11.853196441062298,9,0.75,0.6174544230587411,0.8333333333333334,0.25,0.6,0.3,0.0,0.0,21.672642672790133,20000460
SPT-Threshold,10.352341091130153,8,0.6666666666666666,0.5367403725498399,0.6666666666666666,0.33333333333333337,0.6,0.3,0.0,0.0,21.006749144729444,20000461
SPT-Threshold,9.978154363741439,8,0.6666666666666666,0.5492136376927309,0.75,0.33333333333333337,0.6,0.3,0.0,0.0,21.86279788123283,20000462
SPT-Threshold,8.553816809080972,7,0.5833333333333334,0.4645053178928758,0.6666666666666666,0.41666666666666663,0.6,0.3,0.0,0.0,20.64184513170752,20000463
SPT-Threshold,10.031502001180916,8,0.6666666666666666,0.5079026173233004,0.75,0.33333333333333337,0.6,0.3,0.0,0.0,22.278477972643078,20000464
SPT-Threshold,9.886764183998194,8,0.6666666666666666,0.5200112023363495,0.75,0.33333333333333337,0.6,0.3,0.0,0.0,21.272749107737386,20000465
SPT-Threshold,7.0395339615173365,6,0.5,0.40388114975327394,0.6666666666666666,0.5,0.6,0.3,0.0,0.0,21.290946739282145,20000466
SPT-Threshold,9.991285228039327,8,0.6666666666666666,0.543358412865939,0.8333333333333334,0.33333333333333337,0.6,0.3,0.0,0.0,22.81181238988659,20000467
SPT-Threshold,11.613426258704665,9,0.75,0.5779887118587672,0.8333333333333334,0.25,0.6,0.3,0.0,0.0,22.02492579508292,20000468
SPT-Threshold,6.717523112524644,6,0.5,0.33272424007971485,0.75,0.5,0.6,0.3,0.0,0.0,21.506331936618995,20000469
SPT-Threshold,9.803234689961773,8,0.6666666666666666,0.5372702440671396,0.8333333333333334,0.33333333333333337,0.6,0.3,0.0,0.0,22.311289775889282,20000470
SPT-Threshold,10.262690766704008,8,0.6666666666666666,0.5363086799278644,0.75,0.33333333333333337,0.6,0.3,0.0,0.0,21.364096565128317,20000471
SPT-Threshold,10.430193229349026,8,0.6666666666666666,0.5383550254488307,0.75,0.33333333333333337,0.6,0.3,0.0,0.0,20.820330452020215,20000472
SPT-Threshold,10.064040100603947,8,0.6666666666666666,0.5100420322911262,0.8333333333333334,0.33333333333333337,0.6,0.3,0.0,0.0,21.98348777783351,20000473
SPT-Threshold,8.588350837295271,7,0.5833333333333334,0.4255218315373985,0.75,0.41666666666666663,0.6,0.3,0.0,0.0,21.291446603028792,20000474
SPT-Threshold,10.453194464418441,8,0.6666666666666666,0.5327177728870571,0.75,0.33333333333333337,0.6,0.3,0.0,0.0,21.14887511696939,20000475
SPT-Threshold,11.795258953266838,9,0.75,0.6332093644784708,0.8333333333333334,0.25,0.6,0.3,0.0,0.0,21.843433514609536,20000476
SPT-Threshold,12.201960017266142,9,0.75,0.6358085481969658,0.75,0.25,0.6,0.3,0.0,0.0,21.59610314487898,20000477
SPT-Threshold,4.9239552031335165,5,0.4166666666666667,0.2707529412228323,0.6666666666666666,0.5833333333333333,0.6,0.3,0.0,0.0,21.661693220891195,20000478
SPT-Threshold,8.176531279261981,7,0.5833333333333334,0.4213280732159287,0.6666666666666666,0.41666666666666663,0.6,0.3,0.0,0.0,20.931424420314404,20000479
SPT-Threshold,8.618927110849585,7,0.5833333333333334,0.4635719911168796,0.6666666666666666,0.41666666666666663,0.6,0.3,0.0,0.0,20.44080080831022,20000480
SPT-Threshold,8.472209418927166,7,0.5833333333333334,0.4562035017548192,0.8333333333333334,0.41666666666666663,0.6,0.3,0.0,0.0,21.462478084224955,20000481
SPT-Threshold,7.051489995567884,6,0.5,0.37631815785511036,0.6666666666666666,0.5,0.6,0.3,0.0,0.0,20.72916149286606,20000482
SPT-Threshold,10.32676861880583,8,0.6666666666666666,0.5482297706581079,0.8333333333333334,0.33333333333333337,0.6,0.3,0.0,0.0,21.937132205786167,20000483
SPT-Threshold,8.84058026363487,7,0.5833333333333334,0.4702303239816619,0.6666666666666666,0.41666666666666663,0.6,0.3,0.0,0.0,20.574284492353133,20000484
SPT-Threshold,12.108154122059256,9,0.75,0.62178294865307,0.75,0.25,0.6,0.3,0.0,0.0,21.372360106770454,20000485
SPT-Threshold,10.207086362194609,8,0.6666666666666666,0.5402573923527973,0.75,0.33333333333333337,0.6,0.3,0.0,0.0,21.620483240633764,20000486
SPT-Threshold,10.43176214692948,8,0.6666666666666666,0.5433838246640669,0.75,0.33333333333333337,0.6,0.3,0.0,0.0,21.305633562299274,20000487
SPT-Threshold,10.426850585427442,8,0.6666666666666666,0.5297310365195094,0.75,0.33333333333333337,0.6,0.3,0.0,0.0,21.575074793727463,20000488
SPT-Threshold,8.248985523138384,7,0.5833333333333334,0.4253900179506222,0.6666666666666666,0.41666666666666663,0.6,0.3,0.0,0.0,20.886069412028228,20000489
SPT-Threshold,9.826980976106919,8,0.6666666666666666,0.49147077428891034,0.75,0.33333333333333337,0.6,0.3,0.0,0.0,21.849143062721048,20000490
SPT-Threshold,10.278263186006155,8,0.6666666666666666,0.531321260169373,0.6666666666666666,0.33333333333333337,0.6,0.3,0.0,0.0,21.173751544824334,20000491
SPT-Threshold,10.104315614390034,8,0.6666666666666666,0.5148067528421556,0.75,0.33333333333333337,0.6,0.3,0.0,0.0,21.823027165317267,20000492
SPT-Threshold,8.326388066447542,7,0.5833333333333334,0.43558252794572294,0.6666666666666666,0.41666666666666663,0.6,0.3,0.0,0.0,20.77928615698928,20000493
SPT-Threshold,11.733451285823659,9,0.75,0.6398687112271697,0.75,0.25,0.6,0.3,0.0,0.0,21.8586964284279,20000494
SPT-Threshold,8.33183436846309,7,0.5833333333333334,0.44853402819605576,0.6666666666666666,0.41666666666666663,0.6,0.3,0.0,0.0,20.991641788153576,20000495
SPT-Threshold,10.043435351172144,8,0.6666666666666666,0.5236271367335829,0.8333333333333334,0.33333333333333337,0.6,0.3,0.0,0.0,22.442182175444326,20000496
SPT-Threshold,12.006706470277056,9,0.75,0.6219321266340786,0.8333333333333334,0.25,0.6,0.3,0.0,0.0,21.99412407229984,20000497
SPT-Threshold,7.054588549037626,6,0.5,0.36045025596029245,0.75,0.5,0.6,0.3,0.0,0.0,21.397095344985093,20000498
SPT-Threshold,10.270591764136093,8,0.6666666666666666,0.5174476277855328,0.75,0.33333333333333337,0.6,0.3,0.0,0.0,21.80477354728234,20000499
Cog-Heuristic,8.092760498947808,7,0.5833333333333334,0.38293874093916647,0.75,0.41666666666666663,0.6,0.3,0.0,0.0,21.427600243400448,20000000
Cog-Heuristic,6.633457518336929,6,0.5,0.33102247019678843,0.75,0.5,0.6,0.3,0.0,0.0,21.37283124746511,20000001
Cog-Heuristic,6.380990637776016,6,0.5,0.3574483219234542,0.6666666666666666,0.5,0.6,0.3,0.0,0.0,20.948962013924,20000002
Cog-Heuristic,8.114476959008561,7,0.5833333333333334,0.4168645326674607,0.75,0.41666666666666663,0.6,0.3,0.0,0.0,21.258525965661917,20000003
Cog-Heuristic,10.01261194667043,8,0.6666666666666666,0.48628242058236903,0.8333333333333334,0.33333333333333337,0.6,0.3,0.0,0.0,22.049647649126648,20000004
Cog-Heuristic,4.9242230329785475,5,0.4166666666666667,0.2925884422133976,0.6666666666666666,0.5833333333333333,0.6,0.3,0.0,0.0,21.202954984690923,20000005
Cog-Heuristic,3.431470663138305,4,0.3333333333333333,0.19997168388782113,0.6666666666666666,0.6666666666666667,0.6,0.3,0.0,0.0,20.940180958767417,20000006
Cog-Heuristic,8.364948476212415,7,0.5833333333333334,0.3954788957597975,0.75,0.41666666666666663,0.6,0.3,0.0,0.0,21.73709450752338,20000007
Cog-Heuristic,5.042533417580162,5,0.4166666666666667,0.26694958819445685,0.6666666666666666,0.5833333333333333,0.6,0.3,0.0,0.0,21.77888664558119,20000008
Cog-Heuristic,8.466190690831741,7,0.5833333333333334,0.437219274529663,0.75,0.41666666666666663,0.6,0.3,0.0,0.0,21.503194547018595,20000009
Cog-Heuristic,4.788372075976889,5,0.4166666666666667,0.259465156215119,0.6666666666666666,0.5833333333333333,0.6,0.3,0.0,0.0,20.418364973016942,20000010
Cog-Heuristic,10.156740334524986,8,0.6666666666666666,0.5472636410289535,0.8333333333333334,0.33333333333333337,0.6,0.3,0.0,0.0,22.202081692462706,20000011
Cog-Heuristic,8.242470309849951,7,0.5833333333333334,0.35796787298085225,0.8333333333333334,0.41666666666666663,0.6,0.3,0.0,0.0,21.926465054504654,20000012
Cog-Heuristic,6.8862358603774805,6,0.5,0.35182580251572854,0.75,0.5,0.6,0.3,0.0,0.0,21.25273014606929,20000013
Cog-Heuristic,8.159486683771636,7,0.5833333333333334,0.4396751358978034,0.6666666666666666,0.41666666666666663,0.6,0.3,0.0,0.0,20.67255132139034,20000014
Cog-Heuristic,8.410996771131321,7,0.5833333333333334,0.4176663913732657,0.75,0.41666666666666663,0.6,0.3,0.0,0.0,21.367655946447705,20000015
Cog-Heuristic,11.984852608867834,9,0.75,0.6114919028449537,0.8333333333333334,0.25,0.6,0.3,0.0,0.0,22.70690438281014,20000016
Cog-Heuristic,8.093536872078214,7,0.5833333333333334,0.43042558202285897,0.75,0.41666666666666663,0.6,0.3,0.0,0.0,21.53699771496517,20000017
Cog-Heuristic,5.688635582389924,5,0.4166666666666667,0.3829992359240234,0.5833333333333334,0.5833333333333333,0.6,0.3,0.0,0.0,20.330357818177628,20000018
Cog-Heuristic,6.158412240121439,6,0.5,0.27708771314797903,0.75,0.5,0.6,0.3,0.0,0.0,21.876853214416823,20000019
Cog-Heuristic,6.728018897794177,6,0.5,0.3239334999852993,0.75,0.5,0.6,0.3,0.0,0.0,21.036540142540257,20000020
Cog-Heuristic,13.414666965216217,10,0.8333333333333334,0.744712106537529,0.8333333333333334,0.16666666666666663,0.6,0.3,0.0,0.0,21.95585239777804,20000021
Cog-Heuristic,6.5247613297642175,6,0.5,0.3126609439758241,0.75,0.5,0.6,0.3,0.0,0.0,21.175090133601064,20000022
Cog-Heuristic,8.909450867112284,7,0.5833333333333334,0.48422392601516984,0.75,0.41666666666666663,0.6,0.3,0.0,0.0,21.238379220380867,20000023
Cog-Heuristic,12.167871835206068,9,0.75,0.6800745057692189,0.75,0.25,0.6,0.3,0.0,0.0,21.594259057577766,20000024
Cog-Heuristic,8.765500279678948,7,0.5833333333333334,0.4755002762751497,0.6666666666666666,0.41666666666666663,0.6,0.3,0.0,0.0,20.967664237390608,20000025
Cog-Heuristic,11.733827022691434,9,0.75,0.6010975489531183,0.8333333333333334,0.25,0.6,0.3,0.0,0.0,21.636827053860845,20000026
Cog-Heuristic,11.876359959191056,9,0.75,0.5884834722474104,0.8333333333333334,0.25,0.6,0.3,0.0,0.0,22.12111163247463,20000027
Cog-Heuristic,8.188058383103595,7,0.5833333333333334,0.4581989024656305,0.75,0.41666666666666663,0.6,0.3,0.0,0.0,21.978713607123677,20000028
Cog-Heuristic,11.473443616905636,9,0.75,0.5603446069153409,0.8333333333333334,0.25,0.6,0.3,0.0,0.0,21.986763355233666,20000029
Cog-Heuristic,5.593941605906144,5,0.4166666666666667,0.3921240071029139,0.5,0.5833333333333333,0.6,0.3,0.0,0.0,19.79513982468807,20000030
Cog-Heuristic,6.912675685646269,6,0.5,0.3966428875678086,0.6666666666666666,0.5,0.6,0.3,0.0,0.0,20.923252994183464,20000031
Cog-Heuristic,6.843108577441594,6,0.5,0.365398710113176,0.75,0.5,0.6,0.3,0.0,0.0,21.14447121372509,20000032
Cog-Heuristic,4.794926974700362,5,0.4166666666666667,0.26241291302531733,0.6666666666666666,0.5833333333333333,0.6,0.3,0.0,0.0,20.094942172023416,20000033
Cog-Heuristic,6.443563648264099,6,0.5,0.2939906854284111,0.75,0.5,0.6,0.3,0.0,0.0,20.941214721430487,20000034
Cog-Heuristic,8.401717536961495,7,0.5833333333333334,0.4205469671543944,0.75,0.41666666666666663,0.6,0.3,0.0,0.0,21.52500586267736,20000035
Cog-Heuristic,11.387986860892001,9,0.75,0.5507030808319747,0.9166666666666666,0.25,0.6,0.3,0.0,0.0,22.44779387638831,20000036
Cog-Heuristic,5.151622289342834,5,0.4166666666666667,0.2981232725221208,0.6666666666666666,0.5833333333333333,0.6,0.3,0.0,0.0,21.68246021137489,20000037
Cog-Heuristic,9.960145563838958,8,0.6666666666666666,0.5215006446409399,0.75,0.33333333333333337,0.6,0.3,0.0,0.0,22.207668702305163,20000038
Cog-Heuristic,6.740945839040446,6,0.5,0.3920597344916883,0.6666666666666666,0.5,0.6,0.3,0.0,0.0,21.700094850379543,20000039
Cog-Heuristic,5.027394495789743,5,0.4166666666666667,0.3000525360176167,0.5833333333333334,0.5833333333333333,0.6,0.3,0.0,0.0,20.535159509291177,20000040
Cog-Heuristic,8.63131400083629,7,0.5833333333333334,0.44978814627258956,0.75,0.41666666666666663,0.6,0.3,0.0,0.0,21.730915422154414,20000041
Cog-Heuristic,8.018451652020453,7,0.5833333333333334,0.37674894160355227,0.75,0.41666666666666663,0.6,0.3,0.0,0.0,21.057439987948705,20000042
Cog-Heuristic,9.859808039125253,8,0.6666666666666666,0.5193335376738427,0.75,0.33333333333333337,0.6,0.3,0.0,0.0,21.525180929735125,20000043
Cog-Heuristic,5.138731846447818,5,0.4166666666666667,0.31094192187505815,0.6666666666666666,0.5833333333333333,0.6,0.3,0.0,0.0,21.00610574181099,20000044
Cog-Heuristic,8.990325994328774,7,0.5833333333333334,0.5443274502821023,0.5833333333333334,0.41666666666666663,0.6,0.3,0.0,0.0,20.964158742838066,20000045
Cog-Heuristic,3.2190536713560176,4,0.3333333333333333,0.1814166939199448,0.6666666666666666,0.6666666666666667,0.6,0.3,0.0,0.0,20.093761614360997,20000046
Cog-Heuristic,11.307790761869805,9,0.75,0.5757795912656157,0.8333333333333334,0.25,0.6,0.3,0.0,0.0,22.27560985996085,20000047
Cog-Heuristic,8.752386000947409,7,0.5833333333333334,0.4630711032812445,0.75,0.41666666666666663,0.6,0.3,0.0,0.0,21.409083775539813,20000048
Cog-Heuristic,7.928078111253276,7,0.5833333333333334,0.3972947814431926,0.75,0.41666666666666663,0.6,0.3,0.0,0.0,21.221206439718678,20000049
Cog-Heuristic,7.928003320887429,7,0.5833333333333334,0.3670131948930864,0.75,0.41666666666666663,0.6,0.3,0.0,0.0,21.184389266987782,20000050
Cog-Heuristic,6.8341555091381085,6,0.5,0.34167300542016793,0.75,0.5,0.6,0.3,0.0,0.0,21.87396820492436,20000051
Cog-Heuristic,4.967093921414368,5,0.4166666666666667,0.29285496353095763,0.6666666666666666,0.5833333333333333,0.6,0.3,0.0,0.0,21.102786331522744,20000052
Cog-Heuristic,6.438185880623543,6,0.5,0.3257987625563623,0.75,0.5,0.6,0.3,0.0,0.0,21.24044266533901,20000053
Cog-Heuristic,8.336552000432643,7,0.5833333333333334,0.4178969720038546,0.75,0.41666666666666663,0.6,0.3,0.0,0.0,20.775923409223182,20000054
Cog-Heuristic,8.29316395397287,7,0.5833333333333334,0.41459790825273696,0.75,0.41666666666666663,0.6,0.3,0.0,0.0,21.435571826230593,20000055
Cog-Heuristic,8.184416293481389,7,0.5833333333333334,0.40405971324640166,0.75,0.41666666666666663,0.6,0.3,0.0,0.0,21.080475119188588,20000056
Cog-Heuristic,3.193291980593644,4,0.3333333333333333,0.19813605808948367,0.5833333333333334,0.6666666666666667,0.6,0.3,0.0,0.0,20.078049885426363,20000057
Cog-Heuristic,8.17292420862369,7,0.5833333333333334,0.4069438236163333,0.75,0.41666666666666663,0.6,0.3,0.0,0.0,21.89767487231312,20000058
Cog-Heuristic,7.353569621483812,6,0.5,0.46968082228989466,0.5833333333333334,0.5,0.6,0.3,0.0,0.0,20.62330534813018,20000059
Cog-Heuristic,6.627911435176399,6,0.5,0.31916944280624876,0.75,0.5,0.6,0.3,0.0,0.0,21.045337491744633,20000060
Cog-Heuristic,4.979123057266137,5,0.4166666666666667,0.30167118572213575,0.5833333333333334,0.5833333333333333,0.6,0.3,0.0,0.0,20.50591301006301,20000061
Cog-Heuristic,5.100168352157753,5,0.4166666666666667,0.26427077618180805,0.6666666666666666,0.5833333333333333,0.6,0.3,0.0,0.0,20.636801246630487,20000062
Cog-Heuristic,6.776312067513708,6,0.5,0.36184608171456895,0.6666666666666666,0.5,0.6,0.3,0.0,0.0,20.59880542920438,20000063
Cog-Heuristic,7.9515241332094515,7,0.5833333333333334,0.37857171020702757,0.75,0.41666666666666663,0.6,0.3,0.0,0.0,21.49831081244825,20000064
Cog-Heuristic,6.557484948248913,6,0.5,0.3491002544272489,0.6666666666666666,0.5,0.6,0.3,0.0,0.0,20.50504243254032,20000065
Cog-Heuristic,4.925297238104434,5,0.4166666666666667,0.27920755759889887,0.6666666666666666,0.5833333333333333,0.6,0.3,0.0,0.0,21.326436073349498,20000066
Cog-Heuristic,8.415900821856557,7,0.5833333333333334,0.44664856947300446,0.75,0.41666666666666663,0.6,0.3,0.0,0.0,21.62691482735658,20000067
Cog-Heuristic,4.946274858586207,5,0.4166666666666667,0.3149459849157934,0.5833333333333334,0.5833333333333333,0.6,0.3,0.0,0.0,20.344719616320006,20000068
Cog-Heuristic,11.682993537009631,9,0.75,0.5828380698783301,0.8333333333333334,0.25,0.6,0.3,0.0,0.0,22.603245773644748,20000069
Cog-Heuristic,8.842634694441875,7,0.5833333333333334,0.47531428241960544,0.75,0.41666666666666663,0.6,0.3,0.0,0.0,21.4696270699742,20000070
Cog-Heuristic,3.5876153776882096,4,0.3333333333333333,0.2321424167221992,0.6666666666666666,0.6666666666666667,0.6,0.3,0.0,0.0,20.556309808021233,20000071
Cog-Heuristic,11.524575041288186,9,0.75,0.6246803297730721,0.75,0.25,0.6,0.3,0.0,0.0,22.227294774461313,20000072
Cog-Heuristic,8.410481742313474,7,0.5833333333333334,0.40420792218498647,0.75,0.41666666666666663,0.6,0.3,0.0,0.0,21.220371568831755,20000073
Cog-Heuristic,8.340736741099237,7,0.5833333333333334,0.44631332935900836,0.6666666666666666,0.41666666666666663,0.6,0.3,0.0,0.0,21.41024944504062,20000074
Cog-Heuristic,1.8842093761038252,3,0.25,0.13049502830226845,0.6666666666666666,0.75,0.6,0.3,0.0,0.0,20.94734537014956,20000075
Cog-Heuristic,3.136633179521228,4,0.3333333333333333,0.20856598007021718,0.5833333333333334,0.6666666666666667,0.6,0.3,0.0,0.0,19.5903960945886,20000076
Cog-Heuristic,8.035797838750408,7,0.5833333333333334,0.41065531403072314,0.75,0.41666666666666663,0.6,0.3,0.0,0.0,21.834165512449182,20000077
Cog-Heuristic,6.574196074124568,6,0.5,0.3334546732857624,0.75,0.5,0.6,0.3,0.0,0.0,22.089531349929786,20000078
Cog-Heuristic,6.504495076015209,6,0.5,0.29954516721176294,0.75,0.5,0.6,0.3,0.0,0.0,20.963139762103047,20000079
Cog-Heuristic,6.8751612704651714,6,0.5,0.4238511564090479,0.5833333333333334,0.5,0.6,0.3,0.0,0.0,20.678050498857083,20000080
Cog-Heuristic,3.35227441732299,4,0.3333333333333333,0.22931605113572784,0.5833333333333334,0.6666666666666667,0.6,0.3,0.0,0.0,20.238487912428024,20000081
Cog-Heuristic,13.336190564334329,10,0.8333333333333334,0.696219218876423,0.8333333333333334,0.16666666666666663,0.6,0.3,0.0,0.0,22.91494313715244,20000082
Cog-Heuristic,11.661524615735406,9,0.75,0.6025727841528417,0.75,0.25,0.6,0.3,0.0,0.0,21.853090670487873,20000083
Cog-Heuristic,6.120270926486937,6,0.5,0.30498898420569515,0.6666666666666666,0.5,0.6,0.3,0.0,0.0,20.679391060193783,20000084
Cog-Heuristic,6.765907815767868,6,0.5,0.3480557068817604,0.6666666666666666,0.5,0.6,0.3,0.0,0.0,20.729541418660645,20000085
Cog-Heuristic,6.9362557589062055,6,0.5,0.4029703969044561,0.6666666666666666,0.5,0.6,0.3,0.0,0.0,21.123372299836127,20000086
Cog-Heuristic,8.710235750688144,7,0.5833333333333334,0.45234201820853237,0.75,0.41666666666666663,0.6,0.3,0.0,0.0,21.43513496389877,20000087
Cog-Heuristic,6.671817400548881,6,0.5,0.33691230661835686,0.6666666666666666,0.5,0.6,0.3,0.0,0.0,21.188943416820614,20000088
Cog-Heuristic,8.152182891383346,7,0.5833333333333334,0.42862972719266584,0.75,0.41666666666666663,0.6,0.3,0.0,0.0,22.071743632496478,20000089
Cog-Heuristic,8.421733834358204,7,0.5833333333333334,0.4459618520357431,0.75,0.41666666666666663,0.6,0.3,0.0,0.0,21.325995873660382,20000090
Cog-Heuristic,10.334635169027695,8,0.6666666666666666,0.5618103448971926,0.75,0.33333333333333337,0.6,0.3,0.0,0.0,22.178003242529048,20000091
Cog-Heuristic,4.780648129748126,5,0.4166666666666667,0.2751083299972098,0.5833333333333334,0.5833333333333333,0.6,0.3,0.0,0.0,20.31020873111335,20000092
Cog-Heuristic,9.546004545133274,8,0.6666666666666666,0.49216541815571513,0.75,0.33333333333333337,0.6,0.3,0.0,0.0,21.851920620466398,20000093
Cog-Heuristic,7.971231941495926,7,0.5833333333333334,0.40079118496278243,0.75,0.41666666666666663,0.6,0.3,0.0,0.0,22.07783945164005,20000094
Cog-Heuristic,5.098716972809989,5,0.4166666666666667,0.32157902224201307,0.5833333333333334,0.5833333333333333,0.6,0.3,0.0,0.0,20.239420906316518,20000095
Cog-Heuristic,8.194660321889419,7,0.5833333333333334,0.40528277134023194,0.75,0.41666666666666663,0.6,0.3,0.0,0.0,21.443460770265077,20000096
Cog-Heuristic,4.953731955898005,5,0.4166666666666667,0.2791240335157355,0.6666666666666666,0.5833333333333333,0.6,0.3,0.0,0.0,20.572371708558446,20000097
Cog-Heuristic,3.4752149238935166,4,0.3333333333333333,0.22281820993170773,0.6666666666666666,0.6666666666666667,0.6,0.3,0.0,0.0,20.497620019007112,20000098
Cog-Heuristic,8.09925348893143,7,0.5833333333333334,0.4030028486863422,0.75,0.41666666666666663,0.6,0.3,0.0,0.0,21.392699565956214,20000099
Cog-Heuristic,6.544261591771745,6,0.5,0.3567258154382387,0.6666666666666666,0.5,0.6,0.3,0.0,0.0,20.853097898882183,20000100
Cog-Heuristic,4.656739545177236,5,0.4166666666666667,0.21312352456659506,0.6666666666666666,0.5833333333333333,0.6,0.3,0.0,0.0,20.223743010387214,20000101
Cog-Heuristic,8.269906792456315,7,0.5833333333333334,0.38031924269005435,0.8333333333333334,0.41666666666666663,0.6,0.3,0.0,0.0,21.768362041416765,20000102
Cog-Heuristic,8.509895887302234,7,0.5833333333333334,0.4438239261992468,0.75,0.41666666666666663,0.6,0.3,0.0,0.0,21.953241059750162,20000103
Cog-Heuristic,8.36977488456329,7,0.5833333333333334,0.4630951976715367,0.6666666666666666,0.41666666666666663,0.6,0.3,0.0,0.0,20.40406685272848,20000104
Cog-Heuristic,9.717336356338679,8,0.6666666666666666,0.4627067032594677,0.8333333333333334,0.33333333333333337,0.6,0.3,0.0,0.0,21.857299497127492,20000105
Cog-Heuristic,5.016570579948704,5,0.4166666666666667,0.2818421684063106,0.6666666666666666,0.5833333333333333,0.6,0.3,0.0,0.0,20.981471706334908,20000106
Cog-Heuristic,9.543930731899813,8,0.6666666666666666,0.48491523536495995,0.75,0.33333333333333337,0.6,0.3,0.0,0.0,21.75373141985449,20000107
Cog-Heuristic,9.583694960202275,8,0.6666666666666666,0.5068605572152657,0.75,0.33333333333333337,0.6,0.3,0.0,0.0,21.560916000116613,20000108
Cog-Heuristic,3.5362323595060534,4,0.3333333333333333,0.23848427414401957,0.5833333333333334,0.6666666666666667,0.6,0.3,0.0,0.0,19.990918331671864,20000109
Cog-Heuristic,6.259849649077985,6,0.5,0.29492901654757503,0.6666666666666666,0.5,0.6,0.3,0.0,0.0,21.140931919317705,20000110
Cog-Heuristic,8.674591164630625,7,0.5833333333333334,0.4501661047969968,0.75,0.41666666666666663,0.6,0.3,0.0,0.0,22.059353408633086,20000111
Cog-Heuristic,7.71060723164868,6,0.5,0.49411659902150995,0.5833333333333334,0.5,0.6,0.3,0.0,0.0,19.976232580643973,20000112
Cog-Heuristic,9.557636556788268,8,0.6666666666666666,0.4764465679204399,0.75,0.33333333333333337,0.6,0.3,0.0,0.0,21.42953913481624,20000113
Cog-Heuristic,4.830221351043397,5,0.4166666666666667,0.2993208305668986,0.5833333333333334,0.5833333333333333,0.6,0.3,0.0,0.0,20.50535702831888,20000114
Cog-Heuristic,5.166626634315935,5,0.4166666666666667,0.30069755865627756,0.6666666666666666,0.5833333333333333,0.6,0.3,0.0,0.0,21.104782874161256,20000115
Cog-Heuristic,8.356108864496953,7,0.5833333333333334,0.459714594526102,0.75,0.41666666666666663,0.6,0.3,0.0,0.0,21.19456286984493,20000116
Cog-Heuristic,8.366024986245417,7,0.5833333333333334,0.43620749783761,0.75,0.41666666666666663,0.6,0.3,0.0,0.0,21.48845076268632,20000117
Cog-Heuristic,8.233898829056145,7,0.5833333333333334,0.37998251518020915,0.75,0.41666666666666663,0.6,0.3,0.0,0.0,21.254613368464376,20000118
Cog-Heuristic,3.608314574784167,4,0.3333333333333333,0.22855824738048966,0.6666666666666666,0.6666666666666667,0.6,0.3,0.0,0.0,20.14223615539604,20000119
Cog-Heuristic,4.6988642156842255,5,0.4166666666666667,0.2400209921161233,0.6666666666666666,0.5833333333333333,0.6,0.3,0.0,0.0,20.638003097079444,20000120
Cog-Heuristic,1.7960838918462847,3,0.25,0.17847227138948296,0.5833333333333334,0.75,0.6,0.3,0.0,0.0,20.073125109591928,20000121
Cog-Heuristic,5.1547416803610275,5,0.4166666666666667,0.3294190034467367,0.6666666666666666,0.5833333333333333,0.6,0.3,0.0,0.0,21.083952392257995,20000122
Cog-Heuristic,11.48606821611908,9,0.75,0.5580255250662239,0.8333333333333334,0.25,0.6,0.3,0.0,0.0,21.538247553793834,20000123
Cog-Heuristic,9.450848282232776,8,0.6666666666666666,0.4811746850221312,0.75,0.33333333333333337,0.6,0.3,0.0,0.0,21.76758351505554,20000124
Cog-Heuristic,9.460171238978276,8,0.6666666666666666,0.46485969739123445,0.75,0.33333333333333337,0.6,0.3,0.0,0.0,21.256199568273665,20000125
Cog-Heuristic,5.209081659944007,5,0.4166666666666667,0.3452769175111462,0.5833333333333334,0.5833333333333333,0.6,0.3,0.0,0.0,20.761119183770376,20000126
Cog-Heuristic,5.221542987306538,5,0.4166666666666667,0.30762323031582745,0.6666666666666666,0.5833333333333333,0.6,0.3,0.0,0.0,21.45187791669779,20000127
Cog-Heuristic,9.455357698429557,8,0.6666666666666666,0.47532089377908726,0.75,0.33333333333333337,0.6,0.3,0.0,0.0,21.524745767917864,20000128
Cog-Heuristic,8.203615659111117,7,0.5833333333333334,0.44744828225307776,0.6666666666666666,0.41666666666666663,0.6,0.3,0.0,0.0,21.465155900965893,20000129
Cog-Heuristic,9.818162567507745,8,0.6666666666666666,0.49547115792546215,0.75,0.33333333333333337,0.6,0.3,0.0,0.0,21.41046064227695,20000130
Cog-Heuristic,7.227016388083559,6,0.5,0.4086031442276091,0.6666666666666666,0.5,0.6,0.3,0.0,0.0,20.642377220624756,20000131
Cog-Heuristic,6.7365045984832985,6,0.5,0.35719617017956334,0.75,0.5,0.6,0.3,0.0,0.0,22.110498028887605,20000132
Cog-Heuristic,10.024430309630384,8,0.6666666666666666,0.5221494449800695,0.8333333333333334,0.33333333333333337,0.6,0.3,0.0,0.0,22.08888878699104,20000133
Cog-Heuristic,6.113794360765763,6,0.5,0.3083854697245557,0.6666666666666666,0.5,0.6,0.3,0.0,0.0,20.752925633138783,20000134
Cog-Heuristic,8.563573722904014,7,0.5833333333333334,0.4289446591570971,0.75,0.41666666666666663,0.6,0.3,0.0,0.0,21.520181455704197,20000135
Cog-Heuristic,9.811530002908455,8,0.6666666666666666,0.4732360498838467,0.75,0.33333333333333337,0.6,0.3,0.0,0.0,21.31027239686882,20000136
Cog-Heuristic,12.01707255342106,9,0.75,0.6480749807972268,0.75,0.25,0.6,0.3,0.0,0.0,21.692815668352747,20000137
Cog-Heuristic,5.121170519732106,5,0.4166666666666667,0.29300606318410016,0.6666666666666666,0.5833333333333333,0.6,0.3,0.0,0.0,20.54548876480349,20000138
Cog-Heuristic,8.300070586199432,7,0.5833333333333334,0.4206163463801997,0.75,0.41666666666666663,0.6,0.3,0.0,0.0,21.370739168498723,20000139
Cog-Heuristic,12.854103584911181,10,0.8333333333333334,0.6852139964471234,0.8333333333333334,0.16666666666666663,0.6,0.3,0.0,0.0,22.501859011730954,20000140
Cog-Heuristic,5.195378623651537,5,0.4166666666666667,0.28734303002156686,0.6666666666666666,0.5833333333333333,0.6,0.3,0.0,0.0,20.72566406359349,20000141
Cog-Heuristic,6.499306439399351,6,0.5,0.3446974110042466,0.6666666666666666,0.5,0.6,0.3,0.0,0.0,21.359728261062244,20000142
Cog-Heuristic,5.07439526787875,5,0.4166666666666667,0.305700684474409,0.5833333333333334,0.5833333333333333,0.6,0.3,0.0,0.0,20.202575003634898,20000143
Cog-Heuristic,8.568776815597333,7,0.5833333333333334,0.47487043949853786,0.75,0.41666666666666663,0.6,0.3,0.0,0.0,21.398561374103277,20000144
Cog-Heuristic,8.385487885339748,7,0.5833333333333334,0.45210157572277615,0.75,0.41666666666666663,0.6,0.3,0.0,0.0,21.49217005797637,20000145
Cog-Heuristic,5.117670945092495,5,0.4166666666666667,0.2954795556656675,0.6666666666666666,0.5833333333333333,0.6,0.3,0.0,0.0,21.193692645544438,20000146
Cog-Heuristic,9.67940204936207,8,0.6666666666666666,0.4806027543664048,0.75,0.33333333333333337,0.6,0.3,0.0,0.0,21.327451786653626,20000147
Cog-Heuristic,7.072497858036374,6,0.5,0.42331028372867846,0.6666666666666666,0.5,0.6,0.3,0.0,0.0,21.07713047291088,20000148
Cog-Heuristic,8.53051169358442,7,0.5833333333333334,0.42639987749888536,0.75,0.41666666666666663,0.6,0.3,0.0,0.0,20.94737999904135,20000149
Cog-Heuristic,8.210557843765692,7,0.5833333333333334,0.4287845146410583,0.75,0.41666666666666663,0.6,0.3,0.0,0.0,21.27363338383754,20000150
Cog-Heuristic,8.282981199894504,7,0.5833333333333334,0.4105383143418455,0.8333333333333334,0.41666666666666663,0.6,0.3,0.0,0.0,21.827216112060388,20000151
Cog-Heuristic,5.1633020169103965,5,0.4166666666666667,0.2887164166376945,0.6666666666666666,0.5833333333333333,0.6,0.3,0.0,0.0,20.63809519178954,20000152
Cog-Heuristic,10.2210757444015,8,0.6666666666666666,0.5437316289929801,0.75,0.33333333333333337,0.6,0.3,0.0,0.0,21.138408100482156,20000153
Cog-Heuristic,6.779033044428693,6,0.5,0.3674020371552978,0.75,0.5,0.6,0.3,0.0,0.0,21.89981713754409,20000154
Cog-Heuristic,8.009763887165139,7,0.5833333333333334,0.42110503535499705,0.6666666666666666,0.41666666666666663,0.6,0.3,0.0,0.0,20.942082058617498,20000155
Cog-Heuristic,6.495043028162099,6,0.5,0.34166950090978343,0.6666666666666666,0.5,0.6,0.3,0.0,0.0,20.635416957083827,20000156
Cog-Heuristic,8.092417253997999,7,0.5833333333333334,0.37667404093270945,0.75,0.41666666666666663,0.6,0.3,0.0,0.0,21.29882131435246,20000157
Cog-Heuristic,4.612487009980158,5,0.4166666666666667,0.22866456024960655,0.6666666666666666,0.5833333333333333,0.6,0.3,0.0,0.0,20.45960443551284,20000158
Cog-Heuristic,4.900253847304747,5,0.4166666666666667,0.24671928594977552,0.6666666666666666,0.5833333333333333,0.6,0.3,0.0,0.0,20.59289803912141,20000159
Cog-Heuristic,8.028713453754191,7,0.5833333333333334,0.3815027243115575,0.75,0.41666666666666663,0.6,0.3,0.0,0.0,21.928110378158962,20000160
Cog-Heuristic,9.458892023154208,8,0.6666666666666666,0.47575104851443567,0.75,0.33333333333333337,0.6,0.3,0.0,0.0,21.562833467743538,20000161
Cog-Heuristic,3.5729312650467793,4,0.3333333333333333,0.22229713971183143,0.6666666666666666,0.6666666666666667,0.6,0.3,0.0,0.0,20.414078641809347,20000162
Cog-Heuristic,6.393297760228064,6,0.5,0.3441447924534716,0.6666666666666666,0.5,0.6,0.3,0.0,0.0,20.582575976072025,20000163
Cog-Heuristic,9.194323317351808,7,0.5833333333333334,0.4996700648820873,0.6666666666666666,0.41666666666666663,0.6,0.3,0.0,0.0,20.30652418432043,20000164
Cog-Heuristic,11.451827084147574,9,0.75,0.6320572819837412,0.75,0.25,0.6,0.3,0.0,0.0,21.89621232087714,20000165
Cog-Heuristic,5.266116161323909,5,0.4166666666666667,0.28735495314251797,0.75,0.5833333333333333,0.6,0.3,0.0,0.0,21.784548280174427,20000166
Cog-Heuristic,9.848888844142905,8,0.6666666666666666,0.48265281056383036,0.8333333333333334,0.33333333333333337,0.6,0.3,0.0,0.0,21.711266742587863,20000167
Cog-Heuristic,6.507940868192315,6,0.5,0.3341269458366973,0.6666666666666666,0.5,0.6,0.3,0.0,0.0,21.624291195228402,20000168
Cog-Heuristic,9.84965022014956,8,0.6666666666666666,0.496160396423883,0.75,0.33333333333333337,0.6,0.3,0.0,0.0,20.901941667381323,20000169
Cog-Heuristic,4.923390645099272,5,0.4166666666666667,0.2695853941290216,0.6666666666666666,0.5833333333333333,0.6,0.3,0.0,0.0,21.082640023400764,20000170
Cog-Heuristic,7.994865487263278,7,0.5833333333333334,0.4091063417384267,0.75,0.41666666666666663,0.6,0.3,0.0,0.0,20.705456912916688,20000171
Cog-Heuristic,10.010672864529656,8,0.6666666666666666,0.5594308456107123,0.75,0.33333333333333337,0.6,0.3,0.0,0.0,21.664695191564466,20000172
Cog-Heuristic,6.544424628919536,6,0.5,0.3503186948658042,0.6666666666666666,0.5,0.6,0.3,0.0,0.0,21.097923435594915,20000173
Cog-Heuristic,10.285786456084823,8,0.6666666666666666,0.5369892791664758,0.75,0.33333333333333337,0.6,0.3,0.0,0.0,21.813278596500478,20000174
Cog-Heuristic,8.260243954438614,7,0.5833333333333334,0.42683588627877567,0.75,0.41666666666666663,0.6,0.3,0.0,0.0,21.917644702642708,20000175
Cog-Heuristic,8.206194210614632,7,0.5833333333333334,0.4038085968143188,0.75,0.41666666666666663,0.6,0.3,0.0,0.0,21.165987795319108,20000176
Cog-Heuristic,6.854610692245009,6,0.5,0.3728464237155868,0.75,0.5,0.6,0.3,0.0,0.0,21.932110119663434,20000177
Cog-Heuristic,6.685554916029739,6,0.5,0.37284620908538535,0.6666666666666666,0.5,0.6,0.3,0.0,0.0,21.04436457330022,20000178
Cog-Heuristic,4.781668082564226,5,0.4166666666666667,0.2560976491193131,0.6666666666666666,0.5833333333333333,0.6,0.3,0.0,0.0,20.985602774919727,20000179
Cog-Heuristic,7.507337639949911,6,0.5,0.45693083965607667,0.6666666666666666,0.5,0.6,0.3,0.0,0.0,20.2998896109645,20000180
Cog-Heuristic,9.63746632075163,8,0.6666666666666666,0.43897727636754347,0.8333333333333334,0.33333333333333337,0.6,0.3,0.0,0.0,21.471804816894462,20000181
Cog-Heuristic,6.858998303382517,6,0.5,0.37188485808733984,0.6666666666666666,0.5,0.6,0.3,0.0,0.0,21.292192786890524,20000182
Cog-Heuristic,3.3327296721300064,4,0.3333333333333333,0.17908122885617966,0.6666666666666666,0.6666666666666667,0.6,0.3,0.0,0.0,20.600892917015713,20000183
Cog-Heuristic,8.145487757494008,7,0.5833333333333334,0.3932698050322462,0.75,0.41666666666666663,0.6,0.3,0.0,0.0,21.712562587147534,20000184
Cog-Heuristic,8.20511877791311,7,0.5833333333333334,0.4005855004806045,0.75,0.41666666666666663,0.6,0.3,0.0,0.0,21.581339440887486,20000185
Cog-Heuristic,9.62181169198444,8,0.6666666666666666,0.477719393211058,0.75,0.33333333333333337,0.6,0.3,0.0,0.0,20.987879670416042,20000186
Cog-Heuristic,3.2099110368945114,4,0.3333333333333333,0.20837392964945667,0.5833333333333334,0.6666666666666667,0.6,0.3,0.0,0.0,20.354390579473698,20000187
Cog-Heuristic,10.219944683020262,8,0.6666666666666666,0.5356677418740958,0.75,0.33333333333333337,0.6,0.3,0.0,0.0,21.982778343243126,20000188
Cog-Heuristic,6.457113243683142,6,0.5,0.3447300498789262,0.6666666666666666,0.5,0.6,0.3,0.0,0.0,21.159183122427358,20000189
Cog-Heuristic,10.149675800810401,8,0.6666666666666666,0.547047189067659,0.75,0.33333333333333337,0.6,0.3,0.0,0.0,21.367125363926238,20000190
Cog-Heuristic,14.4161844121117,11,0.9166666666666666,0.8149509694977822,1.0,0.08333333333333337,0.6,0.3,0.0,0.0,22.64249914146598,20000191
Cog-Heuristic,6.588219491598794,6,0.5,0.376760827380231,0.6666666666666666,0.5,0.6,0.3,0.0,0.0,21.003308698416465,20000192
Cog-Heuristic,3.280163793462642,4,0.3333333333333333,0.19136103416678504,0.6666666666666666,0.6666666666666667,0.6,0.3,0.0,0.0,20.191287605434542,20000193
Cog-Heuristic,4.820654892565598,5,0.4166666666666667,0.2445430595975916,0.6666666666666666,0.5833333333333333,0.6,0.3,0.0,0.0,20.941766767198878,20000194
Cog-Heuristic,8.778828209913243,7,0.5833333333333334,0.44643728531354965,0.75,0.41666666666666663,0.6,0.3,0.0,0.0,21.75220126760337,20000195
Cog-Heuristic,6.790285952070823,6,0.5,0.3408427035416117,0.75,0.5,0.6,0.3,0.0,0.0,21.479070417554826,20000196
Cog-Heuristic,6.681773582814933,6,0.5,0.3537853692824973,0.6666666666666666,0.5,0.6,0.3,0.0,0.0,20.781332315156213,20000197
Cog-Heuristic,6.4938490163285225,6,0.5,0.2952150525751858,0.75,0.5,0.6,0.3,0.0,0.0,21.49811111133801,20000198
Cog-Heuristic,4.981962952810859,5,0.4166666666666667,0.2729067743314724,0.6666666666666666,0.5833333333333333,0.6,0.3,0.0,0.0,20.395509747911213,20000199
Cog-Heuristic,6.4939500104133945,6,0.5,0.3529638888739012,0.6666666666666666,0.5,0.6,0.3,0.0,0.0,21.131034375419134,20000200
Cog-Heuristic,6.756966675127854,6,0.5,0.34740026750318603,0.6666666666666666,0.5,0.6,0.3,0.0,0.0,20.262943473343437,20000201
Cog-Heuristic,6.4571789605947,6,0.5,0.3356569230098442,0.6666666666666666,0.5,0.6,0.3,0.0,0.0,20.743885327401962,20000202
Cog-Heuristic,9.434044807487675,8,0.6666666666666666,0.47126346519434575,0.75,0.33333333333333337,0.6,0.3,0.0,0.0,20.684248129137313,20000203
Cog-Heuristic,8.491065603497823,7,0.5833333333333334,0.4645384253435034,0.6666666666666666,0.41666666666666663,0.6,0.3,0.0,0.0,21.52280588512476,20000204
Cog-Heuristic,8.078800653836531,7,0.5833333333333334,0.4282129774928449,0.75,0.41666666666666663,0.6,0.3,0.0,0.0,21.67604949408015,20000205
Cog-Heuristic,4.640550753840258,5,0.4166666666666667,0.2569095418791492,0.5833333333333334,0.5833333333333333,0.6,0.3,0.0,0.0,20.2187712444299,20000206
Cog-Heuristic,5.388994503818247,5,0.4166666666666667,0.3158996731052699,0.6666666666666666,0.5833333333333333,0.6,0.3,0.0,0.0,20.670945629583162,20000207
Cog-Heuristic,5.086922268987021,5,0.4166666666666667,0.28719498786895886,0.6666666666666666,0.5833333333333333,0.6,0.3,0.0,0.0,20.961326220366082,20000208
Cog-Heuristic,6.741726719621845,6,0.5,0.35535900709173973,0.6666666666666666,0.5,0.6,0.3,0.0,0.0,20.073209484922128,20000209
Cog-Heuristic,8.141698291921948,7,0.5833333333333334,0.3907200247815474,0.8333333333333334,0.41666666666666663,0.6,0.3,0.0,0.0,21.80189741966501,20000210
Cog-Heuristic,8.169499292481815,7,0.5833333333333334,0.42284199816202794,0.75,0.41666666666666663,0.6,0.3,0.0,0.0,21.018063125111123,20000211
Cog-Heuristic,8.396212870205837,7,0.5833333333333334,0.41656006256613987,0.8333333333333334,0.41666666666666663,0.6,0.3,0.0,0.0,22.101584428886103,20000212
Cog-Heuristic,9.602139978003176,8,0.6666666666666666,0.45836511147150627,0.75,0.33333333333333337,0.6,0.3,0.0,0.0,21.83566245918927,20000213
Cog-Heuristic,7.271377774047482,6,0.5,0.39144110605598853,0.75,0.5,0.6,0.3,0.0,0.0,21.746492973167904,20000214
Cog-Heuristic,7.009019102943601,6,0.5,0.3887991004029156,0.6666666666666666,0.5,0.6,0.3,0.0,0.0,21.69090976726189,20000215
Cog-Heuristic,5.905701714992407,6,0.5,0.2902795642399868,0.6666666666666666,0.5,0.6,0.3,0.0,0.0,20.505407213137943,20000216
Cog-Heuristic,10.013964257094932,8,0.6666666666666666,0.4970101548766856,0.8333333333333334,0.33333333333333337,0.6,0.3,0.0,0.0,21.724731308108137,20000217
Cog-Heuristic,8.216454383566852,7,0.5833333333333334,0.39709049419101355,0.8333333333333334,0.41666666666666663,0.6,0.3,0.0,0.0,22.672611872332702,20000218
Cog-Heuristic,8.136982588576053,7,0.5833333333333334,0.41830703775875444,0.75,0.41666666666666663,0.6,0.3,0.0,0.0,21.923658657836533,20000219
Cog-Heuristic,8.26834128678759,7,0.5833333333333334,0.4401437463786182,0.75,0.41666666666666663,0.6,0.3,0.0,0.0,21.331323021745852,20000220
Cog-Heuristic,9.51110414964885,8,0.6666666666666666,0.4722341403390003,0.75,0.33333333333333337,0.6,0.3,0.0,0.0,21.11007321740056,20000221
Cog-Heuristic,7.71529701320444,7,0.5833333333333334,0.3338907425689856,0.75,0.41666666666666663,0.6,0.3,0.0,0.0,21.67133277337114,20000222
Cog-Heuristic,9.502099462396837,8,0.6666666666666666,0.45578443815188147,0.75,0.33333333333333337,0.6,0.3,0.0,0.0,21.768428889562884,20000223
Cog-Heuristic,4.875753731297878,5,0.4166666666666667,0.27370811487709773,0.6666666666666666,0.5833333333333333,0.6,0.3,0.0,0.0,20.823918184553534,20000224
Cog-Heuristic,9.750461880726235,8,0.6666666666666666,0.5083136844478408,0.75,0.33333333333333337,0.6,0.3,0.0,0.0,21.493591057413305,20000225
Cog-Heuristic,6.811711327442552,6,0.5,0.38174025240445864,0.6666666666666666,0.5,0.6,0.3,0.0,0.0,21.664450501285216,20000226
Cog-Heuristic,9.571712089179371,8,0.6666666666666666,0.4866432827245265,0.75,0.33333333333333337,0.6,0.3,0.0,0.0,21.848330608126794,20000227
Cog-Heuristic,6.194992006040497,6,0.5,0.28121030823642595,0.75,0.5,0.6,0.3,0.0,0.0,20.853619996128465,20000228
Cog-Heuristic,1.904396525505026,3,0.25,0.15308046507662526,0.6666666666666666,0.75,0.6,0.3,0.0,0.0,20.26030602777471,20000229
Cog-Heuristic,7.022166923388747,6,0.5,0.3676503533275741,0.75,0.5,0.6,0.3,0.0,0.0,21.41672344482672,20000230
Cog-Heuristic,8.134381545525649,7,0.5833333333333334,0.3893410473200135,0.75,0.41666666666666663,0.6,0.3,0.0,0.0,20.93371197763222,20000231
Cog-Heuristic,4.987338413135396,5,0.4166666666666667,0.26328736786055223,0.6666666666666666,0.5833333333333333,0.6,0.3,0.0,0.0,20.38391335227628,20000232
Cog-Heuristic,6.902992512030822,6,0.5,0.4085173404269225,0.6666666666666666,0.5,0.6,0.3,0.0,0.0,21.506453968040734,20000233
Cog-Heuristic,6.73637825264192,6,0.5,0.3552107085687263,0.6666666666666666,0.5,0.6,0.3,0.0,0.0,21.218285472828608,20000234
Cog-Heuristic,11.58172813229812,9,0.75,0.6064033237738624,0.8333333333333334,0.25,0.6,0.3,0.0,0.0,21.429307413755108,20000235
Cog-Heuristic,9.79012163923196,8,0.6666666666666666,0.49395544660400564,0.75,0.33333333333333337,0.6,0.3,0.0,0.0,22.195907053287993,20000236
Cog-Heuristic,5.51157128674944,5,0.4166666666666667,0.3575215834105232,0.5833333333333334,0.5833333333333333,0.6,0.3,0.0,0.0,19.903101482261267,20000237
Cog-Heuristic,8.297992263779431,7,0.5833333333333334,0.4364855100389375,0.6666666666666666,0.41666666666666663,0.6,0.3,0.0,0.0,20.952625009196662,20000238
Cog-Heuristic,7.404101025040971,6,0.5,0.43175887701066235,0.6666666666666666,0.5,0.6,0.3,0.0,0.0,20.62758438448449,20000239
Cog-Heuristic,5.600701769154576,5,0.4166666666666667,0.3515579117623859,0.6666666666666666,0.5833333333333333,0.6,0.3,0.0,0.0,20.63443384305307,20000240
Cog-Heuristic,4.9257428023475125,5,0.4166666666666667,0.2587928665467836,0.6666666666666666,0.5833333333333333,0.6,0.3,0.0,0.0,20.553394967234066,20000241
Cog-Heuristic,13.110207354059092,10,0.8333333333333334,0.7069423976254863,0.9166666666666666,0.16666666666666663,0.6,0.3,0.0,0.0,22.335078147148604,20000242
Cog-Heuristic,9.162172149337925,7,0.5833333333333334,0.5618412458621649,0.5833333333333334,0.41666666666666663,0.6,0.3,0.0,0.0,20.361140612367297,20000243
Cog-Heuristic,11.885125037269564,9,0.75,0.6405158097459882,0.75,0.25,0.6,0.3,0.0,0.0,21.672829530562957,20000244
Cog-Heuristic,8.512355536647862,7,0.5833333333333334,0.47274677983813057,0.6666666666666666,0.41666666666666663,0.6,0.3,0.0,0.0,21.3393609738644,20000245
Cog-Heuristic,11.580477985885995,9,0.75,0.6043276386789024,0.75,0.25,0.6,0.3,0.0,0.0,21.272783973563524,20000246
Cog-Heuristic,6.453999251485011,6,0.5,0.29439041734953697,0.75,0.5,0.6,0.3,0.0,0.0,20.842637273423566,20000247
Cog-Heuristic,9.655055010869827,8,0.6666666666666666,0.4857049251707254,0.8333333333333334,0.33333333333333337,0.6,0.3,0.0,0.0,21.763373741831305,20000248
Cog-Heuristic,3.3523815015246456,4,0.3333333333333333,0.20546019177618757,0.6666666666666666,0.6666666666666667,0.6,0.3,0.0,0.0,20.17559069733042,20000249
Cog-Heuristic,7.810892774460585,7,0.5833333333333334,0.35908931530975513,0.75,0.41666666666666663,0.6,0.3,0.0,0.0,21.134113695010818,20000250
Cog-Heuristic,9.943190540154372,8,0.6666666666666666,0.5012799119231333,0.75,0.33333333333333337,0.6,0.3,0.0,0.0,20.929938564078792,20000251
Cog-Heuristic,10.295746225825868,8,0.6666666666666666,0.5316844892983066,0.8333333333333334,0.33333333333333337,0.6,0.3,0.0,0.0,22.313805840455313,20000252
Cog-Heuristic,6.576881028246598,6,0.5,0.33639353201039296,0.6666666666666666,0.5,0.6,0.3,0.0,0.0,20.934101290217896,20000253
Cog-Heuristic,8.702222252440732,7,0.5833333333333334,0.43911738069939815,0.75,0.41666666666666663,0.6,0.3,0.0,0.0,21.27126090513771,20000254
Cog-Heuristic,5.404585799703206,5,0.4166666666666667,0.31959669194792256,0.6666666666666666,0.5833333333333333,0.6,0.3,0.0,0.0,20.92474098790872,20000255
Cog-Heuristic,5.011312913944098,5,0.4166666666666667,0.2603298789219051,0.6666666666666666,0.5833333333333333,0.6,0.3,0.0,0.0,20.65478362645456,20000256
Cog-Heuristic,8.594690714791524,7,0.5833333333333334,0.4774119294639568,0.75,0.41666666666666663,0.6,0.3,0.0,0.0,21.837184001994206,20000257
Cog-Heuristic,8.322598873728111,7,0.5833333333333334,0.43253134449294267,0.75,0.41666666666666663,0.6,0.3,0.0,0.0,21.247003200207292,20000258
Cog-Heuristic,6.805356695730859,6,0.5,0.3544959531522786,0.75,0.5,0.6,0.3,0.0,0.0,20.865082944742287,20000259
Cog-Heuristic,7.389824504672966,6,0.5,0.41748599549413634,0.6666666666666666,0.5,0.6,0.3,0.0,0.0,20.794441285437987,20000260
Cog-Heuristic,5.083536525572497,5,0.4166666666666667,0.2944330380791356,0.5833333333333334,0.5833333333333333,0.6,0.3,0.0,0.0,20.263885445258513,20000261
Cog-Heuristic,4.848689091598377,5,0.4166666666666667,0.2683828531060324,0.6666666666666666,0.5833333333333333,0.6,0.3,0.0,0.0,21.12979234984701,20000262
Cog-Heuristic,11.574502744572793,9,0.75,0.607725945235933,0.8333333333333334,0.25,0.6,0.3,0.0,0.0,22.740505873372772,20000263
Cog-Heuristic,6.394909427980354,6,0.5,0.31501888506028014,0.6666666666666666,0.5,0.6,0.3,0.0,0.0,21.08427530596321,20000264
Cog-Heuristic,11.224193885926566,9,0.75,0.5720568147934367,0.8333333333333334,0.25,0.6,0.3,0.0,0.0,21.865601272063607,20000265
Cog-Heuristic,11.830093118673009,9,0.75,0.6226506142693726,0.8333333333333334,0.25,0.6,0.3,0.0,0.0,21.8602696745108,20000266
Cog-Heuristic,3.4228888832862143,4,0.3333333333333333,0.22707096311084113,0.5833333333333334,0.6666666666666667,0.6,0.3,0.0,0.0,19.650419022685217,20000267
Cog-Heuristic,4.828242513096823,5,0.4166666666666667,0.24790819902504035,0.6666666666666666,0.5833333333333333,0.6,0.3,0.0,0.0,20.778360161442283,20000268
Cog-Heuristic,5.157631132834872,5,0.4166666666666667,0.29311261505960307,0.6666666666666666,0.5833333333333333,0.6,0.3,0.0,0.0,20.08521183089008,20000269
Cog-Heuristic,8.095571527052073,7,0.5833333333333334,0.3936144998160544,0.75,0.41666666666666663,0.6,0.3,0.0,0.0,21.612395706831084,20000270
Cog-Heuristic,5.1368205921311905,5,0.4166666666666667,0.27072684956914855,0.75,0.5833333333333333,0.6,0.3,0.0,0.0,20.97861635919571,20000271
Cog-Heuristic,9.759430782555206,8,0.6666666666666666,0.5031217505118957,0.75,0.33333333333333337,0.6,0.3,0.0,0.0,21.441666753230393,20000272
Cog-Heuristic,9.703824493189833,8,0.6666666666666666,0.4676770988964442,0.75,0.33333333333333337,0.6,0.3,0.0,0.0,21.290978470354656,20000273
Cog-Heuristic,6.664106220638723,6,0.5,0.32916433975813053,0.75,0.5,0.6,0.3,0.0,0.0,21.29358285644964,20000274
Cog-Heuristic,6.28118084499237,6,0.5,0.3148264844072419,0.75,0.5,0.6,0.3,0.0,0.0,21.820883840489763,20000275
Cog-Heuristic,12.436292447906384,9,0.75,0.6320493872719308,0.75,0.25,0.6,0.3,0.0,0.0,21.340731119765973,20000276
Cog-Heuristic,6.132517463821136,6,0.5,0.2897137398055582,0.6666666666666666,0.5,0.6,0.3,0.0,0.0,20.57278340329934,20000277
Cog-Heuristic,4.713019956328174,5,0.4166666666666667,0.25098097231220173,0.6666666666666666,0.5833333333333333,0.6,0.3,0.0,0.0,20.359365450536227,20000278
Cog-Heuristic,6.319812052112503,6,0.5,0.34172766357346185,0.6666666666666666,0.5,0.6,0.3,0.0,0.0,21.108446397385993,20000279
Cog-Heuristic,9.536264426987907,8,0.6666666666666666,0.5111648241724635,0.8333333333333334,0.33333333333333337,0.6,0.3,0.0,0.0,22.66628883614016,20000280
Cog-Heuristic,9.932167833236774,8,0.6666666666666666,0.5379928864380534,0.75,0.33333333333333337,0.6,0.3,0.0,0.0,21.48927301724473,20000281
Cog-Heuristic,8.383803513609214,7,0.5833333333333334,0.45565017032118266,0.6666666666666666,0.41666666666666663,0.6,0.3,0.0,0.0,21.264297161498423,20000282
Cog-Heuristic,11.440632881287998,9,0.75,0.5718538682572857,0.8333333333333334,0.25,0.6,0.3,0.0,0.0,21.656100340392538,20000283
Cog-Heuristic,5.114362528424143,5,0.4166666666666667,0.3089159050784513,0.6666666666666666,0.5833333333333333,0.6,0.3,0.0,0.0,20.790310604521277,20000284
Cog-Heuristic,8.500020805058579,7,0.5833333333333334,0.43695739036662296,0.75,0.41666666666666663,0.6,0.3,0.0,0.0,21.620187893654744,20000285
Cog-Heuristic,5.5972689318233915,5,0.4166666666666667,0.3525734572434811,0.5833333333333334,0.5833333333333333,0.6,0.3,0.0,0.0,19.614305128446897,20000286
Cog-Heuristic,11.221466770253997,9,0.75,0.5805672850961421,0.8333333333333334,0.25,0.6,0.3,0.0,0.0,22.23072617344042,20000287
Cog-Heuristic,8.139830743581046,7,0.5833333333333334,0.4171974977782152,0.75,0.41666666666666663,0.6,0.3,0.0,0.0,21.756642539887963,20000288
Cog-Heuristic,7.780553251940001,7,0.5833333333333334,0.39218129029776244,0.75,0.41666666666666663,0.6,0.3,0.0,0.0,21.699504542382957,20000289
Cog-Heuristic,4.706146749410351,5,0.4166666666666667,0.23885925074416312,0.6666666666666666,0.5833333333333333,0.6,0.3,0.0,0.0,20.735050388676765,20000290
Cog-Heuristic,10.0202494958254,8,0.6666666666666666,0.5219524316776702,0.8333333333333334,0.33333333333333337,0.6,0.3,0.0,0.0,21.972045164322907,20000291
Cog-Heuristic,6.818533129176632,6,0.5,0.38667034045993176,0.6666666666666666,0.5,0.6,0.3,0.0,0.0,20.776232504238735,20000292
Cog-Heuristic,10.246622862465934,8,0.6666666666666666,0.5572473849925776,0.75,0.33333333333333337,0.6,0.3,0.0,0.0,21.271800624660877,20000293
Cog-Heuristic,5.288354303480845,5,0.4166666666666667,0.29203288620627704,0.6666666666666666,0.5833333333333333,0.6,0.3,0.0,0.0,20.714083911160053,20000294
Cog-Heuristic,8.134461623093424,7,0.5833333333333334,0.44009702344481055,0.6666666666666666,0.41666666666666663,0.6,0.3,0.0,0.0,20.798761056626887,20000295
Cog-Heuristic,5.1158737179364575,5,0.4166666666666667,0.2777267623576711,0.6666666666666666,0.5833333333333333,0.6,0.3,0.0,0.0,21.023506752486874,20000296
Cog-Heuristic,8.270145936032248,7,0.5833333333333334,0.3837988460360448,0.8333333333333334,0.41666666666666663,0.6,0.3,0.0,0.0,21.573087659896146,20000297
Cog-Heuristic,4.70775566804035,5,0.4166666666666667,0.1944494811628147,0.75,0.5833333333333333,0.6,0.3,0.0,0.0,20.891282267768354,20000298
Cog-Heuristic,9.4617640177576,8,0.6666666666666666,0.44857143672141375,0.8333333333333334,0.33333333333333337,0.6,0.3,0.0,0.0,21.926367376392196,20000299
Cog-Heuristic,3.1846056687350233,4,0.3333333333333333,0.21992896515783986,0.5833333333333334,0.6666666666666667,0.6,0.3,0.0,0.0,20.56138775687656,20000300
Cog-Heuristic,7.853830069427241,7,0.5833333333333334,0.3935400887421052,0.75,0.41666666666666663,0.6,0.3,0.0,0.0,21.85314590570585,20000301
Cog-Heuristic,7.150383001914353,6,0.5,0.43277172815681253,0.5833333333333334,0.5,0.6,0.3,0.0,0.0,20.730643309170574,20000302
Cog-Heuristic,8.46506334172714,7,0.5833333333333334,0.46949947388803936,0.75,0.41666666666666663,0.6,0.3,0.0,0.0,22.045792816755565,20000303
Cog-Heuristic,11.598694377106105,9,0.75,0.6457303860881995,0.8333333333333334,0.25,0.6,0.3,0.0,0.0,22.960505235029693,20000304
Cog-Heuristic,14.93913090082665,11,0.9166666666666666,0.829884234063746,0.9166666666666666,0.08333333333333337,0.6,0.3,0.0,0.0,22.925102066961013,20000305
Cog-Heuristic,9.402234443136113,8,0.6666666666666666,0.4767164740024728,0.75,0.33333333333333337,0.6,0.3,0.0,0.0,21.290748550698588,20000306
Cog-Heuristic,8.138252351184795,7,0.5833333333333334,0.4267744592637493,0.6666666666666666,0.41666666666666663,0.6,0.3,0.0,0.0,21.316678648413646,20000307
Cog-Heuristic,6.768109314017909,6,0.5,0.35667661638677023,0.6666666666666666,0.5,0.6,0.3,0.0,0.0,20.664569109690138,20000308
Cog-Heuristic,4.938579829602656,5,0.4166666666666667,0.29302239726514034,0.5833333333333334,0.5833333333333333,0.6,0.3,0.0,0.0,20.371519949810775,20000309
Cog-Heuristic,9.751256072445054,8,0.6666666666666666,0.5129166010487147,0.8333333333333334,0.33333333333333337,0.6,0.3,0.0,0.0,21.902396883481067,20000310
Cog-Heuristic,9.916938931923426,8,0.6666666666666666,0.5089903279733133,0.75,0.33333333333333337,0.6,0.3,0.0,0.0,22.06293968918631,20000311
Cog-Heuristic,7.9058635984088905,7,0.5833333333333334,0.40984429339539036,0.6666666666666666,0.41666666666666663,0.6,0.3,0.0,0.0,20.960501533303184,20000312
Cog-Heuristic,4.895343622880743,5,0.4166666666666667,0.26494688554953605,0.6666666666666666,0.5833333333333333,0.6,0.3,0.0,0.0,21.101389770077034,20000313
Cog-Heuristic,8.300395653002683,7,0.5833333333333334,0.4270793019988141,0.75,0.41666666666666663,0.6,0.3,0.0,0.0,21.69583455957267,20000314
Cog-Heuristic,6.137595708934194,6,0.5,0.2982083678345322,0.6666666666666666,0.5,0.6,0.3,0.0,0.0,21.062500209948055,20000315
Cog-Heuristic,9.343529866393137,7,0.5833333333333334,0.5152228854674383,0.6666666666666666,0.41666666666666663,0.6,0.3,0.0,0.0,20.707824853846887,20000316
Cog-Heuristic,6.7396821656691674,6,0.5,0.3583946091847018,0.75,0.5,0.6,0.3,0.0,0.0,20.84301744779668,20000317
Cog-Heuristic,3.2566226019062143,4,0.3333333333333333,0.2398371242477004,0.5833333333333334,0.6666666666666667,0.6,0.3,0.0,0.0,20.13723570159194,20000318
Cog-Heuristic,3.386476456873405,4,0.3333333333333333,0.24803760035135125,0.5833333333333334,0.6666666666666667,0.6,0.3,0.0,0.0,20.841114587471793,20000319
Cog-Heuristic,2.946900993805059,4,0.3333333333333333,0.18535947546878612,0.5833333333333334,0.6666666666666667,0.6,0.3,0.0,0.0,20.322522488851103,20000320
Cog-Heuristic,13.666773861503595,10,0.8333333333333334,0.7603328025977458,0.8333333333333334,0.16666666666666663,0.6,0.3,0.0,0.0,21.666934653758997,20000321
Cog-Heuristic,5.034530727121808,5,0.4166666666666667,0.27796666916379215,0.6666666666666666,0.5833333333333333,0.6,0.3,0.0,0.0,21.054940687065486,20000322
Cog-Heuristic,3.5377459662594015,4,0.3333333333333333,0.23772531859855547,0.6666666666666666,0.6666666666666667,0.6,0.3,0.0,0.0,20.91474907008072,20000323
Cog-Heuristic,3.4393745243365954,4,0.3333333333333333,0.23527278011505567,0.6666666666666666,0.6666666666666667,0.6,0.3,0.0,0.0,21.764292838701483,20000324
Cog-Heuristic,8.140008572454573,7,0.5833333333333334,0.42435624854312354,0.75,0.41666666666666663,0.6,0.3,0.0,0.0,21.916212368099767,20000325
Cog-Heuristic,5.63669635092908,5,0.4166666666666667,0.36513558061456286,0.5833333333333334,0.5833333333333333,0.6,0.3,0.0,0.0,20.66621557391287,20000326
Cog-Heuristic,9.627530201228998,8,0.6666666666666666,0.47396739041288877,0.75,0.33333333333333337,0.6,0.3,0.0,0.0,21.909122923430612,20000327
Cog-Heuristic,8.590049602456121,7,0.5833333333333334,0.4296722691227802,0.75,0.41666666666666663,0.6,0.3,0.0,0.0,21.032847088862884,20000328
Cog-Heuristic,5.048549117993267,5,0.4166666666666667,0.26293124179272337,0.6666666666666666,0.5833333333333333,0.6,0.3,0.0,0.0,20.646368623960505,20000329
Cog-Heuristic,8.26730000403446,7,0.5833333333333334,0.4222127051101179,0.75,0.41666666666666663,0.6,0.3,0.0,0.0,21.11910670597709,20000330
Cog-Heuristic,8.212577468974448,7,0.5833333333333334,0.39906692941181554,0.8333333333333334,0.41666666666666663,0.6,0.3,0.0,0.0,22.150618810797944,20000331
Cog-Heuristic,9.54298438546052,8,0.6666666666666666,0.48192956005046156,0.75,0.33333333333333337,0.6,0.3,0.0,0.0,21.86421772485707,20000332
Cog-Heuristic,7.917428652920345,7,0.5833333333333334,0.39109077345011656,0.75,0.41666666666666663,0.6,0.3,0.0,0.0,21.25284656503453,20000333
Cog-Heuristic,7.209702777282407,6,0.5,0.4159662523264177,0.6666666666666666,0.5,0.6,0.3,0.0,0.0,20.7901759695642,20000334
Cog-Heuristic,6.608382522125592,6,0.5,0.3691649968845104,0.6666666666666666,0.5,0.6,0.3,0.0,0.0,21.02280037789585,20000335
Cog-Heuristic,4.876583287574849,5,0.4166666666666667,0.25056293258704565,0.6666666666666666,0.5833333333333333,0.6,0.3,0.0,0.0,20.63436667407878,20000336
Cog-Heuristic,6.3690711330486804,6,0.5,0.32516669846968,0.6666666666666666,0.5,0.6,0.3,0.0,0.0,21.476653350926565,20000337
Cog-Heuristic,8.132582403147453,7,0.5833333333333334,0.4143179230518907,0.75,0.41666666666666663,0.6,0.3,0.0,0.0,21.673848625694678,20000338
Cog-Heuristic,8.257991039890536,7,0.5833333333333334,0.41634818671226415,0.75,0.41666666666666663,0.6,0.3,0.0,0.0,21.180887719767696,20000339
Cog-Heuristic,6.856412856160748,6,0.5,0.374508228427633,0.6666666666666666,0.5,0.6,0.3,0.0,0.0,20.39822529474049,20000340
Cog-Heuristic,8.643331522170548,7,0.5833333333333334,0.4794191043868267,0.75,0.41666666666666663,0.6,0.3,0.0,0.0,21.406053510671363,20000341
Cog-Heuristic,13.697642499585333,10,0.8333333333333334,0.7563367911479572,0.8333333333333334,0.16666666666666663,0.6,0.3,0.0,0.0,21.744106248963327,20000342
Cog-Heuristic,10.290029955127423,8,0.6666666666666666,0.554798600667037,0.6666666666666666,0.33333333333333337,0.6,0.3,0.0,0.0,20.867648273640203,20000343
Cog-Heuristic,10.219088771170037,8,0.6666666666666666,0.5147229625358845,0.75,0.33333333333333337,0.6,0.3,0.0,0.0,21.630122852387743,20000344
Cog-Heuristic,3.241308098663923,4,0.3333333333333333,0.21897725548389066,0.5833333333333334,0.6666666666666667,0.6,0.3,0.0,0.0,20.521230939066168,20000345
Cog-Heuristic,5.150282281302303,5,0.4166666666666667,0.2533508113878887,0.75,0.5833333333333333,0.6,0.3,0.0,0.0,21.11807218464663,20000346
Cog-Heuristic,4.930272568965968,5,0.4166666666666667,0.29416928549853644,0.6666666666666666,0.5833333333333333,0.6,0.3,0.0,0.0,21.254581675223157,20000347
Cog-Heuristic,6.587116267492543,6,0.5,0.33501816551827324,0.6666666666666666,0.5,0.6,0.3,0.0,0.0,20.84499492409813,20000348
Cog-Heuristic,12.93087104242455,10,0.8333333333333334,0.7182085894177094,0.8333333333333334,0.16666666666666663,0.6,0.3,0.0,0.0,22.455279151179028,20000349
Cog-Heuristic,3.3381925892788074,4,0.3333333333333333,0.19907921215940685,0.6666666666666666,0.6666666666666667,0.6,0.3,0.0,0.0,21.110333764708958,20000350
Cog-Heuristic,6.8577607739412745,6,0.5,0.4011188243835974,0.6666666666666666,0.5,0.6,0.3,0.0,0.0,20.961343453137346,20000351
Cog-Heuristic,6.61197522697403,6,0.5,0.3391338275589573,0.75,0.5,0.6,0.3,0.0,0.0,21.213575303640315,20000352
Cog-Heuristic,6.537706862976643,6,0.5,0.342850971220964,0.6666666666666666,0.5,0.6,0.3,0.0,0.0,21.351571094127344,20000353
Cog-Heuristic,8.38717579280668,7,0.5833333333333334,0.4348728253460609,0.75,0.41666666666666663,0.6,0.3,0.0,0.0,21.660452547477746,20000354
Cog-Heuristic,10.073470424904853,8,0.6666666666666666,0.5180182886332677,0.8333333333333334,0.33333333333333337,0.6,0.3,0.0,0.0,22.02886481439155,20000355
Cog-Heuristic,10.089368191486354,8,0.6666666666666666,0.5373571873572922,0.75,0.33333333333333337,0.6,0.3,0.0,0.0,22.174829615320903,20000356
Cog-Heuristic,6.518576890732465,6,0.5,0.3687283797512861,0.6666666666666666,0.5,0.6,0.3,0.0,0.0,21.02401378183111,20000357
Cog-Heuristic,13.147068096611287,10,0.8333333333333334,0.719401757885384,0.9166666666666666,0.16666666666666663,0.6,0.3,0.0,0.0,22.38068575283497,20000358
Cog-Heuristic,11.289130522587104,9,0.75,0.5961614436269036,0.75,0.25,0.6,0.3,0.0,0.0,21.488800881485957,20000359
Cog-Heuristic,9.76691413973653,8,0.6666666666666666,0.508406629183538,0.75,0.33333333333333337,0.6,0.3,0.0,0.0,21.731837845353898,20000360
Cog-Heuristic,4.976980267217992,5,0.4166666666666667,0.27829992778003254,0.6666666666666666,0.5833333333333333,0.6,0.3,0.0,0.0,21.139417985008198,20000361
Cog-Heuristic,4.686174699738555,5,0.4166666666666667,0.23747750527866895,0.6666666666666666,0.5833333333333333,0.6,0.3,0.0,0.0,20.031082788895063,20000362
Cog-Heuristic,4.86779225462871,5,0.4166666666666667,0.28785037193789975,0.5833333333333334,0.5833333333333333,0.6,0.3,0.0,0.0,20.48670512266943,20000363
Cog-Heuristic,4.954643457544902,5,0.4166666666666667,0.2680365045395259,0.6666666666666666,0.5833333333333333,0.6,0.3,0.0,0.0,21.549174347857008,20000364
Cog-Heuristic,3.1307257262538206,4,0.3333333333333333,0.20841611854666123,0.5833333333333334,0.6666666666666667,0.6,0.3,0.0,0.0,20.023431374460134,20000365
Cog-Heuristic,7.535869682261186,6,0.5,0.45124668376316956,0.5833333333333334,0.5,0.6,0.3,0.0,0.0,20.313665805291976,20000366
Cog-Heuristic,8.134053681253755,7,0.5833333333333334,0.3856837884431871,0.75,0.41666666666666663,0.6,0.3,0.0,0.0,21.457377963716084,20000367
Cog-Heuristic,8.146481126470398,7,0.5833333333333334,0.4375693184533894,0.75,0.41666666666666663,0.6,0.3,0.0,0.0,21.784359901912005,20000368
Cog-Heuristic,3.5786019374538522,4,0.3333333333333333,0.212014441988312,0.6666666666666666,0.6666666666666667,0.6,0.3,0.0,0.0,20.432555140138625,20000369
Cog-Heuristic,9.898357700947887,8,0.6666666666666666,0.5098786811795449,0.75,0.33333333333333337,0.6,0.3,0.0,0.0,21.424891693037942,20000370
Cog-Heuristic,8.316785673029283,7,0.5833333333333334,0.4391308946368094,0.6666666666666666,0.41666666666666663,0.6,0.3,0.0,0.0,21.392096074695623,20000371
Cog-Heuristic,3.102862642494392,4,0.3333333333333333,0.19935996828508296,0.5833333333333334,0.6666666666666667,0.6,0.3,0.0,0.0,19.70207231028415,20000372
Cog-Heuristic,9.780180794121215,8,0.6666666666666666,0.42810080579952825,0.9166666666666666,0.33333333333333337,0.6,0.3,0.0,0.0,23.042893368564098,20000373
Cog-Heuristic,8.220442362353928,7,0.5833333333333334,0.4098382716365747,0.75,0.41666666666666663,0.6,0.3,0.0,0.0,21.45864292710232,20000374
Cog-Heuristic,4.967229410320415,5,0.4166666666666667,0.29810729590380536,0.6666666666666666,0.5833333333333333,0.6,0.3,0.0,0.0,21.47562986974915,20000375
Cog-Heuristic,9.538272898631277,8,0.6666666666666666,0.47485269232806643,0.75,0.33333333333333337,0.6,0.3,0.0,0.0,21.443137501275295,20000376
Cog-Heuristic,10.164021129953996,8,0.6666666666666666,0.529868804060171,0.75,0.33333333333333337,0.6,0.3,0.0,0.0,21.903104049214353,20000377
Cog-Heuristic,8.67519858195555,7,0.5833333333333334,0.4379977258634766,0.75,0.41666666666666663,0.6,0.3,0.0,0.0,21.879964478519568,20000378
Cog-Heuristic,9.942079566042507,8,0.6666666666666666,0.4827397682564665,0.8333333333333334,0.33333333333333337,0.6,0.3,0.0,0.0,22.27978755396149,20000379
Cog-Heuristic,9.68186072575079,8,0.6666666666666666,0.49391039949580595,0.75,0.33333333333333337,0.6,0.3,0.0,0.0,21.81205401847142,20000380
Cog-Heuristic,3.1349221051476723,4,0.3333333333333333,0.1987778303484849,0.5833333333333334,0.6666666666666667,0.6,0.3,0.0,0.0,20.504469907458137,20000381
Cog-Heuristic,11.180382814481302,9,0.75,0.5654637018102712,0.8333333333333334,0.25,0.6,0.3,0.0,0.0,21.988705298023262,20000382
Cog-Heuristic,6.508168746788824,6,0.5,0.31759492311783555,0.75,0.5,0.6,0.3,0.0,0.0,20.709818592846784,20000383
Cog-Heuristic,4.847275634440251,5,0.4166666666666667,0.28005203070157164,0.6666666666666666,0.5833333333333333,0.6,0.3,0.0,0.0,21.38786410148352,20000384
Cog-Heuristic,7.743628472459385,7,0.5833333333333334,0.3592972628664708,0.75,0.41666666666666663,0.6,0.3,0.0,0.0,21.204428786724158,20000385
Cog-Heuristic,5.345641596505242,5,0.4166666666666667,0.30881314795455006,0.6666666666666666,0.5833333333333333,0.6,0.3,0.0,0.0,20.454449488860888,20000386
Cog-Heuristic,9.69637425843945,8,0.6666666666666666,0.49325852240347395,0.75,0.33333333333333337,0.6,0.3,0.0,0.0,20.960879201979214,20000387
Cog-Heuristic,11.529936892277476,9,0.75,0.6316224973785531,0.8333333333333334,0.25,0.6,0.3,0.0,0.0,21.70472544396567,20000388
Cog-Heuristic,7.965952836352626,7,0.5833333333333334,0.42235250174471367,0.6666666666666666,0.41666666666666663,0.6,0.3,0.0,0.0,20.984965944164195,20000389
Cog-Heuristic,10.229029200475436,8,0.6666666666666666,0.5304500716096252,0.75,0.33333333333333337,0.6,0.3,0.0,0.0,21.43858192497377,20000390
Cog-Heuristic,6.396667335973384,6,0.5,0.3243849968589809,0.75,0.5,0.6,0.3,0.0,0.0,21.739981767211027,20000391
Cog-Heuristic,8.310082425262996,7,0.5833333333333334,0.43790961398273814,0.75,0.41666666666666663,0.6,0.3,0.0,0.0,22.337136147679242,20000392
Cog-Heuristic,6.9694506778550975,6,0.5,0.3860242699893237,0.6666666666666666,0.5,0.6,0.3,0.0,0.0,20.838495991925203,20000393
Cog-Heuristic,3.51688892128593,4,0.3333333333333333,0.23588825448858752,0.5833333333333334,0.6666666666666667,0.6,0.3,0.0,0.0,20.06666822396215,20000394
Cog-Heuristic,10.173440505907296,8,0.6666666666666666,0.5279605577252484,0.75,0.33333333333333337,0.6,0.3,0.0,0.0,21.591409055751058,20000395
Cog-Heuristic,8.25216123851449,7,0.5833333333333334,0.4380720976953915,0.75,0.41666666666666663,0.6,0.3,0.0,0.0,21.09033571084905,20000396
Cog-Heuristic,9.742960411885232,8,0.6666666666666666,0.4934102525055571,0.8333333333333334,0.33333333333333337,0.6,0.3,0.0,0.0,22.3765340739683,20000397
Cog-Heuristic,11.453742559351062,9,0.75,0.5639039519462097,0.9166666666666666,0.25,0.6,0.3,0.0,0.0,22.312868409394106,20000398
Cog-Heuristic,9.751417757233341,8,0.6666666666666666,0.4875341493856373,0.75,0.33333333333333337,0.6,0.3,0.0,0.0,21.784851963609253,20000399
Cog-Heuristic,8.379862202101902,7,0.5833333333333334,0.4245408624339147,0.8333333333333334,0.41666666666666663,0.6,0.3,0.0,0.0,22.167063377179435,20000400
Cog-Heuristic,5.55190926423471,5,0.4166666666666667,0.36112055687338984,0.5833333333333334,0.5833333333333333,0.6,0.3,0.0,0.0,20.05359260727898,20000401
Cog-Heuristic,1.6846738831241246,3,0.25,0.1484418736473119,0.5833333333333334,0.75,0.6,0.3,0.0,0.0,20.18969544096214,20000402
Cog-Heuristic,7.022319155164258,6,0.5,0.4236733725202319,0.5833333333333334,0.5,0.6,0.3,0.0,0.0,20.491943113080946,20000403
Cog-Heuristic,6.464177971825625,6,0.5,0.35181569133967,0.6666666666666666,0.5,0.6,0.3,0.0,0.0,21.03655092080458,20000404
Cog-Heuristic,5.735628433764081,5,0.4166666666666667,0.3748652894633961,0.5833333333333334,0.5833333333333333,0.6,0.3,0.0,0.0,19.846761027879587,20000405
Cog-Heuristic,8.577242112418956,7,0.5833333333333334,0.4344755169379672,0.75,0.41666666666666663,0.6,0.3,0.0,0.0,20.877731551220954,20000406
Cog-Heuristic,8.50346304087614,7,0.5833333333333334,0.44011952775862623,0.75,0.41666666666666663,0.6,0.3,0.0,0.0,21.92598171388283,20000407
Cog-Heuristic,6.397462043683294,6,0.5,0.3245574226313276,0.75,0.5,0.6,0.3,0.0,0.0,21.17786177045921,20000408
Cog-Heuristic,6.073188537714704,6,0.5,0.3008303881020473,0.6666666666666666,0.5,0.6,0.3,0.0,0.0,20.970004229437038,20000409
Cog-Heuristic,7.929932559619374,7,0.5833333333333334,0.4021412583363995,0.75,0.41666666666666663,0.6,0.3,0.0,0.0,21.665020547513446,20000410
Cog-Heuristic,8.533817749294068,7,0.5833333333333334,0.4257946102883307,0.75,0.41666666666666663,0.6,0.3,0.0,0.0,21.35810773546004,20000411
Cog-Heuristic,3.8078478945077796,4,0.3333333333333333,0.26729478422351594,0.6666666666666666,0.6666666666666667,0.6,0.3,0.0,0.0,21.03964125341605,20000412
Cog-Heuristic,9.95301659824663,8,0.6666666666666666,0.5571911245841431,0.75,0.33333333333333337,0.6,0.3,0.0,0.0,21.82727309217637,20000413
Cog-Heuristic,6.9564603977706865,6,0.5,0.37124596870937526,0.75,0.5,0.6,0.3,0.0,0.0,20.934755415126958,20000414
Cog-Heuristic,10.04670889117292,8,0.6666666666666666,0.505628517205343,0.75,0.33333333333333337,0.6,0.3,0.0,0.0,21.19661980280068,20000415
Cog-Heuristic,6.653472312365347,6,0.5,0.33805353458690196,0.75,0.5,0.6,0.3,0.0,0.0,21.73989759114658,20000416
Cog-Heuristic,8.220102035261798,7,0.5833333333333334,0.41253765790363783,0.75,0.41666666666666663,0.6,0.3,0.0,0.0,21.3260960294883,20000417
Cog-Heuristic,8.134979699586182,7,0.5833333333333334,0.4160971906809882,0.8333333333333334,0.41666666666666663,0.6,0.3,0.0,0.0,22.5177544099193,20000418
Cog-Heuristic,8.521526273095018,7,0.5833333333333334,0.4553534068483685,0.6666666666666666,0.41666666666666663,0.6,0.3,0.0,0.0,20.87060277237478,20000419
Cog-Heuristic,9.559103571958973,8,0.6666666666666666,0.4519887586560419,0.8333333333333334,0.33333333333333337,0.6,0.3,0.0,0.0,21.978322901927882,20000420
Cog-Heuristic,5.335247508057173,5,0.4166666666666667,0.3403079539826358,0.5833333333333334,0.5833333333333333,0.6,0.3,0.0,0.0,19.984739576237587,20000421
Cog-Heuristic,9.81804389610726,8,0.6666666666666666,0.4981063810021194,0.75,0.33333333333333337,0.6,0.3,0.0,0.0,21.924426536090106,20000422
Cog-Heuristic,11.277679031977936,9,0.75,0.5745486926002403,0.8333333333333334,0.25,0.6,0.3,0.0,0.0,22.201846697106507,20000423
Cog-Heuristic,4.857795521879512,5,0.4166666666666667,0.27570350725132275,0.6666666666666666,0.5833333333333333,0.6,0.3,0.0,0.0,21.163772758981608,20000424
Cog-Heuristic,4.937417751290518,5,0.4166666666666667,0.2624705458999091,0.6666666666666666,0.5833333333333333,0.6,0.3,0.0,0.0,20.85106189410562,20000425
Cog-Heuristic,9.983377421592127,8,0.6666666666666666,0.5094666868616421,0.75,0.33333333333333337,0.6,0.3,0.0,0.0,21.19594573187929,20000426
Cog-Heuristic,9.900493493760374,8,0.6666666666666666,0.505674355434957,0.75,0.33333333333333337,0.6,0.3,0.0,0.0,21.822180650758852,20000427
Cog-Heuristic,6.215607168893876,6,0.5,0.3219224392859196,0.6666666666666666,0.5,0.6,0.3,0.0,0.0,20.500133741121733,20000428
Cog-Heuristic,11.148054680964135,9,0.75,0.5678122975403304,0.8333333333333334,0.25,0.6,0.3,0.0,0.0,22.422297126916856,20000429
Cog-Heuristic,11.159493444860427,9,0.75,0.5516133599003091,0.8333333333333334,0.25,0.6,0.3,0.0,0.0,21.179558851599523,20000430
Cog-Heuristic,4.96743769336436,5,0.4166666666666667,0.287122036227727,0.6666666666666666,0.5833333333333333,0.6,0.3,0.0,0.0,20.392390511460853,20000431
Cog-Heuristic,11.725642152225255,9,0.75,0.6506068270847556,0.75,0.25,0.6,0.3,0.0,0.0,22.083315219370345,20000432
Cog-Heuristic,5.378153525173616,5,0.4166666666666667,0.32725810994199234,0.6666666666666666,0.5833333333333333,0.6,0.3,0.0,0.0,21.187688242581693,20000433
Cog-Heuristic,8.605847476606492,7,0.5833333333333334,0.44859740984134766,0.75,0.41666666666666663,0.6,0.3,0.0,0.0,20.57677268252914,20000434
Cog-Heuristic,8.25923033489008,7,0.5833333333333334,0.42853416485329504,0.75,0.41666666666666663,0.6,0.3,0.0,0.0,21.75143755613401,20000435
Cog-Heuristic,11.516321249435636,9,0.75,0.5739004345826434,0.8333333333333334,0.25,0.6,0.3,0.0,0.0,22.290427379516927,20000436
Cog-Heuristic,7.902819217648034,7,0.5833333333333334,0.38448196939146195,0.75,0.41666666666666663,0.6,0.3,0.0,0.0,21.852726274852998,20000437
Cog-Heuristic,8.39978330559663,7,0.5833333333333334,0.4625093780511362,0.6666666666666666,0.41666666666666663,0.6,0.3,0.0,0.0,20.517467462314375,20000438
Cog-Heuristic,5.303527617678878,5,0.4166666666666667,0.31900939004465545,0.5833333333333334,0.5833333333333333,0.6,0.3,0.0,0.0,20.14026195968436,20000439
Cog-Heuristic,11.188382389388405,9,0.75,0.6051829383398557,0.8333333333333334,0.25,0.6,0.3,0.0,0.0,22.447959312281576,20000440
Cog-Heuristic,4.952777768361093,5,0.4166666666666667,0.23841250264384306,0.6666666666666666,0.5833333333333333,0.6,0.3,0.0,0.0,20.129205831946408,20000441
Cog-Heuristic,13.409444115211116,10,0.8333333333333334,0.7337190744667499,0.8333333333333334,0.16666666666666663,0.6,0.3,0.0,0.0,21.82110707633096,20000442
Cog-Heuristic,6.720655724708118,6,0.5,0.3694415247903632,0.6666666666666666,0.5,0.6,0.3,0.0,0.0,21.271700108134787,20000443
Cog-Heuristic,3.1736587531429565,4,0.3333333333333333,0.17908519925506786,0.6666666666666666,0.6666666666666667,0.6,0.3,0.0,0.0,20.569549627814755,20000444
Cog-Heuristic,6.452849682259681,6,0.5,0.3201352959021731,0.6666666666666666,0.5,0.6,0.3,0.0,0.0,20.49080835065265,20000445
Cog-Heuristic,6.4718040024319885,6,0.5,0.34745247568202026,0.6666666666666666,0.5,0.6,0.3,0.0,0.0,20.77881738564413,20000446
Cog-Heuristic,1.536405681787083,3,0.25,0.126414103603026,0.5833333333333334,0.75,0.6,0.3,0.0,0.0,19.989460705311057,20000447
Cog-Heuristic,6.492219030437732,6,0.5,0.37214624365934224,0.6666666666666666,0.5,0.6,0.3,0.0,0.0,21.210093661655026,20000448
Cog-Heuristic,8.054637765635416,7,0.5833333333333334,0.39985269576479604,0.75,0.41666666666666663,0.6,0.3,0.0,0.0,21.19048335531933,20000449
Cog-Heuristic,3.358756438545025,4,0.3333333333333333,0.18962428368588458,0.6666666666666666,0.6666666666666667,0.6,0.3,0.0,0.0,20.509841361052928,20000450
Cog-Heuristic,6.271945268967629,6,0.5,0.2787745839490747,0.75,0.5,0.6,0.3,0.0,0.0,20.851055012928605,20000451
Cog-Heuristic,5.504770345054493,5,0.4166666666666667,0.30383037440562083,0.6666666666666666,0.5833333333333333,0.6,0.3,0.0,0.0,20.811197895685435,20000452
Cog-Heuristic,3.5180597045776816,4,0.3333333333333333,0.284193314903592,0.5,0.6666666666666667,0.6,0.3,0.0,0.0,19.287443084248654,20000453
Cog-Heuristic,5.959774788652079,6,0.5,0.26807105111055834,0.6666666666666666,0.5,0.6,0.3,0.0,0.0,21.011891150197595,20000454
Cog-Heuristic,6.667657231832835,6,0.5,0.3452531949565895,0.75,0.5,0.6,0.3,0.0,0.0,21.98245871920596,20000455
Cog-Heuristic,6.434455018674826,6,0.5,0.3193462142932163,0.75,0.5,0.6,0.3,0.0,0.0,21.64975082917675,20000456
Cog-Heuristic,3.337536588606623,4,0.3333333333333333,0.2240886423098812,0.5833333333333334,0.6666666666666667,0.6,0.3,0.0,0.0,20.328000339008,20000457
Cog-Heuristic,3.093051972134866,4,0.3333333333333333,0.23515175676654348,0.5,0.6666666666666667,0.6,0.3,0.0,0.0,19.240978310107504,20000458
Cog-Heuristic,6.708497152253063,6,0.5,0.3585840356654625,0.75,0.5,0.6,0.3,0.0,0.0,22.47829126396619,20000459
Cog-Heuristic,9.710211411794607,8,0.6666666666666666,0.5160350287790295,0.75,0.33333333333333337,0.6,0.3,0.0,0.0,21.64651839480966,20000460
Cog-Heuristic,6.730687216195592,6,0.5,0.3394610264592766,0.6666666666666666,0.5,0.6,0.3,0.0,0.0,20.512470479775143,20000461
Cog-Heuristic,8.359244070859758,7,0.5833333333333334,0.45453007084448666,0.75,0.41666666666666663,0.6,0.3,0.0,0.0,21.306478709766132,20000462
Cog-Heuristic,6.822258629583008,6,0.5,0.38216214710147073,0.6666666666666666,0.5,0.6,0.3,0.0,0.0,20.64184513170753,20000463
Cog-Heuristic,10.078205756903637,8,0.6666666666666666,0.5079026173233004,0.75,0.33333333333333337,0.6,0.3,0.0,0.0,22.076547468058138,20000464
Cog-Heuristic,8.12835529313356,7,0.5833333333333334,0.41170232665397927,0.75,0.41666666666666663,0.6,0.3,0.0,0.0,21.132636410854534,20000465
Cog-Heuristic,5.23149433293855,5,0.4166666666666667,0.30930130757104607,0.6666666666666666,0.5833333333333333,0.6,0.3,0.0,0.0,21.25236863718689,20000466
Cog-Heuristic,11.661581939212788,9,0.75,0.6354351493955045,0.8333333333333334,0.25,0.6,0.3,0.0,0.0,22.551503141621218,20000467
Cog-Heuristic,7.834757785598551,7,0.5833333333333334,0.377017147317843,0.75,0.41666666666666663,0.6,0.3,0.0,0.0,21.844032948052455,20000468
Cog-Heuristic,6.846276708338112,6,0.5,0.35393846891992325,0.75,0.5,0.6,0.3,0.0,0.0,21.22878432140126,20000469
Cog-Heuristic,11.483724658506423,9,0.75,0.6287950682783903,0.8333333333333334,0.25,0.6,0.3,0.0,0.0,22.289358947369973,20000470
Cog-Heuristic,6.753015277057422,6,0.5,0.3436467487092292,0.75,0.5,0.6,0.3,0.0,0.0,21.512064373427854,20000471
Cog-Heuristic,8.450121625549514,7,0.5833333333333334,0.4737031361383509,0.6666666666666666,0.41666666666666663,0.6,0.3,0.0,0.0,20.686544661312702,20000472
Cog-Heuristic,9.581710153953713,8,0.6666666666666666,0.49407219623460974,0.75,0.33333333333333337,0.6,0.3,0.0,0.0,21.846860004192507,20000473
Cog-Heuristic,6.463577188256976,6,0.5,0.3391103083839924,0.6666666666666666,0.5,0.6,0.3,0.0,0.0,21.186142075154923,20000474
Cog-Heuristic,5.310539751142771,5,0.4166666666666667,0.330861793689478,0.6666666666666666,0.5833333333333333,0.6,0.3,0.0,0.0,20.26182794570838,20000475
Cog-Heuristic,9.830356549404122,8,0.6666666666666666,0.5493213443589037,0.75,0.33333333333333337,0.6,0.3,0.0,0.0,21.914219475983728,20000476
Cog-Heuristic,6.592564324257365,6,0.5,0.3740813898541949,0.6666666666666666,0.5,0.6,0.3,0.0,0.0,21.439546353101132,20000477
Cog-Heuristic,4.977443983835972,5,0.4166666666666667,0.2707529412228323,0.6666666666666666,0.5833333333333333,0.6,0.3,0.0,0.0,21.436476741155165,20000478
Cog-Heuristic,4.77459393312416,5,0.4166666666666667,0.24424057839949184,0.6666666666666666,0.5833333333333333,0.6,0.3,0.0,0.0,20.618596650715958,20000479
Cog-Heuristic,8.397147905714101,7,0.5833333333333334,0.426162996085342,0.6666666666666666,0.41666666666666663,0.6,0.3,0.0,0.0,20.456976792366664,20000480
Cog-Heuristic,10.104840034937233,8,0.6666666666666666,0.5402885956308862,0.8333333333333334,0.33333333333333337,0.6,0.3,0.0,0.0,21.462478084224955,20000481
Cog-Heuristic,3.4334277242542415,4,0.3333333333333333,0.19290874670938504,0.6666666666666666,0.6666666666666667,0.6,0.3,0.0,0.0,20.43650767260887,20000482
Cog-Heuristic,8.619091819840934,7,0.5833333333333334,0.4529366573035632,0.8333333333333334,0.41666666666666663,0.6,0.3,0.0,0.0,21.937132205786156,20000483
Cog-Heuristic,3.566426678930636,4,0.3333333333333333,0.21716406497374405,0.6666666666666666,0.6666666666666667,0.6,0.3,0.0,0.0,20.182756074600217,20000484
Cog-Heuristic,6.5103975785814026,6,0.5,0.34652477711271124,0.6666666666666666,0.5,0.6,0.3,0.0,0.0,21.25507345012854,20000485
Cog-Heuristic,8.484442762600105,7,0.5833333333333334,0.44287786348553954,0.75,0.41666666666666663,0.6,0.3,0.0,0.0,21.122378009625088,20000486
Cog-Heuristic,8.311577266826188,7,0.5833333333333334,0.4566139620794963,0.6666666666666666,0.41666666666666663,0.6,0.3,0.0,0.0,21.137043815290447,20000487
Cog-Heuristic,6.441195934588819,6,0.5,0.3276397586450946,0.6666666666666666,0.5,0.6,0.3,0.0,0.0,20.70839008474044,20000488
Cog-Heuristic,6.450142771943048,6,0.5,0.3307894873291063,0.6666666666666666,0.5,0.6,0.3,0.0,0.0,20.752675851697482,20000489
Cog-Heuristic,8.262620907810799,7,0.5833333333333334,0.4006729231944913,0.75,0.41666666666666663,0.6,0.3,0.0,0.0,21.320457013562994,20000490
Cog-Heuristic,6.723391911351369,6,0.5,0.349983443885634,0.6666666666666666,0.5,0.6,0.3,0.0,0.0,20.76905722502264,20000491
Cog-Heuristic,6.748614731684161,6,0.5,0.34604491779272967,0.75,0.5,0.6,0.3,0.0,0.0,21.48231894931401,20000492
Cog-Heuristic,6.48764682383298,6,0.5,0.3285801460298403,0.6666666666666666,0.5,0.6,0.3,0.0,0.0,20.736786018569614,20000493
Cog-Heuristic,6.620200178920177,6,0.5,0.3538103705433249,0.75,0.5,0.6,0.3,0.0,0.0,21.56984156878271,20000494
Cog-Heuristic,6.684321618975268,6,0.5,0.36841979886088955,0.6666666666666666,0.5,0.6,0.3,0.0,0.0,20.703055897216085,20000495
Cog-Heuristic,11.679481759353363,9,0.75,0.6067068484738931,0.8333333333333334,0.25,0.6,0.3,0.0,0.0,22.442182175444312,20000496
Cog-Heuristic,9.697537461995244,8,0.6666666666666666,0.49847780925018004,0.75,0.33333333333333337,0.6,0.3,0.0,0.0,21.952567681915898,20000497
Cog-Heuristic,8.73962937626357,7,0.5833333333333334,0.43539636204696547,0.75,0.41666666666666663,0.6,0.3,0.0,0.0,21.454133336024896,20000498
Cog-Heuristic,6.399685691865234,6,0.5,0.33396607825960256,0.6666666666666666,0.5,0.6,0.3,0.0,0.0,20.99480199512786,20000499
