method,return,on_time,on_time_rate,weighted_on_time,completion_rate,miss_rate,mean_attention,mean_fatigue,high_fatigue_frac,break_frac,effort,seed
FIFO,6.784548182863148,6,0.5,0.5504164840987459,0.5,0.5,0.5117533237998927,0.611164924147628,0.4583333333333333,0.0,16.659092443531723,20000000
FIFO,7.1747923324487495,6,0.5,0.5501741709087654,0.5833333333333334,0.5,0.5714866167618186,0.5322263570071137,0.2916666666666667,0.0,19.327000182818995,20000001
FIFO,5.066049108227137,5,0.4166666666666667,0.3840022562417976,0.5833333333333334,0.5833333333333333,0.6215378190513948,0.5788815155271912,0.3541666666666667,0.0,19.273481383098176,20000002
FIFO,3.9088390975924057,5,0.4166666666666667,0.3653829234625084,0.4166666666666667,0.5833333333333333,0.3998057782215214,0.5215928639448607,0.3333333333333333,0.0,13.853187193019448,20000003
FIFO,5.770297143542253,6,0.5,0.4378312718285678,0.5,0.5,0.3745219292795867,0.466942152310146,0.25,0.0,13.455220172008847,20000004
FIFO,4.37833656816439,5,0.4166666666666667,0.3341082811118222,0.5,0.5833333333333333,0.4825106948100517,0.5179580738835371,0.2916666666666667,0.0,16.346886587828152,20000005
FIFO,4.762111846095019,5,0.4166666666666667,0.39848432067738343,0.4166666666666667,0.5833333333333333,0.45104913522603757,0.5778928437253463,0.4166666666666667,0.0,14.529812972390536,20000006
FIFO,-1.2930671278182175,2,0.16666666666666666,0.22881336409751413,0.16666666666666666,0.8333333333333334,0.28743897492802767,0.6573157829183381,0.5208333333333334,0.0,9.24324001948841,20000007
FIFO,0.6667661963714453,3,0.25,0.26715425435024137,0.25,0.75,0.27228983261056733,0.588119487069558,0.4375,0.0,9.773221580752054,20000008
FIFO,6.334879557389467,6,0.5,0.4085076204049187,0.5833333333333334,0.5,0.4844001155031335,0.5360171605765205,0.2708333333333333,0.0,17.022115809562095,20000009
FIFO,4.493097043440548,5,0.4166666666666667,0.38718322999123306,0.4166666666666667,0.5833333333333333,0.40817293786593467,0.5240158455247426,0.3125,0.0,14.063577222624305,20000010
FIFO,8.473887370546867,7,0.5833333333333334,0.6566750529275442,0.5833333333333334,0.41666666666666663,0.546016136348197,0.5187351854586516,0.1875,0.0,18.566168821061495,20000011
FIFO,8.069425528517334,7,0.5833333333333334,0.4651054601091934,0.6666666666666666,0.41666666666666663,0.5644553692370219,0.507648082098216,0.25,0.0,18.225419935010752,20000012
FIFO,5.234753589180365,5,0.4166666666666667,0.47126171074263995,0.5,0.5833333333333333,0.4293888871822437,0.5385847056693973,0.20833333333333334,0.0,15.702521597825392,20000013
FIFO,2.375162101849461,4,0.3333333333333333,0.3292961928635785,0.3333333333333333,0.6666666666666667,0.34805288218010727,0.596599370943213,0.3958333333333333,0.0,11.18702332814272,20000014
FIFO,7.133168726974674,6,0.5,0.44725084584812647,0.6666666666666666,0.5,0.6586264024973314,0.5531520223416883,0.3333333333333333,0.0,20.290049629537442,20000015
FIFO,3.8704983765634804,5,0.4166666666666667,0.3615537286463142,0.4166666666666667,0.5833333333333333,0.35783874906604934,0.5572336990575305,0.3541666666666667,0.0,12.464040280869261,20000016
FIFO,4.4526110083710275,5,0.4166666666666667,0.46216607555489414,0.4166666666666667,0.5833333333333333,0.3983944958293469,0.5619726889861497,0.3333333333333333,0.0,13.359801770829911,20000017
FIFO,3.262811803394282,4,0.3333333333333333,0.3261267982303081,0.4166666666666667,0.6666666666666667,0.47447710636401563,0.6163502687076967,0.4583333333333333,0.0,14.54853352461173,20000018
FIFO,10.436899098493248,8,0.6666666666666666,0.6058114349679268,0.75,0.33333333333333337,0.6720282546350699,0.49556645091379686,0.25,0.0,21.787140807075783,20000019
FIFO,3.39353012985106,4,0.3333333333333333,0.3570636836513467,0.5,0.6666666666666667,0.4586337300213219,0.5561742700949108,0.3541666666666667,0.0,15.522920064237724,20000020
FIFO,9.980963036597899,8,0.6666666666666666,0.5996996594939108,0.75,0.33333333333333337,0.5605831563890783,0.42747258625730994,0.125,0.0,20.307155733247324,20000021
FIFO,2.516808667367499,4,0.3333333333333333,0.36784021317625787,0.3333333333333333,0.6666666666666667,0.2679853339514297,0.5377535588697099,0.20833333333333334,0.0,10.301563725528467,20000022
FIFO,4.896387821785777,5,0.4166666666666667,0.40358190579165065,0.5,0.5833333333333333,0.47586587937076436,0.5596250076105069,0.3333333333333333,0.0,16.233425315850237,20000023
FIFO,10.919015604985036,8,0.6666666666666666,0.6556846953895026,0.75,0.33333333333333337,0.6516139683154523,0.4989549102033821,0.3125,0.0,21.936661803041844,20000024
FIFO,0.5404081758947052,3,0.25,0.25539602878391043,0.25,0.75,0.32599195326971925,0.6304901781351092,0.5,0.0,10.809283196615818,20000025
FIFO,4.146198379735735,5,0.4166666666666667,0.4230164792477814,0.4166666666666667,0.5833333333333333,0.4465004880331979,0.5705138639187591,0.375,0.0,14.522497429775159,20000026
FIFO,4.293153358086957,5,0.4166666666666667,0.3258962345534274,0.5833333333333334,0.5833333333333333,0.4623470057172237,0.490660175696823,0.20833333333333334,0.0,15.546923961777415,20000027
FIFO,3.341151356739556,4,0.3333333333333333,0.4269307002922557,0.5,0.6666666666666667,0.47097128111047537,0.5256660621347932,0.22916666666666666,0.0,16.12859049197391,20000028
FIFO,4.371018087022288,5,0.4166666666666667,0.4063365952751841,0.5,0.5833333333333333,0.40707965669688234,0.49034086495391294,0.14583333333333334,0.0,15.058266085469521,20000029
FIFO,0.5503668575796183,3,0.25,0.22299888470806686,0.25,0.75,0.2878278109374472,0.5659338184248354,0.375,0.0,10.02175777571378,20000030
FIFO,6.615533789440578,6,0.5,0.47610118195278156,0.5,0.5,0.4894462004930345,0.5210062587871613,0.25,0.0,16.91036543749819,20000031
FIFO,5.970426173888066,6,0.5,0.42341689959336154,0.5,0.5,0.5351673662416173,0.536383945730407,0.3125,0.0,16.140348341218388,20000032
FIFO,4.390160037438899,5,0.4166666666666667,0.3808080843502738,0.4166666666666667,0.5833333333333333,0.4972134812487859,0.571004585711585,0.3958333333333333,0.0,14.83459808186249,20000033
FIFO,6.105197879538787,6,0.5,0.4327370573846626,0.5,0.5,0.43369203564896197,0.5003099571422404,0.25,0.0,15.98782770267625,20000034
FIFO,3.0480354534040446,4,0.3333333333333333,0.37716868612243737,0.4166666666666667,0.6666666666666667,0.44556400619512954,0.5770844352549503,0.3333333333333333,0.0,15.248719471140218,20000035
FIFO,7.646851341997769,7,0.5833333333333334,0.4911901876599787,0.6666666666666666,0.41666666666666663,0.504039482369825,0.442224747512537,0.22916666666666666,0.0,17.535658573460317,20000036
FIFO,5.023267685251561,5,0.4166666666666667,0.3935542753198222,0.5,0.5833333333333333,0.5184287222057987,0.5772365883694057,0.375,0.0,16.673283046620263,20000037
FIFO,6.535460189753643,6,0.5,0.5308049414860532,0.5,0.5,0.46965228671823195,0.5529408645303152,0.22916666666666666,0.0,16.041269207458047,20000038
FIFO,4.660033100636998,5,0.4166666666666667,0.42270300177758596,0.4166666666666667,0.5833333333333333,0.44278419801627117,0.5537648672780985,0.2916666666666667,0.0,14.941071301852539,20000039
FIFO,3.076073797224609,4,0.3333333333333333,0.3574274707479454,0.3333333333333333,0.6666666666666667,0.3579190008776481,0.5678529052265154,0.375,0.0,11.830845940402027,20000040
FIFO,8.703573475008257,7,0.5833333333333334,0.5815105622696664,0.5833333333333334,0.41666666666666663,0.607272150590211,0.5190983955013573,0.2916666666666667,0.0,19.492246941282655,20000041
FIFO,5.077570832323997,5,0.4166666666666667,0.4673605356078565,0.5,0.5833333333333333,0.4887293772646823,0.5676563036148125,0.4166666666666667,0.0,16.575873533037626,20000042
FIFO,8.09184222609861,7,0.5833333333333334,0.5487367877800823,0.5833333333333334,0.41666666666666663,0.47870820757942695,0.4777462955945584,0.20833333333333334,0.0,16.26386373159295,20000043
FIFO,3.1204127483806943,4,0.3333333333333333,0.3162512658840989,0.5,0.6666666666666667,0.463063975160104,0.541530521646405,0.2708333333333333,0.0,15.512623983825202,20000044
FIFO,2.96654045165016,4,0.3333333333333333,0.3596107280952166,0.3333333333333333,0.6666666666666667,0.35199135557965305,0.5862493302852488,0.3958333333333333,0.0,12.372834133540266,20000045
FIFO,1.3025914346738614,3,0.25,0.30622755469057683,0.3333333333333333,0.75,0.3590900767212108,0.6306665260139485,0.4583333333333333,0.0,12.189651426331514,20000046
FIFO,5.940496163589923,6,0.5,0.45268349873807506,0.5833333333333334,0.5,0.5180390744986131,0.45233726568082755,0.20833333333333334,0.0,17.514883676533053,20000047
FIFO,4.5617674060929385,5,0.4166666666666667,0.416777837695158,0.4166666666666667,0.5833333333333333,0.3682826731665972,0.5770967821270868,0.3125,0.0,12.965864680847499,20000048
FIFO,2.7289441498977656,4,0.3333333333333333,0.30625357285294663,0.5,0.6666666666666667,0.4515550503985435,0.5086471473174061,0.22916666666666666,0.0,15.314785817037004,20000049
FIFO,4.42122040457313,5,0.4166666666666667,0.36227504919955644,0.5,0.5833333333333333,0.4231124622082518,0.521477032756107,0.3125,0.0,14.51766759747195,20000050
FIFO,6.441794000572932,6,0.5,0.4678984389121423,0.5,0.5,0.5137923882766083,0.546739016617705,0.3333333333333333,0.0,17.0912395619663,20000051
FIFO,5.050681865114011,5,0.4166666666666667,0.426531582363131,0.5,0.5833333333333333,0.4914832741784645,0.5754638151771174,0.3333333333333333,0.0,16.577690464608054,20000052
FIFO,3.4126946464902455,4,0.3333333333333333,0.38761689762883483,0.5,0.6666666666666667,0.4621132368830099,0.5686096856845935,0.3541666666666667,0.0,16.07487262404127,20000053
FIFO,7.030907122338457,6,0.5,0.5851790259606138,0.5,0.5,0.501631499759239,0.5357885984422183,0.3333333333333333,0.0,16.87277854662129,20000054
FIFO,6.400595497309565,6,0.5,0.42823995304649703,0.5833333333333334,0.5,0.5245961601642519,0.5534061033118564,0.3125,0.0,17.4564537966258,20000055
FIFO,6.136286654390734,6,0.5,0.460515692279248,0.5,0.5,0.4603803534560578,0.5306703529138468,0.3125,0.0,15.681953901310909,20000056
FIFO,1.1576877150995726,3,0.25,0.24152741246206408,0.3333333333333333,0.75,0.348176874130454,0.6216177364406504,0.4791666666666667,0.0,11.857317788491805,20000057
FIFO,4.043773784987316,5,0.4166666666666667,0.32416299814528693,0.5,0.5833333333333333,0.4041670395477568,0.5179258323773355,0.3125,0.0,15.06430132842196,20000058
FIFO,3.1852285612439353,4,0.3333333333333333,0.38021999609340795,0.3333333333333333,0.6666666666666667,0.39751256451011824,0.6114385359228954,0.4375,0.0,12.894516957538858,20000059
FIFO,3.2876607963469047,4,0.3333333333333333,0.35007624833030593,0.5,0.6666666666666667,0.5618224037135948,0.5336701954441425,0.2916666666666667,0.0,17.838865402352,20000060
FIFO,2.7342529065319283,4,0.3333333333333333,0.32639784177003606,0.3333333333333333,0.6666666666666667,0.3554297742642039,0.6080886182889281,0.4375,0.0,12.450587221353027,20000061
FIFO,4.210163360531613,4,0.3333333333333333,0.37436575842360703,0.5833333333333334,0.6666666666666667,0.6337924223407324,0.5778321952035732,0.3333333333333333,0.0,20.662884661719627,20000062
FIFO,1.0266546595098314,3,0.25,0.3201951548592368,0.25,0.75,0.32256507444903443,0.6047261356301655,0.4583333333333333,0.0,10.856338236799635,20000063
FIFO,6.3263920855108715,6,0.5,0.3704078385084945,0.6666666666666666,0.5,0.5870474544612511,0.47225790430353504,0.25,0.0,19.23873647310819,20000064
FIFO,2.7858698770964274,4,0.3333333333333333,0.36388216331269846,0.3333333333333333,0.6666666666666667,0.3909801114147052,0.5933142703531016,0.3958333333333333,0.0,13.09785111209878,20000065
FIFO,10.585460168633166,8,0.6666666666666666,0.5976296125990771,0.6666666666666666,0.33333333333333337,0.6263120233620718,0.5208416224689457,0.3125,0.0,20.427604050967886,20000066
FIFO,5.446261533061891,5,0.4166666666666667,0.5110112606295558,0.5,0.5833333333333333,0.5792682440212382,0.5983567637332127,0.3958333333333333,0.0,18.443053273173835,20000067
FIFO,1.6747883759592073,3,0.25,0.2942426992774245,0.4166666666666667,0.75,0.4170991623903184,0.5555623030080131,0.375,0.0,13.94182477101604,20000068
FIFO,7.336058679720489,6,0.5,0.5172416905638197,0.75,0.5,0.6683970263668687,0.5435029305425215,0.22916666666666666,0.0,21.40278608605194,20000069
FIFO,4.2109952285022105,4,0.3333333333333333,0.41930984537214316,0.5833333333333334,0.6666666666666667,0.5810990912689058,0.557844139235532,0.3541666666666667,0.0,18.974596196593144,20000070
FIFO,4.17433918252596,5,0.4166666666666667,0.3384743791975188,0.4166666666666667,0.5833333333333333,0.38098049463431466,0.5543001929984466,0.2916666666666667,0.0,13.585442044038707,20000071
FIFO,9.858934303648596,8,0.6666666666666666,0.5386612791844115,0.75,0.33333333333333337,0.5127916133544939,0.4190322767822388,0.020833333333333332,0.0,19.341821304080156,20000072
FIFO,4.698866082353061,5,0.4166666666666667,0.38875708929538105,0.5,0.5833333333333333,0.449536268633675,0.5484451088472359,0.20833333333333334,0.0,16.217580881533404,20000073
FIFO,4.751953202854333,5,0.4166666666666667,0.3394373811783554,0.5833333333333334,0.5833333333333333,0.4470374813673912,0.482630000583594,0.08333333333333333,0.0,15.902316993021385,20000074
FIFO,1.0859170306226922,3,0.25,0.301482516555838,0.25,0.75,0.355996573224122,0.6218176542271974,0.4791666666666667,0.0,11.447310407176044,20000075
FIFO,0.7027789326652876,3,0.25,0.25963354830238433,0.25,0.75,0.3129678739164345,0.6349264393716273,0.4791666666666667,0.0,10.396067171254385,20000076
FIFO,11.924354889900892,9,0.75,0.6744876574340876,0.75,0.25,0.6352939454580485,0.49922229635525467,0.1875,0.0,21.001195740982414,20000077
FIFO,4.570279837173969,5,0.4166666666666667,0.39950884238155093,0.5,0.5833333333333333,0.4387120537921543,0.47366055536214996,0.16666666666666666,0.0,14.937035509804097,20000078
FIFO,2.996614847549594,4,0.3333333333333333,0.42045743787566514,0.3333333333333333,0.6666666666666667,0.3710921143373547,0.577488996554439,0.4166666666666667,0.0,12.364119076960469,20000079
FIFO,7.465289856881709,6,0.5,0.5572825852417174,0.5,0.5,0.5481286102404127,0.5969202529755103,0.4166666666666667,0.0,17.631843223394103,20000080
FIFO,4.5233078130193745,5,0.4166666666666667,0.3602134934163215,0.4166666666666667,0.5833333333333333,0.3731920308639765,0.5500343948599264,0.2708333333333333,0.0,12.73003478876516,20000081
FIFO,10.367890423394394,8,0.6666666666666666,0.5689380944472753,0.8333333333333334,0.33333333333333337,0.6620041365334445,0.4335761516949714,0.08333333333333333,0.0,22.798933587895423,20000082
FIFO,3.253327556474118,4,0.3333333333333333,0.3440378813960257,0.5,0.6666666666666667,0.48324958932309664,0.5569775701718683,0.3125,0.0,16.93879381408889,20000083
FIFO,2.4246974894193185,4,0.3333333333333333,0.3377663059486427,0.3333333333333333,0.6666666666666667,0.343102898523703,0.5746186246058617,0.4166666666666667,0.0,11.496531277044852,20000084
FIFO,6.75482954072568,6,0.5,0.46377248474576377,0.5,0.5,0.4894162415610525,0.5600660044919986,0.2916666666666667,0.0,16.45690155385934,20000085
FIFO,4.757880971567414,5,0.4166666666666667,0.37630869351179336,0.5,0.5833333333333333,0.4848212726995464,0.5671466014350272,0.3958333333333333,0.0,15.208275991372167,20000086
FIFO,7.187479501260382,6,0.5,0.5209289643634825,0.5833333333333334,0.5,0.5735228413020212,0.516838506939321,0.22916666666666666,0.0,19.468120348886323,20000087
FIFO,5.089509491024694,5,0.4166666666666667,0.4448382418589479,0.4166666666666667,0.5833333333333333,0.5123062378489823,0.5762846565006675,0.4166666666666667,0.0,16.520739999766594,20000088
FIFO,2.1709792362372324,4,0.3333333333333333,0.33651634125504293,0.3333333333333333,0.6666666666666667,0.2834863062348176,0.5498605459593543,0.3541666666666667,0.0,10.741136368014912,20000089
FIFO,2.4123764641639944,4,0.3333333333333333,0.35316171488631465,0.3333333333333333,0.6666666666666667,0.3269199117666612,0.5832045862661485,0.4166666666666667,0.0,11.033170842378548,20000090
FIFO,6.246358143748557,6,0.5,0.47144394310336707,0.5,0.5,0.46557947192835786,0.5646818208884506,0.25,0.0,16.435659683038825,20000091
FIFO,4.8932050111666,5,0.4166666666666667,0.4046902222330267,0.4166666666666667,0.5833333333333333,0.4470567535885393,0.5731534736208802,0.375,0.0,14.85524640599236,20000092
FIFO,3.5941801101996482,5,0.4166666666666667,0.3346289850804186,0.4166666666666667,0.5833333333333333,0.32990107404743096,0.49267321458870866,0.2708333333333333,0.0,12.020414286174441,20000093
FIFO,4.385691597111839,5,0.4166666666666667,0.4434033290921592,0.4166666666666667,0.5833333333333333,0.364202808472668,0.5722663464029824,0.3958333333333333,0.0,12.344193148299956,20000094
FIFO,3.3823531331946457,4,0.3333333333333333,0.35715480323897825,0.4166666666666667,0.6666666666666667,0.4318041627076387,0.5965070143053736,0.3333333333333333,0.0,14.52934439565279,20000095
FIFO,4.354711359998743,5,0.4166666666666667,0.34659044751078055,0.5,0.5833333333333333,0.4868306948527456,0.5421982900738018,0.2916666666666667,0.0,15.823245477958773,20000096
FIFO,0.7506246940645784,3,0.25,0.29064074949448565,0.25,0.75,0.3174803377822576,0.5737685090579103,0.375,0.0,11.144801754374251,20000097
FIFO,6.668595947325235,6,0.5,0.4689340413390592,0.5,0.5,0.5266077673874284,0.5825416063354435,0.4166666666666667,0.0,17.35483586002198,20000098
FIFO,10.254482930321208,8,0.6666666666666666,0.5721937522886825,0.75,0.33333333333333337,0.5928922928282899,0.4509788688998387,0.041666666666666664,0.0,20.548576920604102,20000099
FIFO,3.689042433524474,4,0.3333333333333333,0.34987134709500417,0.5833333333333334,0.6666666666666667,0.5519828039753994,0.5656678370954636,0.375,0.0,18.699803619165134,20000100
FIFO,6.195845888749421,6,0.5,0.4029897703878298,0.5,0.5,0.5800259080603455,0.5459499982783681,0.3541666666666667,0.0,17.215066952041614,20000101
FIFO,2.2988091741756067,4,0.3333333333333333,0.3557709766060369,0.3333333333333333,0.6666666666666667,0.35544578531328197,0.5663097195034802,0.3958333333333333,0.0,11.487632447106922,20000102
FIFO,6.740582992038309,6,0.5,0.47975235453327786,0.5833333333333334,0.5,0.47952849332420594,0.4738780575811013,0.10416666666666667,0.0,17.207408787256043,20000103
FIFO,4.902001197113817,5,0.4166666666666667,0.41462025962044763,0.5,0.5833333333333333,0.42540438868149516,0.5097005753452735,0.25,0.0,15.133375727432531,20000104
FIFO,7.949502510464285,7,0.5833333333333334,0.5761012972995371,0.5833333333333334,0.41666666666666663,0.5321834651576858,0.5528422290594669,0.2708333333333333,0.0,17.877959792935812,20000105
FIFO,3.2366249045406414,4,0.3333333333333333,0.362499820458701,0.4166666666666667,0.6666666666666667,0.42058924599706726,0.5422937866165897,0.3541666666666667,0.0,15.06191487179449,20000106
FIFO,6.238056156393901,6,0.5,0.44832978285481395,0.5833333333333334,0.5,0.48755696259072917,0.5442646834387921,0.22916666666666666,0.0,16.44746932010404,20000107
FIFO,6.399947336683649,6,0.5,0.5476606003603357,0.5,0.5,0.49125194891930174,0.5563780228680911,0.3958333333333333,0.0,15.913983368495684,20000108
FIFO,0.8909540536378735,3,0.25,0.2714224065240212,0.25,0.75,0.33526645305862984,0.5785248762140378,0.3958333333333333,0.0,11.641247144994797,20000109
FIFO,2.6901170242101955,4,0.3333333333333333,0.3470926929465112,0.3333333333333333,0.6666666666666667,0.4162230062493541,0.5668221348850637,0.3958333333333333,0.0,13.344281257473176,20000110
FIFO,6.863360399834628,6,0.5,0.5309579962590755,0.5,0.5,0.4716706396803454,0.5266206065870764,0.22916666666666666,0.0,17.59279899629692,20000111
FIFO,5.510950506147683,5,0.4166666666666667,0.4630467414794912,0.4166666666666667,0.5833333333333333,0.553471544509807,0.6142635467559733,0.4583333333333333,0.0,16.955618590225868,20000112
FIFO,4.938546817320988,5,0.4166666666666667,0.36749592506534895,0.6666666666666666,0.5833333333333333,0.42371940824303844,0.46227920433137104,0.0,0.0,17.134466495737616,20000113
FIFO,0.5406145729510552,3,0.25,0.25883923116546176,0.25,0.75,0.2975964852860081,0.5910184987715613,0.4375,0.0,10.472538407308583,20000114
FIFO,2.81139321790583,4,0.3333333333333333,0.2971021632044635,0.4166666666666667,0.6666666666666667,0.4476293747761271,0.5908817194103511,0.3958333333333333,0.0,13.970611502115291,20000115
FIFO,4.823000313633715,5,0.4166666666666667,0.38300629987725937,0.5833333333333334,0.5833333333333333,0.5192136850762372,0.5167545821945521,0.2708333333333333,0.0,17.330166988272655,20000116
FIFO,5.201240790864771,5,0.4166666666666667,0.5037891026197061,0.5,0.5833333333333333,0.4385686555121455,0.5797918315968668,0.2916666666666667,0.0,15.537048999813331,20000117
FIFO,2.3892148912794546,4,0.3333333333333333,0.3256592089679537,0.3333333333333333,0.6666666666666667,0.37295568357646575,0.5773580678300169,0.4166666666666667,0.0,12.056485083110836,20000118
FIFO,6.6362986506532735,6,0.5,0.4471225717199878,0.5,0.5,0.4942237096084831,0.5330127079308414,0.2916666666666667,0.0,16.383116564451033,20000119
FIFO,3.425053020698437,4,0.3333333333333333,0.32630679602154067,0.5,0.6666666666666667,0.5494361043772816,0.5663426686538097,0.375,0.0,17.860825138550975,20000120
FIFO,2.1271181132674686,4,0.3333333333333333,0.2545841435015272,0.3333333333333333,0.6666666666666667,0.2988535527197294,0.5553015083145575,0.3541666666666667,0.0,10.728219295902099,20000121
FIFO,0.6273419343368261,3,0.25,0.2940026199298034,0.25,0.75,0.31293205343019986,0.5762701553669026,0.3958333333333333,0.0,10.897284665833375,20000122
FIFO,8.094623588600122,7,0.5833333333333334,0.5146737776485297,0.6666666666666666,0.41666666666666663,0.48609893505377927,0.5289895894021416,0.14583333333333334,0.0,17.24353409588588,20000123
FIFO,2.6571222338779155,4,0.3333333333333333,0.2989438735877536,0.5,0.6666666666666667,0.5009077273316352,0.5441232685626024,0.25,0.0,16.121636581413686,20000124
FIFO,7.477664239946797,7,0.5833333333333334,0.46134042196114555,0.5833333333333334,0.41666666666666663,0.5125541429100527,0.49773907549076707,0.22916666666666666,0.0,17.487951571654992,20000125
FIFO,2.5260138743694833,4,0.3333333333333333,0.31157065899261827,0.3333333333333333,0.6666666666666667,0.35023936684876933,0.5859500641145872,0.4166666666666667,0.0,12.142713845009196,20000126
FIFO,4.950277692948767,5,0.4166666666666667,0.45144358730931267,0.4166666666666667,0.5833333333333333,0.4781605142411875,0.5675357816955903,0.3333333333333333,0.0,15.64663379020768,20000127
FIFO,1.717251815133345,4,0.3333333333333333,0.27219261101467934,0.3333333333333333,0.6666666666666667,0.3166134528503023,0.5652342274351314,0.375,0.0,11.173512983705495,20000128
FIFO,6.63704057690647,6,0.5,0.4568627026812646,0.5833333333333334,0.5,0.4811901953989466,0.5332818949211049,0.20833333333333334,0.0,16.838201015181912,20000129
FIFO,4.370280244559729,5,0.4166666666666667,0.4202505704250209,0.4166666666666667,0.5833333333333333,0.43076151749989067,0.5954388399819455,0.4166666666666667,0.0,14.653389745858366,20000130
FIFO,6.512055523192776,6,0.5,0.43701763051559106,0.5,0.5,0.5247099973675627,0.5245319766755755,0.3125,0.0,17.44835857614297,20000131
FIFO,4.4017290391424595,5,0.4166666666666667,0.3559721081238888,0.5,0.5833333333333333,0.44213430515154933,0.47695338315349983,0.16666666666666666,0.0,15.586177543852717,20000132
FIFO,6.339375667055691,6,0.5,0.48789256878721643,0.5833333333333334,0.5,0.4870116075858659,0.45842789625002506,0.16666666666666666,0.0,16.427368345203885,20000133
FIFO,2.7546042344843107,4,0.3333333333333333,0.3984913609611477,0.3333333333333333,0.6666666666666667,0.33776278605580007,0.581350383714105,0.4166666666666667,0.0,11.635556104361799,20000134
FIFO,11.23237752205994,8,0.6666666666666666,0.6101812837462369,0.8333333333333334,0.33333333333333337,0.7298882680833367,0.5454862440524835,0.3125,0.0,23.78321906984674,20000135
FIFO,6.789968521208138,6,0.5,0.48573822949571555,0.5833333333333334,0.5,0.5144320688867345,0.5575786841666323,0.3333333333333333,0.0,17.427655419807692,20000136
FIFO,8.296683085141087,7,0.5833333333333334,0.49256278771461054,0.6666666666666666,0.41666666666666663,0.5482289576901528,0.4846614594263099,0.1875,0.0,17.993305901744765,20000137
FIFO,0.8566028041746891,3,0.25,0.3113950145226874,0.25,0.75,0.2904314027731944,0.6017160768622069,0.4166666666666667,0.0,9.978614338112827,20000138
FIFO,1.9044144803921128,4,0.3333333333333333,0.27887888174411013,0.3333333333333333,0.6666666666666667,0.3153010772083684,0.5373748767597236,0.3541666666666667,0.0,10.777580222048403,20000139
FIFO,2.165039552674969,4,0.3333333333333333,0.3849184049340221,0.3333333333333333,0.6666666666666667,0.32671380908155245,0.5390049316338604,0.375,0.0,10.688485646255705,20000140
FIFO,2.8997854518474853,4,0.3333333333333333,0.35615878990747185,0.3333333333333333,0.6666666666666667,0.4557728149038676,0.5678868800174491,0.3958333333333333,0.0,14.400109700690516,20000141
FIFO,2.065241103538069,4,0.3333333333333333,0.2772616158327328,0.3333333333333333,0.6666666666666667,0.3333027948964431,0.5608715879550322,0.3541666666666667,0.0,11.66683913121386,20000142
FIFO,-1.332911357894337,2,0.16666666666666666,0.1917616299923487,0.16666666666666666,0.8333333333333334,0.26709561704081286,0.6274350915801806,0.5,0.0,8.406174629047097,20000143
FIFO,8.869946818269398,7,0.5833333333333334,0.5869712148241362,0.6666666666666666,0.41666666666666663,0.5855000602619406,0.528384043125902,0.20833333333333334,0.0,20.19921785519998,20000144
FIFO,4.944101398876284,5,0.4166666666666667,0.5078825537474716,0.4166666666666667,0.5833333333333333,0.4647585700475971,0.576196588863482,0.3958333333333333,0.0,16.037758111025305,20000145
FIFO,4.449982044632986,5,0.4166666666666667,0.3861597802952851,0.4166666666666667,0.5833333333333333,0.3662142504776984,0.5224926007742751,0.2916666666666667,0.0,12.937023015250547,20000146
FIFO,4.29636667285868,5,0.4166666666666667,0.41921631338687076,0.4166666666666667,0.5833333333333333,0.3567687723407709,0.5218552744643029,0.2708333333333333,0.0,13.71132970244402,20000147
FIFO,2.619381372744269,4,0.3333333333333333,0.2812957985109647,0.4166666666666667,0.6666666666666667,0.3758368881888802,0.5503864123086837,0.3958333333333333,0.0,13.10518943127483,20000148
FIFO,8.68137916474642,7,0.5833333333333334,0.5100579414349947,0.6666666666666666,0.41666666666666663,0.6878265626158591,0.53131514332733,0.2916666666666667,0.0,22.037221399744293,20000149
FIFO,0.4828477786539658,3,0.25,0.29729840993998646,0.25,0.75,0.29049813711338757,0.5646687061347527,0.3541666666666667,0.0,10.237817822368731,20000150
FIFO,8.026038420665605,7,0.5833333333333334,0.5732759594104204,0.5833333333333334,0.41666666666666663,0.4894638538686326,0.49985731001515993,0.2708333333333333,0.0,17.15798364726272,20000151
FIFO,1.1665486655247168,3,0.25,0.34120341487334305,0.25,0.75,0.3507858712130931,0.6072105575138369,0.4375,0.0,11.933102090178403,20000152
FIFO,4.374209514800637,5,0.4166666666666667,0.41839755266917716,0.4166666666666667,0.5833333333333333,0.44775544152562863,0.5413195425539818,0.375,0.0,14.955254839112587,20000153
FIFO,7.484854477366294,6,0.5,0.5046119288692903,0.75,0.5,0.6545673561859225,0.5178684241738319,0.20833333333333334,0.0,21.12905786352462,20000154
FIFO,0.7337742523913402,3,0.25,0.30882768274371586,0.25,0.75,0.3177427684750675,0.5576637194077974,0.3125,0.0,10.819494666585799,20000155
FIFO,2.5886977568180747,4,0.3333333333333333,0.2858800789815952,0.4166666666666667,0.6666666666666667,0.39861093656319485,0.5962369671824987,0.3958333333333333,0.0,13.033826381753965,20000156
FIFO,5.09221475013256,5,0.4166666666666667,0.3499214284620098,0.6666666666666666,0.5833333333333333,0.560086538781579,0.5142050763747906,0.25,0.0,18.391439043765786,20000157
FIFO,5.168322893733061,5,0.4166666666666667,0.3886880886288164,0.5833333333333334,0.5833333333333333,0.5208645355294079,0.5352698567836435,0.25,0.0,17.13322329024165,20000158
FIFO,-1.1877735431506862,2,0.16666666666666666,0.22167649297860634,0.16666666666666666,0.8333333333333334,0.28436624511684044,0.641320019001367,0.5208333333333334,0.0,9.618586473286442,20000159
FIFO,6.5853627352456385,6,0.5,0.5221545096023956,0.5,0.5,0.4901987076316572,0.529071631542407,0.3333333333333333,0.0,17.111556868908348,20000160
FIFO,2.58666090896857,4,0.3333333333333333,0.41361160090777865,0.3333333333333333,0.6666666666666667,0.3502594227876578,0.5785932472717228,0.4166666666666667,0.0,12.198357943260572,20000161
FIFO,-0.730941487912617,2,0.16666666666666666,0.23542090068723226,0.25,0.8333333333333334,0.2923907647416083,0.6144546344630807,0.4166666666666667,0.0,9.67170788907013,20000162
FIFO,4.615259490839232,5,0.4166666666666667,0.4331164538700529,0.4166666666666667,0.5833333333333333,0.4052803708178489,0.543126008411064,0.2916666666666667,0.0,14.47446933975184,20000163
FIFO,6.43912325768483,6,0.5,0.40104299616114286,0.5,0.5,0.49583186070908863,0.5204255750504528,0.2916666666666667,0.0,16.132759301344926,20000164
FIFO,8.44165542406902,7,0.5833333333333334,0.5232611206307994,0.75,0.41666666666666663,0.6233835518212935,0.5121114255698803,0.125,0.0,20.530998564819065,20000165
FIFO,6.992086839551314,6,0.5,0.561484224218373,0.5,0.5,0.5408796495714915,0.5984512929607333,0.3958333333333333,0.0,17.54547151260283,20000166
FIFO,6.540792353121427,6,0.5,0.5180627662852474,0.5833333333333334,0.5,0.48211062574975233,0.4843353153893164,0.125,0.0,17.020893571221638,20000167
FIFO,2.008289442916344,4,0.3333333333333333,0.2623928486172593,0.3333333333333333,0.6666666666666667,0.3234145034551425,0.5603916622873899,0.3958333333333333,0.0,11.178534466385765,20000168
FIFO,9.873844611930547,8,0.6666666666666666,0.5683606350134389,0.6666666666666666,0.33333333333333337,0.5767651726662624,0.5212758988651632,0.22916666666666666,0.0,19.353229829523688,20000169
FIFO,1.0227340857513934,3,0.25,0.32447851650625414,0.25,0.75,0.36218310682936067,0.578608547545372,0.4166666666666667,0.0,11.636968305868107,20000170
FIFO,8.067750792565892,7,0.5833333333333334,0.5500149796122384,0.5833333333333334,0.41666666666666663,0.5458266363998092,0.5070639540056754,0.20833333333333334,0.0,18.24012714635268,20000171
FIFO,5.475205534582433,5,0.4166666666666667,0.4466535088041824,0.6666666666666666,0.5833333333333333,0.5777452432121803,0.5585546218624725,0.2916666666666667,0.0,19.541759676210514,20000172
FIFO,3.0571214086950818,4,0.3333333333333333,0.35144097232182875,0.4166666666666667,0.6666666666666667,0.46233835510337445,0.5643016696509937,0.375,0.0,14.99280392639589,20000173
FIFO,6.622123538116654,6,0.5,0.44304019238979436,0.5833333333333334,0.5,0.5744561014374022,0.530213554295098,0.3125,0.0,17.888555049070412,20000174
FIFO,5.861748997597672,6,0.5,0.41916957594423637,0.5,0.5,0.3601283383696625,0.49686314823212746,0.125,0.0,13.531175716719357,20000175
FIFO,5.947419064819094,6,0.5,0.42843767862560633,0.5,0.5,0.4595413974910842,0.5172151111269933,0.2708333333333333,0.0,15.37604345243747,20000176
FIFO,8.346565088709665,7,0.5833333333333334,0.5507944353001049,0.5833333333333334,0.41666666666666663,0.569475620549016,0.5037069518204843,0.2708333333333333,0.0,18.90287179239602,20000177
FIFO,7.337057982393226,6,0.5,0.5445564181385631,0.5833333333333334,0.5,0.5803956148765684,0.5527176884047932,0.3333333333333333,0.0,19.077456276045517,20000178
FIFO,1.8329161589964498,3,0.25,0.2902875976159536,0.5,0.75,0.4898401261036634,0.5492965565854324,0.3125,0.0,16.879319078398137,20000179
FIFO,4.874326922347048,5,0.4166666666666667,0.36598821674638826,0.5,0.5833333333333333,0.4636278529732631,0.5229513978853856,0.2708333333333333,0.0,15.87440308043389,20000180
FIFO,5.260444746950508,5,0.4166666666666667,0.48619275023976355,0.5833333333333334,0.5833333333333333,0.5162350292765286,0.5355414013781493,0.20833333333333334,0.0,17.190847209368226,20000181
FIFO,2.909205245508403,4,0.3333333333333333,0.3691207245279053,0.3333333333333333,0.6666666666666667,0.41541357317114774,0.6058041917687397,0.4375,0.0,13.811376008542716,20000182
FIFO,0.6226102192479344,3,0.25,0.25620611368804286,0.25,0.75,0.27168114888680844,0.5968927670015902,0.4375,0.0,9.882832480386844,20000183
FIFO,4.425518542655126,5,0.4166666666666667,0.4226778873935647,0.4166666666666667,0.5833333333333333,0.3478738449026126,0.556822506415379,0.3125,0.0,12.882870706768243,20000184
FIFO,4.987931688938275,5,0.4166666666666667,0.4367929521104042,0.5,0.5833333333333333,0.4740543281559236,0.5467712505143248,0.2708333333333333,0.0,15.84858462791013,20000185
FIFO,6.031084833710867,6,0.5,0.4577449160337676,0.5,0.5,0.4395206491632493,0.48054604911154436,0.20833333333333334,0.0,14.895890035920178,20000186
FIFO,2.914863895809628,4,0.3333333333333333,0.33963432627887197,0.3333333333333333,0.6666666666666667,0.38935053297361777,0.5968930942386419,0.4583333333333333,0.0,12.834689637144724,20000187
FIFO,6.762145167440522,6,0.5,0.4743955327942656,0.5833333333333334,0.5,0.5834428019871366,0.5558370143305096,0.25,0.0,18.81631183398851,20000188
FIFO,2.168165958062307,4,0.3333333333333333,0.29217945789075933,0.3333333333333333,0.6666666666666667,0.3136990297664538,0.5710539505750999,0.3958333333333333,0.0,10.819786734755455,20000189
FIFO,8.015367048413484,7,0.5833333333333334,0.5169600136526119,0.5833333333333334,0.41666666666666663,0.5791106918369913,0.5612168641425649,0.3125,0.0,18.577589822879638,20000190
FIFO,16.256999656586395,12,1.0,1.0,1.0,0.0,0.6439461092912521,0.41997833233368187,0.0,0.041666666666666664,22.64249914146598,20000191
FIFO,4.769711642058505,5,0.4166666666666667,0.40176575922513147,0.5,0.5833333333333333,0.4933784404184116,0.5779322778537664,0.375,0.0,15.919225912436197,20000192
FIFO,5.388681784938594,5,0.4166666666666667,0.39369157325025056,0.5833333333333334,0.5833333333333333,0.6450846390749385,0.5448709280817364,0.3125,0.0,20.290501973367373,20000193
FIFO,5.098035404780893,5,0.4166666666666667,0.45851925060022347,0.4166666666666667,0.5833333333333333,0.48094742797299844,0.5953819303953968,0.4375,0.0,15.549967672737061,20000194
FIFO,4.7467049975429365,5,0.4166666666666667,0.4272274738546216,0.4166666666666667,0.5833333333333333,0.41028150385031853,0.5829896177199348,0.4166666666666667,0.0,13.892023714830884,20000195
FIFO,3.7414070601425724,4,0.3333333333333333,0.3502099562425312,0.5833333333333334,0.6666666666666667,0.5473417991222269,0.5570345580976294,0.3125,0.0,18.5547131328373,20000196
FIFO,4.708591578005414,5,0.4166666666666667,0.4181641897938097,0.4166666666666667,0.5833333333333333,0.42232947496982537,0.5532219326324129,0.375,0.0,14.74715702966702,20000197
FIFO,-0.3589579619339607,2,0.16666666666666666,0.25883543223283445,0.3333333333333333,0.8333333333333334,0.3551624797201942,0.5790259960149128,0.3541666666666667,0.0,12.32773054285226,20000198
FIFO,2.2473324684029565,4,0.3333333333333333,0.29061961726802343,0.3333333333333333,0.6666666666666667,0.36226213260459234,0.5915475054376823,0.4375,0.0,11.487118102425839,20000199
FIFO,3.4732997206696776,4,0.3333333333333333,0.4037277281455887,0.4166666666666667,0.6666666666666667,0.4889164272381599,0.5946102050132684,0.4375,0.0,15.397871070203877,20000200
FIFO,4.4655797053681034,5,0.4166666666666667,0.3659296624688238,0.4166666666666667,0.5833333333333333,0.3676671871848802,0.5391829881918064,0.3958333333333333,0.0,12.652258199579853,20000201
FIFO,0.5353598335488821,3,0.25,0.27417299398452255,0.25,0.75,0.34787811456901924,0.63481457657038,0.4791666666666667,0.0,11.040813204087792,20000202
FIFO,3.2801035322011165,4,0.3333333333333333,0.4649051983100761,0.4166666666666667,0.6666666666666667,0.41859470678410143,0.6103368615975499,0.4791666666666667,0.0,13.778832546099473,20000203
FIFO,1.819694982467377,4,0.3333333333333333,0.23656196040439267,0.3333333333333333,0.6666666666666667,0.32117130260882715,0.5305499619014901,0.375,0.0,11.03987709624151,20000204
FIFO,10.417007390612797,8,0.6666666666666666,0.6404439809455803,0.75,0.33333333333333337,0.60634798029089,0.455553911832304,0.08333333333333333,0.0,20.79912043413582,20000205
FIFO,2.9034048820343283,4,0.3333333333333333,0.34501493218886986,0.3333333333333333,0.6666666666666667,0.3478742670798567,0.5941518292072504,0.4166666666666667,0.0,12.023673422115506,20000206
FIFO,2.29843983224326,4,0.3333333333333333,0.2843028215647624,0.3333333333333333,0.6666666666666667,0.3675365527299157,0.5442805561137961,0.3125,0.0,12.135077254884509,20000207
FIFO,3.0893973393728302,4,0.3333333333333333,0.353307138314229,0.4166666666666667,0.6666666666666667,0.46790191917922536,0.5314403561878316,0.2916666666666667,0.0,15.168355937208597,20000208
FIFO,6.441730607935998,6,0.5,0.4411436233621408,0.5,0.5,0.5194993884068712,0.5168672376346009,0.2916666666666667,0.0,17.14298853687374,20000209
FIFO,15.868377390428872,11,0.9166666666666666,0.8964834784118206,0.9166666666666666,0.08333333333333337,0.7182985258346983,0.4374017741942837,0.14583333333333334,0.0,24.77820631692731,20000210
FIFO,3.93943338367444,5,0.4166666666666667,0.36929113555787435,0.4166666666666667,0.5833333333333333,0.3544844920906909,0.4996905350742102,0.20833333333333334,0.0,13.730265039412405,20000211
FIFO,6.596410397072674,6,0.5,0.5803507841308632,0.5,0.5,0.4697572498836027,0.5124792923151972,0.2708333333333333,0.0,16.776137014613514,20000212
FIFO,7.0893177000809136,6,0.5,0.42571913179063414,0.75,0.5,0.6348198120694464,0.4883542281155213,0.20833333333333334,0.0,21.39409787289529,20000213
FIFO,2.8226071924997713,4,0.3333333333333333,0.32338924113434975,0.4166666666666667,0.6666666666666667,0.35637247118160326,0.555844873602202,0.2916666666666667,0.0,13.085351863315951,20000214
FIFO,7.605073688813468,6,0.5,0.5811002228644356,0.5,0.5,0.5601715639400492,0.628098944591457,0.4791666666666667,0.0,18.367210416127328,20000215
FIFO,4.323751879343557,5,0.4166666666666667,0.37195549776631703,0.5,0.5833333333333333,0.4288473719263166,0.48958162595863913,0.22916666666666666,0.0,14.86283771099294,20000216
FIFO,10.453352915159499,8,0.6666666666666666,0.5746505541985121,0.8333333333333334,0.33333333333333337,0.6964359121841895,0.4629816580212441,0.20833333333333334,0.0,22.624324822516257,20000217
FIFO,5.9075745089242,6,0.5,0.4738166046862892,0.5,0.5,0.3980606298681306,0.5512229235248631,0.2916666666666667,0.0,13.991652267318967,20000218
FIFO,2.6608309745970242,4,0.3333333333333333,0.3392636124458794,0.4166666666666667,0.6666666666666667,0.3866833883316761,0.538372782249922,0.22916666666666666,0.0,14.032458225285303,20000219
FIFO,7.5746469759665835,7,0.5833333333333334,0.46550326557727306,0.5833333333333334,0.41666666666666663,0.4096672040053557,0.42785191019050045,0.10416666666666667,0.0,14.752523018569724,20000220
FIFO,9.8104502796334,8,0.6666666666666666,0.5891742132315155,0.6666666666666666,0.33333333333333337,0.621182120032274,0.47248925334583586,0.25,0.0,20.492169861877482,20000221
FIFO,4.12305965159217,5,0.4166666666666667,0.38537853625819857,0.4166666666666667,0.5833333333333333,0.4340442113558824,0.551688485091871,0.375,0.0,13.668783475618675,20000222
FIFO,6.297211246300938,6,0.5,0.4994004387380245,0.5,0.5,0.49751474122330713,0.5749805859550913,0.375,0.0,15.914526012481348,20000223
FIFO,3.0302059631286147,4,0.3333333333333333,0.36363524544521536,0.4166666666666667,0.6666666666666667,0.4600056945280457,0.5322809599055065,0.2708333333333333,0.0,15.15586057561592,20000224
FIFO,8.308263316477358,7,0.5833333333333334,0.5253303255219294,0.6666666666666666,0.41666666666666663,0.6148031419773474,0.5249481971438956,0.16666666666666666,0.0,20.16976368337113,20000225
FIFO,5.66701994991511,5,0.4166666666666667,0.42642194292672286,0.5833333333333334,0.5833333333333333,0.5408987120762743,0.5347599440466172,0.3125,0.0,18.981587402016846,20000226
FIFO,2.8364873966825765,4,0.3333333333333333,0.44472433289448643,0.3333333333333333,0.6666666666666667,0.4505090327340038,0.5751590701586552,0.375,0.0,14.016365779037445,20000227
FIFO,6.656149303528274,6,0.5,0.4887570084237042,0.5833333333333334,0.5,0.5285436310993824,0.539161416669923,0.3125,0.0,18.22520016944143,20000228
FIFO,5.157714589057891,5,0.4166666666666667,0.393973595921058,0.5,0.5833333333333333,0.5776909292803376,0.5376978695863969,0.3541666666666667,0.0,18.932706037874404,20000229
FIFO,8.440034461876273,7,0.5833333333333334,0.47269354173202477,0.6666666666666666,0.41666666666666663,0.573188487321767,0.48844036939540864,0.22916666666666666,0.0,19.300420438276994,20000230
FIFO,6.064972212134098,6,0.5,0.44995873310520984,0.5,0.5,0.5194210180737927,0.5728950230410489,0.3541666666666667,0.0,16.496194239388046,20000231
FIFO,0.4827170704848278,3,0.25,0.19252465881066902,0.3333333333333333,0.75,0.30227867989629736,0.559537074564096,0.375,0.0,11.144512746985303,20000232
FIFO,2.7512433693146043,4,0.3333333333333333,0.310446070405331,0.4166666666666667,0.6666666666666667,0.39542584251680307,0.509729660479588,0.22916666666666666,0.0,13.968180741891919,20000233
FIFO,2.2593798865354344,4,0.3333333333333333,0.2841427386606046,0.3333333333333333,0.6666666666666667,0.2900133164436975,0.5459629503023584,0.375,0.0,10.150484769416378,20000234
FIFO,2.6615869618690606,4,0.3333333333333333,0.3847192321392223,0.4166666666666667,0.6666666666666667,0.3134549329918007,0.5342849160800283,0.1875,0.0,11.939726795443848,20000235
FIFO,12.347251733535572,9,0.75,0.7268915611215374,0.75,0.25,0.6789828237004093,0.49152794230713126,0.22916666666666666,0.0,22.46397841075442,20000236
FIFO,7.858838560304488,6,0.5,0.5269566285586668,0.5833333333333334,0.5,0.6131124756838983,0.5663600361613749,0.375,0.0,20.824394997270076,20000237
FIFO,6.64481569377808,6,0.5,0.41648199890242793,0.5833333333333334,0.5,0.5405640748723649,0.5547580784764218,0.3125,0.0,18.383027596745823,20000238
FIFO,3.7010725701138103,4,0.3333333333333333,0.40247763710513373,0.4166666666666667,0.6666666666666667,0.5323782232348225,0.5991431663016891,0.4166666666666667,0.0,16.597461786361325,20000239
FIFO,2.8939205431598687,4,0.3333333333333333,0.3585262469254129,0.3333333333333333,0.6666666666666667,0.42346682344552833,0.6079832076748141,0.4166666666666667,0.0,13.897002702117533,20000240
FIFO,3.270087947707581,4,0.3333333333333333,0.41056635326621443,0.3333333333333333,0.6666666666666667,0.4055933052532355,0.617140773824906,0.4791666666666667,0.0,13.029808384895217,20000241
FIFO,8.558238193937036,7,0.5833333333333334,0.6541264088881327,0.75,0.41666666666666663,0.5744637753160956,0.49344701161503907,0.08333333333333333,0.0,19.937805782240158,20000242
FIFO,2.411654453480291,4,0.3333333333333333,0.29062996803428304,0.3333333333333333,0.6666666666666667,0.38363589005303217,0.5493298402967279,0.3541666666666667,0.0,12.4807037297886,20000243
FIFO,9.193896025193895,7,0.5833333333333334,0.6300068081526413,0.6666666666666666,0.41666666666666663,0.6008732392697391,0.5263266297433574,0.22916666666666666,0.0,20.576231601700403,20000244
FIFO,7.397956914548722,6,0.5,0.541771831921406,0.5833333333333334,0.5,0.5358142297054448,0.5444953777365198,0.25,0.0,18.678457955450778,20000245
FIFO,6.8615556276293965,6,0.5,0.5178068515936378,0.5833333333333334,0.5,0.5725460782844771,0.5355352405343082,0.2708333333333333,0.0,18.90110061900183,20000246
FIFO,4.814981625858194,5,0.4166666666666667,0.39940676761289906,0.5,0.5833333333333333,0.5010989515111336,0.5639966904828665,0.3958333333333333,0.0,16.828150576489254,20000247
FIFO,17.695278836533717,12,1.0,1.0,1.0,0.0,0.797075922178486,0.4012907856953543,0.0,0.0625,26.23819709133429,20000248
FIFO,8.627540250897944,7,0.5833333333333334,0.4817268913492333,0.6666666666666666,0.41666666666666663,0.6066514795545379,0.5439445361381307,0.2916666666666667,0.0,19.270234530522096,20000249
FIFO,3.0385919243663677,4,0.3333333333333333,0.3937047369934993,0.4166666666666667,0.6666666666666667,0.4187673141935595,0.5782210541742946,0.4375,0.0,14.647778841692404,20000250
FIFO,4.999051864350566,5,0.4166666666666667,0.46453844624558943,0.5,0.5833333333333333,0.45969520814409776,0.5434890280387067,0.3958333333333333,0.0,15.260299769033303,20000251
FIFO,4.595634266981618,5,0.4166666666666667,0.4009374981854122,0.5,0.5833333333333333,0.4802571118449932,0.5297294581232007,0.3333333333333333,0.0,15.332641007001419,20000252
FIFO,4.0566061338983,5,0.4166666666666667,0.3242647821570437,0.4166666666666667,0.5833333333333333,0.40355010633602023,0.5099488846041277,0.3333333333333333,0.0,13.706229920163548,20000253
FIFO,1.2922387591747846,3,0.25,0.3158525891942755,0.3333333333333333,0.75,0.4776347016623659,0.6367151016809084,0.4791666666666667,0.0,14.262373961937742,20000254
FIFO,3.119881126263336,4,0.3333333333333333,0.32779673962170797,0.4166666666666667,0.6666666666666667,0.421572819269505,0.5769391522888433,0.375,0.0,13.831820193209891,20000255
FIFO,1.3301407824254783,3,0.25,0.34863704281865204,0.25,0.75,0.38178284474155677,0.6113797913041342,0.5,0.0,11.722840091073381,20000256
FIFO,0.8715165362635808,3,0.25,0.29891135569174476,0.3333333333333333,0.75,0.33999464992536427,0.5677971039493326,0.3541666666666667,0.0,11.748412834265986,20000257
FIFO,0.3164542335747118,3,0.25,0.270131975502229,0.25,0.75,0.30685503904943834,0.6115574537139383,0.4375,0.0,10.269010884092426,20000258
FIFO,2.855171598876412,4,0.3333333333333333,0.34623353431500303,0.4166666666666667,0.6666666666666667,0.39814371007588073,0.5842629431106688,0.375,0.0,13.301549059205817,20000259
FIFO,1.433873450249326,3,0.25,0.2521093233151514,0.4166666666666667,0.75,0.42705128346042875,0.5763006614473111,0.3541666666666667,0.0,13.942219887195836,20000260
FIFO,1.1538827292399212,3,0.25,0.2425945395186477,0.3333333333333333,0.75,0.47627404254519384,0.640944909658983,0.5208333333333334,0.0,13.847100712314845,20000261
FIFO,2.9396178018278256,4,0.3333333333333333,0.394048645977066,0.3333333333333333,0.6666666666666667,0.44462070652124236,0.6222943582684319,0.4791666666666667,0.0,13.510749251135502,20000262
FIFO,8.026828836912879,7,0.5833333333333334,0.5918722301540047,0.5833333333333334,0.41666666666666663,0.4748248999786064,0.45974323738985684,0.25,0.0,16.392070548488263,20000263
FIFO,1.2755419954813307,3,0.25,0.29561993282977206,0.3333333333333333,0.75,0.3907503987307172,0.6092730350103365,0.4583333333333333,0.0,12.140450732081002,20000264
FIFO,7.607271048503515,7,0.5833333333333334,0.5495213541518219,0.5833333333333334,0.41666666666666663,0.40346782065283215,0.4626474214137053,0.16666666666666666,0.0,15.192100346157874,20000265
FIFO,9.81145014985975,8,0.6666666666666666,0.5540156382072172,0.75,0.33333333333333337,0.6035583219581818,0.4997035898649031,0.0625,0.0,20.060267040227885,20000266
FIFO,2.7023085954837534,4,0.3333333333333333,0.3078335005526833,0.3333333333333333,0.6666666666666667,0.3751679409548947,0.5837836954625794,0.4166666666666667,0.0,12.49817564258097,20000267
FIFO,0.6318878307652147,3,0.25,0.2755372978856628,0.25,0.75,0.3186562281722855,0.6080766296890691,0.4583333333333333,0.0,10.572400416804527,20000268
FIFO,6.874554160661583,6,0.5,0.43820015206106333,0.5833333333333334,0.5,0.6013373765704343,0.531033237977141,0.3333333333333333,0.0,19.05272808961795,20000269
FIFO,5.0780271692250505,5,0.4166666666666667,0.47076892908605933,0.5,0.5833333333333333,0.4453955873209369,0.5105469023363581,0.2708333333333333,0.0,15.851904808253598,20000270
FIFO,10.698370661316766,8,0.6666666666666666,0.6629663141653261,0.6666666666666666,0.33333333333333337,0.5994906549386073,0.4962110129656005,0.2708333333333333,0.0,20.51340437112598,20000271
FIFO,3.6373269074500625,5,0.4166666666666667,0.3288873327734466,0.4166666666666667,0.5833333333333333,0.35864158803449087,0.49763444382054517,0.3333333333333333,0.0,13.015799128354137,20000272
FIFO,9.703405223918939,8,0.6666666666666666,0.5334232317309807,0.6666666666666666,0.33333333333333337,0.6273594790432492,0.4728861797786105,0.22916666666666666,0.0,20.357193812284706,20000273
FIFO,2.742873502510607,4,0.3333333333333333,0.38309098779015466,0.3333333333333333,0.6666666666666667,0.43173873561739945,0.6043246883726655,0.3958333333333333,0.0,13.469030138814729,20000274
FIFO,6.192921329903589,6,0.5,0.4420039841385672,0.5833333333333334,0.5,0.4843135411882576,0.5323233944590425,0.22916666666666666,0.0,17.214146307906955,20000275
FIFO,6.389842229781081,6,0.5,0.4340398643095711,0.5,0.5,0.4455743949242987,0.5042835234196629,0.25,0.0,15.335792716815641,20000276
FIFO,6.169042179070551,6,0.5,0.4236790353457331,0.5,0.5,0.4022355992522007,0.5528671099172316,0.2916666666666667,0.0,14.317346586249101,20000277
FIFO,3.807231093196263,5,0.4166666666666667,0.304207316499351,0.4166666666666667,0.5833333333333333,0.339195423781995,0.5402498489431203,0.3541666666666667,0.0,12.111390620174392,20000278
FIFO,4.3198765737552645,5,0.4166666666666667,0.39867654007595293,0.4166666666666667,0.5833333333333333,0.3514267572306046,0.5560025739757003,0.3125,0.0,13.059326779329954,20000279
FIFO,9.936867137485438,8,0.6666666666666666,0.7394923065997587,0.6666666666666666,0.33333333333333337,0.4943229862130572,0.5015572116301318,0.08333333333333333,0.0,18.073036986500764,20000280
FIFO,2.3833811088272405,4,0.3333333333333333,0.36900678271260495,0.3333333333333333,0.6666666666666667,0.39058786638266113,0.5833297839280274,0.3958333333333333,0.0,12.777742481557524,20000281
FIFO,8.413012772658451,7,0.5833333333333334,0.5187102843336032,0.5833333333333334,0.41666666666666663,0.5585579275194705,0.5304933407774582,0.2916666666666667,0.0,18.730366679614285,20000282
FIFO,7.629570446723271,7,0.5833333333333334,0.515094350441309,0.5833333333333334,0.41666666666666663,0.4624159788189046,0.5170283906895679,0.25,0.0,15.8212409480224,20000283
FIFO,0.896883140294749,3,0.25,0.25479104162970806,0.3333333333333333,0.75,0.3344084203022029,0.5747726031396078,0.4166666666666667,0.0,11.242397774751034,20000284
FIFO,-0.9875608331765187,2,0.16666666666666666,0.2256450767298873,0.25,0.8333333333333334,0.23630308354001983,0.5766656680765581,0.375,0.0,8.691964512628955,20000285
FIFO,1.446245372387371,3,0.25,0.24528664520511137,0.4166666666666667,0.75,0.4265147457264938,0.5702694772441889,0.2916666666666667,0.0,14.054956180268299,20000286
FIFO,10.09864892434616,8,0.6666666666666666,0.7347127548875763,0.6666666666666666,0.33333333333333337,0.543952835631769,0.4906024586836697,0.20833333333333334,0.0,19.96665742819712,20000287
FIFO,3.1475395728497855,4,0.3333333333333333,0.41984863344774137,0.4166666666666667,0.6666666666666667,0.4160168258584996,0.5349179569186008,0.3125,0.0,14.098412898980001,20000288
FIFO,4.557041691835188,5,0.4166666666666667,0.4301543159013219,0.5,0.5833333333333333,0.4315244159010761,0.49840622907979437,0.2708333333333333,0.0,15.863710203905718,20000289
FIFO,8.284869351620863,7,0.5833333333333334,0.47723798679013274,0.5833333333333334,0.41666666666666663,0.5032275189646399,0.5089399113361076,0.1875,0.0,16.85040963663009,20000290
FIFO,6.657850379626508,6,0.5,0.467254503549306,0.6666666666666666,0.5,0.5496553570016449,0.5058505680925757,0.25,0.0,19.224631090742783,20000291
FIFO,0.5864348107546613,3,0.25,0.27390835289695287,0.25,0.75,0.30006031492823587,0.6132281590140892,0.4375,0.0,9.630358565836241,20000292
FIFO,4.3173052837543855,5,0.4166666666666667,0.34869050538266627,0.5,0.5833333333333333,0.41370275031063725,0.5331296466159668,0.2708333333333333,0.0,14.815567248695409,20000293
FIFO,5.1922436582057525,5,0.4166666666666667,0.4475236919913711,0.4166666666666667,0.5833333333333333,0.4696563470315251,0.5763886058084169,0.4166666666666667,0.0,15.954642954128825,20000294
FIFO,2.9281837909316284,4,0.3333333333333333,0.35795540855474195,0.4166666666666667,0.6666666666666667,0.4161135800889287,0.5227934989060735,0.1875,0.0,14.65336430747353,20000295
FIFO,5.048411851364133,5,0.4166666666666667,0.44639343663290343,0.4166666666666667,0.5833333333333333,0.507892398434583,0.5911553262342014,0.4166666666666667,0.0,16.38507207081794,20000296
FIFO,5.852926511366128,6,0.5,0.4408396183908955,0.5,0.5,0.3871096445935674,0.541333554668742,0.25,0.0,13.437413273019565,20000297
FIFO,2.2400068185195288,4,0.3333333333333333,0.30806007892460263,0.3333333333333333,0.6666666666666667,0.356770777725183,0.5762602469750195,0.3541666666666667,0.0,12.24987727556446,20000298
FIFO,5.998362853536495,6,0.5,0.4485934701064739,0.5833333333333334,0.5,0.43119094520324036,0.512267595117164,0.25,0.0,15.487272195233258,20000299
FIFO,7.337488235752193,6,0.5,0.5212296977296778,0.5,0.5,0.5460529470668632,0.5745497573748962,0.3958333333333333,0.0,17.555007645733703,20000300
FIFO,6.31445419291709,6,0.5,0.456308519210552,0.5833333333333334,0.5,0.5390584040979685,0.540061379841898,0.2916666666666667,0.0,18.09272143476015,20000301
FIFO,2.8849423191341934,4,0.3333333333333333,0.3380325490963656,0.3333333333333333,0.6666666666666667,0.34960441857580066,0.5687553154166414,0.4166666666666667,0.0,11.846618548537524,20000302
FIFO,4.566353434196918,5,0.4166666666666667,0.40155292434144785,0.5,0.5833333333333333,0.4909435194644374,0.5117403687330769,0.22916666666666666,0.0,16.03465769833446,20000303
FIFO,12.383997703991088,9,0.75,0.7981192443547285,0.8333333333333334,0.25,0.6877039561096416,0.4764248050188143,0.125,0.0,23.05990373321155,20000304
FIFO,12.872740497762294,10,0.8333333333333334,0.7239989884314109,0.8333333333333334,0.16666666666666663,0.6278824231545173,0.4094431589546102,0.10416666666666667,0.0,22.04204513485201,20000305
FIFO,4.543211022414544,5,0.4166666666666667,0.44326112017206476,0.5,0.5833333333333333,0.4625129977988425,0.5185310275223288,0.2916666666666667,0.0,15.935337028675303,20000306
FIFO,4.664054544928542,5,0.4166666666666667,0.42939769934801336,0.4166666666666667,0.5833333333333333,0.3890155469725765,0.5989752807084697,0.3541666666666667,0.0,13.208231937787007,20000307
FIFO,4.753501554542591,5,0.4166666666666667,0.41772417743713375,0.4166666666666667,0.5833333333333333,0.5099040156819338,0.572385742854587,0.375,0.0,15.615877642052483,20000308
FIFO,5.561692461032238,5,0.4166666666666667,0.4327927290790719,0.5,0.5833333333333333,0.5273469337385529,0.602599815049473,0.4375,0.0,17.275550540205632,20000309
FIFO,5.407687606868399,5,0.4166666666666667,0.5655031803661251,0.5833333333333334,0.5833333333333333,0.5090546107484087,0.5631841181984761,0.3333333333333333,0.0,17.733312740382434,20000310
FIFO,6.500159635683305,6,0.5,0.4656209562957448,0.5833333333333334,0.5,0.4623998304558124,0.539817813724572,0.1875,0.0,16.306325757388606,20000311
FIFO,4.353508836337635,5,0.4166666666666667,0.40139373654147276,0.4166666666666667,0.5833333333333333,0.3601955490112534,0.5481869589354126,0.2916666666666667,0.0,12.96948550555601,20000312
FIFO,4.580351888021052,5,0.4166666666666667,0.34971171017815844,0.5,0.5833333333333333,0.5041003680693369,0.5620367201777715,0.3541666666666667,0.0,16.698327804918954,20000313
FIFO,2.6130027790743737,4,0.3333333333333333,0.3861864920274531,0.3333333333333333,0.6666666666666667,0.40878913225486424,0.6018500072173961,0.4375,0.0,13.05412289043972,20000314
FIFO,0.9456889423266093,3,0.25,0.33672136136893716,0.25,0.75,0.33954881982852064,0.6349442916487408,0.5,0.0,10.821639234099258,20000315
FIFO,6.302393472881976,6,0.5,0.3840501170293662,0.5,0.5,0.4868647549711292,0.5540272104628928,0.3125,0.0,15.289870388951796,20000316
FIFO,8.853141495760077,7,0.5833333333333334,0.5727452185696105,0.6666666666666666,0.41666666666666663,0.55558979901164,0.5232056801546537,0.1875,0.0,19.898454591050537,20000317
FIFO,5.120191987520952,5,0.4166666666666667,0.3933917250854718,0.5,0.5833333333333333,0.5503571033646283,0.580382473258597,0.3958333333333333,0.0,18.152620282916644,20000318
FIFO,1.2337898463774613,3,0.25,0.2712741011119863,0.3333333333333333,0.75,0.3842097105841062,0.6078351235839468,0.4583333333333333,0.0,13.211523037304252,20000319
FIFO,2.450484130009988,4,0.3333333333333333,0.2917618321391388,0.3333333333333333,0.6666666666666667,0.39036112771646225,0.5576998634978159,0.3541666666666667,0.0,12.967837081016821,20000320
FIFO,10.046084722036376,8,0.6666666666666666,0.6023090673013349,0.75,0.33333333333333337,0.5821662062272881,0.4438581372275457,0.125,0.0,20.783004009089815,20000321
FIFO,2.854453056582357,4,0.3333333333333333,0.36232395358582026,0.3333333333333333,0.6666666666666667,0.34573045209104897,0.5590292732496313,0.3333333333333333,0.0,11.935180031085157,20000322
FIFO,2.3467084258607667,4,0.3333333333333333,0.31263921159361147,0.3333333333333333,0.6666666666666667,0.40830991974995695,0.5649154618532729,0.4166666666666667,0.0,13.163072443570869,20000323
FIFO,5.407139325188663,5,0.4166666666666667,0.4238305177785342,0.5833333333333334,0.5833333333333333,0.5830461541527899,0.5139267448154057,0.25,0.0,19.246679689367852,20000324
FIFO,6.492999601002644,6,0.5,0.4896774774693065,0.5833333333333334,0.5,0.5368602313819756,0.5021431333516361,0.16666666666666666,0.0,17.843236262594598,20000325
FIFO,1.2479233902018922,3,0.25,0.2568969333206256,0.3333333333333333,0.75,0.36628373517679486,0.6151470523890394,0.4375,0.0,12.297548167486061,20000326
FIFO,5.6793412079638355,6,0.5,0.39578887155821013,0.5,0.5,0.42021936733451914,0.4876786814940986,0.2708333333333333,0.0,14.908767993087572,20000327
FIFO,6.124879494490841,6,0.5,0.4219123341653012,0.5,0.5,0.49716070591831985,0.5460073730017372,0.3333333333333333,0.0,15.92867111025024,20000328
FIFO,0.7117697348993772,3,0.25,0.26901755680334843,0.25,0.75,0.3214359994280873,0.6085478978700033,0.4375,0.0,10.81877593758831,20000329
FIFO,4.628549407853869,5,0.4166666666666667,0.45545875093450555,0.4166666666666667,0.5833333333333333,0.4110941903777247,0.5346464113780333,0.3333333333333333,0.0,14.149640687950757,20000330
FIFO,10.250710559589189,8,0.6666666666666666,0.6439490441783715,0.75,0.33333333333333337,0.6971873894353294,0.53755898175062,0.20833333333333334,0.0,22.248306996618364,20000331
FIFO,4.736227623592132,5,0.4166666666666667,0.4342066832760749,0.5,0.5833333333333333,0.4640314446051488,0.5074423071470323,0.2916666666666667,0.0,15.432886211312509,20000332
FIFO,2.3255320687484202,4,0.3333333333333333,0.3531933895655246,0.3333333333333333,0.6666666666666667,0.3283686497185991,0.5809525492611004,0.3958333333333333,0.0,11.042621424296572,20000333
FIFO,4.3720467666598495,5,0.4166666666666667,0.36222058512508853,0.4166666666666667,0.5833333333333333,0.4343618976936931,0.5249285494660394,0.3333333333333333,0.0,14.925373146673488,20000334
FIFO,2.6309058535249363,4,0.3333333333333333,0.36511951691801453,0.3333333333333333,0.6666666666666667,0.3635277249635891,0.5872900760509858,0.4166666666666667,0.0,12.699725543327899,20000335
FIFO,2.9927816486644137,4,0.3333333333333333,0.3159343556168435,0.4166666666666667,0.6666666666666667,0.48299447413563273,0.622282831123145,0.4375,0.0,14.117885189601756,20000336
FIFO,6.140011312236464,6,0.5,0.35688533981877163,0.5833333333333334,0.5,0.5785581541448402,0.5305277059438595,0.2916666666666667,0.0,17.98523302226206,20000337
FIFO,6.956644675650754,6,0.5,0.479059936524719,0.6666666666666666,0.5,0.6118397260609797,0.48706720823561817,0.1875,0.0,21.38179344664682,20000338
FIFO,4.871225740931099,5,0.4166666666666667,0.3895979501131781,0.5833333333333334,0.5833333333333333,0.5450321219762487,0.5226243655563252,0.2916666666666667,0.0,17.636098966899493,20000339
FIFO,0.34505315108349865,3,0.25,0.23482379071942422,0.25,0.75,0.28754297688864217,0.6084625524688608,0.4375,0.0,10.187901448088311,20000340
FIFO,8.40574468056231,7,0.5833333333333334,0.5634927736789417,0.5833333333333334,0.41666666666666663,0.552295736283275,0.5428000539371528,0.3125,0.0,18.105244027241994,20000341
FIFO,8.163128280659073,7,0.5833333333333334,0.5897764015890049,0.5833333333333334,0.41666666666666663,0.5236632943602074,0.5375531893740471,0.3333333333333333,0.0,16.352670889322646,20000342
FIFO,4.30862277656189,5,0.4166666666666667,0.3632189058203959,0.4166666666666667,0.5833333333333333,0.38959385171020383,0.5281636990120564,0.3125,0.0,13.208538884184877,20000343
FIFO,0.4832254539563001,3,0.25,0.2744063941393467,0.25,0.75,0.2935526324962984,0.5953939298352487,0.4583333333333333,0.0,10.08137257194564,20000344
FIFO,2.9026208549147956,4,0.3333333333333333,0.28352207401483626,0.4166666666666667,0.6666666666666667,0.4390257137460904,0.5626241104832711,0.4166666666666667,0.0,14.430032018674908,20000345
FIFO,4.667256744706459,5,0.4166666666666667,0.4183738148520028,0.4166666666666667,0.5833333333333333,0.3944472414433641,0.5302619109091601,0.25,0.0,14.662168897110188,20000346
FIFO,6.340199826645348,6,0.5,0.463909214440042,0.5,0.5,0.5246015949482857,0.5425553964628277,0.3125,0.0,16.900194112785574,20000347
FIFO,5.7414989733554025,5,0.4166666666666667,0.442924158903296,0.5833333333333334,0.5833333333333333,0.5836875149717988,0.5668261425182738,0.2916666666666667,0.0,19.431137794226505,20000348
FIFO,15.545854494795291,11,0.9166666666666666,0.9219269724194963,0.9166666666666666,0.08333333333333337,0.6908819744327115,0.47722178818582744,0.020833333333333332,0.0,23.959699207369955,20000349
FIFO,2.8473364738640647,4,0.3333333333333333,0.3567376735212594,0.3333333333333333,0.6666666666666667,0.4118631409086298,0.6183035227483258,0.4166666666666667,0.0,12.595078156578175,20000350
FIFO,4.8602728799792265,5,0.4166666666666667,0.4519394636883647,0.4166666666666667,0.5833333333333333,0.4793000123717073,0.5581365184095206,0.3541666666666667,0.0,15.423731209310919,20000351
FIFO,4.514135886080914,5,0.4166666666666667,0.4539033671278032,0.4166666666666667,0.5833333333333333,0.38685039406393734,0.5624809898603661,0.3333333333333333,0.0,13.650171483997754,20000352
FIFO,3.4641332920232424,4,0.3333333333333333,0.3444818884072137,0.5,0.6666666666666667,0.4975371161548492,0.5310343237099456,0.2916666666666667,0.0,17.858978922152712,20000353
FIFO,1.9110516695837463,4,0.3333333333333333,0.27658925757874137,0.3333333333333333,0.6666666666666667,0.311583615092539,0.52350055494681,0.3125,0.0,11.630376308307952,20000354
FIFO,4.261940893061306,5,0.4166666666666667,0.4526529946366857,0.4166666666666667,0.5833333333333333,0.4465466834175422,0.5585671569270114,0.3541666666666667,0.0,14.345271830945734,20000355
FIFO,5.487876996020579,5,0.4166666666666667,0.5288177163607889,0.5,0.5833333333333333,0.4754646306269721,0.5958450738830946,0.4166666666666667,0.0,16.397993163118606,20000356
FIFO,3.2533388799704532,4,0.3333333333333333,0.4028148402020256,0.4166666666666667,0.6666666666666667,0.37983369421206264,0.5923150759679844,0.3125,0.0,13.424268695181027,20000357
FIFO,13.35800678529499,10,0.8333333333333334,0.8390516884220678,0.8333333333333334,0.16666666666666663,0.6098533865912114,0.4348559110970089,0.0,0.0,22.79537438442097,20000358
FIFO,11.814850982278887,9,0.75,0.6788754769191809,0.75,0.25,0.6399569004084967,0.47443849576789904,0.1875,0.0,22.44657443323576,20000359
FIFO,4.712347143057922,5,0.4166666666666667,0.4440238478283251,0.5,0.5833333333333333,0.4362670431040654,0.500226693924766,0.1875,0.0,15.482178832633926,20000360
FIFO,2.7480102763009686,4,0.3333333333333333,0.3538400837271441,0.3333333333333333,0.6666666666666667,0.39776321340687043,0.5545122244834237,0.3541666666666667,0.0,12.857011812329532,20000361
FIFO,-1.122718826691829,2,0.16666666666666666,0.246761060361836,0.16666666666666666,0.8333333333333334,0.3158383875045679,0.6679174816656048,0.5416666666666666,0.0,9.903681104762157,20000362
FIFO,1.269023999359482,3,0.25,0.22561657070105712,0.4166666666666667,0.75,0.39788358806043905,0.5909416052114351,0.4166666666666667,0.0,13.530993246918936,20000363
FIFO,4.073149923013321,5,0.4166666666666667,0.32404159681234435,0.4166666666666667,0.5833333333333333,0.34887945521257363,0.5269304503307375,0.3333333333333333,0.0,12.538966084059437,20000364
FIFO,0.6194158274514701,3,0.25,0.1995184659685517,0.3333333333333333,0.75,0.2982950392639447,0.5609406651362373,0.3541666666666667,0.0,10.709601429878491,20000365
FIFO,3.533785931032007,4,0.3333333333333333,0.342378211419088,0.4166666666666667,0.6666666666666667,0.4587989743204728,0.5850550621492793,0.375,0.0,15.176283652957286,20000366
FIFO,4.65359317312736,5,0.4166666666666667,0.45235950981829276,0.4166666666666667,0.5833333333333333,0.44912633322813605,0.5536226362170417,0.3541666666666667,0.0,14.593406458880759,20000367
FIFO,2.700506901629133,4,0.3333333333333333,0.3021593734150113,0.5,0.6666666666666667,0.39517233225213383,0.5175672628534036,0.25,0.0,14.14313763314132,20000368
FIFO,2.9209549997919497,4,0.3333333333333333,0.3478224639782159,0.3333333333333333,0.6666666666666667,0.45741395568142734,0.6213425001005769,0.4791666666666667,0.0,14.317520256374932,20000369
FIFO,2.2012030769322504,4,0.3333333333333333,0.3269661149939366,0.3333333333333333,0.6666666666666667,0.3254820537924243,0.5656400258605925,0.3541666666666667,0.0,11.25500819599159,20000370
FIFO,-0.4365123327090381,2,0.16666666666666666,0.22987911944546102,0.3333333333333333,0.8333333333333334,0.40382461759954497,0.6101729515394577,0.4166666666666667,0.0,12.373915366389491,20000371
FIFO,-0.33673420024869216,2,0.16666666666666666,0.2144087635845074,0.3333333333333333,0.8333333333333334,0.37232481765529596,0.6013269638021878,0.4166666666666667,0.0,12.659887936678594,20000372
FIFO,7.771249713062607,7,0.5833333333333334,0.515023283135007,0.6666666666666666,0.41666666666666663,0.5499514035817966,0.48701806126443814,0.20833333333333334,0.0,19.015291040844456,20000373
FIFO,6.35126512321969,6,0.5,0.4822150142770169,0.5,0.5,0.48455745328457994,0.5353603574816387,0.2708333333333333,0.0,16.64717873021358,20000374
FIFO,7.529635478719731,6,0.5,0.5810400581668439,0.5833333333333334,0.5,0.6204566169286065,0.5431935157384237,0.3125,0.0,19.092255920401918,20000375
FIFO,4.5795034666374494,5,0.4166666666666667,0.4765069597863616,0.4166666666666667,0.5833333333333333,0.3655097302153008,0.5453507393607315,0.2708333333333333,0.0,13.30423668539745,20000376
FIFO,2.0668044677188897,4,0.3333333333333333,0.2927332611668368,0.3333333333333333,0.6666666666666667,0.2973740087428198,0.5519903122293498,0.3125,0.0,10.564021100284938,20000377
FIFO,4.974684843601413,5,0.4166666666666667,0.4618616657267609,0.4166666666666667,0.5833333333333333,0.4141270207055046,0.5537754728833536,0.375,0.0,14.204793517708694,20000378
FIFO,5.600626135256218,5,0.4166666666666667,0.502899729183351,0.6666666666666666,0.5833333333333333,0.5532546586645523,0.5211742500574471,0.14583333333333334,0.0,18.92662215030835,20000379
FIFO,6.309372618343378,6,0.5,0.43725298204738794,0.5833333333333334,0.5,0.5472708105110667,0.5247623340938847,0.2708333333333333,0.0,18.051555093913223,20000380
FIFO,-1.1340586652030602,2,0.16666666666666666,0.16004906159263693,0.25,0.8333333333333334,0.3362987262622335,0.5900128354544495,0.4583333333333333,0.0,10.601504391508987,20000381
FIFO,12.135272981209656,9,0.75,0.6915815296458206,0.9166666666666666,0.25,0.7022609876681924,0.49058239321420194,0.0625,0.0,23.772279936495174,20000382
FIFO,3.9799911210478474,5,0.4166666666666667,0.3614655195280769,0.4166666666666667,0.5833333333333333,0.3858945992725973,0.5546481812109323,0.3333333333333333,0.0,12.861018848552648,20000383
FIFO,6.61635576637504,6,0.5,0.49539425966271716,0.5,0.5,0.45315693811597973,0.5250755447201161,0.3333333333333333,0.0,15.738016988046375,20000384
FIFO,4.13271338848606,5,0.4166666666666667,0.33904264955843216,0.5,0.5833333333333333,0.4078564004384155,0.5049385261802511,0.20833333333333334,0.0,13.831334562183061,20000385
FIFO,2.5717233921357714,4,0.3333333333333333,0.3219314541845166,0.3333333333333333,0.6666666666666667,0.3892400376240078,0.5640016753188489,0.3958333333333333,0.0,12.673650830955937,20000386
FIFO,8.764166344542385,7,0.5833333333333334,0.5931560139536081,0.6666666666666666,0.41666666666666663,0.6537668779527314,0.5037844875336752,0.25,0.0,21.438596343876863,20000387
FIFO,11.794415641634808,9,0.75,0.6934972301702103,0.8333333333333334,0.25,0.6670090836704313,0.48049953771541015,0.08333333333333333,0.0,22.575213826069096,20000388
FIFO,8.626783152600135,7,0.5833333333333334,0.5143239075767503,0.6666666666666666,0.41666666666666663,0.6463081619098489,0.5670887907718695,0.3333333333333333,0.0,21.1132598411246,20000389
FIFO,7.554733114470071,6,0.5,0.5445290389715159,0.6666666666666666,0.5,0.5857467710795377,0.5264709194454008,0.2916666666666667,0.0,19.540967133848643,20000390
FIFO,6.595926851803968,6,0.5,0.49386802596453633,0.5833333333333334,0.5,0.5532536594278464,0.5619739893307789,0.3541666666666667,0.0,18.824391652099365,20000391
FIFO,6.703690555459186,6,0.5,0.42209781696007975,0.6666666666666666,0.5,0.5967218596124221,0.48528410881240913,0.20833333333333334,0.0,19.669004751262644,20000392
FIFO,2.838217818756779,4,0.3333333333333333,0.35593793455702627,0.3333333333333333,0.6666666666666667,0.39625085485889433,0.5835704623644913,0.3958333333333333,0.0,12.445164522497766,20000393
FIFO,2.815608193186071,4,0.3333333333333333,0.3137119494773412,0.3333333333333333,0.6666666666666667,0.4290784231589937,0.5873402572857044,0.4375,0.0,13.732256927278096,20000394
FIFO,7.093628360258657,6,0.5,0.4801776271753039,0.6666666666666666,0.5,0.5856773420784985,0.546532242073299,0.22916666666666666,0.0,18.86543093445013,20000395
FIFO,0.358095878436516,3,0.25,0.2817521798499156,0.25,0.75,0.28637352118546217,0.5653324525333047,0.4166666666666667,0.0,10.208698121592906,20000396
FIFO,11.832578805839333,9,0.75,0.6843279683119,0.8333333333333334,0.25,0.5593004800215436,0.47708792814247064,0.14583333333333334,0.0,20.926480550584778,20000397
FIFO,9.332497635150697,8,0.6666666666666666,0.528596576151424,0.75,0.33333333333333337,0.5513068868203109,0.4827304997997399,0.10416666666666667,0.0,19.00397678238318,20000398
FIFO,0.1233475101849999,3,0.25,0.2431509489318674,0.25,0.75,0.2949135235536911,0.6226049783803748,0.4791666666666667,0.0,10.178129730623667,20000399
FIFO,3.9519366998997087,5,0.4166666666666667,0.39818773210904584,0.4166666666666667,0.5833333333333333,0.3752019404985272,0.5411822441697844,0.3125,0.0,12.320430323964148,20000400
FIFO,5.100282697277988,5,0.4166666666666667,0.4112488246968895,0.4166666666666667,0.5833333333333333,0.42036632893401693,0.5784872719144335,0.4166666666666667,0.0,14.353261648910973,20000401
FIFO,-0.7210573384742949,2,0.16666666666666666,0.20410072210536756,0.25,0.8333333333333334,0.29914492905171836,0.6104531868354103,0.4583333333333333,0.0,9.99678790587637,20000402
FIFO,2.558244435094938,4,0.3333333333333333,0.30517314099253373,0.3333333333333333,0.6666666666666667,0.3985598312068843,0.5816054258406448,0.4166666666666667,0.0,12.944533552733159,20000403
FIFO,0.7993257039306743,3,0.25,0.31674030669877185,0.25,0.75,0.27130556870097605,0.6162842202610349,0.4583333333333333,0.0,8.770567895098473,20000404
FIFO,0.7039992624340998,3,0.25,0.24797362582589905,0.25,0.75,0.26958746606225853,0.5819804945871058,0.4375,0.0,9.801626831970738,20000405
FIFO,9.01328797673255,7,0.5833333333333334,0.5660012275838145,0.6666666666666666,0.41666666666666663,0.6254703055801211,0.5556496363860233,0.25,0.0,20.11316864894288,20000406
FIFO,6.635705085540028,6,0.5,0.45639395204293026,0.5833333333333334,0.5,0.603641029024209,0.5243889161154492,0.2708333333333333,0.0,19.142687010454477,20000407
FIFO,4.2364818818919945,5,0.4166666666666667,0.42563893402044234,0.4166666666666667,0.5833333333333333,0.36606465493024537,0.5101272330708222,0.20833333333333334,0.0,14.074508329602825,20000408
FIFO,6.486827425622412,6,0.5,0.42130684815854774,0.5833333333333334,0.5,0.5822360699933476,0.541405991032356,0.3541666666666667,0.0,17.73393115562555,20000409
FIFO,8.277131384638066,7,0.5833333333333334,0.5993931215742342,0.5833333333333334,0.41666666666666663,0.512594635008853,0.5019690790817254,0.25,0.0,18.07350891799498,20000410
FIFO,4.6300516905589415,5,0.4166666666666667,0.37525514126899634,0.5,0.5833333333333333,0.4495734011646288,0.5140998791247332,0.25,0.0,15.444131258334524,20000411
FIFO,4.763863375971303,5,0.4166666666666667,0.42217627874380903,0.4166666666666667,0.5833333333333333,0.43920203598577706,0.5734833352025814,0.3333333333333333,0.0,14.964843498557002,20000412
FIFO,4.5131080503711765,5,0.4166666666666667,0.4139944646448978,0.5,0.5833333333333333,0.4373908795171781,0.5097202451345618,0.20833333333333334,0.0,15.555959431805409,20000413
FIFO,3.840151419053128,5,0.4166666666666667,0.32368789727558656,0.4166666666666667,0.5833333333333333,0.42115276239098764,0.5630828064819355,0.3958333333333333,0.0,13.889023833881035,20000414
FIFO,6.568405770968418,6,0.5,0.507195391650082,0.5,0.5,0.5392658399355015,0.5639443390820493,0.3125,0.0,17.08311467970609,20000415
FIFO,2.741851047278897,4,0.3333333333333333,0.3962695966305475,0.3333333333333333,0.6666666666666667,0.3555612926002267,0.5984702968546421,0.3958333333333333,0.0,12.200945759510697,20000416
FIFO,2.4850885474433966,4,0.3333333333333333,0.3566065944753734,0.3333333333333333,0.6666666666666667,0.4090387474190001,0.5777861558414391,0.3958333333333333,0.0,13.214012905495482,20000417
FIFO,8.062610432327268,7,0.5833333333333334,0.5541553052116788,0.6666666666666666,0.41666666666666663,0.5499401187625667,0.4616625158900076,0.14583333333333334,0.0,19.1606794787641,20000418
FIFO,-0.7240280271524524,2,0.16666666666666666,0.2472033648981628,0.25,0.8333333333333334,0.26062983166997283,0.6244954994136759,0.4375,0.0,8.7408907998164,20000419
FIFO,13.754637165014172,10,0.8333333333333334,0.7204615349111363,0.9166666666666666,0.16666666666666663,0.7211775728039552,0.4928938058817877,0.16666666666666666,0.0,23.834390687486128,20000420
FIFO,1.2639814275822001,3,0.25,0.2816991448528993,0.3333333333333333,0.75,0.3337361703691155,0.5977711500079982,0.3958333333333333,0.0,11.446234231079165,20000421
FIFO,6.232907128661136,6,0.5,0.42529660799996244,0.5833333333333334,0.5,0.4439107274050573,0.4590892766650116,0.08333333333333333,0.0,16.728328073532246,20000422
FIFO,3.173641193347355,4,0.3333333333333333,0.42896114210271874,0.5,0.6666666666666667,0.4273987713274227,0.545503593297136,0.16666666666666666,0.0,15.486449298893705,20000423
FIFO,3.3681604618056915,4,0.3333333333333333,0.3551593247751601,0.5,0.6666666666666667,0.41414764680446553,0.5514838842713831,0.3541666666666667,0.0,14.913276019528059,20000424
FIFO,0.3886095628255841,3,0.25,0.23687064632571414,0.25,0.75,0.3221755354152243,0.5641234866646903,0.375,0.0,10.538203753835262,20000425
FIFO,7.640450161400647,7,0.5833333333333334,0.45420122155881976,0.5833333333333334,0.41666666666666663,0.5524975074949855,0.5240300923412997,0.3125,0.0,17.501176005026853,20000426
FIFO,12.044162138595341,9,0.75,0.6671671072217922,0.75,0.25,0.6136285380838529,0.49386200319806184,0.20833333333333334,0.0,20.9645503485244,20000427
FIFO,10.621091733086539,8,0.6666666666666666,0.5901318185334194,0.75,0.33333333333333337,0.6645023621674608,0.5150956826625017,0.22916666666666666,0.0,21.899634870372637,20000428
FIFO,9.510670944917445,8,0.6666666666666666,0.5386537195531376,0.75,0.33333333333333337,0.5848964722735769,0.49651864905609805,0.16666666666666666,0.0,18.78236982557245,20000429
FIFO,5.8281413396030715,6,0.5,0.49317847579300944,0.5,0.5,0.4319057205700005,0.5532217611987386,0.375,0.0,13.57959681371868,20000430
FIFO,6.196833415845461,6,0.5,0.4391548553557244,0.5,0.5,0.4442302455307896,0.5112492337676657,0.20833333333333334,0.0,16.043175526807527,20000431
FIFO,6.957284916780349,6,0.5,0.4901152507008994,0.6666666666666666,0.5,0.5855035743445471,0.5332001535002368,0.2708333333333333,0.0,19.301711250260563,20000432
FIFO,2.9144962967747583,4,0.3333333333333333,0.3211635549695533,0.4166666666666667,0.6666666666666667,0.45297692885588403,0.5778639821626598,0.375,0.0,14.864437027114317,20000433
FIFO,6.156879060268521,6,0.5,0.43384476438361136,0.5,0.5,0.47744716909620816,0.5562286642053633,0.3333333333333333,0.0,15.753443594297336,20000434
FIFO,11.116553601776317,8,0.6666666666666666,0.7049662863119643,0.75,0.33333333333333337,0.6699857571098337,0.5231231987610264,0.2708333333333333,0.0,22.126465453175236,20000435
FIFO,12.685941364216008,9,0.75,0.7885806441349171,0.8333333333333334,0.25,0.6605780530451167,0.5001320359287016,0.14583333333333334,0.0,23.307976295814324,20000436
FIFO,6.840601210245371,6,0.5,0.5200764369062464,0.5833333333333334,0.5,0.5258000103789494,0.5705056093247642,0.375,0.0,17.767255930853075,20000437
FIFO,1.829130460984561,4,0.3333333333333333,0.24402609864210809,0.3333333333333333,0.6666666666666667,0.281899587689302,0.5354854860950202,0.3541666666666667,0.0,9.847665746749051,20000438
FIFO,2.78093735306199,4,0.3333333333333333,0.3089200687388645,0.3333333333333333,0.6666666666666667,0.38533092593138135,0.5652094971203384,0.375,0.0,12.917356583197135,20000439
FIFO,7.5371132111375765,7,0.5833333333333334,0.5670215153263057,0.5833333333333334,0.41666666666666663,0.45252230658467757,0.5124338235949505,0.14583333333333334,0.0,16.234776892930203,20000440
FIFO,0.5150827524381825,3,0.25,0.24184579241544354,0.25,0.75,0.26426717015460577,0.6122713221251478,0.4791666666666667,0.0,8.441423629340342,20000441
FIFO,11.49350714216631,9,0.75,0.6645083343087866,0.75,0.25,0.6206972453738455,0.4770914823416243,0.16666666666666666,0.0,20.084373378247477,20000442
FIFO,9.143195446648722,7,0.5833333333333334,0.553466132461795,0.6666666666666666,0.41666666666666663,0.6335647808308864,0.5647601183463352,0.3125,0.0,21.02792226169839,20000443
FIFO,2.662619664283623,4,0.3333333333333333,0.285101550989497,0.4166666666666667,0.6666666666666667,0.4111540198124977,0.5269619647393702,0.3333333333333333,0.0,14.510617031625511,20000444
FIFO,5.018031868284159,5,0.4166666666666667,0.41345445523084423,0.5,0.5833333333333333,0.4597258555751518,0.5281186912217772,0.20833333333333334,0.0,15.744058454486796,20000445
FIFO,3.4182983167269736,4,0.3333333333333333,0.3963115587598782,0.4166666666666667,0.6666666666666667,0.4751518298673387,0.5815272184657335,0.375,0.0,14.601704437670426,20000446
FIFO,3.2374557475759236,4,0.3333333333333333,0.3539726897189089,0.3333333333333333,0.6666666666666667,0.3977523191724061,0.6111847680932461,0.4791666666666667,0.0,12.733059414289784,20000447
FIFO,6.832923408607973,6,0.5,0.48228574751223385,0.5833333333333334,0.5,0.5807183835522245,0.568244024415204,0.3541666666666667,0.0,18.4589859969808,20000448
FIFO,4.331486485713635,5,0.4166666666666667,0.4218489573760686,0.4166666666666667,0.5833333333333333,0.41758247692587386,0.515942537402279,0.2916666666666667,0.0,13.952019510056108,20000449
FIFO,4.798533527239497,5,0.4166666666666667,0.394869874193894,0.4166666666666667,0.5833333333333333,0.5032465041716571,0.6090481998577358,0.4583333333333333,0.0,15.69922709259156,20000450
FIFO,6.272742159379865,6,0.5,0.4774197688430184,0.5,0.5,0.48600054254620845,0.5214400442582557,0.3125,0.0,15.817060100676986,20000451
FIFO,5.68613365060682,5,0.4166666666666667,0.4465279065882935,0.5,0.5833333333333333,0.598494020308087,0.5737562238829615,0.3541666666666667,0.0,18.83177007749509,20000452
FIFO,-1.0957501202505222,2,0.16666666666666666,0.20995310806147044,0.16666666666666666,0.8333333333333334,0.24483252543807962,0.6459367472821654,0.5208333333333334,0.0,8.02022623776628,20000453
FIFO,2.7150322979254957,4,0.3333333333333333,0.3670044133663657,0.3333333333333333,0.6666666666666667,0.37478972375590164,0.5868919553708594,0.4166666666666667,0.0,12.435965431048338,20000454
FIFO,4.666641474768007,5,0.4166666666666667,0.39346603425353954,0.5,0.5833333333333333,0.47896153296383276,0.551922027950432,0.3333333333333333,0.0,15.69758954762992,20000455
FIFO,8.340313099054715,7,0.5833333333333334,0.5812553297569331,0.5833333333333334,0.41666666666666663,0.5064903730966891,0.552414498353558,0.2708333333333333,0.0,17.159857231373802,20000456
FIFO,1.051036233913719,3,0.25,0.20046903617228126,0.4166666666666667,0.75,0.3699042558371937,0.5261124276850303,0.2708333333333333,0.0,12.861563604814368,20000457
FIFO,0.9780735590358711,3,0.25,0.27442629669540836,0.25,0.75,0.3727450000483908,0.6455701093648203,0.5,0.0,11.738848897231602,20000458
FIFO,7.314913640579718,6,0.5,0.5071408156879009,0.6666666666666666,0.5,0.6614995732012575,0.5557393265896529,0.3125,0.0,20.69011956651687,20000459
FIFO,9.901176291063397,8,0.6666666666666666,0.6153408219607238,0.6666666666666666,0.33333333333333337,0.6043507582179394,0.4632051298445015,0.22916666666666666,0.0,20.454963757701712,20000460
FIFO,4.979197754943652,5,0.4166666666666667,0.3685511013713021,0.5,0.5833333333333333,0.5575133600855114,0.5742228765145648,0.375,0.0,16.413973501675372,20000461
FIFO,12.094719756750997,9,0.75,0.6439030152677974,0.8333333333333334,0.25,0.6893039191458187,0.4911252425291052,0.16666666666666666,0.0,23.450416791880414,20000462
FIFO,8.753960439761952,7,0.5833333333333334,0.4987285163881384,0.6666666666666666,0.41666666666666663,0.5885682707496093,0.4945785584637714,0.14583333333333334,0.0,19.744065846851672,20000463
FIFO,0.9995865119641909,3,0.25,0.2855633923989517,0.3333333333333333,0.75,0.3523442739689176,0.5852054106113961,0.4375,0.0,12.602336473841339,20000464
FIFO,6.12767794273387,6,0.5,0.47130215835346173,0.5,0.5,0.49770231453842567,0.5095629334513746,0.2916666666666667,0.0,16.5254800008224,20000465
FIFO,2.567198966624405,4,0.3333333333333333,0.3254030250092399,0.3333333333333333,0.6666666666666667,0.3542651824315512,0.5233493720737242,0.2916666666666667,0.0,13.184884447467695,20000466
FIFO,6.401588967318755,6,0.5,0.4550804429299565,0.6666666666666666,0.5,0.4939029771328542,0.4423437944524155,0.08333333333333333,0.0,17.50173658643996,20000467
FIFO,4.112745092363975,5,0.4166666666666667,0.41262897550347394,0.4166666666666667,0.5833333333333333,0.37764959077660537,0.5495593445430673,0.3541666666666667,0.0,13.259514745760377,20000468
FIFO,4.572408995298,5,0.4166666666666667,0.4253512445259679,0.4166666666666667,0.5833333333333333,0.36051621257159283,0.5587861090042305,0.2708333333333333,0.0,13.079034042655653,20000469
FIFO,7.661747869944403,7,0.5833333333333334,0.49383125089694857,0.6666666666666666,0.41666666666666663,0.5104384681198152,0.504590291074881,0.10416666666666667,0.0,18.44345358661961,20000470
FIFO,7.4251873831289394,6,0.5,0.5688538421991964,0.5833333333333334,0.5,0.6201077785476382,0.5563004434162098,0.3541666666666667,0.0,19.763930628702457,20000471
FIFO,8.183834501182343,7,0.5833333333333334,0.4961069526370731,0.5833333333333334,0.41666666666666663,0.5118776142616519,0.5085579605508559,0.20833333333333334,0.0,16.745668323284914,20000472
FIFO,8.543591976978604,7,0.5833333333333334,0.5182849105257306,0.75,0.41666666666666663,0.5783965464430317,0.4959387685750376,0.041666666666666664,0.0,20.881541586872874,20000473
FIFO,4.8482761373330145,5,0.4166666666666667,0.3941320528139591,0.5,0.5833333333333333,0.5325362614505743,0.5292181720258294,0.25,0.0,17.455280873952812,20000474
FIFO,5.258614344778824,5,0.4166666666666667,0.45267862691094307,0.5,0.5833333333333333,0.516398486657724,0.5647647827602063,0.4166666666666667,0.0,16.35465158353196,20000475
FIFO,3.464984605323055,4,0.3333333333333333,0.45398160762556294,0.5,0.6666666666666667,0.42651821385346417,0.5450389921968385,0.20833333333333334,0.0,15.867870758207305,20000476
FIFO,5.006527246229091,5,0.4166666666666667,0.4741597098765435,0.4166666666666667,0.5833333333333333,0.43529859924803654,0.5616959429764546,0.2916666666666667,0.0,15.335884579851268,20000477
FIFO,3.300279719299497,4,0.3333333333333333,0.36316441265581123,0.4166666666666667,0.6666666666666667,0.5059789845448769,0.5639821393202599,0.375,0.0,16.539365970012295,20000478
FIFO,2.0683253376644366,4,0.3333333333333333,0.26929784663273393,0.3333333333333333,0.6666666666666667,0.3611527658779415,0.5509009097262193,0.3541666666666667,0.0,11.91452492167141,20000479
FIFO,8.397147905714101,7,0.5833333333333334,0.426162996085342,0.6666666666666666,0.41666666666666663,0.6437966414138738,0.539404748003435,0.2916666666666667,0.0,21.32085210243291,20000480
FIFO,11.497610065482121,9,0.75,0.658871905901925,0.75,0.25,0.556719084684207,0.4345801416610313,0.041666666666666664,0.0,20.759507643193018,20000481
FIFO,3.199247886807772,4,0.3333333333333333,0.3762638613002907,0.3333333333333333,0.6666666666666667,0.3725654565568381,0.6109809436472561,0.5,0.0,12.633027855403173,20000482
FIFO,10.197943537642606,8,0.6666666666666666,0.5932334296776478,0.75,0.33333333333333337,0.5896147984492947,0.43979887579102944,0.125,0.0,20.572447541785532,20000483
FIFO,0.7753703543763848,3,0.25,0.2177127328778456,0.3333333333333333,0.75,0.34624109558226435,0.5928583860457218,0.4166666666666667,0.0,11.653581597614615,20000484
FIFO,2.2633819692683605,4,0.3333333333333333,0.3054004439745119,0.3333333333333333,0.6666666666666667,0.3253283066033133,0.5460922714622929,0.3125,0.0,11.676331921272563,20000485
FIFO,6.093077545930177,6,0.5,0.4430838328208123,0.5,0.5,0.4794221517358653,0.5538480804796463,0.3333333333333333,0.0,16.53964575752737,20000486
FIFO,3.952428488083978,4,0.3333333333333333,0.38640284131217034,0.5833333333333334,0.6666666666666667,0.5205639076832401,0.5306864425070306,0.25,0.0,17.971074958332345,20000487
FIFO,7.19527785281239,6,0.5,0.4997231481083647,0.5833333333333334,0.5,0.5229952951369544,0.5260643508576114,0.2916666666666667,0.0,18.544995659967267,20000488
FIFO,4.805701822699391,5,0.4166666666666667,0.3783606623678341,0.5,0.5833333333333333,0.4597239973605178,0.5264861285935708,0.2708333333333333,0.0,14.870226483259344,20000489
FIFO,3.451213303348026,4,0.3333333333333333,0.40002445746222903,0.5,0.6666666666666667,0.4228655636888143,0.581521242426294,0.22916666666666666,0.0,15.62253246021454,20000490
FIFO,7.977274950559728,7,0.5833333333333334,0.43184582816923767,0.5833333333333334,0.41666666666666663,0.5204278352477058,0.5241277700478278,0.2708333333333333,0.0,17.693045903796797,20000491
FIFO,8.574339996887892,7,0.5833333333333334,0.5734318370277468,0.5833333333333334,0.41666666666666663,0.5413636129882323,0.5574947738594579,0.3541666666666667,0.0,18.379486490184703,20000492
FIFO,0.6969498536926491,3,0.25,0.28145930826905396,0.25,0.75,0.29489772900058603,0.6293244436409481,0.4583333333333333,0.0,9.68289820697031,20000493
FIFO,4.560887232567705,5,0.4166666666666667,0.34410033280604907,0.5833333333333334,0.5833333333333333,0.5078354128499082,0.5075036108943003,0.22916666666666666,0.0,16.62208391055504,20000494
FIFO,2.71462587273812,4,0.3333333333333333,0.31284466114896226,0.4166666666666667,0.6666666666666667,0.34889352556578396,0.5434497507528121,0.22916666666666666,0.0,12.208391046564104,20000495
FIFO,10.624211436377706,8,0.6666666666666666,0.6784883997068463,0.75,0.33333333333333337,0.6680666004914664,0.49214859472654365,0.20833333333333334,0.0,21.758787682219765,20000496
FIFO,7.690873842433078,7,0.5833333333333334,0.4868292631624351,0.5833333333333334,0.41666666666666663,0.44943255359732115,0.5101944503280184,0.1875,0.0,15.51089564488224,20000497
FIFO,2.5104674174252555,4,0.3333333333333333,0.3286749308867677,0.3333333333333333,0.6666666666666667,0.3185291088860691,0.5620724427737546,0.375,0.0,10.66206609185262,20000498
FIFO,1.0490725636274298,3,0.25,0.28989057136558755,0.3333333333333333,0.75,0.3314576610040191,0.5875811477952058,0.375,0.0,11.474145621759442,20000499
EDF,3.653021304895849,4,0.3333333333333333,0.47766505069886805,0.4166666666666667,0.6666666666666667,0.4792046139602684,0.630417183429261,0.5,0.0,15.375772604433404,20000000
EDF,6.475654359634666,6,0.5,0.4995985058522727,0.5,0.5,0.5572233650640197,0.5315304215752664,0.3125,0.0,17.829213858254636,20000001
EDF,10.050624823355827,8,0.6666666666666666,0.5812218443470323,0.6666666666666666,0.33333333333333337,0.6707839651831752,0.5519053382188175,0.25,0.0,21.421154597375427,20000002
EDF,1.228420486768857,3,0.25,0.347761324803409,0.3333333333333333,0.75,0.35660223912594985,0.5754148294783107,0.3958333333333333,0.0,12.288458105762142,20000003
EDF,4.599319548665196,5,0.4166666666666667,0.43454278446024885,0.5,0.5833333333333333,0.39765757838168075,0.4743890405512126,0.020833333333333332,0.0,14.680891783919666,20000004
EDF,6.848646346786072,6,0.5,0.47346947646932513,0.5833333333333334,0.5,0.49471544983965016,0.5238875965634301,0.25,0.0,16.86296503984876,20000005
EDF,3.140453756398956,4,0.3333333333333333,0.3241569101709085,0.4166666666666667,0.6666666666666667,0.44018257158741275,0.5835884136611185,0.4166666666666667,0.0,14.158843028993871,20000006
EDF,0.7368265257898878,3,0.25,0.2998453018333063,0.25,0.75,0.30979823038679244,0.6309350974212135,0.4791666666666667,0.0,10.471273528453336,20000007
EDF,0.6306605377743821,3,0.25,0.2627025602466154,0.25,0.75,0.2717369472101771,0.5820092806991003,0.4166666666666667,0.0,10.123430639176004,20000008
EDF,8.188579234294437,7,0.5833333333333334,0.5247992697611118,0.5833333333333334,0.41666666666666663,0.4893259881584691,0.5326108589111109,0.20833333333333334,0.0,16.747347182120386,20000009
EDF,6.102153842037064,6,0.5,0.4012906788711948,0.5,0.5,0.43751509410044537,0.4986219912771787,0.2708333333333333,0.0,15.16524625755354,20000010
EDF,10.197058323789394,8,0.6666666666666666,0.6935535006205038,0.6666666666666666,0.33333333333333337,0.5549581511549077,0.5135787239296671,0.20833333333333334,0.0,19.17588703547596,20000011
EDF,6.34062449472815,6,0.5,0.49831388017641126,0.5,0.5,0.4990227624476263,0.5594347809779634,0.3125,0.0,16.340148346367727,20000012
EDF,4.6585930431703595,5,0.4166666666666667,0.4361444813122128,0.4166666666666667,0.5833333333333333,0.39511027049690345,0.5541111708747751,0.3125,0.0,13.560432337889734,20000013
EDF,2.7390999923514894,4,0.3333333333333333,0.3225803743451916,0.4166666666666667,0.6666666666666667,0.3811571400948062,0.5788745523195384,0.3333333333333333,0.0,13.158528437341516,20000014
EDF,9.429531264205082,7,0.5833333333333334,0.6402934704415915,0.6666666666666666,0.41666666666666663,0.6333346869639,0.5590464455892207,0.3958333333333333,0.0,21.1898654816586,20000015
EDF,4.443142540066032,5,0.4166666666666667,0.38991957505390845,0.5,0.5833333333333333,0.3955758282759927,0.5322992360612778,0.22916666666666666,0.0,14.40336378999432,20000016
EDF,4.580755573402595,5,0.4166666666666667,0.4822242784662905,0.4166666666666667,0.5833333333333333,0.39673589803540343,0.565683809559571,0.3125,0.0,13.927853763869544,20000017
EDF,3.200771328540692,4,0.3333333333333333,0.37021668323574364,0.3333333333333333,0.6666666666666667,0.4690319188272752,0.6286913761345507,0.4583333333333333,0.0,14.082622953427244,20000018
EDF,13.918012406765504,10,0.8333333333333334,0.7396780880466102,0.8333333333333334,0.16666666666666663,0.6776384515195196,0.49207777216171783,0.22916666666666666,0.0,23.187777330742712,20000019
EDF,4.561291422052204,5,0.4166666666666667,0.41915906954344834,0.4166666666666667,0.5833333333333333,0.4493401237481464,0.5587476102191052,0.3333333333333333,0.0,14.779671476765984,20000020
EDF,11.758760552292074,9,0.75,0.7184121853642539,0.75,0.25,0.5622328249915116,0.4323007249841047,0.0625,0.0,20.568661055702233,20000021
EDF,-1.374823901992107,2,0.16666666666666666,0.23752505706580673,0.16666666666666666,0.8333333333333334,0.22225688796022766,0.6028346738130974,0.4583333333333333,0.0,7.401506702453195,20000022
EDF,6.500467929488373,6,0.5,0.4733585102469664,0.5,0.5,0.46477877757598174,0.5576990699243147,0.3541666666666667,0.0,15.533605761092872,20000023
EDF,12.432199064720173,9,0.75,0.7185850339755308,0.75,0.25,0.6905428645226278,0.5003746944287095,0.22916666666666666,0.0,22.43120857021454,20000024
EDF,2.5883684979065036,4,0.3333333333333333,0.3239837220828751,0.3333333333333333,0.6666666666666667,0.36402851487985294,0.5991430090800335,0.4166666666666667,0.0,11.952628231060414,20000025
EDF,6.069633829643287,6,0.5,0.49070610319293706,0.5,0.5,0.47505178610862747,0.549250738215931,0.3541666666666667,0.0,15.082947592624125,20000026
EDF,3.4351327486322383,5,0.4166666666666667,0.2930756051336161,0.4166666666666667,0.5833333333333333,0.38631500564924176,0.5337454005571562,0.3333333333333333,0.0,12.650245294816832,20000027
EDF,7.7765297473984365,7,0.5833333333333334,0.5300564240483335,0.5833333333333334,0.41666666666666663,0.5039991091200092,0.48589528981018854,0.20833333333333334,0.0,17.420692554227468,20000028
EDF,7.533715323577944,7,0.5833333333333334,0.489024430334291,0.5833333333333334,0.41666666666666663,0.4130146207577841,0.46623987544654,0.22916666666666666,0.0,15.163339549733442,20000029
EDF,0.9174259976096764,3,0.25,0.2629204131633358,0.25,0.75,0.2662221955653472,0.5999630681681603,0.4583333333333333,0.0,9.08915435921414,20000030
EDF,4.923339783876873,5,0.4166666666666667,0.3995114481816428,0.5,0.5833333333333333,0.4908696895992663,0.5265194744797751,0.22916666666666666,0.0,16.57067363673057,20000031
EDF,6.262170927946123,6,0.5,0.46500341008192186,0.5,0.5,0.5225121797962402,0.5494155852096427,0.3125,0.0,16.11159483943092,20000032
EDF,8.444757446313584,7,0.5833333333333334,0.464415447395059,0.6666666666666666,0.41666666666666663,0.5633384375016107,0.5583999859021578,0.22916666666666666,0.0,19.103190860387876,20000033
EDF,6.350620934640228,6,0.5,0.46693895201391106,0.5,0.5,0.4147194459409613,0.5206776422050627,0.3125,0.0,14.825181428234396,20000034
EDF,4.610656498736766,5,0.4166666666666667,0.4380850915586342,0.4166666666666667,0.5833333333333333,0.4399896143718589,0.577603300543169,0.3541666666666667,0.0,14.857793406073986,20000035
EDF,12.907465928315766,10,0.8333333333333334,0.7194564760372266,0.8333333333333334,0.16666666666666663,0.5534375346525058,0.4212762599736682,0.0,0.0,20.47013533281757,20000036
EDF,5.108859038720311,5,0.4166666666666667,0.46111846725202466,0.4166666666666667,0.5833333333333333,0.4868576625976159,0.5999759280155882,0.3958333333333333,0.0,15.68540884549645,20000037
EDF,2.605718172305906,4,0.3333333333333333,0.39121585529049907,0.3333333333333333,0.6666666666666667,0.407247349747973,0.5757557403156383,0.3958333333333333,0.0,13.290619832460605,20000038
EDF,4.960572752456989,5,0.4166666666666667,0.41098673337896524,0.5,0.5833333333333333,0.4701784362110157,0.5344756260988666,0.25,0.0,15.79921965345404,20000039
EDF,1.3027969490400384,3,0.25,0.2734551385291194,0.3333333333333333,0.75,0.3472040553663307,0.5812966066464575,0.3958333333333333,0.0,11.955140369767475,20000040
EDF,8.772660375719065,7,0.5833333333333334,0.5910678503048732,0.5833333333333334,0.41666666666666663,0.6013364653593322,0.5322909367761791,0.2708333333333333,0.0,19.380352217242798,20000041
EDF,8.088541498498907,7,0.5833333333333334,0.5212665863299756,0.5833333333333334,0.41666666666666663,0.5396353011507449,0.5412088243764559,0.22916666666666666,0.0,18.075405992005685,20000042
EDF,9.96261451030175,8,0.6666666666666666,0.6053808103802913,0.6666666666666666,0.33333333333333337,0.5089796297172862,0.4656488733279387,0.08333333333333333,0.0,18.13618909085053,20000043
EDF,4.356291666096892,5,0.4166666666666667,0.3788574609917122,0.4166666666666667,0.5833333333333333,0.42478177633887965,0.5585437106554179,0.3333333333333333,0.0,13.791703470082101,20000044
EDF,4.383830014370283,5,0.4166666666666667,0.349584382236779,0.4166666666666667,0.5833333333333333,0.3655887956457183,0.567653348205157,0.3541666666666667,0.0,13.265730381333565,20000045
EDF,2.852568267197566,4,0.3333333333333333,0.3678407924871709,0.3333333333333333,0.6666666666666667,0.3643991425538267,0.6277549705535331,0.4583333333333333,0.0,12.392500689372781,20000046
EDF,11.533082676892104,9,0.75,0.697287197085811,0.75,0.25,0.5504979342821926,0.4292680006248975,0.0625,0.0,20.421499419532072,20000047
EDF,4.8555783123266085,5,0.4166666666666667,0.4064294001126873,0.5,0.5833333333333333,0.40275978510332644,0.5447323680378995,0.20833333333333334,0.0,14.772797133117106,20000048
EDF,5.898792299595989,6,0.5,0.45169668724591455,0.5,0.5,0.43742515696803713,0.5007436839994961,0.2916666666666667,0.0,14.728438147484788,20000049
EDF,2.685274593077084,4,0.3333333333333333,0.3953760375854308,0.3333333333333333,0.6666666666666667,0.3606757772613127,0.5656504816219187,0.4166666666666667,0.0,11.9877492045406,20000050
EDF,7.182053346347262,6,0.5,0.5254779035997292,0.5833333333333334,0.5,0.5329762295371986,0.5540231017308734,0.20833333333333334,0.0,18.495334311491085,20000051
EDF,6.343933269145358,6,0.5,0.4550556710403909,0.5,0.5,0.47716609610072824,0.5753074153497227,0.3333333333333333,0.0,15.821807752186984,20000052
EDF,4.116895924211555,5,0.4166666666666667,0.3931878573510057,0.4166666666666667,0.5833333333333333,0.45476079062319846,0.558596162100235,0.375,0.0,14.55588307086877,20000053
EDF,6.3333109420666265,6,0.5,0.483906870364904,0.5,0.5,0.519317099627578,0.5181368149852819,0.3125,0.0,17.50044217823655,20000054
EDF,5.9855296702143725,6,0.5,0.4266934555460394,0.5,0.5,0.5187228400044624,0.557990885772104,0.3125,0.0,16.406306587568587,20000055
EDF,7.552934886441388,7,0.5833333333333334,0.44827676090919794,0.5833333333333334,0.41666666666666663,0.5082804978717074,0.4931082208772044,0.25,0.0,16.99614661655143,20000056
EDF,1.1533245343612073,3,0.25,0.295354397797862,0.25,0.75,0.326947878592888,0.6454762437914635,0.5,0.0,10.897168256504697,20000057
EDF,5.723948220247593,6,0.5,0.4043311939557171,0.5,0.5,0.41227937709963064,0.5052197277248789,0.2916666666666667,0.0,14.192712991925841,20000058
EDF,2.5366709464752732,4,0.3333333333333333,0.3028018237355075,0.3333333333333333,0.6666666666666667,0.39177122879684756,0.60389916158899,0.4375,0.0,13.066711250613023,20000059
EDF,8.720407578491175,7,0.5833333333333334,0.6037303233351194,0.5833333333333334,0.41666666666666663,0.5752228116635117,0.5261350241809262,0.2916666666666667,0.0,18.732470256800422,20000060
EDF,4.773405423412369,5,0.4166666666666667,0.3907584638157365,0.4166666666666667,0.5833333333333333,0.3955838661966631,0.594214201028619,0.3958333333333333,0.0,13.884346863899692,20000061
EDF,6.616601657580933,6,0.5,0.43937260349704593,0.5,0.5,0.5936819791821725,0.5654864880437348,0.375,0.0,18.422161913297117,20000062
EDF,2.55283448767326,4,0.3333333333333333,0.3235128437651688,0.3333333333333333,0.6666666666666667,0.36740348128986877,0.5588946499046544,0.3541666666666667,0.0,12.513275131324635,20000063
EDF,8.68192407045024,7,0.5833333333333334,0.5647414981037416,0.6666666666666666,0.41666666666666663,0.5747604780119756,0.4913892526468444,0.22916666666666666,0.0,19.30635632107081,20000064
EDF,2.050777405578553,4,0.3333333333333333,0.2678665378271353,0.3333333333333333,0.6666666666666667,0.3802110765855609,0.590464038092529,0.4166666666666667,0.0,12.457410638464644,20000065
EDF,10.749699555160008,8,0.6666666666666666,0.619035167839742,0.6666666666666666,0.33333333333333337,0.6254710385210515,0.526277544919825,0.2916666666666667,0.0,20.094367283148845,20000066
EDF,8.748440052993459,7,0.5833333333333334,0.6153514030825713,0.5833333333333334,0.41666666666666663,0.6139982711825192,0.5729157913710102,0.3125,0.0,19.606624226371437,20000067
EDF,3.120140413116305,4,0.3333333333333333,0.3287362744126909,0.4166666666666667,0.6666666666666667,0.42689925956200464,0.5452011163446838,0.3541666666666667,0.0,14.014744745217904,20000068
EDF,13.795510262076185,10,0.8333333333333334,0.7580147344064616,0.8333333333333334,0.16666666666666663,0.6940418538752869,0.5230918313189129,0.16666666666666666,0.0,23.075964666711155,20000069
EDF,6.8768697733124995,6,0.5,0.5324435011193004,0.5,0.5,0.5800973819455939,0.5373670591342677,0.3333333333333333,0.0,18.458036167586016,20000070
EDF,2.2788234328292702,4,0.3333333333333333,0.2884164251742807,0.3333333333333333,0.6666666666666667,0.34475779865067163,0.5812101073389787,0.375,0.0,12.180311599823028,20000071
EDF,7.940030427145777,7,0.5833333333333334,0.4764841222816494,0.6666666666666666,0.41666666666666663,0.5045859837762617,0.4298343762237458,0.08333333333333333,0.0,17.506127414614372,20000072
EDF,3.87226890561214,5,0.4166666666666667,0.32272690793275427,0.4166666666666667,0.5833333333333333,0.40841319695814,0.558712382686114,0.3541666666666667,0.0,13.55026160886867,20000073
EDF,7.854395834121705,7,0.5833333333333334,0.44631332935900836,0.5833333333333334,0.41666666666666663,0.43642990135116305,0.4838401545689288,0.16666666666666666,0.0,16.01469255170984,20000074
EDF,3.3966213552387936,4,0.3333333333333333,0.3551216219570952,0.4166666666666667,0.6666666666666667,0.45137905690915175,0.565478670984504,0.3333333333333333,0.0,15.226696676161362,20000075
EDF,0.9684836759127471,3,0.25,0.29095120086711146,0.25,0.75,0.3087692551677566,0.6392716896125475,0.5,0.0,10.2261584061268,20000076
EDF,11.924354889900892,9,0.75,0.6744876574340876,0.75,0.25,0.6429367205714219,0.4844187532431537,0.20833333333333334,0.0,20.558404969074378,20000077
EDF,6.557098012284653,6,0.5,0.47650243496937794,0.5833333333333334,0.5,0.4415721274047219,0.4762702634548719,0.14583333333333334,0.0,15.944134968740629,20000078
EDF,4.840276077360487,5,0.4166666666666667,0.4686768212580992,0.4166666666666667,0.5833333333333333,0.4173123530007444,0.547593422353407,0.3958333333333333,0.0,14.668386604825418,20000079
EDF,5.57847425837765,5,0.4166666666666667,0.5090067501547868,0.4166666666666667,0.5833333333333333,0.517946729696719,0.6228330321854552,0.4791666666666667,0.0,16.17646238847556,20000080
EDF,-1.4127455729995786,2,0.16666666666666666,0.18911420783163227,0.16666666666666666,0.8333333333333334,0.26553350051505165,0.6415303798392064,0.5208333333333334,0.0,8.71865702252248,20000081
EDF,13.723523434016744,10,0.8333333333333334,0.7584094256891747,0.8333333333333334,0.16666666666666663,0.6602890646029376,0.44491579238680073,0.020833333333333332,0.0,23.861832342030592,20000082
EDF,4.544833170227514,5,0.4166666666666667,0.4408801509253338,0.4166666666666667,0.5833333333333333,0.451249212313017,0.5707867743742855,0.375,0.0,15.616094261455647,20000083
EDF,8.019142008943808,7,0.5833333333333334,0.49022511123822704,0.5833333333333334,0.41666666666666663,0.43744107003571636,0.509208094855964,0.14583333333333334,0.0,16.27831089958897,20000084
EDF,4.608446468850799,5,0.4166666666666667,0.38393538958882173,0.4166666666666667,0.5833333333333333,0.4534964893280853,0.5750627366304407,0.3541666666666667,0.0,14.635719540832486,20000085
EDF,2.6278832538133123,4,0.3333333333333333,0.3511845822164892,0.3333333333333333,0.6666666666666667,0.42405839931125416,0.6031788685892473,0.4375,0.0,13.119062816984181,20000086
EDF,6.869612268164008,6,0.5,0.5322006419700528,0.5,0.5,0.5285595461929495,0.5348935692190618,0.3125,0.0,17.384560322935535,20000087
EDF,7.315132461197372,6,0.5,0.5347627418807982,0.5,0.5,0.5648232654283406,0.5637125186591567,0.3541666666666667,0.0,18.746731608135402,20000088
EDF,0.23977601419849126,3,0.25,0.2696769499813777,0.25,0.75,0.2750496044167375,0.5642840355844431,0.3958333333333333,0.0,9.423288647237632,20000089
EDF,4.31328115166275,5,0.4166666666666667,0.41185246612115073,0.4166666666666667,0.5833333333333333,0.3799093935433266,0.5530687779217799,0.25,0.0,13.371593826182878,20000090
EDF,6.218449145940488,6,0.5,0.46739093126915626,0.5,0.5,0.44703295066244514,0.5567847707385077,0.3125,0.0,14.955976269274602,20000091
EDF,6.2906169456615295,6,0.5,0.39245506789042794,0.5,0.5,0.5020188746764148,0.5374651578702277,0.25,0.0,16.15484399796244,20000092
EDF,4.093243999120614,5,0.4166666666666667,0.41437439084878314,0.4166666666666667,0.5833333333333333,0.33672902350526357,0.48178669314209516,0.10416666666666667,0.0,13.095871427554282,20000093
EDF,5.785107978677024,6,0.5,0.4279480700094597,0.5,0.5,0.3938260333556897,0.5485601606732943,0.2916666666666667,0.0,14.243915451788823,20000094
EDF,4.903881076822252,5,0.4166666666666667,0.3982146453259235,0.4166666666666667,0.5833333333333333,0.4318747310587587,0.5875261254463495,0.3958333333333333,0.0,13.769701688008912,20000095
EDF,4.662450954670547,5,0.4166666666666667,0.3933912891384672,0.5,0.5833333333333333,0.47236710117367836,0.5530207612717213,0.3125,0.0,15.890636491519716,20000096
EDF,0.6691554240910706,3,0.25,0.2801199861933835,0.25,0.75,0.318040635435993,0.5761769194852706,0.3958333333333333,0.0,10.750721480457267,20000097
EDF,6.468231525645821,6,0.5,0.44332269047138023,0.5,0.5,0.5411576760363898,0.5656651082179797,0.3125,0.0,17.155021358050906,20000098
EDF,9.502559633941576,8,0.6666666666666666,0.5097767051704207,0.6666666666666666,0.33333333333333337,0.5968113509217167,0.43145285948744605,0.125,0.0,19.772009714545423,20000099
EDF,6.993346216562671,6,0.5,0.49500969670571,0.5833333333333334,0.5,0.551251431648212,0.5707216114797696,0.3125,0.0,17.460060651278518,20000100
EDF,6.874302444974027,6,0.5,0.42665895146214405,0.5833333333333334,0.5,0.574584861181879,0.5487303600721098,0.3541666666666667,0.0,18.017659305724262,20000101
EDF,9.477219916360443,8,0.6666666666666666,0.5381455491890316,0.6666666666666666,0.33333333333333337,0.4648293092355449,0.48010604196067125,0.020833333333333332,0.0,17.462011934793885,20000102
EDF,2.7272602405364808,4,0.3333333333333333,0.3869559911708966,0.3333333333333333,0.6666666666666667,0.36735607543853477,0.5577547237279364,0.3958333333333333,0.0,12.403973333302735,20000103
EDF,1.7387515879615565,4,0.3333333333333333,0.2376568959538857,0.3333333333333333,0.6666666666666667,0.40738981230999993,0.516517281994156,0.3125,0.0,14.700295391878681,20000104
EDF,6.42390031080876,6,0.5,0.5718254748032422,0.5,0.5,0.4882227331674973,0.5726283466449399,0.3958333333333333,0.0,16.01020195414973,20000105
EDF,3.2403366608401516,4,0.3333333333333333,0.418887935670015,0.3333333333333333,0.6666666666666667,0.3627990446450704,0.5835999779173945,0.4375,0.0,12.46244568882694,20000106
EDF,4.449126485935036,5,0.4166666666666667,0.45692297587756836,0.4166666666666667,0.5833333333333333,0.42951486376090037,0.5684739788856163,0.3958333333333333,0.0,13.777287925878053,20000107
EDF,6.73782968230757,6,0.5,0.5476606003603357,0.5833333333333334,0.5,0.5064292826780583,0.5571110692122001,0.3958333333333333,0.0,17.006689417501224,20000108
EDF,3.0366864088218417,4,0.3333333333333333,0.34472629521556103,0.3333333333333333,0.6666666666666667,0.3364510757265409,0.5830523117366767,0.375,0.0,11.76443089068764,20000109
EDF,3.0937754583840356,4,0.3333333333333333,0.3991747740184693,0.3333333333333333,0.6666666666666667,0.3925577227568015,0.5902332558795557,0.4166666666666667,0.0,13.175154313821954,20000110
EDF,6.7374486904936735,6,0.5,0.5136534163135729,0.5,0.5,0.4575000166942839,0.5233367273955314,0.3125,0.0,15.460632976952526,20000111
EDF,7.492487401546256,6,0.5,0.5186380757466937,0.5,0.5,0.5781015260230994,0.6028165815016441,0.3958333333333333,0.0,18.750706244429598,20000112
EDF,6.434958935753585,6,0.5,0.48352073606940393,0.5833333333333334,0.5,0.4184582841206656,0.4620869825204459,0.0,0.0,16.777109880677724,20000113
EDF,0.7806317958528073,3,0.25,0.28928391889133387,0.25,0.75,0.2861843858930866,0.5820100728810349,0.3541666666666667,0.0,9.953814859456413,20000114
EDF,3.31924104750515,4,0.3333333333333333,0.32202177433412926,0.5,0.6666666666666667,0.4801714386391582,0.5775070071670366,0.375,0.0,15.519557580192636,20000115
EDF,6.238757087198559,6,0.5,0.5010980101471534,0.5,0.5,0.5082669229984782,0.5312851702319855,0.2708333333333333,0.0,16.8541241084325,20000116
EDF,3.0586004418379567,4,0.3333333333333333,0.4008077151808889,0.4166666666666667,0.6666666666666667,0.43090165569126926,0.5866137509532089,0.3541666666666667,0.0,14.639164047652493,20000117
EDF,6.270526675557754,6,0.5,0.4457854058913751,0.5,0.5,0.45654936654420064,0.5221288112982214,0.22916666666666666,0.0,15.37401750326385,20000118
EDF,5.349403436480494,5,0.4166666666666667,0.4277701906437842,0.5,0.5833333333333333,0.487038614540758,0.5443437300349964,0.3333333333333333,0.0,16.393344142134808,20000119
EDF,6.918882676176931,6,0.5,0.50788176411267,0.5,0.5,0.562473739804927,0.567715065640259,0.3125,0.0,18.079569947420726,20000120
EDF,0.2810252293708686,3,0.25,0.2131620147211729,0.25,0.75,0.2734450235380456,0.6022898049992472,0.4375,0.0,9.162487741137207,20000121
EDF,2.5442466174756797,4,0.3333333333333333,0.35161962410080305,0.3333333333333333,0.6666666666666667,0.3321388350202858,0.5528468612671786,0.3541666666666667,0.0,11.740237203521787,20000122
EDF,5.227808199940307,5,0.4166666666666667,0.435980830246255,0.6666666666666666,0.5833333333333333,0.48191202294862734,0.5388481556375729,0.10416666666666667,0.0,17.2759416555387,20000123
EDF,4.643470072217351,5,0.4166666666666667,0.43825828812524126,0.5,0.5833333333333333,0.4692961382351708,0.5581903125343132,0.3333333333333333,0.0,15.41340178582624,20000124
EDF,8.01080398088436,7,0.5833333333333334,0.5439417138558913,0.5833333333333334,0.41666666666666663,0.48972507320555164,0.5100631727471865,0.2916666666666667,0.0,16.4732702941852,20000125
EDF,2.8896681642912405,4,0.3333333333333333,0.35642552218480733,0.3333333333333333,0.6666666666666667,0.3375215071321229,0.5992018678007659,0.4375,0.0,11.889799629798643,20000126
EDF,5.133650979255172,5,0.4166666666666667,0.47543663991375745,0.4166666666666667,0.5833333333333333,0.4774090760680482,0.5625715644784074,0.375,0.0,16.12366091088395,20000127
EDF,4.45901019570882,5,0.4166666666666667,0.41432302489955014,0.5,0.5833333333333333,0.3746461761788173,0.5283228072912898,0.0625,0.0,14.874932791760656,20000128
EDF,6.77960901693419,6,0.5,0.526822372338183,0.5,0.5,0.4442715173731549,0.560907292122506,0.25,0.0,16.070481089866174,20000129
EDF,8.023744461381762,7,0.5833333333333334,0.5159271895956767,0.5833333333333334,0.41666666666666663,0.5343022987293465,0.5207326270022382,0.2708333333333333,0.0,17.269668758084084,20000130
EDF,6.2837048880281134,6,0.5,0.4086031442276091,0.5,0.5,0.49736573972837084,0.5325154558145364,0.3541666666666667,0.0,16.588140370767128,20000131
EDF,4.254604632333951,5,0.4166666666666667,0.3977213883998836,0.4166666666666667,0.5833333333333333,0.40662017856580474,0.5004103821598181,0.25,0.0,13.864835116742602,20000132
EDF,9.841740793561886,8,0.6666666666666666,0.6252038511651697,0.6666666666666666,0.33333333333333337,0.5003770508744921,0.4572240248798251,0.0625,0.0,18.35801637192756,20000133
EDF,3.857176341201007,5,0.4166666666666667,0.3409979540696006,0.4166666666666667,0.5833333333333333,0.38295627834891693,0.5339744887723076,0.3541666666666667,0.0,13.691440914608572,20000134
EDF,10.977091356812775,8,0.6666666666666666,0.6251787214909135,0.75,0.33333333333333337,0.7154704731422484,0.5672805564957967,0.25,0.0,23.34019125184325,20000135
EDF,7.933297599062877,7,0.5833333333333334,0.48926574913774784,0.5833333333333334,0.41666666666666663,0.5284786404465635,0.5228475737132234,0.2916666666666667,0.0,17.15510987100673,20000136
EDF,9.737734040456882,8,0.6666666666666666,0.5362614586873642,0.6666666666666666,0.33333333333333337,0.5553764613050386,0.47511081523492354,0.1875,0.0,18.6724650602316,20000137
EDF,0.3833122400042317,3,0.25,0.24885570079437133,0.25,0.75,0.29418649862474594,0.605233752516524,0.4375,0.0,9.548546185722962,20000138
EDF,4.192866507624584,5,0.4166666666666667,0.39433831661366386,0.4166666666666667,0.5833333333333333,0.3501422430521088,0.5012815279897392,0.125,0.0,13.21323192197871,20000139
EDF,2.7274457018525124,4,0.3333333333333333,0.4157649067192968,0.4166666666666667,0.6666666666666667,0.3870409215462765,0.5093111772381504,0.25,0.0,13.64418454223767,20000140
EDF,3.1924773510445066,4,0.3333333333333333,0.3921079297196312,0.3333333333333333,0.6666666666666667,0.4347364245509175,0.5820639233247702,0.4375,0.0,14.198163455719582,20000141
EDF,0.6667466564336237,3,0.25,0.29088888364354765,0.25,0.75,0.30018385689493027,0.6002866628681366,0.4375,0.0,9.695619804726164,20000142
EDF,3.0971668511908925,4,0.3333333333333333,0.31851301177468694,0.4166666666666667,0.6666666666666667,0.35877622694124583,0.5345060701541973,0.22916666666666666,0.0,12.842534142429583,20000143
EDF,8.557460208367736,7,0.5833333333333334,0.598843015978493,0.5833333333333334,0.41666666666666663,0.5572909928790515,0.542355716127994,0.3125,0.0,18.653346537350508,20000144
EDF,8.131401724376552,7,0.5833333333333334,0.5355026951474451,0.5833333333333334,0.41666666666666663,0.5141959520539204,0.5361878771210163,0.3125,0.0,17.345736749724804,20000145
EDF,4.283581505200393,5,0.4166666666666667,0.36437754746264384,0.4166666666666667,0.5833333333333333,0.40122678853898047,0.4946467029060851,0.22916666666666666,0.0,13.899978153567323,20000146
EDF,4.141875605338427,5,0.4166666666666667,0.39605584004635774,0.4166666666666667,0.5833333333333333,0.36754227407138146,0.508373291094704,0.25,0.0,13.649305944854442,20000147
EDF,4.498551426942923,5,0.4166666666666667,0.39594904736178604,0.4166666666666667,0.5833333333333333,0.4017214310242405,0.5464509855054994,0.3125,0.0,14.38654662489869,20000148
EDF,11.201179730914363,8,0.6666666666666666,0.6617323157906522,0.75,0.33333333333333337,0.6990443574743376,0.5546082875418455,0.2916666666666667,0.0,22.443112580240275,20000149
EDF,0.24458099003581246,3,0.25,0.2615738635777991,0.25,0.75,0.2839245891408996,0.5784274824471235,0.4166666666666667,0.0,9.561879578562268,20000150
EDF,6.006553584749621,6,0.5,0.48881625359340775,0.5,0.5,0.4750743857868461,0.5145278695725589,0.2708333333333333,0.0,16.090289798021054,20000151
EDF,0.8839372337510172,3,0.25,0.3050413200838762,0.25,0.75,0.34575443971401265,0.6142623108515014,0.4375,0.0,11.758332626220701,20000152
EDF,4.5360340439300995,5,0.4166666666666667,0.4419542859556526,0.4166666666666667,0.5833333333333333,0.473478728150579,0.5334754017300473,0.3541666666666667,0.0,15.357821051541364,20000153
EDF,10.518785190064767,8,0.6666666666666666,0.6624821144706485,0.6666666666666666,0.33333333333333337,0.6290782037595564,0.52640516355457,0.2708333333333333,0.0,20.358120918666177,20000154
EDF,2.5283478104148704,4,0.3333333333333333,0.3495535838613373,0.3333333333333333,0.6666666666666667,0.3170587929419972,0.5557558860093904,0.3958333333333333,0.0,10.539612769514273,20000155
EDF,2.5810895217531264,4,0.3333333333333333,0.3426070159534154,0.3333333333333333,0.6666666666666667,0.3766603506958939,0.610396686521052,0.4375,0.0,11.9785453617154,20000156
EDF,6.2649927985565,6,0.5,0.4645839011915167,0.5,0.5,0.4672201565318533,0.5615957045152952,0.3958333333333333,0.0,15.663972049902931,20000157
EDF,5.080317932995532,5,0.4166666666666667,0.4302871127178123,0.5,0.5833333333333333,0.48799098950307457,0.5596188079607798,0.3541666666666667,0.0,16.050933595262077,20000158
EDF,1.033200684909236,3,0.25,0.30986803096230037,0.25,0.75,0.30569273752818454,0.6173211980360521,0.4791666666666667,0.0,10.66973481638863,20000159
EDF,6.803390261014515,6,0.5,0.4982764478679884,0.5833333333333334,0.5,0.5181439440757748,0.5114698647731779,0.25,0.0,18.28207656737408,20000160
EDF,4.80173937034885,5,0.4166666666666667,0.4731353079950529,0.5,0.5833333333333333,0.4343399288701491,0.5318985437204122,0.125,0.0,15.432401298123633,20000161
EDF,2.530141733962223,4,0.3333333333333333,0.3168043855779764,0.3333333333333333,0.6666666666666667,0.3418566119653028,0.5591321710006649,0.3541666666666667,0.0,11.57069679997529,20000162
EDF,6.380437797133423,6,0.5,0.4699843578129332,0.5,0.5,0.44200637275980975,0.5146618866717915,0.22916666666666666,0.0,15.993609891281967,20000163
EDF,5.380591542049925,5,0.4166666666666667,0.4078324902974024,0.5,0.5833333333333333,0.46763655953367733,0.5509602887250011,0.3541666666666667,0.0,16.134650817470504,20000164
EDF,9.603276523475065,8,0.6666666666666666,0.5763099237816818,0.6666666666666666,0.33333333333333337,0.6017788404313169,0.5086408302069371,0.2708333333333333,0.0,18.80209242629814,20000165
EDF,6.995286299223906,6,0.5,0.5000124981837331,0.5833333333333334,0.5,0.5718377832904581,0.5841304688772891,0.3541666666666667,0.0,18.93889878793384,20000166
EDF,7.782723039206523,7,0.5833333333333334,0.535769553812413,0.5833333333333334,0.41666666666666663,0.46715680970064205,0.4825319336055696,0.22916666666666666,0.0,16.630496218751528,20000167
EDF,0.21235633722477232,3,0.25,0.2237277394237343,0.25,0.75,0.3138555583611504,0.5775586751702982,0.3958333333333333,0.0,10.921984018044736,20000168
EDF,8.223838588048729,7,0.5833333333333334,0.546352132471355,0.5833333333333334,0.41666666666666663,0.5238630776850773,0.5369474618435317,0.3541666666666667,0.0,17.959629187310398,20000169
EDF,2.878196323961233,4,0.3333333333333333,0.3701986977888436,0.3333333333333333,0.6666666666666667,0.38051353234026264,0.5660177044375915,0.375,0.0,12.360993451477094,20000170
EDF,10.333596725621012,8,0.6666666666666666,0.6680800463016316,0.6666666666666666,0.33333333333333337,0.5444608213517598,0.520927992373687,0.10416666666666667,0.0,19.767840812864858,20000171
EDF,10.358578797672408,8,0.6666666666666666,0.6824210678031337,0.6666666666666666,0.33333333333333337,0.5783119391011221,0.5537125995287027,0.3125,0.0,19.389499534937947,20000172
EDF,10.398787637353099,8,0.6666666666666666,0.5853555406083368,0.6666666666666666,0.33333333333333337,0.5708043678761543,0.5046582084372383,0.1875,0.0,19.68564027821525,20000173
EDF,10.415628805807073,8,0.6666666666666666,0.6250828283738441,0.6666666666666666,0.33333333333333337,0.5928502355419725,0.529507678653684,0.3333333333333333,0.0,20.27052771019023,20000174
EDF,2.5933998879063367,4,0.3333333333333333,0.32547055728845614,0.4166666666666667,0.6666666666666667,0.3239165846832744,0.5292680869597348,0.20833333333333334,0.0,11.940142435030479,20000175
EDF,4.290531578649392,5,0.4166666666666667,0.3372674028308605,0.5,0.5833333333333333,0.43981416323847994,0.5266457402814866,0.3125,0.0,14.182442021765322,20000176
EDF,10.499849874902873,8,0.6666666666666666,0.644339095692721,0.6666666666666666,0.33333333333333337,0.5933478595526595,0.5000083699322249,0.1875,0.0,20.352798397998498,20000177
EDF,8.556297508566825,7,0.5833333333333334,0.5480549649498815,0.5833333333333334,0.41666666666666663,0.5746732597924668,0.539347024056648,0.3333333333333333,0.0,19.668682939259934,20000178
EDF,4.522509351757105,5,0.4166666666666667,0.4088707184579637,0.4166666666666667,0.5833333333333333,0.479843640477517,0.5444356089273813,0.3333333333333333,0.0,15.555523777103907,20000179
EDF,4.975949422864042,5,0.4166666666666667,0.3784245859600821,0.5,0.5833333333333333,0.4532169982378644,0.5282097685338248,0.2916666666666667,0.0,15.59899994235369,20000180
EDF,2.7831159770758536,4,0.3333333333333333,0.45035968442345187,0.3333333333333333,0.6666666666666667,0.39573761640516364,0.5971022008003543,0.4166666666666667,0.0,12.571479240718539,20000181
EDF,4.700517167443341,5,0.4166666666666667,0.40608245758343947,0.4166666666666667,0.5833333333333333,0.46869293526452255,0.572274738861764,0.4166666666666667,0.0,16.0499913730884,20000182
EDF,2.8509234750373578,4,0.3333333333333333,0.30179786064726005,0.4166666666666667,0.6666666666666667,0.3528869817724205,0.5237013179439645,0.14583333333333334,0.0,12.712095467795844,20000183
EDF,2.6900264361105437,4,0.3333333333333333,0.38865407088348813,0.3333333333333333,0.6666666666666667,0.35054928073105973,0.5532170717968888,0.3125,0.0,12.446478064844623,20000184
EDF,6.623611582144749,6,0.5,0.5159837255136385,0.5,0.5,0.4677704030910877,0.5375371688635023,0.3125,0.0,15.384868584261246,20000185
EDF,7.677348645524146,7,0.5833333333333334,0.47983321772451304,0.5833333333333334,0.41666666666666663,0.4711654327908586,0.4463172294482729,0.1875,0.0,16.177996131428248,20000186
EDF,2.914863895809628,4,0.3333333333333333,0.33963432627887197,0.3333333333333333,0.6666666666666667,0.397422990956155,0.6053172106307653,0.4166666666666667,0.0,13.055431735384778,20000187
EDF,10.632303582509946,8,0.6666666666666666,0.6032567965635902,0.75,0.33333333333333337,0.6205185179843652,0.5311610176714224,0.16666666666666666,0.0,21.116236855410815,20000188
EDF,2.2727558112897466,4,0.3333333333333333,0.3062738617362002,0.3333333333333333,0.6666666666666667,0.31088679396094093,0.5739756837057501,0.3958333333333333,0.0,11.020738424354185,20000189
EDF,8.445080740765839,7,0.5833333333333334,0.5169600136526119,0.6666666666666666,0.41666666666666663,0.6096098002975853,0.5330158792518097,0.2708333333333333,0.0,18.845100956587917,20000190
EDF,16.25699965658639,12,1.0,1.0,1.0,0.0,0.6551087815017745,0.4044003670860496,0.0,0.0625,22.642499141465983,20000191
EDF,5.196554933071001,5,0.4166666666666667,0.475148022234256,0.5,0.5833333333333333,0.49808301684164985,0.5900106391729907,0.3958333333333333,0.0,15.563529789052458,20000192
EDF,5.4967247252148095,5,0.4166666666666667,0.45645761281511943,0.5,0.5833333333333333,0.5924007666823016,0.5637052866997982,0.4166666666666667,0.0,19.240105105603558,20000193
EDF,5.053880249137967,5,0.4166666666666667,0.4528922940537069,0.4166666666666667,0.5833333333333333,0.4809264088660974,0.6031716723645126,0.4166666666666667,0.0,15.813240387296918,20000194
EDF,8.433835090059278,7,0.5833333333333334,0.46902024478739396,0.6666666666666666,0.41666666666666663,0.5130489295366468,0.5264999028751062,0.125,0.0,18.1730164799325,20000195
EDF,6.53766869676843,6,0.5,0.4930508950170575,0.5,0.5,0.5445911385984943,0.5427733381306433,0.3125,0.0,17.79611187037066,20000196
EDF,4.61464072696192,5,0.4166666666666667,0.4059199135897737,0.4166666666666667,0.5833333333333333,0.43385021583941236,0.5446730662564896,0.375,0.0,14.644669591349205,20000197
EDF,4.53071958195979,5,0.4166666666666667,0.42224034142161754,0.4166666666666667,0.5833333333333333,0.4168129224507647,0.532373959859238,0.25,0.0,14.944885789516285,20000198
EDF,2.129536902865871,4,0.3333333333333333,0.2753865786973725,0.3333333333333333,0.6666666666666667,0.36780591966962417,0.5849606271984228,0.4375,0.0,11.589114544411112,20000199
EDF,6.7802658523913415,6,0.5,0.4998318218804246,0.5,0.5,0.5235278246943261,0.5627464211891321,0.3333333333333333,0.0,16.69145244803595,20000200
EDF,4.0891910381518635,5,0.4166666666666667,0.319486203976639,0.4166666666666667,0.5833333333333333,0.3979025617412098,0.5048805490530398,0.3125,0.0,13.953229048565142,20000201
EDF,2.9079200083198096,4,0.3333333333333333,0.3384529144266729,0.4166666666666667,0.6666666666666667,0.42425048852486075,0.6042751122213901,0.375,0.0,13.42538320367976,20000202
EDF,4.566135434446201,5,0.4166666666666667,0.4892216404954235,0.4166666666666667,0.5833333333333333,0.44542979002623473,0.5755749307970522,0.4375,0.0,14.978724883804338,20000203
EDF,5.773312635360821,6,0.5,0.36053310041315656,0.5,0.5,0.3810471729610824,0.48883620979593423,0.25,0.0,14.027964929944561,20000204
EDF,10.29330495419198,8,0.6666666666666666,0.6787707106531258,0.6666666666666666,0.33333333333333337,0.5593323080353306,0.48819342615072014,0.25,0.0,19.00974089506385,20000205
EDF,-1.142014258761911,2,0.16666666666666666,0.22078657664582896,0.16666666666666666,0.8333333333333334,0.3034417902302455,0.6300739428629184,0.5,0.0,9.984223666938176,20000206
EDF,2.4236661393669703,4,0.3333333333333333,0.2997925428748298,0.3333333333333333,0.6666666666666667,0.3436426324921473,0.5564143491886796,0.3333333333333333,0.0,11.560021319439642,20000207
EDF,4.898345913722556,5,0.4166666666666667,0.4356164722208905,0.4166666666666667,0.5833333333333333,0.4626497035897403,0.5398587536944606,0.3333333333333333,0.0,15.600943419199307,20000208
EDF,4.8485564873640765,5,0.4166666666666667,0.3670402709944031,0.5,0.5833333333333333,0.4991916133428243,0.5209586049157248,0.3541666666666667,0.0,15.905533458663927,20000209
EDF,13.547592264819006,10,0.8333333333333334,0.7594177971228545,0.8333333333333334,0.16666666666666663,0.7220720086291168,0.4342530497147374,0.16666666666666666,0.0,23.568627070259144,20000210
EDF,2.242906997947294,4,0.3333333333333333,0.3395401890315364,0.3333333333333333,0.6666666666666667,0.3097596240660685,0.5527815422833384,0.3541666666666667,0.0,11.021399781781025,20000211
EDF,4.742517548366049,5,0.4166666666666667,0.5232432881642274,0.4166666666666667,0.5833333333333333,0.44537574019043485,0.5291914524565399,0.2708333333333333,0.0,15.38488587477702,20000212
EDF,13.961846897697816,10,0.8333333333333334,0.7255036175628686,0.8333333333333334,0.16666666666666663,0.6403210834922398,0.4870018562653986,0.08333333333333333,0.0,22.54009826029238,20000213
EDF,2.195204013225572,4,0.3333333333333333,0.2868481091023813,0.3333333333333333,0.6666666666666667,0.3497104112980505,0.5649906733653841,0.3541666666666667,0.0,12.054172967775907,20000214
EDF,9.009631785226013,7,0.5833333333333334,0.5690566997434044,0.5833333333333334,0.41666666666666663,0.6242611770903832,0.584368876191804,0.3541666666666667,0.0,20.283894848485982,20000215
EDF,2.217962010903534,4,0.3333333333333333,0.32790952256062333,0.3333333333333333,0.6666666666666667,0.31918913812121374,0.5747399607007826,0.4375,0.0,11.394261815391655,20000216
EDF,13.689892523243257,10,0.8333333333333334,0.7466153244720782,0.8333333333333334,0.16666666666666663,0.7180011736176232,0.46254946529181956,0.08333333333333333,0.0,24.08717857153143,20000217
EDF,5.637529858495512,6,0.5,0.4298102898052446,0.5,0.5,0.42888218048009646,0.5261492258655255,0.22916666666666666,0.0,15.059966294813572,20000218
EDF,0.3482608921888293,3,0.25,0.27843758244761646,0.25,0.75,0.3177933389142824,0.6158825856806767,0.4583333333333333,0.0,10.276927414502715,20000219
EDF,4.493403594986072,5,0.4166666666666667,0.396962271889616,0.5,0.5833333333333333,0.37810813895599127,0.4592250662259038,0.10416666666666667,0.0,13.792652522805437,20000220
EDF,12.281861453484057,9,0.75,0.7393744184767675,0.75,0.25,0.6558831518327635,0.4754816706338236,0.20833333333333334,0.0,20.954653633710144,20000221
EDF,9.552427417916501,8,0.6666666666666666,0.5219207567960442,0.6666666666666666,0.33333333333333337,0.5395853434925066,0.49401550527745997,0.16666666666666666,0.0,19.127355481596776,20000222
EDF,7.740941365845218,7,0.5833333333333334,0.49087772032899074,0.5833333333333334,0.41666666666666663,0.5419287347345683,0.5428289854778632,0.2708333333333333,0.0,17.409018258795477,20000223
EDF,2.734169479595969,4,0.3333333333333333,0.30124931014543566,0.4166666666666667,0.6666666666666667,0.42481759298049965,0.5387019756828638,0.375,0.0,13.718259763426612,20000224
EDF,6.304858997172635,6,0.5,0.42976581566415495,0.5833333333333334,0.5,0.5377662865376894,0.5633384631426681,0.3333333333333333,0.0,16.9039239415983,20000225
EDF,6.8224500486124455,6,0.5,0.49362362057763437,0.5,0.5,0.5284650713905973,0.5317262483790114,0.3333333333333333,0.0,17.49884058790916,20000226
EDF,1.6553683592718569,3,0.25,0.3713034259098195,0.4166666666666667,0.75,0.4600392005346887,0.5751299855860738,0.4375,0.0,15.356797648746802,20000227
EDF,8.102591957202673,7,0.5833333333333334,0.5458094243403838,0.5833333333333334,0.41666666666666663,0.5307169858836751,0.5325468489079221,0.2916666666666667,0.0,17.686540098835454,20000228
EDF,5.781514799202519,5,0.4166666666666667,0.4299185312520539,0.5833333333333334,0.5833333333333333,0.6205465334270662,0.52708103743495,0.2708333333333333,0.0,20.78387718146228,20000229
EDF,8.440034461876273,7,0.5833333333333334,0.47269354173202477,0.6666666666666666,0.41666666666666663,0.5798589824752167,0.4855294627440518,0.22916666666666666,0.0,19.18354667033098,20000230
EDF,6.576684217659267,6,0.5,0.525081530241603,0.5,0.5,0.5140890462754285,0.58793716466456,0.3541666666666667,0.0,16.530127974098097,20000231
EDF,0.5929551242720716,3,0.25,0.2617256997112918,0.25,0.75,0.287155587370257,0.5746542646673618,0.3958333333333333,0.0,9.852569222613294,20000232
EDF,6.164254594499015,6,0.5,0.42279616639644646,0.5,0.5,0.4116059192502484,0.4957362349763072,0.20833333333333334,0.0,15.07220542565116,20000233
EDF,2.241550966951408,4,0.3333333333333333,0.28190054908099693,0.3333333333333333,0.6666666666666667,0.30633063193509585,0.5032063931354578,0.22916666666666666,0.0,11.27370437305541,20000234
EDF,3.726529992410387,5,0.4166666666666667,0.3703270987533061,0.4166666666666667,0.5833333333333333,0.3287775718615567,0.5142673647444694,0.25,0.0,12.143677838688443,20000235
EDF,12.347251733535572,9,0.75,0.7268915611215374,0.75,0.25,0.6717174728956795,0.5047974064384295,0.22916666666666666,0.0,22.46397841075441,20000236
EDF,6.93472883980721,6,0.5,0.4555535125379535,0.5,0.5,0.5669016006772774,0.5524576930559161,0.375,0.0,18.243220644383417,20000237
EDF,6.621275526660121,6,0.5,0.47290669405429053,0.5,0.5,0.5317298684696756,0.5430305840431107,0.3125,0.0,17.18329431090704,20000238
EDF,5.583248361608803,5,0.4166666666666667,0.5005916506569627,0.4166666666666667,0.5833333333333333,0.4998152809687271,0.6063791529481753,0.4375,0.0,16.66097018954556,20000239
EDF,4.687013888684218,5,0.4166666666666667,0.3948374225788121,0.4166666666666667,0.5833333333333333,0.45339748587508,0.5866419785515833,0.375,0.0,14.196191996997227,20000240
EDF,0.9580146793199731,3,0.25,0.30860886291167966,0.25,0.75,0.3824457557591769,0.6298762341093846,0.4791666666666667,0.0,11.770100403943106,20000241
EDF,10.111656492843569,8,0.6666666666666666,0.7363790203115372,0.75,0.33333333333333337,0.5822590086926617,0.49525463867958,0.0625,0.0,19.857819411258617,20000242
EDF,2.5120222610912126,4,0.3333333333333333,0.30272535453359584,0.3333333333333333,0.6666666666666667,0.3678382460088237,0.5611459623321472,0.375,0.0,12.75397720427323,20000243
EDF,7.1938970160487195,6,0.5,0.5448430389922366,0.5833333333333334,0.5,0.5789100634416259,0.5254809308917181,0.2916666666666667,0.0,19.65892077286737,20000244
EDF,6.8990656640033485,6,0.5,0.5201578077540587,0.5,0.5,0.5013338411822564,0.5478572876807426,0.3541666666666667,0.0,16.82524401558859,20000245
EDF,8.845282310102926,7,0.5833333333333334,0.5860963272628684,0.6666666666666666,0.41666666666666663,0.5935508782338647,0.5287011813687159,0.25,0.0,19.880808582294588,20000246
EDF,4.533468028484812,5,0.4166666666666667,0.42939996188443424,0.4166666666666667,0.5833333333333333,0.4707543719354528,0.5683755914440677,0.4166666666666667,0.0,14.84320350502271,20000247
EDF,15.715080297018734,11,0.9166666666666666,0.9156848060827795,0.9166666666666666,0.08333333333333337,0.769235605303901,0.46064168116751425,0.0625,0.0,26.020760558733706,20000248
EDF,7.167392979248095,6,0.5,0.4926503380650501,0.5833333333333334,0.5,0.5518926276484176,0.5767841304115766,0.4166666666666667,0.0,18.049980580049134,20000249
EDF,8.333579335852221,7,0.5833333333333334,0.593194920753209,0.5833333333333334,0.41666666666666663,0.523325796637622,0.5396315611741543,0.22916666666666666,0.0,17.951386773388183,20000250
EDF,7.5819192570355245,7,0.5833333333333334,0.4478344483533856,0.5833333333333334,0.41666666666666663,0.5332086965174716,0.47833850549317697,0.25,0.0,17.56502525291004,20000251
EDF,8.56070346533983,7,0.5833333333333334,0.5665351201557793,0.6666666666666666,0.41666666666666663,0.5369646702020875,0.5117981616559514,0.14583333333333334,0.0,18.76275454320894,20000252
EDF,4.4127161001149915,5,0.4166666666666667,0.36943166143818407,0.4166666666666667,0.5833333333333333,0.4369598347763301,0.499724151603067,0.22916666666666666,0.0,14.577090857352866,20000253
EDF,3.449744879155439,4,0.3333333333333333,0.397007991985038,0.4166666666666667,0.6666666666666667,0.48952657294166535,0.6331479058563058,0.4791666666666667,0.0,14.79116737862791,20000254
EDF,4.867918676692305,5,0.4166666666666667,0.35833882193714667,0.5,0.5833333333333333,0.4504283750963108,0.5606579755729454,0.2916666666666667,0.0,15.875998108493306,20000255
EDF,4.408337311107302,5,0.4166666666666667,0.3582698521430529,0.4166666666666667,0.5833333333333333,0.47916907659138724,0.5393073512770256,0.3333333333333333,0.0,15.14984507488944,20000256
EDF,3.9572976490048593,5,0.4166666666666667,0.35840040634449766,0.4166666666666667,0.5833333333333333,0.39050076735685674,0.5249023272740665,0.2708333333333333,0.0,13.447855386492162,20000257
EDF,4.075048894073568,5,0.4166666666666667,0.38294553857379776,0.4166666666666667,0.5833333333333333,0.3548035346429512,0.5622196539328809,0.2916666666666667,0.0,12.156923046015777,20000258
EDF,2.765784595884867,4,0.3333333333333333,0.3934747111668443,0.3333333333333333,0.6666666666666667,0.37164160144837166,0.6068892911876703,0.4166666666666667,0.0,12.134112909194423,20000259
EDF,3.048914615552749,4,0.3333333333333333,0.3129690886592934,0.4166666666666667,0.6666666666666667,0.43158512105230823,0.5705804362670496,0.3541666666666667,0.0,13.615861583830712,20000260
EDF,1.3548012806226755,3,0.25,0.32115569375600067,0.25,0.75,0.43356933748041043,0.6734105738748603,0.5625,0.0,12.55276671758228,20000261
EDF,2.974033535133575,4,0.3333333333333333,0.3328160647089589,0.4166666666666667,0.6666666666666667,0.4588663663433649,0.6080860046377913,0.4375,0.0,13.942730722671786,20000262
EDF,9.995608935555653,8,0.6666666666666666,0.6705428816842274,0.6666666666666666,0.33333333333333337,0.5021261599055117,0.4494588847723189,0.125,0.0,18.4118447620565,20000263
EDF,3.1932585597348186,4,0.3333333333333333,0.41305519823991493,0.3333333333333333,0.6666666666666667,0.39357074695280825,0.6152006003166915,0.4166666666666667,0.0,12.54167899096444,20000264
EDF,3.787548090813596,5,0.4166666666666667,0.40455322529932203,0.4166666666666667,0.5833333333333333,0.3798834402862277,0.4913129723566816,0.22916666666666666,0.0,14.83176861680334,20000265
EDF,11.284511294754365,9,0.75,0.6012676963231065,0.75,0.25,0.6057648915474805,0.473535843829068,0.20833333333333334,0.0,19.0242000411269,20000266
EDF,-0.7805915625129325,2,0.16666666666666666,0.19673942749255252,0.25,0.8333333333333334,0.3254172204694312,0.6224992470461839,0.5,0.0,10.535001505638316,20000267
EDF,0.46265533244502155,3,0.25,0.25366472812440627,0.25,0.75,0.3207103697972691,0.6118807486590151,0.4583333333333333,0.0,10.90241998804414,20000268
EDF,8.850059719847561,7,0.5833333333333334,0.5628199842249796,0.5833333333333334,0.41666666666666663,0.6154141217447381,0.5238618163876071,0.3125,0.0,20.094929532841,20000269
EDF,4.539946609130741,5,0.4166666666666667,0.4469349066451797,0.4166666666666667,0.5833333333333333,0.4148389734572495,0.5265333912466744,0.3333333333333333,0.0,14.758636313491785,20000270
EDF,9.02436393858001,7,0.5833333333333334,0.5901312097669127,0.6666666666666666,0.41666666666666663,0.6024714994372322,0.5107726108010128,0.22916666666666666,0.0,19.672731067717276,20000271
EDF,6.135796380270506,6,0.5,0.4825296982099085,0.5,0.5,0.41413205130255576,0.47498454921133143,0.08333333333333333,0.0,15.519368730666363,20000272
EDF,11.57445219703295,9,0.75,0.586867309155765,0.75,0.25,0.6431491086633941,0.47067711030835585,0.16666666666666666,0.0,22.165569168871695,20000273
EDF,4.307416308110394,5,0.4166666666666667,0.39210553663075487,0.4166666666666667,0.5833333333333333,0.4546874969459713,0.5729073148334063,0.3958333333333333,0.0,14.376373250429697,20000274
EDF,4.216932495464203,5,0.4166666666666667,0.3545614146763618,0.5,0.5833333333333333,0.4403998090702778,0.5435780799898047,0.3541666666666667,0.0,14.127847370169993,20000275
EDF,4.111137019078923,5,0.4166666666666667,0.334333423395904,0.4166666666666667,0.5833333333333333,0.4045305762233807,0.5230986036536683,0.3125,0.0,13.941343240726795,20000276
EDF,4.16071953514742,5,0.4166666666666667,0.35571981131138797,0.4166666666666667,0.5833333333333333,0.37272576506016253,0.5741693853207971,0.3958333333333333,0.0,13.129178247519413,20000277
EDF,0.7379157771501363,3,0.25,0.29506812521986575,0.25,0.75,0.27442499083841615,0.6224971727997746,0.5,0.0,8.916923107766113,20000278
EDF,4.194361620899027,5,0.4166666666666667,0.38093112965684284,0.4166666666666667,0.5833333333333333,0.3647968564576993,0.5305411969059389,0.22916666666666666,0.0,13.966594476949226,20000279
EDF,8.430012262385953,7,0.5833333333333334,0.6674877317589362,0.6666666666666666,0.41666666666666663,0.4909467796656493,0.5037231126191738,0.125,0.0,18.253519046371498,20000280
EDF,4.714777421493819,5,0.4166666666666667,0.49772764794056507,0.4166666666666667,0.5833333333333333,0.41393030721815743,0.581107982405909,0.3125,0.0,14.374490952014897,20000281
EDF,6.694770194013259,6,0.5,0.4897799749786871,0.5,0.5,0.4919405483728969,0.5649225383867832,0.375,0.0,16.2720244654343,20000282
EDF,9.46258598735703,8,0.6666666666666666,0.5699052027642557,0.6666666666666666,0.33333333333333337,0.49389922281538157,0.5038521723963932,0.1875,0.0,17.794664321753807,20000283
EDF,2.6392264957761524,4,0.3333333333333333,0.3502728408140182,0.3333333333333333,0.6666666666666667,0.359036946343316,0.5642968453988325,0.3333333333333333,0.0,12.364636879840734,20000284
EDF,2.218316088808929,4,0.3333333333333333,0.3124949280086582,0.3333333333333333,0.6666666666666667,0.26926024119994824,0.5381553455775127,0.3541666666666667,0.0,10.176956071647997,20000285
EDF,2.63914013960167,4,0.3333333333333333,0.29356501690314285,0.3333333333333333,0.6666666666666667,0.37671489458593266,0.5825721720472239,0.4166666666666667,0.0,11.697761602774559,20000286
EDF,10.41791206467846,8,0.6666666666666666,0.7347127548875763,0.75,0.33333333333333337,0.5623043769421829,0.48141111478823007,0.16666666666666666,0.0,20.644086825028122,20000287
EDF,4.886547018885526,5,0.4166666666666667,0.4532589751982898,0.5,0.5833333333333333,0.4551022672151524,0.5145213753435024,0.25,0.0,15.130730335441102,20000288
EDF,8.072404671830084,7,0.5833333333333334,0.5795159259345719,0.5833333333333334,0.41666666666666663,0.4479745119589502,0.4917919013659231,0.1875,0.0,16.572377108526656,20000289
EDF,2.5391038970010733,4,0.3333333333333333,0.32015816649968126,0.3333333333333333,0.6666666666666667,0.3922607098474629,0.5662483505074921,0.4166666666666667,0.0,13.590133745744003,20000290
EDF,10.153132409782334,8,0.6666666666666666,0.6866625005960114,0.6666666666666666,0.33333333333333337,0.5557224488185939,0.5135969748658303,0.125,0.0,19.905100141282905,20000291
EDF,2.410241507256079,4,0.3333333333333333,0.31641788084315625,0.3333333333333333,0.6666666666666667,0.33852084975047353,0.5839642431086177,0.375,0.0,10.982380393391995,20000292
EDF,3.523493242257695,5,0.4166666666666667,0.2952551922697472,0.4166666666666667,0.5833333333333333,0.3953065080703578,0.5465341201550572,0.375,0.0,13.363297288577224,20000293
EDF,3.4869611968343133,4,0.3333333333333333,0.42264213662330885,0.3333333333333333,0.6666666666666667,0.4361575932339636,0.6033214423226152,0.4791666666666667,0.0,14.730689198883564,20000294
EDF,2.805682669949361,4,0.3333333333333333,0.3931700982707552,0.3333333333333333,0.6666666666666667,0.34435145262757166,0.5707703965829808,0.3958333333333333,0.0,11.84157611373535,20000295
EDF,7.190213436538675,6,0.5,0.5271326594861834,0.5,0.5,0.5456609518233632,0.5761322794059545,0.3958333333333333,0.0,18.025399655478775,20000296
EDF,7.499785956547667,7,0.5833333333333334,0.46353261854810135,0.5833333333333334,0.41666666666666663,0.4112669657618548,0.5177818124384777,0.20833333333333334,0.0,15.379787318150122,20000297
EDF,2.219632508058652,4,0.3333333333333333,0.3052580733071553,0.3333333333333333,0.6666666666666667,0.34607841059602856,0.5765793665236477,0.375,0.0,12.041818662715363,20000298
EDF,5.4028864553051505,6,0.5,0.4164040607078489,0.5,0.5,0.4267282066250697,0.5133097184336393,0.2708333333333333,0.0,14.627882134773373,20000299
EDF,5.535850910007255,5,0.4166666666666667,0.48498237587503823,0.4166666666666667,0.5833333333333333,0.5069147092488238,0.5985079646652552,0.4375,0.0,15.90243385075099,20000300
EDF,10.034156524369978,8,0.6666666666666666,0.6470455377911905,0.6666666666666666,0.33333333333333337,0.563846507168687,0.5423199921951646,0.20833333333333334,0.0,19.685719324569266,20000301
EDF,2.6958428882324457,4,0.3333333333333333,0.31587551592574287,0.3333333333333333,0.6666666666666667,0.3585592289600284,0.5596629909001519,0.375,0.0,12.919335891675718,20000302
EDF,6.560364000795786,6,0.5,0.5336822293650523,0.5,0.5,0.45318678871511836,0.5368070155154122,0.2708333333333333,0.0,15.387458466152081,20000303
EDF,15.60451895811119,11,0.9166666666666666,0.8918879750027561,0.9166666666666666,0.08333333333333337,0.7002645788568888,0.4595863508102658,0.125,0.0,24.246067312281642,20000304
EDF,11.506503335049805,9,0.75,0.749005610729453,0.75,0.25,0.586482872721497,0.4463924909857669,0.16666666666666666,0.0,20.081285626665036,20000305
EDF,7.91207818839205,7,0.5833333333333334,0.5599439452162591,0.5833333333333334,0.41666666666666663,0.46631795563131845,0.5029894722882333,0.3125,0.0,17.519813721193557,20000306
EDF,0.7774951168171533,3,0.25,0.3090816386225436,0.25,0.75,0.3295570054783992,0.6486150992581744,0.5208333333333334,0.0,10.698440221265965,20000307
EDF,4.523490125767886,5,0.4166666666666667,0.38819250724263094,0.4166666666666667,0.5833333333333333,0.5051755204075051,0.5708834843107478,0.3958333333333333,0.0,15.871916769069045,20000308
EDF,5.512402157630968,5,0.4166666666666667,0.4307633512867215,0.5,0.5833333333333333,0.5270073272726853,0.5995309282140967,0.4375,0.0,16.8145285916229,20000309
EDF,10.034515783167686,8,0.6666666666666666,0.6534873038780793,0.75,0.33333333333333337,0.5795365833077649,0.505664612435288,0.125,0.0,20.066096152786198,20000310
EDF,4.621917159713266,5,0.4166666666666667,0.4610468715026317,0.4166666666666667,0.5833333333333333,0.41230842437215354,0.5694945913348243,0.375,0.0,14.179667404055062,20000311
EDF,0.879517477047222,3,0.25,0.33471892538576653,0.25,0.75,0.29224679880515797,0.5973666992618442,0.4375,0.0,10.008180882970214,20000312
EDF,2.678168947644009,4,0.3333333333333333,0.35174164440547506,0.3333333333333333,0.6666666666666667,0.43818781469122925,0.6034336193585804,0.4375,0.0,13.511942720890186,20000313
EDF,4.8781901782717085,5,0.4166666666666667,0.49927670372034255,0.4166666666666667,0.5833333333333333,0.42455561926781704,0.5980069684521206,0.375,0.0,14.366295368248341,20000314
EDF,-0.7548383132188969,2,0.16666666666666666,0.25973852583220114,0.25,0.8333333333333334,0.3280688248660155,0.648606453172199,0.4791666666666667,0.0,10.140620643927706,20000315
EDF,4.373014776912385,5,0.4166666666666667,0.334115746763933,0.4166666666666667,0.5833333333333333,0.453011752870081,0.5830993755495403,0.375,0.0,15.152648153776738,20000316
EDF,8.36883781556674,7,0.5833333333333334,0.561225675038225,0.5833333333333334,0.41666666666666663,0.5499663117052238,0.5139070026241834,0.22916666666666666,0.0,18.932890624539844,20000317
EDF,5.038789972866031,5,0.4166666666666667,0.44055248783326906,0.4166666666666667,0.5833333333333333,0.5105253240961587,0.6008531244394634,0.3958333333333333,0.0,16.018852431548137,20000318
EDF,2.9060257822167497,4,0.3333333333333333,0.34746262313368315,0.3333333333333333,0.6666666666666667,0.41434233096499584,0.5928248014907701,0.4166666666666667,0.0,13.871859455099742,20000319
EDF,2.2401389509515006,4,0.3333333333333333,0.26671751780461217,0.3333333333333333,0.6666666666666667,0.37090253361256725,0.5674787875284127,0.4166666666666667,0.0,12.873468102459166,20000320
EDF,11.593773537453057,9,0.75,0.6669768879543069,0.75,0.25,0.5864966076764246,0.44007085351924485,0.10416666666666667,0.0,20.823386221221522,20000321
EDF,2.749482042681536,4,0.3333333333333333,0.3489996802435937,0.3333333333333333,0.6666666666666667,0.3713086876446133,0.5448377269949374,0.2708333333333333,0.0,12.81792940218462,20000322
EDF,5.01133689588823,5,0.4166666666666667,0.4176690101182614,0.5,0.5833333333333333,0.48728056141934406,0.546237354316419,0.22916666666666666,0.0,16.542968288471133,20000323
EDF,8.774534781455626,7,0.5833333333333334,0.5805091966233288,0.5833333333333334,0.41666666666666663,0.5784630696337899,0.5117544836901121,0.25,0.0,19.831505975595995,20000324
EDF,8.32437400908167,7,0.5833333333333334,0.5334165468041078,0.6666666666666666,0.41666666666666663,0.5419058264936251,0.5033120565181712,0.1875,0.0,18.86842858784553,20000325
EDF,3.0005855774694954,4,0.3333333333333333,0.33437304174892335,0.3333333333333333,0.6666666666666667,0.38647665105579915,0.5964327891332385,0.4166666666666667,0.0,13.02725502486168,20000326
EDF,7.9196938109445,7,0.5833333333333334,0.5051528153582551,0.5833333333333334,0.41666666666666663,0.4557189528291128,0.4660364766232769,0.20833333333333334,0.0,16.39901348298668,20000327
EDF,6.975784696217788,6,0.5,0.48914469646645015,0.5833333333333334,0.5,0.5160064819258968,0.5482262222574029,0.3333333333333333,0.0,17.813361482948995,20000328
EDF,0.30103906571429384,3,0.25,0.21906038477730008,0.25,0.75,0.31606392392089994,0.6159869521268205,0.4583333333333333,0.0,10.684522180999778,20000329
EDF,3.5168066346372884,4,0.3333333333333333,0.46469401408843186,0.4166666666666667,0.6666666666666667,0.3971168267790722,0.5501944846617022,0.375,0.0,13.885146270910864,20000330
EDF,10.420640843943012,8,0.6666666666666666,0.6688406839690578,0.75,0.33333333333333337,0.6772617771318208,0.5540781714271522,0.22916666666666666,0.0,21.304680164133806,20000331
EDF,4.804394518091074,5,0.4166666666666667,0.5140724900091304,0.4166666666666667,0.5833333333333333,0.42881531804033113,0.551031865678942,0.2916666666666667,0.0,15.032133114146124,20000332
EDF,2.1024720804213164,4,0.3333333333333333,0.3193158462658975,0.3333333333333333,0.6666666666666667,0.33249440115383017,0.586303126508596,0.4166666666666667,0.0,11.140906438553756,20000333
EDF,6.298196124389609,6,0.5,0.4159662523264177,0.5,0.5,0.45444980763035603,0.5097131531023323,0.2916666666666667,0.0,16.401135271872725,20000334
EDF,2.8590644565719234,4,0.3333333333333333,0.39678357620527155,0.3333333333333333,0.6666666666666667,0.3637827034765086,0.5816657012393174,0.3958333333333333,0.0,12.66441870830703,20000335
EDF,1.5628947986599888,3,0.25,0.27501434195167046,0.4166666666666667,0.75,0.4846051642138764,0.6281127536269734,0.5,0.0,15.050846514674491,20000336
EDF,8.310382561897384,7,0.5833333333333334,0.5096682389784705,0.5833333333333334,0.41666666666666663,0.5543099994298881,0.5528038089301917,0.3333333333333333,0.0,17.879138269739897,20000337
EDF,10.324716808536133,8,0.6666666666666666,0.6541239757689091,0.6666666666666666,0.33333333333333337,0.6051042973562478,0.48045304051524385,0.22916666666666666,0.0,20.796365889106614,20000338
EDF,8.214951280572588,7,0.5833333333333334,0.5435586073687146,0.5833333333333334,0.41666666666666663,0.5645999330902317,0.5183798772026773,0.25,0.0,17.880048358717612,20000339
EDF,0.03313329990844771,3,0.25,0.19512509596336763,0.25,0.75,0.27774081623442803,0.6199219426958952,0.4166666666666667,0.0,9.639104865333037,20000340
EDF,8.458536348593931,7,0.5833333333333334,0.5711091761525391,0.5833333333333334,0.41666666666666663,0.5493806216683326,0.55181569478412,0.3125,0.0,17.345613036230723,20000341
EDF,9.632820461376893,8,0.6666666666666666,0.5848967372074355,0.6666666666666666,0.33333333333333337,0.5645173064879341,0.5273074346443836,0.16666666666666666,0.0,18.041680365743186,20000342
EDF,8.003095837119808,7,0.5833333333333334,0.45303009274182704,0.5833333333333334,0.41666666666666663,0.44432197430243164,0.47400051228718504,0.1875,0.0,16.54137824342749,20000343
EDF,4.410159496479787,5,0.4166666666666667,0.40266040969086486,0.4166666666666667,0.5833333333333333,0.3453390421284037,0.5305739710137329,0.1875,0.0,12.455532956645028,20000344
EDF,2.9331005195408624,4,0.3333333333333333,0.34571616812733913,0.3333333333333333,0.6666666666666667,0.41703058467399573,0.5878030429028783,0.4166666666666667,0.0,13.940827536944278,20000345
EDF,2.9172314542796727,4,0.3333333333333333,0.3272835930106491,0.4166666666666667,0.6666666666666667,0.3764332602629234,0.5465707245351531,0.3333333333333333,0.0,13.089808947386262,20000346
EDF,5.023596905303282,5,0.4166666666666667,0.43137659684354146,0.5,0.5833333333333333,0.5162271365659666,0.5596087941663054,0.3333333333333333,0.0,17.199614017229834,20000347
EDF,6.852121357785785,6,0.5,0.4212245382526094,0.5833333333333334,0.5,0.5842829577897158,0.5348626537594491,0.3333333333333333,0.0,17.9643152098855,20000348
EDF,13.709731827827625,10,0.8333333333333334,0.8605140733676698,0.8333333333333334,0.16666666666666663,0.7044650035968303,0.4873446424011465,0.020833333333333332,0.0,23.701218825636552,20000349
EDF,3.0877232396302183,4,0.3333333333333333,0.33413738611408933,0.4166666666666667,0.6666666666666667,0.4469455589458365,0.6036296786703772,0.375,0.0,13.92597582310651,20000350
EDF,4.7699278420236535,5,0.4166666666666667,0.4397885195659936,0.4166666666666667,0.5833333333333333,0.4794978272431365,0.5520683964989602,0.3541666666666667,0.0,15.644589854676157,20000351
EDF,3.0291959345696062,4,0.3333333333333333,0.39496244237313954,0.4166666666666667,0.6666666666666667,0.38384594203179684,0.5706417235903936,0.3333333333333333,0.0,13.34982871400334,20000352
EDF,1.9236289499931636,3,0.25,0.2935119809695874,0.5,0.75,0.47708456874803584,0.5450012320309406,0.3333333333333333,0.0,16.043204381220225,20000353
EDF,2.2125751516930734,4,0.3333333333333333,0.32022918494781205,0.3333333333333333,0.6666666666666667,0.32572003964133134,0.5125467569192418,0.2708333333333333,0.0,11.981617217122766,20000354
EDF,6.254702551137543,6,0.5,0.5334114354602041,0.5,0.5,0.4876764252027758,0.551726516476747,0.22916666666666666,0.0,16.575970933124193,20000355
EDF,6.087799112666513,6,0.5,0.4507584953219004,0.5,0.5,0.5169239933743847,0.5405109283356221,0.3333333333333333,0.0,16.42511133155793,20000356
EDF,2.722307962621234,4,0.3333333333333333,0.3764742170658307,0.3333333333333333,0.6666666666666667,0.36275709654811,0.5902953564999313,0.3958333333333333,0.0,12.64728435944567,20000357
EDF,15.3282232047847,11,0.9166666666666666,0.9295829565302051,0.9166666666666666,0.08333333333333337,0.6131737963464,0.4359528750152634,0.0,0.0,23.568837787614882,20000358
EDF,13.619267790314263,10,0.8333333333333334,0.7267707823621701,0.8333333333333334,0.16666666666666663,0.6860157595011155,0.4383515245648,0.125,0.0,22.575659593965593,20000359
EDF,4.18895681539139,5,0.4166666666666667,0.41047522356603333,0.4166666666666667,0.5833333333333333,0.398480754425878,0.5228276900339147,0.3125,0.0,14.096791091992289,20000360
EDF,3.4674604644189677,4,0.3333333333333333,0.3538400837271441,0.5,0.6666666666666667,0.4733666524198566,0.5177622866431908,0.16666666666666666,0.0,16.172792791745934,20000361
EDF,4.495324354102123,5,0.4166666666666667,0.39372334003827847,0.4166666666666667,0.5833333333333333,0.43409443730140573,0.5863873913853654,0.3333333333333333,0.0,14.62568492165605,20000362
EDF,3.2563483025816575,4,0.3333333333333333,0.342213104064684,0.4166666666666667,0.6666666666666667,0.39443021385770943,0.5991356728085866,0.3333333333333333,0.0,13.734583078880316,20000363
EDF,4.238505148894243,5,0.4166666666666667,0.34486509059966797,0.4166666666666667,0.5833333333333333,0.3419408960883203,0.534200703655119,0.3333333333333333,0.0,12.717870148546037,20000364
EDF,-1.1382815859527495,2,0.16666666666666666,0.2280113963579546,0.16666666666666666,0.8333333333333334,0.26296915215235367,0.609839820141945,0.4583333333333333,0.0,8.928399730501432,20000365
EDF,5.095571535412812,5,0.4166666666666667,0.3958792849021715,0.4166666666666667,0.5833333333333333,0.4994459115972088,0.5641738146544543,0.3333333333333333,0.0,16.579245000036337,20000366
EDF,4.431839323648398,5,0.4166666666666667,0.42055056771840077,0.4166666666666667,0.5833333333333333,0.4749989100936256,0.5240468676676918,0.3333333333333333,0.0,14.514468887279826,20000367
EDF,4.2175199353281325,5,0.4166666666666667,0.4243698912376888,0.4166666666666667,0.5833333333333333,0.384032059799953,0.532276330859988,0.20833333333333334,0.0,13.48284317508701,20000368
EDF,6.96444499589467,6,0.5,0.4720795174442634,0.5,0.5,0.5046793635928929,0.5974980985999707,0.4375,0.0,16.547778866012198,20000369
EDF,5.612608015719699,6,0.5,0.3880760943203878,0.5,0.5,0.36235662347182734,0.519070708455667,0.2708333333333333,0.0,12.93361130749499,20000370
EDF,2.4723221589495052,4,0.3333333333333333,0.3266769663071261,0.3333333333333333,0.6666666666666667,0.41295855455256586,0.5917359851335793,0.4375,0.0,13.07398406790539,20000371
EDF,1.7630444181425515,3,0.25,0.298361637160826,0.4166666666666667,0.75,0.3881735817336221,0.5909037229281343,0.2916666666666667,0.0,13.708363345561121,20000372
EDF,9.48670000256129,8,0.6666666666666666,0.6131220484405392,0.6666666666666666,0.33333333333333337,0.5564861838313497,0.48590878866204545,0.1875,0.0,18.94548973166105,20000373
EDF,2.8283532139841316,4,0.3333333333333333,0.3366157733065209,0.4166666666666667,0.6666666666666667,0.42989749617612477,0.565429986143099,0.4166666666666667,0.0,14.237063845014838,20000374
EDF,7.548503730494408,6,0.5,0.5313092267385348,0.6666666666666666,0.5,0.6536655501719381,0.5267521371580304,0.2916666666666667,0.0,20.6168446948379,20000375
EDF,6.12397437671185,6,0.5,0.48338816592496786,0.5,0.5,0.3822970457031452,0.5243370292914926,0.2916666666666667,0.0,14.123030938946602,20000376
EDF,5.396137141297542,6,0.5,0.3393785191248262,0.5,0.5,0.36358950144395646,0.49191693374102147,0.1875,0.0,13.03237771411743,20000377
EDF,6.603006812329678,6,0.5,0.4789184639383491,0.5,0.5,0.4597799101055499,0.5238480818038976,0.2708333333333333,0.0,15.860244975651643,20000378
EDF,4.409848823680345,5,0.4166666666666667,0.46693593073945017,0.4166666666666667,0.5833333333333333,0.46499107049321386,0.5571635789852061,0.3958333333333333,0.0,14.469850753604225,20000379
EDF,8.043018870206277,7,0.5833333333333334,0.5389119683688057,0.5833333333333334,0.41666666666666663,0.5364013871332406,0.5487060784110239,0.22916666666666666,0.0,17.954631431482767,20000380
EDF,-1.0273612076721204,2,0.16666666666666666,0.23039744435021406,0.16666666666666666,0.8333333333333334,0.3122114782903911,0.6160947547298218,0.4791666666666667,0.0,9.669190339683047,20000381
EDF,15.205085407763866,11,0.9166666666666666,0.8247587964879989,0.9166666666666666,0.08333333333333337,0.6970415252132492,0.4921192203356326,0.041666666666666664,0.0,23.354325103949087,20000382
EDF,4.717842998456373,5,0.4166666666666667,0.41646762337321935,0.5,0.5833333333333333,0.40788196060725923,0.5597768892768847,0.25,0.0,14.459859106462174,20000383
EDF,5.3705741291820175,5,0.4166666666666667,0.48701431402813283,0.5,0.5833333333333333,0.46610132171247126,0.5353966974791823,0.3125,0.0,16.003060718590913,20000384
EDF,4.437830364249418,5,0.4166666666666667,0.4009833826995772,0.5,0.5833333333333333,0.395377886369319,0.5094937659715376,0.16666666666666666,0.0,13.563820966631036,20000385
EDF,1.167318201942872,3,0.25,0.2758642503726284,0.3333333333333333,0.75,0.37657178112796713,0.5724040045299085,0.4375,0.0,12.810036380616367,20000386
EDF,10.264329506772416,8,0.6666666666666666,0.6434889711436459,0.6666666666666666,0.33333333333333337,0.6678304500350051,0.4957590278532138,0.25,0.0,21.81697612899108,20000387
EDF,13.32046193921481,10,0.8333333333333334,0.7580781877798212,0.8333333333333334,0.16666666666666663,0.6681324241043488,0.4747606317094073,0.08333333333333333,0.0,22.204909032752873,20000388
EDF,9.364514777213452,7,0.5833333333333334,0.5872279158724307,0.75,0.41666666666666663,0.6801393625270062,0.5684375004984352,0.2708333333333333,0.0,21.844808240379773,20000389
EDF,8.303384744969758,7,0.5833333333333334,0.5354997542718047,0.5833333333333334,0.41666666666666663,0.599986540513476,0.5170919861343075,0.22916666666666666,0.0,19.49510793795443,20000390
EDF,3.735715218539551,4,0.3333333333333333,0.4608824605558886,0.5,0.6666666666666667,0.5022993675588996,0.596052556099011,0.3958333333333333,0.0,16.50357316132916,20000391
EDF,12.134203821456257,9,0.75,0.6887282864904639,0.75,0.25,0.5952512395384253,0.4958111046470246,0.16666666666666666,0.0,20.90589910202393,20000392
EDF,3.0496468871724804,4,0.3333333333333333,0.38245303337004294,0.3333333333333333,0.6666666666666667,0.37691666632143334,0.5952523126398342,0.4375,0.0,12.231514338881357,20000393
EDF,6.7532242367488635,6,0.5,0.41818009159993963,0.5,0.5,0.4738593153698432,0.5561449618117243,0.3333333333333333,0.0,16.236393113193724,20000394
EDF,9.675423595550534,8,0.6666666666666666,0.5279605577252484,0.6666666666666666,0.33333333333333337,0.6011230172525336,0.5079148234241478,0.25,0.0,19.884965333262688,20000395
EDF,2.6029936413082044,4,0.3333333333333333,0.39470467648374,0.3333333333333333,0.6666666666666667,0.30088445749506887,0.5466821269201434,0.3541666666666667,0.0,10.528426521020268,20000396
EDF,11.542783380149443,9,0.75,0.6894551506932916,0.75,0.25,0.5675867414695643,0.4729493319562838,0.10416666666666667,0.0,19.43822443714905,20000397
EDF,11.415632427081686,9,0.75,0.7130514639618807,0.75,0.25,0.5343970580311824,0.4967166458018344,0.10416666666666667,0.0,19.117558208350363,20000398
EDF,2.031186236319761,4,0.3333333333333333,0.3042385303946499,0.3333333333333333,0.6666666666666667,0.3241822259869212,0.5896419908511387,0.375,0.0,11.003679553398811,20000399
EDF,4.183210475865348,5,0.4166666666666667,0.4357459530663081,0.4166666666666667,0.5833333333333333,0.3921247674437465,0.5337553049806725,0.25,0.0,13.244452320150184,20000400
EDF,3.6675342593338085,4,0.3333333333333333,0.3786177424747659,0.4166666666666667,0.6666666666666667,0.42705202310928075,0.5826784427102442,0.4166666666666667,0.0,14.699757082529473,20000401
EDF,1.0784775324500373,3,0.25,0.2842842584503796,0.25,0.75,0.29823981986540643,0.6015111188292184,0.4791666666666667,0.0,9.784896484736283,20000402
EDF,6.551623331013607,6,0.5,0.4236733725202319,0.5,0.5,0.45937370322676974,0.5503247430828115,0.2708333333333333,0.0,15.852401790792673,20000403
EDF,-0.805528342683762,2,0.16666666666666666,0.19840243448167652,0.3333333333333333,0.8333333333333334,0.308703565192621,0.5783664611952297,0.2916666666666667,0.0,10.385097633238766,20000404
EDF,0.8097228850116318,3,0.25,0.2598686706532034,0.25,0.75,0.2734871226902113,0.5488897478104745,0.3333333333333333,0.0,10.318835763846538,20000405
EDF,8.566810177138038,7,0.5833333333333334,0.5545989984316994,0.5833333333333334,0.41666666666666663,0.5810827728409135,0.554978087329578,0.3541666666666667,0.0,18.20575178911722,20000406
EDF,6.488574117530405,6,0.5,0.49425897948652703,0.5,0.5,0.535806558609664,0.5563527634367468,0.3541666666666667,0.0,17.062408792147284,20000407
EDF,4.587081400669047,5,0.4166666666666667,0.3590897053691358,0.5833333333333334,0.5833333333333333,0.3926148011979498,0.49183707226045,0.10416666666666667,0.0,15.556094989420407,20000408
EDF,2.976099798155893,4,0.3333333333333333,0.350818843947508,0.4166666666666667,0.6666666666666667,0.5123428195718583,0.5943859281152961,0.4583333333333333,0.0,16.058266783045063,20000409
EDF,10.0765350599859,8,0.6666666666666666,0.6469055020827383,0.6666666666666666,0.33333333333333337,0.5344660370170614,0.49700469192799135,0.10416666666666667,0.0,18.591094059093052,20000410
EDF,2.7639427462956494,4,0.3333333333333333,0.3840954151591872,0.3333333333333333,0.6666666666666667,0.37354596585227434,0.5536887725843226,0.3958333333333333,0.0,11.835583439676755,20000411
EDF,2.9655206540543926,4,0.3333333333333333,0.38358605433170506,0.3333333333333333,0.6666666666666667,0.4079907459204171,0.5955440553623946,0.4166666666666667,0.0,13.209074340481914,20000412
EDF,2.5387425726993156,4,0.3333333333333333,0.39890507654370905,0.3333333333333333,0.6666666666666667,0.37527997675808944,0.5650106325229259,0.375,0.0,13.030026182008495,20000413
EDF,6.334178493474056,6,0.5,0.46118093765521334,0.5,0.5,0.45488247174397234,0.5452244203904223,0.3333333333333333,0.0,15.397520621953731,20000414
EDF,8.792020896368511,7,0.5833333333333334,0.6100464350816202,0.5833333333333334,0.41666666666666663,0.5545677243479029,0.5694100664201657,0.3125,0.0,18.23310403742961,20000415
EDF,4.573150433112263,5,0.4166666666666667,0.3921369066440097,0.5,0.5833333333333333,0.4410516951922185,0.5367936677907209,0.22916666666666666,0.0,14.542831046776085,20000416
EDF,6.492844873158717,6,0.5,0.5012181624390462,0.5,0.5,0.47406586013917335,0.5291088914311101,0.2916666666666667,0.0,15.543830947413236,20000417
EDF,8.51441082872731,7,0.5833333333333334,0.7055249150008058,0.5833333333333334,0.41666666666666663,0.4987274981582083,0.5058230455769605,0.22916666666666666,0.0,17.491327441428425,20000418
EDF,0.27330301380392363,3,0.25,0.225568784044378,0.25,0.75,0.2810991185399753,0.6192547678962372,0.4791666666666667,0.0,8.847504067092851,20000419
EDF,11.353161508667066,9,0.75,0.6463560851814316,0.75,0.25,0.6570849621346371,0.48128956285417424,0.22916666666666666,0.0,21.07169923518175,20000420
EDF,0.9586831552234027,3,0.25,0.2901023323844606,0.25,0.75,0.3059487511590921,0.6135560369526946,0.5,0.0,10.32590383223658,20000421
EDF,9.628933541445578,8,0.6666666666666666,0.5354674424801596,0.6666666666666666,0.33333333333333337,0.46599325764373023,0.44346050777349316,0.0625,0.0,17.820277623594443,20000422
EDF,11.200681096845639,9,0.75,0.6360579832199457,0.75,0.25,0.5062247427506984,0.4716196394577447,0.08333333333333333,0.0,18.63300172039938,20000423
EDF,3.444238426916156,4,0.3333333333333333,0.37476090833259806,0.5,0.6666666666666667,0.4348287705948412,0.5453763322300041,0.1875,0.0,14.949357682567555,20000424
EDF,2.3282151152388817,4,0.3333333333333333,0.29200626216614234,0.3333333333333333,0.6666666666666667,0.3355653159132217,0.5569200140386974,0.3333333333333333,0.0,11.377433804403761,20000425
EDF,7.640450161400647,7,0.5833333333333334,0.45420122155881976,0.5833333333333334,0.41666666666666663,0.561639236922919,0.5238615673663047,0.2708333333333333,0.0,17.66008006565251,20000426
EDF,12.044162138595343,9,0.75,0.6671671072217922,0.75,0.25,0.6116366749003456,0.4818478769163997,0.22916666666666666,0.0,20.659635440373965,20000427
EDF,12.418980774861495,9,0.75,0.693057984916168,0.75,0.25,0.6760419980583232,0.496211810428074,0.1875,0.0,23.547379058340677,20000428
EDF,6.047537114693206,6,0.5,0.5373091343480335,0.5,0.5,0.4926086348300969,0.5598839998623274,0.3125,0.0,15.610534926494697,20000429
EDF,5.229362568216722,6,0.5,0.38876191157314044,0.5,0.5,0.46302625487552734,0.5262527217958075,0.3333333333333333,0.0,14.848606024311923,20000430
EDF,4.355853272003108,5,0.4166666666666667,0.39231378912873716,0.4166666666666667,0.5833333333333333,0.3797699913555472,0.5481770080438113,0.3541666666666667,0.0,13.147438766705566,20000431
EDF,8.541684731494183,7,0.5833333333333334,0.5616977721155416,0.6666666666666666,0.41666666666666663,0.6051400271395811,0.5236527561935086,0.16666666666666666,0.0,20.145401243781013,20000432
EDF,2.7760373507069316,4,0.3333333333333333,0.297774458441008,0.4166666666666667,0.6666666666666667,0.4493560526939582,0.5760739327797889,0.375,0.0,13.807416886206491,20000433
EDF,7.037626183984312,6,0.5,0.5092632555119149,0.5833333333333334,0.5,0.497753397563967,0.5563793285910399,0.3125,0.0,17.132683607208342,20000434
EDF,10.896574616205342,8,0.6666666666666666,0.728477131224268,0.6666666666666666,0.33333333333333337,0.6581228905224233,0.5233675001683076,0.3125,0.0,21.149872603791184,20000435
EDF,14.128613648313436,10,0.8333333333333334,0.8301642378986454,0.8333333333333334,0.16666666666666663,0.6690962814204932,0.501560275958961,0.125,0.0,22.8215341207836,20000436
EDF,4.42993249853481,5,0.4166666666666667,0.44823501196364046,0.4166666666666667,0.5833333333333333,0.49521585999628925,0.5703066677573496,0.3958333333333333,0.0,15.336946323593818,20000437
EDF,1.641793110717444,4,0.3333333333333333,0.21903323799561944,0.3333333333333333,0.6666666666666667,0.29277773146310276,0.5231197933249885,0.3125,0.0,10.943965462888915,20000438
EDF,2.7100470004142077,4,0.3333333333333333,0.30104522301867503,0.3333333333333333,0.6666666666666667,0.3742005034482288,0.5714813645905571,0.3958333333333333,0.0,12.243842467677583,20000439
EDF,10.741515617144277,9,0.75,0.6051829383398557,0.75,0.25,0.5161087552154809,0.45858779536081934,0.041666666666666664,0.0,18.001875273741174,20000440
EDF,2.3015811998202667,4,0.3333333333333333,0.2762307048708143,0.3333333333333333,0.6666666666666667,0.2762926392247064,0.5813867900015858,0.3333333333333333,0.0,9.776146146644395,20000441
EDF,13.409444115211114,10,0.8333333333333334,0.7337190744667499,0.8333333333333334,0.16666666666666663,0.6240639590596078,0.47498445823588004,0.1875,0.0,21.47010683084801,20000442
EDF,6.905105861066339,6,0.5,0.443109219170377,0.5833333333333334,0.5,0.5969864610958749,0.5606060316473978,0.375,0.0,18.24532252087379,20000443
EDF,4.460573124730786,5,0.4166666666666667,0.3791440073111821,0.4166666666666667,0.5833333333333333,0.4028239505094709,0.5450530748714767,0.3333333333333333,0.0,13.490818902072,20000444
EDF,2.448567232101156,4,0.3333333333333333,0.3153313136169823,0.3333333333333333,0.6666666666666667,0.389712314079363,0.5652504154306053,0.4166666666666667,0.0,12.157732205281574,20000445
EDF,5.198481136733846,5,0.4166666666666667,0.38435072868932996,0.5833333333333334,0.5833333333333333,0.5583607631081132,0.515098973754446,0.2916666666666667,0.0,18.421031290104732,20000446
EDF,5.05676014099323,5,0.4166666666666667,0.3888843746312408,0.4166666666666667,0.5833333333333333,0.46948710986386716,0.5848136440700045,0.375,0.0,15.843631263943525,20000447
EDF,7.166023851185685,6,0.5,0.5321219622621474,0.5833333333333334,0.5,0.5770464342818394,0.572446258196051,0.3541666666666667,0.0,19.550061879238577,20000448
EDF,7.949546384650052,7,0.5833333333333334,0.5139305990430153,0.5833333333333334,0.41666666666666663,0.46627355628330314,0.4840649554612451,0.20833333333333334,0.0,16.816755627157526,20000449
EDF,8.934348471613248,7,0.5833333333333334,0.481014903375523,0.6666666666666666,0.41666666666666663,0.6048875662385761,0.5797262389422233,0.25,0.0,19.707409082512424,20000450
EDF,5.901830133635308,6,0.5,0.42331201303202726,0.5,0.5,0.4934438441535942,0.5092198930303682,0.3125,0.0,16.208265585311413,20000451
EDF,9.107553426074793,7,0.5833333333333334,0.5319766505703135,0.5833333333333334,0.41666666666666663,0.62471708773781,0.558710949082117,0.3541666666666667,0.0,20.45568337150141,20000452
EDF,-1.0957501202505222,2,0.16666666666666666,0.20995310806147044,0.16666666666666666,0.8333333333333334,0.2371469714647476,0.6633153513453726,0.5416666666666666,0.0,7.62988948620858,20000453
EDF,0.9448128097697488,3,0.25,0.3304775017688371,0.25,0.75,0.32592939102019,0.624747106871772,0.5,0.0,10.575118767787572,20000454
EDF,6.520263128608661,6,0.5,0.5100856223137241,0.5,0.5,0.4979267839320607,0.5478482589249726,0.2708333333333333,0.0,15.932339726739945,20000455
EDF,8.030451785131094,7,0.5833333333333334,0.5343558880817414,0.5833333333333334,0.41666666666666663,0.5085884711471055,0.5432444778281204,0.25,0.0,16.875561766937068,20000456
EDF,2.5523092069570232,4,0.3333333333333333,0.29220328834618275,0.3333333333333333,0.6666666666666667,0.33426048437141537,0.5621721803914818,0.375,0.0,11.321750182147246,20000457
EDF,-0.650198751819314,2,0.16666666666666666,0.20639932808269387,0.25,0.8333333333333334,0.34725711799606973,0.6692303550919031,0.5416666666666666,0.0,10.775817975524149,20000458
EDF,12.314507374781098,9,0.75,0.7044890681446524,0.75,0.25,0.6816063546820165,0.5521399713736149,0.2916666666666667,0.0,22.469775321415604,20000459
EDF,12.155657128468404,9,0.75,0.7343466868599648,0.75,0.25,0.60212346543379,0.4684551555217793,0.22916666666666666,0.0,20.63914282117101,20000460
EDF,3.580314645148416,4,0.3333333333333333,0.3360473107823956,0.5,0.6666666666666667,0.5402176159664503,0.5980667437286639,0.4375,0.0,16.804273714186277,20000461
EDF,10.432958368217477,8,0.6666666666666666,0.6807940787169485,0.6666666666666666,0.33333333333333337,0.6267533518981513,0.544143665360854,0.2708333333333333,0.0,20.82975480863909,20000462
EDF,8.429728989105547,7,0.5833333333333334,0.5039676809942278,0.5833333333333334,0.41666666666666663,0.5650339999950136,0.5066795352896164,0.25,0.0,19.092748154023514,20000463
EDF,3.4356908798604655,4,0.3333333333333333,0.4349791117660502,0.4166666666666667,0.6666666666666667,0.3784503199997265,0.5574696937759983,0.375,0.0,13.748052814044406,20000464
EDF,6.2099241710592175,6,0.5,0.48369564183734154,0.5,0.5,0.5045142380329469,0.5136000920752113,0.2708333333333333,0.0,16.62226530220334,20000465
EDF,2.803750209422075,4,0.3333333333333333,0.35538686770191225,0.3333333333333333,0.6666666666666667,0.34096255096917577,0.5419209075918482,0.3541666666666667,0.0,11.98932766304705,20000466
EDF,8.03066089520901,7,0.5833333333333334,0.537646909276237,0.6666666666666666,0.41666666666666663,0.4926461455733606,0.4402366028200082,0.0625,0.0,17.611083707143482,20000467
EDF,4.322814230231274,5,0.4166666666666667,0.4458050451462474,0.4166666666666667,0.5833333333333333,0.3722014176371986,0.5659122023839896,0.3125,0.0,13.559110032354855,20000468
EDF,0.583418647543283,3,0.25,0.2884331858022019,0.25,0.75,0.3202001768714546,0.5909593084104633,0.4166666666666667,0.0,10.901342330133652,20000469
EDF,7.873551133947515,7,0.5833333333333334,0.6008787735277311,0.5833333333333334,0.41666666666666663,0.46905161279671265,0.5354093979507669,0.20833333333333334,0.0,16.408169605811864,20000470
EDF,9.20879031080554,7,0.5833333333333334,0.6151485043940995,0.6666666666666666,0.41666666666666663,0.6357974367136174,0.5387393422694929,0.3333333333333333,0.0,19.73368168434436,20000471
EDF,6.334252927925071,6,0.5,0.44902833144736554,0.5,0.5,0.4644799502969634,0.5232444438222063,0.3333333333333333,0.0,15.946059373134457,20000472
EDF,9.758639766485674,8,0.6666666666666666,0.5877245660651064,0.6666666666666666,0.33333333333333337,0.5718448628739591,0.4986208198860078,0.125,0.0,18.99808021631436,20000473
EDF,7.24077241441209,6,0.5,0.5188225414924715,0.5833333333333334,0.5,0.5184626090314266,0.5433837328174169,0.3125,0.0,17.754257219220285,20000474
EDF,7.230503338980796,6,0.5,0.509009805333872,0.5833333333333334,0.5,0.5469584879058721,0.5539675964499043,0.3541666666666667,0.0,18.10316362386868,20000475
EDF,4.532399315690999,5,0.4166666666666667,0.42690234429042573,0.5,0.5833333333333333,0.42724783281402745,0.5412594895641544,0.2708333333333333,0.0,14.640052757661127,20000476
EDF,2.542195722545106,4,0.3333333333333333,0.3437608498686751,0.3333333333333333,0.6666666666666667,0.4022829783366997,0.5666351679920548,0.3958333333333333,0.0,13.588457761668751,20000477
EDF,7.068194213875493,6,0.5,0.5133534805451442,0.5,0.5,0.5225985313593186,0.5515072082802746,0.3333333333333333,0.0,17.105465059100165,20000478
EDF,4.419431186531691,5,0.4166666666666667,0.38011260492182,0.4166666666666667,0.5833333333333333,0.38045765960463535,0.5418705879180222,0.2708333333333333,0.0,12.882398535902993,20000479
EDF,10.326957462180212,8,0.6666666666666666,0.5390922519191726,0.6666666666666666,0.33333333333333337,0.662167702055037,0.5385069042238613,0.22916666666666666,0.0,21.016678091245694,20000480
EDF,8.31924402421255,7,0.5833333333333334,0.5587265394132058,0.6666666666666666,0.41666666666666663,0.5261324772663588,0.46277858600648125,0.125,0.0,18.544470923961743,20000481
EDF,4.95741693028584,5,0.4166666666666667,0.40662714811148776,0.4166666666666667,0.5833333333333333,0.4307470778140219,0.578887315580099,0.3541666666666667,0.0,14.440119484200745,20000482
EDF,11.8949725318149,9,0.75,0.6863095583142139,0.75,0.25,0.5919759528515433,0.4433652687656939,0.10416666666666667,0.0,20.80835038831304,20000483
EDF,2.9716039172901247,4,0.3333333333333333,0.35900590065177923,0.3333333333333333,0.6666666666666667,0.35164427011988875,0.5911419830903681,0.3958333333333333,0.0,12.336969752828727,20000484
EDF,4.192963838873349,5,0.4166666666666667,0.36336436499274505,0.4166666666666667,0.5833333333333333,0.3336689583010979,0.5445857817328079,0.20833333333333334,0.0,12.25181537773346,20000485
EDF,6.262547009026122,6,0.5,0.46736035939979753,0.5,0.5,0.4968103658209193,0.544766818545142,0.2916666666666667,0.0,16.824739314761644,20000486
EDF,6.602406476026282,6,0.5,0.4902934675768159,0.5,0.5,0.4967463344427079,0.5283513803264356,0.3125,0.0,16.573615109177638,20000487
EDF,7.366506593804429,6,0.5,0.5281342508775182,0.5833333333333334,0.5,0.5256846792470086,0.5258865142410879,0.2708333333333333,0.0,18.59817258208725,20000488
EDF,6.442285426332591,6,0.5,0.44499361680447286,0.5,0.5,0.4522724556644547,0.5340099290562974,0.25,0.0,15.068503997037983,20000489
EDF,2.247805105954569,4,0.3333333333333333,0.32500622595243966,0.3333333333333333,0.6666666666666667,0.343682218718994,0.6100072943769,0.4375,0.0,11.205088120716434,20000490
EDF,4.434719202213991,5,0.4166666666666667,0.3644653535724186,0.4166666666666667,0.5833333333333333,0.4479468896738246,0.5683761306948212,0.3958333333333333,0.0,16.224157025430767,20000491
EDF,7.027214028750613,6,0.5,0.5667992215608707,0.5,0.5,0.5193370471491334,0.5943458531776117,0.375,0.0,16.686930876183812,20000492
EDF,0.6969498536926491,3,0.25,0.28145930826905396,0.25,0.75,0.2919505607823513,0.6335485108783612,0.4583333333333333,0.0,9.554835801657768,20000493
EDF,7.913716634315943,7,0.5833333333333334,0.5159691976636296,0.5833333333333334,0.41666666666666663,0.5068294366437692,0.5269236792086951,0.16666666666666666,0.0,18.019137546266325,20000494
EDF,2.0609391018633287,4,0.3333333333333333,0.27162571698966714,0.3333333333333333,0.6666666666666667,0.3241484446581696,0.559418612436869,0.3541666666666667,0.0,11.302027175232404,20000495
EDF,13.800972471266974,10,0.8333333333333334,0.7749005052239533,0.8333333333333334,0.16666666666666663,0.7068422932436956,0.45142567714577014,0.16666666666666666,0.0,24.858878636742553,20000496
EDF,7.690873842433078,7,0.5833333333333334,0.4868292631624351,0.5833333333333334,0.41666666666666663,0.44942736705744296,0.5078564536350099,0.20833333333333334,0.0,15.485744910697948,20000497
EDF,4.539913089168849,5,0.4166666666666667,0.34703661212713455,0.5,0.5833333333333333,0.3944259781512692,0.5114641984996795,0.16666666666666666,0.0,14.075207230971355,20000498
EDF,2.606590894521629,4,0.3333333333333333,0.3531619769184442,0.3333333333333333,0.6666666666666667,0.339985931995572,0.5784916108000796,0.375,0.0,11.50071073987334,20000499
SPT,11.638018238313625,9,0.75,0.6018244027602682,0.75,0.25,0.6294804664309773,0.5167842262315929,0.20833333333333334,0.0,20.96690135120318,20000000
SPT,8.496512362990186,7,0.5833333333333334,0.4485183439527583,0.75,0.41666666666666663,0.6180188390270179,0.4816131992497969,0.16666666666666666,0.0,20.87444861848222,20000001
SPT,10.222492181259458,8,0.6666666666666666,0.5435791840091532,0.75,0.33333333333333337,0.7112347692369617,0.5143629715573996,0.22916666666666666,0.0,22.74876581947806,20000002
SPT,11.597235812588575,9,0.75,0.6214860929545634,0.75,0.25,0.5234611590190056,0.44008402266683894,0.08333333333333333,0.0,19.243089531471437,20000003
SPT,9.076862909010352,8,0.6666666666666666,0.48628242058236903,0.6666666666666666,0.33333333333333337,0.45507527944538695,0.3957748513098309,0.08333333333333333,0.0,17.762454368141654,20000004
SPT,4.4779592144361215,5,0.4166666666666667,0.2925884422133976,0.5833333333333334,0.5833333333333333,0.5308999717671411,0.48875063902535976,0.1875,0.0,18.069224837558533,20000005
SPT,8.326634096389336,7,0.5833333333333334,0.4674437175432769,0.5833333333333334,0.41666666666666663,0.5465004262061824,0.5111823759753286,0.2708333333333333,0.0,17.921290757725394,20000006
SPT,5.835991071817778,6,0.5,0.32135585289066754,0.5833333333333334,0.5,0.47829304544849355,0.49565525592202747,0.1875,0.0,16.01222763217149,20000007
SPT,2.204043211113099,4,0.3333333333333333,0.27175037233213845,0.3333333333333333,0.6666666666666667,0.3012269638582716,0.5325993380567652,0.3125,0.0,11.137029363774172,20000008
SPT,6.305898901897688,6,0.5,0.35249258332735145,0.6666666666666666,0.5,0.5202207779834368,0.4959367218037068,0.22916666666666666,0.0,17.83591929138921,20000009
SPT,7.823985366657636,7,0.5833333333333334,0.4299865229985015,0.5833333333333334,0.41666666666666663,0.4960560883416317,0.4519687346049663,0.14583333333333334,0.0,17.050059061229206,20000010
SPT,10.191452488686995,8,0.6666666666666666,0.5608761296554909,0.8333333333333334,0.33333333333333337,0.6219602344821108,0.44794760620845236,0.08333333333333333,0.0,21.458343498419726,20000011
SPT,9.530237051579316,8,0.6666666666666666,0.45925979800858796,0.75,0.33333333333333337,0.6132421272777889,0.45731423728604215,0.1875,0.0,20.299990566316,20000012
SPT,8.403069008163136,7,0.5833333333333334,0.4901908242684329,0.6666666666666666,0.41666666666666663,0.4980520688248314,0.4771626814396515,0.08333333333333333,0.0,18.362283431834477,20000013
SPT,6.075993782159681,6,0.5,0.37584189195480205,0.5833333333333334,0.5,0.48942022863655693,0.49039387290613545,0.125,0.0,16.71194625142681,20000014
SPT,14.340455593448468,10,0.8333333333333334,0.7389424274111321,0.8333333333333334,0.16666666666666663,0.7122624209742877,0.5081801021948696,0.25,0.0,23.35113898362118,20000015
SPT,6.134300140454749,6,0.5,0.3598806058763358,0.6666666666666666,0.5,0.4635760850914195,0.471215455561544,0.10416666666666667,0.0,16.73405994971152,20000016
SPT,9.602052071817768,8,0.6666666666666666,0.5638217378640892,0.6666666666666666,0.33333333333333337,0.49110478262961443,0.49315532690464653,0.041666666666666664,0.0,18.453500912698416,20000017
SPT,6.899893747603356,6,0.5,0.45108056153070897,0.5,0.5,0.5392035977510646,0.5801563727897189,0.3958333333333333,0.0,17.234038529719207,20000018
SPT,13.85615561328606,10,0.8333333333333334,0.7303747128313246,0.8333333333333334,0.16666666666666663,0.7058945424325614,0.4579971018090118,0.16666666666666666,0.0,23.78147306089781,20000019
SPT,7.974872771177305,7,0.5833333333333334,0.4171760025102818,0.6666666666666666,0.41666666666666663,0.564319263172548,0.4644050283083194,0.16666666666666666,0.0,18.964946405141056,20000020
SPT,11.71867909754657,9,0.75,0.64440025454073,0.8333333333333334,0.25,0.5930853018043108,0.4014019349935462,0.0,0.0,21.156337377048242,20000021
SPT,3.736096923743025,5,0.4166666666666667,0.3268132296972518,0.4166666666666667,0.5833333333333333,0.3282200529493693,0.4623189410416075,0.1875,0.0,12.934872713916047,20000022
SPT,7.902820600011902,7,0.5833333333333334,0.4601539343612127,0.5833333333333334,0.41666666666666663,0.5433102739454395,0.5015042705496418,0.20833333333333334,0.0,17.862581319618457,20000023
SPT,12.41639168736809,9,0.75,0.6561813250393703,0.8333333333333334,0.25,0.705151049557878,0.4645299855733538,0.16666666666666666,0.0,23.314121464242966,20000024
SPT,4.867346707751167,5,0.4166666666666667,0.3750126995070118,0.5,0.5833333333333333,0.4414430214822664,0.5590335215625833,0.2708333333333333,0.0,14.810898273338239,20000025
SPT,11.2601924230738,9,0.75,0.6010975489531183,0.75,0.25,0.5963541020671692,0.4736758692744605,0.08333333333333333,0.0,20.074705290896414,20000026
SPT,9.291411579957694,8,0.6666666666666666,0.49848385916764604,0.6666666666666666,0.33333333333333337,0.5110386779821322,0.4548813758308452,0.08333333333333333,0.0,17.83029291018907,20000027
SPT,7.735808836918322,7,0.5833333333333334,0.4581989024656305,0.6666666666666666,0.41666666666666663,0.5498718907795933,0.4492203702817698,0.10416666666666667,0.0,18.76251857613695,20000028
SPT,8.803485198236832,8,0.6666666666666666,0.45191212944841064,0.6666666666666666,0.33333333333333337,0.490860335557681,0.4039137024323751,0.0625,0.0,17.676849250462755,20000029
SPT,2.5494420161446723,4,0.3333333333333333,0.2772785387778201,0.3333333333333333,0.6666666666666667,0.3089120862058447,0.5329386369350301,0.3125,0.0,10.840207355465727,20000030
SPT,8.203613525567537,7,0.5833333333333334,0.4876997090080693,0.5833333333333334,0.41666666666666663,0.5315343769356132,0.4826736533129428,0.1875,0.0,17.615943670483635,20000031
SPT,7.972889105456124,7,0.5833333333333334,0.43423997102097245,0.6666666666666666,0.41666666666666663,0.5845145690403845,0.4991746986531191,0.22916666666666666,0.0,19.17599141994354,20000032
SPT,8.206346113571147,7,0.5833333333333334,0.42794062817535744,0.6666666666666666,0.41666666666666663,0.5778164931070632,0.5190681842209052,0.2916666666666667,0.0,18.354618323334503,20000033
SPT,9.601411626460756,8,0.6666666666666666,0.5018888747589305,0.6666666666666666,0.33333333333333337,0.49218867791975285,0.44588322243208695,0.16666666666666666,0.0,17.76761037307497,20000034
SPT,9.695790802782529,8,0.6666666666666666,0.5204916881295139,0.6666666666666666,0.33333333333333337,0.5360951304511109,0.4951053421104583,0.22916666666666666,0.0,18.679649911568337,20000035
SPT,12.662594919910447,10,0.8333333333333334,0.6743699580680451,0.8333333333333334,0.16666666666666663,0.5885564465335749,0.3756497114503084,0.0625,0.0,21.209471925396574,20000036
SPT,10.44604583419869,8,0.6666666666666666,0.5680891989410942,0.6666666666666666,0.33333333333333337,0.596310345223435,0.5262471923516235,0.25,0.0,19.624421332170947,20000037
SPT,11.604605907291642,9,0.75,0.6162550224034812,0.75,0.25,0.5676764300029548,0.45509887442214064,0.08333333333333333,0.0,20.35415460293243,20000038
SPT,8.118419276406847,7,0.5833333333333334,0.48401919888710526,0.5833333333333334,0.41666666666666663,0.5359748432841284,0.47561572856551965,0.14583333333333334,0.0,17.934436036686968,20000039
SPT,6.528981694125302,6,0.5,0.4100535567076007,0.5,0.5,0.4565224476840218,0.4957912263798216,0.20833333333333334,0.0,15.680540776483229,20000040
SPT,11.895329978772116,9,0.75,0.6080376190668283,0.75,0.25,0.6836849357383539,0.45387281430198395,0.1875,0.0,22.852824596057086,20000041
SPT,9.804822769343048,8,0.6666666666666666,0.4902329077329876,0.75,0.33333333333333337,0.6053358111092634,0.47732936596145276,0.16666666666666666,0.0,20.631963405139363,20000042
SPT,9.644799290818842,8,0.6666666666666666,0.5568272014885948,0.6666666666666666,0.33333333333333337,0.52716453672917,0.44079130344330814,0.020833333333333332,0.0,18.71589676349596,20000043
SPT,4.696439849404427,5,0.4166666666666667,0.31717491083002725,0.5833333333333334,0.5833333333333333,0.4961445711872036,0.5083242322307658,0.22916666666666666,0.0,16.21711968783525,20000044
SPT,6.159643704539997,6,0.5,0.3830191401836617,0.5,0.5,0.4096361209651063,0.512907596385726,0.22916666666666666,0.0,14.753116655128386,20000045
SPT,5.831135522497014,6,0.5,0.36507702417126947,0.5,0.5,0.4501148359808476,0.5414961351054253,0.2708333333333333,0.0,15.707518065526529,20000046
SPT,12.987863328198653,10,0.8333333333333334,0.689469139428535,0.8333333333333334,0.16666666666666663,0.5971067842918653,0.3774071498596617,0.0625,0.0,20.594310671968955,20000047
SPT,7.901850776353033,7,0.5833333333333334,0.4630711032812445,0.5833333333333334,0.41666666666666663,0.4394947814663588,0.5043471290812537,0.20833333333333334,0.0,16.12921258542039,20000048
SPT,11.449871233204679,9,0.75,0.6154782980950892,0.75,0.25,0.5415650538667317,0.42600454756048595,0.0625,0.0,19.008757366486712,20000049
SPT,11.573652662349073,9,0.75,0.5997988631372276,0.75,0.25,0.545175698089297,0.42215896519430424,0.125,0.0,19.184131655872676,20000050
SPT,9.922078121170394,8,0.6666666666666666,0.5331911874683997,0.6666666666666666,0.33333333333333337,0.5810189669951792,0.49729380611783713,0.20833333333333334,0.0,20.156429682604905,20000051
SPT,6.610192011122778,6,0.5,0.37874749221425474,0.6666666666666666,0.5,0.5611154101948931,0.5198560125606524,0.22916666666666666,0.0,18.808929367816653,20000052
SPT,9.910827822508868,8,0.6666666666666666,0.5249647616205179,0.75,0.33333333333333337,0.5870555616768197,0.4664705845310298,0.125,0.0,20.40733487550082,20000053
SPT,11.732567000345737,9,0.75,0.6144546027491897,0.75,0.25,0.6025391459167687,0.46356531666249584,0.125,0.0,21.579779895666732,20000054
SPT,8.235949431591658,7,0.5833333333333334,0.41459790825273696,0.75,0.41666666666666663,0.6172881453164416,0.4797551230403907,0.1875,0.0,20.063769007994562,20000055
SPT,9.893403646051466,8,0.6666666666666666,0.5060396671148923,0.75,0.33333333333333337,0.557912000909778,0.4575739887445868,0.14583333333333334,0.0,19.75362179165518,20000056
SPT,4.359524457034318,5,0.4166666666666667,0.3183075093371349,0.4166666666666667,0.5833333333333333,0.4375656676783093,0.5421132472656155,0.3333333333333333,0.0,14.756364706100554,20000057
SPT,9.387129046585107,8,0.6666666666666666,0.502770912203083,0.6666666666666666,0.33333333333333337,0.4794364248178054,0.4386451462575387,0.125,0.0,17.40210776717978,20000058
SPT,8.52048763727711,7,0.5833333333333334,0.47992467866798943,0.5833333333333334,0.41666666666666663,0.5159152604685936,0.5330301338826863,0.25,0.0,17.149021435735012,20000059
SPT,11.75584937283656,9,0.75,0.6088002805754497,0.75,0.25,0.6596828860583831,0.4578886759931233,0.14583333333333334,0.0,22.418123726215835,20000060
SPT,4.4195581844649094,5,0.4166666666666667,0.2937704977467842,0.5,0.5833333333333333,0.459467848414634,0.5335082157347967,0.2708333333333333,0.0,15.94684862806648,20000061
SPT,10.56864469885807,8,0.6666666666666666,0.5550341192767443,0.6666666666666666,0.33333333333333337,0.6399935532507758,0.5248571715105582,0.2708333333333333,0.0,20.493101159136252,20000062
SPT,8.043143396639275,7,0.5833333333333334,0.4490116384941528,0.5833333333333334,0.41666666666666663,0.4639957053293897,0.4846304212679682,0.16666666666666666,0.0,16.499708378000065,20000063
SPT,11.947972825596738,9,0.75,0.603943946462186,0.8333333333333334,0.25,0.6485316628848726,0.41509198298154965,0.14583333333333334,0.0,22.38902530874632,20000064
SPT,7.6752318884887245,7,0.5833333333333334,0.414739488768574,0.5833333333333334,0.41666666666666663,0.4901238200143509,0.5134970847385172,0.20833333333333334,0.0,16.74689808202477,20000065
SPT,10.671653341398766,8,0.6666666666666666,0.5543647206695951,0.75,0.33333333333333337,0.6688531299444417,0.4854210253818784,0.22916666666666666,0.0,22.17341796614977,20000066
SPT,10.570536921361597,8,0.6666666666666666,0.5414671940302918,0.8333333333333334,0.33333333333333337,0.7013363443071611,0.5105349529925628,0.16666666666666666,0.0,23.73097564128682,20000067
SPT,6.634692074486015,6,0.5,0.3935428391239667,0.5833333333333334,0.5,0.5195066426108281,0.48562750812614225,0.1875,0.0,18.39020921644206,20000068
SPT,9.926380908800605,8,0.6666666666666666,0.4917418976229022,0.8333333333333334,0.33333333333333337,0.7357173257782632,0.4719087345679227,0.16666666666666666,0.0,23.46603092686384,20000069
SPT,12.435016550496847,9,0.75,0.6777677982160152,0.75,0.25,0.6408138132325899,0.49906793389357434,0.16666666666666666,0.0,22.03578178477931,20000070
SPT,4.357412469256447,5,0.4166666666666667,0.3082891861899211,0.5,0.5833333333333333,0.3933345981651599,0.538361349077745,0.2916666666666667,0.0,13.942415442179906,20000071
SPT,6.177002829556487,6,0.5,0.3751222733362928,0.6666666666666666,0.5,0.5168358468373037,0.41284233946470117,0.020833333333333332,0.0,19.027222000519735,20000072
SPT,7.471211453497197,7,0.5833333333333334,0.40420792218498647,0.5833333333333334,0.41666666666666663,0.4882534106689565,0.492397838836365,0.22916666666666666,0.0,16.92051567011397,20000073
SPT,6.19271378094159,6,0.5,0.3732791390494325,0.5833333333333334,0.5,0.45028720964026475,0.4738488205268383,0.125,0.0,15.876896560082477,20000074
SPT,4.5145290615312135,5,0.4166666666666667,0.29953482884114085,0.5,0.5833333333333333,0.5037356988986531,0.5082075181117115,0.2916666666666667,0.0,15.79533366112889,20000075
SPT,6.3825311244242044,6,0.5,0.3986866521439332,0.5,0.5,0.42555111579040134,0.539390673546855,0.2708333333333333,0.0,15.325955074441959,20000076
SPT,12.01928585858538,9,0.75,0.6227492790477936,0.8333333333333334,0.25,0.6569208601622406,0.46485267015265036,0.20833333333333334,0.0,22.224111889044575,20000077
SPT,9.57180541506176,8,0.6666666666666666,0.5249526298360363,0.6666666666666666,0.33333333333333337,0.4910937493232,0.42586793542944695,0.041666666666666664,0.0,18.046988639953938,20000078
SPT,7.81621136121916,7,0.5833333333333334,0.40284672994241116,0.6666666666666666,0.41666666666666663,0.5379192336101184,0.4512093313900454,0.14583333333333334,0.0,18.996018084135205,20000079
SPT,10.444126453054068,8,0.6666666666666666,0.5546413241420809,0.6666666666666666,0.33333333333333337,0.6495070970121449,0.535346234300452,0.20833333333333334,0.0,21.442651618774804,20000080
SPT,6.228399089625762,6,0.5,0.38464919423959276,0.5,0.5,0.41099887450399697,0.5017589967676197,0.22916666666666666,0.0,14.439819389811706,20000081
SPT,11.661864481701276,9,0.75,0.6053794308438661,0.8333333333333334,0.25,0.6926918174045612,0.3989626253082903,0.08333333333333333,0.0,23.4029486583347,20000082
SPT,9.981442568800638,8,0.6666666666666666,0.5195404789713137,0.75,0.33333333333333337,0.5718662143934788,0.4730799924301006,0.08333333333333333,0.0,20.189516792818775,20000083
SPT,9.573068942458612,8,0.6666666666666666,0.49773726531267015,0.6666666666666666,0.33333333333333337,0.48778562573720924,0.4479490479118425,0.08333333333333333,0.0,17.079101550665644,20000084
SPT,7.946864784010286,7,0.5833333333333334,0.42573465136693633,0.5833333333333334,0.41666666666666663,0.5730060773686835,0.4842927966086003,0.22916666666666666,0.0,18.658308988154623,20000085
SPT,10.055241113817702,8,0.6666666666666666,0.5419335711647914,0.6666666666666666,0.33333333333333337,0.5825221674292821,0.5061535231518312,0.22916666666666666,0.0,19.5682518067646,20000086
SPT,10.32497008891179,8,0.6666666666666666,0.5362906636339961,0.75,0.33333333333333337,0.6278728767016999,0.45285194286401365,0.16666666666666666,0.0,22.281580266605364,20000087
SPT,10.517650230247582,8,0.6666666666666666,0.5598602234600362,0.6666666666666666,0.33333333333333337,0.6498342607344959,0.49352813230715875,0.20833333333333334,0.0,21.361487523713006,20000088
SPT,5.606389216318834,6,0.5,0.34413159975820573,0.5833333333333334,0.5,0.3868707973505258,0.42659402261498663,0.041666666666666664,0.0,14.5597753952663,20000089
SPT,7.610012794345568,7,0.5833333333333334,0.45529272403595894,0.5833333333333334,0.41666666666666663,0.4569647735125492,0.48048879411857426,0.125,0.0,15.860993069862591,20000090
SPT,7.937841482943561,7,0.5833333333333334,0.43804361615826576,0.6666666666666666,0.41666666666666663,0.5192048300711264,0.5061288495440893,0.20833333333333334,0.0,17.688279279604725,20000091
SPT,8.294108093293893,7,0.5833333333333334,0.45250388420337145,0.5833333333333334,0.41666666666666663,0.507490397768335,0.5016426804752862,0.3125,0.0,16.668475732195272,20000092
SPT,7.43326663768538,7,0.5833333333333334,0.4076236684980079,0.6666666666666666,0.41666666666666663,0.4100030622636471,0.4039101954666546,0.0,0.0,16.162929910152943,20000093
SPT,9.24867894884424,8,0.6666666666666666,0.4991784508472287,0.6666666666666666,0.33333333333333337,0.48682226627839364,0.46878020436689943,0.10416666666666667,0.0,17.096747023441655,20000094
SPT,6.244798774566684,6,0.5,0.379603859243622,0.5,0.5,0.5013181603414542,0.5436340541617325,0.2708333333333333,0.0,16.091607646132385,20000095
SPT,9.484056042537576,8,0.6666666666666666,0.5020921214023156,0.6666666666666666,0.33333333333333337,0.5564366588213153,0.4884100695556837,0.10416666666666667,0.0,18.852606593064746,20000096
SPT,4.217162263702494,5,0.4166666666666667,0.29525197549442406,0.5,0.5833333333333333,0.42871672172910436,0.4864414527857086,0.1875,0.0,15.224717232403963,20000097
SPT,8.670332371147463,7,0.5833333333333334,0.47859064677599616,0.6666666666666666,0.41666666666666663,0.5898181517617168,0.5273635071971194,0.2708333333333333,0.0,19.122257627374264,20000098
SPT,8.09925348893143,7,0.5833333333333334,0.4030028486863422,0.75,0.41666666666666663,0.6175052648785998,0.4059213725599715,0.10416666666666667,0.0,20.569714295487177,20000099
SPT,12.090567447339287,9,0.75,0.6318378306697141,0.75,0.25,0.6206696473035243,0.5043636125382903,0.22916666666666666,0.0,20.874174347200814,20000100
SPT,8.249668430208901,7,0.5833333333333334,0.4116897054561909,0.6666666666666666,0.41666666666666663,0.6363353061100104,0.49464430689703615,0.3125,0.0,20.414416787131305,20000101
SPT,9.100476412848812,8,0.6666666666666666,0.47983953332654505,0.6666666666666666,0.33333333333333337,0.4982885744558525,0.4210612851738836,0.10416666666666667,0.0,17.454488398197398,20000102
SPT,9.76000087634626,8,0.6666666666666666,0.5334858933828045,0.6666666666666666,0.33333333333333337,0.5163207539870411,0.4310804938407859,0.10416666666666667,0.0,19.095296800475186,20000103
SPT,6.389074118809243,6,0.5,0.4033833753571723,0.5833333333333334,0.5,0.46095795629834946,0.4737171666937822,0.22916666666666666,0.0,16.879889355341014,20000104
SPT,13.20045513675024,10,0.8333333333333334,0.7015178699506479,0.8333333333333334,0.16666666666666663,0.6086703163125935,0.4837399097404558,0.16666666666666666,0.0,21.043719531224227,20000105
SPT,10.231731251232187,8,0.6666666666666666,0.5470484562796436,0.6666666666666666,0.33333333333333337,0.5190833135284079,0.4672669453343777,0.10416666666666667,0.0,19.241718625729625,20000106
SPT,9.54393073189981,8,0.6666666666666666,0.48491523536495995,0.75,0.33333333333333337,0.579277163668221,0.45905243239337223,0.125,0.0,19.105555529938382,20000107
SPT,11.279324987911444,9,0.75,0.6087704269723471,0.75,0.25,0.6209900210308713,0.4682266154703563,0.125,0.0,20.330094756538884,20000108
SPT,4.50131839108777,5,0.4166666666666667,0.3407112985773947,0.4166666666666667,0.5833333333333333,0.4006904535038475,0.5244955908362042,0.2916666666666667,0.0,14.407228839559702,20000109
SPT,8.012809447654124,7,0.5833333333333334,0.3923561708466012,0.6666666666666666,0.41666666666666663,0.5504598615344667,0.46453860144744774,0.22916666666666666,0.0,18.294499507990622,20000110
SPT,9.922938962461004,8,0.6666666666666666,0.5391461306701056,0.6666666666666666,0.33333333333333337,0.5408896702066998,0.4547216022679832,0.14583333333333334,0.0,19.47389173417337,20000111
SPT,8.971525623673033,7,0.5833333333333334,0.5162181299196543,0.5833333333333334,0.41666666666666663,0.6405980775199489,0.5582510155187549,0.3125,0.0,20.263705115945516,20000112
SPT,7.379082587502255,7,0.5833333333333334,0.38547890937126705,0.6666666666666666,0.41666666666666663,0.47153199582333966,0.3910881534794255,0.0625,0.0,17.16507673305364,20000113
SPT,6.097567372343072,6,0.5,0.39290710150178443,0.5,0.5,0.3836883676798268,0.4902690395719979,0.0625,0.0,14.117314823280973,20000114
SPT,8.0814715993836,7,0.5833333333333334,0.4559140745820772,0.5833333333333334,0.41666666666666663,0.5594588637422108,0.5079630995215257,0.22916666666666666,0.0,18.491768103013698,20000115
SPT,9.591197485825507,8,0.6666666666666666,0.5556273180552664,0.6666666666666666,0.33333333333333337,0.5887767635803628,0.4645665304213234,0.14583333333333334,0.0,19.412862748433085,20000116
SPT,9.580812018050853,8,0.6666666666666666,0.5311557997913378,0.6666666666666666,0.33333333333333337,0.5333835033655756,0.49901374807294047,0.14583333333333334,0.0,18.65037606630294,20000117
SPT,9.651158627659768,8,0.6666666666666666,0.4976670097110679,0.6666666666666666,0.33333333333333337,0.5222460955724539,0.46133053943683183,0.14583333333333334,0.0,18.046902882115234,20000118
SPT,8.29989082672336,7,0.5833333333333334,0.4672380136858411,0.5833333333333334,0.41666666666666663,0.5564150375961,0.48235541331339,0.20833333333333334,0.0,18.51339693079997,20000119
SPT,8.353395071613168,7,0.5833333333333334,0.4395217907821117,0.6666666666666666,0.41666666666666663,0.619333861148581,0.5059553731157018,0.20833333333333334,0.0,21.213551175447577,20000120
SPT,2.113854406695607,4,0.3333333333333333,0.2529966767049299,0.3333333333333333,0.6666666666666667,0.3100804495060205,0.5260190582264944,0.25,0.0,11.395235447155411,20000121
SPT,6.293813356484064,6,0.5,0.4552111443560567,0.5,0.5,0.3938196316875248,0.4996633154246295,0.1875,0.0,14.89531614098453,20000122
SPT,7.74530428313545,7,0.5833333333333334,0.39778421794801294,0.75,0.41666666666666663,0.5518491377754701,0.4569539233434252,0.10416666666666667,0.0,19.495593474482316,20000123
SPT,11.132665726813432,9,0.75,0.5818047891872653,0.75,0.25,0.585794557058235,0.463370253143478,0.125,0.0,20.111837988732173,20000124
SPT,9.593145148795077,8,0.6666666666666666,0.4955808936130427,0.75,0.33333333333333337,0.5694846859624826,0.4422180525093795,0.14583333333333334,0.0,19.12638234109218,20000125
SPT,6.360144000573449,6,0.5,0.4144562669237452,0.5,0.5,0.41203701591662206,0.5277624878287911,0.20833333333333334,0.0,15.198314877645624,20000126
SPT,8.499193030534562,7,0.5833333333333334,0.46950071682809574,0.6666666666666666,0.41666666666666663,0.5825894542311258,0.47190855190243525,0.1875,0.0,20.400227643306703,20000127
SPT,8.9987796677145,8,0.6666666666666666,0.47532089377908726,0.6666666666666666,0.33333333333333337,0.4410060645065769,0.44561293206009217,0.10416666666666667,0.0,16.12064409307709,20000128
SPT,10.001127989685454,8,0.6666666666666666,0.5576988863426392,0.6666666666666666,0.33333333333333337,0.5280545603783814,0.47930165793275953,0.16666666666666666,0.0,18.02791334011905,20000129
SPT,11.620556425844377,9,0.75,0.6033090990720328,0.75,0.25,0.5885649701307186,0.4889909194595609,0.125,0.0,19.892556630315216,20000130
SPT,8.301564635874396,7,0.5833333333333334,0.47304228490994227,0.5833333333333334,0.41666666666666663,0.5500802453179353,0.5020638123268005,0.2708333333333333,0.0,18.990207738216164,20000131
SPT,6.305755996372536,6,0.5,0.35719617017956334,0.6666666666666666,0.5,0.48045415959961285,0.4356936818890469,0.10416666666666667,0.0,17.563309455469323,20000132
SPT,9.65332709603014,8,0.6666666666666666,0.5316628642605303,0.75,0.33333333333333337,0.5414012445460078,0.41529140912766493,0.0,0.0,18.884556769298314,20000133
SPT,9.712684916207667,8,0.6666666666666666,0.5370908991419924,0.6666666666666666,0.33333333333333337,0.4938277551845389,0.44687325218772606,0.08333333333333333,0.0,18.011548018757537,20000134
SPT,10.746815159644637,8,0.6666666666666666,0.5231331548242332,0.8333333333333334,0.33333333333333337,0.7558549837201355,0.5136928259865692,0.25,0.0,23.902553148309504,20000135
SPT,10.016092427310632,8,0.6666666666666666,0.5179622587634923,0.75,0.33333333333333337,0.6019772605940196,0.47346187255506217,0.14583333333333334,0.0,20.158370493076724,20000136
SPT,9.781568536887054,8,0.6666666666666666,0.54255049657557,0.6666666666666666,0.33333333333333337,0.5572880857425049,0.4717092296305961,0.20833333333333334,0.0,17.97246030192498,20000137
SPT,5.783644972010311,6,0.5,0.367823192329912,0.5,0.5,0.4195751717142864,0.4901152362428087,0.14583333333333334,0.0,15.103984127774797,20000138
SPT,7.372314517780783,7,0.5833333333333334,0.4206163463801997,0.5833333333333334,0.41666666666666663,0.3999993348705894,0.4463872605184216,0.14583333333333334,0.0,15.181354484446166,20000139
SPT,11.1689906158371,9,0.75,0.5820700824771015,0.8333333333333334,0.25,0.516898058823528,0.3980869381732856,0.0,0.0,20.020638087899382,20000140
SPT,7.029620823437325,6,0.5,0.3951155136731298,0.6666666666666666,0.5,0.5766899280247437,0.4894007169036101,0.16666666666666666,0.0,19.758044343711077,20000141
SPT,2.122295755207335,4,0.3333333333333333,0.2250508274423047,0.4166666666666667,0.6666666666666667,0.36835379548021036,0.5122378594815485,0.25,0.0,13.337261552562314,20000142
SPT,4.141104444694289,5,0.4166666666666667,0.30380057814736966,0.4166666666666667,0.5833333333333333,0.3804382291898884,0.5095475782301141,0.25,0.0,13.532213251564368,20000143
SPT,11.943127130128605,9,0.75,0.6557638311510289,0.75,0.25,0.6380425016020256,0.47784720502829153,0.16666666666666666,0.0,21.646239902039824,20000144
SPT,8.201380648366746,7,0.5833333333333334,0.42495230139892864,0.75,0.41666666666666663,0.5957610662953668,0.476054146370515,0.16666666666666666,0.0,20.287973523919835,20000145
SPT,6.410452801666705,6,0.5,0.39458109409453207,0.5833333333333334,0.5,0.451677877266184,0.45005407826902194,0.125,0.0,16.232998266699163,20000146
SPT,9.205842621763754,8,0.6666666666666666,0.4806027543664048,0.6666666666666666,0.33333333333333337,0.4693406556738415,0.4151073493948049,0.08333333333333333,0.0,16.7353039582156,20000147
SPT,8.227366436344463,7,0.5833333333333334,0.49218671935319747,0.5833333333333334,0.41666666666666663,0.4778478428079304,0.4859216690567895,0.16666666666666666,0.0,16.92820631265887,20000148
SPT,10.269943856434388,8,0.6666666666666666,0.5245171277167621,0.75,0.33333333333333337,0.7088704886788854,0.4928845220268414,0.22916666666666666,0.0,22.75048642353514,20000149
SPT,7.764665615360725,7,0.5833333333333334,0.4287845146410583,0.6666666666666666,0.41666666666666663,0.44214387465945576,0.43407114425375903,0.08333333333333333,0.0,16.774864935740297,20000150
SPT,9.555671899866695,8,0.6666666666666666,0.5099611516378894,0.75,0.33333333333333337,0.5634773889278741,0.44764761562644767,0.08333333333333333,0.0,20.685620694098176,20000151
SPT,6.27843216754184,6,0.5,0.41949815709655336,0.5,0.5,0.4486180710898829,0.5220117734337951,0.2916666666666667,0.0,15.628290409550088,20000152
SPT,6.516297310649215,6,0.5,0.4459226543882845,0.5833333333333334,0.5,0.5192622532767652,0.5057373433241908,0.3333333333333333,0.0,18.263372591251642,20000153
SPT,10.234943929957415,8,0.6666666666666666,0.5600787000709778,0.75,0.33333333333333337,0.6781365758327803,0.48323312004578617,0.1875,0.0,22.03682888655645,20000154
SPT,7.8503848239242195,7,0.5833333333333334,0.46320328939441985,0.5833333333333334,0.41666666666666663,0.4502372616957029,0.42569528873526413,0.020833333333333332,0.0,16.83701367217493,20000155
SPT,7.987611834719813,7,0.5833333333333334,0.462936396985404,0.5833333333333334,0.41666666666666663,0.5080964869620364,0.5246606347301755,0.20833333333333334,0.0,17.635307247059554,20000156
SPT,9.435825942363104,8,0.6666666666666666,0.4888921717756274,0.6666666666666666,0.33333333333333337,0.5895388638915485,0.47899734068522354,0.22916666666666666,0.0,19.649565231770723,20000157
SPT,10.039487425168957,8,0.6666666666666666,0.537217821588921,0.6666666666666666,0.33333333333333337,0.5726620953645464,0.4790040642956579,0.20833333333333334,0.0,19.11234209907568,20000158
SPT,5.762374542282263,6,0.5,0.33790120352350206,0.5,0.5,0.45940931358899745,0.47637774784388015,0.25,0.0,15.689282351664964,20000159
SPT,7.956927872097939,7,0.5833333333333334,0.3815027243115575,0.75,0.41666666666666663,0.5770698497988986,0.4524900567657279,0.16666666666666666,0.0,19.784511612411993,20000160
SPT,11.093247204069423,9,0.75,0.5745665090385498,0.75,0.25,0.5558491711602374,0.3962317797430857,0.020833333333333332,0.0,19.050052797486806,20000161
SPT,6.049123506966302,6,0.5,0.3817871885236635,0.5,0.5,0.4113579768866244,0.5060410450845848,0.22916666666666666,0.0,14.267089593526556,20000162
SPT,9.894083344431609,8,0.6666666666666666,0.5413968159552247,0.6666666666666666,0.33333333333333337,0.5035706265251285,0.46656262754308137,0.08333333333333333,0.0,18.19666819763658,20000163
SPT,8.576838399519978,7,0.5833333333333334,0.4754082259060818,0.5833333333333334,0.41666666666666663,0.5104606627969576,0.5072398971225197,0.2916666666666667,0.0,17.609033806466936,20000164
SPT,11.314666666285081,9,0.75,0.6101197733165016,0.75,0.25,0.6442429044562092,0.47906957697907293,0.1875,0.0,21.037000755900486,20000165
SPT,10.482605238902453,8,0.6666666666666666,0.5733261387752155,0.75,0.33333333333333337,0.6538071259008235,0.5251406968223118,0.20833333333333334,0.0,21.24700349740444,20000166
SPT,11.094360422679054,9,0.75,0.586631542442043,0.75,0.25,0.5522914569921843,0.4047622932742195,0.08333333333333333,0.0,20.528175811422578,20000167
SPT,2.275844200652026,4,0.3333333333333333,0.23535204455843564,0.4166666666666667,0.6666666666666667,0.3638377807230704,0.5222074039099099,0.3333333333333333,0.0,13.236413596026438,20000168
SPT,11.610445524124618,9,0.75,0.6030741194638038,0.75,0.25,0.6187298780462016,0.4676219506042405,0.22916666666666666,0.0,19.86181319899625,20000169
SPT,6.12059606718439,6,0.5,0.34843063584101874,0.5833333333333334,0.5,0.5080144395384973,0.4597934021050025,0.16666666666666666,0.0,16.920769406948903,20000170
SPT,11.484978515547265,9,0.75,0.6143360353394014,0.75,0.25,0.5783378225200049,0.4459175675865292,0.10416666666666667,0.0,21.235237074068756,20000171
SPT,10.141204924525317,8,0.6666666666666666,0.5818586450819122,0.75,0.33333333333333337,0.620211879661831,0.5161961703629957,0.20833333333333334,0.0,20.946394842728353,20000172
SPT,12.127038418534465,9,0.75,0.6157293323045168,0.75,0.25,0.6053376228306967,0.46395758100715306,0.14583333333333334,0.0,20.968568644892954,20000173
SPT,12.02666720246686,9,0.75,0.6408015851114838,0.75,0.25,0.6490661309610927,0.47728581494572775,0.1875,0.0,22.077817300104076,20000174
SPT,5.73101483845763,6,0.5,0.34225766407888053,0.5833333333333334,0.5,0.39065874725616584,0.4611089731297237,0.125,0.0,14.605364908266795,20000175
SPT,9.440111957995603,8,0.6666666666666666,0.5000556585550514,0.6666666666666666,0.33333333333333337,0.5340876904761981,0.45461035478496675,0.14583333333333334,0.0,18.8421940163608,20000176
SPT,12.02184126350395,9,0.75,0.6474880699559009,0.75,0.25,0.6328539307810833,0.46050794804129386,0.10416666666666667,0.0,21.736607607097945,20000177
SPT,12.317727489650837,9,0.75,0.65093338565582,0.75,0.25,0.6538117608556382,0.4923010170952326,0.20833333333333334,0.0,22.497992766796738,20000178
SPT,8.186182618718739,7,0.5833333333333334,0.44133267134416526,0.6666666666666666,0.41666666666666663,0.5919395042268886,0.45214972894767574,0.1875,0.0,19.886326834943883,20000179
SPT,4.7628269142833375,5,0.4166666666666667,0.34983123599079546,0.5,0.5833333333333333,0.4684803658667973,0.5123308454480466,0.2916666666666667,0.0,15.889169279384054,20000180
SPT,11.371856393040204,9,0.75,0.554694581043458,0.8333333333333334,0.25,0.6126438973939693,0.43611015217059074,0.10416666666666667,0.0,21.724404333326653,20000181
SPT,8.645921830261459,7,0.5833333333333334,0.526035649146759,0.5833333333333334,0.41666666666666663,0.5310695614196308,0.5308077968698407,0.3125,0.0,18.04410955393534,20000182
SPT,4.047482848514008,5,0.4166666666666667,0.2547030773943752,0.5,0.5833333333333333,0.3727503685202485,0.4765063204093584,0.22916666666666666,0.0,13.356237479611277,20000183
SPT,7.221973732723164,7,0.5833333333333334,0.3932698050322462,0.5833333333333334,0.41666666666666663,0.4480735576205827,0.46128170708035326,0.14583333333333334,0.0,15.717610852218943,20000184
SPT,11.704761459063382,9,0.75,0.5987364907525622,0.75,0.25,0.5754395637077935,0.4591586180141977,0.14583333333333334,0.0,19.913235413273995,20000185
SPT,7.989840123519733,7,0.5833333333333334,0.4058142838745782,0.75,0.41666666666666663,0.5377333404139651,0.39076758393552646,0.0625,0.0,19.219355960142856,20000186
SPT,6.3180420021271235,6,0.5,0.38661186259073443,0.5,0.5,0.5049275790120007,0.521039367950325,0.2916666666666667,0.0,17.251790827271464,20000187
SPT,11.983581073232099,9,0.75,0.6322397577430893,0.75,0.25,0.6412459477555557,0.5028008280674341,0.16666666666666666,0.0,21.769996780943337,20000188
SPT,5.974123712897901,6,0.5,0.3447300498789262,0.5833333333333334,0.5,0.42542784483768115,0.45275152066529717,0.14583333333333334,0.0,15.368758535470567,20000189
SPT,10.078987441937839,8,0.6666666666666666,0.5366519573707776,0.75,0.33333333333333337,0.6288480702345779,0.5186453529020408,0.25,0.0,20.250722190533253,20000190
SPT,16.256999656586395,12,1.0,1.0,1.0,0.0,0.6337600795847403,0.4124325286829272,0.0,0.020833333333333332,22.642499141465983,20000191
SPT,10.324678477202795,8,0.6666666666666666,0.5614560830935417,0.75,0.33333333333333337,0.6111621178248224,0.502242462066757,0.1875,0.0,20.851991206806517,20000192
SPT,12.570648038418332,9,0.75,0.6610332304616348,0.75,0.25,0.7176830979442959,0.4827737230637473,0.22916666666666666,0.0,24.08203632781996,20000193
SPT,10.238134328144994,8,0.6666666666666666,0.5400908989116694,0.6666666666666666,0.33333333333333337,0.5831533899311606,0.5310769942963555,0.22916666666666666,0.0,19.59492831962141,20000194
SPT,7.650026272403203,7,0.5833333333333334,0.4145057120843987,0.5833333333333334,0.41666666666666663,0.5205472300316364,0.5011958095704924,0.22916666666666666,0.0,17.663357750925393,20000195
SPT,12.15945975536975,9,0.75,0.6493968202221952,0.75,0.25,0.635060597588572,0.47580080429498217,0.14583333333333334,0.0,21.543040391726592,20000196
SPT,6.685530120253048,6,0.5,0.3722304175629767,0.6666666666666666,0.5,0.5357579465162959,0.46453804832708806,0.20833333333333334,0.0,18.751565955667573,20000197
SPT,9.699028581740292,8,0.6666666666666666,0.5153492591592281,0.6666666666666666,0.33333333333333337,0.5015649404423721,0.4522203030922376,0.10416666666666667,0.0,18.787428259862374,20000198
SPT,7.835757675175277,7,0.5833333333333334,0.4313721411888959,0.5833333333333334,0.41666666666666663,0.4908981730409246,0.4930384727641152,0.1875,0.0,16.386924458369013,20000199
SPT,10.383199231060994,8,0.6666666666666666,0.5245646793145973,0.75,0.33333333333333337,0.6341949845705487,0.49510983001222164,0.14583333333333334,0.0,21.480747367010046,20000200
SPT,5.757001866212665,6,0.5,0.34019276585381536,0.5,0.5,0.4428888713463217,0.4672522632564557,0.22916666666666666,0.0,15.602400175729757,20000201
SPT,8.24807111049411,7,0.5833333333333334,0.456748425643784,0.6666666666666666,0.41666666666666663,0.5388364392716535,0.5149382479524337,0.1875,0.0,18.021835406550625,20000202
SPT,13.365712860938414,10,0.8333333333333334,0.6965775822443484,0.8333333333333334,0.16666666666666663,0.6095911271263917,0.45702864715417685,0.10416666666666667,0.0,21.156296836158997,20000203
SPT,6.065867388584243,6,0.5,0.34873736614820156,0.5833333333333334,0.5,0.44704660929096285,0.43911832673183354,0.10416666666666667,0.0,15.924954980272513,20000204
SPT,11.981233307468912,9,0.75,0.6413273286041786,0.8333333333333334,0.25,0.6212504993558423,0.42526575597925526,0.10416666666666667,0.0,21.888799538906,20000205
SPT,6.245681965987868,6,0.5,0.33114292752142194,0.5833333333333334,0.5,0.4810154707846048,0.4926536474039825,0.22916666666666666,0.0,16.19206513665865,20000206
SPT,4.128734007063116,5,0.4166666666666667,0.3251581724555625,0.4166666666666667,0.5833333333333333,0.3965874927740242,0.5137036394770863,0.2708333333333333,0.0,13.749937762028113,20000207
SPT,8.097818511417824,7,0.5833333333333334,0.4611858378825413,0.5833333333333334,0.41666666666666663,0.5454368578408163,0.46844069389765536,0.16666666666666666,0.0,18.59311372307392,20000208
SPT,10.142878740187275,8,0.6666666666666666,0.5310132450175141,0.6666666666666666,0.33333333333333337,0.6036187325107721,0.44585069417846857,0.1875,0.0,20.045656733269,20000209
SPT,15.61525703291774,11,0.9166666666666666,0.8542140547004792,0.9166666666666666,0.08333333333333337,0.7149196307179654,0.4189598937140044,0.14583333333333334,0.0,24.602288224981383,20000210
SPT,5.7227467676904435,6,0.5,0.34889725091169677,0.5833333333333334,0.5,0.41450294472244287,0.4390313025541633,0.041666666666666664,0.0,16.630098748836236,20000211
SPT,11.395436807115717,9,0.75,0.6286045128169919,0.75,0.25,0.5630681701039086,0.41789069201144863,0.0625,0.0,20.375525930279096,20000212
SPT,9.602139978003176,8,0.6666666666666666,0.45836511147150627,0.75,0.33333333333333337,0.6496000218937225,0.44735477521009787,0.20833333333333334,0.0,21.471787381013733,20000213
SPT,5.92907564026574,6,0.5,0.38274338228523397,0.5,0.5,0.3887824109235533,0.5162825552560228,0.22916666666666666,0.0,13.831332240984567,20000214
SPT,10.692191629238586,8,0.6666666666666666,0.5920933704267647,0.6666666666666666,0.33333333333333337,0.6577455044912927,0.5625814495905899,0.375,0.0,21.981286622025976,20000215
SPT,9.379206686842029,8,0.6666666666666666,0.4995910867132653,0.6666666666666666,0.33333333333333337,0.5045832094555079,0.4165301364126686,0.0625,0.0,18.178991862117048,20000216
SPT,11.825877018918288,9,0.75,0.6190130503429747,0.8333333333333334,0.25,0.7238701844326968,0.42822726292142804,0.16666666666666666,0.0,23.988112208995954,20000217
SPT,7.3515568748279385,7,0.5833333333333334,0.39709049419101355,0.6666666666666666,0.41666666666666663,0.4672187542556645,0.48037855981789973,0.1875,0.0,17.06449525115455,20000218
SPT,7.68551902319377,7,0.5833333333333334,0.41830703775875444,0.6666666666666666,0.41666666666666663,0.4696504903496163,0.4704962843170453,0.020833333333333332,0.0,17.27793430223566,20000219
SPT,7.4071474656905,7,0.5833333333333334,0.4401437463786182,0.5833333333333334,0.41666666666666663,0.4225848851773375,0.4120723524199546,0.0625,0.0,16.028025165907252,20000220
SPT,11.788671954141158,9,0.75,0.5924621621805523,0.8333333333333334,0.25,0.6631339631725535,0.4262330917825072,0.1875,0.0,22.72619504615831,20000221
SPT,9.510144636285311,8,0.6666666666666666,0.4478683373317784,0.75,0.33333333333333337,0.5533564588245412,0.4561953955660849,0.20833333333333334,0.0,18.965826283426487,20000222
SPT,11.243392683659794,9,0.75,0.5669797319433824,0.75,0.25,0.6224205952435252,0.4749406258062832,0.16666666666666666,0.0,20.279857670880165,20000223
SPT,10.009588146013966,8,0.6666666666666666,0.5405422606666327,0.6666666666666666,0.33333333333333337,0.5404109961097427,0.455230121460443,0.14583333333333334,0.0,19.724541369415718,20000224
SPT,11.477712298350342,9,0.75,0.6094703839476108,0.75,0.25,0.6425634651810949,0.4937736901539263,0.16666666666666666,0.0,21.27773988476651,20000225
SPT,8.809847113493518,7,0.5833333333333334,0.500787805847425,0.6666666666666666,0.41666666666666663,0.6058187894335502,0.48628486758804373,0.16666666666666666,0.0,21.037728362360443,20000226
SPT,9.977790598857961,8,0.6666666666666666,0.48772766678675045,0.8333333333333334,0.33333333333333337,0.6474876468913309,0.41353796188373554,0.125,0.0,21.755510107397107,20000227
SPT,7.87852572621453,7,0.5833333333333334,0.38225299114328604,0.75,0.41666666666666663,0.6034438568460762,0.47329026740062674,0.1875,0.0,20.232077710512804,20000228
SPT,10.637078813893588,8,0.6666666666666666,0.573464216035302,0.6666666666666666,0.33333333333333337,0.6616535140718067,0.48569061701145616,0.22916666666666666,0.0,21.892668258720786,20000229
SPT,10.126778694054751,8,0.6666666666666666,0.5604096388888157,0.6666666666666666,0.33333333333333337,0.5811859607695951,0.4751423286816039,0.22916666666666666,0.0,20.296122915800343,20000230
SPT,9.75258752750308,8,0.6666666666666666,0.47994074649170354,0.75,0.33333333333333337,0.6148252604436389,0.5027462235829367,0.20833333333333334,0.0,20.355169032511657,20000231
SPT,4.048588800608,5,0.4166666666666667,0.26328736786055223,0.5,0.5833333333333333,0.37472449826429305,0.461100248616318,0.16666666666666666,0.0,14.36085904778098,20000232
SPT,8.034174576099053,7,0.5833333333333334,0.47222352611833457,0.5833333333333334,0.41666666666666663,0.44698252410540834,0.46480885054194476,0.14583333333333334,0.0,16.97041874800378,20000233
SPT,5.824481576426262,6,0.5,0.3552107085687263,0.5,0.5,0.3632126923510695,0.4456905804593186,0.125,0.0,13.71279671441939,20000234
SPT,7.449962240124983,7,0.5833333333333334,0.4296885163052655,0.6666666666666666,0.41666666666666663,0.40497606560549304,0.4305697458854501,0.0,0.0,15.679531709550899,20000235
SPT,13.792030891992198,10,0.8333333333333334,0.7186106700264444,0.8333333333333334,0.16666666666666663,0.7289266866319063,0.4400919060912137,0.16666666666666666,0.0,23.71402651519157,20000236
SPT,8.761226615994303,7,0.5833333333333334,0.49335464568672455,0.5833333333333334,0.41666666666666663,0.6084624878522433,0.5285162832140469,0.3125,0.0,20.449532559862813,20000237
SPT,6.423421957182036,6,0.5,0.327734334116546,0.6666666666666666,0.5,0.5672771061431473,0.5097377647443507,0.3333333333333333,0.0,19.147784410370015,20000238
SPT,10.709551780054795,8,0.6666666666666666,0.5773742105912917,0.6666666666666666,0.33333333333333337,0.6177417199132119,0.5446661232118148,0.2708333333333333,0.0,20.881950775260503,20000239
SPT,4.747344446686565,5,0.4166666666666667,0.34861007760875,0.5,0.5833333333333333,0.49167702164026555,0.5649275337171487,0.3333333333333333,0.0,16.714604120531416,20000240
SPT,10.307683204210893,8,0.6666666666666666,0.5408385989798276,0.6666666666666666,0.33333333333333337,0.5519335941610694,0.5214753181922672,0.22916666666666666,0.0,18.84012393113722,20000241
SPT,13.098385966915759,10,0.8333333333333334,0.7226583725751561,0.9166666666666666,0.16666666666666663,0.6570147510573597,0.4099362744732999,0.0,0.0,22.988452537285433,20000242
SPT,2.7571599334626296,4,0.3333333333333333,0.278307658700669,0.4166666666666667,0.6666666666666667,0.3891221234238656,0.5400118932499196,0.3541666666666667,0.0,12.946834249053307,20000243
SPT,12.087610100041024,9,0.75,0.6700919068561599,0.75,0.25,0.660454347822518,0.45021180573765135,0.10416666666666667,0.0,22.56631167142477,20000244
SPT,8.868430180573212,7,0.5833333333333334,0.5316280571528136,0.6666666666666666,0.41666666666666663,0.581618839205272,0.4949278075265033,0.20833333333333334,0.0,19.296458067278135,20000245
SPT,13.916484292298207,10,0.8333333333333334,0.7281419856309699,0.8333333333333334,0.16666666666666663,0.6479616198579599,0.4844380886806688,0.125,0.0,22.952222369159575,20000246
SPT,11.830044171586223,9,0.75,0.6129356844303889,0.75,0.25,0.6253393757175162,0.4791140359138755,0.16666666666666666,0.0,21.01382018417957,20000247
SPT,15.441222212082703,11,0.9166666666666666,0.8675997003669181,0.9166666666666666,0.08333333333333337,0.7679320027288039,0.428008247630516,0.0625,0.0,26.091114377099256,20000248
SPT,8.397215618648975,7,0.5833333333333334,0.45318205207818024,0.6666666666666666,0.41666666666666663,0.6148460965087246,0.5253764122786873,0.2916666666666667,0.0,20.39833947034418,20000249
SPT,13.501622471212501,10,0.8333333333333334,0.6965656247409149,0.8333333333333334,0.16666666666666663,0.6296602352340664,0.42570024124846867,0.10416666666666667,0.0,21.545455317281963,20000250
SPT,9.449721698277875,8,0.6666666666666666,0.5012799119231333,0.6666666666666666,0.33333333333333337,0.5855525918068608,0.4413442377568358,0.14583333333333334,0.0,19.60583499267915,20000251
SPT,11.601694721702843,9,0.75,0.6276558897266921,0.75,0.25,0.5975651641203589,0.4527781082273153,0.0625,0.0,21.155340944413584,20000252
SPT,7.851037998715931,7,0.5833333333333334,0.4250258153752915,0.5833333333333334,0.41666666666666663,0.49009881498560787,0.4403588362197164,0.1875,0.0,16.838674002923703,20000253
SPT,10.636130827805891,8,0.6666666666666666,0.565493911583922,0.75,0.33333333333333337,0.6566125462107856,0.5399811526408115,0.20833333333333334,0.0,20.98710170656874,20000254
SPT,8.400925548238812,7,0.5833333333333334,0.4803401299305577,0.5833333333333334,0.41666666666666663,0.5161407863968984,0.506762071300806,0.20833333333333334,0.0,17.2525442011523,20000255
SPT,10.356345286600652,8,0.6666666666666666,0.5366458614528008,0.6666666666666666,0.33333333333333337,0.5861865439607561,0.4672200050342661,0.14583333333333334,0.0,18.890863216501632,20000256
SPT,7.571434752907988,7,0.5833333333333334,0.44797318873789316,0.5833333333333334,0.41666666666666663,0.45642417292246784,0.47725552140121924,0.125,0.0,15.706508756313639,20000257
SPT,7.526727757459794,7,0.5833333333333334,0.45011645948326995,0.5833333333333334,0.41666666666666663,0.4399717236347935,0.49048944681392204,0.10416666666666667,0.0,15.484922694776635,20000258
SPT,9.84118868454176,8,0.6666666666666666,0.5464672160067006,0.6666666666666666,0.33333333333333337,0.5026704064612529,0.509669483673154,0.20833333333333334,0.0,17.681287450908098,20000259
SPT,6.709368613484221,6,0.5,0.444937870669122,0.5,0.5,0.46317781811644726,0.5504323848269198,0.3125,0.0,15.757682874430103,20000260
SPT,4.960857812914884,5,0.4166666666666667,0.28204791979546534,0.5833333333333334,0.5833333333333333,0.6105065189608606,0.5811903718995715,0.3333333333333333,0.0,18.071709240335164,20000261
SPT,10.044533297562863,8,0.6666666666666666,0.5421598918481275,0.6666666666666666,0.33333333333333337,0.6064085618635678,0.5237306148747319,0.22916666666666666,0.0,19.26950352479824,20000262
SPT,9.43876624428043,8,0.6666666666666666,0.5109427964095239,0.75,0.33333333333333337,0.5640470344212049,0.3893390951248524,0.0,0.0,19.897722517226633,20000263
SPT,10.008176280713393,8,0.6666666666666666,0.5184666437872427,0.6666666666666666,0.33333333333333337,0.565335455753185,0.4763750981399622,0.20833333333333334,0.0,18.599596507341197,20000264
SPT,6.8943264201566326,7,0.5833333333333334,0.4234369889680607,0.5833333333333334,0.41666666666666663,0.42520673514781865,0.4306820889477813,0.16666666666666666,0.0,15.879794369856624,20000265
SPT,11.107762686245866,9,0.75,0.5731865993493647,0.75,0.25,0.6220484482049659,0.4517888312264166,0.16666666666666666,0.0,20.547710072384472,20000266
SPT,4.40736740603417,5,0.4166666666666667,0.33119277623881355,0.4166666666666667,0.5833333333333333,0.4485534201990508,0.5416549521914618,0.3125,0.0,14.692161109527245,20000267
SPT,7.844455627092305,7,0.5833333333333334,0.43225645040468413,0.5833333333333334,0.41666666666666663,0.4851615309975406,0.49242972195027335,0.16666666666666666,0.0,16.990299887725023,20000268
SPT,12.50513600973963,9,0.75,0.6475751487256022,0.75,0.25,0.6785118640906557,0.47369241883648977,0.20833333333333334,0.0,22.18916739818789,20000269
SPT,9.783308037312295,8,0.6666666666666666,0.49152758977982214,0.75,0.33333333333333337,0.5442362901989625,0.4165959698696204,0.10416666666666667,0.0,19.31160863540854,20000270
SPT,10.41948178972911,8,0.6666666666666666,0.5632438009869858,0.75,0.33333333333333337,0.6217811047695384,0.4684972966347227,0.1875,0.0,20.936158567790645,20000271
SPT,9.269617123968693,8,0.6666666666666666,0.5031217505118957,0.6666666666666666,0.33333333333333337,0.47156879958511794,0.4092936307210275,0.041666666666666664,0.0,18.266634331693496,20000272
SPT,9.703824493189833,8,0.6666666666666666,0.4676770988964442,0.75,0.33333333333333337,0.651363077118539,0.453530440706054,0.1875,0.0,21.16654071521902,20000273
SPT,9.682658703074338,8,0.6666666666666666,0.5143486781156442,0.6666666666666666,0.33333333333333337,0.5810967390492179,0.4936713473180285,0.1875,0.0,19.078505183101974,20000274
SPT,9.649462654650279,8,0.6666666666666666,0.5145779044948791,0.75,0.33333333333333337,0.5611577515297649,0.4612909705425938,0.125,0.0,19.535415210596675,20000275
SPT,7.802472124721223,7,0.5833333333333334,0.42285288097101553,0.5833333333333334,0.41666666666666663,0.48896290992061414,0.4636090844197689,0.16666666666666666,0.0,17.370209178025295,20000276
SPT,7.562566400602602,7,0.5833333333333334,0.4094439597109183,0.5833333333333334,0.41666666666666663,0.48810189668521514,0.4736233135078434,0.20833333333333334,0.0,16.512285035609445,20000277
SPT,3.80414490640948,5,0.4166666666666667,0.25098097231220173,0.5,0.5833333333333333,0.4223768938067998,0.46758780429282193,0.16666666666666666,0.0,14.745298535603888,20000278
SPT,3.841051076256827,5,0.4166666666666667,0.33097978539544426,0.4166666666666667,0.5833333333333333,0.38174112802889654,0.5104287061529035,0.2916666666666667,0.0,13.783687584216993,20000279
SPT,9.524444743330964,8,0.6666666666666666,0.5111648241724635,0.8333333333333334,0.33333333333333337,0.5573671695265235,0.43185110567962676,0.0625,0.0,20.617601828899787,20000280
SPT,9.615044637592044,8,0.6666666666666666,0.559698986511095,0.6666666666666666,0.33333333333333337,0.5207303062919205,0.49340281696734184,0.10416666666666667,0.0,18.420686404179307,20000281
SPT,8.4733963830308,7,0.5833333333333334,0.4683755159414303,0.6666666666666666,0.41666666666666663,0.573357805023654,0.5077453363157228,0.2708333333333333,0.0,19.459434866723406,20000282
SPT,10.974425538562185,9,0.75,0.5718538682572857,0.75,0.25,0.5494512080140428,0.4452121457018223,0.125,0.0,19.247801731677328,20000283
SPT,7.846609922353915,7,0.5833333333333334,0.4441553487263528,0.5833333333333334,0.41666666666666663,0.4777356825381222,0.46999136524039614,0.125,0.0,17.14660647648143,20000284
SPT,5.528347613312356,6,0.5,0.35616917236854656,0.5,0.5,0.36365014189452033,0.43874102673703846,0.020833333333333332,0.0,14.158774661977175,20000285
SPT,6.617320328335211,6,0.5,0.40237298785205305,0.5,0.5,0.4501648425448375,0.5368823623436069,0.3125,0.0,15.487050083235589,20000286
SPT,15.147654690644632,11,0.9166666666666666,0.8331260482561131,0.9166666666666666,0.08333333333333337,0.6271830965444015,0.42598543226673485,0.020833333333333332,0.0,23.090397603511153,20000287
SPT,9.800586767322487,8,0.6666666666666666,0.5161630537818345,0.75,0.33333333333333337,0.557203177460064,0.4256502188253403,0.0,0.0,19.886578203713825,20000288
SPT,11.260397561392525,9,0.75,0.6100121556374858,0.75,0.25,0.5112371825883849,0.41812274755645484,0.0625,0.0,19.42323587152368,20000289
SPT,5.975625743206639,6,0.5,0.3200932899468235,0.5833333333333334,0.5,0.5522608329494711,0.4433652956203053,0.1875,0.0,17.76052469686344,20000290
SPT,11.40874287907919,9,0.75,0.6462561013497853,0.75,0.25,0.6062561498181435,0.45866444614931695,0.10416666666666667,0.0,21.176964298657975,20000291
SPT,6.060736927793941,6,0.5,0.4018152909554281,0.5,0.5,0.44582122807116575,0.5200314014794186,0.16666666666666666,0.0,15.819002828808326,20000292
SPT,7.511863456536592,7,0.5833333333333334,0.3770791896208048,0.6666666666666666,0.41666666666666663,0.4797785530492035,0.46333085259452006,0.1875,0.0,16.658479309408357,20000293
SPT,4.749997920324271,5,0.4166666666666667,0.33515645545657874,0.5,0.5833333333333333,0.5340839653339838,0.5275912807377766,0.3333333333333333,0.0,17.438659020268286,20000294
SPT,9.81824658313881,8,0.6666666666666666,0.535064211071937,0.6666666666666666,0.33333333333333337,0.49221441508551983,0.4371286821747413,0.125,0.0,18.035855073946465,20000295
SPT,10.360483892763032,8,0.6666666666666666,0.5485528376658452,0.6666666666666666,0.33333333333333337,0.6353887034554931,0.5076679837667215,0.22916666666666666,0.0,20.500143663685847,20000296
SPT,7.460548415403286,7,0.5833333333333334,0.3901491055727227,0.6666666666666666,0.41666666666666663,0.44037841972156366,0.4886711822934104,0.10416666666666667,0.0,16.717768932981695,20000297
SPT,5.571634333674779,6,0.5,0.29304891146125167,0.5833333333333334,0.5,0.45942126701440716,0.4814673325343726,0.25,0.0,15.381385485402275,20000298
SPT,8.998235708468709,8,0.6666666666666666,0.44857143672141375,0.75,0.33333333333333337,0.5262786231426614,0.4362356190517103,0.0625,0.0,18.222797053718352,20000299
SPT,10.6431613894241,8,0.6666666666666666,0.5579619991983538,0.6666666666666666,0.33333333333333337,0.6323751485323682,0.5146393158948719,0.25,0.0,21.23332935753831,20000300
SPT,13.518295679577859,10,0.8333333333333334,0.7246974777084646,0.8333333333333334,0.16666666666666663,0.6266839471798468,0.4760775972638092,0.14583333333333334,0.0,21.390867588365293,20000301
SPT,6.533357514213032,6,0.5,0.41400822452376784,0.5,0.5,0.43349045149041965,0.48754270365339897,0.22916666666666666,0.0,15.190302174961161,20000302
SPT,6.3768545208816425,6,0.5,0.3870773359424015,0.6666666666666666,0.5,0.5400968940879184,0.4700707709707624,0.14583333333333334,0.0,18.218133445998173,20000303
SPT,13.744303815712286,10,0.8333333333333334,0.760098675084581,0.9166666666666666,0.16666666666666663,0.7229162650775786,0.43710729814765176,0.08333333333333333,0.0,24.722709418722175,20000304
SPT,13.337020488226369,10,0.8333333333333334,0.7421160390139029,0.9166666666666666,0.16666666666666663,0.6522106057518208,0.38761657007358563,0.020833333333333332,0.0,22.69965093342154,20000305
SPT,13.251527617017482,10,0.8333333333333334,0.6977029879231809,0.8333333333333334,0.16666666666666663,0.5881699849515417,0.42018216583823387,0.041666666666666664,0.0,21.518279767223508,20000306
SPT,7.644724970681505,7,0.5833333333333334,0.4267744592637493,0.5833333333333334,0.41666666666666663,0.48957758462425566,0.5113338529705254,0.20833333333333334,0.0,17.198001037113812,20000307
SPT,10.0172183379467,8,0.6666666666666666,0.5157794449064204,0.6666666666666666,0.33333333333333337,0.6486488179163002,0.475910215511433,0.20833333333333334,0.0,20.72275125939988,20000308
SPT,8.460267815153385,7,0.5833333333333334,0.46801293235444447,0.5833333333333334,0.41666666666666663,0.6054633865820328,0.5394815969817036,0.2916666666666667,0.0,19.495883079498366,20000309
SPT,13.12965139990784,10,0.8333333333333334,0.7254845942423319,0.8333333333333334,0.16666666666666663,0.6149021167635896,0.47019084706720493,0.125,0.0,21.240943858042034,20000310
SPT,9.44655985594059,8,0.6666666666666666,0.5089903279733133,0.6666666666666666,0.33333333333333337,0.5227968226611734,0.4848940465451356,0.14583333333333334,0.0,18.44391255580163,20000311
SPT,9.582254822651901,8,0.6666666666666666,0.5039040462034934,0.6666666666666666,0.33333333333333337,0.4959501183488211,0.42319447201991567,0.10416666666666667,0.0,17.39318513919802,20000312
SPT,10.063846093685827,8,0.6666666666666666,0.5337317904687405,0.6666666666666666,0.33333333333333337,0.5943959294206264,0.496943034481862,0.22916666666666666,0.0,19.059689855561487,20000313
SPT,11.661940189193027,9,0.75,0.6151103606027896,0.75,0.25,0.5720601397172498,0.4854556215829014,0.10416666666666667,0.0,20.08131969943829,20000314
SPT,9.612614353003508,8,0.6666666666666666,0.4973831307783105,0.6666666666666666,0.33333333333333337,0.5406531328061268,0.5075723841861783,0.14583333333333334,0.0,18.31519221487168,20000315
SPT,6.302393472881976,6,0.5,0.3840501170293662,0.5,0.5,0.5056459337668613,0.5381421845690627,0.3125,0.0,16.297234950458076,20000316
SPT,11.948739426080053,9,0.75,0.6453480105640452,0.75,0.25,0.6108135607427713,0.46931586330308006,0.10416666666666667,0.0,21.280423720596737,20000317
SPT,6.556115142345645,6,0.5,0.387979611237583,0.5833333333333334,0.5,0.5972629896942494,0.5271482390063871,0.2708333333333333,0.0,19.334942810110405,20000318
SPT,6.414166051586543,6,0.5,0.40821905275503445,0.5,0.5,0.49680715982547463,0.5401876120753888,0.2916666666666667,0.0,16.73069242410783,20000319
SPT,5.936340144695089,6,0.5,0.3496092751257488,0.5,0.5,0.47497436442765295,0.47938463102122747,0.2708333333333333,0.0,16.052385629788784,20000320
SPT,13.405656529083036,10,0.8333333333333334,0.7177903355620265,0.8333333333333334,0.16666666666666663,0.6175931716235273,0.4089783353569402,0.0625,0.0,21.227897123663894,20000321
SPT,8.067918847431326,7,0.5833333333333334,0.45288622277168733,0.5833333333333334,0.41666666666666663,0.4600862032254509,0.46727755816758165,0.125,0.0,16.773466594810454,20000322
SPT,6.488803238803455,6,0.5,0.409321306943568,0.5833333333333334,0.5,0.5370752843733605,0.48716554095246933,0.22916666666666666,0.0,18.570661279756184,20000323
SPT,8.5568643492912,7,0.5833333333333334,0.4940728213747882,0.6666666666666666,0.41666666666666663,0.6183052289347828,0.47861736177109665,0.16666666666666666,0.0,21.249183905254835,20000324
SPT,11.4842061153096,9,0.75,0.6214747940289866,0.75,0.25,0.6062277107050424,0.4329995871783849,0.10416666666666667,0.0,20.529655829230137,20000325
SPT,4.593142271488148,5,0.4166666666666667,0.34468718294377015,0.4166666666666667,0.5833333333333333,0.43196938865752127,0.5610458857227266,0.3333333333333333,0.0,14.7915600666279,20000326
SPT,7.387177598248332,7,0.5833333333333334,0.3646034466128438,0.6666666666666666,0.41666666666666663,0.511971288146791,0.4131246214084157,0.125,0.0,18.604962768762825,20000327
SPT,10.04007187256255,8,0.6666666666666666,0.5454790038955339,0.6666666666666666,0.33333333333333337,0.5700202260490282,0.5070012881538754,0.1875,0.0,19.785534532813195,20000328
SPT,5.875296050827629,6,0.5,0.34972226379395466,0.5,0.5,0.44003731534420815,0.5274210432963561,0.22916666666666666,0.0,15.715164407188533,20000329
SPT,9.843467251997122,8,0.6666666666666666,0.5595375254287981,0.6666666666666666,0.33333333333333337,0.5365025787883071,0.43460959181629955,0.0,0.0,19.473211434581756,20000330
SPT,12.084981433009578,9,0.75,0.6204120714928565,0.9166666666666666,0.25,0.7375881115232267,0.48973586380832296,0.20833333333333334,0.0,23.942631514461056,20000331
SPT,9.54298438546052,8,0.6666666666666666,0.48192956005046156,0.75,0.33333333333333337,0.5829559927933635,0.40976450089029104,0.08333333333333333,0.0,20.150958846882325,20000332
SPT,7.478467544317703,7,0.5833333333333334,0.39109077345011656,0.6666666666666666,0.41666666666666663,0.476855690358513,0.4665173773381451,0.10416666666666667,0.0,16.71485660158383,20000333
SPT,6.126120073215901,6,0.5,0.3942641377697514,0.5,0.5,0.4691859375064446,0.49333137556817147,0.2708333333333333,0.0,16.19908433581918,20000334
SPT,8.017651951853225,7,0.5833333333333334,0.48818295022816793,0.5833333333333334,0.41666666666666663,0.4889081676620435,0.4907489052109945,0.08333333333333333,0.0,17.60613277367939,20000335
SPT,8.375036883868537,7,0.5833333333333334,0.4333572415970699,0.6666666666666666,0.41666666666666663,0.6167404332921996,0.5385949386088507,0.25,0.0,19.30631279161092,20000336
SPT,9.995640161352187,8,0.6666666666666666,0.5344478806385173,0.6666666666666666,0.33333333333333337,0.6076502807107337,0.5058382661656703,0.2708333333333333,0.0,19.419744723291224,20000337
SPT,13.799454489282795,10,0.8333333333333334,0.725929209018952,0.8333333333333334,0.16666666666666663,0.6695992705595857,0.42852290284373096,0.10416666666666667,0.0,23.05136167619613,20000338
SPT,11.719813783841657,9,0.75,0.6174283134466156,0.75,0.25,0.6133291585327358,0.47052623381870323,0.16666666666666666,0.0,20.280487418374513,20000339
SPT,3.908503377367226,5,0.4166666666666667,0.3065352847433025,0.4166666666666667,0.5833333333333333,0.36737329828562326,0.5247624859328657,0.1875,0.0,13.244764384401025,20000340
SPT,11.790743980280219,9,0.75,0.6190377058252131,0.75,0.25,0.6133573243801334,0.49560954201467794,0.20833333333333334,0.0,21.08457415246599,20000341
SPT,11.310339965447202,9,0.75,0.6134779951653502,0.75,0.25,0.5949118655654518,0.4881690727315222,0.20833333333333334,0.0,19.969625515883873,20000342
SPT,7.946140353844022,7,0.5833333333333334,0.4456644513005699,0.5833333333333334,0.41666666666666663,0.44452314315259445,0.46776516821300324,0.22916666666666666,0.0,16.400247965795284,20000343
SPT,1.9140944172662113,4,0.3333333333333333,0.2648411687317163,0.3333333333333333,0.6666666666666667,0.34034565366565045,0.5246223939100726,0.3333333333333333,0.0,11.884465664374723,20000344
SPT,8.491957415814147,7,0.5833333333333334,0.4705206016392564,0.5833333333333334,0.41666666666666663,0.5428775255532421,0.49829757050545576,0.20833333333333334,0.0,18.599814114975693,20000345
SPT,7.8400699203685775,7,0.5833333333333334,0.44120130039743205,0.5833333333333334,0.41666666666666663,0.4404107002992965,0.48806233794287873,0.1875,0.0,16.112829646910964,20000346
SPT,8.389672820668146,7,0.5833333333333334,0.4819107495017886,0.6666666666666666,0.41666666666666663,0.5875227844291598,0.4964477519389295,0.20833333333333334,0.0,19.390143154200373,20000347
SPT,12.656332588358467,9,0.75,0.6473625935241364,0.75,0.25,0.6505510307043029,0.4953849436535162,0.22916666666666666,0.0,21.988439299560987,20000348
SPT,13.366979120244764,10,0.8333333333333334,0.7182085894177094,0.9166666666666666,0.16666666666666663,0.7258348843267068,0.42115094889515986,0.08333333333333333,0.0,24.716145402734302,20000349
SPT,8.458644281177559,7,0.5833333333333334,0.44272640529704776,0.6666666666666666,0.41666666666666663,0.550776877873187,0.525654276313455,0.22916666666666666,0.0,18.583963497590855,20000350
SPT,10.101144288247612,8,0.6666666666666666,0.5515828673267406,0.6666666666666666,0.33333333333333337,0.5814412495361179,0.479873975547157,0.14583333333333334,0.0,20.182830287396104,20000351
SPT,7.761278829394106,7,0.5833333333333334,0.4299121630874829,0.6666666666666666,0.41666666666666663,0.509904880550171,0.4616769267772846,0.125,0.0,18.141605283174204,20000352
SPT,9.993689152874065,8,0.6666666666666666,0.5255290636126706,0.6666666666666666,0.33333333333333337,0.5793523681121934,0.4524342918402766,0.14583333333333334,0.0,19.990428810655658,20000353
SPT,7.607425771640511,7,0.5833333333333334,0.44974220259900327,0.5833333333333334,0.41666666666666663,0.41990776874497876,0.4342495444994426,0.020833333333333332,0.0,15.712508496782286,20000354
SPT,11.408132349262189,9,0.75,0.6405016905952914,0.75,0.25,0.5774207520894638,0.4686547128979585,0.08333333333333333,0.0,21.013707419771208,20000355
SPT,10.087979609595866,8,0.6666666666666666,0.5373571873572922,0.75,0.33333333333333337,0.621727115320933,0.4779651122676498,0.14583333333333334,0.0,21.077858647594727,20000356
SPT,7.835212607843486,7,0.5833333333333334,0.4612342073440364,0.5833333333333334,0.41666666666666663,0.46871160236878956,0.5069851867918783,0.20833333333333334,0.0,16.590782520319262,20000357
SPT,15.223750585678609,11,0.9166666666666666,0.9094687318918627,0.9166666666666666,0.08333333333333337,0.6104884014372691,0.4307561084029244,0.0,0.0,22.809376464196525,20000358
SPT,13.619267790314261,10,0.8333333333333334,0.7267707823621701,0.8333333333333334,0.16666666666666663,0.6753752438026054,0.4492234412312767,0.10416666666666667,0.0,23.319864903419106,20000359
SPT,9.234266105718099,8,0.6666666666666666,0.4937178965529217,0.6666666666666666,0.33333333333333337,0.48740985859022135,0.4366783550044688,0.14583333333333334,0.0,17.232377525306457,20000360
SPT,6.267611128871229,6,0.5,0.36558605149743956,0.5833333333333334,0.5,0.5268283915726085,0.46128500055279487,0.16666666666666666,0.0,18.17254434173629,20000361
SPT,7.879561040344258,7,0.5833333333333334,0.4442297071585239,0.5833333333333334,0.41666666666666663,0.5127981113744166,0.5210402150219055,0.22916666666666666,0.0,16.630070557396518,20000362
SPT,2.844286435577274,4,0.3333333333333333,0.2829878200646169,0.4166666666666667,0.6666666666666667,0.4227202645536927,0.570941863768839,0.4166666666666667,0.0,14.535161957559062,20000363
SPT,5.796767421176014,6,0.5,0.3522021678431081,0.5,0.5,0.3987756875887212,0.47527023480258057,0.16666666666666666,0.0,14.490235298954177,20000364
SPT,4.349293189018578,5,0.4166666666666667,0.34896325553819585,0.4166666666666667,0.5833333333333333,0.3474900272288335,0.4819777168009642,0.20833333333333334,0.0,12.39036349926886,20000365
SPT,7.281943579999486,6,0.5,0.42730496171449955,0.5833333333333334,0.5,0.5506193807142551,0.5260767383441401,0.2708333333333333,0.0,18.501788320113345,20000366
SPT,9.835828352258963,8,0.6666666666666666,0.48404816089635333,0.75,0.33333333333333337,0.5986256885241076,0.43089668810340803,0.14583333333333334,0.0,20.114317063362414,20000367
SPT,7.707242293192149,7,0.5833333333333334,0.4375693184533894,0.6666666666666666,0.41666666666666663,0.4718071073765094,0.45422841950702847,0.0625,0.0,16.801145491637705,20000368
SPT,8.37726242338616,7,0.5833333333333334,0.4616979616900563,0.5833333333333334,0.41666666666666663,0.5713447639192527,0.552778355597629,0.3333333333333333,0.0,18.24305249365312,20000369
SPT,5.183452527133971,6,0.5,0.3243294530851052,0.5,0.5,0.3714712372471795,0.5001452167016723,0.2916666666666667,0.0,14.464248859319069,20000370
SPT,9.936905563427999,8,0.6666666666666666,0.5201977264341517,0.6666666666666666,0.33333333333333337,0.5574639437204355,0.5100094386062437,0.16666666666666666,0.0,19.260487324488754,20000371
SPT,6.261994423718406,6,0.5,0.37980313337746247,0.5,0.5,0.4535231845572345,0.5291045667084571,0.2708333333333333,0.0,15.712349117853014,20000372
SPT,13.005051137185907,10,0.8333333333333334,0.7042719922954915,0.8333333333333334,0.16666666666666663,0.5932509033252059,0.43839102441006056,0.16666666666666666,0.0,20.98753350243064,20000373
SPT,8.073576189256745,7,0.5833333333333334,0.45126794273393084,0.6666666666666666,0.41666666666666663,0.5588817909398791,0.4797987485601856,0.10416666666666667,0.0,19.82027788392906,20000374
SPT,10.428610770784406,8,0.6666666666666666,0.5558482135747256,0.75,0.33333333333333337,0.7115302855222332,0.47411942394804313,0.16666666666666666,0.0,23.013363996398756,20000375
SPT,9.165022679057351,8,0.6666666666666666,0.48973977486678333,0.6666666666666666,0.33333333333333337,0.4789645344525771,0.4265207996986493,0.0625,0.0,18.2224614955356,20000376
SPT,7.283727309875445,7,0.5833333333333334,0.39427511714178254,0.5833333333333334,0.41666666666666663,0.3985908323009571,0.4636332758981885,0.10416666666666667,0.0,14.6542114098529,20000377
SPT,6.660829720823203,6,0.5,0.3810055910976901,0.6666666666666666,0.5,0.5309070809753285,0.47046217120995243,0.10416666666666667,0.0,18.559753087407767,20000378
SPT,11.573249259180193,9,0.75,0.5814916690051282,0.8333333333333334,0.25,0.63527567052048,0.43762707985829435,0.125,0.0,21.60961667238222,20000379
SPT,11.434218706655383,9,0.75,0.5984155390833663,0.75,0.25,0.6237630611485766,0.47140935897224673,0.125,0.0,21.396331102086013,20000380
SPT,6.431403248184018,6,0.5,0.3494034568336468,0.5833333333333334,0.5,0.4954918453636454,0.46963463948004813,0.20833333333333334,0.0,16.66616401357867,20000381
SPT,13.341511874718714,10,0.8333333333333334,0.6813536295775539,0.9166666666666666,0.16666666666666663,0.719727433354613,0.4425730818378799,0.125,0.0,23.011185743740825,20000382
SPT,9.440128389656422,8,0.6666666666666666,0.5014081643506231,0.6666666666666666,0.33333333333333337,0.4849644462947032,0.48446142846916646,0.16666666666666666,0.0,17.34160718045386,20000383
SPT,8.253171533760105,7,0.5833333333333334,0.4555529053387176,0.6666666666666666,0.41666666666666663,0.5483809056481608,0.45203663641061986,0.16666666666666666,0.0,19.412891762845902,20000384
SPT,7.265744347692877,7,0.5833333333333334,0.3592972628664708,0.6666666666666666,0.41666666666666663,0.4804047559122408,0.4285976340915629,0.125,0.0,16.938949249384073,20000385
SPT,6.335153308509213,6,0.5,0.4174985372921428,0.5,0.5,0.4811260151636179,0.4964667044001385,0.1875,0.0,16.631155475384322,20000386
SPT,13.66571552161209,10,0.8333333333333334,0.7040582759570827,0.8333333333333334,0.16666666666666663,0.731142862337534,0.4475870553861169,0.14583333333333334,0.0,24.815390650071006,20000387
SPT,11.552986091402076,9,0.75,0.6416471817224616,0.8333333333333334,0.25,0.6683762048388631,0.46199443156070735,0.14583333333333334,0.0,23.264731648172596,20000388
SPT,14.152785459085688,10,0.8333333333333334,0.7295953109410926,0.8333333333333334,0.16666666666666663,0.7244934280038583,0.49987973773081484,0.22916666666666666,0.0,23.263706937550587,20000389
SPT,12.002375791223846,9,0.75,0.633914602783333,0.75,0.25,0.6509235456834627,0.4720219715272958,0.14583333333333334,0.0,22.295849603174528,20000390
SPT,11.633896518360102,9,0.75,0.6452056696549036,0.75,0.25,0.6197975986060343,0.5027819273683344,0.1875,0.0,21.382503912590792,20000391
SPT,10.029697608990654,8,0.6666666666666666,0.5378041102327873,0.75,0.33333333333333337,0.6392620792986258,0.4479990469375439,0.125,0.0,21.251592737979028,20000392
SPT,6.210151716002313,6,0.5,0.4025817764434497,0.5,0.5,0.48300224112492063,0.5356279000829195,0.22916666666666666,0.0,16.335510619443053,20000393
SPT,6.471752414229378,6,0.5,0.3868188125770908,0.5,0.5,0.5192251459922935,0.5088303821175153,0.2916666666666667,0.0,17.013311697869643,20000394
SPT,11.76638830043753,9,0.75,0.6128503798305939,0.75,0.25,0.6340075646032353,0.4892462208986645,0.1875,0.0,21.530169129615025,20000395
SPT,9.495925132488958,8,0.6666666666666666,0.5301042524779067,0.6666666666666666,0.33333333333333337,0.4205471819144002,0.43582268591556134,0.0,0.0,17.309523399946055,20000396
SPT,11.574905037016237,9,0.75,0.6257364847032089,0.8333333333333334,0.25,0.575272780932449,0.461816458702484,0.08333333333333333,0.0,21.216512197135597,20000397
SPT,11.023966535516653,9,0.75,0.5639039519462097,0.8333333333333334,0.25,0.5953769842746547,0.4370885214826807,0.08333333333333333,0.0,20.87151803311754,20000398
SPT,9.254921895275443,8,0.6666666666666666,0.4875341493856373,0.6666666666666666,0.33333333333333337,0.4603724327489112,0.47283837942617085,0.041666666666666664,0.0,17.233041128826777,20000399
SPT,7.671437031177883,7,0.5833333333333334,0.45647154839607323,0.6666666666666666,0.41666666666666663,0.4689100839117685,0.47155202358919857,0.0625,0.0,16.74204206196188,20000400
SPT,8.781249187092659,7,0.5833333333333334,0.4890334577775028,0.5833333333333334,0.41666666666666663,0.4827391371670637,0.538377817378529,0.3541666666666667,0.0,17.70312296773164,20000401
SPT,4.1743546780592204,5,0.4166666666666667,0.29485497814788536,0.4166666666666667,0.5833333333333333,0.4096150297541767,0.5039533192750211,0.25,0.0,14.091407017125572,20000402
SPT,6.442352352199219,6,0.5,0.4106384305238165,0.5,0.5,0.4739164256082467,0.5227461938433735,0.3333333333333333,0.0,16.07858534803724,20000403
SPT,7.746086088870648,7,0.5833333333333334,0.4471599224076285,0.5833333333333334,0.41666666666666663,0.4228694651981992,0.48802599691183124,0.0625,0.0,15.459851843618733,20000404
SPT,2.522396015058387,4,0.3333333333333333,0.2837966855451839,0.3333333333333333,0.6666666666666667,0.30535720238054087,0.4844211892872365,0.125,0.0,11.988386703965032,20000405
SPT,11.962994425756857,9,0.75,0.6086274329806268,0.75,0.25,0.6714732648678811,0.5003368033870735,0.22916666666666666,0.0,21.43751082076655,20000406
SPT,11.97767114411533,9,0.75,0.6343936220375929,0.75,0.25,0.6533947226958253,0.4825075186719201,0.16666666666666666,0.0,21.645596207449195,20000407
SPT,5.497322553919585,6,0.5,0.3245574226313276,0.5833333333333334,0.5,0.4140310077193689,0.4505599413504158,0.1875,0.0,15.691731315422992,20000408
SPT,10.04334769527687,8,0.6666666666666666,0.5067151105727264,0.75,0.33333333333333337,0.6576353240710584,0.4909763473017308,0.20833333333333334,0.0,21.85243195224767,20000409
SPT,11.277864998911054,9,0.75,0.5995095388508235,0.75,0.25,0.6021651958346714,0.42118596973321115,0.10416666666666667,0.0,21.08153690273506,20000410
SPT,9.782902797978675,8,0.6666666666666666,0.5256967144648111,0.6666666666666666,0.33333333333333337,0.5265425222904252,0.4381629343887228,0.10416666666666667,0.0,19.21917026955976,20000411
SPT,6.573559335582198,6,0.5,0.4622350289761504,0.5,0.5,0.48030014962015594,0.5358122190622623,0.2708333333333333,0.0,16.661544315462418,20000412
SPT,7.924000176895136,7,0.5833333333333334,0.47419373813981497,0.6666666666666666,0.41666666666666663,0.48887735032806695,0.4636440316808123,0.10416666666666667,0.0,17.347777668945227,20000413
SPT,9.959336851012814,8,0.6666666666666666,0.5476523482521644,0.6666666666666666,0.33333333333333337,0.5292513168685392,0.4987669862209616,0.1875,0.0,18.307194761491118,20000414
SPT,11.780997050523222,9,0.75,0.608479560636881,0.75,0.25,0.6600049232845974,0.4720132390314298,0.14583333333333334,0.0,22.316679496287232,20000415
SPT,7.454459981585032,7,0.5833333333333334,0.42699717999841713,0.5833333333333334,0.41666666666666663,0.4945035425085713,0.4927457703843107,0.1875,0.0,16.987583403823063,20000416
SPT,9.43412123502215,8,0.6666666666666666,0.49279140572141156,0.6666666666666666,0.33333333333333337,0.5547494154388292,0.4690344136423237,0.14583333333333334,0.0,19.16316869625077,20000417
SPT,13.258303782704408,10,0.8333333333333334,0.7483886284983456,0.8333333333333334,0.16666666666666663,0.589574798210836,0.4217431465157599,0.041666666666666664,0.0,21.225881386861683,20000418
SPT,5.34754068069377,6,0.5,0.29861331803801716,0.5,0.5,0.38227090299047745,0.5154694177256861,0.22916666666666666,0.0,13.177264654949836,20000419
SPT,13.141789305628796,10,0.8333333333333334,0.6947725173759026,0.8333333333333334,0.16666666666666663,0.6796596470874,0.4556551045278532,0.1875,0.0,22.660121051032977,20000420
SPT,2.3574565615188314,4,0.3333333333333333,0.27815851161575234,0.3333333333333333,0.6666666666666667,0.3682186075792018,0.5609399603706535,0.375,0.0,12.756983603871317,20000421
SPT,9.375732696005393,8,0.6666666666666666,0.4981063810021194,0.6666666666666666,0.33333333333333337,0.46783694052132824,0.42661053069696714,0.125,0.0,17.884922351091628,20000422
SPT,10.842810784575668,9,0.75,0.5745486926002403,0.75,0.25,0.5366780097491984,0.4304488496570027,0.0625,0.0,18.54846021918383,20000423
SPT,6.160963725911309,6,0.5,0.3682393060890271,0.5833333333333334,0.5,0.48850345650694366,0.48451287009802035,0.20833333333333334,0.0,17.076958850558366,20000424
SPT,4.02604464795229,5,0.4166666666666667,0.2624705458999091,0.5,0.5833333333333333,0.4135158781547354,0.48812285415975953,0.25,0.0,14.448390551048512,20000425
SPT,9.42859555767419,8,0.6666666666666666,0.49587549889096605,0.6666666666666666,0.33333333333333337,0.5961386838118737,0.4926281553083644,0.25,0.0,18.849267586495234,20000426
SPT,11.76933211266817,9,0.75,0.6268169727452524,0.75,0.25,0.6267517493165344,0.4687912279957536,0.1875,0.0,21.730373955301626,20000427
SPT,14.193885754221446,10,0.8333333333333334,0.7317906207525001,0.8333333333333334,0.16666666666666663,0.7100869032590845,0.4443125870933377,0.20833333333333334,0.0,24.493282015575573,20000428
SPT,11.148054680964135,9,0.75,0.5678122975403304,0.8333333333333334,0.25,0.6286067472293985,0.45255842066679935,0.08333333333333333,0.0,20.5303403364419,20000429
SPT,10.663237292752758,9,0.75,0.5516133599003091,0.75,0.25,0.5740061413023915,0.4635215483258617,0.10416666666666667,0.0,19.79731885415883,20000430
SPT,7.833813632766773,7,0.5833333333333334,0.457972078377264,0.5833333333333334,0.41666666666666663,0.4978710777342294,0.4580112153245781,0.14583333333333334,0.0,17.000743963327537,20000431
SPT,11.725642152225253,9,0.75,0.6506068270847556,0.75,0.25,0.6469311356989994,0.474984849747651,0.14583333333333334,0.0,22.228775788241702,20000432
SPT,8.399079225794823,7,0.5833333333333334,0.5027043533549648,0.5833333333333334,0.41666666666666663,0.5241769151032718,0.5301482222440003,0.25,0.0,17.15525820705019,20000433
SPT,9.754072510537856,8,0.6666666666666666,0.5159160907718634,0.6666666666666666,0.33333333333333337,0.5535289924061851,0.5086374417435637,0.16666666666666666,0.0,18.82018568438042,20000434
SPT,14.057070128763764,10,0.8333333333333334,0.7523544985120016,0.8333333333333334,0.16666666666666663,0.7223065998525904,0.47749268417305896,0.1875,0.0,24.250496998242077,20000435
SPT,13.348191559777648,10,0.8333333333333334,0.7038379920950366,0.8333333333333334,0.16666666666666663,0.6927105398347958,0.4353560593122358,0.125,0.0,23.12249857467414,20000436
SPT,11.48701444616187,9,0.75,0.6099524370845643,0.75,0.25,0.6335008445331848,0.4816465026655388,0.16666666666666666,0.0,21.05735793987447,20000437
SPT,5.305441524333361,6,0.5,0.3075712273293847,0.5,0.5,0.32959098262297787,0.4530642281351461,0.16666666666666666,0.0,12.757629805077972,20000438
SPT,4.966371336378601,5,0.4166666666666667,0.340795186458741,0.5,0.5833333333333333,0.44909469898932447,0.51983169569412,0.2916666666666667,0.0,15.15460454392561,20000439
SPT,10.741515617144277,9,0.75,0.6051829383398557,0.75,0.25,0.5160176392550185,0.44927412590085497,0.08333333333333333,0.0,18.62485557330196,20000440
SPT,3.4864762468886044,5,0.4166666666666667,0.23841250264384306,0.4166666666666667,0.5833333333333333,0.3342957884511746,0.5104987727420804,0.2916666666666667,0.0,11.95260554837086,20000441
SPT,13.147907831590688,10,0.8333333333333334,0.6902001739106723,0.8333333333333334,0.16666666666666663,0.6568745262683163,0.4476043968496455,0.10416666666666667,0.0,21.816122614347705,20000442
SPT,10.638891091526714,8,0.6666666666666666,0.5447220484271117,0.75,0.33333333333333337,0.6784372015062189,0.5090920722796742,0.2708333333333333,0.0,22.007964454883552,20000443
SPT,6.193920366856954,6,0.5,0.3521542524881313,0.5833333333333334,0.5,0.45703344213957875,0.4854774143024813,0.25,0.0,16.401608566566352,20000444
SPT,7.633987048225233,7,0.5833333333333334,0.4036010283154215,0.5833333333333334,0.41666666666666663,0.5275878297225267,0.44913615997025724,0.20833333333333334,0.0,17.436093926375317,20000445
SPT,12.28141953742382,9,0.75,0.6392410417685618,0.75,0.25,0.626166068680806,0.4685634910781868,0.125,0.0,21.49322286141282,20000446
SPT,6.660198630042062,6,0.5,0.40019399645896475,0.5,0.5,0.5232630692543471,0.5395025363960327,0.3333333333333333,0.0,16.676661913242558,20000447
SPT,10.379476798672986,8,0.6666666666666666,0.5624634965385761,0.75,0.33333333333333337,0.6550155986408619,0.5092802617587656,0.22916666666666666,0.0,21.047273314293623,20000448
SPT,9.310992420453232,8,0.6666666666666666,0.4932881394615709,0.6666666666666666,0.33333333333333337,0.5401438794828503,0.41996921344444554,0.0625,0.0,18.119203345048017,20000449
SPT,8.634757319674968,7,0.5833333333333334,0.4395467848784124,0.6666666666666666,0.41666666666666663,0.6201386034185798,0.5417240402211853,0.3125,0.0,19.30951759669442,20000450
SPT,9.680459019281413,8,0.6666666666666666,0.4712663668551752,0.75,0.33333333333333337,0.5622970534404078,0.4636438623865156,0.1875,0.0,20.09554996046075,20000451
SPT,10.967959846880056,8,0.6666666666666666,0.5735882788802543,0.6666666666666666,0.33333333333333337,0.6533877740302995,0.5285127899361634,0.3125,0.0,21.340212818467904,20000452
SPT,4.349098483076661,5,0.4166666666666667,0.31412740946259726,0.4166666666666667,0.5833333333333333,0.35750400984728065,0.5489670321198674,0.22916666666666666,0.0,12.636202701977767,20000453
SPT,9.601454388650541,8,0.6666666666666666,0.4868264941755349,0.6666666666666666,0.33333333333333337,0.5116231460282936,0.4891626103293043,0.14583333333333334,0.0,17.71370356808561,20000454
SPT,9.7176937039448,8,0.6666666666666666,0.5386932843562758,0.6666666666666666,0.33333333333333337,0.5704265124919575,0.49642862543753147,0.125,0.0,19.412423825151777,20000455
SPT,9.786910897717807,8,0.6666666666666666,0.5098879479335462,0.75,0.33333333333333337,0.5875137991629475,0.4797623744685917,0.16666666666666666,0.0,19.221382818273202,20000456
SPT,4.11558925609992,5,0.4166666666666667,0.29944795854361067,0.4166666666666667,0.5833333333333333,0.4003209602001805,0.49018145711299477,0.2708333333333333,0.0,13.119076188128748,20000457
SPT,6.517877800335054,6,0.5,0.38957607753522033,0.5,0.5,0.49353061318875885,0.5737058837734645,0.3333333333333333,0.0,15.84825882751388,20000458
SPT,10.632779227971033,8,0.6666666666666666,0.5531869634785339,0.8333333333333334,0.33333333333333337,0.7160320672183266,0.516367899739388,0.22916666666666666,0.0,22.97402318949959,20000459
SPT,13.669057069116054,10,0.8333333333333334,0.7364602879579821,0.8333333333333334,0.16666666666666663,0.6482333061294444,0.4237682980578111,0.16666666666666666,0.0,21.9812880396554,20000460
SPT,10.352341091130151,8,0.6666666666666666,0.5367403725498399,0.6666666666666666,0.33333333333333337,0.6556574036779826,0.5091582573795317,0.2708333333333333,0.0,20.640536755998134,20000461
SPT,13.800647154461764,10,0.8333333333333334,0.7372620912027931,0.8333333333333334,0.16666666666666663,0.6835718241068399,0.48647444679216484,0.1875,0.0,23.39563960307338,20000462
SPT,8.553816809080972,7,0.5833333333333334,0.4645053178928758,0.6666666666666666,0.41666666666666663,0.5836597693628452,0.4821151802987633,0.22916666666666666,0.0,19.362144743126084,20000463
SPT,9.728938255408526,8,0.6666666666666666,0.5251989953600795,0.6666666666666666,0.33333333333333337,0.518828026541463,0.4442949307906912,0.020833333333333332,0.0,19.1992383637093,20000464
SPT,11.694287040195093,9,0.75,0.6320268809614144,0.75,0.25,0.5767736033811565,0.45760896550145497,0.14583333333333334,0.0,20.38849495856554,20000465
SPT,6.456582870312255,6,0.5,0.43813609183307645,0.5,0.5,0.4010758602951718,0.47216210708607703,0.0625,0.0,15.877157933191471,20000466
SPT,9.573638638936458,8,0.6666666666666666,0.543358412865939,0.75,0.33333333333333337,0.5210601595437657,0.40329359285699434,0.041666666666666664,0.0,19.335973718315046,20000467
SPT,9.005238089988534,8,0.6666666666666666,0.47461511566519,0.6666666666666666,0.33333333333333337,0.49823179460677663,0.449000337581171,0.125,0.0,17.36864013991788,20000468
SPT,7.6052498819907015,7,0.5833333333333334,0.42989781109554065,0.5833333333333334,0.41666666666666663,0.4300995462796459,0.49264162607144285,0.16666666666666666,0.0,15.884252815487756,20000469
SPT,9.337469603772135,8,0.6666666666666666,0.5236329384325143,0.75,0.33333333333333337,0.5349286241669032,0.4681504234630227,0.125,0.0,18.99562438187109,20000470
SPT,12.093364408803627,9,0.75,0.6450315493186644,0.75,0.25,0.6992810351315351,0.4953069191853566,0.1875,0.0,23.283420024072772,20000471
SPT,10.01120086836418,8,0.6666666666666666,0.5401938221113463,0.6666666666666666,0.33333333333333337,0.5552763653813891,0.45911814989161287,0.16666666666666666,0.0,18.616745440858306,20000472
SPT,13.470636489487003,10,0.8333333333333334,0.6990568540904074,0.8333333333333334,0.16666666666666663,0.6246482226851918,0.4368241465810996,0.08333333333333333,0.0,22.036762118939492,20000473
SPT,9.957078914304509,8,0.6666666666666666,0.5259530204595426,0.6666666666666666,0.33333333333333337,0.5994714062780656,0.4689018401528728,0.14583333333333334,0.0,20.047983272582314,20000474
SPT,12.19563938897185,9,0.75,0.6193171508359767,0.75,0.25,0.6451314539800543,0.47326155038764545,0.16666666666666666,0.0,21.16290075744336,20000475
SPT,9.666194184102302,8,0.6666666666666666,0.5989276836852466,0.6666666666666666,0.33333333333333337,0.5003804792497397,0.47652565012777703,0.041666666666666664,0.0,17.78919197628917,20000476
SPT,10.070244784595161,8,0.6666666666666666,0.5503867361263526,0.6666666666666666,0.33333333333333337,0.5295138876539086,0.47710256634952386,0.125,0.0,18.517188393915056,20000477
SPT,10.258878682311376,8,0.6666666666666666,0.5374153936228409,0.6666666666666666,0.33333333333333337,0.5992261685937924,0.4920907050815417,0.22916666666666666,0.0,20.83452021425382,20000478
SPT,5.932769449387789,6,0.5,0.3244896041678657,0.5833333333333334,0.5,0.46785014988317314,0.46365765776630985,0.16666666666666666,0.0,16.842620455502015,20000479
SPT,8.397147905714101,7,0.5833333333333334,0.426162996085342,0.6666666666666666,0.41666666666666663,0.6453458358082599,0.5297285812377323,0.3125,0.0,20.585847745479697,20000480
SPT,8.050925373868596,7,0.5833333333333334,0.4562035017548192,0.75,0.41666666666666663,0.5788029700768859,0.4022040584971373,0.0625,0.0,19.798248442361253,20000481
SPT,6.49012600124013,6,0.5,0.35774982456475724,0.5833333333333334,0.5,0.5261430698905526,0.5051300014601521,0.2708333333333333,0.0,17.847796545834417,20000482
SPT,9.914257486798492,8,0.6666666666666666,0.5482297706581079,0.75,0.33333333333333337,0.605034006768224,0.4245120388665446,0.08333333333333333,0.0,21.817094368981085,20000483
SPT,6.1466029007128,6,0.5,0.38014790658711123,0.5,0.5,0.43418546860604623,0.5197988714929157,0.2708333333333333,0.0,14.868116740100723,20000484
SPT,7.599754323128877,7,0.5833333333333334,0.41825302107601486,0.5833333333333334,0.41666666666666663,0.39504135747510355,0.46372125224308897,0.20833333333333334,0.0,15.61648396161282,20000485
SPT,9.771426275408743,8,0.6666666666666666,0.5402573923527973,0.6666666666666666,0.33333333333333337,0.543542712036436,0.5000654989194405,0.1875,0.0,18.55214881085849,20000486
SPT,10.112055831888824,8,0.6666666666666666,0.5596575861450708,0.6666666666666666,0.33333333333333337,0.5844193844504617,0.4697312172556458,0.14583333333333334,0.0,20.775091134488118,20000487
SPT,9.853944982044872,8,0.6666666666666666,0.510122351395607,0.6666666666666666,0.33333333333333337,0.6004675127044418,0.4592642853342876,0.1875,0.0,20.152115751732005,20000488
SPT,7.790640144040976,7,0.5833333333333334,0.4253900179506222,0.5833333333333334,0.41666666666666663,0.503082010806423,0.4827333453869023,0.20833333333333334,0.0,17.427394766899184,20000489
SPT,9.399105702164983,8,0.6666666666666666,0.49147077428891034,0.6666666666666666,0.33333333333333337,0.5222359873699252,0.48045987966526854,0.10416666666666667,0.0,17.781116403611012,20000490
SPT,7.887613972185299,7,0.5833333333333334,0.42071075256805845,0.5833333333333334,0.41666666666666663,0.49872784462412856,0.5094953824231796,0.3125,0.0,16.76858061754657,20000491
SPT,10.19350823235022,8,0.6666666666666666,0.5315443141994275,0.75,0.33333333333333337,0.6088523727195296,0.5153530456912038,0.1875,0.0,20.201878614690905,20000492
SPT,4.291743649532822,5,0.4166666666666667,0.251809307618552,0.5833333333333334,0.5833333333333333,0.44554598867094675,0.5074751241422177,0.1875,0.0,15.708280710178622,20000493
SPT,9.593230805420351,8,0.6666666666666666,0.543102024654278,0.6666666666666666,0.33333333333333337,0.5489988971893305,0.4751239993116618,0.14583333333333334,0.0,19.210563969699933,20000494
SPT,3.8993220998816644,5,0.4166666666666667,0.31622360169705294,0.4166666666666667,0.5833333333333333,0.36672110492247906,0.5125612075634308,0.2708333333333333,0.0,13.362527216947697,20000495
SPT,13.940219245717905,10,0.8333333333333334,0.7294936101257704,0.9166666666666666,0.16666666666666663,0.7430605698991172,0.4158522998584458,0.10416666666666667,0.0,25.22460320900296,20000496
SPT,9.406731162147226,8,0.6666666666666666,0.5197624548503046,0.6666666666666666,0.33333333333333337,0.46569654469776117,0.49563419924803825,0.14583333333333334,0.0,16.78807633450406,20000497
SPT,4.446786700857647,5,0.4166666666666667,0.2819848611817368,0.5833333333333334,0.5833333333333333,0.42980542290162277,0.47636591318345206,0.125,0.0,15.792796869421117,20000498
SPT,4.043356981709499,5,0.4166666666666667,0.34459453593491435,0.4166666666666667,0.5833333333333333,0.3755450082563318,0.5412565254292726,0.3125,0.0,14.006768619364056,20000499
Random,8.295733045570218,7,0.5833333333333334,0.48446329311030156,0.6666666666666666,0.41666666666666663,0.8861065007341938,0.1585493921764887,0.0,0.3958333333333333,20.803500792487583,20000000
Random,10.75504561882647,8,0.6666666666666666,0.6133739754706738,0.75,0.33333333333333337,0.8884478717139922,0.20975654433473925,0.0,0.2916666666666667,23.441334624077424,20000001
Random,7.3754623647403665,6,0.5,0.45054202592799897,0.75,0.5,0.8638844119541357,0.3232648554933761,0.0,0.1875,24.117893511574543,20000002
Random,8.253856603307987,7,0.5833333333333334,0.5000920206791998,0.6666666666666666,0.41666666666666663,0.8758762492373787,0.1659648712761521,0.0,0.3541666666666667,22.45702223678679,20000003
Random,8.080107637039672,7,0.5833333333333334,0.565817671819846,0.5833333333333334,0.41666666666666663,0.7447548610932007,0.24624845460547637,0.0,0.2916666666666667,18.89126994650907,20000004
Random,5.703855705641141,5,0.4166666666666667,0.4142513103132267,0.6666666666666666,0.5833333333333333,0.8792853959912111,0.1669829248629171,0.0,0.3958333333333333,20.478795671839453,20000005
Random,4.775176652839439,5,0.4166666666666667,0.2945222342219214,0.5833333333333334,0.5833333333333333,0.8742296332344447,0.16862664919794226,0.0,0.3958333333333333,19.46056974269972,20000006
Random,5.288100092069393,5,0.4166666666666667,0.38356457423293555,0.5833333333333334,0.5833333333333333,0.8490439866052767,0.22075249103723737,0.0,0.3333333333333333,21.218967187411444,20000007
Random,5.0722416697389345,5,0.4166666666666667,0.32654892069656793,0.5833333333333334,0.5833333333333333,0.8296481315767282,0.19945976491964976,0.0,0.3125,21.76521352951034,20000008
Random,5.8188797738006866,5,0.4166666666666667,0.5138213481761261,0.5833333333333334,0.5833333333333333,0.8612444150407637,0.18467794689086828,0.0,0.3958333333333333,19.55607912500378,20000009
Random,8.526494649088628,7,0.5833333333333334,0.45939405104230174,0.6666666666666666,0.41666666666666663,0.8543645237405197,0.17987743694212802,0.0,0.3125,21.734313796894355,20000010
Random,10.05668937358808,8,0.6666666666666666,0.6703578790017298,0.6666666666666666,0.33333333333333337,0.8579236783322481,0.18742656855403098,0.0,0.3541666666666667,20.732742309202035,20000011
Random,8.164344244449907,7,0.5833333333333334,0.41664933218212863,0.75,0.41666666666666663,0.8915151526929069,0.17191861635229136,0.0,0.3333333333333333,22.015928151827293,20000012
Random,9.04811598285435,7,0.5833333333333334,0.5683474644918488,0.6666666666666666,0.41666666666666663,0.7966013506699076,0.2688842967106045,0.0,0.22916666666666666,22.892825910419024,20000013
Random,6.1794007624747636,5,0.4166666666666667,0.48887334633228735,0.6666666666666666,0.5833333333333333,0.8148487821809356,0.2746887871633772,0.0,0.2708333333333333,22.21553693031958,20000014
Random,12.264187852675319,9,0.75,0.6592060311890503,0.75,0.25,0.907323208811912,0.22754888092141715,0.0,0.2708333333333333,24.514776147451826,20000015
Random,5.846170761902669,5,0.4166666666666667,0.4899491480569273,0.6666666666666666,0.5833333333333333,0.8007402238817128,0.24507003407553105,0.0,0.2916666666666667,21.247462776116095,20000016
Random,10.188129458494657,8,0.6666666666666666,0.5864299824734205,0.75,0.33333333333333337,0.8169054776081414,0.22468046242014883,0.0,0.3125,20.28263513967659,20000017
Random,7.472479464475377,6,0.5,0.4653285210056405,0.5833333333333334,0.5,0.8884781793637405,0.2249405271296497,0.0,0.3541666666666667,22.08313044458218,20000018
Random,12.059528716909524,9,0.75,0.6176553370937907,0.8333333333333334,0.25,0.9124514625958433,0.1571095778114906,0.0,0.3541666666666667,22.295031016913764,20000019
Random,8.482579438531918,7,0.5833333333333334,0.5453039458487206,0.5833333333333334,0.41666666666666663,0.8596915704222866,0.21708428490077658,0.0,0.3333333333333333,21.079910108933536,20000020
Random,8.958670939999685,7,0.5833333333333334,0.6219409684896582,0.75,0.41666666666666663,0.8713472191528057,0.15967889414859665,0.0,0.3333333333333333,21.69381242225909,20000021
Random,4.70648069780408,5,0.4166666666666667,0.2661431386980199,0.6666666666666666,0.5833333333333333,0.7254194514695662,0.2656741654627521,0.0,0.20833333333333334,20.306564796706443,20000022
Random,6.931461532749292,6,0.5,0.482353918221595,0.5833333333333334,0.5,0.8532881344759877,0.18228086999661994,0.0,0.375,20.212542901368163,20000023
Random,12.16787183520607,9,0.75,0.6800745057692189,0.75,0.25,0.8893147179474349,0.1956521585291672,0.0,0.3333333333333333,21.564384736325582,20000024
Random,5.026730294303687,5,0.4166666666666667,0.3847146909738625,0.5,0.5833333333333333,0.8831600120086586,0.17558602946261267,0.0,0.4375,18.839211481495326,20000025
Random,9.362156383743942,7,0.5833333333333334,0.6694935254759234,0.75,0.41666666666666663,0.7126618669145874,0.4073740008593358,0.0,0.14583333333333334,21.21121514059407,20000026
Random,12.522916691372895,9,0.75,0.7607200849142444,0.75,0.25,0.8393424219544866,0.23396703552752654,0.0,0.2916666666666667,21.557291728432226,20000027
Random,6.118817401178706,5,0.4166666666666667,0.532646242120963,0.75,0.5833333333333333,0.8348002566149132,0.23641880790673211,0.0,0.2708333333333333,22.40634024049994,20000028
Random,7.279417619480814,6,0.5,0.49304196981529225,0.75,0.5,0.8329749257688818,0.19063659568876146,0.0,0.3125,22.16689506490817,20000029
Random,5.593941605906144,5,0.4166666666666667,0.3921240071029139,0.5,0.5833333333333333,0.7730848506848247,0.27080505721350195,0.0,0.3125,18.16312024701226,20000030
Random,8.975792691790014,7,0.5833333333333334,0.5893819045365803,0.5833333333333334,0.41666666666666663,0.8467527359570601,0.21994293753056238,0.0,0.3125,20.798983428637747,20000031
Random,10.276803302960758,8,0.6666666666666666,0.5428556821446905,0.75,0.33333333333333337,0.8800694166238241,0.20635863791381662,0.0,0.3125,21.581361219486627,20000032
Random,4.794926974700362,5,0.4166666666666667,0.26241291302531733,0.6666666666666666,0.5833333333333333,0.8958298719659482,0.16670674499280227,0.0,0.3958333333333333,19.316928620741123,20000033
Random,8.839266824199035,7,0.5833333333333334,0.47394719161501864,0.75,0.41666666666666663,0.8363917075419574,0.19686791710406992,0.0,0.2916666666666667,23.264663684840308,20000034
Random,5.4197677659045,5,0.4166666666666667,0.4380850915586342,0.5833333333333334,0.5833333333333333,0.8588559217329927,0.20149263826958286,0.0,0.375,19.484667702681882,20000035
Random,10.2424192020434,8,0.6666666666666666,0.7118994180604955,0.75,0.33333333333333337,0.8466924318852498,0.19216716772615916,0.0,0.2916666666666667,21.69079176461313,20000036
Random,5.606658851996868,5,0.4166666666666667,0.2981232725221208,0.75,0.5833333333333333,0.8871572080342794,0.21962753104450305,0.0,0.2916666666666667,23.254822561565167,20000037
Random,10.73244173783602,8,0.6666666666666666,0.6436299349207799,0.75,0.33333333333333337,0.7952981047497446,0.29170147623546416,0.0,0.20833333333333334,23.093398007809196,20000038
Random,3.348271769989517,4,0.3333333333333333,0.2770667099992227,0.5833333333333334,0.6666666666666667,0.8769857361986532,0.17343833228383496,0.0,0.3541666666666667,21.98578238010789,20000039
Random,1.638427895053029,3,0.25,0.21224422830998427,0.5,0.75,0.8572193786045377,0.16191276343820374,0.0,0.4166666666666667,17.840994474520954,20000040
Random,8.631314000836293,7,0.5833333333333334,0.44978814627258956,0.75,0.41666666666666663,0.9053810444631969,0.15557046950668565,0.0,0.3541666666666667,22.34448318121742,20000041
Random,10.579053808094606,8,0.6666666666666666,0.6026966400792778,0.75,0.33333333333333337,0.8838797791109979,0.1875015082418754,0.0,0.3333333333333333,21.977502449972583,20000042
Random,11.741096156220678,9,0.75,0.6479253082223488,0.75,0.25,0.846502999680571,0.18666527887903625,0.0,0.2916666666666667,21.858157172658444,20000043
Random,6.192343690114625,5,0.4166666666666667,0.48061686289087047,0.6666666666666666,0.5833333333333333,0.8555517896440342,0.23097032092146605,0.0,0.2916666666666667,22.32039080485816,20000044
Random,8.990325994328773,7,0.5833333333333334,0.5443274502821023,0.5833333333333334,0.41666666666666663,0.7462084653171589,0.2796374733944779,0.0,0.25,19.748649982219668,20000045
Random,6.787254182388708,6,0.5,0.36507702417126947,0.6666666666666666,0.5,0.7964045368538972,0.24647157535950448,0.0,0.2708333333333333,20.578183722839324,20000046
Random,10.07361042920874,8,0.6666666666666666,0.7042941158824352,0.6666666666666666,0.33333333333333337,0.8738080998731125,0.17357389093561681,0.0,0.3541666666666667,21.426266118841056,20000047
Random,3.8631654800944544,4,0.3333333333333333,0.31262895419021225,0.6666666666666666,0.6666666666666667,0.7851638153281536,0.25294920511669217,0.0,0.2708333333333333,21.23018975175649,20000048
Random,7.446585878690366,6,0.5,0.5824664614604065,0.6666666666666666,0.5,0.8403037846642766,0.2324441065485594,0.0,0.2708333333333333,22.46826823777611,20000049
Random,8.422154037114591,7,0.5833333333333334,0.3670131948930864,0.8333333333333334,0.41666666666666663,0.8186684378356898,0.2487471912503411,0.0,0.22916666666666666,23.026719860731745,20000050
Random,8.684370481997439,7,0.5833333333333334,0.45046884416621147,0.75,0.41666666666666663,0.889376208246647,0.1602423042501663,0.0,0.375,21.735914044444005,20000051
Random,5.092095781189841,5,0.4166666666666667,0.31553596047001564,0.6666666666666666,0.5833333333333333,0.8607093304907304,0.22483546663361012,0.0,0.3333333333333333,21.28293748218613,20000052
Random,10.486987044592853,8,0.6666666666666666,0.5384360423848504,0.8333333333333334,0.33333333333333337,0.8652721250199426,0.20124762435207053,0.0,0.2916666666666667,22.99281171136196,20000053
Random,12.210369363689273,9,0.75,0.6838186225832273,0.75,0.25,0.8798542652686078,0.2008132332126694,0.0,0.2916666666666667,23.24890547185101,20000054
Random,6.2982341816518,6,0.5,0.3462483444431151,0.6666666666666666,0.5,0.8899658401646415,0.14648438861105964,0.0,0.4166666666666667,20.338593585138117,20000055
Random,8.932468235791386,7,0.5833333333333334,0.5941385570332512,0.6666666666666666,0.41666666666666663,0.8097409808358158,0.2622384408089122,0.0,0.2708333333333333,20.956522573738063,20000056
Random,7.582041647584963,6,0.5,0.4049717539914575,0.6666666666666666,0.5,0.8368538006006864,0.2276673556702987,0.0,0.3333333333333333,21.534852964682123,20000057
Random,7.053528095736864,6,0.5,0.5431814320695206,0.5833333333333334,0.5,0.8030508032851297,0.22514595443190286,0.0,0.2916666666666667,21.262833817713602,20000058
Random,9.580833883163493,7,0.5833333333333334,0.5503261566996978,0.6666666666666666,0.41666666666666663,0.847471162104616,0.2560416892373841,0.0,0.2708333333333333,24.238547330563584,20000059
Random,8.927677152098854,7,0.5833333333333334,0.5193950952396551,0.75,0.41666666666666663,0.8991029987674665,0.16311697721690757,0.0,0.3541666666666667,21.045337491744636,20000060
Random,6.9097291634341715,6,0.5,0.4099997964945376,0.5833333333333334,0.5,0.8516467145573184,0.21028962776530605,0.0,0.3333333333333333,20.595841336993875,20000061
Random,4.5741469038256515,4,0.3333333333333333,0.418585280557585,0.5833333333333334,0.6666666666666667,0.8808195938655464,0.21337904521636522,0.0,0.3541666666666667,20.923489592294448,20000062
Random,6.9704835361611055,6,0.5,0.4468822366664721,0.5833333333333334,0.5,0.8491777686356397,0.17367251695316957,0.0,0.375,20.077284586970375,20000063
Random,9.812464909139594,8,0.6666666666666666,0.5017377520643657,0.75,0.33333333333333337,0.9000828074313997,0.13571917137450293,0.0,0.3958333333333333,21.356810574519024,20000064
Random,7.05742995621089,6,0.5,0.3491002544272489,0.75,0.5,0.8556707835400702,0.21080850392021602,0.0,0.2916666666666667,22.563076250348786,20000065
Random,8.257811930121182,7,0.5833333333333334,0.48976102843085717,0.5833333333333334,0.41666666666666663,0.9004670183763043,0.14338755648098533,0.0,0.4583333333333333,18.656983860644157,20000066
Random,7.448157489018017,6,0.5,0.45364547512794484,0.75,0.5,0.8759349227476011,0.2339504317309511,0.0,0.2916666666666667,22.49151380388659,20000067
Random,7.285769268948189,6,0.5,0.41924800019780334,0.6666666666666666,0.5,0.8630754326238445,0.19861591311806115,0.0,0.3125,22.708614779397724,20000068
Random,4.328452058928706,4,0.3333333333333333,0.4614842050677962,0.6666666666666666,0.6666666666666667,0.9093353602165438,0.18041783413898868,0.0,0.3958333333333333,21.08960015938862,20000069
Random,8.958512364923719,7,0.5833333333333334,0.5551120734034208,0.6666666666666666,0.41666666666666663,0.8966027913375223,0.19072598294415247,0.0,0.3333333333333333,21.554897333371287,20000070
Random,7.020921238458998,6,0.5,0.45367974884389584,0.5833333333333334,0.5,0.8256525833555077,0.2357893067887853,0.0,0.3125,20.946888492018367,20000071
Random,9.427770208327065,7,0.5833333333333334,0.661745028052563,0.75,0.41666666666666663,0.8683685877760206,0.1804121699978456,0.0,0.3333333333333333,21.302437335887294,20000072
Random,9.153929614137308,7,0.5833333333333334,0.5833410978883462,0.6666666666666666,0.41666666666666663,0.8255608570814088,0.24873981046041016,0.0,0.2708333333333333,22.196948288255964,20000073
Random,2.154897438654276,3,0.25,0.3381295474692165,0.5,0.75,0.8898248284794722,0.15020001150516263,0.0,0.4583333333333333,18.194418876916988,20000074
Random,5.75555068183134,5,0.4166666666666667,0.34366785275190903,0.6666666666666666,0.5833333333333333,0.8627634605863997,0.206623803045315,0.0,0.3125,22.34985247561279,20000075
Random,5.07620744477198,5,0.4166666666666667,0.31693613055005315,0.5833333333333334,0.5833333333333333,0.8872205544470373,0.14554412493162042,0.0,0.4375,19.260514391249192,20000076
Random,16.094470218520232,11,0.9166666666666666,0.8528703519891024,0.9166666666666666,0.08333333333333337,0.8962301806871009,0.19207842912999049,0.0,0.2916666666666667,24.986175546300583,20000077
Random,14.166991327529411,10,0.8333333333333334,0.7593990630868832,0.8333333333333334,0.16666666666666663,0.8564150350979354,0.18062727202059747,0.0,0.2916666666666667,22.917478318823523,20000078
Random,6.093556424894816,6,0.5,0.37160583686138793,0.5833333333333334,0.5,0.8792089337885861,0.17015620663900835,0.0,0.3958333333333333,19.47433447786284,20000079
Random,3.839177588559246,4,0.3333333333333333,0.36929591299296544,0.5,0.6666666666666667,0.8829612799907114,0.21654632921384787,0.0,0.375,20.317923762184837,20000080
Random,5.3506377440681065,5,0.4166666666666667,0.348201539015662,0.5833333333333334,0.5833333333333333,0.8316708968168193,0.1945856041662383,0.0,0.375,19.21356284009069,20000081
Random,12.737060171118362,9,0.75,0.7833072947351879,0.8333333333333334,0.25,0.903069607077386,0.1699704026069456,0.0,0.3125,24.07429226630726,20000082
Random,2.4923434561917226,3,0.25,0.34343773325370736,0.5833333333333334,0.75,0.782505613185954,0.30155461488411495,0.0,0.25,21.379527799663737,20000083
Random,5.55121826520537,5,0.4166666666666667,0.40754952305933906,0.6666666666666666,0.5833333333333333,0.8412915581611408,0.2042280801352749,0.0,0.3333333333333333,20.749985280179764,20000084
Random,4.992058965032267,5,0.4166666666666667,0.3269120066037267,0.5833333333333334,0.5833333333333333,0.9015627396413247,0.18022867903827777,0.0,0.3958333333333333,20.089526654074106,20000085
Random,11.12567618321094,8,0.6666666666666666,0.6279436868073205,0.75,0.33333333333333337,0.88568752439037,0.2270673179563767,0.0,0.2916666666666667,22.5154076598148,20000086
Random,6.880789854314443,6,0.5,0.40445823477552817,0.6666666666666666,0.5,0.888206301511468,0.18585407842369026,0.0,0.3541666666666667,22.76232965833552,20000087
Random,8.128526241404785,7,0.5833333333333334,0.4496734826308494,0.5833333333333334,0.41666666666666663,0.9216399506416822,0.12578821157742515,0.0,0.4791666666666667,18.64859653787399,20000088
Random,10.851819204359554,8,0.6666666666666666,0.7520645153252935,0.6666666666666666,0.33333333333333337,0.8199120080018929,0.20331800621445242,0.0,0.3125,22.632714018971285,20000089
Random,3.32966558775649,4,0.3333333333333333,0.3183756812714785,0.5833333333333334,0.6666666666666667,0.8761576996068193,0.12989560467062464,0.0,0.4791666666666667,17.408062812679518,20000090
Random,10.357240828754968,8,0.6666666666666666,0.6327690003381001,0.6666666666666666,0.33333333333333337,0.8567820755872377,0.21894329759359696,0.0,0.3125,22.189471113085233,20000091
Random,9.195696288956071,7,0.5833333333333334,0.5012097827396363,0.6666666666666666,0.41666666666666663,0.8694350602990347,0.21983184182954849,0.0,0.3333333333333333,21.74052393528637,20000092
Random,8.959038439083784,7,0.5833333333333334,0.6524417390907025,0.6666666666666666,0.41666666666666663,0.8097641121614253,0.19748901988627288,0.0,0.2916666666666667,20.838074022159535,20000093
Random,3.45612117020816,4,0.3333333333333333,0.2967021414878477,0.6666666666666666,0.6666666666666667,0.8652850843663172,0.1535828512227804,0.0,0.3958333333333333,19.705776617961664,20000094
Random,8.648435259787972,7,0.5833333333333334,0.4853188576071651,0.5833333333333334,0.41666666666666663,0.7811154004157217,0.3110688423579755,0.0,0.2916666666666667,19.622282967604885,20000095
Random,4.444683558984222,4,0.3333333333333333,0.4350269323767605,0.6666666666666666,0.6666666666666667,0.7888516690075497,0.33139719726742506,0.0,0.16666666666666666,23.075809029213186,20000096
Random,3.8806235599550716,4,0.3333333333333333,0.278263797339211,0.6666666666666666,0.6666666666666667,0.8395907253753393,0.2068023189963243,0.0,0.2916666666666667,22.053215443223692,20000097
Random,7.056281596562938,6,0.5,0.4070663422965187,0.6666666666666666,0.5,0.8598317185933321,0.20533670126960135,0.0,0.3125,21.899039886602395,20000098
Random,8.527558891174332,7,0.5833333333333334,0.5396168275598265,0.6666666666666666,0.41666666666666663,0.9051796237058776,0.13775341454574283,0.0,0.4166666666666667,21.190017903644954,20000099
Random,6.634790111515738,6,0.5,0.43649977855425026,0.5833333333333334,0.5,0.8733552047925809,0.16579651768133521,0.0,0.3958333333333333,20.468199015967095,20000100
Random,6.611226840795588,6,0.5,0.33156944191691645,0.6666666666666666,0.5,0.8774454954959471,0.1799795124036863,0.0,0.3541666666666667,20.92577110570264,20000101
Random,13.707344816566712,10,0.8333333333333334,0.7285235683870515,0.8333333333333334,0.16666666666666663,0.7777863503110276,0.2713090932190633,0.0,0.16666666666666666,23.792975506953734,20000102
Random,8.417066919300094,7,0.5833333333333334,0.5557711324029487,0.5833333333333334,0.41666666666666663,0.8681135672026982,0.14357187144475989,0.0,0.3958333333333333,19.97439073514178,20000103
Random,6.719594673426474,6,0.5,0.4485597476481547,0.5833333333333334,0.5,0.8450409910993907,0.20162559994954807,0.0,0.3333333333333333,22.462969524433174,20000104
Random,5.205536299995388,5,0.4166666666666667,0.5037837538682938,0.5833333333333334,0.5833333333333333,0.8897468753960366,0.16253720146141654,0.0,0.4375,18.742998114633426,20000105
Random,4.871419553778078,5,0.4166666666666667,0.32078388035506056,0.5833333333333334,0.5833333333333333,0.8770943745271668,0.16696888913641975,0.0,0.3958333333333333,20.08209174048154,20000106
Random,10.371041280283606,8,0.6666666666666666,0.6085488075559059,0.75,0.33333333333333337,0.8461260639010387,0.22239837810901086,0.0,0.3125,21.367038696669404,20000107
Random,5.718627317228435,5,0.4166666666666667,0.509566509782286,0.6666666666666666,0.5833333333333333,0.8484147013881582,0.22702764305235057,0.0,0.3333333333333333,21.2344084616561,20000108
Random,3.5362323595060534,4,0.3333333333333333,0.23848427414401957,0.5833333333333334,0.6666666666666667,0.7717781856541205,0.30092790803549746,0.0,0.25,19.90295360776492,20000109
Random,6.96288050848676,6,0.5,0.4546980936780484,0.5833333333333334,0.5,0.8720770180551151,0.19751738866480253,0.0,0.3125,22.086231305479178,20000110
Random,6.917195622834867,6,0.5,0.4147911444066214,0.6666666666666666,0.5,0.8010821499591986,0.2367395238501396,0.0,0.2708333333333333,21.235262705742194,20000111
Random,11.658909754869821,8,0.6666666666666666,0.6532964488848012,0.6666666666666666,0.33333333333333337,0.8756946136951539,0.2776447803146738,0.0,0.25,25.096170907150555,20000112
Random,5.0503785564469945,5,0.4166666666666667,0.43690742269605964,0.5833333333333334,0.5833333333333333,0.8091407719768551,0.2004159478947248,0.0,0.3333333333333333,20.196523026779296,20000113
Random,5.014219937947917,5,0.4166666666666667,0.3859417418854139,0.5,0.5833333333333333,0.850167560651681,0.1847213130007206,0.0,0.3958333333333333,19.487678449531305,20000114
Random,7.496636824511501,6,0.5,0.4029699925190053,0.75,0.5,0.8530341682365509,0.283222628979635,0.0,0.22916666666666666,23.44759867263418,20000115
Random,5.67757068857826,5,0.4166666666666667,0.41648874852943657,0.75,0.5833333333333333,0.8843850766132898,0.18183811629747745,0.0,0.3333333333333333,22.891722918104662,20000116
Random,5.326533495163846,5,0.4166666666666667,0.4431000187676526,0.5833333333333334,0.5833333333333333,0.793009985084263,0.2751561786021769,0.0,0.2916666666666667,20.81901251335659,20000117
Random,3.9779965242251656,4,0.3333333333333333,0.3255644601062429,0.6666666666666666,0.6666666666666667,0.8180307314921725,0.24609119405794957,0.0,0.2708333333333333,21.39432932418771,20000118
Random,7.258885275948243,6,0.5,0.4171918664435551,0.6666666666666666,0.5,0.8652537840299407,0.20220766960386483,0.0,0.3125,22.487189760545593,20000119
Random,8.887936737604262,7,0.5833333333333334,0.4482034387007302,0.75,0.41666666666666663,0.8552134676137939,0.2663433246164079,0.0,0.20833333333333334,24.813162659822723,20000120
Random,1.9972591948539753,3,0.25,0.27531229810818864,0.5,0.75,0.7570770563244918,0.27028651657529346,0.0,0.2916666666666667,18.76815118530821,20000121
Random,8.996789359023849,7,0.5833333333333334,0.5018473263412675,0.75,0.41666666666666663,0.8434543608608897,0.19013548147331014,0.0,0.3125,21.73342041916183,20000122
Random,5.27028587836431,5,0.4166666666666667,0.49194478540358316,0.5833333333333334,0.5833333333333333,0.8914879678135135,0.1768615025787783,0.0,0.375,20.484835929714617,20000123
Random,7.904328568578261,7,0.5833333333333334,0.5452344955788947,0.5833333333333334,0.41666666666666663,0.8804120080177779,0.18462649486012847,0.0,0.3958333333333333,20.061805938478383,20000124
Random,7.4550505200379895,6,0.5,0.5880237242435677,0.6666666666666666,0.5,0.8310846006412262,0.2688683758062426,0.0,0.25,22.43042069568464,20000125
Random,7.1140930549606605,6,0.5,0.45299991094031106,0.5833333333333334,0.5,0.8003228613297448,0.23788546761220922,0.0,0.2916666666666667,20.373839101135562,20000126
Random,8.910316490176665,7,0.5833333333333334,0.5150129816705135,0.6666666666666666,0.41666666666666663,0.8539901772967857,0.22452276728398135,0.0,0.2916666666666667,22.357113066001496,20000127
Random,6.681965007462878,6,0.5,0.402692637789045,0.75,0.5,0.8380707079668109,0.18809613897160785,0.0,0.3333333333333333,20.86571387913897,20000128
Random,9.180519701450008,7,0.5833333333333334,0.5899871773728865,0.6666666666666666,0.41666666666666663,0.8531486960465644,0.20226591301220656,0.0,0.3541666666666667,21.31811203789045,20000129
Random,5.212688986158716,5,0.4166666666666667,0.42381638619025713,0.5833333333333334,0.5833333333333333,0.859728162036521,0.20784935435759566,0.0,0.3333333333333333,20.988947187344376,20000130
Random,7.6939894685915355,6,0.5,0.4860793184359404,0.6666666666666666,0.5,0.8592594771985237,0.22783354824624893,0.0,0.2916666666666667,22.811690744045528,20000131
Random,8.7050143585605,7,0.5833333333333334,0.4819526247337425,0.75,0.41666666666666663,0.8204341101503982,0.20275822924117137,0.0,0.2708333333333333,23.194410620967346,20000132
Random,7.047518509982774,6,0.5,0.5515121329027375,0.6666666666666666,0.5,0.8742281817993293,0.1387223412770936,0.0,0.375,20.46621511944184,20000133
Random,8.085416751538332,7,0.5833333333333334,0.44757559850317363,0.6666666666666666,0.41666666666666663,0.8717924127582499,0.15025720417968813,0.0,0.375,21.185002004821413,20000134
Random,6.849946010585942,6,0.5,0.40603988917509953,0.6666666666666666,0.5,0.9233059657195711,0.16180480102958483,0.0,0.3958333333333333,20.08401580801715,20000135
Random,5.048533298128582,5,0.4166666666666667,0.4585700972857658,0.5,0.5833333333333333,0.8868577057539184,0.175648169102841,0.0,0.4583333333333333,17.570074942307656,20000136
Random,11.097326532507223,8,0.6666666666666666,0.6312110627981988,0.8333333333333334,0.33333333333333337,0.8282164482208675,0.23301670752422313,0.0,0.22916666666666666,22.976780523953355,20000137
Random,3.994358788144094,4,0.3333333333333333,0.3731971054447636,0.5833333333333334,0.6666666666666667,0.8184182487460947,0.22841203342552988,0.0,0.3125,20.58856614514839,20000138
Random,5.508779350431159,5,0.4166666666666667,0.4787484074711345,0.5833333333333334,0.5833333333333333,0.7996402292276293,0.23596954280516355,0.0,0.2708333333333333,21.839413038156387,20000139
Random,4.349407529329843,4,0.3333333333333333,0.4662235130200691,0.75,0.6666666666666667,0.820219625859765,0.21222642397134073,0.0,0.3125,20.326419762864493,20000140
Random,8.810310171958625,7,0.5833333333333334,0.4699278810590689,0.6666666666666666,0.41666666666666663,0.8600548096326692,0.19941359486375695,0.0,0.3125,22.0495131002427,20000141
Random,9.16831549647374,7,0.5833333333333334,0.5645008374497199,0.6666666666666666,0.41666666666666663,0.8067662000494513,0.23251047749646628,0.0,0.3125,21.5377664810147,20000142
Random,6.852809229112385,6,0.5,0.3867437835695187,0.5833333333333334,0.5,0.8417497267483611,0.20380760461267358,0.0,0.3333333333333333,20.9097131978377,20000143
Random,10.854945727422194,8,0.6666666666666666,0.6501171949880544,0.75,0.33333333333333337,0.8833077989746978,0.21252009636409105,0.0,0.2916666666666667,23.645624257752328,20000144
Random,11.175586907841527,8,0.6666666666666666,0.763215129715453,0.6666666666666666,0.33333333333333337,0.8548876760764758,0.21647429973150614,0.0,0.3125,22.43135208412873,20000145
Random,5.352875566616016,5,0.4166666666666667,0.33457122488285884,0.6666666666666666,0.5833333333333333,0.8263766863358457,0.20632475702307382,0.0,0.3125,21.885688841162363,20000146
Random,8.597180493954628,7,0.5833333333333334,0.5601362413815392,0.6666666666666666,0.41666666666666663,0.8528888413547483,0.17286200991517275,0.0,0.3541666666666667,22.50129633464228,20000147
Random,8.890550746769359,7,0.5833333333333334,0.5233230201559897,0.6666666666666666,0.41666666666666663,0.8462270538404063,0.2079538144907865,0.0,0.3333333333333333,20.429879828613053,20000148
Random,5.48393399173535,5,0.4166666666666667,0.3697832892623031,0.6666666666666666,0.5833333333333333,0.8905149159388707,0.19996280214885612,0.0,0.3333333333333333,22.838719620456413,20000149
Random,1.6595582960836524,3,0.25,0.23289593712249804,0.5833333333333334,0.75,0.8810455806554124,0.12703776484230866,0.0,0.4791666666666667,17.796415366599756,20000150
Random,10.269830542064515,8,0.6666666666666666,0.6942043473422743,0.6666666666666666,0.33333333333333337,0.8701627650694087,0.17840520504048965,0.0,0.3333333333333333,21.01263249907707,20000151
Random,7.145337989654373,6,0.5,0.41360853002238157,0.6666666666666666,0.5,0.8150903579474585,0.2591552349718926,0.0,0.2916666666666667,20.21035010029532,20000152
Random,10.63056622317886,8,0.6666666666666666,0.6740697103930411,0.6666666666666666,0.33333333333333337,0.842129457252673,0.24769564303198996,0.0,0.3125,20.412081712778225,20000153
Random,10.609738139503198,8,0.6666666666666666,0.6209410629935557,0.75,0.33333333333333337,0.8478073577789601,0.2965397534272122,0.0,0.20833333333333334,23.412799403704334,20000154
Random,10.549743403098985,8,0.6666666666666666,0.6290191189881292,0.6666666666666666,0.33333333333333337,0.8351412298693778,0.19543816466057207,0.0,0.3125,21.655954099249136,20000155
Random,10.652334746226128,8,0.6666666666666666,0.617538644509432,0.6666666666666666,0.33333333333333337,0.8278378946142899,0.2513764308517466,0.0,0.2916666666666667,21.260678912626858,20000156
Random,4.267003920593372,4,0.3333333333333333,0.45442481965873843,0.5833333333333334,0.6666666666666667,0.8798390375062115,0.21795952554981946,0.0,0.3541666666666667,22.501910768262604,20000157
Random,7.015750198340328,6,0.5,0.3523721315662943,0.75,0.5,0.8885611360138729,0.22534397301440076,0.0,0.2708333333333333,24.117660824076257,20000158
Random,7.038477490402899,6,0.5,0.3915858773101815,0.6666666666666666,0.5,0.8688214116152695,0.1804277644287573,0.0,0.3541666666666667,21.51516283913975,20000159
Random,5.6210666764109,5,0.4166666666666667,0.4182705384498253,0.6666666666666666,0.5833333333333333,0.8593555574215618,0.21698398118422524,0.0,0.3125,21.66603293000836,20000160
Random,8.704913766253188,7,0.5833333333333334,0.5320884510564599,0.75,0.41666666666666663,0.8132871350591776,0.23924181301894346,0.0,0.25,22.40386504059104,20000161
Random,7.270451366076756,6,0.5,0.42222249816462504,0.6666666666666666,0.5,0.8523879153424012,0.186453003414508,0.0,0.3541666666666667,20.414078641809343,20000162
Random,10.14724135924603,8,0.6666666666666666,0.5765935313388495,0.6666666666666666,0.33333333333333337,0.8561290504766745,0.18404322135122997,0.0,0.3541666666666667,20.545305603398774,20000163
Random,9.194323317351808,7,0.5833333333333334,0.4996700648820873,0.6666666666666666,0.41666666666666663,0.8590168094011581,0.21036645774582197,0.0,0.2916666666666667,21.56340753693472,20000164
Random,10.867539646212501,8,0.6666666666666666,0.7151409926198145,0.75,0.33333333333333337,0.8743536337991973,0.21603019035185422,0.0,0.2916666666666667,22.398138590559977,20000165
Random,6.891246786244358,6,0.5,0.4261402410961459,0.6666666666666666,0.5,0.9027957977605338,0.18056696728328955,0.0,0.3958333333333333,20.838656274836094,20000166
Random,9.007076146499227,7,0.5833333333333334,0.6757688629163312,0.6666666666666666,0.41666666666666663,0.8548533886794609,0.1708917462760057,0.0,0.375,21.08842315427359,20000167
Random,6.507940868192314,6,0.5,0.3341269458366973,0.6666666666666666,0.5,0.8633290019723384,0.1683362017137834,0.0,0.375,20.44197256685677,20000168
Random,9.374864594736064,7,0.5833333333333334,0.6652931215686139,0.6666666666666666,0.41666666666666663,0.8731181929980245,0.203099347362265,0.0,0.3541666666666667,22.387246057407303,20000169
Random,6.820739812989881,6,0.5,0.38060298616410115,0.6666666666666666,0.5,0.8570652040326809,0.19741386029382935,0.0,0.3333333333333333,22.260557145927518,20000170
Random,6.612431121840613,6,0.5,0.41706872713813053,0.6666666666666666,0.5,0.8861058410091139,0.16438577704401605,0.0,0.3541666666666667,21.868580878214846,20000171
Random,8.392373024340516,7,0.5833333333333334,0.474944856629898,0.75,0.41666666666666663,0.858878603209035,0.2572038664392571,0.0,0.25,23.335250428437355,20000172
Random,10.398787637353099,8,0.6666666666666666,0.5853555406083368,0.6666666666666666,0.33333333333333337,0.8502186018678078,0.21926560994711797,0.0,0.3125,22.600241660294156,20000173
Random,12.69649072733927,9,0.75,0.674279336687592,0.8333333333333334,0.25,0.8541993922720427,0.24873096539402226,0.0,0.25,23.741234420502348,20000174
Random,3.483652160661613,4,0.3333333333333333,0.32547055728845614,0.5833333333333334,0.6666666666666667,0.7738244388483436,0.22822349570449538,0.0,0.2916666666666667,19.113253234783024,20000175
Random,8.47716977264752,7,0.5833333333333334,0.5177206991953232,0.6666666666666666,0.41666666666666663,0.8566703293626463,0.1894306403197237,0.0,0.3541666666666667,22.069083336455762,20000176
Random,8.382284114741822,7,0.5833333333333334,0.496518693861627,0.6666666666666666,0.41666666666666663,0.8712192008624635,0.19547863644548105,0.0,0.3333333333333333,22.272224712073392,20000177
Random,9.06501472430356,7,0.5833333333333334,0.5018089655277428,0.75,0.41666666666666663,0.8804187690585872,0.20822843871722374,0.0,0.3333333333333333,22.620689344409016,20000178
Random,5.765952020198547,5,0.4166666666666667,0.358199217786172,0.75,0.5833333333333333,0.8882720919580297,0.18985306463082877,0.0,0.3333333333333333,23.426306932185803,20000179
Random,5.780155491009341,5,0.4166666666666667,0.3784245859600821,0.6666666666666666,0.5833333333333333,0.8686741555017559,0.16413618723277404,0.0,0.3541666666666667,21.785946550995725,20000180
Random,6.713983423684054,6,0.5,0.4597638581389073,0.6666666666666666,0.5,0.9070586576135007,0.1367697054112507,0.0,0.4166666666666667,21.301334745191593,20000181
Random,11.199754287911507,8,0.6666666666666666,0.6597461877549865,0.6666666666666666,0.33333333333333337,0.8344550512126553,0.24779086328478359,0.0,0.2708333333333333,23.031109131180724,20000182
Random,1.5066202290106392,3,0.25,0.19682062269450099,0.5,0.75,0.7175441016924112,0.31361246906364043,0.0,0.20833333333333334,20.681518231722382,20000183
Random,7.142405012403412,6,0.5,0.4753767037030107,0.6666666666666666,0.5,0.8380227550741749,0.20140114082144558,0.0,0.3125,21.124338638493473,20000184
Random,11.880870212859552,9,0.75,0.6238134750869394,0.75,0.25,0.8799153365594061,0.17966693030342493,0.0,0.3333333333333333,20.854022936502307,20000185
Random,4.7896229663557754,5,0.4166666666666667,0.3758756305203322,0.5833333333333334,0.5833333333333333,0.873362665461418,0.18924217161808285,0.0,0.3541666666666667,20.110169101416652,20000186
Random,7.489429019932695,6,0.5,0.41423109009574943,0.6666666666666666,0.5,0.7962124338744611,0.3051951257162965,0.0,0.20833333333333334,21.83744536633003,20000187
Random,9.757719890573334,7,0.5833333333333334,0.6901791762127218,0.6666666666666666,0.41666666666666663,0.8326309505374755,0.30066307891999516,0.0,0.25,22.19070735628588,20000188
Random,6.621797331660737,6,0.5,0.4208965623088798,0.5833333333333334,0.5,0.8398319930271946,0.1942429194247912,0.0,0.3125,21.729734461796035,20000189
Random,8.616374558291664,7,0.5833333333333334,0.5505466645019534,0.6666666666666666,0.41666666666666663,0.8651189300422321,0.22542917481247401,0.0,0.3333333333333333,20.367333110955347,20000190
Random,14.426486170712367,11,0.9166666666666666,0.9223599923569041,0.9166666666666666,0.08333333333333337,0.8957112753936896,0.12374552519828295,0.0,0.375,22.582810024004864,20000191
Random,4.170127341444944,4,0.3333333333333333,0.36441510177460895,0.6666666666666666,0.6666666666666667,0.8971806378823698,0.17701522954062607,0.0,0.3958333333333333,20.6026524352539,20000192
Random,9.268146076359695,7,0.5833333333333334,0.4942674061910156,0.75,0.41666666666666663,0.8979598391141085,0.20655349965915706,0.0,0.3125,23.24579439127624,20000193
Random,4.45657903426596,5,0.4166666666666667,0.3165424224775324,0.5,0.5833333333333333,0.8908216005264301,0.12397209518134601,0.0,0.5208333333333334,17.216960126153072,20000194
Random,7.473362236567187,6,0.5,0.5015394962466517,0.6666666666666666,0.5,0.8587138689166366,0.2069434386831697,0.0,0.3333333333333333,21.975211918993473,20000195
Random,10.050952781523277,8,0.6666666666666666,0.5645881697249936,0.6666666666666666,0.33333333333333337,0.906843425968927,0.13692879148440631,0.0,0.4166666666666667,19.699187341955433,20000196
Random,7.455183844379588,6,0.5,0.4106652885650479,0.75,0.5,0.8724100312817594,0.1788584749447637,0.0,0.3333333333333333,22.418947014498258,20000197
Random,6.358847330579747,6,0.5,0.3417713343471794,0.6666666666666666,0.5,0.8520970987565945,0.17401370973906502,0.0,0.3541666666666667,20.739669913276995,20000198
Random,6.997345057746678,6,0.5,0.4048765993144296,0.6666666666666666,0.5,0.8651573634324795,0.18006840435007251,0.0,0.375,20.90659553167584,20000199
Random,8.72895072459421,7,0.5833333333333334,0.4941104615052712,0.6666666666666666,0.41666666666666663,0.8250812759231495,0.274754682137476,0.0,0.22916666666666666,23.162912322191,20000200
Random,2.6526317565489848,4,0.3333333333333333,0.16280240304452762,0.5833333333333334,0.6666666666666667,0.8548515706557792,0.1557473300351111,0.0,0.4166666666666667,16.835477651325316,20000201
Random,4.584353911941925,5,0.4166666666666667,0.3508629602844501,0.5,0.5833333333333333,0.8933417023446935,0.1724065577565501,0.0,0.4375,19.031233535467578,20000202
Random,11.870380300094137,9,0.75,0.6183489634683421,0.8333333333333334,0.25,0.8821186299523652,0.19889936451788662,0.0,0.3125,22.913296646864552,20000203
Random,9.109244627080495,7,0.5833333333333334,0.48941519668038275,0.75,0.41666666666666663,0.8112262566968602,0.2656820065588259,0.0,0.20833333333333334,23.026455324766932,20000204
Random,10.162057252205875,7,0.5833333333333334,0.7381654238085427,0.8333333333333334,0.41666666666666663,0.8280504583083829,0.24774320971633731,0.0,0.20833333333333334,24.808133271509643,20000205
Random,4.640550753840259,5,0.4166666666666667,0.2569095418791492,0.5833333333333334,0.5833333333333333,0.851448766680211,0.20185731136654014,0.0,0.3541666666666667,20.12372962764524,20000206
Random,7.429392744104197,6,0.5,0.4361027758863621,0.6666666666666666,0.5,0.841749871850729,0.21700327178827494,0.0,0.2916666666666667,23.143322241404462,20000207
Random,7.241357152703375,6,0.5,0.4323181504932799,0.6666666666666666,0.5,0.8748991201600126,0.18448934874807668,0.0,0.3333333333333333,21.68063442880889,20000208
Random,9.13161705530979,7,0.5833333333333334,0.4754874079498781,0.75,0.41666666666666663,0.8880183358325272,0.16173021803141338,0.0,0.3541666666666667,22.493606444212087,20000209
Random,10.046451551269294,8,0.6666666666666666,0.5365059700810683,0.8333333333333334,0.33333333333333337,0.8831324328571452,0.19759807685416908,0.0,0.2708333333333333,24.332680926877693,20000210
Random,8.169499292481815,7,0.5833333333333334,0.42284199816202794,0.75,0.41666666666666663,0.822288074387334,0.19569612295775518,0.0,0.2708333333333333,22.402153584229897,20000211
Random,12.423171448119552,9,0.75,0.7263272675701106,0.8333333333333334,0.25,0.831484588255624,0.22389698091582697,0.0,0.20833333333333334,24.336679601390806,20000212
Random,7.6757309752645035,6,0.5,0.582127347852003,0.6666666666666666,0.5,0.8380519485087365,0.2756632057539667,0.0,0.2708333333333333,22.767503669290775,20000213
Random,6.84993654439897,6,0.5,0.39144110605598853,0.6666666666666666,0.5,0.8061263629263394,0.21985253865864765,0.0,0.3333333333333333,19.0320806766828,20000214
Random,9.692225960688296,7,0.5833333333333334,0.6062425921870865,0.6666666666666666,0.41666666666666663,0.8601111305096297,0.28548654411381685,0.0,0.25,24.039291085022498,20000215
Random,8.285732194926846,7,0.5833333333333334,0.41489374670234486,0.75,0.41666666666666663,0.8542110463773861,0.16479519480834137,0.0,0.3333333333333333,21.546963475689168,20000216
Random,9.60417700947029,7,0.5833333333333334,0.635965477277344,0.8333333333333334,0.41666666666666663,0.8223876008265453,0.3364580816503327,0.0,0.16666666666666666,23.580460309444877,20000217
Random,8.547650791616471,7,0.5833333333333334,0.5217659453203624,0.75,0.41666666666666663,0.7895819302826076,0.2474413951641726,0.0,0.2708333333333333,20.95425026769624,20000218
Random,5.165413147284883,5,0.4166666666666667,0.42028720216674664,0.5833333333333334,0.5833333333333333,0.8531467773785902,0.17935864458320694,0.0,0.4166666666666667,18.591449189884262,20000219
Random,9.021190312424551,7,0.5833333333333334,0.5694462808035528,0.75,0.41666666666666663,0.7608087997101712,0.2414368283341469,0.0,0.22916666666666666,21.70906629653428,20000220
Random,4.085710255821847,4,0.3333333333333333,0.4697735537047575,0.5833333333333334,0.6666666666666667,0.896049995165192,0.1587502666275933,0.0,0.3958333333333333,19.840506169179076,20000221
Random,6.855805354724425,6,0.5,0.4103884478144563,0.75,0.5,0.8948327022129169,0.125610319148084,0.0,0.4375,20.684711794756517,20000222
Random,7.077154577551672,6,0.5,0.5101103678269717,0.6666666666666666,0.5,0.8553893133821161,0.2232798175814095,0.0,0.3125,20.865257517795996,20000223
Random,3.4562225303364835,4,0.3333333333333333,0.3050318296307708,0.5833333333333334,0.6666666666666667,0.8880688315548996,0.16438246309562204,0.0,0.3958333333333333,20.76457049062584,20000224
Random,7.439117945888949,6,0.5,0.5766966965961721,0.6666666666666666,0.5,0.8560111715469368,0.25934733539427773,0.0,0.2916666666666667,21.41635746955688,20000225
Random,9.599141538036584,7,0.5833333333333334,0.6127411274075047,0.6666666666666666,0.41666666666666663,0.8398404074158057,0.25831024907220507,0.0,0.25,24.07038242187875,20000226
Random,10.66368252248459,8,0.6666666666666666,0.5822878515486277,0.8333333333333334,0.33333333333333337,0.8653526079234529,0.2168365008081373,0.0,0.2708333333333333,23.78273624219533,20000227
Random,10.690063636936852,8,0.6666666666666666,0.5942212155429752,0.8333333333333334,0.33333333333333337,0.846930887459731,0.24965218718666424,0.0,0.22916666666666666,23.208308512608998,20000228
Random,3.935240358538339,4,0.3333333333333333,0.2818356619086754,0.6666666666666666,0.6666666666666667,0.8946162463172872,0.1747902749952374,0.0,0.375,21.84699980539588,20000229
Random,5.553349195536201,5,0.4166666666666667,0.32803024510612444,0.75,0.5833333333333333,0.8821966099079687,0.2012641489763969,0.0,0.2916666666666667,23.66726723701047,20000230
Random,6.0766334944165115,6,0.5,0.3074598460890812,0.6666666666666666,0.5,0.8898413379025595,0.16338235059075448,0.0,0.4375,18.058963101861334,20000231
Random,4.987338413135397,5,0.4166666666666667,0.26328736786055223,0.6666666666666666,0.5833333333333333,0.8500892962865315,0.16434444726332256,0.0,0.3541666666666667,21.083447577766787,20000232
Random,5.594550301814314,5,0.4166666666666667,0.44906445693071345,0.5833333333333334,0.5833333333333333,0.848331814658707,0.179374437289064,0.0,0.3333333333333333,21.459611964922217,20000233
Random,3.839764876994037,4,0.3333333333333333,0.33229078980050625,0.5833333333333334,0.6666666666666667,0.8737653294965977,0.13026196659866685,0.0,0.4791666666666667,18.080906386467063,20000234
Random,7.119068634378696,6,0.5,0.5627634238892956,0.6666666666666666,0.5,0.7410647587712589,0.2666309667948421,0.0,0.22916666666666666,20.599574138342266,20000235
Random,8.293597874097504,7,0.5833333333333334,0.4944767411286446,0.6666666666666666,0.41666666666666663,0.8896833420793776,0.2020133405188814,0.0,0.3333333333333333,22.457532650988163,20000236
Random,5.51157128674944,5,0.4166666666666667,0.3575215834105232,0.5833333333333334,0.5833333333333333,0.8856499625783156,0.17952633160128859,0.0,0.3958333333333333,20.429872163474823,20000237
Random,6.559383861426946,6,0.5,0.35140823729621284,0.6666666666666666,0.5,0.9026342279959918,0.14841359573147414,0.0,0.3958333333333333,19.95486832683228,20000238
Random,7.404101025040971,6,0.5,0.43175887701066235,0.6666666666666666,0.5,0.9118112875751572,0.15686899473920898,0.0,0.4166666666666667,20.627584384484486,20000239
Random,6.9218637396384235,6,0.5,0.434198196140891,0.5833333333333334,0.5,0.8919836107915108,0.1552542272134867,0.0,0.4583333333333333,19.07417556417615,20000240
Random,5.501865513108365,5,0.4166666666666667,0.38808382099254757,0.5833333333333334,0.5833333333333333,0.8791850561648721,0.19702129061941065,0.0,0.375,20.418594378572955,20000241
Random,9.879167133872638,8,0.6666666666666666,0.6761022709001043,0.75,0.33333333333333337,0.9071278984882708,0.1262542951339796,0.0,0.4166666666666667,20.874340959181044,20000242
Random,9.162172149337925,7,0.5833333333333334,0.5618412458621649,0.5833333333333334,0.41666666666666663,0.8514699632319388,0.20608332629201778,0.0,0.375,20.224723616280684,20000243
Random,14.802515975113195,10,0.8333333333333334,0.8475478319947377,0.8333333333333334,0.16666666666666663,0.8454091018350937,0.29062822759994433,0.0,0.16666666666666666,25.84611865706801,20000244
Random,8.88553318165729,7,0.5833333333333334,0.585055375359172,0.5833333333333334,0.41666666666666663,0.8713348155138352,0.20667715021073504,0.0,0.3333333333333333,23.502814225399835,20000245
Random,4.581900524958581,4,0.3333333333333333,0.4660953256567068,0.6666666666666666,0.6666666666666667,0.8950314025783412,0.1938214683143931,0.0,0.3541666666666667,21.74140755051888,20000246
Random,10.092820147954017,8,0.6666666666666666,0.5093301694506963,0.75,0.33333333333333337,0.8845761954817911,0.21690782194190325,0.0,0.3125,21.951489628246193,20000247
Random,13.954078056994357,10,0.8333333333333334,0.8698569814027801,0.8333333333333334,0.16666666666666663,0.9210115409057553,0.15292853816943688,0.0,0.375,22.38519514248589,20000248
Random,5.229000792933661,5,0.4166666666666667,0.31484166243742984,0.6666666666666666,0.5833333333333333,0.8942491847076776,0.18592104925910716,0.0,0.3958333333333333,20.382489389715193,20000249
Random,12.26166336220805,9,0.75,0.7368034605107614,0.75,0.25,0.8758332192125599,0.20721083305281854,0.0,0.3125,22.60217029927701,20000250
Random,9.317402562477714,7,0.5833333333333334,0.6425694540958479,0.6666666666666666,0.41666666666666663,0.8285308792355432,0.26276506207441686,0.0,0.25,22.05497181012882,20000251
Random,8.58982797864327,7,0.5833333333333334,0.4948578934424915,0.75,0.41666666666666663,0.8880581131388223,0.1681756647266974,0.0,0.3541666666666667,21.514768780121198,20000252
Random,8.900553185647347,7,0.5833333333333334,0.5581401066024293,0.5833333333333334,0.41666666666666663,0.8042110080790487,0.23508176796389244,0.0,0.3125,19.58186333259534,20000253
Random,1.7379298506801413,3,0.25,0.2611875035106636,0.5,0.75,0.8976317482360917,0.18435946142315654,0.0,0.4375,19.02870839191909,20000254
Random,7.224262637502435,6,0.5,0.4131261694708326,0.6666666666666666,0.5,0.87811822950467,0.17548463019530372,0.0,0.3541666666666667,20.74971683260996,20000255
Random,7.32130639843205,6,0.5,0.47800342332843077,0.5833333333333334,0.5,0.8133019050651363,0.31018029421375526,0.0,0.20833333333333334,22.558383356497888,20000256
Random,6.3745305302428035,6,0.5,0.36700981714675157,0.6666666666666666,0.5,0.8791757123447627,0.13347526620382488,0.0,0.4166666666666667,20.259905218106237,20000257
Random,6.858611167323681,6,0.5,0.5034622080652247,0.5833333333333334,0.5,0.8628874769415068,0.1701137820807703,0.0,0.3958333333333333,19.77941256378172,20000258
Random,8.569932467315283,7,0.5833333333333334,0.5144053614648314,0.6666666666666666,0.41666666666666663,0.8538169327964683,0.19811028679094153,0.0,0.3125,21.807050806182723,20000259
Random,5.146600938744277,5,0.4166666666666667,0.3337366405435265,0.5833333333333334,0.5833333333333333,0.8991578733723857,0.14009010424013016,0.0,0.4375,19.934977714771353,20000260
Random,5.563452347260757,5,0.4166666666666667,0.2944330380791356,0.6666666666666666,0.5833333333333333,0.8843328503135436,0.2385945760375111,0.0,0.2916666666666667,22.633823203262313,20000261
Random,7.02173771041069,6,0.5,0.35177614328772044,0.75,0.5,0.8990877711605966,0.21174140659810473,0.0,0.3541666666666667,22.035402106397417,20000262
Random,10.798209766687119,8,0.6666666666666666,0.7433329870484658,0.75,0.33333333333333337,0.8579298900721536,0.17503671313575905,0.0,0.3541666666666667,22.05565921997064,20000263
Random,7.001287147846423,6,0.5,0.3929803749865943,0.6666666666666666,0.5,0.884478302966795,0.15624781627285256,0.0,0.3958333333333333,21.029050615687467,20000264
Random,12.533833741710653,9,0.75,0.8369072900505035,0.8333333333333334,0.25,0.7813743563411646,0.22689792219875846,0.0,0.25,22.34611623669457,20000265
Random,12.258839535566283,9,0.75,0.6964609159337841,0.8333333333333334,0.25,0.8897538630863892,0.18699477725108696,0.0,0.2916666666666667,23.740204607932398,20000266
Random,2.9772509433686603,4,0.3333333333333333,0.22707096311084113,0.5,0.6666666666666667,0.8952623338063983,0.16000082341621763,0.0,0.4375,18.49559727449425,20000267
Random,6.586429408226641,6,0.5,0.4028441762279812,0.5833333333333334,0.5,0.839889865936792,0.21374071553302101,0.0,0.375,20.402261872687014,20000268
Random,7.41176499245435,6,0.5,0.4618103869652489,0.6666666666666666,0.5,0.8886033725685083,0.18031197430922127,0.0,0.3541666666666667,21.83759954809248,20000269
Random,8.838402331225225,7,0.5833333333333334,0.5711009258127132,0.6666666666666666,0.41666666666666663,0.8689188910988443,0.16502906831106184,0.0,0.3958333333333333,19.750312277111263,20000270
Random,12.291446543678282,9,0.75,0.6760998404694442,0.75,0.25,0.8491182293522019,0.23876352530159198,0.0,0.22916666666666666,23.65050574532465,20000271
Random,5.74841394796963,5,0.4166666666666667,0.5421566450551888,0.5833333333333334,0.5833333333333333,0.8712985674382345,0.1521685140875455,0.0,0.3958333333333333,20.376320368860167,20000272
Random,8.707202289928423,7,0.5833333333333334,0.5574661279316907,0.6666666666666666,0.41666666666666663,0.9076061856053572,0.1340620659635355,0.0,0.4375,20.072104887437664,20000273
Random,8.172264262728724,7,0.5833333333333334,0.5128969099550339,0.5833333333333334,0.41666666666666663,0.8844520082952604,0.1682691826320981,0.0,0.4166666666666667,19.42909351634159,20000274
Random,10.136147098066502,8,0.6666666666666666,0.5146190645695341,0.8333333333333334,0.33333333333333337,0.8391469244857152,0.2437930604443188,0.0,0.25,23.586367189519418,20000275
Random,12.436292447906384,9,0.75,0.6320493872719308,0.75,0.25,0.8641077135375076,0.19054445059050917,0.0,0.3125,22.161241509879837,20000276
Random,6.990049115494374,6,0.5,0.4236790353457331,0.6666666666666666,0.5,0.8631327918362358,0.19004410250930748,0.0,0.375,20.903451822619957,20000277
Random,8.635680972525474,7,0.5833333333333334,0.41450264437456597,0.75,0.41666666666666663,0.7684432871796675,0.24862278450704892,0.0,0.22916666666666666,21.77864433992835,20000278
Random,8.727700932473464,7,0.5833333333333334,0.5335411245694801,0.6666666666666666,0.41666666666666663,0.8244649481747167,0.17618987081436047,0.0,0.3541666666666667,20.25359539746221,20000279
Random,13.522365042082539,10,0.8333333333333334,0.7679832312033075,0.9166666666666666,0.16666666666666663,0.8464352257504375,0.19304014753294166,0.0,0.2708333333333333,23.059559144140348,20000280
Random,6.992705243298774,6,0.5,0.4808159226420201,0.6666666666666666,0.5,0.8163950381106041,0.26512389544252346,0.0,0.2916666666666667,20.418612620840232,20000281
Random,8.70708049279169,7,0.5833333333333334,0.5000068646252238,0.6666666666666666,0.41666666666666663,0.8478091433426274,0.20201207874287141,0.0,0.3541666666666667,20.07327492372586,20000282
Random,10.715155821685812,8,0.6666666666666666,0.7116221939802551,0.75,0.33333333333333337,0.8753553375979396,0.17424078363869502,0.0,0.375,22.051137515450517,20000283
Random,6.883252857474428,6,0.5,0.4007373484284854,0.6666666666666666,0.5,0.859875153154649,0.18862753657112508,0.0,0.3541666666666667,20.711161759051812,20000284
Random,10.130140344030103,8,0.6666666666666666,0.5818142490984338,0.6666666666666666,0.33333333333333337,0.7922849358591462,0.18468698060056546,0.0,0.3333333333333333,20.35699131245338,20000285
Random,5.5972689318233915,5,0.4166666666666667,0.3525734572434811,0.5833333333333334,0.5833333333333333,0.7890739162964513,0.3120559690514147,0.0,0.22916666666666666,20.948047832644534,20000286
Random,15.768071431120163,11,0.9166666666666666,0.9443402803084145,0.9166666666666666,0.08333333333333337,0.8566383207597653,0.19607380880982483,0.0,0.2708333333333333,24.170178577800407,20000287
Random,10.878311455517464,8,0.6666666666666666,0.6712389377562505,0.75,0.33333333333333337,0.8382460563982083,0.23723007494488288,0.0,0.22916666666666666,24.188311102848164,20000288
Random,8.236483510485382,7,0.5833333333333334,0.39218129029776244,0.8333333333333334,0.41666666666666663,0.8377949724051007,0.16337904330810163,0.0,0.2916666666666667,22.88755817569784,20000289
Random,7.015017024503725,6,0.5,0.333193666397213,0.75,0.5,0.8782091932810557,0.17375491834243487,0.0,0.3333333333333333,22.502609612907715,20000290
Random,12.668258081781309,9,0.75,0.7986729481073256,0.8333333333333334,0.25,0.7868526023748084,0.2992924933824166,0.0,0.1875,22.953052089487578,20000291
Random,8.565121407751008,7,0.5833333333333334,0.5336714587888224,0.5833333333333334,0.41666666666666663,0.8517820056543578,0.2054859525990522,0.0,0.3333333333333333,22.067260506235147,20000292
Random,6.545493473223802,6,0.5,0.3917131915265495,0.6666666666666666,0.5,0.8429617656685527,0.1955618138839447,0.0,0.3541666666666667,20.094642055943986,20000293
Random,5.371767057145875,5,0.4166666666666667,0.3497863333376727,0.5833333333333334,0.5833333333333333,0.8389989867002928,0.24399141615114509,0.0,0.2916666666666667,21.774674685095956,20000294
Random,5.522425078992819,5,0.4166666666666667,0.3840972995976023,0.6666666666666666,0.5833333333333333,0.8446141335484828,0.18257546354886434,0.0,0.3333333333333333,21.711314116134037,20000295
Random,11.264771769346414,8,0.6666666666666666,0.6089377888360855,0.75,0.33333333333333337,0.8809305616853585,0.22194873118251524,0.0,0.3125,22.844057805207907,20000296
Random,9.633755989101386,8,0.6666666666666666,0.49855876302112634,0.75,0.33333333333333337,0.8141106932377027,0.18564764559347355,0.0,0.3125,20.37956197839679,20000297
Random,6.6197264116193555,6,0.5,0.3158340875706986,0.75,0.5,0.8532401499011094,0.20494259674286427,0.0,0.3125,21.341098334754218,20000298
Random,11.291891319311796,9,0.75,0.6571092610881432,0.75,0.25,0.8013202070439057,0.2413097503177345,0.0,0.2916666666666667,20.738617252220735,20000299
Random,6.823173556814689,6,0.5,0.4023557104361677,0.5833333333333334,0.5,0.8895137180012641,0.17740522133258352,0.0,0.4375,19.21750570258389,20000300
Random,5.090824057068194,5,0.4166666666666667,0.3636560816071245,0.6666666666666666,0.5833333333333333,0.8850738964012104,0.15455205435454403,0.0,0.3958333333333333,20.979961025006123,20000301
Random,7.150383001914353,6,0.5,0.43277172815681253,0.5833333333333334,0.5,0.8139346496050922,0.24970013555217943,0.0,0.2916666666666667,21.210942524368534,20000302
Random,3.305098011943411,4,0.3333333333333333,0.3184413525673155,0.5833333333333334,0.6666666666666667,0.8719733653109939,0.17958741874143855,0.0,0.3541666666666667,20.821977660001107,20000303
Random,8.851927113947252,7,0.5833333333333334,0.6320239944685908,0.75,0.41666666666666663,0.9071763857972103,0.1348111965381937,0.0,0.4166666666666667,21.224894402842974,20000304
Random,13.444838132686478,10,0.8333333333333334,0.8309511865475614,0.8333333333333334,0.16666666666666663,0.8613146409479331,0.17438374916583535,0.0,0.3125,21.967879744890205,20000305
Random,5.739400751205438,5,0.4166666666666667,0.4603118141358447,0.75,0.5833333333333333,0.8654847115748033,0.18222599051564262,0.0,0.3333333333333333,21.28388547668414,20000306
Random,9.107382415375902,7,0.5833333333333334,0.5585553864683299,0.6666666666666666,0.41666666666666663,0.7778986618031429,0.3099924211160873,0.0,0.20833333333333334,22.37456353177505,20000307
Random,5.494732034268679,5,0.4166666666666667,0.4097716012775514,0.5833333333333334,0.5833333333333333,0.9004129057844129,0.18235328529427897,0.0,0.3958333333333333,21.36402629268266,20000308
Random,7.33791418446485,6,0.5,0.45850477071399687,0.5833333333333334,0.5,0.8850387569478683,0.2328760570643671,0.0,0.3333333333333333,22.796514484780335,20000309
Random,5.1224130271820005,5,0.4166666666666667,0.45499327448718546,0.6666666666666666,0.5833333333333333,0.8752774770843406,0.17421602520115206,0.0,0.3541666666666667,21.953369349964326,20000310
Random,4.8721787454691246,5,0.4166666666666667,0.3006644852162465,0.6666666666666666,0.5833333333333333,0.8156498347922829,0.2663131249523991,0.0,0.22916666666666666,22.212677972441224,20000311
Random,5.385816475122716,5,0.4166666666666667,0.48355331737830987,0.5,0.5833333333333333,0.8179102388497693,0.24047902891095144,0.0,0.3125,20.68032600495453,20000312
Random,4.895343622880743,5,0.4166666666666667,0.26494688554953605,0.6666666666666666,0.5833333333333333,0.8930269637092415,0.18215286057956512,0.0,0.375,20.96796331584174,20000313
Random,8.757991376404945,7,0.5833333333333334,0.5656059052406054,0.6666666666666666,0.41666666666666663,0.8502191485001216,0.21937475976527288,0.0,0.3125,22.167677677458418,20000314
Random,8.507899196902219,7,0.5833333333333334,0.48689249004989704,0.6666666666666666,0.41666666666666663,0.8722622963746286,0.23390338321886675,0.0,0.3125,22.458245129873763,20000315
Random,5.262343543020439,5,0.4166666666666667,0.334115746763933,0.5833333333333334,0.5833333333333333,0.8713898828243658,0.19524354581711365,0.0,0.3958333333333333,18.94213663919016,20000316
Random,10.663935066584662,8,0.6666666666666666,0.5547643307070456,0.8333333333333334,0.33333333333333337,0.8675365642707463,0.21794401608093417,0.0,0.25,24.19498145585651,20000317
Random,3.7266607289989135,4,0.3333333333333333,0.2398371242477004,0.6666666666666666,0.6666666666666667,0.8865407190258017,0.18261210889446963,0.0,0.3541666666666667,20.817706752909476,20000318
Random,5.605976898973361,5,0.4166666666666667,0.3301451104145307,0.6666666666666666,0.5833333333333333,0.8575378783241656,0.245426608179944,0.0,0.2708333333333333,23.6114341990117,20000319
Random,8.963394024539172,7,0.5833333333333334,0.47288439834663326,0.6666666666666666,0.41666666666666663,0.8147221700687507,0.2522442172625574,0.0,0.2708333333333333,21.804923113588526,20000320
Random,11.593773537453057,9,0.75,0.6669768879543069,0.75,0.25,0.8815416114720126,0.14473741550580885,0.0,0.3541666666666667,23.154414360518018,20000321
Random,9.041742629442613,7,0.5833333333333334,0.5150981046523544,0.6666666666666666,0.41666666666666663,0.8814092289899792,0.16476933434574187,0.0,0.3958333333333333,20.482162256954112,20000322
Random,5.712269961701143,5,0.4166666666666667,0.3263927143845573,0.75,0.5833333333333333,0.8636160099295226,0.21826042845681495,0.0,0.2916666666666667,22.74812027966083,20000323
Random,7.408509059098827,6,0.5,0.4266682707999615,0.75,0.5,0.8975572380988655,0.17957822695351547,0.0,0.3125,24.48552176027674,20000324
Random,11.105288754668825,8,0.6666666666666666,0.7489365886039261,0.75,0.33333333333333337,0.8771673260859867,0.20754227774392842,0.0,0.3125,22.41301926967966,20000325
Random,5.63669635092908,5,0.4166666666666667,0.36513558061456286,0.5833333333333334,0.5833333333333333,0.7420698396613147,0.3266226578220719,0.0,0.22916666666666666,20.182328829380303,20000326
Random,3.2152366851022665,4,0.3333333333333333,0.3607781978158098,0.5,0.6666666666666667,0.8831974979639714,0.15638940834048734,0.0,0.4166666666666667,19.423267115631564,20000327
Random,6.602319025790042,6,0.5,0.4219123341653012,0.5833333333333334,0.5,0.8571003276221812,0.22682715502483042,0.0,0.3125,21.377868394528807,20000328
Random,5.048549117993267,5,0.4166666666666667,0.26293124179272337,0.6666666666666666,0.5833333333333333,0.8681169097613921,0.18851470012738492,0.0,0.375,20.588606156798978,20000329
Random,8.574537008447535,7,0.5833333333333334,0.5211242577905666,0.6666666666666666,0.41666666666666663,0.8410458094685925,0.20444086330893074,0.0,0.3125,22.302926272521493,20000330
Random,9.001757085776836,7,0.5833333333333334,0.6312956824052754,0.75,0.41666666666666663,0.9123731273048182,0.21169649714892502,0.0,0.3125,23.98919921767032,20000331
Random,5.20809588730131,5,0.4166666666666667,0.4497522386859508,0.5833333333333334,0.5833333333333333,0.8537035207551543,0.16955431090152925,0.0,0.3958333333333333,18.954439541578793,20000332
Random,5.016344450466562,5,0.4166666666666667,0.40916350129796664,0.5833333333333334,0.5833333333333333,0.7266362380410213,0.31054081115506477,0.0,0.2708333333333333,17.69216079633055,20000333
Random,7.209702777282407,6,0.5,0.4159662523264177,0.6666666666666666,0.5,0.8211061522114168,0.22693370965783655,0.0,0.2708333333333333,21.377156657036995,20000334
Random,10.865896101636485,8,0.6666666666666666,0.6180416694353036,0.75,0.33333333333333337,0.8506144448350477,0.19749342192605646,0.0,0.3125,23.318414107551384,20000335
Random,4.061185090863599,4,0.3333333333333333,0.3006811266339526,0.6666666666666666,0.6666666666666667,0.8933855574119227,0.2409131317776566,0.0,0.3125,23.11538374274804,20000336
Random,5.599929757636978,5,0.4166666666666667,0.390610900665688,0.6666666666666666,0.5833333333333333,0.8995994925696231,0.17115729773533725,0.0,0.3958333333333333,20.491721570447545,20000337
Random,13.95962792031784,10,0.8333333333333334,0.750155831514647,0.8333333333333334,0.16666666666666663,0.8846278523298964,0.2027908727328903,0.0,0.2708333333333333,24.790700272766692,20000338
Random,5.002242329658242,5,0.4166666666666667,0.40767501881483753,0.5833333333333334,0.5833333333333333,0.8400252854413148,0.24600170452663309,0.0,0.3125,20.816072381520144,20000339
Random,8.528201392143016,7,0.5833333333333334,0.5126776538273703,0.5833333333333334,0.41666666666666663,0.8055563805049953,0.24080336442517447,0.0,0.2916666666666667,21.2223794831251,20000340
Random,14.35965886127925,10,0.8333333333333334,0.773253063044652,0.8333333333333334,0.16666666666666663,0.8426394993885155,0.2864137804232067,0.0,0.20833333333333334,25.301679158871252,20000341
Random,11.355769389661228,9,0.75,0.6207922905670906,0.75,0.25,0.8718407243457694,0.1859777975638659,0.0,0.3333333333333333,21.560080828949314,20000342
Random,5.033186331942599,5,0.4166666666666667,0.294972991891567,0.6666666666666666,0.5833333333333333,0.8336903219214191,0.17787157347583313,0.0,0.3958333333333333,18.72507488781856,20000343
Random,6.96116062962113,6,0.5,0.41398344913913177,0.6666666666666666,0.5,0.8154593765565105,0.22234781597482614,0.0,0.2916666666666667,21.567517860985223,20000344
Random,3.7834494600070636,4,0.3333333333333333,0.34571616812733913,0.5,0.6666666666666667,0.8700592987345542,0.19490066770818437,0.0,0.375,20.521566834714005,20000345
Random,9.002660679429528,7,0.5833333333333334,0.4915378841572251,0.75,0.41666666666666663,0.7984971180771271,0.23763305262224477,0.0,0.2708333333333333,21.974227847361682,20000346
Random,6.966610600210584,6,0.5,0.43978510782111335,0.6666666666666666,0.5,0.9054232723783265,0.13644395399856005,0.0,0.4166666666666667,20.500557915351337,20000347
Random,10.928739842826776,8,0.6666666666666666,0.618788984764431,0.6666666666666666,0.33333333333333337,0.8822893977921357,0.22378334445505432,0.0,0.2916666666666667,23.367610338790513,20000348
Random,9.958354480463928,8,0.6666666666666666,0.6435488707520731,0.75,0.33333333333333337,0.9031518938971873,0.15972744452702362,0.0,0.375,20.526177782467755,20000349
Random,5.314512710797982,5,0.4166666666666667,0.3204116704109605,0.6666666666666666,0.5833333333333333,0.8966656533595989,0.19752334388448156,0.0,0.3541666666666667,21.844734447522214,20000350
Random,9.092948967174044,7,0.5833333333333334,0.49717537325765954,0.75,0.41666666666666663,0.8657055397270401,0.21702334820971658,0.0,0.2916666666666667,22.98719865101506,20000351
Random,-0.15245626680276675,2,0.16666666666666666,0.12178453837347358,0.5833333333333334,0.8333333333333334,0.8744260671561318,0.1679127730248381,0.0,0.3958333333333333,20.091829523312427,20000352
Random,5.44888292059278,5,0.4166666666666667,0.41047186682042514,0.5833333333333334,0.5833333333333333,0.8687359418905878,0.18909845544691614,0.0,0.375,21.443741368026483,20000353
Random,10.156796831012137,8,0.6666666666666666,0.6016191857574099,0.6666666666666666,0.33333333333333337,0.8613901315482332,0.16667042509236663,0.0,0.3541666666666667,20.57853557876499,20000354
Random,8.752393000891063,7,0.5833333333333334,0.5621180661662736,0.75,0.41666666666666663,0.8323219655857818,0.2502110006028825,0.0,0.3125,20.799972163686007,20000355
Random,5.73773051796166,5,0.4166666666666667,0.4528703718902481,0.6666666666666666,0.5833333333333333,0.861957273902988,0.23481953201565794,0.0,0.2916666666666667,22.903761285385468,20000356
Random,5.080098260407701,5,0.4166666666666667,0.38169376881999545,0.5833333333333334,0.5833333333333333,0.8517972912523574,0.21366041957611684,0.0,0.3125,20.246426377555707,20000357
Random,15.3282232047847,11,0.9166666666666666,0.9295829565302051,0.9166666666666666,0.08333333333333337,0.8457598930302838,0.21011418044520638,0.0,0.25,23.070558011961754,20000358
Random,6.6883734267573915,6,0.5,0.4677907447232699,0.6666666666666666,0.5,0.913243661460888,0.15611830593494358,0.0,0.375,20.909955230358705,20000359
Random,10.23280237987082,8,0.6666666666666666,0.508406629183538,0.8333333333333334,0.33333333333333337,0.8031111460781162,0.21612173458491246,0.0,0.25,22.3493516637021,20000360
Random,4.866026175792459,5,0.4166666666666667,0.33710056074173483,0.5833333333333334,0.5833333333333333,0.8741130135001097,0.13254503576343676,0.0,0.4583333333333333,18.441413899622052,20000361
Random,7.131166335335669,6,0.5,0.3617167491108753,0.75,0.5,0.8028737022927178,0.2944617419809192,0.0,0.20833333333333334,22.172951895589485,20000362
Random,5.326029508694647,5,0.4166666666666667,0.28785037193789975,0.6666666666666666,0.5833333333333333,0.8325081264683889,0.2177729726524118,0.0,0.3333333333333333,20.557431862921543,20000363
Random,3.4483780545043956,4,0.3333333333333333,0.34271601107245186,0.5,0.6666666666666667,0.8475995901983046,0.17292794954878907,0.0,0.4375,17.978534005113115,20000364
Random,5.1017543067997675,5,0.4166666666666667,0.3261587604870714,0.5833333333333334,0.5833333333333333,0.8242520173965954,0.18654729796253208,0.0,0.3333333333333333,20.81138137906463,20000365
Random,7.535869682261186,6,0.5,0.45124668376316956,0.5833333333333334,0.5,0.892085471349822,0.16337218102563186,0.0,0.4166666666666667,19.98691234026573,20000366
Random,9.191381775346601,7,0.5833333333333334,0.5608260548466562,0.75,0.41666666666666663,0.8752884501386281,0.20159154085794753,0.0,0.2916666666666667,23.277195579848573,20000367
Random,10.082211355980762,8,0.6666666666666666,0.63748109687285,0.6666666666666666,0.33333333333333337,0.8122622512253814,0.22861881436177522,0.0,0.3125,21.301015151871365,20000368
Random,11.402219830920284,8,0.6666666666666666,0.5921791965567506,0.75,0.33333333333333337,0.8583619231600533,0.27580123034650855,0.0,0.2708333333333333,23.224532888786957,20000369
Random,8.443918756508129,7,0.5833333333333334,0.516265669288423,0.6666666666666666,0.41666666666666663,0.867020638988809,0.16428709294552865,0.0,0.375,20.405523579979853,20000370
Random,8.316785673029283,7,0.5833333333333334,0.4391308946368094,0.6666666666666666,0.41666666666666663,0.8818383935064619,0.19377454943252023,0.0,0.3541666666666667,21.664547114510675,20000371
Random,3.5930593209950112,4,0.3333333333333333,0.19935996828508296,0.6666666666666666,0.6666666666666667,0.8055906604710464,0.25865103877828516,0.0,0.25,21.539280448292153,20000372
Random,11.798806212801027,9,0.75,0.7559276304543928,0.75,0.25,0.877660417959548,0.1711607467410278,0.0,0.3333333333333333,22.862928955951748,20000373
Random,10.521560919372716,8,0.6666666666666666,0.5176898662069973,0.8333333333333334,0.33333333333333337,0.8266754359964731,0.2531099363504215,0.0,0.22916666666666666,23.232065412978297,20000374
Random,8.987124395668268,7,0.5833333333333334,0.504585390085431,0.75,0.41666666666666663,0.9061282610480035,0.1874109426509166,0.0,0.3333333333333333,21.62958471251127,20000375
Random,9.816879288827744,8,0.6666666666666666,0.5195553343934886,0.75,0.33333333333333337,0.8176788137722367,0.22900355156559185,0.0,0.2916666666666667,20.640662542309503,20000376
Random,5.460318530334863,5,0.4166666666666667,0.4152751395302205,0.6666666666666666,0.5833333333333333,0.8639121540796396,0.1603922598220496,0.0,0.375,20.222116997289394,20000377
Random,5.243701144374347,5,0.4166666666666667,0.37641134993845693,0.5833333333333334,0.5833333333333333,0.8601189761597299,0.19189975319574523,0.0,0.3333333333333333,21.172940059599547,20000378
Random,6.683000774289396,6,0.5,0.39704140697606694,0.75,0.5,0.8916216151408328,0.1633057119171584,0.0,0.3541666666666667,22.718987359161414,20000379
Random,12.688548842637841,9,0.75,0.7892058078710861,0.75,0.25,0.8541662553673728,0.2476584287683273,0.0,0.2708333333333333,23.538622716655325,20000380
Random,5.127547112187304,5,0.4166666666666667,0.31442590161758244,0.5833333333333334,0.5833333333333333,0.849410336361114,0.19787912755219458,0.0,0.3125,21.286653361428993,20000381
Random,12.301512662094698,9,0.75,0.8416616195694481,0.75,0.25,0.8449014524838264,0.24839766072351963,0.0,0.2708333333333333,22.226936189448825,20000382
Random,8.026377690325383,7,0.5833333333333334,0.5139792368882,0.5833333333333334,0.41666666666666663,0.8655280667980275,0.16121270204335628,0.0,0.4583333333333333,18.360611812817737,20000383
Random,10.68365679234874,8,0.6666666666666666,0.5830174264158692,0.75,0.33333333333333337,0.856959068153404,0.21684143499234332,0.0,0.2916666666666667,23.79220133254529,20000384
Random,5.4819730681750585,5,0.4166666666666667,0.45002093717121927,0.6666666666666666,0.5833333333333333,0.8623206384690297,0.18375511883250842,0.0,0.3333333333333333,22.00202752209359,20000385
Random,7.449879101365131,6,0.5,0.4447337234116972,0.6666666666666666,0.5,0.8200489290149902,0.23608817558658282,0.0,0.2708333333333333,21.498134820379548,20000386
Random,4.336087283477296,4,0.3333333333333333,0.49338343779617727,0.5833333333333334,0.6666666666666667,0.9174565972765546,0.15140916454774442,0.0,0.4375,20.78883301017427,20000387
Random,10.795711664261074,8,0.6666666666666666,0.732063913281653,0.8333333333333334,0.33333333333333337,0.8876374500574649,0.2054116493244542,0.0,0.3125,21.66561209804918,20000388
Random,9.41970888337772,7,0.5833333333333334,0.5204865798752089,0.8333333333333334,0.41666666666666663,0.8856758313265402,0.2534786483155107,0.0,0.2708333333333333,24.127465918738068,20000389
Random,12.670710139269358,9,0.75,0.7280131237449886,0.75,0.25,0.8701209768726698,0.25799266430052076,0.0,0.22916666666666666,25.63494333542949,20000390
Random,8.280580871506514,7,0.5833333333333334,0.45630399237339897,0.75,0.41666666666666663,0.9104338797711996,0.16216422506713501,0.0,0.3958333333333333,21.663160486667085,20000391
Random,10.380088339329728,8,0.6666666666666666,0.5888337902404147,0.75,0.33333333333333337,0.8771332272491615,0.17328305320788653,0.0,0.3333333333333333,22.81969113638647,20000392
Random,7.033062971503449,6,0.5,0.44814379439673613,0.5833333333333334,0.5,0.8686870020080585,0.205721443054894,0.0,0.3541666666666667,22.15392358353248,20000393
Random,7.707708247060487,6,0.5,0.41818009159993963,0.6666666666666666,0.5,0.8087651969024542,0.28504623887014563,0.0,0.22916666666666666,21.927900694988402,20000394
Random,8.629841813233691,7,0.5833333333333334,0.5475235921097231,0.6666666666666666,0.41666666666666663,0.9038464457691231,0.16171925228594947,0.0,0.4375,19.97555144244952,20000395
Random,6.168457454868214,6,0.5,0.41047899704313257,0.5833333333333334,0.5,0.8539945012539402,0.15474654154422518,0.0,0.375,20.425276878040638,20000396
Random,8.037183516704413,7,0.5833333333333334,0.5486814774254702,0.6666666666666666,0.41666666666666663,0.8864524100397615,0.15534392569367164,0.0,0.375,20.876769963678147,20000397
Random,13.8818592838123,10,0.8333333333333334,0.8890050263917788,0.8333333333333334,0.16666666666666663,0.8890172280506802,0.19138565215153072,0.0,0.3125,23.060557632879405,20000398
Random,3.7491027730199784,4,0.3333333333333333,0.37806025991262276,0.5833333333333334,0.6666666666666667,0.76039734739748,0.29713195571180945,0.0,0.25,19.438639135155146,20000399
Random,6.542817809437764,6,0.5,0.5075929040475923,0.5833333333333334,0.5,0.7747421596436604,0.26524884260864917,0.0,0.2916666666666667,19.626821149621417,20000400
Random,9.699115631159968,7,0.5833333333333334,0.5395314554678471,0.6666666666666666,0.41666666666666663,0.8217141781483397,0.26651906514376816,0.0,0.25,23.343182602651734,20000401
Random,9.199561904478307,7,0.5833333333333334,0.5181396596412486,0.5833333333333334,0.41666666666666663,0.826731621883523,0.23187474320993676,0.0,0.3333333333333333,21.004131875061915,20000402
Random,9.427098369187908,7,0.5833333333333334,0.5289806479878172,0.6666666666666666,0.41666666666666663,0.8166969531724915,0.2755299256287164,0.0,0.25,22.166925359104845,20000403
Random,6.56694170434098,6,0.5,0.43308447808354383,0.5833333333333334,0.5,0.7951174325932722,0.25484927703103954,0.0,0.2916666666666667,20.533402678679266,20000404
Random,6.141210113598833,5,0.4166666666666667,0.3748652894633961,0.6666666666666666,0.5833333333333333,0.776153599393438,0.23434774583880305,0.0,0.2708333333333333,21.923471234187502,20000405
Random,9.057971804664186,7,0.5833333333333334,0.5545989984316994,0.6666666666666666,0.41666666666666663,0.8656660396213623,0.2662205402849016,0.0,0.2916666666666667,22.025814563651377,20000406
Random,9.912172168051987,8,0.6666666666666666,0.5542740839703876,0.6666666666666666,0.33333333333333337,0.9207743527932862,0.1214417279293001,0.0,0.4375,20.290810458608306,20000407
Random,5.125317149581775,5,0.4166666666666667,0.3199647962708226,0.75,0.5833333333333333,0.8534669383658468,0.152450855795441,0.0,0.3541666666666667,22.05499288352539,20000408
Random,9.008828169699589,7,0.5833333333333334,0.5047834746611092,0.75,0.41666666666666663,0.8881436302711064,0.22843515307633608,0.0,0.2916666666666667,23.85045476822687,20000409
Random,10.326460297123488,8,0.6666666666666666,0.5578790584243509,0.8333333333333334,0.33333333333333337,0.87880101958319,0.13684421831315993,0.0,0.3958333333333333,21.898153000062116,20000410
Random,6.489422507725583,5,0.4166666666666667,0.5337440623488015,0.6666666666666666,0.5833333333333333,0.8350239750056513,0.25229287977553466,0.0,0.2708333333333333,23.009424514796613,20000411
Random,5.6152816827880905,5,0.4166666666666667,0.3634325184660272,0.6666666666666666,0.5833333333333333,0.7809369103654077,0.30115023429849697,0.0,0.20833333333333334,23.23132529096005,20000412
Random,5.26373283605096,5,0.4166666666666667,0.4006924630859442,0.6666666666666666,0.5833333333333333,0.8592177105079745,0.1549882853608061,0.0,0.4166666666666667,19.011443386633395,20000413
Random,8.923091349694893,7,0.5833333333333334,0.5034110722505841,0.75,0.41666666666666663,0.8444646196600433,0.22311377916354833,0.0,0.25,23.815343292107066,20000414
Random,8.900227411382781,7,0.5833333333333334,0.5601772508591517,0.6666666666666666,0.41666666666666663,0.9060863620903542,0.17222878994484017,0.0,0.4166666666666667,20.876650267746147,20000415
Random,5.0989174016718675,5,0.4166666666666667,0.34208895557093655,0.6666666666666666,0.5833333333333333,0.8506805831460126,0.19988869874048112,0.0,0.3333333333333333,20.43866075393475,20000416
Random,1.2779040808670348,3,0.25,0.2361697515770377,0.5,0.75,0.9023899945293703,0.11075633509783883,0.0,0.5208333333333334,17.34830939898388,20000417
Random,9.85652564077474,8,0.6666666666666666,0.6031166230189559,0.75,0.33333333333333337,0.8795387143365958,0.1548141025303687,0.0,0.375,21.06364687960483,20000418
Random,7.334333551422514,6,0.5,0.44001356271931474,0.6666666666666666,0.5,0.8224381476206665,0.24831053244933812,0.0,0.3125,20.399673356236132,20000419
Random,12.058951833599066,9,0.75,0.7647502584741547,0.75,0.25,0.8889466226919044,0.18987748957291659,0.0,0.3541666666666667,22.081551307863517,20000420
Random,4.145671059400803,4,0.3333333333333333,0.349813862671195,0.5833333333333334,0.6666666666666667,0.8570967908782011,0.20887200159956074,0.0,0.3541666666666667,20.36243813712435,20000421
Random,9.043745939679845,7,0.5833333333333334,0.6187174843052134,0.6666666666666666,0.41666666666666663,0.8355562156979325,0.19386283221354295,0.0,0.3125,21.129051700589482,20000422
Random,9.490521048904542,7,0.5833333333333334,0.6933098444099188,0.8333333333333334,0.41666666666666663,0.8260719654065785,0.21915497671382647,0.0,0.2708333333333333,22.15185266061026,20000423
Random,6.743466230501804,6,0.5,0.3899085997700913,0.6666666666666666,0.5,0.8711696858605409,0.156983789021344,0.0,0.3541666666666667,21.2787832511986,20000424
Random,5.196465254561772,5,0.4166666666666667,0.30579042223413083,0.6666666666666666,0.5833333333333333,0.8129299931005834,0.23368066793465836,0.0,0.2708333333333333,20.64393902482508,20000425
Random,9.983377421592127,8,0.6666666666666666,0.5094666868616421,0.75,0.33333333333333337,0.8533007358074295,0.24828618279124082,0.0,0.2708333333333333,22.667116514634312,20000426
Random,9.709095994437822,8,0.6666666666666666,0.5445639415018639,0.6666666666666666,0.33333333333333337,0.878000025469499,0.1414409402209159,0.0,0.3958333333333333,20.835699608848607,20000427
Random,10.485664741695997,8,0.6666666666666666,0.5646905704233629,0.75,0.33333333333333337,0.8881762834574797,0.2127069097986498,0.0,0.3125,23.211185055983552,20000428
Random,15.624060848729389,11,0.9166666666666666,0.903419579601937,0.9166666666666666,0.08333333333333337,0.824437093631285,0.3069334729678976,0.0,0.22916666666666666,23.810152121823474,20000429
Random,7.933511753721737,6,0.5,0.6936590346296411,0.75,0.5,0.8234266694289322,0.2845889455541921,0.0,0.25,22.653216963560958,20000430
Random,8.657567447434541,7,0.5833333333333334,0.5051091053120508,0.6666666666666666,0.41666666666666663,0.8033919621544001,0.25126105739219473,0.0,0.2708333333333333,21.203842844486335,20000431
Random,9.245862732129975,7,0.5833333333333334,0.5445116219946223,0.8333333333333334,0.41666666666666663,0.8892943390848297,0.20162356010936144,0.0,0.2916666666666667,24.178153770995323,20000432
Random,9.337808066686712,7,0.5833333333333334,0.5071361652876738,0.75,0.41666666666666663,0.8867062445919535,0.2130578542397017,0.0,0.2916666666666667,24.124715699487183,20000433
Random,8.615295093013371,7,0.5833333333333334,0.509397256357222,0.6666666666666666,0.41666666666666663,0.8649194686678604,0.179625032891875,0.0,0.375,20.552973503292172,20000434
Random,13.538719629874322,9,0.75,0.8447964862464822,0.8333333333333334,0.25,0.8915854146126749,0.22688414858670206,0.0,0.2708333333333333,25.298944178919637,20000435
Random,12.490496174577117,9,0.75,0.8078072823571596,0.75,0.25,0.8882542648191999,0.1936289624015465,0.0,0.3333333333333333,22.38452956413612,20000436
Random,5.325552072001885,5,0.4166666666666667,0.4194733519513605,0.6666666666666666,0.5833333333333333,0.9124445239258376,0.14127585027871772,0.0,0.4375,20.798002447109468,20000437
Random,10.198729373061811,8,0.6666666666666666,0.5601566263407969,0.6666666666666666,0.33333333333333337,0.8012864827875195,0.20072091380435889,0.0,0.3333333333333333,20.521531776946777,20000438
Random,5.303527617678878,5,0.4166666666666667,0.31900939004465545,0.5833333333333334,0.5833333333333333,0.889345241261044,0.1599027929845748,0.0,0.3958333333333333,20.874129532293363,20000439
Random,11.567962698998459,9,0.75,0.6996718767408947,0.8333333333333334,0.25,0.8680686510126603,0.16331353577311833,0.0,0.3333333333333333,22.31390139557205,20000440
Random,4.472312419615643,5,0.4166666666666667,0.23841250264384306,0.5833333333333334,0.5833333333333333,0.8559128809564497,0.15550325565495454,0.0,0.4375,17.66276231381529,20000441
Random,13.854910504060548,10,0.8333333333333334,0.8078434261974221,0.8333333333333334,0.16666666666666663,0.8451591546850427,0.24546905390882648,0.0,0.22916666666666666,24.097911264685987,20000442
Random,10.833234056983066,8,0.6666666666666666,0.5635601025968995,0.75,0.33333333333333337,0.8789131014670609,0.26301021822111065,0.0,0.2708333333333333,23.089626948584296,20000443
Random,8.519521347257736,7,0.5833333333333334,0.4515827703036765,0.6666666666666666,0.41666666666666663,0.8180815943469324,0.22181226131303147,0.0,0.2916666666666667,22.17508792337551,20000444
Random,7.100618119788665,6,0.5,0.41486014835585505,0.6666666666666666,0.5,0.8739188488481618,0.18844265300893515,0.0,0.3541666666666667,21.382546180945358,20000445
Random,7.957189053150724,6,0.5,0.5480504611795773,0.6666666666666666,0.5,0.8414765945333218,0.2760397167551328,0.0,0.25,23.432891801138034,20000446
Random,5.52598871113688,5,0.4166666666666667,0.3435688706258188,0.5833333333333334,0.5833333333333333,0.88649056142406,0.19316068202937928,0.0,0.3958333333333333,20.402231936560373,20000447
Random,7.327319456785258,6,0.5,0.5005179388050657,0.6666666666666666,0.5,0.8811929764456771,0.2120199032784901,0.0,0.3125,22.12788570623519,20000448
Random,6.935202539707655,6,0.5,0.5372624059236336,0.5833333333333334,0.5,0.8826641707828785,0.1343593674239356,0.0,0.4375,18.42024798540472,20000449
Random,5.458832964470423,5,0.4166666666666667,0.32530866507349765,0.6666666666666666,0.5833333333333333,0.9133708604871208,0.1651394201118994,0.0,0.3958333333333333,20.48058269091404,20000450
Random,8.474375088813327,7,0.5833333333333334,0.4640254845846814,0.75,0.41666666666666663,0.8715599734626732,0.18543362320023274,0.0,0.3333333333333333,20.750422660038797,20000451
Random,7.508492597572312,6,0.5,0.4782410579551698,0.5833333333333334,0.5,0.895285689667315,0.16560991807832948,0.0,0.4166666666666667,20.085138963040517,20000452
Random,3.5180597045776816,4,0.3333333333333333,0.284193314903592,0.5,0.6666666666666667,0.8413996789437573,0.23152953393796458,0.0,0.3541666666666667,19.890551515073042,20000453
Random,8.383213836045348,7,0.5833333333333334,0.3929317732522923,0.75,0.41666666666666663,0.8602661964050412,0.21911440068871946,0.0,0.2916666666666667,23.421883742637405,20000454
Random,8.412040517102664,7,0.5833333333333334,0.4407679511042019,0.75,0.41666666666666663,0.8643442394482209,0.2170932547770005,0.0,0.2708333333333333,22.48501552507176,20000455
Random,8.188806237520721,7,0.5833333333333334,0.42112848272188225,0.75,0.41666666666666663,0.7939176122618344,0.27112770957336246,0.0,0.20833333333333334,22.843005728334703,20000456
Random,5.737484810950646,5,0.4166666666666667,0.329033947185316,0.6666666666666666,0.5833333333333333,0.8544333418517113,0.20176352719406485,0.0,0.3333333333333333,21.31974230742291,20000457
Random,5.532302472140896,5,0.4166666666666667,0.33863591042097413,0.5833333333333334,0.5833333333333333,0.8745299455449241,0.22550312688322097,0.0,0.375,20.93917103289536,20000458
Random,12.413606397586086,9,0.75,0.6558717038356662,0.8333333333333334,0.25,0.8913190292895857,0.26248460202235124,0.0,0.22916666666666666,23.8092686226463,20000459
Random,9.710211411794607,8,0.6666666666666666,0.5160350287790295,0.75,0.33333333333333337,0.9114738843545572,0.1176515260950755,0.0,0.4166666666666667,20.81667813239549,20000460
Random,2.424754417056567,3,0.25,0.21895227645194615,0.6666666666666666,0.75,0.8999845154708971,0.22017432597827305,0.0,0.3333333333333333,21.431679016741143,20000461
Random,11.526794985325814,8,0.6666666666666666,0.7392681545914781,0.8333333333333334,0.33333333333333337,0.8617073215087993,0.2660396067947149,0.0,0.2708333333333333,24.165128294910925,20000462
Random,9.20051117934906,7,0.5833333333333334,0.49902628051013365,0.75,0.41666666666666663,0.8204568862841061,0.27807494927538984,0.0,0.1875,24.118027888314916,20000463
Random,8.961637562218243,7,0.5833333333333334,0.6283953782123162,0.5833333333333334,0.41666666666666663,0.7622092128923065,0.3010843223908087,0.0,0.22916666666666666,22.237353839206577,20000464
Random,8.440541864329713,7,0.5833333333333334,0.4618433302728417,0.75,0.41666666666666663,0.8339960468665678,0.22246897324696582,0.0,0.2916666666666667,21.942580868536783,20000465
Random,7.4355380573707315,6,0.5,0.39394374970847984,0.75,0.5,0.8194050448767233,0.19042026665853554,0.0,0.3125,22.54585570532981,20000466
Random,5.30477066877964,5,0.4166666666666667,0.4729451338653854,0.6666666666666666,0.5833333333333333,0.8544925042486234,0.13728831265969932,0.0,0.4166666666666667,18.586130272941464,20000467
Random,10.202994123797714,8,0.6666666666666666,0.5998940604074436,0.75,0.33333333333333337,0.8219744642593229,0.2089164975625372,0.0,0.3541666666666667,20.041207617984707,20000468
Random,6.846276708338112,6,0.5,0.35393846891992325,0.75,0.5,0.8512575818176323,0.18208523874884977,0.0,0.3125,22.765961909566983,20000469
Random,9.046800309057817,7,0.5833333333333334,0.6853456566158361,0.75,0.41666666666666663,0.8267477049525994,0.2267331466805418,0.0,0.2708333333333333,22.131626304885724,20000470
Random,12.709281836240601,9,0.75,0.7315228740022885,0.75,0.25,0.8662828914815232,0.2753444040751797,0.0,0.25,23.40724513612817,20000471
Random,6.9479782866456254,6,0.5,0.47341448980211204,0.5833333333333334,0.5,0.8822367969786015,0.1616323667138771,0.0,0.3958333333333333,20.801687567567747,20000472
Random,4.842295635702801,5,0.4166666666666667,0.3123708747116816,0.6666666666666666,0.5833333333333333,0.8906017287259423,0.14503511552343096,0.0,0.3958333333333333,20.33621415547258,20000473
Random,12.45588917632062,9,0.75,0.6587093504569925,0.75,0.25,0.8581745976463019,0.23793049426246693,0.0,0.2708333333333333,23.83353130233115,20000474
Random,7.01522975335353,6,0.5,0.4108217432955258,0.6666666666666666,0.5,0.8773789160093418,0.22071071183316696,0.0,0.3541666666666667,19.79103476541291,20000475
Random,6.000282497646424,6,0.5,0.4137163261462096,0.5833333333333334,0.5,0.8607920953046874,0.14897957497147074,0.0,0.3958333333333333,19.146496180527013,20000476
Random,8.801770975578219,7,0.5833333333333334,0.45966995983019654,0.75,0.41666666666666663,0.8546490416801135,0.20003753819903672,0.0,0.2708333333333333,23.403496784140053,20000477
Random,8.941765697356605,7,0.5833333333333334,0.4438850967420167,0.75,0.41666666666666663,0.8704485417085776,0.23132846386097614,0.0,0.2708333333333333,22.73312380562116,20000478
Random,9.078066110747935,7,0.5833333333333334,0.5434559012113169,0.6666666666666666,0.41666666666666663,0.8007266158795487,0.2889543151917039,0.0,0.25,21.91146803058013,20000479
Random,10.779726744444167,8,0.6666666666666666,0.5955024232945383,0.6666666666666666,0.33333333333333337,0.8583444768024906,0.28907130471359815,0.0,0.25,23.79168591217995,20000480
Random,7.046890869247418,6,0.5,0.5538143158351011,0.6666666666666666,0.5,0.8710988572531572,0.15146473056780937,0.0,0.3541666666666667,21.197073770954127,20000481
Random,6.9887690532802536,6,0.5,0.3584004778905424,0.6666666666666666,0.5,0.8450579640694134,0.23167225630931035,0.0,0.2708333333333333,22.885733163162747,20000482
Random,12.237064607685816,9,0.75,0.6857103260592092,0.8333333333333334,0.25,0.8907244226350448,0.16068311656526432,0.0,0.3125,23.59318607314044,20000483
Random,5.486308969586785,5,0.4166666666666667,0.32507063744275055,0.6666666666666666,0.5833333333333333,0.8642878813611165,0.19691923683717202,0.0,0.3333333333333333,21.65420463780072,20000484
Random,6.5103975785814026,6,0.5,0.34652477711271124,0.6666666666666666,0.5,0.7142253562089472,0.2864813044808364,0.0,0.16666666666666666,20.955119900364334,20000485
Random,5.203350576634167,5,0.4166666666666667,0.3486673164442064,0.6666666666666666,0.5833333333333333,0.8590311280788739,0.18604427965067713,0.0,0.375,20.191621578881332,20000486
Random,9.167147581646631,7,0.5833333333333334,0.5701800800246049,0.6666666666666666,0.41666666666666663,0.8546230596864222,0.23877105556435274,0.0,0.2916666666666667,22.786366718541164,20000487
Random,3.8325224857997586,4,0.3333333333333333,0.34565165812700577,0.5833333333333334,0.6666666666666667,0.8594192667743975,0.17619199775744296,0.0,0.3333333333333333,21.56772444878602,20000488
Random,1.3569863304259755,3,0.25,0.27974920211896687,0.4166666666666667,0.75,0.9049281212904984,0.09492146546265805,0.0,0.5625,16.502728776929956,20000489
Random,8.836514516175738,7,0.5833333333333334,0.5681625548825554,0.6666666666666666,0.41666666666666663,0.8019259943715085,0.2933710539898053,0.0,0.25,21.03761874026955,20000490
Random,8.254850806374304,7,0.5833333333333334,0.46631821733556905,0.5833333333333334,0.41666666666666663,0.8556360257321396,0.1811822224784935,0.0,0.4166666666666667,18.689176594207517,20000491
Random,8.547908493449137,7,0.5833333333333334,0.44912338158232235,0.75,0.41666666666666663,0.8341108177736659,0.3039887259937542,0.0,0.22916666666666666,22.988588042514234,20000492
Random,5.24610729334117,5,0.4166666666666667,0.3300253484264896,0.6666666666666666,0.5833333333333333,0.8594603087411435,0.19417995020253512,0.0,0.3333333333333333,21.601111498810106,20000493
Random,6.620200178920178,6,0.5,0.3538103705433249,0.75,0.5,0.8843435796012425,0.16832269178684175,0.0,0.3541666666666667,20.96572414274253,20000494
Random,6.684321618975268,6,0.5,0.36841979886088955,0.6666666666666666,0.5,0.8450479949737777,0.17765598690943354,0.0,0.3333333333333333,20.823988362612155,20000495
Random,8.434979320391305,7,0.5833333333333334,0.5728294520953305,0.6666666666666666,0.41666666666666663,0.9175737115482877,0.18715569941764368,0.0,0.3541666666666667,22.721820405070364,20000496
Random,5.444632154404044,5,0.4166666666666667,0.4926834694024539,0.5833333333333334,0.5833333333333333,0.8524873156015499,0.17999753605788607,0.0,0.3958333333333333,18.04368670911264,20000497
Random,0.2940033840919576,2,0.16666666666666666,0.17936482479153296,0.5833333333333334,0.8333333333333334,0.869459115740609,0.15229518452286805,0.0,0.4375,18.74045219922865,20000498
Random,6.399685691865236,6,0.5,0.33396607825960256,0.6666666666666666,0.5,0.8669159589135814,0.14491290360496054,0.0,0.4166666666666667,19.25957176126566,20000499
EDF-Periodic,9.403526327080176,7,0.5833333333333334,0.6694501006506114,0.6666666666666666,0.41666666666666663,0.8168935142689184,0.3328827369084227,0.0,0.1875,23.149744769265766,20000000
EDF-Periodic,9.75650812157254,7,0.5833333333333334,0.6363648418966075,0.75,0.41666666666666663,0.8301580296321696,0.2858913814204265,0.0,0.1875,24.027250924278505,20000001
EDF-Periodic,10.953793605390754,8,0.6666666666666666,0.5812218443470323,0.8333333333333334,0.33333333333333337,0.8824998493564621,0.30128471280211083,0.0,0.1875,24.877805877711992,20000002
EDF-Periodic,12.367659421518326,9,0.75,0.7383472111656727,0.75,0.25,0.8071586821817474,0.28172808392221144,0.0,0.1875,23.611902766198035,20000003
EDF-Periodic,11.923531001683015,9,0.75,0.6991164139033571,0.75,0.25,0.7694068795879033,0.2486965857314373,0.0,0.1875,22.986737746518894,20000004
EDF-Periodic,12.4329485694006,9,0.75,0.6661054169170676,0.75,0.25,0.7965820087141088,0.2823802001317178,0.0,0.1875,23.434510297737003,20000005
EDF-Periodic,6.0248037463810675,5,0.4166666666666667,0.4398664987540353,0.5833333333333334,0.5833333333333333,0.7747230726966358,0.3298680594035179,0.0,0.1875,22.436616254554526,20000006
EDF-Periodic,6.056397232066892,5,0.4166666666666667,0.5005607668355349,0.5833333333333334,0.5833333333333333,0.7416877511919804,0.3514575661256955,0.0,0.1875,20.816986243692103,20000007
EDF-Periodic,3.896017674074611,4,0.3333333333333333,0.36056501362494786,0.5,0.6666666666666667,0.6957478928733861,0.33877031443714695,0.0,0.1875,19.20575019676856,20000008
EDF-Periodic,10.919060498635883,8,0.6666666666666666,0.655964018482246,0.75,0.33333333333333337,0.7895937099015216,0.28870222978950205,0.0,0.1875,23.00624926244674,20000009
EDF-Periodic,10.879966704395752,8,0.6666666666666666,0.575908041821078,0.75,0.33333333333333337,0.7837725198292347,0.26700059975156104,0.0,0.1875,22.446101033471447,20000010
EDF-Periodic,14.286584051709596,10,0.8333333333333334,0.873594930669756,0.8333333333333334,0.16666666666666663,0.8121931743667975,0.2693462721795238,0.0,0.1875,23.9130746996042,20000011
EDF-Periodic,7.809786007542042,6,0.5,0.49831388017641126,0.8333333333333334,0.5,0.8301823307832311,0.29641482433326444,0.0,0.1875,23.697779379272518,20000012
EDF-Periodic,7.7110469440356315,6,0.5,0.5367224505900258,0.6666666666666666,0.5,0.7605534729963193,0.3101332909821605,0.0,0.1875,21.62416171788094,20000013
EDF-Periodic,6.031398851030785,5,0.4166666666666667,0.41262975859793133,0.75,0.5833333333333333,0.7710444027213423,0.31580822986717744,0.0,0.1875,21.992232611892696,20000014
EDF-Periodic,14.712562580596341,10,0.8333333333333334,0.7904297276102032,0.8333333333333334,0.16666666666666663,0.885668983650277,0.2968153411408484,0.0,0.1875,26.57054795547293,20000015
EDF-Periodic,10.371928353784956,8,0.6666666666666666,0.5964252977010891,0.75,0.33333333333333337,0.7611477860833649,0.2872992103277742,0.0,0.1875,21.577336409866277,20000016
EDF-Periodic,14.237530824777625,10,0.8333333333333334,0.8198198340460459,0.8333333333333334,0.16666666666666663,0.7614541276476703,0.3017774590893289,0.0,0.1875,23.093827061944072,20000017
EDF-Periodic,8.143064504198193,6,0.5,0.4916403672968872,0.6666666666666666,0.5,0.8194730176610161,0.3496226871151782,0.0,0.1875,22.551441668905234,20000018
EDF-Periodic,16.193585522166877,11,0.9166666666666666,0.8563257073879647,0.9166666666666666,0.08333333333333337,0.8826001562157156,0.26398728592863985,0.0,0.1875,25.233963805417197,20000019
EDF-Periodic,10.923032702814904,8,0.6666666666666666,0.674072972007522,0.6666666666666666,0.33333333333333337,0.7961878084650168,0.30768721838271595,0.0,0.1875,23.35959373471537,20000020
EDF-Periodic,16.13946977091959,11,0.9166666666666666,0.9513246290030282,0.9166666666666666,0.08333333333333337,0.8186780972757083,0.23097530068161257,0.0,0.1875,25.098674427298967,20000021
EDF-Periodic,3.994755489366576,4,0.3333333333333333,0.397967174974404,0.5833333333333334,0.6666666666666667,0.7172369673992058,0.31322809277065783,0.0,0.1875,20.350773765306037,20000022
EDF-Periodic,12.595468487467572,9,0.75,0.6890459849436612,0.75,0.25,0.782591856010851,0.303956569833665,0.0,0.1875,22.925799686715663,20000023
EDF-Periodic,14.82473287484035,10,0.8333333333333334,0.8486206286167023,0.8333333333333334,0.16666666666666663,0.8669477203499886,0.27255649211488076,0.0,0.1875,24.561832187100872,20000024
EDF-Periodic,7.821657588233181,6,0.5,0.48643728613738946,0.6666666666666666,0.5,0.7677281883605156,0.3313384676705678,0.0,0.1875,22.069765522140063,20000025
EDF-Periodic,9.447794069075652,7,0.5833333333333334,0.6271582411005805,0.8333333333333334,0.41666666666666663,0.8167922105046893,0.2933318990739677,0.0,0.1875,23.242999329695383,20000026
EDF-Periodic,14.141659512427328,10,0.8333333333333334,0.778703669844218,0.8333333333333334,0.16666666666666663,0.8036263236579732,0.27166598074862547,0.0,0.1875,23.5569791011135,20000027
EDF-Periodic,16.076324329687083,11,0.9166666666666666,0.9021027615801543,0.9166666666666666,0.08333333333333337,0.8161799918304004,0.2615378882922873,0.0,0.1875,24.940810824217696,20000028
EDF-Periodic,10.329919069685257,8,0.6666666666666666,0.6484709970123765,0.75,0.33333333333333337,0.7722327574987787,0.25619798852362563,0.0,0.1875,22.636105515382773,20000029
EDF-Periodic,4.013821602442766,4,0.3333333333333333,0.3442519934873874,0.5,0.6666666666666667,0.6966697579875974,0.3406077955123999,0.0,0.1875,19.893755703862507,20000030
EDF-Periodic,11.22501831162554,8,0.6666666666666666,0.6406007485460516,0.75,0.33333333333333337,0.8140386051833213,0.2841012707122584,0.0,0.1875,23.68769046462261,20000031
EDF-Periodic,14.475954597042499,10,0.8333333333333334,0.78056534048071,0.8333333333333334,0.16666666666666663,0.8267582383405155,0.29800760062624937,0.0,0.1875,23.689886492606252,20000032
EDF-Periodic,10.70416456460371,8,0.6666666666666666,0.5540416792994556,0.75,0.33333333333333337,0.8184858703787624,0.311583483774474,0.0,0.1875,23.723146602945715,20000033
EDF-Periodic,9.21847610763854,7,0.5833333333333334,0.5936669964789762,0.6666666666666666,0.41666666666666663,0.7640950340329522,0.29593027902169505,0.0,0.1875,22.568819373827164,20000034
EDF-Periodic,11.512429021869696,8,0.6666666666666666,0.731306844068756,0.75,0.33333333333333337,0.7801634899945095,0.3225814651111769,0.0,0.1875,22.679041380515223,20000035
EDF-Periodic,15.079117550555317,11,0.9166666666666666,0.8431233532732969,0.9166666666666666,0.08333333333333337,0.8356253851428024,0.21587760176815585,0.0,0.1875,25.348290284488407,20000036
EDF-Periodic,13.21032658126961,9,0.75,0.7296314465076025,0.75,0.25,0.8288136577751505,0.3233660572451576,0.0,0.1875,24.81218575646734,20000037
EDF-Periodic,11.315896316231669,8,0.6666666666666666,0.7449371133274786,0.75,0.33333333333333337,0.7884482507308602,0.29946536025316756,0.0,0.1875,23.150334148687126,20000038
EDF-Periodic,12.810818187301575,9,0.75,0.7104035679926417,0.75,0.25,0.80708584497498,0.2835591137278503,0.0,0.1875,23.567295816887874,20000039
EDF-Periodic,4.378375485006417,4,0.3333333333333333,0.3661337609300615,0.5833333333333334,0.6666666666666667,0.7554417237969379,0.3248368038298635,0.0,0.1875,20.90488565394841,20000040
EDF-Periodic,9.26460602867936,7,0.5833333333333334,0.5910678503048732,0.6666666666666666,0.41666666666666663,0.8554137774020156,0.2927049505292907,0.0,0.1875,23.733598864739967,20000041
EDF-Periodic,14.680317708545488,10,0.8333333333333334,0.8251151122097351,0.8333333333333334,0.16666666666666663,0.8253349591275908,0.29298215976714354,0.0,0.1875,24.20079427136372,20000042
EDF-Periodic,14.424490808013937,10,0.8333333333333334,0.8287161500869419,0.8333333333333334,0.16666666666666663,0.8074394478233717,0.2549254007662578,0.0,0.1875,23.56122702003484,20000043
EDF-Periodic,9.422515066424806,7,0.5833333333333334,0.5943815818673922,0.6666666666666666,0.41666666666666663,0.7865652137151652,0.3138480051974524,0.0,0.1875,21.793157912559195,20000044
EDF-Periodic,9.419679985888747,7,0.5833333333333334,0.5443274502821023,0.6666666666666666,0.41666666666666663,0.7397795011660113,0.31340728465168893,0.0,0.1875,21.59114377739198,20000045
EDF-Periodic,4.239890512555217,4,0.3333333333333333,0.3678407924871709,0.5833333333333334,0.6666666666666667,0.7270012812723822,0.35724236727414294,0.0,0.1875,20.504643121570428,20000046
EDF-Periodic,15.626386006500336,11,0.9166666666666666,0.8863104518370807,0.9166666666666666,0.08333333333333337,0.8259619112500426,0.22755739769862973,0.0,0.1875,24.438602299794912,20000047
EDF-Periodic,7.336594630989089,6,0.5,0.4716778883709938,0.6666666666666666,0.5,0.7474655990027167,0.31140477992365534,0.0,0.1875,22.200042162001246,20000048
EDF-Periodic,7.081383050867434,6,0.5,0.45169668724591455,0.75,0.5,0.7973703460068551,0.2688228157676625,0.0,0.1875,23.314616735323515,20000049
EDF-Periodic,9.301135861701722,7,0.5833333333333334,0.5865932072988334,0.75,0.41666666666666663,0.7890237646069228,0.29680328239870923,0.0,0.1875,22.881483249463628,20000050
EDF-Periodic,9.54487596131566,7,0.5833333333333334,0.561755410535662,0.75,0.41666666666666663,0.8151983157631943,0.3044447175207014,0.0,0.1875,24.03504618599914,20000051
EDF-Periodic,9.53279956307464,7,0.5833333333333334,0.5784001511930669,0.75,0.41666666666666663,0.8072621383109801,0.3116182196725427,0.0,0.1875,23.04194064588814,20000052
EDF-Periodic,12.659276098305234,9,0.75,0.7751797447527754,0.75,0.25,0.8060386757406427,0.2936326284466842,0.0,0.1875,23.280514669678187,20000053
EDF-Periodic,13.10719572565247,9,0.75,0.8140136285760645,0.75,0.25,0.8178996325845045,0.2782768669178315,0.0,0.1875,24.197095610614227,20000054
EDF-Periodic,7.367263468970018,6,0.5,0.4266934555460394,0.75,0.5,0.81194472180676,0.31633596573174655,0.0,0.1875,22.781162163092397,20000055
EDF-Periodic,11.982265146450253,9,0.75,0.658152032757246,0.75,0.25,0.8168361920942203,0.2581200957145362,0.0,0.1875,22.71466981240781,20000056
EDF-Periodic,6.8155127763340495,5,0.4166666666666667,0.49936959831448424,0.5833333333333334,0.5833333333333333,0.7416178704076862,0.36496054868535727,0.0,0.1875,21.509371593779395,20000057
EDF-Periodic,10.508121389958031,8,0.6666666666666666,0.6691662090160282,0.6666666666666666,0.33333333333333337,0.7540107018715879,0.28293731450125653,0.0,0.1875,21.727285986458014,20000058
EDF-Periodic,8.189955654476977,6,0.5,0.5233024833839132,0.6666666666666666,0.5,0.7954815483389455,0.3369075388184943,0.0,0.1875,22.654637773882772,20000059
EDF-Periodic,15.04374360323648,10,0.8333333333333334,0.864558982012109,0.8333333333333334,0.16666666666666663,0.8423604746263855,0.28506209720624187,0.0,0.1875,25.1093590080912,20000060
EDF-Periodic,11.546165405785677,8,0.6666666666666666,0.6620661952021751,0.6666666666666666,0.33333333333333337,0.7782542387301706,0.3286327311705088,0.0,0.1875,22.4262031353733,20000061
EDF-Periodic,13.120783651590312,9,0.75,0.6828560567393931,0.75,0.25,0.8305341644300434,0.3102388442182205,0.0,0.1875,23.683855621099596,20000062
EDF-Periodic,8.028450215296601,6,0.5,0.5353143077599398,0.6666666666666666,0.5,0.7536457005343501,0.3177188850654764,0.0,0.1875,21.603329683354367,20000063
EDF-Periodic,14.572127795952309,10,0.8333333333333334,0.8425083318908804,0.8333333333333334,0.16666666666666663,0.8502331786220664,0.2602546210856718,0.0,0.1875,24.646003190912424,20000064
EDF-Periodic,7.52847079124423,6,0.5,0.467041322714756,0.6666666666666666,0.5,0.7656853046292226,0.33490526239907786,0.0,0.1875,21.467310342060244,20000065
EDF-Periodic,15.218997343516566,10,0.8333333333333334,0.8105308598217211,0.8333333333333334,0.16666666666666663,0.8562932838734026,0.29477419404353294,0.0,0.1875,25.547493358791414,20000066
EDF-Periodic,13.259118844348627,9,0.75,0.8341607312764548,0.75,0.25,0.8452019515416418,0.3158271194954855,0.0,0.1875,24.075110342306814,20000067
EDF-Periodic,6.3027551484055016,5,0.4166666666666667,0.43008568314293805,0.6666666666666666,0.5833333333333333,0.7792079939001663,0.30863537812509306,0.0,0.1875,22.380313856645866,20000068
EDF-Periodic,13.795510262076185,10,0.8333333333333334,0.7580147344064616,0.8333333333333334,0.16666666666666663,0.8767186597734477,0.27833627556917484,0.0,0.1875,25.376222474683114,20000069
EDF-Periodic,13.308941613268383,9,0.75,0.7977913603539827,0.75,0.25,0.8333382436311242,0.2975487828611298,0.0,0.1875,23.52235403317096,20000070
EDF-Periodic,7.47196177960293,6,0.5,0.45367974884389584,0.6666666666666666,0.5,0.7520402547316314,0.32035583144072904,0.0,0.1875,22.15135263996303,20000071
EDF-Periodic,14.021169435713706,10,0.8333333333333334,0.7793681933544311,0.8333333333333334,0.16666666666666663,0.7947496279845353,0.23944075948713425,0.0,0.1875,23.106790607865538,20000072
EDF-Periodic,9.154184432302342,7,0.5833333333333334,0.5134834938147702,0.75,0.41666666666666663,0.7805031115193929,0.296885651080109,0.0,0.1875,22.233368271446107,20000073
EDF-Periodic,10.743162940615193,8,0.6666666666666666,0.5720970499132507,0.75,0.33333333333333337,0.7804732133448247,0.2749065512013078,0.0,0.1875,22.884325987018396,20000074
EDF-Periodic,8.071948924545728,6,0.5,0.4827770946691065,0.6666666666666666,0.5,0.7884409879900774,0.31645192919571535,0.0,0.1875,23.239712005245188,20000075
EDF-Periodic,4.305116540594435,4,0.3333333333333333,0.4064716368292604,0.5,0.6666666666666667,0.7335037827399017,0.3652054236574595,0.0,0.1875,19.97314196632275,20000076
EDF-Periodic,14.023965019866537,10,0.8333333333333334,0.7658975108473918,0.8333333333333334,0.16666666666666663,0.8513033018076671,0.2684983790731404,0.0,0.1875,25.56060256806188,20000077
EDF-Periodic,12.26335112575397,9,0.75,0.7000755667575339,0.75,0.25,0.7849982185519858,0.2557708290673432,0.0,0.1875,23.5263095864617,20000078
EDF-Periodic,12.72607891050747,9,0.75,0.7332753325456024,0.75,0.25,0.7952106164672847,0.2858628482758668,0.0,0.1875,24.104751033267938,20000079
EDF-Periodic,6.82324377308302,5,0.4166666666666667,0.5090067501547868,0.6666666666666666,0.5833333333333333,0.8262160004721082,0.35153383377788344,0.0,0.1875,23.143880792997827,20000080
EDF-Periodic,6.009515083244761,5,0.4166666666666667,0.43779667785240556,0.5833333333333334,0.5833333333333333,0.7298836870932139,0.3370570893435776,0.0,0.1875,20.54599135088251,20000081
EDF-Periodic,15.740221271254583,11,0.9166666666666666,0.8413704854718621,0.9166666666666666,0.08333333333333337,0.8703411106974399,0.230903157506115,0.0,0.1875,26.503777536768585,20000082
EDF-Periodic,12.897731244985309,9,0.75,0.7815707570492915,0.75,0.25,0.792492395434496,0.3019007693765555,0.0,0.1875,24.8518456569235,20000083
EDF-Periodic,12.577378139197148,9,0.75,0.707291225179486,0.75,0.25,0.7816709756421426,0.2824212158746184,0.0,0.1875,22.27290338975597,20000084
EDF-Periodic,9.694766447634633,7,0.5833333333333334,0.5810834470633229,0.6666666666666666,0.41666666666666663,0.8078735415123749,0.325562828831849,0.0,0.1875,23.5367780561941,20000085
EDF-Periodic,9.525307400591014,7,0.5833333333333334,0.557547872034184,0.75,0.41666666666666663,0.8252579073772659,0.3159984783885414,0.0,0.1875,23.668958893703063,20000086
EDF-Periodic,13.10993840396132,9,0.75,0.7715534821314881,0.75,0.25,0.8217799003832233,0.2900638257658312,0.0,0.1875,24.360647595598255,20000087
EDF-Periodic,11.787774296226942,8,0.6666666666666666,0.7172632775167916,0.6666666666666666,0.33333333333333337,0.8306444207040095,0.3146745769245381,0.0,0.1875,24.81028608453457,20000088
EDF-Periodic,10.523084526037632,8,0.6666666666666666,0.6347950750888213,0.75,0.33333333333333337,0.7398852869231073,0.27431787421489606,0.0,0.1875,21.686135200015077,20000089
EDF-Periodic,7.582505131829432,6,0.5,0.5037040016948822,0.75,0.5,0.7541603735277946,0.31033863566202674,0.0,0.1875,22.217481579454347,20000090
EDF-Periodic,10.794838051248336,8,0.6666666666666666,0.6327690003381001,0.75,0.33333333333333337,0.7935428771597767,0.30402278911510444,0.0,0.1875,22.428103574660035,20000091
EDF-Periodic,9.195696288956071,7,0.5833333333333334,0.5012097827396363,0.6666666666666666,0.41666666666666663,0.8110161487382438,0.3040440429260608,0.0,0.1875,22.106148874675082,20000092
EDF-Periodic,13.789252201674026,10,0.8333333333333334,0.7652744841452788,0.8333333333333334,0.16666666666666663,0.7518704204762795,0.24380470789360187,0.0,0.1875,23.279998308787924,20000093
EDF-Periodic,10.722201597354463,8,0.6666666666666666,0.6734036603293527,0.75,0.33333333333333337,0.7597790561807356,0.2945455773962047,0.0,0.1875,21.527740070243045,20000094
EDF-Periodic,7.794712208109296,6,0.5,0.5068259914386565,0.5833333333333334,0.5,0.7788463891655756,0.3400775580878726,0.0,0.1875,21.998350636140493,20000095
EDF-Periodic,12.510190047961931,9,0.75,0.72202539772517,0.75,0.25,0.810392314578515,0.2980527445614796,0.0,0.1875,24.184685870086167,20000096
EDF-Periodic,7.685451702945934,6,0.5,0.5029339999074113,0.6666666666666666,0.5,0.7617528719084331,0.2952660003901211,0.0,0.1875,20.645372708376236,20000097
EDF-Periodic,9.330214985603693,7,0.5833333333333334,0.5557695912218976,0.6666666666666666,0.41666666666666663,0.8191883199576706,0.323489878108209,0.0,0.1875,23.332501712044888,20000098
EDF-Periodic,12.319547947511023,9,0.75,0.628890232770223,0.8333333333333334,0.25,0.842756382812261,0.23661092292962968,0.0,0.1875,24.603339751622435,20000099
EDF-Periodic,12.832602016181688,9,0.75,0.7339701961425413,0.75,0.25,0.8161914291079168,0.31085341556211027,0.0,0.1875,23.01771185151586,20000100
EDF-Periodic,11.030993519368108,8,0.6666666666666666,0.5745695854407624,0.75,0.33333333333333337,0.8441111765252144,0.3038117320923877,0.0,0.1875,24.451435976981628,20000101
EDF-Periodic,11.703467251436514,9,0.75,0.6505418831518992,0.75,0.25,0.7803261079804326,0.2594277974829382,0.0,0.1875,22.984898825934987,20000102
EDF-Periodic,11.06847174689029,8,0.6666666666666666,0.7191376456812987,0.6666666666666666,0.33333333333333337,0.7670508968525973,0.28930958109667,0.0,0.1875,22.619496814689278,20000103
EDF-Periodic,9.268542840841512,7,0.5833333333333334,0.5975040162761184,0.6666666666666666,0.41666666666666663,0.7655333305903967,0.2897834154991792,0.0,0.1875,22.218700339346658,20000104
EDF-Periodic,15.747280507497393,11,0.9166666666666666,0.8763481396211382,0.9166666666666666,0.08333333333333337,0.8193227681013958,0.28752384189015484,0.0,0.1875,24.118201268743487,20000105
EDF-Periodic,8.235090057516585,6,0.5,0.5750249687386356,0.6666666666666666,0.5,0.7755787000367174,0.3121590884663166,0.0,0.1875,22.66971409867052,20000106
EDF-Periodic,12.200861362549594,9,0.75,0.728328056869703,0.75,0.25,0.790708731371709,0.2997853687412774,0.0,0.1875,23.134122966002717,20000107
EDF-Periodic,14.132131374867711,10,0.8333333333333334,0.8266793192831409,0.8333333333333334,0.16666666666666663,0.8228601178082394,0.29186712009837595,0.0,0.1875,24.28791307529256,20000108
EDF-Periodic,4.307462468777768,4,0.3333333333333333,0.34472629521556103,0.5833333333333334,0.6666666666666667,0.7473473467025524,0.33127916175730787,0.0,0.1875,21.767328634441817,20000109
EDF-Periodic,6.685216926558793,5,0.4166666666666667,0.513687715003755,0.6666666666666666,0.5833333333333333,0.7766554471055328,0.3372567575520717,0.0,0.1875,22.49242080340573,20000110
EDF-Periodic,10.835042472423359,8,0.6666666666666666,0.664500382386102,0.6666666666666666,0.33333333333333337,0.7848888967230669,0.2803645864339592,0.0,0.1875,22.12623542588926,20000111
EDF-Periodic,12.025874749446013,8,0.6666666666666666,0.6956609569272469,0.6666666666666666,0.33333333333333337,0.8505068242959557,0.3377090364305615,0.0,0.1875,24.37166343024391,20000112
EDF-Periodic,11.93659961346716,9,0.75,0.6249831648340527,0.8333333333333334,0.25,0.766083758632519,0.24318529698465133,0.0,0.1875,23.539096468100077,20000113
EDF-Periodic,6.010901199972011,5,0.4166666666666667,0.46744689425099434,0.5833333333333334,0.5833333333333333,0.7117429864224297,0.33933986337052113,0.0,0.1875,20.10449247935243,20000114
EDF-Periodic,7.888430374502944,6,0.5,0.46946935879526536,0.75,0.5,0.8108916915710244,0.31641610411532944,0.0,0.1875,23.43546586613216,20000115
EDF-Periodic,11.116950004923465,8,0.6666666666666666,0.6810973471240886,0.8333333333333334,0.33333333333333337,0.8182753190925881,0.27690462266445737,0.0,0.1875,25.340554926404803,20000116
EDF-Periodic,5.975142633404417,5,0.4166666666666667,0.49575601713461664,0.6666666666666666,0.5833333333333333,0.763566871648678,0.32022393066974725,0.0,0.1875,22.513300955674634,20000117
EDF-Periodic,9.121653654549052,7,0.5833333333333334,0.5218106970859104,0.75,0.41666666666666663,0.7914559455556315,0.2847778624600297,0.0,0.1875,22.849874837531754,20000118
EDF-Periodic,9.96188189033771,7,0.5833333333333334,0.5744087126669053,0.75,0.41666666666666663,0.8002887292413806,0.29742125871685965,0.0,0.1875,24.13789118320404,20000119
EDF-Periodic,9.72228812440254,7,0.5833333333333334,0.6179201698659511,0.6666666666666666,0.41666666666666663,0.8281309214265761,0.3153263202203187,0.0,0.1875,23.304835109685126,20000120
EDF-Periodic,4.037581412857807,4,0.3333333333333333,0.3252215051181244,0.5833333333333334,0.6666666666666667,0.7001113812087492,0.3351162259821476,0.0,0.1875,19.49597394550159,20000121
EDF-Periodic,9.2542933089372,7,0.5833333333333334,0.6570521955973244,0.5833333333333334,0.41666666666666663,0.7412118763142465,0.30285960551581104,0.0,0.1875,20.79087605039349,20000122
EDF-Periodic,14.116976487533078,10,0.8333333333333334,0.8160990584281389,0.8333333333333334,0.16666666666666663,0.8148961653828822,0.2852391048375258,0.0,0.1875,23.54663900098216,20000123
EDF-Periodic,10.917456327628786,8,0.6666666666666666,0.7331181344453338,0.75,0.33333333333333337,0.796285585984133,0.30763877635448555,0.0,0.1875,23.39962939431075,20000124
EDF-Periodic,13.615754406418693,10,0.8333333333333334,0.715135728521314,0.8333333333333334,0.16666666666666663,0.8205003634281257,0.26079415039378323,0.0,0.1875,24.26553872211957,20000125
EDF-Periodic,9.38113463297423,7,0.5833333333333334,0.5474633024914225,0.6666666666666666,0.41666666666666663,0.7424714903602712,0.32148833962773454,0.0,0.1875,22.255161525947855,20000126
EDF-Periodic,8.051115616720836,6,0.5,0.5494398841024303,0.6666666666666666,0.5,0.793268907085924,0.3143449752599928,0.0,0.1875,22.676593794781386,20000127
EDF-Periodic,11.974439783902747,9,0.75,0.7092200671302683,0.75,0.25,0.7594920262214467,0.28052079450960077,0.0,0.1875,22.78526392313307,20000128
EDF-Periodic,12.736394224493102,9,0.75,0.7298769834354666,0.75,0.25,0.7766658248391248,0.3035163760860172,0.0,0.1875,22.090985561232763,20000129
EDF-Periodic,10.855278783663172,8,0.6666666666666666,0.6435488276911482,0.75,0.33333333333333337,0.8039923890535952,0.28721564641363456,0.0,0.1875,22.08735691532428,20000130
EDF-Periodic,9.213974357710834,7,0.5833333333333334,0.5308728990000914,0.6666666666666666,0.41666666666666663,0.8048624803949217,0.2943809511021593,0.0,0.1875,22.60622918001924,20000131
EDF-Periodic,14.269347226169156,10,0.8333333333333334,0.7608104880653516,0.8333333333333334,0.16666666666666663,0.7887564510749208,0.2583103965019877,0.0,0.1875,23.83863519276005,20000132
EDF-Periodic,15.699309200729818,11,0.9166666666666666,0.8461341642680034,0.9166666666666666,0.08333333333333337,0.8170297906001055,0.24305309081118623,0.0,0.1875,23.99827300182454,20000133
EDF-Periodic,7.631514125477507,6,0.5,0.4807510563114491,0.75,0.5,0.7744166361283895,0.28960303768228735,0.0,0.1875,22.89090778605809,20000134
EDF-Periodic,14.513287627938697,10,0.8333333333333334,0.7522471245014789,0.8333333333333334,0.16666666666666663,0.8969729916546841,0.2993023420787029,0.0,0.1875,26.709045101772407,20000135
EDF-Periodic,12.303809301744284,9,0.75,0.6845719862368844,0.75,0.25,0.8206137374113037,0.2859776666928513,0.0,0.1875,23.85397408840871,20000136
EDF-Periodic,14.190712209581344,10,0.8333333333333334,0.744723640314481,0.8333333333333334,0.16666666666666663,0.8090584644708994,0.25607024141428875,0.0,0.1875,22.976780523953355,20000137
EDF-Periodic,4.104437862781427,4,0.3333333333333333,0.3731971054447636,0.5833333333333334,0.6666666666666667,0.7356824438516737,0.3319266688981129,0.0,0.1875,20.670316637133357,20000138
EDF-Periodic,9.024363955878052,7,0.5833333333333334,0.5555550011830332,0.75,0.41666666666666663,0.7554866164874957,0.2770475403022088,0.0,0.1875,20.790239404640726,20000139
EDF-Periodic,12.030567905145798,9,0.75,0.8054813452896769,0.75,0.25,0.7864385808784125,0.266345935692928,0.0,0.1875,21.868243691060815,20000140
EDF-Periodic,8.672482509058492,6,0.5,0.6127454570347426,0.6666666666666666,0.5,0.7781521599789323,0.324772511226641,0.0,0.1875,22.30829040833134,20000141
EDF-Periodic,11.058854517540418,8,0.6666666666666666,0.6791585618710888,0.6666666666666666,0.33333333333333337,0.7242391526424594,0.32816446128084004,0.0,0.1875,21.281372886644874,20000142
EDF-Periodic,7.539960417814003,6,0.5,0.46519347432582947,0.5833333333333334,0.5,0.745816124546732,0.3183166982835073,0.0,0.1875,21.1744609232125,20000143
EDF-Periodic,14.498258028748612,10,0.8333333333333334,0.8114912411891161,0.8333333333333334,0.16666666666666663,0.8358073882050249,0.2855362199633738,0.0,0.1875,25.154434401322966,20000144
EDF-Periodic,10.569374153129287,8,0.6666666666666666,0.6738202930599478,0.6666666666666666,0.33333333333333337,0.8013813223390013,0.2987951061859841,0.0,0.1875,22.463221978721492,20000145
EDF-Periodic,8.919600592678787,7,0.5833333333333334,0.5207537373942214,0.6666666666666666,0.41666666666666663,0.7664177930705861,0.276362163324493,0.0,0.1875,22.72210128289461,20000146
EDF-Periodic,9.138551045276953,7,0.5833333333333334,0.5823801740249387,0.75,0.41666666666666663,0.7458530328037005,0.27909286337567885,0.0,0.1875,21.24992237617763,20000147
EDF-Periodic,9.355309716456578,7,0.5833333333333334,0.5794787318371264,0.6666666666666666,0.41666666666666663,0.7784335734375759,0.30375666044751326,0.0,0.1875,23.185124761889202,20000148
EDF-Periodic,12.805118740390705,9,0.75,0.7263445471429958,0.75,0.25,0.8690219747900029,0.3020533009421293,0.0,0.1875,24.93115271045363,20000149
EDF-Periodic,12.268459324948305,9,0.75,0.7149592573026415,0.75,0.25,0.7660775583458368,0.2804062878285016,0.0,0.1875,22.407073318584988,20000150
EDF-Periodic,12.590809396493958,9,0.75,0.7551179197896806,0.8333333333333334,0.25,0.814864604089923,0.2699424076508989,0.0,0.1875,23.574414561439912,20000151
EDF-Periodic,4.675293300829456,4,0.3333333333333333,0.40811667213769726,0.6666666666666666,0.6666666666666667,0.7559550682368243,0.33532866021421154,0.0,0.1875,20.831800041224124,20000152
EDF-Periodic,14.849757528653836,10,0.8333333333333334,0.8515469109309606,0.8333333333333334,0.16666666666666663,0.8164224509145219,0.2891422944954784,0.0,0.1875,24.62439382163459,20000153
EDF-Periodic,14.393941206641596,10,0.8333333333333334,0.7907854490987808,0.8333333333333334,0.16666666666666663,0.8755778061547727,0.2788812439133987,0.0,0.1875,24.305332235825137,20000154
EDF-Periodic,9.254445854454323,7,0.5833333333333334,0.6044590830839204,0.6666666666666666,0.41666666666666663,0.7501211397966303,0.29137221587746653,0.0,0.1875,22.09651357169986,20000155
EDF-Periodic,11.134639756372174,8,0.6666666666666666,0.68155853956262,0.6666666666666666,0.33333333333333337,0.7738140232008174,0.3350372489279356,0.0,0.1875,21.469294602561238,20000156
EDF-Periodic,7.546631955051101,6,0.5,0.4645839011915167,0.75,0.5,0.8110421980623443,0.31217738631108155,0.0,0.1875,23.863613607943257,20000157
EDF-Periodic,11.585159289001522,8,0.6666666666666666,0.69987598043327,0.75,0.33333333333333337,0.8289747144310562,0.30874808648429986,0.0,0.1875,22.882404017387135,20000158
EDF-Periodic,4.646362796978301,4,0.3333333333333333,0.42573618777567274,0.5833333333333334,0.6666666666666667,0.754062328373422,0.3402482312470367,0.0,0.1875,21.305171943984373,20000159
EDF-Periodic,10.876021293011389,8,0.6666666666666666,0.640259152674685,0.75,0.33333333333333337,0.7928440688163558,0.28880207211597014,0.0,0.1875,24.119889292008555,20000160
EDF-Periodic,14.2298077477036,10,0.8333333333333334,0.8362554007243759,0.8333333333333334,0.16666666666666663,0.7861271598842352,0.2825096544476704,0.0,0.1875,23.074519369259,20000161
EDF-Periodic,5.860577676898711,5,0.4166666666666667,0.39193578762857045,0.6666666666666666,0.5833333333333333,0.7469391655336626,0.31835022405684354,0.0,0.1875,20.629466028293763,20000162
EDF-Periodic,14.724307330573376,10,0.8333333333333334,0.7958539887835746,0.8333333333333334,0.16666666666666663,0.7897956319372245,0.274684173920219,0.0,0.1875,24.310768326433447,20000163
EDF-Periodic,9.654319007792505,7,0.5833333333333334,0.5443497317450668,0.6666666666666666,0.41666666666666663,0.791363707830952,0.3055554897353774,0.0,0.1875,22.57151191579161,20000164
EDF-Periodic,13.781529492117311,10,0.8333333333333334,0.7647603172304964,0.8333333333333334,0.16666666666666663,0.8396775241532041,0.2743001775097759,0.0,0.1875,23.911174834256155,20000165
EDF-Periodic,11.38841945997354,8,0.6666666666666666,0.6949974291421073,0.75,0.33333333333333337,0.8326725964221442,0.32066729947099354,0.0,0.1875,24.009212223566138,20000166
EDF-Periodic,12.5307816469554,9,0.75,0.7542713398634269,0.8333333333333334,0.25,0.7932359654317169,0.25780735386707615,0.0,0.1875,23.752447840799817,20000167
EDF-Periodic,7.435459649761949,6,0.5,0.47085306833085167,0.6666666666666666,0.5,0.7501867702858661,0.31452704788368907,0.0,0.1875,20.933193152057637,20000168
EDF-Periodic,12.87863591790521,9,0.75,0.7891397905821587,0.75,0.25,0.8150125214484154,0.2998161920498266,0.0,0.1875,23.740709752197844,20000169
EDF-Periodic,7.900958019146735,6,0.5,0.5660601819063473,0.5833333333333334,0.5,0.7584247223445617,0.3206835142330901,0.0,0.1875,21.057229607241997,20000170
EDF-Periodic,14.200373728230938,10,0.8333333333333334,0.8017049442099268,0.8333333333333334,0.16666666666666663,0.8232086599091121,0.2713795475029307,0.0,0.1875,24.46808462534021,20000171
EDF-Periodic,14.361196690568967,10,0.8333333333333334,0.839400579894181,0.8333333333333334,0.16666666666666663,0.8429781925241843,0.29191657883505623,0.0,0.1875,24.837108012490635,20000172
EDF-Periodic,13.10329177844067,9,0.75,0.6797649621842211,0.8333333333333334,0.25,0.8240690147415237,0.2820439104564021,0.0,0.1875,25.221052116565605,20000173
EDF-Periodic,14.496493768200938,10,0.8333333333333334,0.7780916426325999,0.8333333333333334,0.16666666666666663,0.852655494678546,0.2788668663081801,0.0,0.1875,25.19420492388707,20000174
EDF-Periodic,8.802510255405618,7,0.5833333333333334,0.5662706587903871,0.6666666666666666,0.41666666666666663,0.7452564292175937,0.29243252029577543,0.0,0.1875,21.580980013871375,20000175
EDF-Periodic,12.657279063284246,9,0.75,0.6820195265876515,0.8333333333333334,0.25,0.8036463399936739,0.28715705065982805,0.0,0.1875,24.616483993866527,20000176
EDF-Periodic,12.790462070992215,9,0.75,0.7575478385694682,0.75,0.25,0.8285520116473006,0.27138181200194095,0.0,0.1875,24.467072264530763,20000177
EDF-Periodic,11.352001747638013,8,0.6666666666666666,0.6709308661973628,0.75,0.33333333333333337,0.8253733228875615,0.296735971399711,0.0,0.1875,24.656501554611012,20000178
EDF-Periodic,6.046887553853917,5,0.4166666666666667,0.4088707184579637,0.75,0.5833333333333333,0.8300679737228215,0.28265298769766195,0.0,0.1875,23.97570589674576,20000179
EDF-Periodic,9.644570008609223,7,0.5833333333333334,0.5317735663090855,0.75,0.41666666666666663,0.7958900540150592,0.28535135859684463,0.0,0.1875,23.7597043687669,20000180
EDF-Periodic,12.824560622617552,9,0.75,0.8616124737335094,0.75,0.25,0.8114328684933104,0.31284653735793133,0.0,0.1875,22.31140155654388,20000181
EDF-Periodic,11.600515423810567,8,0.6666666666666666,0.7105948657828015,0.6666666666666666,0.33333333333333337,0.7916227249395966,0.32527658114972713,0.0,0.1875,22.6005152350707,20000182
EDF-Periodic,5.311288301484323,5,0.4166666666666667,0.35036687656656407,0.5833333333333334,0.5833333333333333,0.7463579266104686,0.3080213155944565,0.0,0.1875,21.60667528268476,20000183
EDF-Periodic,5.694133644652668,5,0.4166666666666667,0.43718180064355383,0.6666666666666666,0.5833333333333333,0.7409312510990537,0.30777892409296764,0.0,0.1875,21.017260413483548,20000184
EDF-Periodic,11.555726488615395,8,0.6666666666666666,0.791106989958855,0.6666666666666666,0.33333333333333337,0.797556727377637,0.30752043495973574,0.0,0.1875,22.55560128515599,20000185
EDF-Periodic,10.59153746341778,8,0.6666666666666666,0.6279196500660369,0.75,0.33333333333333337,0.8092881534573632,0.25476790810152067,0.0,0.1875,23.872769569188097,20000186
EDF-Periodic,9.58261663597877,7,0.5833333333333334,0.592216699852108,0.5833333333333334,0.41666666666666663,0.7929782710826659,0.3361627874326231,0.0,0.1875,22.311927481461094,20000187
EDF-Periodic,14.617664789857736,10,0.8333333333333334,0.7921594296634855,0.8333333333333334,0.16666666666666663,0.8524567005062451,0.28618433178680464,0.0,0.1875,24.741421656969273,20000188
EDF-Periodic,5.941618082772224,5,0.4166666666666667,0.440205155968784,0.6666666666666666,0.5833333333333333,0.7398009239537485,0.31289899324463405,0.0,0.1875,21.101715177071984,20000189
EDF-Periodic,14.30329614596102,10,0.8333333333333334,0.7798878496221773,0.8333333333333334,0.16666666666666663,0.839587429867198,0.2918819265208423,0.0,0.1875,23.9648819016924,20000190
EDF-Periodic,16.25699965658639,12,1.0,1.0,1.0,0.0,0.8555335450625666,0.19440095379556296,0.0,0.2916666666666667,22.64249914146598,20000191
EDF-Periodic,11.770462589317846,8,0.6666666666666666,0.7214023789716334,0.8333333333333334,0.33333333333333337,0.8302355114147685,0.3190909416246294,0.0,0.1875,24.896668587416755,20000192
EDF-Periodic,11.897715164134192,8,0.6666666666666666,0.7158778541753945,0.75,0.33333333333333337,0.8677049961548193,0.30598057977075105,0.0,0.1875,26.21616668740298,20000193
EDF-Periodic,11.60668282200245,8,0.6666666666666666,0.7144932488662545,0.6666666666666666,0.33333333333333337,0.7915503718126512,0.33460356152692294,0.0,0.1875,22.55838715367215,20000194
EDF-Periodic,12.437244335026136,9,0.75,0.6496821936863892,0.75,0.25,0.7921683179426454,0.29350002701376826,0.0,0.1875,23.633984853018532,20000195
EDF-Periodic,11.254624120896608,8,0.6666666666666666,0.7323458887354033,0.6666666666666666,0.33333333333333337,0.8302323540253173,0.2989080520641758,0.0,0.1875,23.081158401890363,20000196
EDF-Periodic,8.082640934541228,6,0.5,0.5081368564294803,0.75,0.5,0.7882720940845163,0.29499671578530434,0.0,0.1875,23.084241834289976,20000197
EDF-Periodic,12.755616057969334,9,0.75,0.7322132776345226,0.75,0.25,0.7726690337928949,0.28652926223060493,0.0,0.1875,22.812716885496968,20000198
EDF-Periodic,9.385419563228744,7,0.5833333333333334,0.5262222817111463,0.75,0.41666666666666663,0.7734397342784592,0.30349010442660534,0.0,0.1875,22.335013107629305,20000199
EDF-Periodic,9.671108609201521,7,0.5833333333333334,0.6287431141999446,0.6666666666666666,0.41666666666666663,0.8180385758774618,0.31473987736556874,0.0,0.1875,23.52484641686638,20000200
EDF-Periodic,9.343904299852891,7,0.5833333333333334,0.5374234023764888,0.6666666666666666,0.41666666666666663,0.7545070567836785,0.2913608398762822,0.0,0.1875,21.75932547912675,20000201
EDF-Periodic,9.90245293417589,7,0.5833333333333334,0.6287155031007516,0.75,0.41666666666666663,0.7939543545107854,0.33379470018377305,0.0,0.1875,23.019378128370615,20000202
EDF-Periodic,14.504567443568849,10,0.8333333333333334,0.8782891599329655,0.8333333333333334,0.16666666666666663,0.8093147207602565,0.30294374106093214,0.0,0.1875,23.761418608922128,20000203
EDF-Periodic,11.033225129119282,8,0.6666666666666666,0.6062392801103398,0.75,0.33333333333333337,0.7742173443952267,0.2765924764808631,0.0,0.1875,22.46827384710332,20000204
EDF-Periodic,14.641278408372555,10,0.8333333333333334,0.8918850617644597,0.8333333333333334,0.16666666666666663,0.8283584217081769,0.25794788796421525,0.0,0.1875,24.803346693109816,20000205
EDF-Periodic,2.626198981078019,3,0.25,0.31850326557226194,0.5,0.75,0.740863784650609,0.3617262684338833,0.0,0.1875,20.158234724948667,20000206
EDF-Periodic,5.966319058543268,5,0.4166666666666667,0.3992565033487488,0.6666666666666666,0.5833333333333333,0.7702416071765804,0.30892833541854464,0.0,0.1875,23.014850515185277,20000207
EDF-Periodic,7.81505011899239,6,0.5,0.5037194430997806,0.6666666666666666,0.5,0.8001817413737892,0.30153635442562465,0.0,0.1875,22.95401815156849,20000208
EDF-Periodic,9.542567923423192,7,0.5833333333333334,0.5833697560107336,0.6666666666666666,0.41666666666666663,0.8093421582025139,0.29155307502265637,0.0,0.1875,22.37164047240776,20000209
EDF-Periodic,15.868377390428872,11,0.9166666666666666,0.8964834784118206,0.9166666666666666,0.08333333333333337,0.8649949847708981,0.22978902264685505,0.0,0.1875,25.05213539753119,20000210
EDF-Periodic,6.07037369725242,5,0.4166666666666667,0.46998834781578247,0.75,0.5833333333333333,0.7398561961050042,0.290132084481503,0.0,0.1875,22.080508906705727,20000211
EDF-Periodic,14.440179470603189,10,0.8333333333333334,0.8778787938515089,0.8333333333333334,0.16666666666666663,0.8109953272879468,0.26767841083712335,0.0,0.1875,25.116014923876868,20000212
EDF-Periodic,13.961846897697816,10,0.8333333333333334,0.7255036175628686,0.8333333333333334,0.16666666666666663,0.8438148256046181,0.2602753670640868,0.0,0.1875,25.34197369080651,20000213
EDF-Periodic,10.574597607593505,8,0.6666666666666666,0.5977643379552421,0.6666666666666666,0.33333333333333337,0.7300679914880597,0.3019976579474099,0.0,0.1875,21.931798505962174,20000214
EDF-Periodic,11.355941841686526,8,0.6666666666666666,0.675849988114938,0.6666666666666666,0.33333333333333337,0.8382540018822469,0.32782911380536556,0.0,0.1875,23.89417372961407,20000215
EDF-Periodic,6.195722822844887,5,0.4166666666666667,0.4744913523188409,0.75,0.5833333333333333,0.7717896533330414,0.29667948869063676,0.0,0.1875,22.5926742607536,20000216
EDF-Periodic,14.131483978878714,10,0.8333333333333334,0.7466153244720782,0.9166666666666666,0.16666666666666663,0.8811162623373114,0.24214473435471784,0.0,0.1875,24.640645864462716,20000217
EDF-Periodic,8.727601023120375,7,0.5833333333333334,0.5430413987042293,0.75,0.41666666666666663,0.7635679254005581,0.29449350088281523,0.0,0.1875,21.84792555061125,20000218
EDF-Periodic,7.577620456241359,6,0.5,0.5698309435821654,0.6666666666666666,0.5,0.752907454840155,0.313612077657681,0.0,0.1875,21.857163700486492,20000219
EDF-Periodic,12.252694316974939,9,0.75,0.6588835295684214,0.8333333333333334,0.25,0.7582290807180115,0.24279821624309883,0.0,0.1875,23.091464995243005,20000220
EDF-Periodic,14.100186126036967,10,0.8333333333333334,0.7885939790903718,0.8333333333333334,0.16666666666666663,0.8570562933048573,0.25533425833064577,0.0,0.1875,24.97956434948593,20000221
EDF-Periodic,14.338527814439878,10,0.8333333333333334,0.784333682100492,0.8333333333333334,0.16666666666666663,0.812914579811566,0.2709636034692627,0.0,0.1875,24.38278471858117,20000222
EDF-Periodic,14.469634124349422,10,0.8333333333333334,0.8284387858075574,0.8333333333333334,0.16666666666666663,0.8280661830848214,0.29403817560457046,0.0,0.1875,23.674085310873554,20000223
EDF-Periodic,7.777199625578435,6,0.5,0.5372257447152037,0.6666666666666666,0.5,0.790953037386087,0.2884299957232848,0.0,0.1875,23.375531285460053,20000224
EDF-Periodic,14.50913580217971,10,0.8333333333333334,0.8441171358638737,0.8333333333333334,0.16666666666666663,0.8400541302641694,0.3011837196111318,0.0,0.1875,24.452084811667113,20000225
EDF-Periodic,13.412592386062428,9,0.75,0.7635404579498282,0.75,0.25,0.8209305864864261,0.28966766384702564,0.0,0.1875,24.34178009912595,20000226
EDF-Periodic,8.46044788474473,6,0.5,0.6302901364714083,0.8333333333333334,0.5,0.8285889488243217,0.2914401742131664,0.0,0.1875,24.454171745092363,20000227
EDF-Periodic,9.287255648090897,7,0.5833333333333334,0.5458094243403838,0.8333333333333334,0.41666666666666663,0.819299496126102,0.2844818720927145,0.0,0.1875,24.041107536785287,20000228
EDF-Periodic,7.940519746930324,6,0.5,0.5088503114084207,0.6666666666666666,0.5,0.8580558379905577,0.29115286317685996,0.0,0.1875,24.77678957483249,20000229
EDF-Periodic,9.306627417499406,7,0.5833333333333334,0.47269354173202477,0.8333333333333334,0.41666666666666663,0.8302701738093637,0.2707845418693912,0.0,0.1875,24.459902583515913,20000230
EDF-Periodic,13.17389586292127,9,0.75,0.8329664406560201,0.75,0.25,0.8167608279115671,0.32128335068684005,0.0,0.1875,23.184739657303176,20000231
EDF-Periodic,5.864812772750542,5,0.4166666666666667,0.4869133394393966,0.5,0.5833333333333333,0.6990811646227618,0.3382831868792621,0.0,0.1875,19.01928595897863,20000232
EDF-Periodic,12.786644640302072,9,0.75,0.7063821890014268,0.75,0.25,0.7711993733261737,0.27161588827003436,0.0,0.1875,24.099149473574776,20000233
EDF-Periodic,9.028086672240482,7,0.5833333333333334,0.5085069564101389,0.6666666666666666,0.41666666666666663,0.7324533915909796,0.27944017306053903,0.0,0.1875,21.059660173720033,20000234
EDF-Periodic,12.003716906265483,9,0.75,0.7490796985393128,0.75,0.25,0.7351862025824293,0.2689809541557298,0.0,0.1875,22.496304969913073,20000235
EDF-Periodic,16.2768168470512,11,0.9166666666666666,0.8662887027745553,0.9166666666666666,0.08333333333333337,0.877703812285498,0.2616597498565026,0.0,0.1875,26.154265228501604,20000236
EDF-Periodic,7.807747098367388,6,0.5,0.4555535125379535,0.6666666666666666,0.5,0.8165006930417776,0.3089890883931971,0.0,0.1875,23.387978996969302,20000237
EDF-Periodic,13.028074523090691,9,0.75,0.7219178513079578,0.75,0.25,0.8319217006739527,0.30027249924419425,0.0,0.1875,24.851574012340876,20000238
EDF-Periodic,8.356457035999586,6,0.5,0.6057220246989158,0.5833333333333334,0.5,0.8213382347351214,0.3418592020703652,0.0,0.1875,23.689204232378575,20000239
EDF-Periodic,11.331137581185159,8,0.6666666666666666,0.6604717442374335,0.6666666666666666,0.33333333333333337,0.793749561025659,0.3318682093102003,0.0,0.1875,22.494391433893504,20000240
EDF-Periodic,11.54647958477178,8,0.6666666666666666,0.6963720649108635,0.6666666666666666,0.33333333333333337,0.7950483969060566,0.3403137980083004,0.0,0.1875,22.49559918180293,20000241
EDF-Periodic,15.375908326087139,11,0.9166666666666666,0.9481205041778565,0.9166666666666666,0.08333333333333337,0.8509443467765729,0.2513842946423654,0.0,0.1875,23.9753920484743,20000242
EDF-Periodic,9.947747486314654,7,0.5833333333333334,0.6038452595899048,0.6666666666666666,0.41666666666666663,0.763435591256187,0.31993903306919824,0.0,0.1875,22.39705638412786,20000243
EDF-Periodic,14.802515975113199,10,0.8333333333333334,0.8475478319947377,0.8333333333333334,0.16666666666666663,0.8468799951073706,0.27825691382602397,0.0,0.1875,25.968979860519184,20000244
EDF-Periodic,10.072607265242837,7,0.5833333333333334,0.6399247100960728,0.75,0.41666666666666663,0.8117302993402982,0.3046995665691852,0.0,0.1875,23.74984927144673,20000245
EDF-Periodic,12.806966611413673,9,0.75,0.7145560623066938,0.8333333333333334,0.25,0.8524812978340758,0.29041196271739594,0.0,0.1875,24.384034819441027,20000246
EDF-Periodic,8.170466491057722,6,0.5,0.5672162598304026,0.75,0.5,0.8161203546130654,0.31204512040405646,0.0,0.1875,23.76152079956296,20000247
EDF-Periodic,17.695278836533717,12,1.0,1.0,1.0,0.0,0.887229514151174,0.2396434768924537,0.0,0.1875,26.23819709133429,20000248
EDF-Periodic,11.677974433994294,8,0.6666666666666666,0.68744003623384,0.75,0.33333333333333337,0.8219316514790069,0.3288773261810279,0.0,0.1875,24.48281951616433,20000249
EDF-Periodic,14.240990962533308,10,0.8333333333333334,0.8109729697291113,0.8333333333333334,0.16666666666666663,0.8346561430928706,0.27969962074167043,0.0,0.1875,23.83841861573866,20000250
EDF-Periodic,14.232857284842277,10,0.8333333333333334,0.7603877843715761,0.8333333333333334,0.16666666666666663,0.8375799651160768,0.25588723130059055,0.0,0.1875,25.07587677840897,20000251
EDF-Periodic,14.117374842543025,10,0.8333333333333334,0.7830788680752605,0.8333333333333334,0.16666666666666663,0.8266739480793402,0.2653363284224765,0.0,0.1875,23.536318709733134,20000252
EDF-Periodic,12.771371453669463,9,0.75,0.6685895388534584,0.75,0.25,0.7890069178329968,0.2594318918872404,0.0,0.1875,22.792916415078647,20000253
EDF-Periodic,6.573009566054658,5,0.4166666666666667,0.5120172373775622,0.6666666666666666,0.5833333333333333,0.8249755482121545,0.35308160497255775,0.0,0.1875,23.09319478153867,20000254
EDF-Periodic,7.680031312393927,6,0.5,0.46523881278345974,0.6666666666666666,0.5,0.7792302566114548,0.3139104730360629,0.0,0.1875,22.54194789995119,20000255
EDF-Periodic,7.8014621239744955,6,0.5,0.47800342332843077,0.6666666666666666,0.5,0.8176129033058591,0.30012847314829194,0.0,0.1875,21.912356928624398,20000256
EDF-Periodic,12.113915812452694,9,0.75,0.6729462760410914,0.75,0.25,0.7780756648338207,0.27411926370212625,0.0,0.1875,22.581343717820104,20000257
EDF-Periodic,10.743120761397906,8,0.6666666666666666,0.7053679402649007,0.6666666666666666,0.33333333333333337,0.753203432433413,0.3103580879891481,0.0,0.1875,21.808842109253305,20000258
EDF-Periodic,11.114044303342846,8,0.6666666666666666,0.7275501888853666,0.6666666666666666,0.33333333333333337,0.7675698000489423,0.33065958578737703,0.0,0.1875,22.840401812112624,20000259
EDF-Periodic,11.346637959487193,8,0.6666666666666666,0.6413279338928793,0.6666666666666666,0.33333333333333337,0.791931730357144,0.3214580645720448,0.0,0.1875,23.234272475315123,20000260
EDF-Periodic,10.108159000466971,7,0.5833333333333334,0.6308993227353757,0.5833333333333334,0.41666666666666663,0.8296199267649026,0.37454902573201476,0.0,0.1875,23.48039571460881,20000261
EDF-Periodic,6.489894174480763,5,0.4166666666666667,0.46215219473738334,0.75,0.5833333333333333,0.8197581604867815,0.3339411994405406,0.0,0.1875,23.0413953604924,20000262
EDF-Periodic,12.210146721944366,9,0.75,0.7103567251644397,0.8333333333333334,0.25,0.7835708127657178,0.24609152704950876,0.0,0.1875,22.85508951534362,20000263
EDF-Periodic,6.425356083055937,5,0.4166666666666667,0.5306540042747796,0.5833333333333334,0.5833333333333333,0.7653828709514175,0.3492902696047528,0.0,0.1875,21.822262691155885,20000264
EDF-Periodic,13.938446494677825,10,0.8333333333333334,0.8733650083305914,0.8333333333333334,0.16666666666666663,0.7575865465479253,0.2463128071750779,0.0,0.1875,22.34611623669456,20000265
EDF-Periodic,13.563072206616956,10,0.8333333333333334,0.7249622738955646,0.8333333333333334,0.16666666666666663,0.8512073318378924,0.25730924393403537,0.0,0.1875,24.209634640881042,20000266
EDF-Periodic,9.945856125442369,7,0.5833333333333334,0.6203647345839471,0.5833333333333334,0.41666666666666663,0.7666518512593495,0.34366588067738874,0.0,0.1875,21.933916510466464,20000267
EDF-Periodic,7.600304456305906,6,0.5,0.504347832946877,0.6666666666666666,0.5,0.7756465459600855,0.31522377561181797,0.0,0.1875,21.959085764149187,20000268
EDF-Periodic,11.45441488291033,8,0.6666666666666666,0.6449739198200697,0.75,0.33333333333333337,0.8424582944143464,0.28964177445903744,0.0,0.1875,24.283509902099173,20000269
EDF-Periodic,7.621930656226494,6,0.5,0.5668493697013,0.6666666666666666,0.5,0.7789423958327104,0.28311163873514983,0.0,0.1875,22.94881491731823,20000270
EDF-Periodic,13.167442786005335,9,0.75,0.7559446353766065,0.8333333333333334,0.25,0.8422380957748814,0.275685167135458,0.0,0.1875,24.6338935559371,20000271
EDF-Periodic,14.448379448504056,10,0.8333333333333334,0.8383850774114807,0.8333333333333334,0.16666666666666663,0.7833094206889121,0.25153346146010813,0.0,0.1875,23.620948621260148,20000272
EDF-Periodic,16.44762091696536,11,0.9166666666666666,0.85667081478089,0.9166666666666666,0.08333333333333337,0.8572253064804642,0.25900627959228817,0.0,0.1875,26.398568890546482,20000273
EDF-Periodic,9.412217599924388,7,0.5833333333333334,0.558068816977794,0.75,0.41666666666666663,0.8036264633363555,0.31593977657620637,0.0,0.1875,23.154513887906713,20000274
EDF-Periodic,14.060489935473779,10,0.8333333333333334,0.8044388834784307,0.8333333333333334,0.16666666666666663,0.8056250819198091,0.2863455100526191,0.0,0.1875,23.300884279148597,20000275
EDF-Periodic,13.129004172044146,9,0.75,0.7207451088925269,0.75,0.25,0.7946104453713554,0.2765613764835702,0.0,0.1875,23.07251043011037,20000276
EDF-Periodic,12.80272186573597,9,0.75,0.7089372617440713,0.75,0.25,0.7701071270416469,0.3049112476860898,0.0,0.1875,22.256804664339924,20000277
EDF-Periodic,11.228899147593566,8,0.6666666666666666,0.6894278525570624,0.6666666666666666,0.33333333333333337,0.7331848832282124,0.3340180099593591,0.0,0.1875,21.75842323005999,20000278
EDF-Periodic,10.58944442927974,8,0.6666666666666666,0.6488595433449997,0.6666666666666666,0.33333333333333337,0.7265823224761031,0.294893025562978,0.0,0.1875,22.17308840448754,20000279
EDF-Periodic,15.323823657656137,11,0.9166666666666666,0.9060962330339286,0.9166666666666666,0.08333333333333337,0.8002778293519576,0.2542256894532833,0.0,0.1875,24.46661714287963,20000280
EDF-Periodic,11.050326518515718,8,0.6666666666666666,0.7205834317754534,0.75,0.33333333333333337,0.7867360588129033,0.3060114958014304,0.0,0.1875,22.82110879267629,20000281
EDF-Periodic,7.618204388026109,6,0.5,0.4897799749786871,0.6666666666666666,0.5,0.7969821088168777,0.3177602704196962,0.0,0.1875,22.06501689410901,20000282
EDF-Periodic,15.795460603646791,11,0.9166666666666666,0.8715770698751668,0.9166666666666666,0.08333333333333337,0.8009397116468994,0.2729278062617296,0.0,0.1875,24.238651509116988,20000283
EDF-Periodic,9.74684945363087,7,0.5833333333333334,0.6421099283216893,0.6666666666666666,0.41666666666666663,0.76142592706909,0.3217107176831276,0.0,0.1875,21.682348311928653,20000284
EDF-Periodic,12.542980254108958,9,0.75,0.7104063119800966,0.75,0.25,0.7223686487774706,0.2943865389616754,0.0,0.1875,21.607450635272393,20000285
EDF-Periodic,9.857506141422355,7,0.5833333333333334,0.5428499033065969,0.6666666666666666,0.41666666666666663,0.7784394883104292,0.332272427730687,0.0,0.1875,22.473536527795883,20000286
EDF-Periodic,15.768071431120163,11,0.9166666666666666,0.9443402803084145,0.9166666666666666,0.08333333333333337,0.8209394115810209,0.248898096103505,0.0,0.1875,24.860514625763276,20000287
EDF-Periodic,12.799621020508653,9,0.75,0.8076463584534258,0.75,0.25,0.7955069878067577,0.2784492197916772,0.0,0.1875,22.249052551271642,20000288
EDF-Periodic,10.751214577934858,8,0.6666666666666666,0.7008538094350081,0.75,0.33333333333333337,0.7672313806131398,0.26834118143758295,0.0,0.1875,22.9592363607899,20000289
EDF-Periodic,13.130745876817814,9,0.75,0.709986416104055,0.75,0.25,0.800062876572437,0.29508341234300234,0.0,0.1875,24.27047386367335,20000290
EDF-Periodic,13.796634427696672,10,0.8333333333333334,0.7930565812949211,0.8333333333333334,0.16666666666666663,0.8173750744918321,0.2681128776271225,0.0,0.1875,24.070242804188705,20000291
EDF-Periodic,9.428979664415808,7,0.5833333333333334,0.5946374579722644,0.6666666666666666,0.41666666666666663,0.7749434235977476,0.32318262815316107,0.0,0.1875,22.40064701080992,20000292
EDF-Periodic,12.271108943788414,9,0.75,0.6961697025320529,0.75,0.25,0.7636567189122442,0.29163528256861837,0.0,0.1875,22.70606433319343,20000293
EDF-Periodic,8.345297740160726,6,0.5,0.5392220955195223,0.6666666666666666,0.5,0.7794295749831127,0.3340287235323631,0.0,0.1875,23.087045080451592,20000294
EDF-Periodic,4.672171574527005,4,0.3333333333333333,0.3931700982707552,0.75,0.6666666666666667,0.7607208407203431,0.29099068327237404,0.0,0.1875,23.446074629173502,20000295
EDF-Periodic,11.588254328840748,8,0.6666666666666666,0.7030074746455728,0.6666666666666666,0.33333333333333337,0.8161259762401754,0.3208766157339777,0.0,0.1875,24.241125161946623,20000296
EDF-Periodic,11.861464575509288,9,0.75,0.6739417827388174,0.75,0.25,0.756393366180125,0.2789692504710972,0.0,0.1875,22.156357183212975,20000297
EDF-Periodic,12.089303019461173,9,0.75,0.631150333425559,0.75,0.25,0.7879224365909098,0.29718693946084357,0.0,0.1875,22.910085989592684,20000298
EDF-Periodic,8.67925955665543,7,0.5833333333333334,0.5644161398765001,0.75,0.41666666666666663,0.7775463869417097,0.28288106204704366,0.0,0.1875,22.065230590130138,20000299
EDF-Periodic,10.26915522759421,7,0.5833333333333334,0.6345754819127919,0.6666666666666666,0.41666666666666663,0.8157188335634125,0.3403589569673931,0.0,0.1875,23.586215615122057,20000300
EDF-Periodic,14.073153290611616,10,0.8333333333333334,0.8136920764951192,0.8333333333333334,0.16666666666666663,0.8318315776021247,0.2834190244700592,0.0,0.1875,23.96508008036384,20000301
EDF-Periodic,9.806962426131447,7,0.5833333333333334,0.5737420965494386,0.6666666666666666,0.41666666666666663,0.7541193849806237,0.30959073876930515,0.0,0.1875,21.845064917199615,20000302
EDF-Periodic,11.129276523413315,8,0.6666666666666666,0.7136072796987316,0.75,0.33333333333333337,0.7915029529945823,0.2982529766402145,0.0,0.1875,22.775715905413957,20000303
EDF-Periodic,17.72327366348382,12,1.0,1.0,1.0,0.0,0.874534265077147,0.2440136666470926,0.0,0.1875,26.308184158709537,20000304
EDF-Periodic,15.282706155969281,11,0.9166666666666666,0.8941147543676649,0.9166666666666666,0.08333333333333337,0.8373027729415394,0.22763603939021393,0.0,0.1875,25.09116833138028,20000305
EDF-Periodic,11.01792638812523,8,0.6666666666666666,0.6998991823404141,0.8333333333333334,0.33333333333333337,0.7909299614010269,0.27132342490932515,0.0,0.1875,23.90342700113445,20000306
EDF-Periodic,9.459265003574238,7,0.5833333333333334,0.6222279397982226,0.6666666666666666,0.41666666666666663,0.7528404337852207,0.3367925696524245,0.0,0.1875,21.905405436082663,20000307
EDF-Periodic,11.742919337485237,8,0.6666666666666666,0.6849343857311698,0.75,0.33333333333333337,0.8329181288410323,0.3158705636413828,0.0,0.1875,25.29871204351802,20000308
EDF-Periodic,13.529057223417837,9,0.75,0.7124964477573448,0.75,0.25,0.8362566902261781,0.3310645419957498,0.0,0.1875,24.072643058544585,20000309
EDF-Periodic,13.816758940521513,10,0.8333333333333334,0.8461935565809161,0.8333333333333334,0.16666666666666663,0.8266423266291804,0.26942486778821323,0.0,0.1875,23.981686783411376,20000310
EDF-Periodic,7.807721324868825,6,0.5,0.5351047125054816,0.75,0.5,0.7639856146386519,0.32155917434001996,0.0,0.1875,22.401788891566873,20000311
EDF-Periodic,9.557407785710618,7,0.5833333333333334,0.6665778411777269,0.6666666666666666,0.41666666666666663,0.7695396553462217,0.30906503693951937,0.0,0.1875,22.147529112462262,20000312
EDF-Periodic,13.304309238724857,9,0.75,0.7623183287458352,0.75,0.25,0.8252867210081135,0.3224065835488217,0.0,0.1875,24.214178716976505,20000313
EDF-Periodic,11.49468161360082,8,0.6666666666666666,0.7634391802820604,0.75,0.33333333333333337,0.7805319936990823,0.3223364920050065,0.0,0.1875,22.70513159536648,20000314
EDF-Periodic,2.8554204146090516,3,0.25,0.31955630260189305,0.6666666666666666,0.75,0.7826786139854228,0.34813914160801945,0.0,0.1875,21.646591976486057,20000315
EDF-Periodic,11.083129941538754,8,0.6666666666666666,0.5911399307665731,0.6666666666666666,0.33333333333333337,0.7888155786826468,0.32336305561046036,0.0,0.1875,22.876358196071422,20000316
EDF-Periodic,12.703778384576854,9,0.75,0.7548763157976035,0.75,0.25,0.8294621454527288,0.27997566847221783,0.0,0.1875,25.101169859528046,20000317
EDF-Periodic,5.922403997339811,5,0.4166666666666667,0.44055248783326906,0.5833333333333334,0.5833333333333333,0.80572903179969,0.3356132693493441,0.0,0.1875,22.104026728545005,20000318
EDF-Periodic,6.104962034460952,5,0.4166666666666667,0.44208860014290585,0.5833333333333334,0.5833333333333333,0.7849964728384521,0.33547728655655124,0.0,0.1875,22.352842422667823,20000319
EDF-Periodic,10.938422169539395,8,0.6666666666666666,0.5879830366644662,0.6666666666666666,0.33333333333333337,0.7840999413233988,0.29529626435235096,0.0,0.1875,22.28603287502776,20000320
EDF-Periodic,16.016844555466122,11,0.9166666666666666,0.8988303283678274,0.9166666666666666,0.08333333333333337,0.8308613357176414,0.2348480103063939,0.0,0.1875,24.792111388665305,20000321
EDF-Periodic,11.302848958999608,8,0.6666666666666666,0.673105902254222,0.6666666666666666,0.33333333333333337,0.7543460919850197,0.3113739686733805,0.0,0.1875,21.257122397499014,20000322
EDF-Periodic,9.630992003626929,7,0.5833333333333334,0.5784042188221484,0.75,0.41666666666666663,0.8070587747952254,0.296445382753201,0.0,0.1875,24.19310882814423,20000323
EDF-Periodic,11.832231279743018,8,0.6666666666666666,0.6830957329567198,0.8333333333333334,0.33333333333333337,0.8514214869388237,0.2797928332854182,0.0,0.1875,25.597891463041964,20000324
EDF-Periodic,12.353651522356904,9,0.75,0.6965895932335844,0.8333333333333334,0.25,0.840813428601329,0.26649375844017525,0.0,0.1875,24.79891572417898,20000325
EDF-Periodic,7.791136857906233,6,0.5,0.43763117729787915,0.6666666666666666,0.5,0.7710533523540785,0.3251736358991718,0.0,0.1875,21.99980451111896,20000326
EDF-Periodic,12.883451377789838,9,0.75,0.7952365826236688,0.75,0.25,0.7861252869531455,0.2662913924162267,0.0,0.1875,23.85589963273257,20000327
EDF-Periodic,12.660850135257462,9,0.75,0.6968032945534653,0.75,0.25,0.8277343310388998,0.2942484206636396,0.0,0.1875,24.559989555912882,20000328
EDF-Periodic,5.7486240666606445,5,0.4166666666666667,0.4098382133666388,0.5833333333333334,0.5833333333333333,0.7665107153124335,0.3308884059781401,0.0,0.1875,21.16619767030179,20000329
EDF-Periodic,9.708022753860336,7,0.5833333333333334,0.6428092093580662,0.75,0.41666666666666663,0.778594703799352,0.2823154279796323,0.0,0.1875,23.603653869134284,20000330
EDF-Periodic,16.244006442496836,11,0.9166666666666666,0.9577241169058308,0.9166666666666666,0.08333333333333337,0.8877507947426216,0.2898491147214591,0.0,0.1875,26.153133553169553,20000331
EDF-Periodic,8.137919574562401,6,0.5,0.633894537235581,0.75,0.5,0.7957556284968194,0.2913572394453077,0.0,0.1875,23.77312538883548,20000332
EDF-Periodic,5.666053478856698,5,0.4166666666666667,0.46853940610842876,0.6666666666666666,0.5833333333333333,0.7598291088704748,0.30749194801536506,0.0,0.1875,21.961357634195746,20000333
EDF-Periodic,9.06578094818457,7,0.5833333333333334,0.5178838080079311,0.6666666666666666,0.41666666666666663,0.7743418851513644,0.28245787992388505,0.0,0.1875,22.54267128277474,20000334
EDF-Periodic,9.540069754246739,7,0.5833333333333334,0.6415060586382942,0.6666666666666666,0.41666666666666663,0.7583439360650317,0.3142433989468303,0.0,0.1875,22.4190341711956,20000335
EDF-Periodic,4.758908948172653,4,0.3333333333333333,0.3950487822701504,0.6666666666666666,0.6666666666666667,0.8276475979772494,0.35093654872585067,0.0,0.1875,22.843334241149606,20000336
EDF-Periodic,9.209177841241099,7,0.5833333333333334,0.5096682389784705,0.75,0.41666666666666663,0.8254153786261939,0.3018819949276495,0.0,0.1875,23.154290628704874,20000337
EDF-Periodic,14.475162903348577,10,0.8333333333333334,0.828131756338767,0.8333333333333334,0.16666666666666663,0.8477185837242565,0.2575868164374482,0.0,0.1875,24.942884215796195,20000338
EDF-Periodic,12.779847080874077,9,0.75,0.7028204328399341,0.8333333333333334,0.25,0.8290020324151316,0.2779365749839362,0.0,0.1875,24.27277415529509,20000339
EDF-Periodic,7.270986519776919,6,0.5,0.4996729082863358,0.5833333333333334,0.5,0.7214020808588467,0.33650624367332016,0.0,0.1875,20.057846461212186,20000340
EDF-Periodic,14.649131376456339,10,0.8333333333333334,0.8150160772254643,0.8333333333333334,0.16666666666666663,0.8288986792339036,0.3037458482332664,0.0,0.1875,24.122828441140847,20000341
EDF-Periodic,14.26059519262733,10,0.8333333333333334,0.8469741339131998,0.8333333333333334,0.16666666666666663,0.823079097073183,0.29227298073841945,0.0,0.1875,23.762563538588427,20000342
EDF-Periodic,10.750228175294126,8,0.6666666666666666,0.554798600667037,0.75,0.33333333333333337,0.7855107318138015,0.26251593768947307,0.0,0.1875,23.4794706223549,20000343
EDF-Periodic,7.645417116091448,6,0.5,0.5245032133171779,0.6666666666666666,0.5,0.7381920416186435,0.30743052081641437,0.0,0.1875,21.626532839594834,20000344
EDF-Periodic,6.587265236823868,5,0.4166666666666667,0.44745386209277627,0.6666666666666666,0.5833333333333333,0.7866791934616314,0.3198459046329057,0.0,0.1875,22.900730679907152,20000345
EDF-Periodic,9.181315628238707,7,0.5833333333333334,0.5578069188531086,0.6666666666666666,0.41666666666666663,0.7502072840359562,0.29677688530744184,0.0,0.1875,21.883476062575657,20000346
EDF-Periodic,9.422660860531238,7,0.5833333333333334,0.5777441019906667,0.75,0.41666666666666663,0.8282167209208081,0.29668423805866545,0.0,0.1875,24.170654526811308,20000347
EDF-Periodic,11.286451763438523,8,0.6666666666666666,0.6636986783680859,0.6666666666666666,0.33333333333333337,0.8313781789358946,0.30633840545990326,0.0,0.1875,23.962039843482795,20000348
EDF-Periodic,17.473160722863984,12,1.0,1.0,1.0,0.0,0.8792033789139705,0.24928853027833645,0.0,0.1875,25.682901807159958,20000349
EDF-Periodic,8.151845476874588,6,0.5,0.5350465908791704,0.6666666666666666,0.5,0.7985047106501066,0.3441778984955497,0.0,0.1875,23.16174565180009,20000350
EDF-Periodic,9.837432369422197,7,0.5833333333333334,0.6173499528883387,0.75,0.41666666666666663,0.8159700380016227,0.2999641095037774,0.0,0.1875,23.615819654714855,20000351
EDF-Periodic,6.206913444163458,5,0.4166666666666667,0.4892062642604647,0.75,0.5833333333333333,0.7776727277824976,0.29671305737724346,0.0,0.1875,23.82767502741539,20000352
EDF-Periodic,11.430535071475791,8,0.6666666666666666,0.7146034410251038,0.6666666666666666,0.33333333333333337,0.7970841249802839,0.3043775959004819,0.0,0.1875,23.947860788516344,20000353
EDF-Periodic,10.375356752695058,8,0.6666666666666666,0.6332516776658648,0.6666666666666666,0.33333333333333337,0.7536656510504391,0.27442531474026327,0.0,0.1875,22.142547403028498,20000354
EDF-Periodic,14.147014558604225,10,0.8333333333333334,0.8435414238023327,0.8333333333333334,0.16666666666666663,0.8078228651600673,0.2906957429649533,0.0,0.1875,23.570423173175502,20000355
EDF-Periodic,9.318738669027805,7,0.5833333333333334,0.5921657240902947,0.75,0.41666666666666663,0.8245037173582285,0.29015035911506704,0.0,0.1875,23.295271027863592,20000356
EDF-Periodic,10.810540741740331,8,0.6666666666666666,0.6652607215188718,0.6666666666666666,0.33333333333333337,0.7766535436312507,0.31368651244988144,0.0,0.1875,22.867188331338383,20000357
EDF-Periodic,17.193967005168318,12,1.0,1.0,1.0,0.0,0.8385649155427913,0.22159561435633982,0.0,0.20833333333333334,24.98491751292079,20000358
EDF-Periodic,16.06215947402953,11,0.9166666666666666,0.8751202952640644,0.9166666666666666,0.08333333333333337,0.8685389064136461,0.24072218709703727,0.0,0.1875,26.234028206784444,20000359
EDF-Periodic,10.643002201235584,8,0.6666666666666666,0.7087645869434902,0.6666666666666666,0.33333333333333337,0.7585812593278726,0.2845480986570077,0.0,0.1875,21.503446725420453,20000360
EDF-Periodic,7.572443646976275,6,0.5,0.46686771482047995,0.6666666666666666,0.5,0.809124804609048,0.2885851430948921,0.0,0.1875,23.64324355020451,20000361
EDF-Periodic,9.413942902065791,7,0.5833333333333334,0.6020973939816405,0.6666666666666666,0.41666666666666663,0.7787465136398074,0.33211473768477306,0.0,0.1875,22.815982041829475,20000362
EDF-Periodic,2.617358274880237,3,0.25,0.2982639797629356,0.5833333333333334,0.75,0.7626845462962754,0.3406273008003073,0.0,0.1875,21.708795880642853,20000363
EDF-Periodic,9.184646299025848,7,0.5833333333333334,0.5294187879664941,0.6666666666666666,0.41666666666666663,0.7342050450388292,0.29588708108911416,0.0,0.1875,20.816392617379112,20000364
EDF-Periodic,5.997039816179033,5,0.4166666666666667,0.5053925346759635,0.5,0.5833333333333333,0.6875903521096388,0.33873600006400156,0.0,0.1875,19.234726398044156,20000365
EDF-Periodic,9.831804870312332,7,0.5833333333333334,0.5870418870848089,0.5833333333333334,0.41666666666666663,0.8026447493031901,0.3259227139413126,0.0,0.1875,23.27381226071746,20000366
EDF-Periodic,12.957681545387311,9,0.75,0.722412132044323,0.8333333333333334,0.25,0.8256649401720827,0.27528384484943896,0.0,0.1875,25.07429924748321,20000367
EDF-Periodic,14.218889787738654,10,0.8333333333333334,0.814985628187016,0.8333333333333334,0.16666666666666663,0.7821894779893747,0.28258493591068257,0.0,0.1875,23.047224469346624,20000368
EDF-Periodic,9.645081996508297,7,0.5833333333333334,0.5574338095813752,0.6666666666666666,0.41666666666666663,0.8128632705478793,0.33905791946750224,0.0,0.1875,23.072089817593774,20000369
EDF-Periodic,10.348855294820567,8,0.6666666666666666,0.6459777997403082,0.6666666666666666,0.33333333333333337,0.7477999852873797,0.29581082431289274,0.0,0.1875,21.750916648566847,20000370
EDF-Periodic,10.73287033126895,8,0.6666666666666666,0.6253714614607077,0.6666666666666666,0.33333333333333337,0.8040762942986325,0.3125790636865549,0.0,0.1875,22.97558146795525,20000371
EDF-Periodic,5.832989184994445,5,0.4166666666666667,0.39175104389650595,0.5833333333333334,0.5833333333333333,0.751322070598337,0.34317334410290457,0.0,0.1875,21.289717921680626,20000372
EDF-Periodic,13.535911021213948,10,0.8333333333333334,0.7976215489797726,0.8333333333333334,0.16666666666666663,0.8207505471026092,0.2611617965800363,0.0,0.1875,24.425664259470064,20000373
EDF-Periodic,12.953876224946887,9,0.75,0.7847606515688502,0.75,0.25,0.7935791234064341,0.2967577830721015,0.0,0.1875,23.766303214567284,20000374
EDF-Periodic,13.07953736780884,9,0.75,0.7189355948674772,0.8333333333333334,0.25,0.8716106841697243,0.27844779436357386,0.0,0.1875,25.886908216503095,20000375
EDF-Periodic,10.807517094849374,8,0.6666666666666666,0.6787030791511022,0.75,0.33333333333333337,0.7461090958793486,0.29119097455877047,0.0,0.1875,22.216041059776707,20000376
EDF-Periodic,10.392186093284437,8,0.6666666666666666,0.572957204434074,0.75,0.33333333333333337,0.7551349862322637,0.2719549482980283,0.0,0.1875,21.391698540433467,20000377
EDF-Periodic,13.021862971161438,9,0.75,0.6821455861032286,0.8333333333333334,0.25,0.7921173542553479,0.28195550363080163,0.0,0.1875,24.229167849162426,20000378
EDF-Periodic,8.132757089672161,6,0.5,0.6070368374086258,0.8333333333333334,0.5,0.8239122351187526,0.2854986131409268,0.0,0.1875,24.377992548387382,20000379
EDF-Periodic,14.783758943155474,10,0.8333333333333334,0.8797404221686038,0.8333333333333334,0.16666666666666663,0.8297776830584067,0.29953141104182374,0.0,0.1875,24.459397357888694,20000380
EDF-Periodic,2.8893938827930192,3,0.25,0.31909156285923634,0.5833333333333334,0.75,0.7587175635099538,0.34164267877476734,0.0,0.1875,21.021781651834747,20000381
EDF-Periodic,15.205085407763866,11,0.9166666666666666,0.8247587964879989,0.9166666666666666,0.08333333333333337,0.8673112959597215,0.2554068360620225,0.0,0.1875,25.373497685185423,20000382
EDF-Periodic,14.15301575088968,10,0.8333333333333334,0.7510662033115257,0.8333333333333334,0.16666666666666663,0.7870463559906211,0.29519073618359704,0.0,0.1875,23.62393912260363,20000383
EDF-Periodic,9.988134782862534,7,0.5833333333333334,0.6418339160057773,0.75,0.41666666666666663,0.7977989783782528,0.29744117818727145,0.0,0.1875,24.407716407037885,20000384
EDF-Periodic,8.763188468566787,7,0.5833333333333334,0.5743296470600059,0.6666666666666666,0.41666666666666663,0.7609682195094077,0.29259485537819446,0.0,0.1875,21.224779647865887,20000385
EDF-Periodic,8.02131974374049,6,0.5,0.5153163676656645,0.6666666666666666,0.5,0.7577611034303061,0.31987548218006184,0.0,0.1875,22.338973906656346,20000386
EDF-Periodic,14.643252574461371,10,0.8333333333333334,0.8515689951437148,0.8333333333333334,0.16666666666666663,0.8645565438641191,0.27277414246947523,0.0,0.1875,25.422553934924846,20000387
EDF-Periodic,15.55773207133284,11,0.9166666666666666,0.8874413006884836,0.9166666666666666,0.08333333333333337,0.8595086019933662,0.2525678919099679,0.0,0.1875,25.73068398520216,20000388
EDF-Periodic,16.644372167393513,11,0.9166666666666666,0.8699964626128078,0.9166666666666666,0.08333333333333337,0.8804217215666972,0.3074177487848519,0.0,0.1875,26.360930418483782,20000389
EDF-Periodic,12.670710139269358,9,0.75,0.7280131237449886,0.75,0.25,0.8494720519380436,0.2809237544989013,0.0,0.1875,25.081366674460128,20000390
EDF-Periodic,14.521556691410243,10,0.8333333333333334,0.8617873395708767,0.8333333333333334,0.16666666666666663,0.8311471883943319,0.31059675600811665,0.0,0.1875,24.602408815946152,20000391
EDF-Periodic,16.28784148171526,11,0.9166666666666666,0.8601801517067362,0.9166666666666666,0.08333333333333337,0.8399045531944792,0.2589122440557594,0.0,0.1875,25.469603704288154,20000392
EDF-Periodic,8.042402293088772,6,0.5,0.5733574348996024,0.5833333333333334,0.5,0.7779209450812998,0.33344670017745726,0.0,0.1875,22.691101588358634,20000393
EDF-Periodic,9.598953635262951,7,0.5833333333333334,0.5134425604397369,0.6666666666666666,0.41666666666666663,0.778772827697891,0.3142597230154424,0.0,0.1875,22.437601391925853,20000394
EDF-Periodic,16.536840836219735,11,0.9166666666666666,0.8671691226686267,0.9166666666666666,0.08333333333333337,0.8431971073613743,0.2803807645134006,0.0,0.1875,26.09210209054934,20000395
EDF-Periodic,9.337597105173021,7,0.5833333333333334,0.6860780829386305,0.6666666666666666,0.41666666666666663,0.7345423186936387,0.29504589130294334,0.0,0.1875,21.29298812004085,20000396
EDF-Periodic,15.712101844627682,11,0.9166666666666666,0.8888703956687699,0.9166666666666666,0.08333333333333337,0.8374150705136064,0.25746454298016946,0.0,0.1875,25.579188089992186,20000397
EDF-Periodic,15.600007579326686,11,0.9166666666666666,0.9287306554884953,0.9166666666666666,0.08333333333333337,0.8380476596591594,0.25950111954836613,0.0,0.1875,24.50181407495008,20000398
EDF-Periodic,8.99378108959184,7,0.5833333333333334,0.5982468889878882,0.6666666666666666,0.41666666666666663,0.7416950741522651,0.32189318645020626,0.0,0.1875,21.04055547725294,20000399
EDF-Periodic,9.321380744993325,7,0.5833333333333334,0.6161992734502933,0.8333333333333334,0.41666666666666663,0.7765252563227597,0.28323645232726086,0.0,0.1875,22.255843570274827,20000400
EDF-Periodic,7.877537588561349,6,0.5,0.5027986199694028,0.5833333333333334,0.5,0.7626124194751226,0.33013040711881997,0.0,0.1875,21.855685658477658,20000401
EDF-Periodic,8.025902524864499,6,0.5,0.5161736550437604,0.5833333333333334,0.5,0.7495106469810442,0.32173019610788417,0.0,0.1875,21.514309768349218,20000402
EDF-Periodic,9.427098369187908,7,0.5833333333333334,0.5289806479878172,0.6666666666666666,0.41666666666666663,0.7884299246294558,0.31229007570953615,0.0,0.1875,22.60605845163054,20000403
EDF-Periodic,9.12790618458337,7,0.5833333333333334,0.6375105631064938,0.5833333333333334,0.41666666666666663,0.7480255605000412,0.3236927412950555,0.0,0.1875,20.9566880592494,20000404
EDF-Periodic,5.830549018942271,5,0.4166666666666667,0.4416010472035375,0.5,0.5833333333333333,0.6893111274852092,0.321628149286822,0.0,0.1875,20.2424938275438,20000405
EDF-Periodic,11.439413719324664,8,0.6666666666666666,0.6861497630462254,0.75,0.33333333333333337,0.8279031771671942,0.3140368889923986,0.0,0.1875,24.474339798264108,20000406
EDF-Periodic,11.582049958772705,8,0.6666666666666666,0.7416171222910746,0.75,0.33333333333333337,0.8319461319670608,0.3044904615125675,0.0,0.1875,23.700434618956358,20000407
EDF-Periodic,7.341864181343679,6,0.5,0.41995079660048085,0.8333333333333334,0.5,0.7581875126041328,0.2647492599251415,0.0,0.1875,23.16930039402378,20000408
EDF-Periodic,6.182799416652309,5,0.4166666666666667,0.48202133313300616,0.6666666666666666,0.5833333333333333,0.8258252160595934,0.33094435919351206,0.0,0.1875,23.709742102315747,20000409
EDF-Periodic,14.39087474963321,10,0.8333333333333334,0.8554781168958451,0.8333333333333334,0.16666666666666663,0.8036107361127479,0.2679019295827947,0.0,0.1875,24.118739922882707,20000410
EDF-Periodic,12.676323777398423,9,0.75,0.7193355336115012,0.75,0.25,0.7929293117027175,0.2836776913957023,0.0,0.1875,24.023682412622975,20000411
EDF-Periodic,11.27043538509826,8,0.6666666666666666,0.6817236329870326,0.6666666666666666,0.33333333333333337,0.7640840702090038,0.3218844831035811,0.0,0.1875,22.34091776847826,20000412
EDF-Periodic,12.432795747396487,9,0.75,0.7750755379256529,0.75,0.25,0.7625490504817356,0.2840810947703122,0.0,0.1875,23.32964907752313,20000413
EDF-Periodic,11.47537274559761,8,0.6666666666666666,0.7102429469090468,0.75,0.33333333333333337,0.7833617747469489,0.31027507873675536,0.0,0.1875,22.74264809362515,20000414
EDF-Periodic,13.238422392651094,9,0.75,0.8156307269126519,0.75,0.25,0.834867914265088,0.31336607090119983,0.0,0.1875,23.34605598162774,20000415
EDF-Periodic,7.095734750581803,6,0.5,0.45566726543776787,0.6666666666666666,0.5,0.7770988417530743,0.3069354366180453,0.0,0.1875,22.18298542666016,20000416
EDF-Periodic,13.096336323224573,9,0.75,0.8030661280931296,0.75,0.25,0.7912536717921856,0.29488344982881376,0.0,0.1875,24.315810364531433,20000417
EDF-Periodic,13.770434886128887,10,0.8333333333333334,0.838394676366489,0.8333333333333334,0.16666666666666663,0.8232101782970629,0.25517490144529914,0.0,0.1875,23.498179731348475,20000418
EDF-Periodic,7.234972585929215,6,0.5,0.4759818447149486,0.5833333333333334,0.5,0.734434484487441,0.3424465150065661,0.0,0.1875,20.116134145753758,20000419
EDF-Periodic,15.63375627499445,11,0.9166666666666666,0.861171949506188,0.9166666666666666,0.08333333333333337,0.8473834538115735,0.2597294614299315,0.0,0.1875,24.407838715834753,20000420
EDF-Periodic,11.562819856120077,8,0.6666666666666666,0.6563623342302479,0.6666666666666666,0.33333333333333337,0.7694317746203518,0.33244353868064663,0.0,0.1875,23.90283418854013,20000421
EDF-Periodic,14.27581250903796,10,0.8333333333333334,0.7784727383279794,0.8333333333333334,0.16666666666666663,0.7850659946237505,0.24435357870633356,0.0,0.1875,23.189531272594905,20000422
EDF-Periodic,13.68006075967679,10,0.8333333333333334,0.8043897677873842,0.8333333333333334,0.16666666666666663,0.8009991975604166,0.2539247105069244,0.0,0.1875,23.575498281477458,20000423
EDF-Periodic,9.130725923644727,7,0.5833333333333334,0.506645444464786,0.75,0.41666666666666663,0.7829042683781696,0.29999412577711165,0.0,0.1875,22.75076339641006,20000424
EDF-Periodic,5.861542594946496,5,0.4166666666666667,0.39260413702485203,0.6666666666666666,0.5833333333333333,0.7707301323765957,0.3015336249250738,0.0,0.1875,21.99091502051296,20000425
EDF-Periodic,12.374016250012719,9,0.75,0.7049257338527423,0.75,0.25,0.8280880149377241,0.294255578532469,0.0,0.1875,23.69898533935622,20000426
EDF-Periodic,14.44079943277866,10,0.8333333333333334,0.7988100573504097,0.8333333333333334,0.16666666666666663,0.8184711785840643,0.26063154550779216,0.0,0.1875,23.601998581946646,20000427
EDF-Periodic,14.663966677332615,10,0.8333333333333334,0.7980224993123696,0.8333333333333334,0.16666666666666663,0.8631483275328261,0.2680604557229758,0.0,0.1875,25.471778533164073,20000428
EDF-Periodic,15.624060848729389,11,0.9166666666666666,0.903419579601937,0.9166666666666666,0.08333333333333337,0.819881094150214,0.28891212614282114,0.0,0.1875,23.81015212182347,20000429
EDF-Periodic,13.811289105066995,10,0.8333333333333334,0.8390048241964735,0.8333333333333334,0.16666666666666663,0.8118287478035713,0.2889021498690872,0.0,0.1875,23.51327487186702,20000430
EDF-Periodic,11.285464791363015,8,0.6666666666666666,0.6700727617065965,0.75,0.33333333333333337,0.7744744899561876,0.2985099166987552,0.0,0.1875,22.77112328306993,20000431
EDF-Periodic,13.108561329085685,9,0.75,0.7422205366323921,0.9166666666666666,0.25,0.8480982934710505,0.2836555928900792,0.0,0.1875,25.93061627182955,20000432
EDF-Periodic,11.237118744017275,8,0.6666666666666666,0.6187561265730704,0.75,0.33333333333333337,0.8249759110213001,0.30935027215216765,0.0,0.1875,24.277283128205358,20000433
EDF-Periodic,10.973442126811122,8,0.6666666666666666,0.6834920776148982,0.6666666666666666,0.33333333333333337,0.7819364044817139,0.3192481702268373,0.0,0.1875,23.635206768060513,20000434
EDF-Periodic,15.119577671567853,10,0.8333333333333334,0.9104267239661905,0.8333333333333334,0.16666666666666663,0.8767047651243098,0.29105958503419893,0.0,0.1875,26.04280925098613,20000435
EDF-Periodic,16.431345807161183,11,0.9166666666666666,0.9601017954110386,0.9166666666666666,0.08333333333333337,0.8670620763068806,0.260114719296556,0.0,0.1875,25.828364517902966,20000436
EDF-Periodic,11.382641566533536,8,0.6666666666666666,0.7251613170720078,0.8333333333333334,0.33333333333333337,0.8300951301222167,0.2989246884792107,0.0,0.1875,24.811918616457675,20000437
EDF-Periodic,10.656640306191367,8,0.6666666666666666,0.6212469755097814,0.6666666666666666,0.33333333333333337,0.6951266148014589,0.2970330681955428,0.0,0.1875,20.507407418622044,20000438
EDF-Periodic,6.093128278784947,5,0.4166666666666667,0.40512958952370265,0.5833333333333334,0.5833333333333333,0.7636451678604654,0.32917979401228625,0.0,0.1875,21.89830272223687,20000439
EDF-Periodic,13.438673773894934,10,0.8333333333333334,0.7522010937459938,0.9166666666666666,0.16666666666666663,0.8100630397666645,0.24480508643368162,0.0,0.1875,24.11140431959047,20000440
EDF-Periodic,7.640707495500776,6,0.5,0.5017205398578664,0.5833333333333334,0.5,0.6927926400040381,0.34041157116245113,0.0,0.1875,19.554191068314612,20000441
EDF-Periodic,15.891174254391068,11,0.9166666666666666,0.8970762030014748,0.9166666666666666,0.08333333333333337,0.845798337331139,0.25730331358602576,0.0,0.1875,25.063775027270797,20000442
EDF-Periodic,11.667025302757782,8,0.6666666666666666,0.6828610543270173,0.75,0.33333333333333337,0.8389432153717378,0.3161845212788787,0.0,0.1875,23.70711790655466,20000443
EDF-Periodic,10.932988070632256,8,0.6666666666666666,0.6317401348726499,0.6666666666666666,0.33333333333333337,0.7686147826352908,0.29535397525573176,0.0,0.1875,22.034552779186143,20000444
EDF-Periodic,6.408901706252286,5,0.4166666666666667,0.43997339462978696,0.75,0.5833333333333333,0.7858013211854513,0.2955975656297678,0.0,0.1875,23.09260662773015,20000445
EDF-Periodic,9.619492094070186,7,0.5833333333333334,0.5574025422150226,0.75,0.41666666666666663,0.8363322326494474,0.2858973861711453,0.0,0.1875,24.59019306477402,20000446
EDF-Periodic,8.315744624847943,6,0.5,0.4775292838574025,0.6666666666666666,0.5,0.8026003547877313,0.331590009804264,0.0,0.1875,23.401107209563076,20000447
EDF-Periodic,12.927400138082302,9,0.75,0.7714845321183189,0.75,0.25,0.8354151571350523,0.31016277040404766,0.0,0.1875,24.55834223408769,20000448
EDF-Periodic,13.94167899851065,10,0.8333333333333334,0.7362359466404191,0.8333333333333334,0.16666666666666663,0.7968743603775627,0.25549590379190984,0.0,0.1875,23.743720994458418,20000449
EDF-Periodic,13.152615960109937,9,0.75,0.6766788133583052,0.75,0.25,0.8379908410997512,0.3211704492366792,0.0,0.1875,25.087705794738092,20000450
EDF-Periodic,12.232450216911799,9,0.75,0.690358475733768,0.75,0.25,0.8116101363550566,0.27345098240049776,0.0,0.1875,23.239019832510543,20000451
EDF-Periodic,11.36667779022131,8,0.6666666666666666,0.6196232602264524,0.6666666666666666,0.33333333333333337,0.8433271618855637,0.31213595359065954,0.0,0.1875,24.291386105102806,20000452
EDF-Periodic,4.152130684083315,4,0.3333333333333333,0.4042047775378798,0.4166666666666667,0.6666666666666667,0.7036059748492445,0.3813067843858728,0.0,0.1875,19.032923574349102,20000453
EDF-Periodic,4.272056158835883,4,0.3333333333333333,0.4551987228239452,0.5,0.6666666666666667,0.7523515054212494,0.3552237392845156,0.0,0.1875,21.09763939875761,20000454
EDF-Periodic,12.663649049495216,9,0.75,0.7482120064878373,0.75,0.25,0.8156398863886539,0.2992507059217762,0.0,0.1875,23.209611470825866,20000455
EDF-Periodic,12.619976204551346,9,0.75,0.7749403187611663,0.75,0.25,0.7968639836201641,0.30344328398738424,0.0,0.1875,22.44037500051798,20000456
EDF-Periodic,5.85659518982495,5,0.4166666666666667,0.397654720627177,0.5833333333333334,0.5833333333333333,0.7506271939688842,0.314625046724103,0.0,0.1875,20.774271057060552,20000457
EDF-Periodic,2.9715823744123973,3,0.25,0.3109449943305141,0.5833333333333334,0.75,0.7764167810741158,0.3673934937086214,0.0,0.1875,22.574214858904398,20000458
EDF-Periodic,14.521862350534523,10,0.8333333333333334,0.8079937071293773,0.8333333333333334,0.16666666666666663,0.8727445628811159,0.2980599309222809,0.0,0.1875,25.988550936706744,20000459
EDF-Periodic,16.01154733262962,11,0.9166666666666666,0.8693480665574548,0.9166666666666666,0.08333333333333337,0.8612769186830116,0.24089397944871235,0.0,0.1875,25.46977930253725,20000460
EDF-Periodic,6.4071338102245905,5,0.4166666666666667,0.441622208815883,0.6666666666666666,0.5833333333333333,0.8478263616183613,0.3344098441830165,0.0,0.1875,23.41366495001679,20000461
EDF-Periodic,14.313400208061326,10,0.8333333333333334,0.8160084302700334,0.8333333333333334,0.16666666666666663,0.8581799878216696,0.29040369657442855,0.0,0.1875,25.485991758745346,20000462
EDF-Periodic,14.975301788405577,10,0.8333333333333334,0.7663019495471216,0.8333333333333334,0.16666666666666663,0.8272185990904682,0.27353001247320874,0.0,0.1875,24.938254471013945,20000463
EDF-Periodic,11.231161722818577,8,0.6666666666666666,0.6806541951104053,0.75,0.33333333333333337,0.7728297930892518,0.2876604801373245,0.0,0.1875,23.19876535747178,20000464
EDF-Periodic,13.029226925145883,9,0.75,0.8331857152688515,0.75,0.25,0.8150979857294177,0.282000243837686,0.0,0.1875,24.092040900464987,20000465
EDF-Periodic,5.995747503123344,5,0.4166666666666667,0.4584212893230995,0.5833333333333334,0.5833333333333333,0.730683912905279,0.2993388078326233,0.0,0.1875,20.99983174881289,20000466
EDF-Periodic,10.45545406669388,8,0.6666666666666666,0.6240691993803587,0.8333333333333334,0.33333333333333337,0.7852030654841311,0.2340352230097289,0.0,0.1875,22.731512065086665,20000467
EDF-Periodic,13.795257797208166,10,0.8333333333333334,0.757311655821267,0.8333333333333334,0.16666666666666663,0.7700052365925156,0.28742454370908876,0.0,0.1875,23.882631832517685,20000468
EDF-Periodic,11.0905003472548,8,0.6666666666666666,0.6527255209590308,0.75,0.33333333333333337,0.7617687428022885,0.30036047338676736,0.0,0.1875,22.743278222065467,20000469
EDF-Periodic,14.079962547964996,10,0.8333333333333334,0.9048155916985438,0.8333333333333334,0.16666666666666663,0.7856503698263513,0.28162113191533994,0.0,0.1875,23.409202150052824,20000470
EDF-Periodic,15.059219554829635,10,0.8333333333333334,0.8508769235950241,0.8333333333333334,0.16666666666666663,0.8653102168438235,0.28983242011247906,0.0,0.1875,25.83883247959285,20000471
EDF-Periodic,12.659724887188194,9,0.75,0.694867098238813,0.75,0.25,0.8037104400107999,0.281388177859158,0.0,0.1875,23.08039458481712,20000472
EDF-Periodic,12.592466679561834,9,0.75,0.7387450463992419,0.8333333333333334,0.25,0.8381126446933731,0.26770658885718746,0.0,0.1875,23.689887699457724,20000473
EDF-Periodic,11.51744452478953,8,0.6666666666666666,0.670514260112458,0.75,0.33333333333333337,0.8190468652810038,0.3008586814336291,0.0,0.1875,23.83915762876674,20000474
EDF-Periodic,7.644651647165267,6,0.5,0.509009805333872,0.6666666666666666,0.5,0.830678226662946,0.3038768255802445,0.0,0.1875,22.981477879113072,20000475
EDF-Periodic,12.449268851452256,9,0.75,0.8085371314999406,0.75,0.25,0.7615637837331031,0.2883375165542339,0.0,0.1875,22.633053703508498,20000476
EDF-Periodic,11.093926381853223,8,0.6666666666666666,0.6888110331808882,0.6666666666666666,0.33333333333333337,0.7790407863658048,0.30326186056707455,0.0,0.1875,22.573146450787355,20000477
EDF-Periodic,13.290081919413677,9,0.75,0.7306334333387083,0.75,0.25,0.8131494728563039,0.3051741687643326,0.0,0.1875,23.475204798534193,20000478
EDF-Periodic,7.599606387253928,6,0.5,0.5037950152060112,0.6666666666666666,0.5,0.770831157170914,0.2990691185423217,0.0,0.1875,22.63194700958763,20000479
EDF-Periodic,12.75471161735898,9,0.75,0.65468041776416,0.75,0.25,0.8737862164214111,0.2937529312702614,0.0,0.1875,25.444432031298536,20000480
EDF-Periodic,15.801997219186266,11,0.9166666666666666,0.8738563680974366,0.9166666666666666,0.08333333333333337,0.8170893240311884,0.2378964739979026,0.0,0.1875,24.863725927453068,20000481
EDF-Periodic,5.941568920479786,5,0.4166666666666667,0.40662714811148776,0.5833333333333334,0.5833333333333333,0.7812640546496127,0.3327654165945471,0.0,0.1875,22.400419218569635,20000482
EDF-Periodic,14.107404845026092,10,0.8333333333333334,0.797561472329439,0.8333333333333334,0.16666666666666663,0.8356090190274789,0.23971239112168793,0.0,0.1875,25.299988661605408,20000483
EDF-Periodic,7.843407015066262,6,0.5,0.4712735882671118,0.6666666666666666,0.5,0.7694695411949208,0.3270747073459851,0.0,0.1875,22.812453982201962,20000484
EDF-Periodic,12.445763067632859,9,0.75,0.6673368689669592,0.75,0.25,0.7411561586222605,0.28889351038970607,0.0,0.1875,21.923016127821874,20000485
EDF-Periodic,12.883203683987952,9,0.75,0.7711447533201752,0.75,0.25,0.7971063127838974,0.2994396297823131,0.0,0.1875,23.15469307529822,20000486
EDF-Periodic,9.422903802061786,7,0.5833333333333334,0.6142974549840814,0.6666666666666666,0.41666666666666663,0.8051963310154947,0.29243667308633353,0.0,0.1875,23.697737702852002,20000487
EDF-Periodic,9.49350902611591,7,0.5833333333333334,0.5951011405992945,0.6666666666666666,0.41666666666666663,0.7943655328780803,0.2971907776844209,0.0,0.1875,23.462687883981268,20000488
EDF-Periodic,11.286616769800911,8,0.6666666666666666,0.6834153551175015,0.6666666666666666,0.33333333333333337,0.7867968514257848,0.30529371973238945,0.0,0.1875,22.546897621853784,20000489
EDF-Periodic,7.443543180282054,6,0.5,0.5217719022872419,0.6666666666666666,0.5,0.7733073582408206,0.3287332389845002,0.0,0.1875,21.90173581400347,20000490
EDF-Periodic,12.829889528844822,9,0.75,0.6619236587155817,0.75,0.25,0.7889254431445313,0.3021729966610171,0.0,0.1875,24.07548526254716,20000491
EDF-Periodic,11.612733802580417,8,0.6666666666666666,0.7407381514663406,0.75,0.33333333333333337,0.8059595992356877,0.3312729898716575,0.0,0.1875,23.15421912753206,20000492
EDF-Periodic,6.08387628557116,5,0.4166666666666667,0.4497388796413579,0.6666666666666666,0.5833333333333333,0.7575963057000069,0.33457617426398745,0.0,0.1875,22.15996938345298,20000493
EDF-Periodic,14.189573780985008,10,0.8333333333333334,0.7843826851573477,0.8333333333333334,0.16666666666666663,0.8144475614706921,0.2778516877410378,0.0,0.1875,24.424381279277256,20000494
EDF-Periodic,10.78332756872767,8,0.6666666666666666,0.630428516435735,0.6666666666666666,0.33333333333333337,0.7524764051325227,0.29885748509865573,0.0,0.1875,22.442944421080817,20000495
EDF-Periodic,16.294642799446393,11,0.9166666666666666,0.9352837700605214,0.9166666666666666,0.08333333333333337,0.8792306686778736,0.2376150622420836,0.0,0.1875,25.486606998615994,20000496
EDF-Periodic,14.068631041681478,10,0.8333333333333334,0.7733172908467292,0.8333333333333334,0.16666666666666663,0.7738447732154351,0.2780164710208792,0.0,0.1875,22.6715776042037,20000497
EDF-Periodic,7.071951606911838,6,0.5,0.41993201645907247,0.6666666666666666,0.5,0.7694109986340281,0.28679811102971153,0.0,0.1875,22.19917613901489,20000498
EDF-Periodic,7.734848690912131,6,0.5,0.5853142434155703,0.5833333333333334,0.5,0.734215954479645,0.32988948536979035,0.0,0.1875,20.502452970178474,20000499
EDF-Threshold,9.403526327080176,7,0.5833333333333334,0.6694501006506114,0.6666666666666666,0.41666666666666663,0.8146197536178491,0.31372275026325486,0.0,0.20833333333333334,22.410617459459267,20000000
EDF-Threshold,11.438909944024928,8,0.6666666666666666,0.7192374109429422,0.75,0.33333333333333337,0.8361922551158748,0.29383399055748644,0.0,0.1875,24.08767553495122,20000001
EDF-Threshold,12.923791018084243,9,0.75,0.7189712015055836,0.8333333333333334,0.25,0.830109576376469,0.389692371739576,0.0,0.125,24.79366835895971,20000002
EDF-Threshold,14.454363126987296,10,0.8333333333333334,0.8273409157783218,0.8333333333333334,0.16666666666666663,0.8137605235448379,0.2506436241703016,0.0,0.20833333333333334,23.63590781746824,20000003
EDF-Threshold,14.231375998344154,10,0.8333333333333334,0.82679217718853,0.8333333333333334,0.16666666666666663,0.8066607067050898,0.21988484892866478,0.0,0.20833333333333334,23.786404262705762,20000004
EDF-Threshold,14.564831057698493,10,0.8333333333333334,0.751429709759108,0.8333333333333334,0.16666666666666663,0.7838908569943502,0.2987468635086277,0.0,0.16666666666666666,24.510138326617433,20000005
EDF-Threshold,6.419148405422735,5,0.4166666666666667,0.4398664987540353,0.6666666666666666,0.5833333333333333,0.8026492136938761,0.306458609663308,0.0,0.20833333333333334,22.68489354685114,20000006
EDF-Threshold,6.056397232066892,5,0.4166666666666667,0.5005607668355349,0.5833333333333334,0.5833333333333333,0.8091291113913256,0.27566000840791416,0.0,0.2708333333333333,21.69725238883104,20000007
EDF-Threshold,4.285605076704981,4,0.3333333333333333,0.36056501362494786,0.5833333333333334,0.6666666666666667,0.7823216950940282,0.27008732545600644,0.0,0.25,21.83451009442188,20000008
EDF-Threshold,12.344809312943191,9,0.75,0.6893039916087822,0.75,0.25,0.800413464691704,0.2653709140800368,0.0,0.22916666666666666,23.210578883463217,20000009
EDF-Threshold,10.879966704395752,8,0.6666666666666666,0.575908041821078,0.75,0.33333333333333337,0.7902577952337874,0.24827535210500687,0.0,0.20833333333333334,22.493271952834355,20000010
EDF-Threshold,12.269314389675266,9,0.75,0.7881173992198746,0.75,0.25,0.824181826384167,0.2596559428280472,0.0,0.22916666666666666,22.564965331934815,20000011
EDF-Threshold,7.809786007542042,6,0.5,0.49831388017641126,0.8333333333333334,0.5,0.8165719058829831,0.3128806311562406,0.0,0.1875,23.682268868187222,20000012
EDF-Threshold,7.7110469440356315,6,0.5,0.5367224505900258,0.6666666666666666,0.5,0.8094551576288467,0.2593851097515141,0.0,0.22916666666666666,23.072601098337234,20000013
EDF-Threshold,5.667029510375334,5,0.4166666666666667,0.41262975859793133,0.6666666666666666,0.5833333333333333,0.7642951451316516,0.3262262733936661,0.0,0.1875,21.877654728236333,20000014
EDF-Threshold,16.788830321369492,11,0.9166666666666666,0.8701661238322851,0.9166666666666666,0.08333333333333337,0.8297051361468101,0.3752079198788465,0.0,0.10416666666666667,26.72207580342372,20000015
EDF-Threshold,14.207284677023596,10,0.8333333333333334,0.7942267371767092,0.8333333333333334,0.16666666666666663,0.7746970644905421,0.26966291962248484,0.0,0.22916666666666666,23.01821169255899,20000016
EDF-Threshold,11.003037524398152,8,0.6666666666666666,0.7291930475867175,0.75,0.33333333333333337,0.8036056738730711,0.24907161631164532,0.0,0.25,22.392829424712357,20000017
EDF-Threshold,7.713394116028018,6,0.5,0.4916403672968872,0.5833333333333334,0.5,0.795953694291193,0.3770737081052354,0.0,0.16666666666666666,22.232524566611342,20000018
EDF-Threshold,16.193585522166877,11,0.9166666666666666,0.8563257073879647,0.9166666666666666,0.08333333333333337,0.8356297925147501,0.31803919412164033,0.0,0.125,25.91980694448494,20000019
EDF-Threshold,10.923032702814904,8,0.6666666666666666,0.674072972007522,0.6666666666666666,0.33333333333333337,0.8351013714554766,0.2496938222921238,0.0,0.2708333333333333,22.245024935206064,20000020
EDF-Threshold,14.068381825101133,10,0.8333333333333334,0.8549875529563818,0.8333333333333334,0.16666666666666663,0.7820355930907986,0.2636845726979285,0.0,0.16666666666666666,23.343768990930347,20000021
EDF-Threshold,4.314704518144259,4,0.3333333333333333,0.397967174974404,0.6666666666666666,0.6666666666666667,0.774317410677364,0.2584270687921186,0.0,0.22916666666666666,21.279190799019453,20000022
EDF-Threshold,12.595468487467572,9,0.75,0.6890459849436612,0.75,0.25,0.8038468393958125,0.2906297780281488,0.0,0.20833333333333334,23.020571886308602,20000023
EDF-Threshold,14.82473287484035,10,0.8333333333333334,0.8486206286167023,0.8333333333333334,0.16666666666666663,0.8518869277791651,0.3289455957579707,0.0,0.14583333333333334,25.976815039925892,20000024
EDF-Threshold,7.821657588233181,6,0.5,0.48643728613738946,0.6666666666666666,0.5,0.8024185112547796,0.31150340669567705,0.0,0.22916666666666666,22.069765522140063,20000025
EDF-Threshold,9.447794069075652,7,0.5833333333333334,0.6271582411005805,0.8333333333333334,0.41666666666666663,0.7976737259533923,0.30644588876277146,0.0,0.16666666666666666,23.204077570530746,20000026
EDF-Threshold,14.141659512427328,10,0.8333333333333334,0.778703669844218,0.8333333333333334,0.16666666666666663,0.818898271507955,0.2513190255245641,0.0,0.20833333333333334,23.55990964354245,20000027
EDF-Threshold,14.184846367827417,10,0.8333333333333334,0.8387719132270078,0.8333333333333334,0.16666666666666663,0.8013105242246098,0.2758491573331925,0.0,0.16666666666666666,24.35312551659691,20000028
EDF-Threshold,12.2308227653475,9,0.75,0.6852624495440786,0.8333333333333334,0.25,0.7838249669224625,0.24236050640331266,0.0,0.20833333333333334,22.924986271751127,20000029
EDF-Threshold,4.013821602442766,4,0.3333333333333333,0.3442519934873874,0.5,0.6666666666666667,0.7737727311902088,0.26341465733807706,0.0,0.2708333333333333,20.8012767852564,20000030
EDF-Threshold,12.805820555870001,9,0.75,0.6986817396802503,0.75,0.25,0.7893195263611159,0.30921001498713613,0.0,0.16666666666666666,23.476523271319994,20000031
EDF-Threshold,14.475954597042499,10,0.8333333333333334,0.78056534048071,0.8333333333333334,0.16666666666666663,0.8260462992026868,0.3142822477167888,0.0,0.16666666666666666,24.3548476644927,20000032
EDF-Threshold,10.70416456460371,8,0.6666666666666666,0.5540416792994556,0.75,0.33333333333333337,0.8108525786186638,0.31822346228112663,0.0,0.1875,23.652839291517626,20000033
EDF-Threshold,9.21847610763854,7,0.5833333333333334,0.5936669964789762,0.6666666666666666,0.41666666666666663,0.7774539275543099,0.27253137897672713,0.0,0.20833333333333334,21.993652534350144,20000034
EDF-Threshold,11.512429021869696,8,0.6666666666666666,0.731306844068756,0.75,0.33333333333333337,0.7813115301035092,0.309413468443474,0.0,0.20833333333333334,22.679041380515233,20000035
EDF-Threshold,15.079117550555317,11,0.9166666666666666,0.8431233532732969,0.9166666666666666,0.08333333333333337,0.8090220270874461,0.23319149435009692,0.0,0.14583333333333334,25.482844937057745,20000036
EDF-Threshold,11.777348463774103,8,0.6666666666666666,0.6984583109265543,0.75,0.33333333333333337,0.8215961288943038,0.33494453626462434,0.0,0.16666666666666666,23.950065613132725,20000037
EDF-Threshold,11.315896316231669,8,0.6666666666666666,0.7449371133274786,0.75,0.33333333333333337,0.7849770258406604,0.2896918392526881,0.0,0.20833333333333334,22.446204262607495,20000038
EDF-Threshold,12.810818187301575,9,0.75,0.7104035679926417,0.75,0.25,0.818143086593723,0.2535860411311668,0.0,0.22916666666666666,23.0055263202359,20000039
EDF-Threshold,4.378375485006417,4,0.3333333333333333,0.3661337609300615,0.5833333333333334,0.6666666666666667,0.8329313411763529,0.2434427422284312,0.0,0.2916666666666667,21.958092173311336,20000040
EDF-Threshold,11.563094157714806,8,0.6666666666666666,0.7015284580810093,0.75,0.33333333333333337,0.8237338682206033,0.32814507185284497,0.0,0.14583333333333334,24.719082354204772,20000041
EDF-Threshold,12.681283243893246,9,0.75,0.7526260544799875,0.75,0.25,0.7968700364341245,0.31904399878741757,0.0,0.16666666666666666,23.326128206723013,20000042
EDF-Threshold,14.424490808013937,10,0.8333333333333334,0.8287161500869419,0.8333333333333334,0.16666666666666663,0.8026725910840469,0.25434537443631994,0.0,0.1875,24.188234476852944,20000043
EDF-Threshold,9.422515066424806,7,0.5833333333333334,0.5943815818673922,0.6666666666666666,0.41666666666666663,0.8011433871719008,0.30063895997723833,0.0,0.20833333333333334,22.604369409935888,20000044
EDF-Threshold,9.419679985888747,7,0.5833333333333334,0.5443274502821023,0.6666666666666666,0.41666666666666663,0.7754280103258321,0.28082926305037664,0.0,0.25,21.68541722368411,20000045
EDF-Threshold,3.7730117808103354,4,0.3333333333333333,0.3678407924871709,0.5,0.6666666666666667,0.7764548480498905,0.3017351434901274,0.0,0.2916666666666667,20.498312033341403,20000046
EDF-Threshold,13.240301154647437,10,0.8333333333333334,0.7331135867520278,0.8333333333333334,0.16666666666666663,0.789823371192964,0.24178936092336056,0.0,0.1875,23.253302396061958,20000047
EDF-Threshold,5.727094299078012,5,0.4166666666666667,0.4064294001126873,0.6666666666666666,0.5833333333333333,0.7946247820380122,0.26251840418206096,0.0,0.25,21.753256531524233,20000048
EDF-Threshold,7.081383050867434,6,0.5,0.45169668724591455,0.75,0.5,0.8022283718701461,0.25991092444191183,0.0,0.1875,23.367971155440646,20000049
EDF-Threshold,7.482139603769975,6,0.5,0.47488893370636415,0.75,0.5,0.7935456717167485,0.27361109539725686,0.0,0.1875,22.13162983431115,20000050
EDF-Threshold,8.094736846695827,6,0.5,0.5254779035997292,0.75,0.5,0.8215584804542763,0.2863436270810476,0.0,0.22916666666666666,23.457316155903385,20000051
EDF-Threshold,9.53279956307464,7,0.5833333333333334,0.5784001511930669,0.75,0.41666666666666663,0.7998361354377074,0.31103988551307,0.0,0.20833333333333334,23.8315124272666,20000052
EDF-Threshold,9.085023321951402,7,0.5833333333333334,0.5599715186097138,0.75,0.41666666666666663,0.7999564871700763,0.3098027702607465,0.0,0.16666666666666666,23.22028591760255,20000053
EDF-Threshold,13.10719572565247,9,0.75,0.8140136285760645,0.75,0.25,0.7806805449051896,0.32029120367658187,0.0,0.14583333333333334,24.158896188752582,20000054
EDF-Threshold,9.623848733267884,7,0.5833333333333334,0.5523265688171116,0.8333333333333334,0.41666666666666663,0.8214525191440168,0.31618905261354197,0.0,0.1875,24.75420123539774,20000055
EDF-Threshold,11.982265146450253,9,0.75,0.658152032757246,0.75,0.25,0.802984734036707,0.27133349481384283,0.0,0.1875,22.993019006636246,20000056
EDF-Threshold,6.8155127763340495,5,0.4166666666666667,0.49936959831448424,0.5833333333333334,0.5833333333333333,0.7786193312533083,0.32033520543920785,0.0,0.22916666666666666,21.5093715937794,20000057
EDF-Threshold,9.091583955247597,7,0.5833333333333334,0.547061347220942,0.75,0.41666666666666663,0.8104443597210212,0.22774408435446927,0.0,0.2708333333333333,22.274512243236646,20000058
EDF-Threshold,8.189955654476977,6,0.5,0.5233024833839132,0.6666666666666666,0.5,0.803763957094224,0.3215424755672436,0.0,0.1875,23.063937554102147,20000059
EDF-Threshold,12.894150329770435,9,0.75,0.7716345073654728,0.75,0.25,0.8127647531740486,0.32595506828895887,0.0,0.14583333333333334,24.15631084297626,20000060
EDF-Threshold,11.546165405785677,8,0.6666666666666666,0.6620661952021751,0.6666666666666666,0.33333333333333337,0.7922811373420314,0.3105635497631838,0.0,0.20833333333333334,22.777717381677867,20000061
EDF-Threshold,13.120783651590312,9,0.75,0.6828560567393931,0.75,0.25,0.8496215339013,0.32724289013989943,0.0,0.16666666666666666,25.73180591185838,20000062
EDF-Threshold,5.759117405516982,5,0.4166666666666667,0.4219255275133923,0.5833333333333334,0.5833333333333333,0.7735606199455773,0.28953276619549484,0.0,0.22916666666666666,20.97564874704605,20000063
EDF-Threshold,14.572127795952309,10,0.8333333333333334,0.8425083318908804,0.8333333333333334,0.16666666666666663,0.8220377980400319,0.2826759266467902,0.0,0.14583333333333334,25.133339824418,20000064
EDF-Threshold,9.528305815130162,7,0.5833333333333334,0.597629662039789,0.6666666666666666,0.41666666666666663,0.7842918199868079,0.32419100947067897,0.0,0.1875,22.39561203371601,20000065
EDF-Threshold,13.214104827481718,9,0.75,0.7447274927297719,0.75,0.25,0.8249447158991332,0.36391000682657487,0.0,0.14583333333333334,24.688377370246236,20000066
EDF-Threshold,13.259118844348627,9,0.75,0.8341607312764548,0.75,0.25,0.8444921110123708,0.31666048485473103,0.0,0.1875,24.76368350793934,20000067
EDF-Threshold,6.3027551484055016,5,0.4166666666666667,0.43008568314293805,0.6666666666666666,0.5833333333333333,0.8137728256226593,0.2739113670495264,0.0,0.20833333333333334,23.540754836308942,20000068
EDF-Threshold,16.266384434923765,11,0.9166666666666666,0.9114784719555357,0.9166666666666666,0.08333333333333337,0.8539644358865971,0.30918345667738156,0.0,0.16666666666666666,25.415961087309405,20000069
EDF-Threshold,13.308941613268383,9,0.75,0.7977913603539827,0.75,0.25,0.8462012375172693,0.3065572130851804,0.0,0.16666666666666666,24.914450634531015,20000070
EDF-Threshold,7.47196177960293,6,0.5,0.45367974884389584,0.6666666666666666,0.5,0.8102663302592458,0.26048156825878477,0.0,0.25,22.8688808431977,20000071
EDF-Threshold,12.047304434156535,9,0.75,0.7058165407193489,0.75,0.25,0.8079471656970911,0.23461301423445194,0.0,0.20833333333333334,22.26263268982509,20000072
EDF-Threshold,7.06195363981354,6,0.5,0.4503799575346913,0.6666666666666666,0.5,0.8180421382698596,0.22974576493088414,0.0,0.2708333333333333,21.856642425038483,20000073
EDF-Threshold,10.743162940615193,8,0.6666666666666666,0.5720970499132507,0.75,0.33333333333333337,0.8051865508992182,0.24635528663760875,0.0,0.20833333333333334,23.32637924815694,20000074
EDF-Threshold,4.750740953576107,4,0.3333333333333333,0.3551216219570952,0.6666666666666666,0.6666666666666667,0.8005316792690871,0.32094818526466345,0.0,0.16666666666666666,23.124720862645756,20000075
EDF-Threshold,2.3200440192651657,3,0.25,0.29095120086711146,0.5,0.75,0.7833992293635506,0.30823554099469735,0.0,0.25,20.652181229209464,20000076
EDF-Threshold,14.023965019866537,10,0.8333333333333334,0.7658975108473918,0.8333333333333334,0.16666666666666663,0.8359109638426441,0.29734677254100916,0.0,0.16666666666666666,24.58749222569805,20000077
EDF-Threshold,12.26335112575397,9,0.75,0.7000755667575339,0.75,0.25,0.7683176968904734,0.2621109778522422,0.0,0.16666666666666666,22.692906434159763,20000078
EDF-Threshold,12.72607891050747,9,0.75,0.7332753325456024,0.75,0.25,0.8108768114004894,0.2625152663405582,0.0,0.20833333333333334,22.74860878733597,20000079
EDF-Threshold,8.593313569852285,6,0.5,0.5955486022745824,0.6666666666666666,0.5,0.8316880492990067,0.35826753154827157,0.0,0.16666666666666666,25.073051025461076,20000080
EDF-Threshold,7.5180144394246256,6,0.5,0.47886205475930854,0.5833333333333334,0.5,0.7673866707108988,0.3019373785109437,0.0,0.22916666666666666,21.990146349686853,20000081
EDF-Threshold,15.740221271254583,11,0.9166666666666666,0.8413704854718621,0.9166666666666666,0.08333333333333337,0.8313300531395686,0.272404858502188,0.0,0.125,27.285780480342794,20000082
EDF-Threshold,12.897731244985309,9,0.75,0.7815707570492915,0.75,0.25,0.8081532597689766,0.29383361237657696,0.0,0.20833333333333334,25.143493854178676,20000083
EDF-Threshold,12.577378139197148,9,0.75,0.707291225179486,0.75,0.25,0.7806815381298113,0.277443288941386,0.0,0.20833333333333334,22.651822135740826,20000084
EDF-Threshold,13.667423785312302,9,0.75,0.7617606664620029,0.75,0.25,0.817727427875735,0.31278560982035203,0.0,0.1875,24.41855946328076,20000085
EDF-Threshold,9.525307400591014,7,0.5833333333333334,0.557547872034184,0.75,0.41666666666666663,0.8117446555530211,0.3306810060006922,0.0,0.16666666666666666,23.640587653493967,20000086
EDF-Threshold,13.10993840396132,9,0.75,0.7715534821314881,0.75,0.25,0.8238553442103834,0.29163492572692284,0.0,0.1875,24.431960425452935,20000087
EDF-Threshold,11.787774296226942,8,0.6666666666666666,0.7172632775167916,0.6666666666666666,0.33333333333333337,0.8054366646842608,0.35610312345341333,0.0,0.14583333333333334,24.18545278766886,20000088
EDF-Threshold,12.306513390761504,9,0.75,0.7450418103748657,0.75,0.25,0.7825004263640185,0.23599265973387795,0.0,0.20833333333333334,22.963546174081454,20000089
EDF-Threshold,7.582505131829432,6,0.5,0.5037040016948822,0.75,0.5,0.824491003431031,0.252871402978889,0.0,0.25,23.042134049177076,20000090
EDF-Threshold,12.607629718728438,9,0.75,0.7417422810068678,0.75,0.25,0.8230666579803332,0.2735620079431144,0.0,0.22916666666666666,23.133028094375824,20000091
EDF-Threshold,9.195696288956071,7,0.5833333333333334,0.5012097827396363,0.6666666666666666,0.41666666666666663,0.7873003728159883,0.32883904715398643,0.0,0.16666666666666666,22.761220804160516,20000092
EDF-Threshold,13.789252201674026,10,0.8333333333333334,0.7652744841452788,0.8333333333333334,0.16666666666666663,0.771779633940317,0.21131948416880494,0.0,0.20833333333333334,23.169752093001435,20000093
EDF-Threshold,14.316595034832279,10,0.8333333333333334,0.816925807400517,0.8333333333333334,0.16666666666666663,0.7811998249699172,0.2782807554983324,0.0,0.20833333333333334,23.291487587080695,20000094
EDF-Threshold,7.794712208109296,6,0.5,0.5068259914386565,0.5833333333333334,0.5,0.7654992983196718,0.34533066402470003,0.0,0.1875,20.52594669234641,20000095
EDF-Threshold,9.257316817486238,7,0.5833333333333334,0.5773619316112192,0.75,0.41666666666666663,0.7935076177641648,0.31497004307797316,0.0,0.16666666666666666,23.9919715484826,20000096
EDF-Threshold,7.685451702945935,6,0.5,0.5029339999074113,0.6666666666666666,0.5,0.7822715181853009,0.26320523842532834,0.0,0.22916666666666666,22.138603203669113,20000097
EDF-Threshold,7.420438437065025,6,0.5,0.44332269047138023,0.6666666666666666,0.5,0.8231523714606496,0.30335920287040835,0.0,0.25,22.523296186339866,20000098
EDF-Threshold,12.319547947511023,9,0.75,0.628890232770223,0.8333333333333334,0.25,0.8329648318575623,0.23242532812677386,0.0,0.1875,24.525797550837247,20000099
EDF-Threshold,12.832602016181688,9,0.75,0.7339701961425413,0.75,0.25,0.8418364297101751,0.2881568768473146,0.0,0.22916666666666666,23.9128982477706,20000100
EDF-Threshold,11.030993519368108,8,0.6666666666666666,0.5745695854407624,0.75,0.33333333333333337,0.8418320158997016,0.30791270307413154,0.0,0.16666666666666666,24.296814827794975,20000101
EDF-Threshold,11.703467251436514,9,0.75,0.6505418831518992,0.75,0.25,0.8117742090771037,0.2274272370097962,0.0,0.25,22.444625045934185,20000102
EDF-Threshold,11.06847174689029,8,0.6666666666666666,0.7191376456812987,0.6666666666666666,0.33333333333333337,0.7976907278407488,0.24352403973428038,0.0,0.25,21.99584212875869,20000103
EDF-Threshold,7.3235457202983625,6,0.5,0.4708454339470858,0.6666666666666666,0.5,0.7738872206262396,0.2776689597525348,0.0,0.1875,23.25945615106177,20000104
EDF-Threshold,13.895226568377355,10,0.8333333333333334,0.817551623186898,0.8333333333333334,0.16666666666666663,0.8003960978360517,0.3199618600087433,0.0,0.16666666666666666,22.881585417188273,20000105
EDF-Threshold,9.99191819326106,7,0.5833333333333334,0.6623838715288739,0.6666666666666666,0.41666666666666663,0.8028992639438055,0.27797815934291414,0.0,0.20833333333333334,23.34113872910079,20000106
EDF-Threshold,12.200861362549594,9,0.75,0.728328056869703,0.75,0.25,0.7835599827250039,0.2822298103109279,0.0,0.20833333333333334,22.09460914538212,20000107
EDF-Threshold,14.132131374867711,10,0.8333333333333334,0.8266793192831409,0.8333333333333334,0.16666666666666663,0.8349096804949939,0.28395466727541563,0.0,0.1875,24.94098814244703,20000108
EDF-Threshold,4.307462468777768,4,0.3333333333333333,0.34472629521556103,0.5833333333333334,0.6666666666666667,0.760250576644547,0.30703277542509705,0.0,0.20833333333333334,20.424099227781443,20000109
EDF-Threshold,4.448116943361108,4,0.3333333333333333,0.3991747740184693,0.5833333333333334,0.6666666666666667,0.8063681846568369,0.2928892451535461,0.0,0.22916666666666666,22.187135335848556,20000110
EDF-Threshold,10.835042472423359,8,0.6666666666666666,0.664500382386102,0.6666666666666666,0.33333333333333337,0.8115344112276541,0.2503427448216089,0.0,0.25,22.652169679953005,20000111
EDF-Threshold,12.025874749446013,8,0.6666666666666666,0.6956609569272469,0.6666666666666666,0.33333333333333337,0.8213168559547962,0.3656565428057818,0.0,0.16666666666666666,24.292463627105835,20000112
EDF-Threshold,11.93659961346716,9,0.75,0.6249831648340527,0.8333333333333334,0.25,0.7992514476385072,0.21332406838729426,0.0,0.22916666666666666,23.525823598376174,20000113
EDF-Threshold,4.081406142666308,4,0.3333333333333333,0.35252728095077895,0.5833333333333334,0.6666666666666667,0.7642223052827677,0.2792751257715584,0.0,0.25,21.499703582805875,20000114
EDF-Threshold,7.888430374502944,6,0.5,0.46946935879526536,0.75,0.5,0.8086191473321233,0.3236707118065639,0.0,0.16666666666666666,23.32252363879541,20000115
EDF-Threshold,7.7444049391080565,6,0.5,0.5010980101471534,0.8333333333333334,0.5,0.8197878267609314,0.2911553460406875,0.0,0.1875,24.655065580023546,20000116
EDF-Threshold,4.245068772500995,4,0.3333333333333333,0.4008077151808889,0.6666666666666666,0.6666666666666667,0.7956311085118898,0.28536102799175084,0.0,0.25,21.641135235250694,20000117
EDF-Threshold,9.121653654549052,7,0.5833333333333334,0.5218106970859104,0.75,0.41666666666666663,0.7818595296274689,0.28145650369354813,0.0,0.1875,22.21611206461704,20000118
EDF-Threshold,9.96188189033771,7,0.5833333333333334,0.5744087126669053,0.75,0.41666666666666663,0.7881285735511718,0.313201551528749,0.0,0.1875,23.582761249891746,20000119
EDF-Threshold,9.72228812440254,7,0.5833333333333334,0.6179201698659511,0.6666666666666666,0.41666666666666663,0.8290128851135082,0.32276979160471314,0.0,0.1875,23.957240773304946,20000120
EDF-Threshold,2.08536631657831,3,0.25,0.2131620147211729,0.5833333333333334,0.75,0.7519587779926257,0.2806206373419147,0.0,0.25,19.495973945501582,20000121
EDF-Threshold,9.697542235183787,7,0.5833333333333334,0.6570521955973244,0.6666666666666666,0.41666666666666663,0.7722586536205339,0.27361515144074283,0.0,0.22916666666666666,21.818222534808886,20000122
EDF-Threshold,14.116976487533078,10,0.8333333333333334,0.8160990584281389,0.8333333333333334,0.16666666666666663,0.8010266467633516,0.32759226591804447,0.0,0.14583333333333334,23.4695311769432,20000123
EDF-Threshold,8.988795420700292,7,0.5833333333333334,0.5881930957074477,0.75,0.41666666666666663,0.8056778511181348,0.2902028398204059,0.0,0.20833333333333334,23.52264451339582,20000124
EDF-Threshold,16.039175041514245,11,0.9166666666666666,0.858204668171213,0.9166666666666666,0.08333333333333337,0.8207614135548881,0.2637277912708088,0.0,0.16666666666666666,24.84793760378562,20000125
EDF-Threshold,9.38113463297423,7,0.5833333333333334,0.5474633024914225,0.6666666666666666,0.41666666666666663,0.7831524787744123,0.2797273449823274,0.0,0.22916666666666666,22.31079486398945,20000126
EDF-Threshold,8.051115616720836,6,0.5,0.5494398841024303,0.6666666666666666,0.5,0.7914918181255391,0.29955151718210854,0.0,0.20833333333333334,22.737091532019214,20000127
EDF-Threshold,12.437931821610317,9,0.75,0.7092200671302683,0.8333333333333334,0.25,0.776806554334251,0.2771725130699311,0.0,0.20833333333333334,23.321019836832562,20000128
EDF-Threshold,12.736394224493102,9,0.75,0.7298769834354666,0.75,0.25,0.7731038381599684,0.2939067594295752,0.0,0.1875,24.42185415259467,20000129
EDF-Threshold,12.734942766129713,9,0.75,0.7664713882131056,0.75,0.25,0.7890813295485358,0.32183972749460915,0.0,0.1875,22.788618351557297,20000130
EDF-Threshold,9.630131192179654,7,0.5833333333333334,0.5308728990000914,0.75,0.41666666666666663,0.816608539410462,0.29696103575617033,0.0,0.1875,23.303945565312947,20000131
EDF-Threshold,12.671908518096144,9,0.75,0.6939242744690876,0.8333333333333334,0.25,0.7872296717916507,0.24424420373113423,0.0,0.20833333333333334,23.173368065422885,20000132
EDF-Threshold,15.699309200729818,11,0.9166666666666666,0.8461341642680034,0.9166666666666666,0.08333333333333337,0.7829804052018923,0.2663732915319395,0.0,0.16666666666666666,24.625672732734998,20000133
EDF-Threshold,9.4939802433292,7,0.5833333333333334,0.59888657830523,0.75,0.41666666666666663,0.8140361249466516,0.25032919209541254,0.0,0.22916666666666666,24.30979406591735,20000134
EDF-Threshold,14.513287627938697,10,0.8333333333333334,0.7522471245014789,0.8333333333333334,0.16666666666666663,0.8450961739231589,0.38666331068735565,0.0,0.125,26.169410852673643,20000135
EDF-Threshold,12.303809301744288,9,0.75,0.6845719862368844,0.75,0.25,0.8017010352769566,0.29824665953612506,0.0,0.20833333333333334,22.452862333816846,20000136
EDF-Threshold,14.190712209581344,10,0.8333333333333334,0.744723640314481,0.8333333333333334,0.16666666666666663,0.8116239814410987,0.2680880175786413,0.0,0.16666666666666666,24.297152817438256,20000137
EDF-Threshold,4.104437862781427,4,0.3333333333333333,0.3731971054447636,0.5833333333333334,0.6666666666666667,0.7815858271065449,0.26502234990993007,0.0,0.2708333333333333,20.932669745118528,20000138
EDF-Threshold,10.813051872135267,8,0.6666666666666666,0.660734264235017,0.75,0.33333333333333337,0.7878933061725214,0.2485564720633008,0.0,0.20833333333333334,23.226574549533844,20000139
EDF-Threshold,13.907729494037028,10,0.8333333333333334,0.8725362113400563,0.8333333333333334,0.16666666666666663,0.7919579121953434,0.2619216816256558,0.0,0.16666666666666666,22.97606840793673,20000140
EDF-Threshold,8.359287787508482,6,0.5,0.6127454570347426,0.5833333333333334,0.5,0.7940754724629006,0.2982452106469411,0.0,0.22916666666666666,22.237415478917704,20000141
EDF-Threshold,11.058854517540418,8,0.6666666666666666,0.6791585618710888,0.6666666666666666,0.33333333333333337,0.7750997672846577,0.2766066654458099,0.0,0.22916666666666666,21.296281956330617,20000142
EDF-Threshold,5.568057897468391,5,0.4166666666666667,0.3544749434285905,0.5833333333333334,0.5833333333333333,0.7778229732209972,0.27919045287305083,0.0,0.22916666666666666,21.31044721555524,20000143
EDF-Threshold,14.498258028748612,10,0.8333333333333334,0.8114912411891161,0.8333333333333334,0.16666666666666663,0.8006867672759569,0.3263486471078268,0.0,0.16666666666666666,24.460830217477497,20000144
EDF-Threshold,12.91251056096776,9,0.75,0.7981529483383868,0.75,0.25,0.8109216118726756,0.29151190738600535,0.0,0.20833333333333334,23.233604464630304,20000145
EDF-Threshold,8.919600592678787,7,0.5833333333333334,0.5207537373942214,0.6666666666666666,0.41666666666666663,0.7970919557710756,0.24508510836669997,0.0,0.22916666666666666,22.093971922400332,20000146
EDF-Threshold,9.138551045276953,7,0.5833333333333334,0.5823801740249387,0.75,0.41666666666666663,0.7740609638466692,0.25362154070461224,0.0,0.20833333333333334,22.526128174608417,20000147
EDF-Threshold,7.595057211464626,6,0.5,0.4896424678107968,0.6666666666666666,0.5,0.8004347348416099,0.2615762119807386,0.0,0.22916666666666666,23.13183687451658,20000148
EDF-Threshold,15.289442025041042,10,0.8333333333333334,0.8611120962627353,0.8333333333333334,0.16666666666666663,0.8459102223373973,0.375689888086354,0.0,0.14583333333333334,25.723605062602612,20000149
EDF-Threshold,12.636654965808763,9,0.75,0.7161079551670915,0.8333333333333334,0.25,0.7937160837898306,0.24539608298067703,0.0,0.22916666666666666,23.04564495329624,20000150
EDF-Threshold,12.590809396493958,9,0.75,0.7551179197896806,0.8333333333333334,0.25,0.7803923638501541,0.29952498223456914,0.0,0.14583333333333334,24.19233017032558,20000151
EDF-Threshold,4.675293300829456,4,0.3333333333333333,0.40811667213769726,0.6666666666666666,0.6666666666666667,0.7903485829306467,0.29680007808529746,0.0,0.22916666666666666,22.12683579200994,20000152
EDF-Threshold,12.89375146519399,9,0.75,0.785166286981513,0.75,0.25,0.800198814983644,0.30447898295290193,0.0,0.16666666666666666,23.78953200110483,20000153
EDF-Threshold,14.393941206641596,10,0.8333333333333334,0.7907854490987808,0.8333333333333334,0.16666666666666663,0.8520773716638391,0.32147639658106375,0.0,0.14583333333333334,24.84931069885898,20000154
EDF-Threshold,9.254445854454323,7,0.5833333333333334,0.6044590830839204,0.6666666666666666,0.41666666666666663,0.7934564463665689,0.23873632512952234,0.0,0.25,21.87396753282961,20000155
EDF-Threshold,11.134639756372174,8,0.6666666666666666,0.68155853956262,0.6666666666666666,0.33333333333333337,0.8075245455108079,0.2947756020015874,0.0,0.22916666666666666,22.273127337142395,20000156
EDF-Threshold,7.546631955051101,6,0.5,0.4645839011915167,0.75,0.5,0.8317798641596124,0.27958372410156834,0.0,0.22916666666666666,24.00511598675005,20000157
EDF-Threshold,15.253947799807992,10,0.8333333333333334,0.8317224092368969,0.8333333333333334,0.16666666666666663,0.8130770094333641,0.32910624302871316,0.0,0.14583333333333334,25.634869499519986,20000158
EDF-Threshold,6.5101748402015565,5,0.4166666666666667,0.47149875878579406,0.6666666666666666,0.5833333333333333,0.7696158264537111,0.3202959140143001,0.0,0.1875,23.020118881134376,20000159
EDF-Threshold,9.290787569008426,7,0.5833333333333334,0.5751634422599676,0.75,0.41666666666666663,0.8172566445453144,0.27446812842380947,0.0,0.20833333333333334,24.26105643980325,20000160
EDF-Threshold,12.336866428712469,9,0.75,0.7734233969440495,0.75,0.25,0.817990166815235,0.2378933809803986,0.0,0.25,22.779809582590893,20000161
EDF-Threshold,5.860577676898711,5,0.4166666666666667,0.39193578762857045,0.6666666666666666,0.5833333333333333,0.7927730631185588,0.25847995540478214,0.0,0.25,21.3524291235675,20000162
EDF-Threshold,12.423419943977006,9,0.75,0.6845061200580619,0.75,0.25,0.8004117357626789,0.24962031763695144,0.0,0.20833333333333334,23.350913481259838,20000163
EDF-Threshold,11.613147989945713,8,0.6666666666666666,0.6545603396893496,0.6666666666666666,0.33333333333333337,0.7894171082248477,0.3092449988900617,0.0,0.1875,23.245036837011213,20000164
EDF-Threshold,14.210303539174072,10,0.8333333333333334,0.7647603172304964,0.9166666666666666,0.16666666666666663,0.8256799921501073,0.3101544792213856,0.0,0.14583333333333334,24.74156420086089,20000165
EDF-Threshold,11.38841945997354,8,0.6666666666666666,0.6949974291421073,0.75,0.33333333333333337,0.8036926633933238,0.3729126685639372,0.0,0.14583333333333334,24.620379768814747,20000166
EDF-Threshold,10.592132416579865,8,0.6666666666666666,0.6934756504434968,0.75,0.33333333333333337,0.7776586139854049,0.2586530774822852,0.0,0.20833333333333334,21.957127670113064,20000167
EDF-Threshold,7.435459649761949,6,0.5,0.47085306833085167,0.6666666666666666,0.5,0.7730142474553613,0.28572311757142826,0.0,0.22916666666666666,21.631060353622974,20000168
EDF-Threshold,14.671575268794081,10,0.8333333333333334,0.8321191075580787,0.8333333333333334,0.16666666666666663,0.8173257404404586,0.287836368542689,0.0,0.20833333333333334,24.1789381719852,20000169
EDF-Threshold,7.900958019146735,6,0.5,0.5660601819063473,0.5833333333333334,0.5,0.7936221007957324,0.2720699029490193,0.0,0.2708333333333333,20.502326024281558,20000170
EDF-Threshold,16.540514237262265,11,0.9166666666666666,0.9312234817459949,0.9166666666666666,0.08333333333333337,0.8369228178708245,0.2920029509485384,0.0,0.14583333333333334,26.10128559315566,20000171
EDF-Threshold,14.361196690568967,10,0.8333333333333334,0.839400579894181,0.8333333333333334,0.16666666666666663,0.8356423326212082,0.28368655581662927,0.0,0.20833333333333334,23.402991726422417,20000172
EDF-Threshold,12.608248755712147,9,0.75,0.6797649621842211,0.75,0.25,0.8197510276429587,0.2828103519396578,0.0,0.20833333333333334,24.336423918017168,20000173
EDF-Threshold,14.496493768200938,10,0.8333333333333334,0.7780916426325999,0.8333333333333334,0.16666666666666663,0.8209630384106502,0.3116137121575921,0.0,0.14583333333333334,25.095122181892613,20000174
EDF-Threshold,6.941177495502821,6,0.5,0.4468788258265183,0.6666666666666666,0.5,0.7726113258494139,0.25687886264660326,0.0,0.22916666666666666,21.617089060615633,20000175
EDF-Threshold,9.168997943743882,7,0.5833333333333334,0.5616144420909911,0.75,0.41666666666666663,0.7867215264038334,0.2971699191254213,0.0,0.16666666666666666,23.788981945295077,20000176
EDF-Threshold,12.790462070992215,9,0.75,0.7575478385694682,0.75,0.25,0.825229070532394,0.28038609275685294,0.0,0.20833333333333334,24.0166955449055,20000177
EDF-Threshold,11.352001747638015,8,0.6666666666666666,0.6709308661973628,0.75,0.33333333333333337,0.8385336232823137,0.29000953627171616,0.0,0.22916666666666666,24.201688690105918,20000178
EDF-Threshold,6.046887553853917,5,0.4166666666666667,0.4088707184579637,0.75,0.5833333333333333,0.8129056846071293,0.2864585276432842,0.0,0.20833333333333334,22.59204980332497,20000179
EDF-Threshold,9.644570008609223,7,0.5833333333333334,0.5317735663090855,0.75,0.41666666666666663,0.815856206828571,0.24518673879475394,0.0,0.22916666666666666,23.763461858343792,20000180
EDF-Threshold,12.824560622617552,9,0.75,0.8616124737335094,0.75,0.25,0.7729780089698108,0.34859281609608844,0.0,0.14583333333333334,22.311401556543878,20000181
EDF-Threshold,11.600515423810567,8,0.6666666666666666,0.7105948657828015,0.6666666666666666,0.33333333333333337,0.8113696057317189,0.30480521265349886,0.0,0.22916666666666666,22.695066201173105,20000182
EDF-Threshold,3.759500744451268,4,0.3333333333333333,0.30179786064726005,0.5833333333333334,0.6666666666666667,0.7735818032832746,0.2773072948401583,0.0,0.20833333333333334,21.562006040411998,20000183
EDF-Threshold,5.694133644652668,5,0.4166666666666667,0.43718180064355383,0.6666666666666666,0.5833333333333333,0.8149111093523271,0.2357729985161232,0.0,0.2708333333333333,22.748775453477535,20000184
EDF-Threshold,11.555726488615395,8,0.6666666666666666,0.791106989958855,0.6666666666666666,0.33333333333333337,0.7844297674688269,0.320652301792359,0.0,0.16666666666666666,23.13435769946427,20000185
EDF-Threshold,10.59153746341778,8,0.6666666666666666,0.6279196500660369,0.75,0.33333333333333337,0.8192942222898649,0.2358291067817996,0.0,0.20833333333333334,23.94434364496533,20000186
EDF-Threshold,9.58261663597877,7,0.5833333333333334,0.592216699852108,0.5833333333333334,0.41666666666666663,0.7902025834002945,0.3274038539910564,0.0,0.20833333333333334,21.745314730326818,20000187
EDF-Threshold,14.617664789857736,10,0.8333333333333334,0.7921594296634855,0.8333333333333334,0.16666666666666663,0.8104962359097084,0.33430323412793167,0.0,0.14583333333333334,25.36360712583171,20000188
EDF-Threshold,5.941618082772224,5,0.4166666666666667,0.440205155968784,0.6666666666666666,0.5833333333333333,0.795002843119535,0.2506249738578068,0.0,0.25,21.894201543304423,20000189
EDF-Threshold,14.30329614596102,10,0.8333333333333334,0.7798878496221773,0.8333333333333334,0.16666666666666663,0.8364656691012401,0.32794018850132284,0.0,0.14583333333333334,24.67175365355753,20000190
EDF-Threshold,16.25699965658639,12,1.0,1.0,1.0,0.0,0.8458819338911608,0.2142125953701536,0.0,0.25,22.642499141465986,20000191
EDF-Threshold,7.985472215067359,6,0.5,0.5474365953225255,0.75,0.5,0.8335534420921694,0.2952861311728273,0.0,0.20833333333333334,24.297653373526735,20000192
EDF-Threshold,10.381570007732305,7,0.5833333333333334,0.6696166291340464,0.75,0.41666666666666663,0.83514947305214,0.32890817668715516,0.0,0.16666666666666666,24.95919536946083,20000193
EDF-Threshold,11.60668282200245,8,0.6666666666666666,0.7144932488662545,0.6666666666666666,0.33333333333333337,0.7903483661545083,0.3347860028558554,0.0,0.1875,22.568675442891685,20000194
EDF-Threshold,12.437244335026138,9,0.75,0.6496821936863892,0.75,0.25,0.8116205605152272,0.2738738743599781,0.0,0.22916666666666666,24.007915329853553,20000195
EDF-Threshold,13.300049497781325,9,0.75,0.8083627499196288,0.75,0.25,0.825549044768478,0.2968998948172286,0.0,0.1875,24.154050792492566,20000196
EDF-Threshold,8.082640934541228,6,0.5,0.5081368564294803,0.75,0.5,0.8078187221860386,0.262625485146378,0.0,0.20833333333333334,24.357132347832074,20000197
EDF-Threshold,12.755616057969334,9,0.75,0.7322132776345226,0.75,0.25,0.8052341858699698,0.2577787297851695,0.0,0.22916666666666666,22.857778597780964,20000198
EDF-Threshold,8.95111058770526,7,0.5833333333333334,0.5262222817111463,0.6666666666666666,0.41666666666666663,0.7909895464053069,0.27394860251492187,0.0,0.22916666666666666,22.064844790990456,20000199
EDF-Threshold,10.068535919289724,7,0.5833333333333334,0.6287431141999446,0.75,0.41666666666666663,0.8034744118100932,0.3422953019415786,0.0,0.14583333333333334,24.02112143596955,20000200
EDF-Threshold,9.343904299852891,7,0.5833333333333334,0.5374234023764888,0.6666666666666666,0.41666666666666663,0.7985578078440572,0.22992121643002217,0.0,0.25,21.849595130104614,20000201
EDF-Threshold,7.6048871221575425,6,0.5,0.5084142070473718,0.6666666666666666,0.5,0.8060317230107339,0.31160259715325167,0.0,0.20833333333333334,22.81754119579586,20000202
EDF-Threshold,14.504567443568849,10,0.8333333333333334,0.8782891599329655,0.8333333333333334,0.16666666666666663,0.8028771080124034,0.30491560076063173,0.0,0.16666666666666666,24.38291589242755,20000203
EDF-Threshold,12.642858656337014,9,0.75,0.6685761831228189,0.75,0.25,0.7983403632114747,0.2390469485293961,0.0,0.22916666666666666,23.982471647283436,20000204
EDF-Threshold,14.641278408372555,10,0.8333333333333334,0.8918850617644597,0.8333333333333334,0.16666666666666663,0.7995782964625402,0.27861229053319797,0.0,0.16666666666666666,24.795277055705597,20000205
EDF-Threshold,2.626198981078019,3,0.25,0.31850326557226194,0.5,0.75,0.7643755791808432,0.34432015759389617,0.0,0.20833333333333334,20.59122271517229,20000206
EDF-Threshold,6.435209203243564,5,0.4166666666666667,0.3992565033487488,0.75,0.5833333333333333,0.8129797611094366,0.2600772590939138,0.0,0.22916666666666666,24.14373967961111,20000207
EDF-Threshold,7.81505011899239,6,0.5,0.5037194430997806,0.6666666666666666,0.5,0.8167297359687794,0.2899242514237998,0.0,0.1875,23.531509825904948,20000208
EDF-Threshold,7.731646850611535,6,0.5,0.48750838754308085,0.6666666666666666,0.5,0.7968478138248741,0.28309050685313797,0.0,0.20833333333333334,21.79051147915937,20000209
EDF-Threshold,15.868377390428872,11,0.9166666666666666,0.8964834784118206,0.9166666666666666,0.08333333333333337,0.8668691262757188,0.2585140286098167,0.0,0.16666666666666666,25.800523654879,20000210
EDF-Threshold,5.76917069986853,5,0.4166666666666667,0.46998834781578247,0.6666666666666666,0.5833333333333333,0.7869772414063423,0.23311423142948473,0.0,0.2708333333333333,20.717987942504948,20000211
EDF-Threshold,14.440179470603189,10,0.8333333333333334,0.8778787938515089,0.8333333333333334,0.16666666666666663,0.8029063082951273,0.2608726690310523,0.0,0.1875,24.979652452310706,20000212
EDF-Threshold,13.961846897697816,10,0.8333333333333334,0.7255036175628686,0.8333333333333334,0.16666666666666663,0.8363638191095358,0.27502086521827196,0.0,0.1875,24.980029392196478,20000213
EDF-Threshold,10.574597607593505,8,0.6666666666666666,0.5977643379552421,0.6666666666666666,0.33333333333333337,0.784429250289064,0.23746383709547,0.0,0.2708333333333333,21.427716878987365,20000214
EDF-Threshold,13.784418133249316,9,0.75,0.793011583435793,0.75,0.25,0.8342581487717592,0.37681441436446583,0.0,0.16666666666666666,24.711045333123288,20000215
EDF-Threshold,11.441622024259278,8,0.6666666666666666,0.6961379609974327,0.8333333333333334,0.33333333333333337,0.8039319229541584,0.2843053581242398,0.0,0.1875,24.101428075615527,20000216
EDF-Threshold,14.131483978878714,10,0.8333333333333334,0.7466153244720782,0.9166666666666666,0.16666666666666663,0.8262883353891826,0.3230657304900561,0.0,0.125,25.282020577649597,20000217
EDF-Threshold,8.293290257361969,7,0.5833333333333334,0.5430413987042293,0.6666666666666666,0.41666666666666663,0.7615592956655387,0.28179738096680745,0.0,0.22916666666666666,20.717181112876148,20000218
EDF-Threshold,7.577620456241359,6,0.5,0.5698309435821654,0.6666666666666666,0.5,0.7930030551896764,0.2579380310324639,0.0,0.2708333333333333,21.218733631025575,20000219
EDF-Threshold,10.766932983991667,8,0.6666666666666666,0.6112909999724834,0.8333333333333334,0.33333333333333337,0.7860516467100608,0.21379985668328474,0.0,0.20833333333333334,23.693710060877137,20000220
EDF-Threshold,16.189874581917913,11,0.9166666666666666,0.879771978158448,0.9166666666666666,0.08333333333333337,0.8437222532403087,0.29592768971085676,0.0,0.14583333333333334,25.22468645479479,20000221
EDF-Threshold,12.453273937822962,9,0.75,0.6598921308129212,0.8333333333333334,0.25,0.8054564726247565,0.2869054393357451,0.0,0.1875,23.346319536099696,20000222
EDF-Threshold,8.567211570030706,7,0.5833333333333334,0.49087772032899074,0.75,0.41666666666666663,0.8241716382221159,0.2932026698402741,0.0,0.20833333333333334,22.410983436278602,20000223
EDF-Threshold,5.963159608728175,5,0.4166666666666667,0.4358396156958492,0.6666666666666666,0.5833333333333333,0.7857030812183172,0.2906745865985714,0.0,0.1875,23.133235182862446,20000224
EDF-Threshold,14.50913580217971,10,0.8333333333333334,0.8441171358638737,0.8333333333333334,0.16666666666666663,0.8172636705261489,0.3194300411652016,0.0,0.1875,23.772839505449276,20000225
EDF-Threshold,13.412592386062428,9,0.75,0.7635404579498282,0.75,0.25,0.8106297477403893,0.3012455920833121,0.0,0.1875,23.781480965156067,20000226
EDF-Threshold,8.093128275580645,6,0.5,0.6302901364714083,0.75,0.5,0.8272647857403967,0.28435693333304923,0.0,0.1875,24.357841999721835,20000227
EDF-Threshold,7.39081892134382,6,0.5,0.4994076432860753,0.75,0.5,0.7927481901902184,0.30346051929852086,0.0,0.1875,22.86502395450203,20000228
EDF-Threshold,10.207281375509108,7,0.5833333333333334,0.5980496506758838,0.75,0.41666666666666663,0.8328613177565313,0.33539683237801227,0.0,0.14583333333333334,25.835997227067562,20000229
EDF-Threshold,7.680229557792787,6,0.5,0.4045412759981094,0.8333333333333334,0.5,0.8222230251503692,0.27698607818770504,0.0,0.16666666666666666,24.45990258351591,20000230
EDF-Threshold,13.17389586292127,9,0.75,0.8329664406560201,0.75,0.25,0.8009057582423997,0.3338230764514702,0.0,0.1875,23.184739657303176,20000231
EDF-Threshold,3.8856005230919033,4,0.3333333333333333,0.36532857853260203,0.5,0.6666666666666667,0.7650113318807779,0.2739118773205365,0.0,0.25,19.978491183235512,20000232
EDF-Threshold,12.786644640302072,9,0.75,0.7063821890014268,0.75,0.25,0.8036417469374239,0.23099251460308912,0.0,0.22916666666666666,23.5146107254176,20000233
EDF-Threshold,9.028086672240482,7,0.5833333333333334,0.5085069564101389,0.6666666666666666,0.41666666666666663,0.7777731209101999,0.22566133024399618,0.0,0.25,21.873635849907934,20000234
EDF-Threshold,10.388585520241348,8,0.6666666666666666,0.6681058379813976,0.75,0.33333333333333337,0.7688502068217259,0.23323322285952122,0.0,0.22916666666666666,22.045402520146933,20000235
EDF-Threshold,16.2768168470512,11,0.9166666666666666,0.8662887027745553,0.9166666666666666,0.08333333333333337,0.8212018916692093,0.344925017232766,0.0,0.125,25.442042117628013,20000236
EDF-Threshold,7.807747098367388,6,0.5,0.4555535125379535,0.6666666666666666,0.5,0.8347255912300714,0.3071389585264002,0.0,0.1875,24.724083549596834,20000237
EDF-Threshold,13.028074523090691,9,0.75,0.7219178513079578,0.75,0.25,0.8258011760781271,0.29636144908559814,0.0,0.1875,24.146602141380598,20000238
EDF-Threshold,8.777079707606319,6,0.5,0.6057220246989158,0.6666666666666666,0.5,0.8118287192560572,0.3522688430432148,0.0,0.16666666666666666,24.247651186759388,20000239
EDF-Threshold,11.331137581185159,8,0.6666666666666666,0.6604717442374335,0.6666666666666666,0.33333333333333337,0.8077791209993362,0.30121851183493664,0.0,0.22916666666666666,22.684584185587806,20000240
EDF-Threshold,11.54647958477178,8,0.6666666666666666,0.6963720649108635,0.6666666666666666,0.33333333333333337,0.7929887283536177,0.335301966336144,0.0,0.1875,23.662242519527975,20000241
EDF-Threshold,17.14270950222217,12,1.0,1.0,1.0,0.0,0.8214182154248396,0.31073796849791246,0.0,0.14583333333333334,24.856773755555427,20000242
EDF-Threshold,9.510722463869156,7,0.5833333333333334,0.6038452595899048,0.5833333333333334,0.41666666666666663,0.7759284944633157,0.3004745517425577,0.0,0.20833333333333334,21.981114122423737,20000243
EDF-Threshold,14.802515975113199,10,0.8333333333333334,0.8475478319947377,0.8333333333333334,0.16666666666666663,0.8291270003081431,0.2933447515651664,0.0,0.16666666666666666,24.506289937782988,20000244
EDF-Threshold,10.072607265242837,7,0.5833333333333334,0.6399247100960728,0.75,0.41666666666666663,0.8062797844998739,0.3039689993057604,0.0,0.1875,24.41611629909393,20000245
EDF-Threshold,14.75361392777641,10,0.8333333333333334,0.8521227000537746,0.8333333333333334,0.16666666666666663,0.8212564302029071,0.33087209676942775,0.0,0.14583333333333334,25.07324033116076,20000246
EDF-Threshold,5.804764437125182,5,0.4166666666666667,0.42939996188443424,0.6666666666666666,0.5833333333333333,0.8175187475085829,0.30058811130141344,0.0,0.20833333333333334,22.865534299021615,20000247
EDF-Threshold,17.695278836533717,12,1.0,1.0,1.0,0.0,0.8854377156303629,0.2931195386645045,0.0,0.14583333333333334,26.238197091334285,20000248
EDF-Threshold,9.34808891629975,7,0.5833333333333334,0.5734869694552394,0.6666666666666666,0.41666666666666663,0.8277207685782657,0.3273728793019732,0.0,0.20833333333333334,23.69457919665188,20000249
EDF-Threshold,14.240990962533308,10,0.8333333333333334,0.8109729697291113,0.8333333333333334,0.16666666666666663,0.8248330453331455,0.30491525903220573,0.0,0.14583333333333334,25.692531403647475,20000250
EDF-Threshold,14.232857284842277,10,0.8333333333333334,0.7603877843715761,0.8333333333333334,0.16666666666666663,0.7881032027562451,0.2987600555026775,0.0,0.14583333333333334,24.826324609470948,20000251
EDF-Threshold,14.117374842543025,10,0.8333333333333334,0.7830788680752605,0.8333333333333334,0.16666666666666663,0.8159909421456089,0.2870310614956986,0.0,0.14583333333333334,24.10849087622046,20000252
EDF-Threshold,12.771371453669463,9,0.75,0.6685895388534584,0.75,0.25,0.8130070528015046,0.24007537734818266,0.0,0.20833333333333334,23.420884408131634,20000253
EDF-Threshold,6.573009566054658,5,0.4166666666666667,0.5120172373775622,0.6666666666666666,0.5833333333333333,0.8279128081294117,0.3493343122850776,0.0,0.1875,23.79534626249847,20000254
EDF-Threshold,7.680031312393927,6,0.5,0.46523881278345974,0.6666666666666666,0.5,0.7758951627228793,0.31302077150844315,0.0,0.1875,23.101713248292977,20000255
EDF-Threshold,9.624475594822423,7,0.5833333333333334,0.5721206362540078,0.6666666666666666,0.41666666666666663,0.7745767585368964,0.3481703355493478,0.0,0.14583333333333334,22.410881383733322,20000256
EDF-Threshold,12.113915812452694,9,0.75,0.6729462760410914,0.75,0.25,0.786829562887818,0.26159148858229325,0.0,0.1875,22.97630967150741,20000257
EDF-Threshold,12.849021516787225,9,0.75,0.7954737986930029,0.75,0.25,0.8098930482757255,0.25558754192736705,0.0,0.25,22.372553791968063,20000258
EDF-Threshold,11.114044303342846,8,0.6666666666666666,0.7275501888853666,0.6666666666666666,0.33333333333333337,0.7837314394400745,0.3023149265051032,0.0,0.22916666666666666,22.180714512006315,20000259
EDF-Threshold,11.346637959487193,8,0.6666666666666666,0.6413279338928793,0.6666666666666666,0.33333333333333337,0.7968562203313126,0.2884657203531351,0.0,0.22916666666666666,21.36659489871797,20000260
EDF-Threshold,10.108159000466971,7,0.5833333333333334,0.6308993227353757,0.5833333333333334,0.41666666666666663,0.8133374991617609,0.3916613104411539,0.0,0.16666666666666666,22.687165324416213,20000261
EDF-Threshold,6.489894174480763,5,0.4166666666666667,0.46215219473738334,0.75,0.5833333333333333,0.8046776904625901,0.34879377610717716,0.0,0.16666666666666666,23.041395360492412,20000262
EDF-Threshold,14.142035806137454,10,0.8333333333333334,0.8629361788859332,0.8333333333333334,0.16666666666666663,0.8019139869084424,0.2202954166689193,0.0,0.22916666666666666,23.64144369636108,20000263
EDF-Threshold,8.32308652380804,6,0.5,0.6423678625404488,0.5833333333333334,0.5,0.7865703794541421,0.3256139262501188,0.0,0.22916666666666666,21.89389929929093,20000264
EDF-Threshold,13.938446494677825,10,0.8333333333333334,0.8733650083305914,0.8333333333333334,0.16666666666666663,0.807417552660611,0.19877162105006674,0.0,0.25,23.039450542807092,20000265
EDF-Threshold,15.796862255992963,11,0.9166666666666666,0.8415438397068952,0.9166666666666666,0.08333333333333337,0.8035442629165063,0.3241804121888081,0.0,0.10416666666666667,24.7275511981815,20000266
EDF-Threshold,9.945856125442369,7,0.5833333333333334,0.6203647345839471,0.5833333333333334,0.41666666666666663,0.7909676606813152,0.32381481200733453,0.0,0.1875,23.100060963806406,20000267
EDF-Threshold,9.465205141085553,7,0.5833333333333334,0.5429508169040883,0.75,0.41666666666666663,0.8069577426325304,0.29689190592514475,0.0,0.1875,22.797253271360322,20000268
EDF-Threshold,11.45441488291033,8,0.6666666666666666,0.6449739198200697,0.75,0.33333333333333337,0.8346516858952894,0.2798200947578486,0.0,0.20833333333333334,23.65641632669877,20000269
EDF-Threshold,7.621930656226494,6,0.5,0.5668493697013,0.6666666666666666,0.5,0.8063377193569403,0.2496711205924156,0.0,0.25,22.96210997050458,20000270
EDF-Threshold,13.167442786005335,9,0.75,0.7559446353766065,0.8333333333333334,0.25,0.810953578217453,0.3192354653237422,0.0,0.14583333333333334,24.597020854123624,20000271
EDF-Threshold,12.065475658722153,9,0.75,0.7025257142486548,0.75,0.25,0.7889670224774638,0.24431172833260342,0.0,0.20833333333333334,22.840648110257767,20000272
EDF-Threshold,16.44762091696536,11,0.9166666666666666,0.85667081478089,0.9166666666666666,0.08333333333333337,0.8211779940668521,0.3176415505566707,0.0,0.125,26.793510629776172,20000273
EDF-Threshold,8.926225350691077,7,0.5833333333333334,0.558068816977794,0.6666666666666666,0.41666666666666663,0.7892026980595803,0.3216884421746235,0.0,0.1875,22.155862676945265,20000274
EDF-Threshold,14.060489935473779,10,0.8333333333333334,0.8044388834784307,0.8333333333333334,0.16666666666666663,0.7941802324810471,0.3023073504318587,0.0,0.16666666666666666,23.913954918463276,20000275
EDF-Threshold,13.129004172044146,9,0.75,0.7207451088925269,0.75,0.25,0.8015858543817004,0.25071551291528144,0.0,0.20833333333333334,23.07251043011037,20000276
EDF-Threshold,12.80272186573597,9,0.75,0.7089372617440713,0.75,0.25,0.7968851252265944,0.259387416013542,0.0,0.22916666666666666,23.616875063202546,20000277
EDF-Threshold,9.382217712215589,7,0.5833333333333334,0.6437180710585922,0.5833333333333334,0.41666666666666663,0.7918299214396253,0.24543638339226312,0.0,0.2916666666666667,19.97923241072798,20000278
EDF-Threshold,10.58944442927974,8,0.6666666666666666,0.6488595433449997,0.6666666666666666,0.33333333333333337,0.7872764897864624,0.2435739561925483,0.0,0.25,22.03471356620453,20000279
EDF-Threshold,15.323823657656137,11,0.9166666666666666,0.9060962330339286,0.9166666666666666,0.08333333333333337,0.7999557890713455,0.2551587652745599,0.0,0.1875,24.455893318842392,20000280
EDF-Threshold,11.050326518515718,8,0.6666666666666666,0.7205834317754534,0.75,0.33333333333333337,0.778827346112075,0.29473717336499394,0.0,0.20833333333333334,22.749662438740295,20000281
EDF-Threshold,9.60204247542224,7,0.5833333333333334,0.619483738662704,0.6666666666666666,0.41666666666666663,0.8308993584410418,0.30661971999152304,0.0,0.20833333333333334,24.139233074952816,20000282
EDF-Threshold,13.977614575964706,10,0.8333333333333334,0.8192629596941121,0.8333333333333334,0.16666666666666663,0.8107590398505286,0.25317191502612596,0.0,0.22916666666666666,23.93747525625175,20000283
EDF-Threshold,11.472939324771458,8,0.6666666666666666,0.7263575172341126,0.6666666666666666,0.33333333333333337,0.7853604466683347,0.29063622829137353,0.0,0.22916666666666666,22.37034131644534,20000284
EDF-Threshold,12.542980254108958,9,0.75,0.7104063119800966,0.75,0.25,0.7691711206561577,0.2638072403365907,0.0,0.20833333333333334,22.296106067892048,20000285
EDF-Threshold,9.857506141422355,7,0.5833333333333334,0.5428499033065969,0.6666666666666666,0.41666666666666663,0.8007080921440778,0.31580972397692986,0.0,0.1875,22.473536527795897,20000286
EDF-Threshold,15.768071431120163,11,0.9166666666666666,0.9443402803084145,0.9166666666666666,0.08333333333333337,0.8239094632261986,0.24933720662382994,0.0,0.1875,24.90069339664158,20000287
EDF-Threshold,12.799621020508653,9,0.75,0.8076463584534258,0.75,0.25,0.773809701480135,0.2924836374978866,0.0,0.16666666666666666,22.847480666800838,20000288
EDF-Threshold,14.3079754619476,10,0.8333333333333334,0.8610604333054848,0.8333333333333334,0.16666666666666663,0.8311041400790998,0.19763994036534047,0.0,0.2708333333333333,23.979839553851388,20000289
EDF-Threshold,9.478113816212305,7,0.5833333333333334,0.5162043669288514,0.75,0.41666666666666663,0.7818991940935054,0.2982895213178611,0.0,0.1875,23.076864692044534,20000290
EDF-Threshold,13.796634427696672,10,0.8333333333333334,0.7930565812949211,0.8333333333333334,0.16666666666666663,0.8073482653996903,0.27270106827115187,0.0,0.1875,23.96622672161505,20000291
EDF-Threshold,9.428979664415808,7,0.5833333333333334,0.5946374579722644,0.6666666666666666,0.41666666666666663,0.7979724542672667,0.28896489644555484,0.0,0.22916666666666666,21.657423845779928,20000292
EDF-Threshold,12.271108943788414,9,0.75,0.6961697025320529,0.75,0.25,0.7729689482626233,0.277073197624969,0.0,0.1875,21.90817036047423,20000293
EDF-Threshold,7.8906458272319515,6,0.5,0.5392220955195223,0.5833333333333334,0.5,0.7941191950353467,0.3090204718920609,0.0,0.20833333333333334,22.896333255988225,20000294
EDF-Threshold,4.3209830583200155,4,0.3333333333333333,0.3931700982707552,0.6666666666666666,0.6666666666666667,0.7840260511120642,0.25834393570412423,0.0,0.25,22.15025117428299,20000295
EDF-Threshold,11.58825432884075,8,0.6666666666666666,0.7030074746455728,0.6666666666666666,0.33333333333333337,0.8384743352544417,0.2949643179182399,0.0,0.22916666666666666,23.88831692360437,20000296
EDF-Threshold,11.861464575509288,9,0.75,0.6739417827388174,0.75,0.25,0.7962061487689915,0.24887761476138737,0.0,0.22916666666666666,23.054095487567157,20000297
EDF-Threshold,10.609049331949704,8,0.6666666666666666,0.5889290517395538,0.75,0.33333333333333337,0.8123132036247777,0.28569141382433033,0.0,0.1875,22.852990295659676,20000298
EDF-Threshold,8.67925955665543,7,0.5833333333333334,0.5644161398765001,0.75,0.41666666666666663,0.7834049782879672,0.2805880052400052,0.0,0.1875,22.747585268612816,20000299
EDF-Threshold,9.780711554776005,7,0.5833333333333334,0.6345754819127919,0.5833333333333334,0.41666666666666663,0.8222110156447678,0.3420207607711953,0.0,0.20833333333333334,22.591680305358445,20000300
EDF-Threshold,14.073153290611616,10,0.8333333333333334,0.8136920764951192,0.8333333333333334,0.16666666666666663,0.8142963740622543,0.3260332314625831,0.0,0.16666666666666666,24.773290604242764,20000301
EDF-Threshold,11.538025966879847,8,0.6666666666666666,0.6488979076393039,0.6666666666666666,0.33333333333333337,0.7869733447577566,0.2724801978305422,0.0,0.22916666666666666,23.032137583066355,20000302
EDF-Threshold,9.664208609604154,7,0.5833333333333334,0.6706236882528721,0.75,0.41666666666666663,0.8169359313839851,0.2716138572626517,0.0,0.20833333333333334,23.637943562782063,20000303
EDF-Threshold,15.60451895811119,11,0.9166666666666666,0.8918879750027561,0.9166666666666666,0.08333333333333337,0.8249135571535433,0.3056131917622333,0.0,0.125,26.307594565009225,20000304
EDF-Threshold,17.349096559033637,12,1.0,1.0,1.0,0.0,0.8249500297567138,0.24525387720406036,0.0,0.16666666666666666,25.3727413975841,20000305
EDF-Threshold,14.522889409372045,10,0.8333333333333334,0.8539172053286793,0.9166666666666666,0.16666666666666663,0.7789289283168556,0.30178487601986687,0.0,0.125,26.396391160911524,20000306
EDF-Threshold,9.459265003574238,7,0.5833333333333334,0.6222279397982226,0.6666666666666666,0.41666666666666663,0.786242073349201,0.3031423937263403,0.0,0.25,21.40609627688004,20000307
EDF-Threshold,11.334704594807441,8,0.6666666666666666,0.6849343857311698,0.6666666666666666,0.33333333333333337,0.7931053876099593,0.3569998241364109,0.0,0.14583333333333334,23.808634975544855,20000308
EDF-Threshold,11.593107179396972,8,0.6666666666666666,0.6609771394717884,0.6666666666666666,0.33333333333333337,0.8236878602538559,0.34111150323664613,0.0,0.1875,23.97023958059844,20000309
EDF-Threshold,10.494057480806461,8,0.6666666666666666,0.6534873038780793,0.8333333333333334,0.33333333333333337,0.8060894873472352,0.2798942638196395,0.0,0.20833333333333334,22.041897351303778,20000310
EDF-Threshold,7.807721324868825,6,0.5,0.5351047125054816,0.75,0.5,0.7885239600154833,0.2859515741649852,0.0,0.22916666666666666,22.401788891566866,20000311
EDF-Threshold,9.896304563086595,7,0.5833333333333334,0.6665778411777269,0.75,0.41666666666666663,0.8268854377708349,0.2582196241844587,0.0,0.22916666666666666,23.24248682495709,20000312
EDF-Threshold,8.933858322903095,7,0.5833333333333334,0.5195476630074342,0.6666666666666666,0.41666666666666663,0.822834592140913,0.31229038145519944,0.0,0.1875,23.039808535376142,20000313
EDF-Threshold,11.16555793875223,8,0.6666666666666666,0.7634391802820604,0.6666666666666666,0.33333333333333337,0.779631208753254,0.3172641295263297,0.0,0.20833333333333334,22.425346600241504,20000314
EDF-Threshold,4.6032600620730495,4,0.3333333333333333,0.410946089714688,0.6666666666666666,0.6666666666666667,0.812943694792056,0.3131396550401789,0.0,0.20833333333333334,22.967060342119936,20000315
EDF-Threshold,11.083129941538754,8,0.6666666666666666,0.5911399307665731,0.6666666666666666,0.33333333333333337,0.794545496204694,0.312258528315551,0.0,0.20833333333333334,21.950385645570957,20000316
EDF-Threshold,10.821643722399426,8,0.6666666666666666,0.6326104160078782,0.75,0.33333333333333337,0.8127086981224497,0.2735211298660832,0.0,0.20833333333333334,24.17806256251527,20000317
EDF-Threshold,8.250480317424673,6,0.5,0.5501247936803462,0.6666666666666666,0.5,0.7970185482202932,0.3701861672855739,0.0,0.14583333333333334,23.866186375059673,20000318
EDF-Threshold,6.104962034460952,5,0.4166666666666667,0.44208860014290585,0.5833333333333334,0.5833333333333333,0.8045993788029749,0.3169394078295335,0.0,0.20833333333333334,22.947562651099148,20000319
EDF-Threshold,11.387594988856264,8,0.6666666666666666,0.5879830366644662,0.75,0.33333333333333337,0.7868931407210381,0.2909052300490649,0.0,0.1875,23.337783617017184,20000320
EDF-Threshold,13.666773861503595,10,0.8333333333333334,0.7603328025977458,0.8333333333333334,0.16666666666666663,0.8062045768373984,0.24573769590669015,0.0,0.1875,24.270767217916532,20000321
EDF-Threshold,11.302848958999608,8,0.6666666666666666,0.673105902254222,0.6666666666666666,0.33333333333333337,0.7993057515971013,0.2776160404118254,0.0,0.20833333333333334,21.856627093614556,20000322
EDF-Threshold,8.002206402118496,6,0.5,0.5111194889917284,0.75,0.5,0.7828494416748715,0.3252551290380334,0.0,0.14583333333333334,23.997540388266973,20000323
EDF-Threshold,11.832231279743018,8,0.6666666666666666,0.6830957329567198,0.8333333333333334,0.33333333333333337,0.8301244134723097,0.322331394745979,0.0,0.125,26.8910225135973,20000324
EDF-Threshold,12.353651522356904,9,0.75,0.6965895932335844,0.8333333333333334,0.25,0.8101076427681867,0.2981682615610796,0.0,0.14583333333333334,24.54734700255486,20000325
EDF-Threshold,11.382947527673585,8,0.6666666666666666,0.5998537591855637,0.6666666666666666,0.33333333333333337,0.8015717058922345,0.2787377244104688,0.0,0.25,22.05838679670205,20000326
EDF-Threshold,14.644812423488842,10,0.8333333333333334,0.8338445034957906,0.8333333333333334,0.16666666666666663,0.8171468589756179,0.23978341652505034,0.0,0.20833333333333334,24.11203105872211,20000327
EDF-Threshold,12.660850135257462,9,0.75,0.6968032945534653,0.75,0.25,0.7943950937349801,0.3289002587279025,0.0,0.16666666666666666,24.393727404948056,20000328
EDF-Threshold,7.991365236808639,6,0.5,0.49662923536787007,0.6666666666666666,0.5,0.8091428280540661,0.28755668838921283,0.0,0.22916666666666666,22.290292912336486,20000329
EDF-Threshold,6.070667620999118,5,0.4166666666666667,0.5082637102054953,0.6666666666666666,0.5833333333333333,0.7823448000379415,0.2614048446428736,0.0,0.22916666666666666,22.07977093732245,20000330
EDF-Threshold,14.516317349836829,10,0.8333333333333334,0.8515277725938194,0.9166666666666666,0.16666666666666663,0.8802662758945651,0.30637894623919754,0.0,0.16666666666666666,25.360016106242107,20000331
EDF-Threshold,8.137919574562401,6,0.5,0.633894537235581,0.75,0.5,0.8115660649406499,0.26238995214820576,0.0,0.20833333333333334,23.80714582465819,20000332
EDF-Threshold,5.666053478856698,5,0.4166666666666667,0.46853940610842876,0.6666666666666666,0.5833333333333333,0.7938963389276726,0.26539476473892804,0.0,0.25,21.783461956882686,20000333
EDF-Threshold,11.403161190947554,8,0.6666666666666666,0.6235620092256641,0.75,0.33333333333333337,0.7922057276042408,0.27439759916936673,0.0,0.20833333333333334,23.449941389769513,20000334
EDF-Threshold,9.540069754246739,7,0.5833333333333334,0.6415060586382942,0.6666666666666666,0.41666666666666663,0.7835570109967613,0.2931283044545525,0.0,0.20833333333333334,22.440512516859062,20000335
EDF-Threshold,5.059813474235767,4,0.3333333333333333,0.3950487822701504,0.75,0.6666666666666667,0.8171233830554613,0.3548575130997534,0.0,0.16666666666666666,24.259797792135483,20000336
EDF-Threshold,9.209177841241099,7,0.5833333333333334,0.5096682389784705,0.75,0.41666666666666663,0.7937460819493228,0.33900147693346777,0.0,0.16666666666666666,23.17972611700084,20000337
EDF-Threshold,14.475162903348577,10,0.8333333333333334,0.828131756338767,0.8333333333333334,0.16666666666666663,0.8407746959693245,0.2778918716336229,0.0,0.16666666666666666,26.332262575468068,20000338
EDF-Threshold,12.303426220459425,9,0.75,0.7028204328399341,0.75,0.25,0.821348293669443,0.297475389888782,0.0,0.16666666666666666,24.246953672440867,20000339
EDF-Threshold,7.270986519776919,6,0.5,0.4996729082863358,0.5833333333333334,0.5,0.7864782450667746,0.26683674562262866,0.0,0.2708333333333333,20.365194753317137,20000340
EDF-Threshold,14.649131376456339,10,0.8333333333333334,0.8150160772254643,0.8333333333333334,0.16666666666666663,0.8128872627615683,0.3194270730291979,0.0,0.16666666666666666,24.122828441140847,20000341
EDF-Threshold,14.26059519262733,10,0.8333333333333334,0.8469741339131998,0.8333333333333334,0.16666666666666663,0.788394264429153,0.34708449288863535,0.0,0.16666666666666666,23.151487981568323,20000342
EDF-Threshold,10.750228175294126,8,0.6666666666666666,0.554798600667037,0.75,0.33333333333333337,0.7798767224101054,0.26303667582243306,0.0,0.1875,23.236397060157373,20000343
EDF-Threshold,9.560431432064757,7,0.5833333333333334,0.6471883271945037,0.6666666666666666,0.41666666666666663,0.7816546886967499,0.26873909716561123,0.0,0.22916666666666666,22.30131735760407,20000344
EDF-Threshold,6.587265236823868,5,0.4166666666666667,0.44745386209277627,0.6666666666666666,0.5833333333333333,0.7966327711602976,0.3028395539971113,0.0,0.20833333333333334,22.900730679907152,20000345
EDF-Threshold,7.369638537795982,6,0.5,0.4588817791145447,0.6666666666666666,0.5,0.7930806379908235,0.25441855987917844,0.0,0.25,21.970916292568212,20000346
EDF-Threshold,9.422660860531238,7,0.5833333333333334,0.5777441019906667,0.75,0.41666666666666663,0.8065544259472123,0.32742916206290645,0.0,0.14583333333333334,24.44478812433513,20000347
EDF-Threshold,9.328975682498562,7,0.5833333333333334,0.5452699197454417,0.6666666666666666,0.41666666666666663,0.8143402101087368,0.337458451532666,0.0,0.16666666666666666,22.902211325064172,20000348
EDF-Threshold,17.473160722863984,12,1.0,1.0,1.0,0.0,0.8399629589461952,0.34243847211025297,0.0,0.10416666666666667,25.682901807159958,20000349
EDF-Threshold,8.151845476874588,6,0.5,0.5350465908791704,0.6666666666666666,0.5,0.7838650848445964,0.35733731311392924,0.0,0.16666666666666666,23.08687319794742,20000350
EDF-Threshold,8.195884432331892,6,0.5,0.5471350344308944,0.75,0.5,0.8230999547215462,0.28461816293336145,0.0,0.1875,24.075902590850323,20000351
EDF-Threshold,6.206913444163458,5,0.4166666666666667,0.4892062642604647,0.75,0.5833333333333333,0.809785485420072,0.265984209413757,0.0,0.20833333333333334,23.85270457851858,20000352
EDF-Threshold,9.854621092965234,7,0.5833333333333334,0.6574208006513786,0.6666666666666666,0.41666666666666663,0.8021130339673465,0.27730064066027466,0.0,0.22916666666666666,22.186811867869498,20000353
EDF-Threshold,10.852869635366018,8,0.6666666666666666,0.6332516776658648,0.75,0.33333333333333337,0.7652627747892725,0.26270018606939244,0.0,0.20833333333333334,22.213520708447238,20000354
EDF-Threshold,14.147014558604225,10,0.8333333333333334,0.8435414238023327,0.8333333333333334,0.16666666666666663,0.789173385541963,0.31042506973177936,0.0,0.16666666666666666,24.209652155555673,20000355
EDF-Threshold,12.957051280836042,9,0.75,0.7453095555746609,0.8333333333333334,0.25,0.81503901546442,0.30352492619221677,0.0,0.16666666666666666,24.48775576762601,20000356
EDF-Threshold,13.078428941802466,9,0.75,0.7714537433524947,0.75,0.25,0.8152604313770674,0.28032331446824554,0.0,0.22916666666666666,22.94607235450617,20000357
EDF-Threshold,17.193967005168318,12,1.0,1.0,1.0,0.0,0.8256411656210106,0.225097217478904,0.0,0.22916666666666666,24.984917512920795,20000358
EDF-Threshold,16.06215947402953,11,0.9166666666666666,0.8751202952640644,0.9166666666666666,0.08333333333333337,0.8430639718659058,0.28199845565107257,0.0,0.16666666666666666,25.59811922148033,20000359
EDF-Threshold,12.624353071777357,9,0.75,0.7822438652526064,0.75,0.25,0.8192780265630817,0.22483214041341945,0.0,0.2708333333333333,23.35116346687968,20000360
EDF-Threshold,6.497841728713804,5,0.4166666666666667,0.42496445558476975,0.75,0.5833333333333333,0.8025481788973551,0.30736781811258784,0.0,0.16666666666666666,24.225568230822777,20000361
EDF-Threshold,9.413942902065791,7,0.5833333333333334,0.6020973939816405,0.6666666666666666,0.41666666666666663,0.7615725843524276,0.34850856567676886,0.0,0.16666666666666666,22.62005461152804,20000362
EDF-Threshold,2.617358274880237,3,0.25,0.2982639797629356,0.5833333333333334,0.75,0.7869480360509858,0.32297215127624773,0.0,0.20833333333333334,21.810031822012522,20000363
EDF-Threshold,9.184646299025848,7,0.5833333333333334,0.5294187879664941,0.6666666666666666,0.41666666666666663,0.7686015134818293,0.2556362017098581,0.0,0.22916666666666666,22.133554637020165,20000364
EDF-Threshold,8.026016030981722,6,0.5,0.564423783524878,0.5833333333333334,0.5,0.7684540767907949,0.25312058568608026,0.0,0.2916666666666667,20.19615930266452,20000365
EDF-Threshold,10.327606675954646,7,0.5833333333333334,0.5870418870848089,0.6666666666666666,0.41666666666666663,0.8184618467167873,0.3050399812938138,0.0,0.22916666666666666,23.78753023220397,20000366
EDF-Threshold,11.496776678322297,8,0.6666666666666666,0.6820751504717713,0.8333333333333334,0.33333333333333337,0.8211296667558682,0.2773283213006637,0.0,0.16666666666666666,24.304967205654336,20000367
EDF-Threshold,14.218889787738654,10,0.8333333333333334,0.814985628187016,0.8333333333333334,0.16666666666666663,0.8203661011890624,0.2512643492938756,0.0,0.20833333333333334,23.734940776027038,20000368
EDF-Threshold,11.536619699971185,8,0.6666666666666666,0.6592914667605196,0.6666666666666666,0.33333333333333337,0.8234505885792004,0.33293863965357984,0.0,0.20833333333333334,24.028527959981506,20000369
EDF-Threshold,10.814889096020254,8,0.6666666666666666,0.6459777997403082,0.75,0.33333333333333337,0.7952302411207697,0.23705485651565086,0.0,0.25,22.72866374974716,20000370
EDF-Threshold,10.73287033126895,8,0.6666666666666666,0.6253714614607077,0.6666666666666666,0.33333333333333337,0.8201874379323831,0.2842811367492331,0.0,0.20833333333333334,23.029998087085094,20000371
EDF-Threshold,5.832989184994445,5,0.4166666666666667,0.39175104389650595,0.5833333333333334,0.5833333333333333,0.781062345648125,0.3058824686176292,0.0,0.22916666666666666,22.051887455765346,20000372
EDF-Threshold,15.90554965744217,11,0.9166666666666666,0.9505439746704275,0.9166666666666666,0.08333333333333337,0.7960141011480865,0.28861704610193145,0.0,0.14583333333333334,24.513874143605424,20000373
EDF-Threshold,12.953876224946887,9,0.75,0.7847606515688502,0.75,0.25,0.7974849713482498,0.2931767549546304,0.0,0.20833333333333334,23.149210696192267,20000374
EDF-Threshold,13.07953736780884,9,0.75,0.7189355948674772,0.8333333333333334,0.25,0.8412766027461819,0.32760530497040813,0.0,0.14583333333333334,26.162609708127636,20000375
EDF-Threshold,9.356460902657355,7,0.5833333333333334,0.6372225067468973,0.75,0.41666666666666663,0.7928241588861639,0.24012788119575937,0.0,0.25,21.678455977104893,20000376
EDF-Threshold,11.932878719717863,9,0.75,0.6278538024510304,0.75,0.25,0.7961867223689477,0.23260858845719704,0.0,0.22916666666666666,22.100546338840775,20000377
EDF-Threshold,12.631928248326926,9,0.75,0.6821455861032286,0.75,0.25,0.7866913661901096,0.28522214131275087,0.0,0.1875,23.890950015442172,20000378
EDF-Threshold,8.132757089672161,6,0.5,0.6070368374086258,0.8333333333333334,0.5,0.8422566479748402,0.26674903389513843,0.0,0.20833333333333334,23.736466379812416,20000379
EDF-Threshold,12.596701124207804,9,0.75,0.7752352825810437,0.75,0.25,0.8069282103626266,0.34296443646234676,0.0,0.14583333333333334,24.192570374912407,20000380
EDF-Threshold,3.27834547228964,3,0.25,0.31909156285923634,0.6666666666666666,0.75,0.8036570989043962,0.304164901828377,0.0,0.20833333333333334,23.398158911306165,20000381
EDF-Threshold,15.205085407763866,11,0.9166666666666666,0.8247587964879989,0.9166666666666666,0.08333333333333337,0.8241595135833956,0.3524763395171136,0.0,0.10416666666666667,25.50140023717162,20000382
EDF-Threshold,14.15301575088968,10,0.8333333333333334,0.7510662033115257,0.8333333333333334,0.16666666666666663,0.809567615334499,0.2694048942028188,0.0,0.20833333333333334,23.59574564653019,20000383
EDF-Threshold,9.643307512394745,7,0.5833333333333334,0.6418339160057773,0.6666666666666666,0.41666666666666663,0.7899048816513576,0.30202530458610005,0.0,0.1875,22.47845760298002,20000384
EDF-Threshold,7.144040045181957,6,0.5,0.4339910568681387,0.75,0.5,0.8014794878708686,0.24445852733218768,0.0,0.22916666666666666,21.562216490353084,20000385
EDF-Threshold,5.780116944352242,5,0.4166666666666667,0.42340292918961087,0.5833333333333334,0.5833333333333333,0.7610349990665867,0.29242610337125835,0.0,0.22916666666666666,20.05979744785481,20000386
EDF-Threshold,14.643252574461371,10,0.8333333333333334,0.8515689951437148,0.8333333333333334,0.16666666666666663,0.8168870228290054,0.33940116584292807,0.0,0.125,25.20876671651691,20000387
EDF-Threshold,15.55773207133284,11,0.9166666666666666,0.8874413006884836,0.9166666666666666,0.08333333333333337,0.8494636322394599,0.2874710434374002,0.0,0.14583333333333334,25.57406981811799,20000388
EDF-Threshold,12.92483868338022,9,0.75,0.710244914091878,0.8333333333333334,0.25,0.8444028555700739,0.3908015878632532,0.0,0.125,25.702996537888197,20000389
EDF-Threshold,12.670710139269358,9,0.75,0.7280131237449886,0.75,0.25,0.8271927172807927,0.3128880610415091,0.0,0.16666666666666666,23.940133903536854,20000390
EDF-Threshold,12.813117869212348,9,0.75,0.8292548585905299,0.75,0.25,0.8232328476084287,0.31411275001966765,0.0,0.1875,23.04415268311499,20000391
EDF-Threshold,14.349168389797628,10,0.8333333333333334,0.7949852274940663,0.8333333333333334,0.16666666666666663,0.8191262046868291,0.27630481696914166,0.0,0.1875,24.122848833080678,20000392
EDF-Threshold,4.400711098861442,4,0.3333333333333333,0.38245303337004294,0.5833333333333334,0.6666666666666667,0.8211718445261568,0.28915893054712677,0.0,0.22916666666666666,22.858910954129396,20000393
EDF-Threshold,9.598953635262951,7,0.5833333333333334,0.5134425604397369,0.6666666666666666,0.41666666666666663,0.8185709806421366,0.2748666592569897,0.0,0.25,22.575137580851596,20000394
EDF-Threshold,12.591565900987149,9,0.75,0.6704672842704762,0.8333333333333334,0.25,0.8491479891407562,0.2741660664984292,0.0,0.20833333333333334,24.944985712763923,20000395
EDF-Threshold,9.337597105173021,7,0.5833333333333334,0.6860780829386305,0.6666666666666666,0.41666666666666663,0.7816046364756328,0.22958649939844178,0.0,0.2708333333333333,19.941925034598434,20000396
EDF-Threshold,15.712101844627682,11,0.9166666666666666,0.8888703956687699,0.9166666666666666,0.08333333333333337,0.8152399347826974,0.29721918286787735,0.0,0.125,26.42953491992075,20000397
EDF-Threshold,15.600007579326686,11,0.9166666666666666,0.9287306554884953,0.9166666666666666,0.08333333333333337,0.7981239800062051,0.29751286181434655,0.0,0.14583333333333334,24.434126571897842,20000398
EDF-Threshold,8.99378108959184,7,0.5833333333333334,0.5982468889878882,0.6666666666666666,0.41666666666666663,0.7862745327398314,0.2742218435837733,0.0,0.25,21.822508523340915,20000399
EDF-Threshold,9.005663490858582,7,0.5833333333333334,0.6161992734502933,0.75,0.41666666666666663,0.7909129095176612,0.24552706196847243,0.0,0.25,22.110629592573922,20000400
EDF-Threshold,7.877537588561349,6,0.5,0.5027986199694028,0.5833333333333334,0.5,0.8182085720515211,0.26762268854090404,0.0,0.2708333333333333,22.283063266369606,20000401
EDF-Threshold,8.025902524864499,6,0.5,0.5161736550437604,0.5833333333333334,0.5,0.7972102559128015,0.26547540344321346,0.0,0.25,22.504278103342653,20000402
EDF-Threshold,9.427098369187908,7,0.5833333333333334,0.5289806479878172,0.6666666666666666,0.41666666666666663,0.7823695342173483,0.3046159312210969,0.0,0.20833333333333334,22.0853181927258,20000403
EDF-Threshold,9.12790618458337,7,0.5833333333333334,0.6375105631064938,0.5833333333333334,0.41666666666666663,0.7687351835091581,0.2933551704380382,0.0,0.22916666666666666,21.048348813415192,20000404
EDF-Threshold,6.27226764276007,5,0.4166666666666667,0.4416010472035375,0.5833333333333334,0.5833333333333333,0.790353333829192,0.22739871324545327,0.0,0.2916666666666667,20.943981016984857,20000405
EDF-Threshold,11.439413719324664,8,0.6666666666666666,0.6861497630462254,0.75,0.33333333333333337,0.8307504923680353,0.33773187336104754,0.0,0.16666666666666666,24.468259449458525,20000406
EDF-Threshold,11.582049958772705,8,0.6666666666666666,0.7416171222910746,0.75,0.33333333333333337,0.8110961872727515,0.32298533424920767,0.0,0.1875,24.462302516159244,20000407
EDF-Threshold,7.34186418134368,6,0.5,0.41995079660048085,0.8333333333333334,0.5,0.8017140135131795,0.22529260820036978,0.0,0.22916666666666666,23.169300394023782,20000408
EDF-Threshold,6.182799416652309,5,0.4166666666666667,0.48202133313300616,0.6666666666666666,0.5833333333333333,0.8523787053698619,0.30401148260984473,0.0,0.20833333333333334,24.33940718521957,20000409
EDF-Threshold,12.442666985270026,9,0.75,0.784352009901502,0.75,0.25,0.8225362867361592,0.2448548621316057,0.0,0.20833333333333334,23.430633171522263,20000410
EDF-Threshold,9.495658233865568,7,0.5833333333333334,0.5932159339305986,0.75,0.41666666666666663,0.7676224094335007,0.29163925858899953,0.0,0.1875,21.940809443496057,20000411
EDF-Threshold,11.27043538509826,8,0.6666666666666666,0.6817236329870326,0.6666666666666666,0.33333333333333337,0.7973699270694355,0.28234052359253425,0.0,0.25,22.53124230657339,20000412
EDF-Threshold,8.942072708926029,7,0.5833333333333334,0.5675163818066334,0.75,0.41666666666666663,0.8314496408506252,0.2088632441137194,0.0,0.2708333333333333,22.607763924638657,20000413
EDF-Threshold,11.47537274559761,8,0.6666666666666666,0.7102429469090468,0.75,0.33333333333333337,0.7771434011816378,0.3009050974386795,0.0,0.20833333333333334,22.742648093625146,20000414
EDF-Threshold,13.238422392651094,9,0.75,0.8156307269126519,0.75,0.25,0.8315518415157448,0.3192252104482422,0.0,0.16666666666666666,25.212668523914175,20000415
EDF-Threshold,7.095734750581803,6,0.5,0.45566726543776787,0.6666666666666666,0.5,0.7883253599120801,0.2924157876748688,0.0,0.20833333333333334,22.3629451770412,20000416
EDF-Threshold,11.169492452582828,8,0.6666666666666666,0.673564645902809,0.75,0.33333333333333337,0.8086455976630728,0.2696948252897457,0.0,0.22916666666666666,22.990840808061442,20000417
EDF-Threshold,15.8837459176732,11,0.9166666666666666,0.9461829003078187,0.9166666666666666,0.08333333333333337,0.8124308919826365,0.268559842127127,0.0,0.14583333333333334,24.45936479418299,20000418
EDF-Threshold,9.214134395372819,7,0.5833333333333334,0.5996502318602629,0.5833333333333334,0.41666666666666663,0.7801681670334372,0.2869004492563975,0.0,0.25,20.705939298378894,20000419
EDF-Threshold,15.63375627499445,11,0.9166666666666666,0.861171949506188,0.9166666666666666,0.08333333333333337,0.8321306413837379,0.30721516251880926,0.0,0.14583333333333334,25.00718319868266,20000420
EDF-Threshold,9.657026285934952,7,0.5833333333333334,0.553192069356678,0.6666666666666666,0.41666666666666663,0.8040612164513986,0.2931683230338669,0.0,0.22916666666666666,22.495707399663637,20000421
EDF-Threshold,14.27581250903796,10,0.8333333333333334,0.7784727383279794,0.8333333333333334,0.16666666666666663,0.8124787503820241,0.21178452486464705,0.0,0.22916666666666666,23.18953127259491,20000422
EDF-Threshold,13.68006075967679,10,0.8333333333333334,0.8043897677873842,0.8333333333333334,0.16666666666666663,0.7841854594693493,0.27220790358607594,0.0,0.16666666666666666,23.84036982669922,20000423
EDF-Threshold,6.222815995221824,5,0.4166666666666667,0.4333600303612669,0.75,0.5833333333333333,0.7854962699852148,0.29523674645700165,0.0,0.1875,22.107144723142294,20000424
EDF-Threshold,7.514956460120086,6,0.5,0.4600660447064367,0.6666666666666666,0.5,0.7661615907434495,0.3094978575587874,0.0,0.1875,21.94495991856461,20000425
EDF-Threshold,12.374016250012719,9,0.75,0.7049257338527423,0.75,0.25,0.8286040700438534,0.2881322951201903,0.0,0.20833333333333334,24.032046307295825,20000426
EDF-Threshold,14.44079943277866,10,0.8333333333333334,0.7988100573504097,0.8333333333333334,0.16666666666666663,0.8375614268196419,0.27737311734547765,0.0,0.20833333333333334,24.326572719555617,20000427
EDF-Threshold,14.663966677332615,10,0.8333333333333334,0.7980224993123696,0.8333333333333334,0.16666666666666663,0.8112758996006436,0.33809062266556483,0.0,0.14583333333333334,25.721303560250732,20000428
EDF-Threshold,12.38601617034141,9,0.75,0.8049209922310382,0.8333333333333334,0.25,0.7948296516310865,0.30181847464823963,0.0,0.1875,22.119724847688754,20000429
EDF-Threshold,13.811289105066995,10,0.8333333333333334,0.8390048241964735,0.8333333333333334,0.16666666666666663,0.8135627484051479,0.27811366299732115,0.0,0.1875,23.503633202874667,20000430
EDF-Threshold,11.285464791363015,8,0.6666666666666666,0.6700727617065965,0.75,0.33333333333333337,0.7990130018267395,0.26771035983161057,0.0,0.22916666666666666,22.77112328306993,20000431
EDF-Threshold,13.108561329085685,9,0.75,0.7422205366323921,0.9166666666666666,0.25,0.8464232058671631,0.30486107188749717,0.0,0.14583333333333334,26.522612083192143,20000432
EDF-Threshold,11.237118744017275,8,0.6666666666666666,0.6187561265730704,0.75,0.33333333333333337,0.8315832151180856,0.2958664083043186,0.0,0.20833333333333334,22.87718107957758,20000433
EDF-Threshold,10.973442126811122,8,0.6666666666666666,0.6834920776148982,0.6666666666666666,0.33333333333333337,0.8145680063339326,0.28498736673044306,0.0,0.22916666666666666,22.363109885190614,20000434
EDF-Threshold,15.119577671567855,10,0.8333333333333334,0.9104267239661905,0.8333333333333334,0.16666666666666663,0.8223985854623582,0.34559175122070623,0.0,0.125,25.298944178919633,20000435
EDF-Threshold,16.431345807161183,11,0.9166666666666666,0.9601017954110386,0.9166666666666666,0.08333333333333337,0.8371712918749951,0.3251482289090433,0.0,0.14583333333333334,25.828364517902962,20000436
EDF-Threshold,7.777682402879565,6,0.5,0.49977210455035426,0.8333333333333334,0.5,0.8285964838690285,0.3073927047012311,0.0,0.16666666666666666,24.049120553609278,20000437
EDF-Threshold,10.656640306191367,8,0.6666666666666666,0.6212469755097814,0.6666666666666666,0.33333333333333337,0.7717355781019494,0.21764492722016562,0.0,0.3125,19.641600765478422,20000438
EDF-Threshold,6.432586822676742,5,0.4166666666666667,0.40512958952370265,0.6666666666666666,0.5833333333333333,0.7830593212083864,0.2975407529186501,0.0,0.20833333333333334,22.47316143428225,20000439
EDF-Threshold,13.438673773894934,10,0.8333333333333334,0.7522010937459938,0.9166666666666666,0.16666666666666663,0.7992045763384322,0.2544464832814581,0.0,0.16666666666666666,23.926866716889542,20000440
EDF-Threshold,5.238988471989406,5,0.4166666666666667,0.3910807662322822,0.5,0.5833333333333333,0.7712393919590607,0.24456785613789855,0.0,0.3333333333333333,18.365239995257173,20000441
EDF-Threshold,15.891174254391068,11,0.9166666666666666,0.8970762030014748,0.9166666666666666,0.08333333333333337,0.822882902577195,0.28220547955454417,0.0,0.16666666666666666,25.075011571624028,20000442
EDF-Threshold,11.667025302757782,8,0.6666666666666666,0.6828610543270173,0.75,0.33333333333333337,0.8436993723482423,0.341022686789379,0.0,0.16666666666666666,24.387881254918984,20000443
EDF-Threshold,10.932988070632256,8,0.6666666666666666,0.6317401348726499,0.6666666666666666,0.33333333333333337,0.783262125181154,0.2807962944521875,0.0,0.20833333333333334,22.177173805326426,20000444
EDF-Threshold,6.021661775800435,5,0.4166666666666667,0.43997339462978696,0.6666666666666666,0.5833333333333333,0.80758002738041,0.25114172256622325,0.0,0.2708333333333333,21.64132352800109,20000445
EDF-Threshold,6.148692425267852,5,0.4166666666666667,0.38435072868932996,0.75,0.5833333333333333,0.8256268544241013,0.28156829937711597,0.0,0.1875,23.9253148991805,20000446
EDF-Threshold,6.45768082670123,5,0.4166666666666667,0.3888843746312408,0.6666666666666666,0.5833333333333333,0.7887220028986146,0.34850665034775213,0.0,0.16666666666666666,24.020419001112984,20000447
EDF-Threshold,12.927400138082302,9,0.75,0.7714845321183189,0.75,0.25,0.8114503074284313,0.3646113722926155,0.0,0.14583333333333334,25.025720270947563,20000448
EDF-Threshold,13.94167899851065,10,0.8333333333333334,0.7362359466404191,0.8333333333333334,0.16666666666666663,0.8091743706908394,0.2394503433899179,0.0,0.20833333333333334,24.578703323138782,20000449
EDF-Threshold,13.152615960109937,9,0.75,0.6766788133583052,0.75,0.25,0.8201541980096244,0.34853098193784476,0.0,0.14583333333333334,24.113497934072022,20000450
EDF-Threshold,10.768023912870698,8,0.6666666666666666,0.6486518164966457,0.75,0.33333333333333337,0.8280385366837958,0.2415114706099726,0.0,0.22916666666666666,23.04950294366047,20000451
EDF-Threshold,13.700532249392726,9,0.75,0.7158980206541418,0.75,0.25,0.8291352349362603,0.33657664794453024,0.0,0.1875,24.501330623481824,20000452
EDF-Threshold,4.590353617229278,4,0.3333333333333333,0.4042047775378798,0.5,0.6666666666666667,0.7779137619897009,0.29588793227657706,0.0,0.2916666666666667,19.40786441988952,20000453
EDF-Threshold,6.061699375271779,5,0.4166666666666667,0.5524603979927316,0.5,0.5833333333333333,0.7810328076902747,0.32331141066264035,0.0,0.22916666666666666,21.779382760714626,20000454
EDF-Threshold,12.663649049495216,9,0.75,0.7482120064878373,0.75,0.25,0.7880576313452172,0.31322599897300524,0.0,0.1875,22.615783921932536,20000455
EDF-Threshold,12.619976204551346,9,0.75,0.7749403187611663,0.75,0.25,0.826814820943536,0.2790537296576974,0.0,0.20833333333333334,23.019978460151794,20000456
EDF-Threshold,5.85659518982495,5,0.4166666666666667,0.397654720627177,0.5833333333333334,0.5833333333333333,0.7705106701748092,0.28657357576820647,0.0,0.22916666666666666,20.754119571190813,20000457
EDF-Threshold,2.9715823744123973,3,0.25,0.3109449943305141,0.5833333333333334,0.75,0.7924814713385979,0.31855278861498576,0.0,0.25,21.281381611298343,20000458
EDF-Threshold,14.521862350534523,10,0.8333333333333334,0.8079937071293773,0.8333333333333334,0.16666666666666663,0.856667283619291,0.3545543495883057,0.0,0.125,26.957453927593004,20000459
EDF-Threshold,16.01154733262962,11,0.9166666666666666,0.8693480665574548,0.9166666666666666,0.08333333333333337,0.8374884787683538,0.28174706393730437,0.0,0.125,26.49669697794325,20000460
EDF-Threshold,8.398282086609997,6,0.5,0.5634889447946658,0.6666666666666666,0.5,0.8060137465253261,0.3901656478755662,0.0,0.125,24.36976285206646,20000461
EDF-Threshold,14.313400208061326,10,0.8333333333333334,0.8160084302700334,0.8333333333333334,0.16666666666666663,0.8295469147377835,0.33599839040888363,0.0,0.16666666666666666,24.063688985879256,20000462
EDF-Threshold,14.975301788405577,10,0.8333333333333334,0.7663019495471216,0.8333333333333334,0.16666666666666663,0.8215539335482536,0.29655342369768484,0.0,0.16666666666666666,25.50689129806265,20000463
EDF-Threshold,11.231161722818577,8,0.6666666666666666,0.6806541951104053,0.75,0.33333333333333337,0.7827775702140873,0.26849432281227104,0.0,0.20833333333333334,23.85193225740182,20000464
EDF-Threshold,13.029226925145883,9,0.75,0.8331857152688515,0.75,0.25,0.8165130112036695,0.2642940446083762,0.0,0.22916666666666666,22.823067312864705,20000465
EDF-Threshold,4.1360961468433635,4,0.3333333333333333,0.35538686770191225,0.5833333333333334,0.6666666666666667,0.7601894722394126,0.24287787546059267,0.0,0.2708333333333333,19.83283489776807,20000466
EDF-Threshold,12.43844315888989,9,0.75,0.7063748382093487,0.9166666666666666,0.25,0.8127514766257012,0.22176905709316008,0.0,0.20833333333333334,24.2956131272287,20000467
EDF-Threshold,13.795257797208166,10,0.8333333333333334,0.757311655821267,0.8333333333333334,0.16666666666666663,0.7924323891890963,0.2751070263222256,0.0,0.1875,24.395850964598193,20000468
EDF-Threshold,11.0905003472548,8,0.6666666666666666,0.6527255209590308,0.75,0.33333333333333337,0.7909310202835171,0.2690331012732505,0.0,0.22916666666666666,22.77825765032922,20000469
EDF-Threshold,12.352251827568194,9,0.75,0.7913659080167297,0.8333333333333334,0.25,0.7971087230578155,0.2784774986605387,0.0,0.1875,22.699906369912483,20000470
EDF-Threshold,12.709281836240601,9,0.75,0.7315228740022885,0.75,0.25,0.8354791865582195,0.3423839420004349,0.0,0.125,24.956036603352874,20000471
EDF-Threshold,12.659724887188194,9,0.75,0.694867098238813,0.75,0.25,0.8091497064934864,0.27460510711297575,0.0,0.20833333333333334,23.303307963911436,20000472
EDF-Threshold,14.196510682031034,10,0.8333333333333334,0.8125591105808411,0.8333333333333334,0.16666666666666663,0.8365786430258563,0.2644936791198121,0.0,0.1875,24.39785743096542,20000473
EDF-Threshold,9.200771973568349,7,0.5833333333333334,0.5652578713059533,0.6666666666666666,0.41666666666666663,0.8149593268193863,0.29966168153175976,0.0,0.1875,23.807385709609413,20000474
EDF-Threshold,7.644651647165267,6,0.5,0.509009805333872,0.6666666666666666,0.5,0.8050256711371405,0.3364007741897474,0.0,0.16666666666666666,22.906510545310343,20000475
EDF-Threshold,10.742748269415271,8,0.6666666666666666,0.7090978397716795,0.75,0.33333333333333337,0.7793290119872562,0.25889243635565135,0.0,0.25,21.37317212863065,20000476
EDF-Threshold,11.093926381853223,8,0.6666666666666666,0.6888110331808882,0.6666666666666666,0.33333333333333337,0.7902614623109802,0.29429365872440777,0.0,0.1875,23.195935022115577,20000477
EDF-Threshold,9.276516762941856,7,0.5833333333333334,0.542069510901533,0.6666666666666666,0.41666666666666663,0.8059197274463986,0.31432661367301745,0.0,0.1875,23.161154836059186,20000478
EDF-Threshold,8.035546844722477,6,0.5,0.5037950152060112,0.75,0.5,0.7958295115263212,0.26804974196355835,0.0,0.20833333333333334,23.433051674483476,20000479
EDF-Threshold,15.204819855715119,10,0.8333333333333334,0.7730536613791525,0.8333333333333334,0.16666666666666663,0.8403687914338079,0.35504525812678284,0.0,0.14583333333333334,25.512049639287795,20000480
EDF-Threshold,15.801997219186266,11,0.9166666666666666,0.8738563680974366,0.9166666666666666,0.08333333333333337,0.814037595431849,0.2341301843439513,0.0,0.1875,24.81982020263236,20000481
EDF-Threshold,6.28454701743835,5,0.4166666666666667,0.40662714811148776,0.6666666666666666,0.5833333333333333,0.7868485460447098,0.3260208614658096,0.0,0.1875,23.01953865082258,20000482
EDF-Threshold,14.107404845026092,10,0.8333333333333334,0.797561472329439,0.8333333333333334,0.16666666666666663,0.8180817607428993,0.2651046411404004,0.0,0.16666666666666666,25.496597539383366,20000483
EDF-Threshold,7.843407015066262,6,0.5,0.4712735882671118,0.6666666666666666,0.5,0.8229000099248286,0.2636691574244341,0.0,0.25,22.871055850407664,20000484
EDF-Threshold,10.33710316085796,8,0.6666666666666666,0.5852097652423386,0.6666666666666666,0.33333333333333337,0.7721797918077851,0.2603299465073832,0.0,0.22916666666666666,20.884906511292503,20000485
EDF-Threshold,12.883203683987952,9,0.75,0.7711447533201752,0.75,0.25,0.8236685839807562,0.28059549718870164,0.0,0.22916666666666666,23.99866709797225,20000486
EDF-Threshold,9.422903802061786,7,0.5833333333333334,0.6142974549840814,0.6666666666666666,0.41666666666666663,0.8076313139030872,0.2825440531713234,0.0,0.20833333333333334,22.804113694762535,20000487
EDF-Threshold,9.49350902611591,7,0.5833333333333334,0.5951011405992945,0.6666666666666666,0.41666666666666663,0.8128245782590785,0.28075849120055674,0.0,0.22916666666666666,23.732262481542545,20000488
EDF-Threshold,11.286616769800911,8,0.6666666666666666,0.6834153551175015,0.6666666666666666,0.33333333333333337,0.7828593398722914,0.30998230749011607,0.0,0.1875,22.54336726420102,20000489
EDF-Threshold,9.49473628709994,7,0.5833333333333334,0.6125697533816611,0.75,0.41666666666666663,0.8228545147801443,0.29315708300950943,0.0,0.20833333333333334,23.671321362935334,20000490
EDF-Threshold,12.829889528844822,9,0.75,0.6619236587155817,0.75,0.25,0.8214202304759478,0.2861390058651064,0.0,0.22916666666666666,23.741801433930522,20000491
EDF-Threshold,13.161687651012823,9,0.75,0.7968387402321457,0.75,0.25,0.8204430416038404,0.3515245648013167,0.0,0.16666666666666666,24.279415955202467,20000492
EDF-Threshold,6.08387628557116,5,0.4166666666666667,0.4497388796413579,0.6666666666666666,0.5833333333333333,0.8048615667364493,0.2834789461343272,0.0,0.22916666666666666,21.530166219519806,20000493
EDF-Threshold,14.189573780985008,10,0.8333333333333334,0.7843826851573477,0.8333333333333334,0.16666666666666663,0.809766788364415,0.2846932978280597,0.0,0.16666666666666666,24.798355359690458,20000494
EDF-Threshold,10.78332756872767,8,0.6666666666666666,0.630428516435735,0.6666666666666666,0.33333333333333337,0.7900995411272556,0.2720407809984377,0.0,0.25,22.052064352397124,20000495
EDF-Threshold,16.294642799446393,11,0.9166666666666666,0.9352837700605214,0.9166666666666666,0.08333333333333337,0.8010439346512374,0.333948492365489,0.0,0.10416666666666667,26.78297160302108,20000496
EDF-Threshold,14.068631041681478,10,0.8333333333333334,0.7733172908467292,0.8333333333333334,0.16666666666666663,0.7741653961748649,0.2832005045180484,0.0,0.1875,23.33178151580831,20000497
EDF-Threshold,5.4043622497886075,5,0.4166666666666667,0.34703661212713455,0.6666666666666666,0.5833333333333333,0.8163692338015558,0.23231891205906693,0.0,0.25,22.56383488670488,20000498
EDF-Threshold,5.80412165564922,5,0.4166666666666667,0.46234038458688387,0.5833333333333334,0.5833333333333333,0.761340832276472,0.2993487652772194,0.0,0.22916666666666666,20.724599268771147,20000499
SPT-Periodic,13.99590136724275,10,0.8333333333333334,0.7265930654320614,0.8333333333333334,0.16666666666666663,0.8011707884987503,0.3385270414619277,0.0,0.125,24.631204443660963,20000000
SPT-Periodic,12.318172708192566,9,0.75,0.6232793949288084,0.8333333333333334,0.25,0.8118427443086919,0.3078847963790966,0.0,0.125,24.694168587481634,20000001
SPT-Periodic,12.839523749239174,9,0.75,0.6384771204178709,0.9166666666666666,0.25,0.8575135787213393,0.34148342277655847,0.0,0.125,26.612000519128355,20000002
SPT-Periodic,13.905956278926398,10,0.8333333333333334,0.7441562408070357,0.8333333333333334,0.16666666666666663,0.7704334393689699,0.2888500737822375,0.0,0.125,25.23149665038874,20000003
SPT-Periodic,13.584320607644964,10,0.8333333333333334,0.7245283874309036,0.8333333333333334,0.16666666666666663,0.7257303475254909,0.25653388589591974,0.0,0.125,23.532823046772236,20000004
SPT-Periodic,8.8463275052293,7,0.5833333333333334,0.4773618121384035,0.75,0.41666666666666663,0.7632465101727267,0.31984679985817605,0.0,0.125,23.44400359305625,20000005
SPT-Periodic,9.205321701247067,7,0.5833333333333334,0.4674437175432769,0.75,0.41666666666666663,0.7691469438754882,0.33388766507708273,0.0,0.125,22.35346128955065,20000006
SPT-Periodic,8.364948476212415,7,0.5833333333333334,0.3954788957597975,0.75,0.41666666666666663,0.7386938916600992,0.32442726564039076,0.0,0.125,21.889373039812106,20000007
SPT-Periodic,8.651772948971008,7,0.5833333333333334,0.4559618269059136,0.6666666666666666,0.41666666666666663,0.67212248543147,0.3292292015244479,0.0,0.125,21.32807637211605,20000008
SPT-Periodic,8.98631160794216,7,0.5833333333333334,0.4575069473326683,0.8333333333333334,0.41666666666666663,0.7452038425833377,0.3255892311072818,0.0,0.125,23.246028994226773,20000009
SPT-Periodic,8.70496974905747,7,0.5833333333333334,0.4299865229985015,0.75,0.41666666666666663,0.7381492535914201,0.2988092627796204,0.0,0.125,22.763541833001604,20000010
SPT-Periodic,12.355072483827174,9,0.75,0.6678383719696867,0.9166666666666666,0.25,0.7943322159936005,0.28919080649139633,0.0,0.125,25.212846784945064,20000011
SPT-Periodic,10.001755169243236,8,0.6666666666666666,0.45925979800858796,0.8333333333333334,0.33333333333333337,0.8112935120708363,0.3018705144822316,0.0,0.125,25.00154653015126,20000012
SPT-Periodic,12.623865518528333,9,0.75,0.6477280711645282,0.8333333333333334,0.25,0.7412344061823172,0.3110453953553369,0.0,0.125,23.556918390901966,20000013
SPT-Periodic,8.645177143054458,7,0.5833333333333334,0.462374473146647,0.75,0.41666666666666663,0.7491041097154412,0.32221967040951677,0.0,0.125,22.335749760011225,20000014
SPT-Periodic,16.778785867199538,11,0.9166666666666666,0.868776303578847,0.9166666666666666,0.08333333333333337,0.8587477617262375,0.33375610517507975,0.0,0.125,27.197900133442744,20000015
SPT-Periodic,12.14343345181043,9,0.75,0.6490321286803828,0.8333333333333334,0.25,0.7265790082656901,0.31113723660706705,0.0,0.125,23.89578845794907,20000016
SPT-Periodic,10.41382071589417,8,0.6666666666666666,0.5638217378640892,0.8333333333333334,0.33333333333333337,0.7366321601302402,0.31628984332218996,0.0,0.125,23.57353753758258,20000017
SPT-Periodic,7.624236352214828,6,0.5,0.4338979882154283,0.6666666666666666,0.5,0.7922145265647073,0.38363451209546634,0.0,0.125,23.659353569648946,20000018
SPT-Periodic,14.315513090506265,10,0.8333333333333334,0.7303747128313246,0.9166666666666666,0.16666666666666663,0.8574170755517608,0.29523322389031154,0.0,0.125,27.054218617143235,20000019
SPT-Periodic,10.66524759037037,8,0.6666666666666666,0.5147000103904483,0.8333333333333334,0.33333333333333337,0.7807699564088919,0.3069952729248852,0.0,0.125,24.35559162538955,20000020
SPT-Periodic,12.144611602777962,9,0.75,0.64440025454073,0.9166666666666666,0.25,0.7910432432585788,0.2592443109473139,0.0,0.125,25.800051969452387,20000021
SPT-Periodic,12.122363741863653,9,0.75,0.6105712827148457,0.8333333333333334,0.25,0.6953550713759036,0.2847204495449214,0.0,0.125,22.820795094751755,20000022
SPT-Periodic,12.299782058400655,9,0.75,0.6490611342371965,0.75,0.25,0.7518482614299709,0.33748337324031447,0.0,0.125,23.133273453506273,20000023
SPT-Periodic,12.398293686354094,9,0.75,0.6526656646472192,0.8333333333333334,0.25,0.8451904373604954,0.2990166174855118,0.0,0.125,25.205416115424374,20000024
SPT-Periodic,10.568299638624708,8,0.6666666666666666,0.571809895580389,0.6666666666666666,0.33333333333333337,0.7391483290284633,0.36022085757416383,0.0,0.125,22.13008991241025,20000025
SPT-Periodic,13.97081922135009,10,0.8333333333333334,0.7205485742193348,0.9166666666666666,0.16666666666666663,0.7957560718857014,0.3125949964743024,0.0,0.125,25.385023507693873,20000026
SPT-Periodic,13.752596912804991,10,0.8333333333333334,0.719780189323428,0.8333333333333334,0.16666666666666663,0.7569899388359298,0.3009201359625663,0.0,0.125,23.513160749394007,20000027
SPT-Periodic,14.121740743385587,10,0.8333333333333334,0.7611177499329838,0.9166666666666666,0.16666666666666663,0.7798394484758436,0.28906047628801596,0.0,0.125,24.431188328892468,20000028
SPT-Periodic,13.29556740943301,10,0.8333333333333334,0.6924306275656229,0.8333333333333334,0.16666666666666663,0.7368087692270427,0.27632815508738234,0.0,0.125,23.641450561012636,20000029
SPT-Periodic,7.234629713295673,6,0.5,0.41142185686345273,0.5833333333333334,0.5,0.659679385319715,0.3495467423859219,0.0,0.125,20.15648505944048,20000030
SPT-Periodic,10.814357692636149,8,0.6666666666666666,0.5777347623113102,0.75,0.33333333333333337,0.7690879396787125,0.31799011092272095,0.0,0.125,23.849417822646764,20000031
SPT-Periodic,10.698532939944364,8,0.6666666666666666,0.5473832035172643,0.8333333333333334,0.33333333333333337,0.8010655775123636,0.32873513376712604,0.0,0.125,23.69894650167972,20000032
SPT-Periodic,10.444312301177737,8,0.6666666666666666,0.5251752056995722,0.75,0.33333333333333337,0.7860042716242526,0.3424414035063516,0.0,0.125,23.32667322233627,20000033
SPT-Periodic,12.396390569043879,9,0.75,0.6181091050882082,0.8333333333333334,0.25,0.7272037069387295,0.2991638723103106,0.0,0.125,23.19859394356317,20000034
SPT-Periodic,12.3940213000726,9,0.75,0.6242622730944332,0.8333333333333334,0.25,0.7559739466294536,0.3246422321341403,0.0,0.125,23.195550020837512,20000035
SPT-Periodic,15.493743972637587,11,0.9166666666666666,0.8312466047947481,1.0,0.08333333333333337,0.7993367881227084,0.24664679577659454,0.0,0.125,25.577839864053104,20000036
SPT-Periodic,9.071520220056632,7,0.5833333333333334,0.46935187142784357,0.75,0.41666666666666663,0.8052872892507116,0.3472981324162529,0.0,0.125,24.968986943858642,20000037
SPT-Periodic,12.050109385895322,9,0.75,0.6162550224034812,0.8333333333333334,0.25,0.7741032874144095,0.2959965117944389,0.0,0.125,24.681548200905606,20000038
SPT-Periodic,12.428506564126064,9,0.75,0.659263511675455,0.75,0.25,0.7710430087890062,0.3117994976261019,0.0,0.125,24.00021214937452,20000039
SPT-Periodic,9.00351018896571,7,0.5833333333333334,0.46934160397852,0.6666666666666666,0.41666666666666663,0.7291966821853091,0.3303466191797328,0.0,0.125,21.666999763423615,20000040
SPT-Periodic,12.36213265788221,9,0.75,0.6080376190668283,0.8333333333333334,0.25,0.8499193031183037,0.2963975421025147,0.0,0.125,26.50974893128064,20000041
SPT-Periodic,12.116309908074514,9,0.75,0.6081084097535643,0.8333333333333334,0.25,0.7988035533680664,0.3138238115344373,0.0,0.125,25.065934025488623,20000042
SPT-Periodic,11.976000947387124,9,0.75,0.6134712240888037,0.8333333333333334,0.25,0.7735795151291393,0.28128895845086793,0.0,0.125,23.812603648210224,20000043
SPT-Periodic,7.396917539269431,6,0.5,0.41786684365446153,0.75,0.5,0.752469365393671,0.33954091269256276,0.0,0.125,23.37248734743466,20000044
SPT-Periodic,10.663960029153465,8,0.6666666666666666,0.5653757598208055,0.6666666666666666,0.33333333333333337,0.7003249543709581,0.3358784017358001,0.0,0.125,21.88218854537659,20000045
SPT-Periodic,10.731354771115475,8,0.6666666666666666,0.5528767093182011,0.75,0.33333333333333337,0.7008590519970506,0.36234925650026256,0.0,0.125,21.9516553774384,20000046
SPT-Periodic,15.373948180051551,11,0.9166666666666666,0.842666004513588,0.9166666666666666,0.08333333333333337,0.7837893889740313,0.25586554234285697,0.0,0.125,24.95163293027553,20000047
SPT-Periodic,10.921903179581061,8,0.6666666666666666,0.5542079811039705,0.8333333333333334,0.33333333333333337,0.7201575981106254,0.3325286994712814,0.0,0.125,23.683772133410475,20000048
SPT-Periodic,13.708408330010215,10,0.8333333333333334,0.7336753465100263,0.8333333333333334,0.16666666666666663,0.7701708967033404,0.27889605835178966,0.0,0.125,24.601855108325942,20000049
SPT-Periodic,12.034410386223906,9,0.75,0.5997988631372276,0.8333333333333334,0.25,0.7741575300692585,0.28028326532087927,0.0,0.125,24.926410875189877,20000050
SPT-Periodic,8.986587207842645,7,0.5833333333333334,0.4243953487223561,0.8333333333333334,0.41666666666666663,0.7751841697392096,0.3277181388669816,0.0,0.125,24.36030281913697,20000051
SPT-Periodic,8.781493880130895,7,0.5833333333333334,0.47010090685647676,0.75,0.41666666666666663,0.7846360721808603,0.3338252216677285,0.0,0.125,22.98932233810709,20000052
SPT-Periodic,8.599762646999007,7,0.5833333333333334,0.42520048076674494,0.8333333333333334,0.41666666666666663,0.7937248906709838,0.302702328583449,0.0,0.125,24.82071025354054,20000053
SPT-Periodic,14.056575023646225,10,0.8333333333333334,0.7340783494206271,0.8333333333333334,0.16666666666666663,0.801657578069331,0.29689060483416346,0.0,0.125,25.75370341796914,20000054
SPT-Periodic,8.705709883947435,7,0.5833333333333334,0.41459790825273696,0.8333333333333334,0.41666666666666663,0.806458991687954,0.317820938378597,0.0,0.125,24.403698383385343,20000055
SPT-Periodic,12.193992738939405,9,0.75,0.6235939218659224,0.8333333333333334,0.25,0.7716469533874308,0.30422982056641945,0.0,0.125,24.564457239618417,20000056
SPT-Periodic,11.151725490756718,8,0.6666666666666666,0.573463502197883,0.6666666666666666,0.33333333333333337,0.7130253846627661,0.3668877287735001,0.0,0.125,21.263551790890954,20000057
SPT-Periodic,10.278534304384914,8,0.6666666666666666,0.502770912203083,0.8333333333333334,0.33333333333333337,0.7187998852789104,0.29573980181959975,0.0,0.125,22.780032149661096,20000058
SPT-Periodic,9.419938566322362,7,0.5833333333333334,0.47992467866798943,0.75,0.41666666666666663,0.7691145629086701,0.3511825975330016,0.0,0.125,23.51497921517733,20000059
SPT-Periodic,14.147803643991752,10,0.8333333333333334,0.7363945544719018,0.8333333333333334,0.16666666666666663,0.8383948786900808,0.29478331514618955,0.0,0.125,25.11247170366531,20000060
SPT-Periodic,8.899600984509597,7,0.5833333333333334,0.4704486589029149,0.6666666666666666,0.41666666666666663,0.7301649670215865,0.35755035877067215,0.0,0.125,22.67606699003651,20000061
SPT-Periodic,12.814620138570026,9,0.75,0.6456609568782983,0.75,0.25,0.8054586947572248,0.3446690555913469,0.0,0.125,23.667059117125596,20000062
SPT-Periodic,8.962999416413624,7,0.5833333333333334,0.4490116384941528,0.75,0.41666666666666663,0.726952656101342,0.3229094824123677,0.0,0.125,22.05641868934166,20000063
SPT-Periodic,14.276380117315798,10,0.8333333333333334,0.7291995168709376,0.9166666666666666,0.16666666666666663,0.8241309149947318,0.2765619737911102,0.0,0.125,26.137202912514315,20000064
SPT-Periodic,8.57889543541238,7,0.5833333333333334,0.414739488768574,0.75,0.41666666666666663,0.7388730919246062,0.34357259288800773,0.0,0.125,22.28441630865917,20000065
SPT-Periodic,11.132900522531864,8,0.6666666666666666,0.5543647206695951,0.8333333333333334,0.33333333333333337,0.8220587061970596,0.32155585178434837,0.0,0.125,26.12166323414681,20000066
SPT-Periodic,11.03454759432413,8,0.6666666666666666,0.5414671940302918,0.9166666666666666,0.33333333333333337,0.8494218351470875,0.3307803370348735,0.0,0.125,26.283917360351484,20000067
SPT-Periodic,9.290831122202237,7,0.5833333333333334,0.4799909373529035,0.75,0.41666666666666663,0.7586239178499353,0.3228482381487803,0.0,0.125,24.707253758053117,20000068
SPT-Periodic,14.161284961673243,10,0.8333333333333334,0.7535409187157097,0.9166666666666666,0.16666666666666663,0.8534007915092503,0.32007362738052564,0.0,0.125,26.836195267423122,20000069
SPT-Periodic,14.61116379101354,10,0.8333333333333334,0.7706288498022952,0.8333333333333334,0.16666666666666663,0.8119573968866454,0.32602844652439716,0.0,0.125,26.333521974442647,20000070
SPT-Periodic,5.223325621082247,5,0.4166666666666667,0.3082891861899211,0.6666666666666666,0.5833333333333333,0.7031490588527093,0.3571166524722953,0.0,0.125,21.33074580311415,20000071
SPT-Periodic,8.74656555181263,7,0.5833333333333334,0.48033504676278904,0.8333333333333334,0.41666666666666663,0.7576886603029257,0.26785733105772797,0.0,0.125,24.315301997110012,20000072
SPT-Periodic,10.21622034950397,8,0.6666666666666666,0.5117246719865606,0.75,0.33333333333333337,0.7484953511091931,0.3236643202026956,0.0,0.125,22.641214927137487,20000073
SPT-Periodic,10.638688742867165,8,0.6666666666666666,0.5656708338106878,0.75,0.33333333333333337,0.7279953035365277,0.31668539963885317,0.0,0.125,22.950207779600714,20000074
SPT-Periodic,9.101692236160753,7,0.5833333333333334,0.4845763218223921,0.6666666666666666,0.41666666666666663,0.7547259649711521,0.3411371791193461,0.0,0.125,22.696759398262643,20000075
SPT-Periodic,8.768851454371482,7,0.5833333333333334,0.44659487954457333,0.6666666666666666,0.41666666666666663,0.7189896739317202,0.35425783839622604,0.0,0.125,22.011695205865443,20000076
SPT-Periodic,14.291531413638458,10,0.8333333333333334,0.740477198338487,0.9166666666666666,0.16666666666666663,0.8236524686007393,0.3048966928021224,0.0,0.125,25.94567987856125,20000077
SPT-Periodic,12.21703527619298,9,0.75,0.6307861581123722,0.8333333333333334,0.25,0.7438032448985797,0.27697889440906115,0.0,0.125,23.431666392233684,20000078
SPT-Periodic,12.4086325324095,9,0.75,0.626280624426769,0.8333333333333334,0.25,0.7663012606559757,0.2989551689871119,0.0,0.125,24.067212011013964,20000079
SPT-Periodic,10.908989835969944,8,0.6666666666666666,0.5546413241420809,0.75,0.33333333333333337,0.8321069382802152,0.34948612014772823,0.0,0.125,25.159303330426088,20000080
SPT-Periodic,8.8433721185004,7,0.5833333333333334,0.4663476112814673,0.6666666666666666,0.41666666666666663,0.7069239577570867,0.3307763387227569,0.0,0.125,20.96924858136124,20000081
SPT-Periodic,12.137872158431339,9,0.75,0.6053794308438661,0.9166666666666666,0.25,0.8438404293296952,0.25955540711922803,0.0,0.125,26.482380946589842,20000082
SPT-Periodic,10.447097854651757,8,0.6666666666666666,0.5195404789713137,0.8333333333333334,0.33333333333333337,0.7631526589264501,0.3043501124762334,0.0,0.125,23.795017196732182,20000083
SPT-Periodic,14.280577847184729,10,0.8333333333333334,0.7355974427741787,0.8333333333333334,0.16666666666666663,0.7468376207538876,0.29740751147854666,0.0,0.125,23.20144461796183,20000084
SPT-Periodic,12.725252294382647,9,0.75,0.6453896811307704,0.75,0.25,0.7833414412349828,0.3297112705775536,0.0,0.125,24.599835742451763,20000085
SPT-Periodic,12.317999882685726,9,0.75,0.6438669881794838,0.75,0.25,0.7997476430341993,0.3318164520392113,0.0,0.125,23.94327755405326,20000086
SPT-Periodic,10.769304924583572,8,0.6666666666666666,0.5362906636339961,0.8333333333333334,0.33333333333333337,0.807099989285585,0.2944558775458817,0.0,0.125,25.971580854168813,20000087
SPT-Periodic,13.17544762715144,9,0.75,0.6441708154449768,0.8333333333333334,0.25,0.8190960204650432,0.32354797487875353,0.0,0.125,26.21179849138365,20000088
SPT-Periodic,8.554021311173665,7,0.5833333333333334,0.4382589430819051,0.8333333333333334,0.41666666666666663,0.703183991446648,0.27686785067145064,0.0,0.125,21.835052717943285,20000089
SPT-Periodic,10.087863698483888,8,0.6666666666666666,0.5378133876094745,0.75,0.33333333333333337,0.7240940938111166,0.3153385451339948,0.0,0.125,22.60429956908286,20000090
SPT-Periodic,14.210530156811103,10,0.8333333333333334,0.756685730290236,0.8333333333333334,0.16666666666666663,0.767846670866755,0.3350803308114882,0.0,0.125,24.018608418780303,20000091
SPT-Periodic,13.016089134771045,9,0.75,0.6578757636103455,0.75,0.25,0.7692005855701908,0.33319076222854593,0.0,0.125,23.202560410168697,20000092
SPT-Periodic,11.902229365290037,9,0.75,0.6423491843527291,0.8333333333333334,0.25,0.6936448485192922,0.26963064877961745,0.0,0.125,22.68645025117278,20000093
SPT-Periodic,11.911007288324168,9,0.75,0.6082039164067286,0.8333333333333334,0.25,0.7209130726307516,0.3148026350704827,0.0,0.125,22.819071454982346,20000094
SPT-Periodic,8.980258282891748,7,0.5833333333333334,0.47003852575587995,0.6666666666666666,0.41666666666666663,0.7529895944769271,0.3648408417073197,0.0,0.125,22.91094874615315,20000095
SPT-Periodic,10.366427885411243,8,0.6666666666666666,0.5020921214023156,0.8333333333333334,0.33333333333333337,0.7841129695127375,0.32316681844838874,0.0,0.125,24.233376221016233,20000096
SPT-Periodic,7.18537239100179,6,0.5,0.3704577566823109,0.75,0.5,0.7223982114133674,0.32225296929214886,0.0,0.125,22.361555136343977,20000097
SPT-Periodic,9.10449770210319,7,0.5833333333333334,0.47859064677599616,0.75,0.41666666666666663,0.7959393291894861,0.35267558599612386,0.0,0.125,24.885694215142255,20000098
SPT-Periodic,12.181330890503625,9,0.75,0.6217995880114369,0.8333333333333334,0.25,0.812160712689398,0.2651712414815375,0.0,0.125,24.449692704371763,20000099
SPT-Periodic,10.784436230691256,8,0.6666666666666666,0.5364880931268018,0.8333333333333334,0.33333333333333337,0.7980993963727955,0.3299637375137922,0.0,0.125,23.610775894605542,20000100
SPT-Periodic,10.570552967928256,8,0.6666666666666666,0.5152016027397901,0.75,0.33333333333333337,0.8161229600854122,0.3268423388425808,0.0,0.125,24.35798171510696,20000101
SPT-Periodic,13.583545187747731,10,0.8333333333333334,0.7093639463778918,0.8333333333333334,0.16666666666666663,0.7359836851284817,0.28210448226334456,0.0,0.125,23.725428445905923,20000102
SPT-Periodic,12.385695896837069,9,0.75,0.629470385070222,0.8333333333333334,0.25,0.7580726509735553,0.280791846945428,0.0,0.125,23.48141488509463,20000103
SPT-Periodic,12.12067679493363,9,0.75,0.6315656082750076,0.75,0.25,0.7365657098718351,0.2980224449718237,0.0,0.125,23.03576948131093,20000104
SPT-Periodic,13.658486904850564,10,0.8333333333333334,0.7015178699506479,0.9166666666666666,0.16666666666666663,0.7907846875689626,0.3154038509519221,0.0,0.125,24.886348850359298,20000105
SPT-Periodic,10.678118589357174,8,0.6666666666666666,0.5470484562796436,0.75,0.33333333333333337,0.7571110882717585,0.30813619144669074,0.0,0.125,24.537144732699538,20000106
SPT-Periodic,9.987204092655139,8,0.6666666666666666,0.48491523536495995,0.8333333333333334,0.33333333333333337,0.7783212786419412,0.30035651258802437,0.0,0.125,23.156853806934272,20000107
SPT-Periodic,13.938041033083797,10,0.8333333333333334,0.7250174608140851,0.9166666666666666,0.16666666666666663,0.8026705651861308,0.3028502207926021,0.0,0.125,24.622528559821333,20000108
SPT-Periodic,9.230445983183241,7,0.5833333333333334,0.48604918827162213,0.6666666666666666,0.41666666666666663,0.7155367997677985,0.34237518669771955,0.0,0.125,22.09234104792778,20000109
SPT-Periodic,8.488247365849128,7,0.5833333333333334,0.3923561708466012,0.75,0.41666666666666663,0.7832578787440494,0.2997172000291626,0.0,0.125,23.528840503925633,20000110
SPT-Periodic,10.794278664199231,8,0.6666666666666666,0.5391461306701056,0.8333333333333334,0.33333333333333337,0.7479167243123209,0.2980693941986607,0.0,0.125,24.599059159491315,20000111
SPT-Periodic,11.663575327310507,8,0.6666666666666666,0.6026833743222103,0.75,0.33333333333333337,0.8327107556501273,0.36818028746211784,0.0,0.125,25.051848310106024,20000112
SPT-Periodic,11.834922682864672,9,0.75,0.6115289567066617,0.8333333333333334,0.25,0.720147149009137,0.2652888209937278,0.0,0.125,23.395850332152538,20000113
SPT-Periodic,8.625677341924488,7,0.5833333333333334,0.4712125306069727,0.6666666666666666,0.41666666666666663,0.6896449197293762,0.32395520630880176,0.0,0.125,21.5254705430563,20000114
SPT-Periodic,10.723649554557044,8,0.6666666666666666,0.5438594385055008,0.75,0.33333333333333337,0.7827783814178272,0.3340886088704627,0.0,0.125,23.665862667026726,20000115
SPT-Periodic,12.144477192797542,9,0.75,0.6526001735421054,0.8333333333333334,0.25,0.7868892399144579,0.306160653177253,0.0,0.125,25.063161454241047,20000116
SPT-Periodic,12.193378417366278,9,0.75,0.6317798534192037,0.8333333333333334,0.25,0.7465178290546621,0.32739897824987635,0.0,0.125,23.736180159185214,20000117
SPT-Periodic,12.018270190523896,9,0.75,0.6158576616612064,0.75,0.25,0.7502018349121174,0.3080652158842642,0.0,0.125,23.21444278315002,20000118
SPT-Periodic,12.87450142692321,9,0.75,0.6608535575830475,0.75,0.25,0.7670807759795314,0.3171409117275122,0.0,0.125,22.83711434022275,20000119
SPT-Periodic,11.133001170621279,8,0.6666666666666666,0.5454477129649112,0.8333333333333334,0.33333333333333337,0.8054236440218938,0.32879563788609173,0.0,0.125,25.22536276173214,20000120
SPT-Periodic,8.52760789635488,7,0.5833333333333334,0.48204427401468103,0.5833333333333334,0.41666666666666663,0.6578487865812216,0.34500074308323264,0.0,0.125,19.884760905283066,20000121
SPT-Periodic,10.581132457063928,8,0.6666666666666666,0.5733790662262425,0.75,0.33333333333333337,0.7132102696857615,0.31554208899361885,0.0,0.125,22.804276364929883,20000122
SPT-Periodic,15.8211474684624,11,0.9166666666666666,0.8486619880606532,0.9166666666666666,0.08333333333333337,0.7758905465854881,0.30842565392152305,0.0,0.125,24.788834589668294,20000123
SPT-Periodic,11.579161313132712,9,0.75,0.5818047891872653,0.8333333333333334,0.25,0.7907338073977662,0.299934760873791,0.0,0.125,24.182837515085655,20000124
SPT-Periodic,10.05293742329808,8,0.6666666666666666,0.4955808936130427,0.8333333333333334,0.33333333333333337,0.7832423294387253,0.2894238569641751,0.0,0.125,23.500485258443454,20000125
SPT-Periodic,10.69879446329157,8,0.6666666666666666,0.5795718314350314,0.6666666666666666,0.33333333333333337,0.6941200637776213,0.3478436813095727,0.0,0.125,21.568979556731453,20000126
SPT-Periodic,9.392362872926775,7,0.5833333333333334,0.46950071682809574,0.8333333333333334,0.41666666666666663,0.7798228665280664,0.3107053531484161,0.0,0.125,24.973936352833547,20000127
SPT-Periodic,11.719778282165052,9,0.75,0.5964852057144181,0.8333333333333334,0.25,0.7141539862393728,0.29937269698813945,0.0,0.125,22.34931660799851,20000128
SPT-Periodic,12.166621495174128,9,0.75,0.6504589749566678,0.75,0.25,0.7507595528346852,0.3119210201162963,0.0,0.125,22.842179216620757,20000129
SPT-Periodic,13.960108402466432,10,0.8333333333333334,0.7262316595939903,0.8333333333333334,0.16666666666666663,0.7813409209393868,0.3256436381725175,0.0,0.125,24.828215660678467,20000130
SPT-Periodic,12.901703115897766,9,0.75,0.6721532392837258,0.75,0.25,0.7699563818169564,0.32990129038668164,0.0,0.125,23.933073595672628,20000131
SPT-Periodic,7.172783081987415,6,0.5,0.35719617017956334,0.8333333333333334,0.5,0.7425394357208255,0.2900227018323429,0.0,0.125,24.501675385949838,20000132
SPT-Periodic,13.954469332703589,10,0.8333333333333334,0.7387606903405846,0.9166666666666666,0.16666666666666663,0.7808293337369773,0.2680266998799797,0.0,0.125,24.467164202460516,20000133
SPT-Periodic,12.24522388652732,9,0.75,0.6267089652420056,0.8333333333333334,0.25,0.7507631702453189,0.29037440777413925,0.0,0.125,24.350775320102482,20000134
SPT-Periodic,10.89468355178196,8,0.6666666666666666,0.5500338791098734,0.8333333333333334,0.33333333333333337,0.8696664285372514,0.3322805578964785,0.0,0.125,25.235521749588308,20000135
SPT-Periodic,12.4358207716197,9,0.75,0.6490291308879543,0.8333333333333334,0.25,0.7899709445589348,0.31049980978608743,0.0,0.125,23.972324186843732,20000136
SPT-Periodic,14.190712209581344,10,0.8333333333333334,0.744723640314481,0.8333333333333334,0.16666666666666663,0.768255548932456,0.3048424125165662,0.0,0.125,22.976780523953362,20000137
SPT-Periodic,10.619338611064446,8,0.6666666666666666,0.5517000540450726,0.75,0.33333333333333337,0.714877159401257,0.32782174422236804,0.0,0.125,22.328577687345053,20000138
SPT-Periodic,8.345237972180444,7,0.5833333333333334,0.44317546772749244,0.75,0.41666666666666663,0.6986912991884834,0.28828978877862704,0.0,0.125,21.58098635705981,20000139
SPT-Periodic,13.509981491682279,10,0.8333333333333334,0.7315883054095353,0.9166666666666666,0.16666666666666663,0.7643461114539166,0.2623279817658475,0.0,0.125,25.774339737664175,20000140
SPT-Periodic,9.107031600753395,7,0.5833333333333334,0.45427491619477,0.75,0.41666666666666663,0.7720239390441478,0.3256438336009247,0.0,0.125,24.470430953548775,20000141
SPT-Periodic,8.622327492774291,7,0.5833333333333334,0.43309645782445577,0.75,0.41666666666666663,0.6952808941451935,0.324124548997274,0.0,0.125,21.940546895625122,20000142
SPT-Periodic,9.070865113088558,7,0.5833333333333334,0.47645403458563856,0.6666666666666666,0.41666666666666663,0.702440573396449,0.33845270420926554,0.0,0.125,21.441731280810465,20000143
SPT-Periodic,14.099586205418298,10,0.8333333333333334,0.7526510246969337,0.8333333333333334,0.16666666666666663,0.809179567715408,0.3105294525476821,0.0,0.125,25.36569054703665,20000144
SPT-Periodic,10.541224863469505,8,0.6666666666666666,0.5487994752526367,0.8333333333333334,0.33333333333333337,0.7778795935593351,0.3227505412021208,0.0,0.125,25.069331514651886,20000145
SPT-Periodic,10.650333892195825,8,0.6666666666666666,0.5509572840261097,0.75,0.33333333333333337,0.7258275012805372,0.2925044513014421,0.0,0.125,22.885236038625575,20000146
SPT-Periodic,11.899752302976259,9,0.75,0.5885938059686346,0.8333333333333334,0.25,0.7251917725853517,0.2794808932584805,0.0,0.125,22.439735313084594,20000147
SPT-Periodic,12.491742553603656,9,0.75,0.6591435087674017,0.75,0.25,0.7374203725402947,0.3146360169290863,0.0,0.125,23.75099735787975,20000148
SPT-Periodic,10.725931325964872,8,0.6666666666666666,0.5245171277167621,0.8333333333333334,0.33333333333333337,0.8435999283933736,0.3207852038692029,0.0,0.125,24.98426813304175,20000149
SPT-Periodic,12.215961564903244,9,0.75,0.6463846667032761,0.8333333333333334,0.25,0.7260915278185974,0.29144413859115503,0.0,0.125,23.854266484416936,20000150
SPT-Periodic,10.437938739577092,8,0.6666666666666666,0.5099611516378894,0.9166666666666666,0.33333333333333337,0.7666388960381845,0.29011542845101057,0.0,0.125,24.354818849786238,20000151
SPT-Periodic,10.857222724263439,8,0.6666666666666666,0.5647825825943751,0.75,0.33333333333333337,0.7305653752188102,0.3362012998092543,0.0,0.125,22.403510818737107,20000152
SPT-Periodic,12.421056200590035,9,0.75,0.650412855473113,0.8333333333333334,0.25,0.7806622044700838,0.30334774208172904,0.0,0.125,25.018730690201075,20000153
SPT-Periodic,12.847119454820001,9,0.75,0.6578766834710849,0.9166666666666666,0.25,0.8533437467910705,0.31860264325767795,0.0,0.125,25.815907682076933,20000154
SPT-Periodic,10.143131394148655,8,0.6666666666666666,0.509414760235153,0.75,0.33333333333333337,0.7270326382402987,0.2775802257802175,0.0,0.125,22.59942634928783,20000155
SPT-Periodic,12.31891445696112,9,0.75,0.639649995988065,0.75,0.25,0.7586990709250708,0.3462099472996864,0.0,0.125,23.641534559721936,20000156
SPT-Periodic,10.367804294415498,8,0.6666666666666666,0.4888921717756274,0.8333333333333334,0.33333333333333337,0.7903374696311757,0.3211265177471898,0.0,0.125,24.435234785419958,20000157
SPT-Periodic,12.818253633044257,9,0.75,0.6466007077789718,0.8333333333333334,0.25,0.8080225907925978,0.3124304802934785,0.0,0.125,24.217782325448542,20000158
SPT-Periodic,8.991338764352113,7,0.5833333333333334,0.4345761684649221,0.75,0.41666666666666663,0.7383948380197847,0.32048418352843444,0.0,0.125,22.26812568679862,20000159
SPT-Periodic,8.436623432621138,7,0.5833333333333334,0.3815027243115575,0.8333333333333334,0.41666666666666663,0.7732002694270177,0.30169144004413345,0.0,0.125,23.956405024450433,20000160
SPT-Periodic,11.528852178398726,9,0.75,0.5745665090385498,0.8333333333333334,0.25,0.7671873668576584,0.2593594027815731,0.0,0.125,23.570040367795862,20000161
SPT-Periodic,10.972706369099715,8,0.6666666666666666,0.5691130925991505,0.75,0.33333333333333337,0.7111529789282853,0.33739076387430983,0.0,0.125,22.599575979779395,20000162
SPT-Periodic,14.42729629129227,10,0.8333333333333334,0.7545603602842559,0.8333333333333334,0.16666666666666663,0.7495003389594571,0.30852651193196395,0.0,0.125,24.54618861738964,20000163
SPT-Periodic,11.36984303141449,8,0.6666666666666666,0.5721724402323674,0.75,0.33333333333333337,0.7509388681097535,0.34146522300530185,0.0,0.125,23.810603675087435,20000164
SPT-Periodic,14.027790857886318,10,0.8333333333333334,0.7309865993127908,0.9166666666666666,0.16666666666666663,0.8106005899803584,0.31598678689893206,0.0,0.125,24.500169159659052,20000165
SPT-Periodic,10.827877381140336,8,0.6666666666666666,0.5542358496725219,0.8333333333333334,0.33333333333333337,0.8261374487759906,0.3393538130401132,0.0,0.125,24.233519754741508,20000166
SPT-Periodic,11.98597875769853,9,0.75,0.586631542442043,0.9166666666666666,0.25,0.7674477707723674,0.25922686902089026,0.0,0.125,23.902084406892403,20000167
SPT-Periodic,10.413083828376369,8,0.6666666666666666,0.514592866181199,0.75,0.33333333333333337,0.7045127939224364,0.3284459190570275,0.0,0.125,23.535598501778104,20000168
SPT-Periodic,12.07835506778532,9,0.75,0.6030741194638038,0.8333333333333334,0.25,0.8025230607256156,0.3091039850266174,0.0,0.125,23.65418519197035,20000169
SPT-Periodic,8.916909493149577,7,0.5833333333333334,0.45728338402958146,0.75,0.41666666666666663,0.7570974141769055,0.29912357398485373,0.0,0.125,21.90827905063568,20000170
SPT-Periodic,14.264545240962084,10,0.8333333333333334,0.7438545728754695,0.9166666666666666,0.16666666666666663,0.7902433297193729,0.2914973235979322,0.0,0.125,25.438451129167042,20000171
SPT-Periodic,14.36170109881577,10,0.8333333333333334,0.7729512789821454,0.9166666666666666,0.16666666666666663,0.8163967105783434,0.33107977946895845,0.0,0.125,25.633682668634396,20000172
SPT-Periodic,14.551608531734946,10,0.8333333333333334,0.7387637415692566,0.8333333333333334,0.16666666666666663,0.7916992259760139,0.3158104513615409,0.0,0.125,25.508049525225598,20000173
SPT-Periodic,14.30224223875075,10,0.8333333333333334,0.7505931139326821,0.8333333333333334,0.16666666666666663,0.8282131657225098,0.3121377692414602,0.0,0.125,26.089684986052305,20000174
SPT-Periodic,6.577170462545906,6,0.5,0.34225766407888053,0.75,0.5,0.6987149512934517,0.30314974023714,0.0,0.125,21.670059367349012,20000175
SPT-Periodic,10.36336152984522,8,0.6666666666666666,0.5000556585550514,0.8333333333333334,0.33333333333333337,0.7734518665107716,0.30048828881120926,0.0,0.125,24.430119680139043,20000176
SPT-Periodic,12.456436302547246,9,0.75,0.6474880699559009,0.8333333333333334,0.25,0.8032814560933318,0.2991739426009879,0.0,0.125,25.70612102958473,20000177
SPT-Periodic,14.537336914913709,10,0.8333333333333334,0.7481613423101613,0.8333333333333334,0.16666666666666663,0.8086100045632069,0.32137138188902553,0.0,0.125,25.157058214480053,20000178
SPT-Periodic,10.86598018546756,8,0.6666666666666666,0.5379808867540236,0.8333333333333334,0.33333333333333337,0.7991120095141616,0.3020843251284781,0.0,0.125,24.81283647054686,20000179
SPT-Periodic,7.305416983590803,6,0.5,0.42513292786663437,0.6666666666666666,0.5,0.74208537870796,0.33500021524479034,0.0,0.125,22.8298449074529,20000180
SPT-Periodic,11.867770946750799,9,0.75,0.554694581043458,0.9166666666666666,0.25,0.814408816358982,0.28245262342208577,0.0,0.125,26.15226732206024,20000181
SPT-Periodic,12.753946975334983,9,0.75,0.6666221701480307,0.75,0.25,0.7660153331008974,0.33888658467364063,0.0,0.125,23.717186932472057,20000182
SPT-Periodic,8.656756056135569,7,0.5833333333333334,0.4453141411369856,0.6666666666666666,0.41666666666666663,0.6966889212796527,0.32284443842686245,0.0,0.125,21.403068328792447,20000183
SPT-Periodic,9.928409700606231,8,0.6666666666666666,0.5022269357623534,0.75,0.33333333333333337,0.7248626857606008,0.30373242355852775,0.0,0.125,22.1619943928275,20000184
SPT-Periodic,12.176223507883284,9,0.75,0.5987364907525622,0.8333333333333334,0.25,0.7944620831394156,0.3067430001978869,0.0,0.125,24.9080668707992,20000185
SPT-Periodic,11.856185537344453,9,0.75,0.5886222259008872,0.8333333333333334,0.25,0.7720695349782459,0.2601286688855576,0.0,0.125,24.5932887133671,20000186
SPT-Periodic,11.332771806537854,8,0.6666666666666666,0.5681454699773176,0.75,0.33333333333333337,0.7605096476126306,0.3445729093699425,0.0,0.125,23.68670128075858,20000187
SPT-Periodic,12.493641219149437,9,0.75,0.6447684144345572,0.8333333333333334,0.25,0.8175193754924813,0.32614101448120175,0.0,0.125,24.74488947286711,20000188
SPT-Periodic,8.586804638737096,7,0.5833333333333334,0.43420849706681097,0.75,0.41666666666666663,0.7172361534963972,0.29998911176438814,0.0,0.125,22.59823978723702,20000189
SPT-Periodic,14.147190954593873,10,0.8333333333333334,0.7569314582271947,0.8333333333333334,0.16666666666666663,0.8085076111724558,0.3393924319977561,0.0,0.125,24.624903124692064,20000190
SPT-Periodic,16.25699965658639,12,1.0,1.0,1.0,0.0,0.8345150156985955,0.22238631946300833,0.0,0.25,22.64249914146597,20000191
SPT-Periodic,12.924323815325291,9,0.75,0.6526739234919968,0.9166666666666666,0.25,0.8137384649458349,0.3287381580028232,0.0,0.125,26.037268567810653,20000192
SPT-Periodic,12.874089066242226,9,0.75,0.6401973228041811,0.8333333333333334,0.25,0.8588786161793166,0.3104282344447889,0.0,0.125,27.448525475622386,20000193
SPT-Periodic,12.608779641201917,9,0.75,0.6510424576292434,0.75,0.25,0.7730255765028521,0.3518990414130485,0.0,0.125,23.998356696682784,20000194
SPT-Periodic,10.366379515535852,8,0.6666666666666666,0.5123092750168843,0.75,0.33333333333333337,0.7345718762543524,0.33920463009661544,0.0,0.125,22.564546259839286,20000195
SPT-Periodic,14.293116728256605,10,0.8333333333333334,0.7377106688030575,0.8333333333333334,0.16666666666666663,0.8170114270585683,0.30312432911409265,0.0,0.125,24.881470407957266,20000196
SPT-Periodic,8.963430439015639,7,0.5833333333333334,0.473332700871016,0.75,0.41666666666666663,0.763472186677185,0.3065399171219862,0.0,0.125,23.759711664376685,20000197
SPT-Periodic,10.587718098077174,8,0.6666666666666666,0.5153492591592281,0.8333333333333334,0.33333333333333337,0.743918471541089,0.2950060086628153,0.0,0.125,23.134466617719536,20000198
SPT-Periodic,10.668727891783238,8,0.6666666666666666,0.5513931061653511,0.75,0.33333333333333337,0.7405997415920602,0.3309762964907618,0.0,0.125,22.822169774434055,20000199
SPT-Periodic,10.86315672729119,8,0.6666666666666666,0.5224494098786973,0.8333333333333334,0.33333333333333337,0.8140346767107148,0.32356293815460724,0.0,0.125,24.94098925993853,20000200
SPT-Periodic,10.382465913156462,8,0.6666666666666666,0.5407624922303051,0.6666666666666666,0.33333333333333337,0.714233129876351,0.31518486734015466,0.0,0.125,21.8086255207143,20000201
SPT-Periodic,12.169020924797799,9,0.75,0.6289401140908646,0.75,0.25,0.7800842081620272,0.3357504440342594,0.0,0.125,23.405607349026525,20000202
SPT-Periodic,13.846172851268344,10,0.8333333333333334,0.6965775822443484,0.9166666666666666,0.16666666666666663,0.7959797279585263,0.3076529477764131,0.0,0.125,25.13512169380853,20000203
SPT-Periodic,6.958245017081885,6,0.5,0.34873736614820156,0.75,0.5,0.7380554751130726,0.2918203910427109,0.0,0.125,23.040378112132608,20000204
SPT-Periodic,12.426774108017108,9,0.75,0.6413273286041786,0.9166666666666666,0.25,0.7998452660285008,0.27416996878561634,0.0,0.125,25.32673503808047,20000205
SPT-Periodic,9.08686437447004,7,0.5833333333333334,0.43049251308437086,0.75,0.41666666666666663,0.7344623285858661,0.33488364522167036,0.0,0.125,22.6982096368478,20000206
SPT-Periodic,7.077365123743835,6,0.5,0.3949894033398009,0.6666666666666666,0.5,0.7170727782943551,0.3349381979200277,0.0,0.125,21.90665488426326,20000207
SPT-Periodic,8.9879819465934,7,0.5833333333333334,0.4611858378825413,0.75,0.41666666666666663,0.7710070208996395,0.3089995036638074,0.0,0.125,23.356199956055224,20000208
SPT-Periodic,12.459893236971592,9,0.75,0.6357340313044381,0.75,0.25,0.7965039144627221,0.2937473581584246,0.0,0.125,24.138546294586845,20000209
SPT-Periodic,13.841293214977311,10,0.8333333333333334,0.7375494036877712,0.9166666666666666,0.16666666666666663,0.8335444396533361,0.2639140831134658,0.0,0.125,25.522462791528522,20000210
SPT-Periodic,10.314552867023883,8,0.6666666666666666,0.522142212652532,0.8333333333333334,0.33333333333333337,0.7115237485932112,0.2854526587390497,0.0,0.125,22.711223207219856,20000211
SPT-Periodic,14.025080911849054,10,0.8333333333333334,0.7397239530331942,0.9166666666666666,0.16666666666666663,0.7826868709735363,0.2692183413301292,0.0,0.125,24.86874143221894,20000212
SPT-Periodic,10.421308682602668,8,0.6666666666666666,0.5238120440239592,0.8333333333333334,0.33333333333333337,0.8149911557829687,0.2909435818976615,0.0,0.125,24.78487935823055,20000213
SPT-Periodic,8.544759481740861,7,0.5833333333333334,0.47235253432865104,0.6666666666666666,0.41666666666666663,0.6725292344773185,0.3425078191734933,0.0,0.125,21.10936994228782,20000214
SPT-Periodic,15.049484755074223,10,0.8333333333333334,0.7633660559934262,0.8333333333333334,0.16666666666666663,0.8155695296739148,0.36653591066188884,0.0,0.125,25.123711887685563,20000215
SPT-Periodic,11.964127823609909,9,0.75,0.5918745476773327,0.8333333333333334,0.25,0.7554983429296577,0.28096407164954035,0.0,0.125,24.61124710032294,20000216
SPT-Periodic,12.280330079636757,9,0.75,0.6190130503429747,0.9166666666666666,0.25,0.848425782259547,0.2846703207609091,0.0,0.125,26.65583074834681,20000217
SPT-Periodic,9.95401415208864,8,0.6666666666666666,0.5045211329501024,0.8333333333333334,0.33333333333333337,0.7256132317170918,0.31685956159089407,0.0,0.125,22.92474257982756,20000218
SPT-Periodic,10.359904056186915,8,0.6666666666666666,0.532299398700971,0.8333333333333334,0.33333333333333337,0.724995407558635,0.3057787295923848,0.0,0.125,22.58122763167757,20000219
SPT-Periodic,12.09339228387266,9,0.75,0.6303731074305181,0.8333333333333334,0.25,0.7137492754644775,0.27081389039030895,0.0,0.125,23.682672709170536,20000220
SPT-Periodic,14.12516005022835,10,0.8333333333333334,0.7218004764800148,0.9166666666666666,0.16666666666666663,0.8157276962264154,0.2765157778073158,0.0,0.125,25.707309557668665,20000221
SPT-Periodic,13.83449374060305,10,0.8333333333333334,0.7102812626362262,0.8333333333333334,0.16666666666666663,0.7690012804443551,0.3006121212672909,0.0,0.125,23.62715188420525,20000222
SPT-Periodic,13.667004625422043,10,0.8333333333333334,0.7068713477618151,0.8333333333333334,0.16666666666666663,0.8038265478657318,0.31272950873761,0.0,0.125,24.476700680661274,20000223
SPT-Periodic,10.881312293389001,8,0.6666666666666666,0.5405422606666327,0.8333333333333334,0.33333333333333337,0.7717414086554458,0.2958809766725226,0.0,0.125,24.6054917951222,20000224
SPT-Periodic,14.227699259781279,10,0.8333333333333334,0.7346579660510704,0.9166666666666666,0.16666666666666663,0.8211430514239774,0.32566563652979946,0.0,0.125,25.29663018655692,20000225
SPT-Periodic,13.065628232599256,9,0.75,0.662956889755016,0.8333333333333334,0.25,0.7918853563838392,0.31042127176069234,0.0,0.125,24.653471330441775,20000226
SPT-Periodic,10.452568342796454,8,0.6666666666666666,0.48772766678675045,0.9166666666666666,0.33333333333333337,0.8252347938379847,0.272306593351576,0.0,0.125,25.67853344366302,20000227
SPT-Periodic,8.324085943110388,7,0.5833333333333334,0.38225299114328604,0.8333333333333334,0.41666666666666663,0.7896712784619474,0.30609235101898274,0.0,0.125,23.404200711201543,20000228
SPT-Periodic,11.542956073099486,8,0.6666666666666666,0.573464216035302,0.8333333333333334,0.33333333333333337,0.8303266562590759,0.3194478420369619,0.0,0.125,25.651469626792935,20000229
SPT-Periodic,12.879707117131053,9,0.75,0.6703448428519808,0.8333333333333334,0.25,0.797777113650027,0.3139012807610581,0.0,0.125,25.29868489553466,20000230
SPT-Periodic,11.930766827657573,9,0.75,0.5795020728579287,0.8333333333333334,0.25,0.8100931533606849,0.32088608628984666,0.0,0.125,24.288309006119846,20000231
SPT-Periodic,6.6280990297111915,6,0.5,0.3411175607829932,0.6666666666666666,0.5,0.6885040849815421,0.31016591964247936,0.0,0.125,21.97872206393003,20000232
SPT-Periodic,10.664059474680727,8,0.6666666666666666,0.5660295869074918,0.75,0.33333333333333337,0.7209228547481157,0.3040391213621872,0.0,0.125,22.79026386701473,20000233
SPT-Periodic,10.232209317271197,8,0.6666666666666666,0.532248495775704,0.6666666666666666,0.33333333333333337,0.6848872568185191,0.29997029461466435,0.0,0.125,21.799954745934937,20000234
SPT-Periodic,11.575384083797289,9,0.75,0.6064033237738624,0.8333333333333334,0.25,0.6918412861928388,0.28380576549251507,0.0,0.125,22.185481913427775,20000235
SPT-Periodic,14.26140767115388,10,0.8333333333333334,0.7179037540308906,0.9166666666666666,0.16666666666666663,0.8563706218820655,0.28853080293989736,0.0,0.125,26.765962435560844,20000236
SPT-Periodic,9.681051879725697,7,0.5833333333333334,0.49335464568672455,0.75,0.41666666666666663,0.7915836131482283,0.35161203393370316,0.0,0.125,24.72320978953436,20000237
SPT-Periodic,8.75816140541289,7,0.5833333333333334,0.4367439551612155,0.75,0.41666666666666663,0.7960417123173075,0.33412880436085524,0.0,0.125,24.301293911608226,20000238
SPT-Periodic,11.12522831822485,8,0.6666666666666666,0.5773742105912917,0.75,0.33333333333333337,0.8091508174577341,0.3521671990727458,0.0,0.125,24.160515312441962,20000239
SPT-Periodic,11.199464733853514,8,0.6666666666666666,0.5904572014902925,0.75,0.33333333333333337,0.7527799983288856,0.3691918157549187,0.0,0.125,23.184554018298453,20000240
SPT-Periodic,12.619756472598501,9,0.75,0.6427960893343622,0.75,0.25,0.7745406494656146,0.3423581099796327,0.0,0.125,23.641879737603944,20000241
SPT-Periodic,15.218885597421824,11,0.9166666666666666,0.8252998982970137,1.0,0.08333333333333337,0.8348978460471056,0.26007514343904425,0.0,0.16666666666666666,24.85677375555543,20000242
SPT-Periodic,9.151827475918806,7,0.5833333333333334,0.5069842540631317,0.6666666666666666,0.41666666666666663,0.7261407734272103,0.34468664418782824,0.0,0.125,22.50178237350167,20000243
SPT-Periodic,12.938496865470777,9,0.75,0.6700919068561599,0.9166666666666666,0.25,0.817721440357229,0.2928657305735069,0.0,0.125,26.479568179020372,20000244
SPT-Periodic,13.010964271116972,9,0.75,0.6812770110128694,0.8333333333333334,0.25,0.7851684249770795,0.3198894968504311,0.0,0.125,24.308615190530936,20000245
SPT-Periodic,14.393171345366843,10,0.8333333333333334,0.7281419856309699,0.9166666666666666,0.16666666666666663,0.8241127403883084,0.31331170013730897,0.0,0.125,26.618697645921365,20000246
SPT-Periodic,10.450395464673623,8,0.6666666666666666,0.5043811318957931,0.8333333333333334,0.33333333333333337,0.8106250922600765,0.3102180564745578,0.0,0.125,25.171506498013034,20000247
SPT-Periodic,17.695278836533717,12,1.0,1.0,1.0,0.0,0.8731593328352384,0.2663040300522691,0.0,0.16666666666666666,26.2381970913343,20000248
SPT-Periodic,9.30403727124529,7,0.5833333333333334,0.45318205207818024,0.8333333333333334,0.41666666666666663,0.79954777749171,0.3504686173363491,0.0,0.125,24.57869797578892,20000249
SPT-Periodic,13.995859595222553,10,0.8333333333333334,0.6965656247409149,0.9166666666666666,0.16666666666666663,0.8145361698738025,0.2786405048019149,0.0,0.125,25.15801696742935,20000250
SPT-Periodic,14.067744431066066,10,0.8333333333333334,0.7363951948129355,0.8333333333333334,0.16666666666666663,0.7957518439756507,0.2926553158415741,0.0,0.125,24.73346122003933,20000251
SPT-Periodic,12.016121864389877,9,0.75,0.6276558897266921,0.8333333333333334,0.25,0.804944582501716,0.289123445416229,0.0,0.125,24.816906876108092,20000252
SPT-Periodic,12.548632485910158,9,0.75,0.6403386472121143,0.75,0.25,0.7401507404341198,0.2891990030578921,0.0,0.125,21.62158121477539,20000253
SPT-Periodic,12.760924850831579,9,0.75,0.6380048724411231,0.8333333333333334,0.25,0.8308464394501239,0.3511554197420302,0.0,0.125,25.30219290839489,20000254
SPT-Periodic,10.72211068886919,8,0.6666666666666666,0.5814566911849822,0.6666666666666666,0.33333333333333337,0.7459610883945936,0.3345242038302296,0.0,0.125,21.992772075340373,20000255
SPT-Periodic,12.776968188770436,9,0.75,0.6500547943782249,0.75,0.25,0.7903622889319979,0.3219638997437609,0.0,0.125,24.25912529185172,20000256
SPT-Periodic,8.408796663873668,7,0.5833333333333334,0.44797318873789316,0.75,0.41666666666666663,0.7242505269010016,0.31280017057751824,0.0,0.125,22.757317050462376,20000257
SPT-Periodic,12.127765518263507,9,0.75,0.6209053733690807,0.8333333333333334,0.25,0.7236772662493758,0.31722846760129203,0.0,0.125,22.4639003408953,20000258
SPT-Periodic,10.719324507025437,8,0.6666666666666666,0.5464672160067006,0.8333333333333334,0.33333333333333337,0.7531530686201343,0.33492358766699154,0.0,0.125,24.250347447846984,20000259
SPT-Periodic,11.473139627247868,8,0.6666666666666666,0.603754294207602,0.75,0.33333333333333337,0.7527432049728162,0.3607546876559216,0.0,0.125,23.480947667900868,20000260
SPT-Periodic,9.629194247647048,7,0.5833333333333334,0.46947222401539496,0.75,0.41666666666666663,0.8188090335148859,0.3908234852210459,0.0,0.125,23.992873230771888,20000261
SPT-Periodic,12.819940787469054,9,0.75,0.6528305121109569,0.8333333333333334,0.25,0.8165779440618605,0.3507047025720956,0.0,0.125,25.727076879760325,20000262
SPT-Periodic,12.007434642858007,9,0.75,0.6142297795905366,0.9166666666666666,0.25,0.7583529166041386,0.25137507833714606,0.0,0.125,23.623954408326618,20000263
SPT-Periodic,10.477573756354554,8,0.6666666666666666,0.5184666437872427,0.75,0.33333333333333337,0.7650646814559835,0.3221748235272818,0.0,0.125,23.87293327507216,20000264
SPT-Periodic,13.424164512042868,10,0.8333333333333334,0.707408697138253,0.9166666666666666,0.16666666666666663,0.7166255661160653,0.2589865267291523,0.0,0.125,24.054401101668397,20000265
SPT-Periodic,12.130979174635637,9,0.75,0.5945695172956308,0.9166666666666666,0.25,0.8161547620955139,0.29310570192674046,0.0,0.125,24.242155639982407,20000266
SPT-Periodic,11.107915740406675,8,0.6666666666666666,0.5818682535093879,0.6666666666666666,0.33333333333333337,0.7475688470968951,0.35453580796012146,0.0,0.125,22.94568112547521,20000267
SPT-Periodic,10.602086176434169,8,0.6666666666666666,0.5377000072591075,0.75,0.33333333333333337,0.7471432074662335,0.32706119433989295,0.0,0.125,23.386913114266648,20000268
SPT-Periodic,12.974519892329356,9,0.75,0.6475751487256022,0.8333333333333334,0.25,0.8319555484879215,0.3133428348467198,0.0,0.125,26.054236803507845,20000269
SPT-Periodic,10.237215563852054,8,0.6666666666666666,0.49152758977982214,0.8333333333333334,0.33333333333333337,0.7667509702828258,0.27944875391528573,0.0,0.125,24.458207071943935,20000270
SPT-Periodic,12.649760669718015,9,0.75,0.6636171711521411,0.8333333333333334,0.25,0.8049375943654541,0.3036085498267613,0.0,0.125,25.0738830851491,20000271
SPT-Periodic,13.656501434329895,10,0.8333333333333334,0.716532567598469,0.8333333333333334,0.16666666666666663,0.7359538374666282,0.26934357914425733,0.0,0.125,24.037667536842925,20000272
SPT-Periodic,13.950020894654608,10,0.8333333333333334,0.7129806173272106,0.8333333333333334,0.16666666666666663,0.8192844942969826,0.3033223182302818,0.0,0.125,25.720738907647892,20000273
SPT-Periodic,10.589062169959679,8,0.6666666666666666,0.5143486781156442,0.8333333333333334,0.33333333333333337,0.7920705159140654,0.32768280856359794,0.0,0.125,24.14650092691721,20000274
SPT-Periodic,14.107536478786347,10,0.8333333333333334,0.7463600627588358,0.9166666666666666,0.16666666666666663,0.7824827669187441,0.3011653043260056,0.0,0.125,24.780830856315013,20000275
SPT-Periodic,10.634888273990253,8,0.6666666666666666,0.5379126982647277,0.75,0.33333333333333337,0.745019326229453,0.3097562568635163,0.0,0.125,23.35100139761376,20000276
SPT-Periodic,12.17132835355044,9,0.75,0.6245243132724361,0.75,0.25,0.7345075981752037,0.31983444386732296,0.0,0.125,22.21270346127882,20000277
SPT-Periodic,6.826677760134154,6,0.5,0.33538401577168986,0.75,0.5,0.7069888048123598,0.3071050523173247,0.0,0.125,21.083235754273073,20000278
SPT-Periodic,11.90430960354453,9,0.75,0.6226850247654915,0.75,0.25,0.690291783862642,0.30581694130264725,0.0,0.125,22.342907542184765,20000279
SPT-Periodic,11.643602531035333,9,0.75,0.625245853519778,0.9166666666666666,0.25,0.7691937474249749,0.2781798170322118,0.0,0.125,24.873391608658586,20000280
SPT-Periodic,13.805762060278628,10,0.8333333333333334,0.7440517128283824,0.8333333333333334,0.16666666666666663,0.7660778869188265,0.31724292271779736,0.0,0.125,24.199561702907083,20000281
SPT-Periodic,10.572948172512593,8,0.6666666666666666,0.5478523020556594,0.75,0.33333333333333337,0.7689447403447444,0.33128434041622523,0.0,0.125,23.843408812768196,20000282
SPT-Periodic,13.720894995318076,10,0.8333333333333334,0.7002767983821189,0.9166666666666666,0.16666666666666663,0.7672465511071015,0.2926044736742036,0.0,0.125,23.79879255873878,20000283
SPT-Periodic,8.715196676302273,7,0.5833333333333334,0.4441553487263528,0.75,0.41666666666666663,0.7361249737531042,0.31264074877845854,0.0,0.125,23.519227933080877,20000284
SPT-Periodic,8.414269199586279,7,0.5833333333333334,0.43538904754903035,0.75,0.41666666666666663,0.6937720401057135,0.2884282351777725,0.0,0.125,22.600920990409097,20000285
SPT-Periodic,11.272837380998785,8,0.6666666666666666,0.5865245924811183,0.6666666666666666,0.33333333333333337,0.7415670203973629,0.36025326537480434,0.0,0.125,22.1586631225127,20000286
SPT-Periodic,15.147654690644632,11,0.9166666666666666,0.8331260482561131,0.9166666666666666,0.08333333333333337,0.795219469802453,0.271015662209007,0.0,0.125,25.050950090597556,20000287
SPT-Periodic,11.971310855643154,9,0.75,0.6183793944150346,0.8333333333333334,0.25,0.7825731322699512,0.26898809911678884,0.0,0.125,23.93592015332039,20000288
SPT-Periodic,13.50838049419612,10,0.8333333333333334,0.7313500391379221,0.8333333333333334,0.16666666666666663,0.7333809364648278,0.2705817039107446,0.0,0.125,23.595211471987753,20000289
SPT-Periodic,8.822830548433451,7,0.5833333333333334,0.43149429661011063,0.75,0.41666666666666663,0.7714836372781272,0.29957213544113687,0.0,0.125,23.306991334764945,20000290
SPT-Periodic,13.923068286702346,10,0.8333333333333334,0.74118907254355,0.9166666666666666,0.16666666666666663,0.7978023832175177,0.2935726326108178,0.0,0.125,25.035072011910426,20000291
SPT-Periodic,10.747690908434256,8,0.6666666666666666,0.5672246421205701,0.75,0.33333333333333337,0.7401135937564005,0.341356377595734,0.0,0.125,22.839123797696477,20000292
SPT-Periodic,12.193009019636248,9,0.75,0.6223811980982854,0.8333333333333334,0.25,0.7194662087327194,0.3151762781862844,0.0,0.125,22.43952284735008,20000293
SPT-Periodic,9.258747942426472,7,0.5833333333333334,0.4644710159524587,0.75,0.41666666666666663,0.760256419639573,0.3420047151621235,0.0,0.125,23.780733824756087,20000294
SPT-Periodic,12.429087578630208,9,0.75,0.6280364418443886,0.8333333333333334,0.25,0.7389319145129285,0.28425568188417266,0.0,0.125,23.178115646427123,20000295
SPT-Periodic,10.826861365962001,8,0.6666666666666666,0.5485528376658452,0.75,0.33333333333333337,0.7945815053241052,0.3351580276460305,0.0,0.125,24.028789820286597,20000296
SPT-Periodic,9.992033104791672,8,0.6666666666666666,0.4810213804269275,0.8333333333333334,0.33333333333333337,0.6995056858350385,0.32092938873057886,0.0,0.125,22.342812544409842,20000297
SPT-Periodic,10.213576873097162,8,0.6666666666666666,0.5171543697421006,0.75,0.33333333333333337,0.7437251796808774,0.31802170050502826,0.0,0.125,21.507732549923944,20000298
SPT-Periodic,9.919542346851792,8,0.6666666666666666,0.44857143672141375,0.9166666666666666,0.33333333333333337,0.756390073568757,0.2914584949025972,0.0,0.125,23.281595688433658,20000299
SPT-Periodic,11.113620277959939,8,0.6666666666666666,0.5579619991983538,0.75,0.33333333333333337,0.7987157003984408,0.33811745569870294,0.0,0.125,24.04424060596603,20000300
SPT-Periodic,15.856764920483684,11,0.9166666666666666,0.859181050080017,0.9166666666666666,0.08333333333333337,0.7968466341326982,0.3104669129455251,0.0,0.125,25.608504394173806,20000301
SPT-Periodic,10.79359689406294,8,0.6666666666666666,0.5616721577736139,0.6666666666666666,0.33333333333333337,0.7226297430876422,0.3163668733657619,0.0,0.125,22.337924083336997,20000302
SPT-Periodic,8.931037208111134,7,0.5833333333333334,0.48314553922262704,0.8333333333333334,0.41666666666666663,0.768070024563884,0.31047274407171604,0.0,0.125,24.387813875784655,20000303
SPT-Periodic,16.04112040262854,11,0.9166666666666666,0.8993225937310327,1.0,0.08333333333333337,0.8612931724862157,0.27400232321496865,0.0,0.16666666666666666,26.308184158709537,20000304
SPT-Periodic,13.337020488226369,10,0.8333333333333334,0.7421160390139029,0.9166666666666666,0.16666666666666663,0.8012631961487197,0.24725292645197194,0.0,0.125,25.300224829277354,20000305
SPT-Periodic,13.714735660439638,10,0.8333333333333334,0.6977029879231809,0.9166666666666666,0.16666666666666663,0.7757924401598532,0.2725863558375956,0.0,0.125,25.12918884774221,20000306
SPT-Periodic,12.10021506112008,9,0.75,0.6243007937132935,0.75,0.25,0.7378488002403608,0.33457929380072243,0.0,0.125,23.080795069161976,20000307
SPT-Periodic,12.880449544354812,9,0.75,0.6288436219779537,0.8333333333333334,0.25,0.8148996601083706,0.32071772820006866,0.0,0.125,24.570740034261757,20000308
SPT-Periodic,11.298404203524282,8,0.6666666666666666,0.5706219981695612,0.75,0.33333333333333337,0.8013806483076621,0.361595356510746,0.0,0.125,24.19502695255566,20000309
SPT-Periodic,13.560763390397124,10,0.8333333333333334,0.7254845942423319,0.9166666666666666,0.16666666666666663,0.8033700842907923,0.3015246124707345,0.0,0.125,24.519013709057766,20000310
SPT-Periodic,10.31245022047111,8,0.6666666666666666,0.5089903279733133,0.8333333333333334,0.33333333333333337,0.7546355904891143,0.317419121297225,0.0,0.125,23.652012554315366,20000311
SPT-Periodic,10.485914425457771,8,0.6666666666666666,0.5039040462034934,0.8333333333333334,0.33333333333333337,0.7572229837410224,0.28179612663082687,0.0,0.125,23.532871062778703,20000312
SPT-Periodic,10.50689239713417,8,0.6666666666666666,0.5337317904687405,0.75,0.33333333333333337,0.8129995865436683,0.3275165571019369,0.0,0.125,23.944569816438264,20000313
SPT-Periodic,12.108659653379636,9,0.75,0.6151103606027896,0.8333333333333334,0.25,0.772464161169922,0.31294414698018264,0.0,0.125,24.184015303250458,20000314
SPT-Periodic,12.462255949542522,9,0.75,0.6182879015509912,0.8333333333333334,0.25,0.7764387492294068,0.33753618660597245,0.0,0.125,23.956695986476554,20000315
SPT-Periodic,8.989910020153431,7,0.5833333333333334,0.4694860039915692,0.6666666666666666,0.41666666666666663,0.751778635398492,0.3590488553516127,0.0,0.125,21.67167401932792,20000316
SPT-Periodic,12.382267479495141,9,0.75,0.6453480105640452,0.8333333333333334,0.25,0.795906875473268,0.307026122922834,0.0,0.125,25.56265557377576,20000317
SPT-Periodic,9.236958389188295,7,0.5833333333333334,0.47769093577969635,0.75,0.41666666666666663,0.7976129602902539,0.3484596808488189,0.0,0.125,23.9015321289414,20000318
SPT-Periodic,9.513043589380116,7,0.5833333333333334,0.4916722312594497,0.75,0.41666666666666663,0.7565298937771171,0.3612260948715776,0.0,0.125,23.289445698498746,20000319
SPT-Periodic,10.554307533819983,8,0.6666666666666666,0.5422492208455908,0.6666666666666666,0.33333333333333337,0.7379950932279106,0.3184544034998021,0.0,0.125,22.18601599194141,20000320
SPT-Periodic,15.755727223045561,11,0.9166666666666666,0.8562878613321081,0.9166666666666666,0.08333333333333337,0.7958235747518043,0.26734464295656946,0.0,0.125,24.983422622120795,20000321
SPT-Periodic,10.803137101886975,8,0.6666666666666666,0.5522888958952052,0.75,0.33333333333333337,0.7363442744045116,0.3091620827540489,0.0,0.125,22.923738796951458,20000322
SPT-Periodic,7.331665245324913,6,0.5,0.409321306943568,0.75,0.5,0.7720890628621202,0.317250844852838,0.0,0.125,24.17103663775653,20000323
SPT-Periodic,12.998923773082183,9,0.75,0.687600168269735,0.8333333333333334,0.25,0.8253840617368393,0.31050713190791507,0.0,0.125,25.71677536612176,20000324
SPT-Periodic,14.15681076912038,10,0.8333333333333334,0.7382530795299028,0.9166666666666666,0.16666666666666663,0.8007048425032526,0.28841051746740204,0.0,0.125,26.136150690768957,20000325
SPT-Periodic,11.330990828585879,8,0.6666666666666666,0.594063916148379,0.6666666666666666,0.33333333333333337,0.7238251600382893,0.37595630313614414,0.0,0.125,21.687355986745025,20000326
SPT-Periodic,12.04901500253875,9,0.75,0.6100879519092697,0.8333333333333334,0.25,0.7619828608249349,0.269956411606666,0.0,0.125,24.073147686396783,20000327
SPT-Periodic,12.512272080539558,9,0.75,0.6122801820908391,0.8333333333333334,0.25,0.7854336016857922,0.3305712008718466,0.0,0.125,24.61773167859701,20000328
SPT-Periodic,10.973522073225702,8,0.6666666666666666,0.5483443693991289,0.75,0.33333333333333337,0.7303976782018576,0.3586605664666953,0.0,0.125,22.861563037687947,20000329
SPT-Periodic,12.281400604662709,9,0.75,0.6314914055749848,0.8333333333333334,0.25,0.7540652797566757,0.28194834909019884,0.0,0.125,23.72015249570216,20000330
SPT-Periodic,12.084981433009578,9,0.75,0.6204120714928565,0.9166666666666666,0.25,0.8664025319140757,0.32001189222568116,0.0,0.125,26.962903753866325,20000331
SPT-Periodic,12.259102150862486,9,0.75,0.6017516072769121,0.9166666666666666,0.25,0.7807695767474115,0.26827234872364086,0.0,0.125,24.58113354073818,20000332
SPT-Periodic,10.122864664304373,8,0.6666666666666666,0.49822984038906537,0.8333333333333334,0.33333333333333337,0.7324575499264293,0.31272166959148184,0.0,0.125,23.4877785532353,20000333
SPT-Periodic,11.04501329160104,8,0.6666666666666666,0.5788204807133247,0.75,0.33333333333333337,0.7282677989965038,0.32154661046066796,0.0,0.125,22.529129008920574,20000334
SPT-Periodic,12.628124183909428,9,0.75,0.6522795961674056,0.8333333333333334,0.25,0.739123986283834,0.32047904452046644,0.0,0.125,23.530739027496136,20000335
SPT-Periodic,10.650093959875612,8,0.6666666666666666,0.5277233331221927,0.75,0.33333333333333337,0.8167916187248153,0.3558688012682592,0.0,0.125,23.785637604240424,20000336
SPT-Periodic,10.452759864673677,8,0.6666666666666666,0.5344478806385173,0.75,0.33333333333333337,0.7987599747350721,0.33266063924549144,0.0,0.125,23.307686588141358,20000337
SPT-Periodic,16.17811031439124,11,0.9166666666666666,0.8588280477401384,0.9166666666666666,0.08333333333333337,0.839335480905743,0.28004163586469283,0.0,0.125,26.706940544662917,20000338
SPT-Periodic,13.998493411783937,10,0.8333333333333334,0.7313619783008846,0.8333333333333334,0.16666666666666663,0.8005586466070077,0.30485401098563986,0.0,0.125,24.074799272111957,20000339
SPT-Periodic,10.24138761501877,8,0.6666666666666666,0.5398103122851725,0.6666666666666666,0.33333333333333337,0.6879083093429829,0.3526983693591328,0.0,0.125,20.86061386650128,20000340
SPT-Periodic,12.242777925145887,9,0.75,0.6190377058252131,0.8333333333333334,0.25,0.8155317875525112,0.32487013491991035,0.0,0.125,24.82975369819848,20000341
SPT-Periodic,15.823743331362234,11,0.9166666666666666,0.857141204017393,0.9166666666666666,0.08333333333333337,0.7907345750583433,0.3176446972610856,0.0,0.125,24.30935832840558,20000342
SPT-Periodic,10.689248450306206,8,0.6666666666666666,0.5474329592257798,0.75,0.33333333333333337,0.7155547449937231,0.3093317502994866,0.0,0.125,22.43568095486251,20000343
SPT-Periodic,12.10067060219076,9,0.75,0.6365657661621974,0.75,0.25,0.7006408500315363,0.3091240557951601,0.0,0.125,22.614592274205755,20000344
SPT-Periodic,11.2943249130879,8,0.6666666666666666,0.5729090928700041,0.75,0.33333333333333337,0.768051391826963,0.33078815323636684,0.0,0.125,23.771581767333878,20000345
SPT-Periodic,8.73942980771228,7,0.5833333333333334,0.4451764583287171,0.75,0.41666666666666663,0.6993420369548824,0.3232869349485426,0.0,0.125,22.261639373431514,20000346
SPT-Periodic,9.244762351358217,7,0.5833333333333334,0.4819107495017886,0.8333333333333334,0.41666666666666663,0.7948535499139768,0.3237619526612357,0.0,0.125,24.95841960199661,20000347
SPT-Periodic,10.68910925152148,8,0.6666666666666666,0.528933834901492,0.75,0.33333333333333337,0.8196808496461186,0.32108612549296683,0.0,0.125,24.672586311226862,20000348
SPT-Periodic,13.816443462534409,10,0.8333333333333334,0.7182085894177094,1.0,0.16666666666666663,0.8652291677198244,0.26078928706180954,0.0,0.16666666666666666,25.68290180715995,20000349
SPT-Periodic,10.855305542902816,8,0.6666666666666666,0.5550674845409812,0.75,0.33333333333333337,0.7816971192227576,0.347641424894168,0.0,0.125,23.416625026102817,20000350
SPT-Periodic,12.809823237536968,9,0.75,0.654051631137752,0.8333333333333334,0.25,0.7984915519966446,0.31294226395359276,0.0,0.125,24.628493348129382,20000351
SPT-Periodic,13.82644703918735,10,0.8333333333333334,0.7268220960003341,0.8333333333333334,0.16666666666666663,0.7514029743456782,0.30075201485073255,0.0,0.125,24.121169694215386,20000352
SPT-Periodic,10.92298072374159,8,0.6666666666666666,0.5255290636126706,0.8333333333333334,0.33333333333333337,0.7737242628198145,0.29698724780936997,0.0,0.125,24.27713859086041,20000353
SPT-Periodic,11.853524171896975,9,0.75,0.6300918168363118,0.75,0.25,0.7118202367298997,0.2846454648803169,0.0,0.125,22.55988118233681,20000354
SPT-Periodic,13.890730742633059,10,0.8333333333333334,0.7294566370797299,0.9166666666666666,0.16666666666666663,0.7890369474839143,0.30173585474895565,0.0,0.125,25.49518209413585,20000355
SPT-Periodic,12.217206542399488,9,0.75,0.6290093512568393,0.8333333333333334,0.25,0.8126942881157531,0.311138731480733,0.0,0.125,25.260900420210927,20000356
SPT-Periodic,12.20254735390717,9,0.75,0.6503260680222743,0.75,0.25,0.7429762051923404,0.3306191203092777,0.0,0.125,23.004097172139314,20000357
SPT-Periodic,17.19396700516832,12,1.0,1.0,1.0,0.0,0.7960572125256263,0.2664861595224575,0.0,0.125,24.984917512920795,20000358
SPT-Periodic,15.912988192606385,11,0.9166666666666666,0.8516504870981056,0.9166666666666666,0.08333333333333337,0.8421147939741834,0.2925701431411542,0.0,0.125,27.433851632576385,20000359
SPT-Periodic,11.918854560864744,9,0.75,0.6075503639241306,0.8333333333333334,0.25,0.7224746700355363,0.2887904367473204,0.0,0.125,22.56625971363805,20000360
SPT-Periodic,7.1548660579609,6,0.5,0.36558605149743956,0.75,0.5,0.7805465556955116,0.3024341786662185,0.0,0.125,24.652305903651254,20000361
SPT-Periodic,12.362848439975847,9,0.75,0.6392018704969757,0.75,0.25,0.762491954416825,0.34617751309357,0.0,0.125,23.18327241733567,20000362
SPT-Periodic,10.726624945948629,8,0.6666666666666666,0.5605824473700962,0.6666666666666666,0.33333333333333337,0.7247451687413022,0.3645398212560916,0.0,0.125,22.37428360858747,20000363
SPT-Periodic,6.650314297782877,6,0.5,0.3522021678431081,0.6666666666666666,0.5,0.6997880414634158,0.3162529767152861,0.0,0.125,21.647865923352445,20000364
SPT-Periodic,8.755565351073203,7,0.5833333333333334,0.46441896082384126,0.6666666666666666,0.41666666666666663,0.664287209758562,0.3166959325709578,0.0,0.125,21.374134335237642,20000365
SPT-Periodic,11.301432077608377,8,0.6666666666666666,0.5836977846694629,0.6666666666666666,0.33333333333333337,0.7765211481662023,0.3468610469469457,0.0,0.125,24.084068477774014,20000366
SPT-Periodic,10.30421270164116,8,0.6666666666666666,0.48404816089635333,0.8333333333333334,0.33333333333333337,0.8026951597209354,0.2776172739048126,0.0,0.125,24.35522827069415,20000367
SPT-Periodic,10.270595302679375,8,0.6666666666666666,0.5345124812014682,0.8333333333333334,0.33333333333333337,0.744908825128049,0.3000150334606297,0.0,0.125,23.095532921631353,20000368
SPT-Periodic,9.298633414184769,7,0.5833333333333334,0.4616979616900563,0.75,0.41666666666666663,0.786920440123544,0.3686163894309666,0.0,0.125,23.35335287355803,20000369
SPT-Periodic,12.066846148261408,9,0.75,0.6091335667704983,0.8333333333333334,0.25,0.7063214106995667,0.30985260337040116,0.0,0.125,22.41236887965117,20000370
SPT-Periodic,12.218799402818743,9,0.75,0.6235122182376516,0.75,0.25,0.7730370945406367,0.3316430166520965,0.0,0.125,23.38113919299152,20000371
SPT-Periodic,8.983472180089773,7,0.5833333333333334,0.467989322558728,0.6666666666666666,0.41666666666666663,0.7173247631352959,0.3554661447913699,0.0,0.125,22.251908647217675,20000372
SPT-Periodic,13.481454237296122,10,0.8333333333333334,0.7097528870131199,0.9166666666666666,0.16666666666666663,0.7845030848839681,0.2833035032703859,0.0,0.125,24.30567860412306,20000373
SPT-Periodic,12.27989067243091,9,0.75,0.6248450649066877,0.8333333333333334,0.25,0.769728131877018,0.3109072614378614,0.0,0.125,24.606101361116405,20000374
SPT-Periodic,10.87281232515874,8,0.6666666666666666,0.5558482135747256,0.8333333333333334,0.33333333333333337,0.8423131267124773,0.304736690045972,0.0,0.125,25.302830628107614,20000375
SPT-Periodic,11.713134946430719,9,0.75,0.5808699523986803,0.8333333333333334,0.25,0.7183003743713986,0.2875577322194544,0.0,0.125,23.361741075464817,20000376
SPT-Periodic,8.174788531295022,7,0.5833333333333334,0.3986097662268358,0.75,0.41666666666666663,0.7047799373966693,0.3019399644573409,0.0,0.125,20.56128494957016,20000377
SPT-Periodic,8.675198581955549,7,0.5833333333333334,0.4379977258634766,0.75,0.41666666666666663,0.7629876494613482,0.30812142835086603,0.0,0.125,23.55847230675327,20000378
SPT-Periodic,12.04151927848576,9,0.75,0.5814916690051282,0.9166666666666666,0.25,0.81204141679792,0.2943351567268378,0.0,0.125,25.625181444761825,20000379
SPT-Periodic,12.35464414779549,9,0.75,0.5984155390833663,0.9166666666666666,0.25,0.8270296364408306,0.30756164012642734,0.0,0.125,25.6088149663619,20000380
SPT-Periodic,8.838019243774989,7,0.5833333333333334,0.4552930952223791,0.6666666666666666,0.41666666666666663,0.7426362189127141,0.31769280898176455,0.0,0.125,22.70246852598374,20000381
SPT-Periodic,13.341511874718714,10,0.8333333333333334,0.6813536295775539,0.9166666666666666,0.16666666666666663,0.8372796262041377,0.2972548997205733,0.0,0.125,25.835632974166856,20000382
SPT-Periodic,12.205891424781871,9,0.75,0.6196042438777722,0.8333333333333334,0.25,0.7479565616731394,0.3204841348712949,0.0,0.125,23.652762037233064,20000383
SPT-Periodic,10.92699176671729,8,0.6666666666666666,0.5528991821031153,0.8333333333333334,0.33333333333333337,0.7811842274002497,0.2948424941031139,0.0,0.125,24.46269646735271,20000384
SPT-Periodic,10.030718224231128,8,0.6666666666666666,0.47913552198983855,0.8333333333333334,0.33333333333333337,0.7402990239581401,0.28412489175083,0.0,0.125,22.730910184308943,20000385
SPT-Periodic,11.003708291150195,8,0.6666666666666666,0.5712253841971899,0.75,0.33333333333333337,0.7376562562867743,0.3236714981887413,0.0,0.125,22.31317444526819,20000386
SPT-Periodic,14.345904327084202,10,0.8333333333333334,0.7421732474632905,0.9166666666666666,0.16666666666666663,0.8557797993196692,0.28738954236434716,0.0,0.125,26.57670537141258,20000387
SPT-Periodic,10.370012618474492,8,0.6666666666666666,0.5566886897877744,0.9166666666666666,0.33333333333333337,0.8271059087691167,0.2978448898670327,0.0,0.125,26.192392277373713,20000388
SPT-Periodic,14.152785459085688,10,0.8333333333333334,0.7295953109410926,0.8333333333333334,0.16666666666666663,0.8568118762310318,0.3252677277490635,0.0,0.125,25.655186251583768,20000389
SPT-Periodic,14.77759617987406,10,0.8333333333333334,0.7484814548500777,0.9166666666666666,0.16666666666666663,0.829310058389821,0.30962273613729313,0.0,0.125,26.40531398947075,20000390
SPT-Periodic,12.490892594966834,9,0.75,0.6452056696549036,0.9166666666666666,0.25,0.8144105947895298,0.32379590646388107,0.0,0.125,25.41708263982004,20000391
SPT-Periodic,12.697200969773073,9,0.75,0.6440610512363897,0.9166666666666666,0.25,0.8060746049197278,0.2973495666140082,0.0,0.125,26.341384425091114,20000392
SPT-Periodic,11.083137206868091,8,0.6666666666666666,0.5874683356839178,0.75,0.33333333333333337,0.762072771649709,0.3511744222759914,0.0,0.125,24.549664188507037,20000393
SPT-Periodic,9.270495679843235,7,0.5833333333333334,0.482081281416888,0.6666666666666666,0.41666666666666663,0.7466075461671594,0.3409916877684546,0.0,0.125,22.233708183388412,20000394
SPT-Periodic,14.044773194792686,10,0.8333333333333334,0.724662396123399,0.8333333333333334,0.16666666666666663,0.8088002912281859,0.32169413719428674,0.0,0.125,25.574552669767915,20000395
SPT-Periodic,12.063475178929192,9,0.75,0.6278857214792278,0.8333333333333334,0.25,0.7048649039826906,0.28534694220180706,0.0,0.125,23.410001963711757,20000396
SPT-Periodic,13.611848523133716,10,0.8333333333333334,0.71078687318652,0.9166666666666666,0.16666666666666663,0.7894783323619063,0.29636227440992874,0.0,0.125,25.224794213993587,20000397
SPT-Periodic,13.23581929225442,10,0.8333333333333334,0.693094863981352,0.9166666666666666,0.16666666666666663,0.8068595561069097,0.2839212156428784,0.0,0.125,25.21388084677573,20000398
SPT-Periodic,11.838051782769488,9,0.75,0.5821955699904618,0.8333333333333334,0.25,0.7175746199611573,0.314552534762005,0.0,0.125,23.00630151463224,20000399
SPT-Periodic,10.083718494189133,8,0.6666666666666666,0.5283184993773574,0.8333333333333334,0.33333333333333337,0.7387429178065202,0.30371607811148466,0.0,0.125,22.826166364413986,20000400
SPT-Periodic,11.08912912568364,8,0.6666666666666666,0.5813150098603233,0.6666666666666666,0.33333333333333337,0.7408290317353162,0.3534613684252543,0.0,0.125,22.890826817126275,20000401
SPT-Periodic,9.287899023728045,7,0.5833333333333334,0.47612418616299695,0.6666666666666666,0.41666666666666663,0.7068819614504734,0.3372663836352969,0.0,0.125,20.990399939421106,20000402
SPT-Periodic,13.093732713357477,9,0.75,0.6672767303194155,0.75,0.25,0.7511373670210837,0.3420622965260785,0.0,0.125,23.86175980571934,20000403
SPT-Periodic,10.312742064753822,8,0.6666666666666666,0.5338349550949506,0.75,0.33333333333333337,0.7174721639400605,0.3203096106702774,0.0,0.125,22.570661298452528,20000404
SPT-Periodic,8.948717265956262,7,0.5833333333333334,0.5005285480427604,0.5833333333333334,0.41666666666666663,0.6468875412569388,0.3287222631116073,0.0,0.125,20.37000581871051,20000405
SPT-Periodic,12.442976006521768,9,0.75,0.6086274329806268,0.8333333333333334,0.25,0.8201926259541383,0.33102007560618496,0.0,0.125,24.815227201357573,20000406
SPT-Periodic,12.423255484625551,9,0.75,0.6343936220375929,0.8333333333333334,0.25,0.8284652706358197,0.31591771582011774,0.0,0.125,25.24793375071611,20000407
SPT-Periodic,8.487555912827474,7,0.5833333333333334,0.42203856546163143,0.8333333333333334,0.41666666666666663,0.7093579728839519,0.29277522210453516,0.0,0.125,23.480599568204024,20000408
SPT-Periodic,10.501201163286737,8,0.6666666666666666,0.5067151105727264,0.8333333333333334,0.33333333333333337,0.8229714696276998,0.3248766364932984,0.0,0.125,25.561857469833324,20000409
SPT-Periodic,14.06304684510201,10,0.8333333333333334,0.7369560466695871,0.9166666666666666,0.16666666666666663,0.7788078776538288,0.2724616184823699,0.0,0.125,24.668209854805102,20000410
SPT-Periodic,12.527575617314385,9,0.75,0.6389473763554254,0.8333333333333334,0.25,0.7613320899376593,0.2852697193087424,0.0,0.125,23.727745992917615,20000411
SPT-Periodic,11.144688020234367,8,0.6666666666666666,0.6103753087334947,0.75,0.33333333333333337,0.7270020989553393,0.3488674147295057,0.0,0.125,23.306996096762997,20000412
SPT-Periodic,10.359116273213532,8,0.6666666666666666,0.5571911245841431,0.8333333333333334,0.33333333333333337,0.7305190927032728,0.2989701752339489,0.0,0.125,23.83960445759832,20000413
SPT-Periodic,10.826758052700841,8,0.6666666666666666,0.5476523482521644,0.8333333333333334,0.33333333333333337,0.7589210823431071,0.3276249822439374,0.0,0.125,23.572554144412308,20000414
SPT-Periodic,12.240061415791217,9,0.75,0.608479560636881,0.8333333333333334,0.25,0.8249147279077444,0.306611554117935,0.0,0.125,24.874413882639278,20000415
SPT-Periodic,11.87806487655103,9,0.75,0.6327455331225998,0.75,0.25,0.745309377944348,0.32520228384302147,0.0,0.125,22.60890243780808,20000416
SPT-Periodic,10.357683023343899,8,0.6666666666666666,0.49279140572141156,0.8333333333333334,0.33333333333333337,0.7646588580742271,0.30630085689845704,0.0,0.125,23.2123866376327,20000417
SPT-Periodic,14.116218646131314,10,0.8333333333333334,0.7483886284983456,1.0,0.16666666666666663,0.8019665456740079,0.272114243915649,0.0,0.125,26.224908091030084,20000418
SPT-Periodic,8.093262661723989,7,0.5833333333333334,0.3961917383455019,0.6666666666666666,0.41666666666666663,0.6993364567684276,0.34877824872433677,0.0,0.125,21.075394454623176,20000419
SPT-Periodic,13.601495675622221,10,0.8333333333333334,0.6947725173759026,0.9166666666666666,0.16666666666666663,0.8150602817849156,0.29757375676129744,0.0,0.125,25.07169524904548,20000420
SPT-Periodic,10.85098411587535,8,0.6666666666666666,0.5723721673472564,0.6666666666666666,0.33333333333333337,0.725084778271546,0.35708702256187214,0.0,0.125,22.74756089519462,20000421
SPT-Periodic,13.944118567388438,10,0.8333333333333334,0.7295296247127097,0.8333333333333334,0.16666666666666663,0.7308120927657767,0.28040852942228295,0.0,0.125,23.254935733026382,20000422
SPT-Periodic,13.534166132294363,10,0.8333333333333334,0.7045706120164547,0.9166666666666666,0.16666666666666663,0.7461510297594641,0.28182794774465675,0.0,0.125,23.53537208599173,20000423
SPT-Periodic,10.52065352732205,8,0.6666666666666666,0.5514514992819745,0.75,0.33333333333333337,0.7405809693236852,0.31894951013874434,0.0,0.125,23.32288069056887,20000424
SPT-Periodic,4.932433176793093,5,0.4166666666666667,0.2624705458999091,0.6666666666666666,0.5833333333333333,0.7223892828486745,0.32427013973341706,0.0,0.125,22.09563528057132,20000425
SPT-Periodic,12.236469019779546,9,0.75,0.6183858246485167,0.8333333333333334,0.25,0.7927388874142699,0.3291771103871468,0.0,0.125,23.757145025255724,20000426
SPT-Periodic,14.079426920765263,10,0.8333333333333334,0.7457538841514542,0.8333333333333334,0.16666666666666663,0.782938164765151,0.30280687405333057,0.0,0.125,24.219022561084124,20000427
SPT-Periodic,14.671657765276612,10,0.8333333333333334,0.7317906207525001,0.9166666666666666,0.16666666666666663,0.8280941087810977,0.2950457612746183,0.0,0.125,26.658028523328177,20000428
SPT-Periodic,11.603562224839463,9,0.75,0.5678122975403304,0.9166666666666666,0.25,0.8064659557332527,0.2941601603821682,0.0,0.125,24.395570431256616,20000429
SPT-Periodic,15.249494391117187,11,0.9166666666666666,0.8282289048988517,0.9166666666666666,0.08333333333333337,0.7832075379195703,0.30639825472801707,0.0,0.125,25.04409955390125,20000430
SPT-Periodic,10.438387333099806,8,0.6666666666666666,0.5510950245648041,0.75,0.33333333333333337,0.7543752297248791,0.30236637311477144,0.0,0.125,23.47243254346055,20000431
SPT-Periodic,12.572788542403746,9,0.75,0.6506068270847556,0.9166666666666666,0.25,0.8290473358593117,0.30709137244877754,0.0,0.125,25.55075545549855,20000432
SPT-Periodic,12.858871173764774,9,0.75,0.6909138573789372,0.75,0.25,0.7688800617266036,0.35312096050621194,0.0,0.125,24.707783889180323,20000433
SPT-Periodic,12.026905943336104,9,0.75,0.6221253348255817,0.75,0.25,0.7570461337608769,0.3334775914780362,0.0,0.125,23.151887240781946,20000434
SPT-Periodic,16.352667167642856,11,0.9166666666666666,0.8707177001213569,0.9166666666666666,0.08333333333333337,0.8627444792709991,0.3062831323082416,0.0,0.125,26.198191780713902,20000435
SPT-Periodic,13.819053408283382,10,0.8333333333333334,0.7038379920950366,0.9166666666666666,0.16666666666666663,0.8326952816702206,0.2769089080247752,0.0,0.125,26.190525464236746,20000436
SPT-Periodic,11.967457077409453,9,0.75,0.615975829557197,0.8333333333333334,0.25,0.8161699978998692,0.31513558184950624,0.0,0.125,24.85793600968518,20000437
SPT-Periodic,8.05469082709319,7,0.5833333333333334,0.4164702501725256,0.6666666666666666,0.41666666666666663,0.652184154121619,0.3023277912553651,0.0,0.125,20.01136242563509,20000438
SPT-Periodic,9.378704741586265,7,0.5833333333333334,0.4902689008717992,0.6666666666666666,0.41666666666666663,0.7265772084150818,0.348042622970995,0.0,0.125,22.096784699689803,20000439
SPT-Periodic,15.068790352841717,11,0.9166666666666666,0.8529818445938621,0.9166666666666666,0.08333333333333337,0.768203004226384,0.295583145176814,0.0,0.125,24.669194041580813,20000440
SPT-Periodic,8.5303776740968,7,0.5833333333333334,0.42605265629471206,0.6666666666666666,0.41666666666666663,0.6519399547243919,0.3436674732619586,0.0,0.125,19.49114136871676,20000441
SPT-Periodic,15.52798702459393,11,0.9166666666666666,0.836642871465275,0.9166666666666666,0.08333333333333337,0.814692022050083,0.296589319130083,0.0,0.125,25.411204390651346,20000442
SPT-Periodic,9.312850287824407,7,0.5833333333333334,0.45004627283682613,0.8333333333333334,0.41666666666666663,0.8333300598219225,0.3362034210142233,0.0,0.125,25.584085308318432,20000443
SPT-Periodic,12.537193249388658,9,0.75,0.6450851080895754,0.75,0.25,0.7329193481269399,0.3201719294715239,0.0,0.125,23.613982808795953,20000444
SPT-Periodic,12.42929168252173,9,0.75,0.6348038971823621,0.75,0.25,0.755508248814953,0.3052314701274054,0.0,0.125,23.212016110396412,20000445
SPT-Periodic,12.745180425555812,9,0.75,0.6392410417685618,0.8333333333333334,0.25,0.8174622559840605,0.3068229328106013,0.0,0.125,25.16680601203977,20000446
SPT-Periodic,9.357324634173931,7,0.5833333333333334,0.4812352477580071,0.6666666666666666,0.41666666666666663,0.764884243787022,0.36018472497483617,0.0,0.125,22.513190753377177,20000447
SPT-Periodic,12.581228935600398,9,0.75,0.6605679397352004,0.8333333333333334,0.25,0.8184249652145749,0.32973907548387726,0.0,0.125,23.933905801102377,20000448
SPT-Periodic,13.898223329017119,10,0.8333333333333334,0.7297617045910862,0.8333333333333334,0.16666666666666663,0.7610020221666183,0.2807397775218872,0.0,0.125,23.742749605461487,20000449
SPT-Periodic,11.051438095746219,8,0.6666666666666666,0.5492833146829599,0.75,0.33333333333333337,0.7981514078282169,0.3639870054927356,0.0,0.125,23.02612210875342,20000450
SPT-Periodic,13.947306928795319,10,0.8333333333333334,0.721701257024317,0.8333333333333334,0.16666666666666663,0.782429426190555,0.30608523842891194,0.0,0.125,25.10015348711386,20000451
SPT-Periodic,11.427267931613585,8,0.6666666666666666,0.5735882788802543,0.75,0.33333333333333337,0.8099401589917967,0.35014006050476487,0.0,0.125,24.707584767551253,20000452
SPT-Periodic,7.093810320853607,6,0.5,0.40180343568195553,0.5833333333333334,0.5,0.6848677314183065,0.3742642530736427,0.0,0.125,20.83637598155359,20000453
SPT-Periodic,10.082120649783,8,0.6666666666666666,0.4868264941755349,0.75,0.33333333333333337,0.7589694253133272,0.32532439820714926,0.0,0.125,23.196737587611707,20000454
SPT-Periodic,12.285741434339638,9,0.75,0.628073386117217,0.8333333333333334,0.25,0.7884885678300524,0.3206937332810497,0.0,0.125,24.276293375740384,20000455
SPT-Periodic,10.212160380209346,8,0.6666666666666666,0.5098879479335462,0.8333333333333334,0.33333333333333337,0.7795088193724579,0.31662720952521567,0.0,0.125,24.326174208515933,20000456
SPT-Periodic,5.47171685057273,5,0.4166666666666667,0.29944795854361067,0.6666666666666666,0.5833333333333333,0.7053996732442439,0.32750021125109313,0.0,0.125,21.032565130076154,20000457
SPT-Periodic,9.389470241599804,7,0.5833333333333334,0.4905608572766069,0.6666666666666666,0.41666666666666663,0.7444415510965459,0.3917187515688409,0.0,0.125,22.447051072125106,20000458
SPT-Periodic,12.844647557325777,9,0.75,0.6566916024632589,0.9166666666666666,0.25,0.8536599811180828,0.3343625586888739,0.0,0.125,25.78754416489634,20000459
SPT-Periodic,16.002060983836493,11,0.9166666666666666,0.867851764614592,0.9166666666666666,0.08333333333333337,0.8265992750389657,0.2835673358543976,0.0,0.125,26.956979234425233,20000460
SPT-Periodic,11.303739730933769,8,0.6666666666666666,0.5367403725498399,0.8333333333333334,0.33333333333333337,0.836799163473496,0.3391136535623988,0.0,0.125,25.92643941832208,20000461
SPT-Periodic,14.230731249894369,10,0.8333333333333334,0.7372620912027931,0.9166666666666666,0.16666666666666663,0.8326736070193741,0.31856312474057913,0.0,0.125,26.735210551282,20000462
SPT-Periodic,8.998626168695344,7,0.5833333333333334,0.4645053178928758,0.75,0.41666666666666663,0.7905872834574431,0.31683940424960527,0.0,0.125,24.303647118236036,20000463
SPT-Periodic,12.279681220696009,9,0.75,0.6067013057486568,0.8333333333333334,0.25,0.7504879028345002,0.2887857192412027,0.0,0.125,23.418263397802246,20000464
SPT-Periodic,12.134081137392576,9,0.75,0.6320268809614144,0.8333333333333334,0.25,0.7920073704175593,0.29429313074085955,0.0,0.125,24.666797070390228,20000465
SPT-Periodic,8.790360567189525,7,0.5833333333333334,0.48852359189070776,0.6666666666666666,0.41666666666666663,0.6881886716865141,0.30736468859829674,0.0,0.125,21.6294553588209,20000466
SPT-Periodic,10.423982362729234,8,0.6666666666666666,0.543358412865939,0.9166666666666666,0.33333333333333337,0.7539549402111643,0.2623580050920144,0.0,0.125,24.25316247652948,20000467
SPT-Periodic,11.613426258704665,9,0.75,0.5779887118587672,0.8333333333333334,0.25,0.7479202871520515,0.2976675198700331,0.0,0.125,22.846984531095032,20000468
SPT-Periodic,8.493953252679127,7,0.5833333333333334,0.42989781109554065,0.75,0.41666666666666663,0.7201867370794378,0.3256006198390648,0.0,0.125,22.443191706914533,20000469
SPT-Periodic,13.607783251773629,10,0.8333333333333334,0.7498943693400417,0.9166666666666666,0.16666666666666663,0.763241927214203,0.3030290775511307,0.0,0.125,23.93167591788031,20000470
SPT-Periodic,12.540236917241527,9,0.75,0.6450315493186644,0.8333333333333334,0.25,0.8445113703654686,0.31883690680050397,0.0,0.125,26.20332211674586,20000471
SPT-Periodic,12.699482103772107,9,0.75,0.6367439273216885,0.8333333333333334,0.25,0.7719343167804213,0.3026997592222174,0.0,0.125,24.03382968166042,20000472
SPT-Periodic,12.194334992479021,9,0.75,0.5914769778743302,0.9166666666666666,0.25,0.8044557248758043,0.2910380198503462,0.0,0.125,26.033703488926605,20000473
SPT-Periodic,14.633867389151206,10,0.8333333333333334,0.7488224608008338,0.8333333333333334,0.16666666666666663,0.7940372728318531,0.30746600688790515,0.0,0.125,24.08466847287802,20000474
SPT-Periodic,14.623962624331377,10,0.8333333333333334,0.7417555353780194,0.8333333333333334,0.16666666666666663,0.8087460522762077,0.31063870723312764,0.0,0.125,24.488771541733215,20000475
SPT-Periodic,13.552911654140939,10,0.8333333333333334,0.7437862519292312,0.8333333333333334,0.16666666666666663,0.7382839534807548,0.3006374255938232,0.0,0.125,23.264029522974294,20000476
SPT-Periodic,12.227627412417416,9,0.75,0.639279345308639,0.75,0.25,0.7592663981886023,0.3112821494985074,0.0,0.125,23.876377057315,20000477
SPT-Periodic,12.589975567466677,9,0.75,0.6422890688297734,0.75,0.25,0.7951483327217862,0.32533257632277257,0.0,0.125,24.486985712069487,20000478
SPT-Periodic,8.647219644911257,7,0.5833333333333334,0.4213280732159287,0.75,0.41666666666666663,0.7400583238820763,0.31076120159492265,0.0,0.125,23.11677629721542,20000479
SPT-Periodic,13.21765557089697,9,0.75,0.652978624719935,0.8333333333333334,0.25,0.8268951511793773,0.3548041066225906,0.0,0.125,25.368662818407692,20000480
SPT-Periodic,8.901460915301236,7,0.5833333333333334,0.4562035017548192,0.9166666666666666,0.41666666666666663,0.7818300931834457,0.2622211316399399,0.0,0.125,24.254993047965662,20000481
SPT-Periodic,9.250936147240791,7,0.5833333333333334,0.4485230257218036,0.75,0.41666666666666663,0.7558813185708152,0.3361528116750328,0.0,0.125,23.279375339639788,20000482
SPT-Periodic,14.276734328039034,10,0.8333333333333334,0.7609912549122545,0.9166666666666666,0.16666666666666663,0.7935370431755864,0.2728960222141042,0.0,0.125,25.203947216054345,20000483
SPT-Periodic,9.29891104903131,7,0.5833333333333334,0.4702303239816619,0.75,0.41666666666666663,0.7291455488749105,0.3482734633715787,0.0,0.125,22.79728654879235,20000484
SPT-Periodic,12.108154122059256,9,0.75,0.62178294865307,0.75,0.25,0.6905012156119046,0.30617387108357746,0.0,0.125,22.434237846730944,20000485
SPT-Periodic,12.473516331018573,9,0.75,0.6500486029294893,0.8333333333333334,0.25,0.7608592512135365,0.3310569304697774,0.0,0.125,23.698590740781118,20000486
SPT-Periodic,10.88839140237617,8,0.6666666666666666,0.5433838246640669,0.8333333333333334,0.33333333333333337,0.7882270947801088,0.30225124912367957,0.0,0.125,24.327519474111213,20000487
SPT-Periodic,12.201139935588275,9,0.75,0.6222601955541257,0.75,0.25,0.7867155012755825,0.2977229289984374,0.0,0.125,23.997154238735284,20000488
SPT-Periodic,10.586030446977421,8,0.6666666666666666,0.5335970960846969,0.75,0.33333333333333337,0.7638445325026009,0.3202123136867964,0.0,0.125,23.30471421940845,20000489
SPT-Periodic,13.950228998514147,10,0.8333333333333334,0.7157449905890214,0.8333333333333334,0.16666666666666663,0.7660478998280306,0.31124026739480987,0.0,0.125,23.548233404114526,20000490
SPT-Periodic,10.756490862637959,8,0.6666666666666666,0.531321260169373,0.75,0.33333333333333337,0.7341182291599199,0.33808394176138784,0.0,0.125,21.977934731333427,20000491
SPT-Periodic,12.40426809539175,9,0.75,0.6254401703357457,0.8333333333333334,0.25,0.7861892289963873,0.3379233426026747,0.0,0.125,24.108426941124105,20000492
SPT-Periodic,8.797346849187283,7,0.5833333333333334,0.43558252794572294,0.75,0.41666666666666663,0.7249950875200915,0.3423718874804176,0.0,0.125,21.927594055959855,20000493
SPT-Periodic,12.16428409735029,9,0.75,0.6398687112271697,0.8333333333333334,0.25,0.781860729582975,0.3103472826332111,0.0,0.125,24.68771114286135,20000494
SPT-Periodic,10.554407695017941,8,0.6666666666666666,0.5426988896470966,0.75,0.33333333333333337,0.7078324480992824,0.32459609794121697,0.0,0.125,22.55561900977481,20000495
SPT-Periodic,12.304172837536687,9,0.75,0.6464138983854602,0.9166666666666666,0.25,0.8689818324656122,0.26709373567872147,0.0,0.125,27.352963439501316,20000496
SPT-Periodic,13.797649628919938,10,0.8333333333333334,0.7319738570352484,0.8333333333333334,0.16666666666666663,0.7318751508507958,0.3198753856473478,0.0,0.125,22.90478065099345,20000497
SPT-Periodic,8.931326972349808,7,0.5833333333333334,0.46985522521629947,0.75,0.41666666666666663,0.7177516522590085,0.3186679651536537,0.0,0.125,22.380057100118833,20000498
SPT-Periodic,12.124953491699657,9,0.75,0.6266260354539724,0.75,0.25,0.7148036948066903,0.33024844858277286,0.0,0.125,22.92592928324742,20000499
SPT-Threshold,13.99590136724275,10,0.8333333333333334,0.7265930654320614,0.8333333333333334,0.16666666666666663,0.8184743383994219,0.3103985928446529,0.0,0.16666666666666666,24.4683959729188,20000000
SPT-Threshold,14.077092434955098,10,0.8333333333333334,0.7297928770005953,0.8333333333333334,0.16666666666666663,0.8473893180980362,0.264874542589654,0.0,0.16666666666666666,25.709815743467637,20000001
SPT-Threshold,12.383850560406822,9,0.75,0.6384771204178709,0.8333333333333334,0.25,0.8574212421596031,0.33590444884883697,0.0,0.14583333333333334,25.078396432637234,20000002
SPT-Threshold,14.362884825524988,10,0.8333333333333334,0.7441562408070357,0.9166666666666666,0.16666666666666663,0.8246721799262963,0.22674218565759854,0.0,0.1875,25.94728893527781,20000003
SPT-Threshold,14.040823830989444,10,0.8333333333333334,0.7245283874309036,0.9166666666666666,0.16666666666666663,0.8145868616562083,0.18936375610241188,0.0,0.20833333333333334,25.088967980721012,20000004
SPT-Threshold,8.8463275052293,7,0.5833333333333334,0.4773618121384035,0.75,0.41666666666666663,0.7874088138136927,0.28583949537327885,0.0,0.16666666666666666,23.68248132890839,20000005
SPT-Threshold,9.205321701247067,7,0.5833333333333334,0.4674437175432769,0.75,0.41666666666666663,0.8157549815348409,0.2800899772085796,0.0,0.1875,23.48316888436659,20000006
SPT-Threshold,8.364948476212415,7,0.5833333333333334,0.3954788957597975,0.75,0.41666666666666663,0.8005633701261331,0.2651092207744378,0.0,0.20833333333333334,22.974941952134287,20000007
SPT-Threshold,10.961669379801986,8,0.6666666666666666,0.5558190599760571,0.75,0.33333333333333337,0.7853524493170608,0.24286780298022792,0.0,0.20833333333333334,23.44882140018987,20000008
SPT-Threshold,8.543997875528067,7,0.5833333333333334,0.4575069473326683,0.75,0.41666666666666663,0.8022140700555699,0.26264826149359893,0.0,0.22916666666666666,22.813022328119594,20000009
SPT-Threshold,8.70496974905747,7,0.5833333333333334,0.4299865229985015,0.75,0.41666666666666663,0.797454027539476,0.23301292481484107,0.0,0.20833333333333334,23.595593269277817,20000010
SPT-Threshold,12.355072483827174,9,0.75,0.6678383719696867,0.9166666666666666,0.25,0.8159389609633484,0.2687676922199513,0.0,0.1875,24.23990603863769,20000011
SPT-Threshold,10.001755169243236,8,0.6666666666666666,0.45925979800858796,0.8333333333333334,0.33333333333333337,0.8175005385733463,0.2979247208937003,0.0,0.16666666666666666,24.493105990623537,20000012
SPT-Threshold,12.623865518528333,9,0.75,0.6477280711645282,0.8333333333333334,0.25,0.8200770833568828,0.2344215299408767,0.0,0.20833333333333334,24.204963465376164,20000013
SPT-Threshold,8.645177143054458,7,0.5833333333333334,0.462374473146647,0.75,0.41666666666666663,0.7692535263127036,0.29514341350183365,0.0,0.16666666666666666,22.346217564149665,20000014
SPT-Threshold,14.340455593448468,10,0.8333333333333334,0.7389424274111321,0.8333333333333334,0.16666666666666663,0.8357873972669473,0.3692439954361088,0.0,0.08333333333333333,26.614949884090166,20000015
SPT-Threshold,13.807750617400776,10,0.8333333333333334,0.7332889063787638,0.8333333333333334,0.16666666666666663,0.7924612861915866,0.23918450528195048,0.0,0.22916666666666666,22.721607002216214,20000016
SPT-Threshold,10.41382071589417,8,0.6666666666666666,0.5638217378640892,0.8333333333333334,0.33333333333333337,0.7982634753150002,0.23869880160226167,0.0,0.22916666666666666,23.560641848343298,20000017
SPT-Threshold,9.862650075618157,7,0.5833333333333334,0.5170241704464686,0.75,0.41666666666666663,0.8075244177226005,0.3491757306350773,0.0,0.16666666666666666,24.10134746357965,20000018
SPT-Threshold,14.315513090506265,10,0.8333333333333334,0.7303747128313246,0.9166666666666666,0.16666666666666663,0.8484174207292728,0.29881333146581107,0.0,0.125,26.54117931104841,20000019
SPT-Threshold,8.881054075675184,7,0.5833333333333334,0.4171760025102818,0.8333333333333334,0.41666666666666663,0.8351951831683658,0.23825019276075352,0.0,0.22916666666666666,23.459478759660016,20000020
SPT-Threshold,12.144611602777962,9,0.75,0.64440025454073,0.9166666666666666,0.25,0.795512983711879,0.24236209054786473,0.0,0.16666666666666666,24.44555403816795,20000021
SPT-Threshold,12.122363741863653,9,0.75,0.6105712827148457,0.8333333333333334,0.25,0.792978861789203,0.21033527618342265,0.0,0.22916666666666666,22.97233193195288,20000022
SPT-Threshold,12.299782058400655,9,0.75,0.6490611342371965,0.75,0.25,0.8150307997311476,0.2809278033883536,0.0,0.1875,23.413953857386385,20000023
SPT-Threshold,14.153942802585798,10,0.8333333333333334,0.7508914614568944,0.8333333333333334,0.16666666666666663,0.8597072204646201,0.29390091298304094,0.0,0.14583333333333334,25.76970982619399,20000024
SPT-Threshold,11.018440163474972,8,0.6666666666666666,0.571809895580389,0.75,0.33333333333333337,0.8016961282403875,0.31170438909213755,0.0,0.1875,24.505516885743592,20000025
SPT-Threshold,13.97081922135009,10,0.8333333333333334,0.7205485742193348,0.9166666666666666,0.16666666666666663,0.7933963599685722,0.3085208404593081,0.0,0.125,24.402515073971987,20000026
SPT-Threshold,13.752596912804991,10,0.8333333333333334,0.719780189323428,0.8333333333333334,0.16666666666666663,0.8171004552452655,0.24427245917580942,0.0,0.1875,23.8323098576086,20000027
SPT-Threshold,12.411347374995039,9,0.75,0.6618116827141834,0.9166666666666666,0.25,0.8152818212098049,0.2555629756928121,0.0,0.16666666666666666,25.07055840645882,20000028
SPT-Threshold,13.775291323883993,10,0.8333333333333334,0.6924306275656229,0.9166666666666666,0.16666666666666663,0.7870420204249812,0.23077523966133304,0.0,0.1875,24.03615766809235,20000029
SPT-Threshold,9.566895961487818,7,0.5833333333333334,0.5019395339517875,0.6666666666666666,0.41666666666666663,0.7827271282421453,0.23950275295918413,0.0,0.25,22.136864771574146,20000030
SPT-Threshold,10.814357692636149,8,0.6666666666666666,0.5777347623113102,0.75,0.33333333333333337,0.8007428011725036,0.28595549866574604,0.0,0.16666666666666666,24.078795617824007,20000031
SPT-Threshold,10.698532939944364,8,0.6666666666666666,0.5473832035172643,0.8333333333333334,0.33333333333333337,0.822596503838613,0.3072022980248817,0.0,0.16666666666666666,24.542435007390978,20000032
SPT-Threshold,10.444312301177737,8,0.6666666666666666,0.5251752056995722,0.75,0.33333333333333337,0.8385986341017876,0.27346132485616653,0.0,0.20833333333333334,24.019559900849167,20000033
SPT-Threshold,12.396390569043879,9,0.75,0.6181091050882082,0.8333333333333334,0.25,0.786131980144097,0.24824239404222648,0.0,0.1875,23.769709291214067,20000034
SPT-Threshold,12.3940213000726,9,0.75,0.6242622730944332,0.8333333333333334,0.25,0.7913539265907268,0.2843819731699388,0.0,0.1875,23.77879561604227,20000035
SPT-Threshold,15.493743972637587,11,0.9166666666666666,0.8312466047947481,1.0,0.08333333333333337,0.8100916212059266,0.22939731978294145,0.0,0.14583333333333334,25.5778398640531,20000036
SPT-Threshold,10.901082396852724,8,0.6666666666666666,0.5680891989410942,0.75,0.33333333333333337,0.8208386119749701,0.3229684216212305,0.0,0.14583333333333334,24.700847848989525,20000037
SPT-Threshold,12.050109385895322,9,0.75,0.6162550224034812,0.8333333333333334,0.25,0.7890609222173985,0.26571260923029,0.0,0.16666666666666666,24.11179890170054,20000038
SPT-Threshold,13.016114573055582,9,0.75,0.6838193352457099,0.8333333333333334,0.25,0.8185169500597933,0.24861117133173086,0.0,0.20833333333333334,24.320542662712622,20000039
SPT-Threshold,9.003510188965711,7,0.5833333333333334,0.46934160397852,0.6666666666666666,0.41666666666666663,0.8369086502655808,0.22136606254999106,0.0,0.2708333333333333,22.516665186173302,20000040
SPT-Threshold,12.854078310842505,9,0.75,0.6080376190668283,0.9166666666666666,0.25,0.8350002325036074,0.29662736258559147,0.0,0.125,26.575808267634187,20000041
SPT-Threshold,12.116309908074514,9,0.75,0.6081084097535643,0.8333333333333334,0.25,0.7985647259355959,0.30265604571888277,0.0,0.14583333333333334,24.74434333203067,20000042
SPT-Threshold,12.089747371640321,9,0.75,0.6384657074234188,0.8333333333333334,0.25,0.8070426241623126,0.22737165009541516,0.0,0.1875,24.090636508468435,20000043
SPT-Threshold,7.396917539269431,6,0.5,0.41786684365446153,0.75,0.5,0.8012252904584712,0.2922468595549881,0.0,0.1875,22.594666141560527,20000044
SPT-Threshold,10.663960029153465,8,0.6666666666666666,0.5653757598208055,0.6666666666666666,0.33333333333333337,0.7892536718431087,0.25128255480093303,0.0,0.25,22.463996045169395,20000045
SPT-Threshold,7.13907905010803,6,0.5,0.36507702417126947,0.75,0.5,0.7916553431679835,0.2777157887983421,0.0,0.25,22.276957351540485,20000046
SPT-Threshold,15.373948180051551,11,0.9166666666666666,0.842666004513588,0.9166666666666666,0.08333333333333337,0.7927656181388215,0.22873032842873933,0.0,0.1875,23.830810370061233,20000047
SPT-Threshold,10.921903179581061,8,0.6666666666666666,0.5542079811039705,0.8333333333333334,0.33333333333333337,0.7953795990842076,0.2506535841586967,0.0,0.22916666666666666,23.68377213341048,20000048
SPT-Threshold,13.708408330010215,10,0.8333333333333334,0.7336753465100263,0.8333333333333334,0.16666666666666663,0.7779230634497396,0.2559609083265368,0.0,0.14583333333333334,24.29789011925752,20000049
SPT-Threshold,12.034410386223906,9,0.75,0.5997988631372276,0.8333333333333334,0.25,0.7983489606423398,0.23555513411630832,0.0,0.16666666666666666,25.064489319337802,20000050
SPT-Threshold,10.836802180701975,8,0.6666666666666666,0.5331911874683997,0.8333333333333334,0.33333333333333337,0.8372200647551876,0.26474629110428705,0.0,0.20833333333333334,24.635669784372222,20000051
SPT-Threshold,9.21329873871785,7,0.5833333333333334,0.47010090685647676,0.8333333333333334,0.41666666666666663,0.8152625745033485,0.286489879586966,0.0,0.1875,23.724299247459992,20000052
SPT-Threshold,12.644640398962714,9,0.75,0.6446965594983403,0.9166666666666666,0.25,0.8085538991878947,0.28662439386533967,0.0,0.14583333333333334,25.75220570586884,20000053
SPT-Threshold,14.056575023646221,10,0.8333333333333334,0.7340783494206271,0.8333333333333334,0.16666666666666663,0.7953710097541918,0.29526366371030915,0.0,0.14583333333333334,24.74250856292224,20000054
SPT-Threshold,8.705709883947435,7,0.5833333333333334,0.41459790825273696,0.8333333333333334,0.41666666666666663,0.8333044032575251,0.2832921859061707,0.0,0.16666666666666666,24.68204335288337,20000055
SPT-Threshold,12.193992738939405,9,0.75,0.6235939218659224,0.8333333333333334,0.25,0.8098594773045131,0.2581031771632192,0.0,0.1875,24.62981736310568,20000056
SPT-Threshold,11.151725490756718,8,0.6666666666666666,0.573463502197883,0.6666666666666666,0.33333333333333337,0.7703435393782607,0.30954408119805565,0.0,0.1875,22.297343081096177,20000057
SPT-Threshold,10.278534304384914,8,0.6666666666666666,0.502770912203083,0.8333333333333334,0.33333333333333337,0.821764678149134,0.20199912713123322,0.0,0.25,23.0863709515927,20000058
SPT-Threshold,9.419938566322362,7,0.5833333333333334,0.47992467866798943,0.75,0.41666666666666663,0.8172331622041016,0.2997364533967047,0.0,0.16666666666666666,23.045728383645297,20000059
SPT-Threshold,14.147803643991752,10,0.8333333333333334,0.7363945544719018,0.8333333333333334,0.16666666666666663,0.8054644068237771,0.32225635237998324,0.0,0.125,24.861584286326657,20000060
SPT-Threshold,11.289715493655173,8,0.6666666666666666,0.5767049068232346,0.75,0.33333333333333337,0.7901085983003595,0.30257790646432264,0.0,0.1875,23.163986409575916,20000061
SPT-Threshold,12.81462013857003,9,0.75,0.6456609568782983,0.75,0.25,0.8539660136269059,0.3048942395194912,0.0,0.16666666666666666,25.333738629399313,20000062
SPT-Threshold,8.962999416413624,7,0.5833333333333334,0.4490116384941528,0.75,0.41666666666666663,0.7784066202575479,0.2689478501569987,0.0,0.20833333333333334,22.056418689341662,20000063
SPT-Threshold,14.276380117315798,10,0.8333333333333334,0.7291995168709376,0.9166666666666666,0.16666666666666663,0.8290634793833914,0.2609255203560779,0.0,0.125,26.65756830775343,20000064
SPT-Threshold,8.57889543541238,7,0.5833333333333334,0.414739488768574,0.75,0.41666666666666663,0.7923237578203256,0.2884831341169047,0.0,0.1875,23.24394389419708,20000065
SPT-Threshold,11.132900522531864,8,0.6666666666666666,0.5543647206695951,0.8333333333333334,0.33333333333333337,0.8386331287049741,0.3373273218077473,0.0,0.125,26.206663232798935,20000066
SPT-Threshold,11.03454759432413,8,0.6666666666666666,0.5414671940302918,0.9166666666666666,0.33333333333333337,0.8544366581062114,0.30481714085913897,0.0,0.16666666666666666,26.37842451833147,20000067
SPT-Threshold,9.290831122202237,7,0.5833333333333334,0.4799909373529035,0.75,0.41666666666666663,0.8165195319351187,0.2603977954274179,0.0,0.1875,25.139570502475824,20000068
SPT-Threshold,12.397255081648183,9,0.75,0.6452056351719762,0.9166666666666666,0.25,0.8573324310440175,0.3108400617372991,0.0,0.14583333333333334,26.223444394665787,20000069
SPT-Threshold,14.61116379101354,10,0.8333333333333334,0.7706288498022952,0.8333333333333334,0.16666666666666663,0.8452856201638257,0.29925064029636333,0.0,0.14583333333333334,26.15981787035947,20000070
SPT-Threshold,5.660125007794149,5,0.4166666666666667,0.3082891861899211,0.75,0.5833333333333333,0.8179944808847899,0.24438568858101695,0.0,0.25,22.95618818179779,20000071
SPT-Threshold,8.74656555181263,7,0.5833333333333334,0.48033504676278904,0.8333333333333334,0.41666666666666663,0.792284908457351,0.23447157248959058,0.0,0.1875,24.212798081199725,20000072
SPT-Threshold,10.21622034950397,8,0.6666666666666666,0.5117246719865606,0.75,0.33333333333333337,0.8127726950376898,0.23104452619991064,0.0,0.25,22.967847084037576,20000073
SPT-Threshold,10.638688742867165,8,0.6666666666666666,0.5656708338106878,0.75,0.33333333333333337,0.8093110122559368,0.23929855760733396,0.0,0.20833333333333334,23.964380882457274,20000074
SPT-Threshold,9.562859281046542,7,0.5833333333333334,0.4845763218223921,0.75,0.41666666666666663,0.8148367522063297,0.2881333281712515,0.0,0.16666666666666666,23.455786069822924,20000075
SPT-Threshold,8.768851454371482,7,0.5833333333333334,0.44659487954457333,0.6666666666666666,0.41666666666666663,0.7877517695265602,0.28479284847483316,0.0,0.20833333333333334,22.77857066971222,20000076
SPT-Threshold,14.291531413638458,10,0.8333333333333334,0.740477198338487,0.9166666666666666,0.16666666666666663,0.8311254498210062,0.29735837150580313,0.0,0.14583333333333334,25.651290097932883,20000077
SPT-Threshold,12.21703527619298,9,0.75,0.6307861581123722,0.8333333333333334,0.25,0.7836591610137984,0.2423408366141038,0.0,0.16666666666666666,23.706707791859795,20000078
SPT-Threshold,12.4086325324095,9,0.75,0.626280624426769,0.8333333333333334,0.25,0.798109102115983,0.2596607110415527,0.0,0.16666666666666666,24.243366092749458,20000079
SPT-Threshold,11.380112737099934,8,0.6666666666666666,0.5546413241420809,0.8333333333333334,0.33333333333333337,0.8307990066373115,0.355092973404743,0.0,0.125,25.470178973093844,20000080
SPT-Threshold,8.8433721185004,7,0.5833333333333334,0.4663476112814673,0.6666666666666666,0.41666666666666663,0.7724208488300311,0.264292725395837,0.0,0.20833333333333334,21.880849852094723,20000081
SPT-Threshold,12.137872158431339,9,0.75,0.6053794308438661,0.9166666666666666,0.25,0.8334323195797321,0.25744921643816143,0.0,0.125,26.06919111321575,20000082
SPT-Threshold,10.44709785465176,8,0.6666666666666666,0.5195404789713137,0.8333333333333334,0.33333333333333337,0.8209014390659296,0.26077173583233576,0.0,0.1875,24.348939058559697,20000083
SPT-Threshold,10.11493691386824,8,0.6666666666666666,0.512825268382565,0.75,0.33333333333333337,0.7889368382799541,0.24511825917942687,0.0,0.20833333333333334,22.946045068196938,20000084
SPT-Threshold,12.725252294382647,9,0.75,0.6453896811307704,0.75,0.25,0.8253692622751455,0.28574131850910717,0.0,0.16666666666666666,25.143645888504306,20000085
SPT-Threshold,12.759996091594626,9,0.75,0.6438669881794838,0.8333333333333334,0.25,0.8061083724460195,0.3247097140420187,0.0,0.125,25.474063750283747,20000086
SPT-Threshold,10.769304924583572,8,0.6666666666666666,0.5362906636339961,0.8333333333333334,0.33333333333333337,0.8310299860784424,0.27579665014071736,0.0,0.16666666666666666,25.885721655747727,20000087
SPT-Threshold,11.415205405969248,8,0.6666666666666666,0.5598602234600362,0.8333333333333334,0.33333333333333337,0.8201221719923315,0.33091490904908266,0.0,0.125,25.269677332835617,20000088
SPT-Threshold,10.337450175897537,8,0.6666666666666666,0.5485056783679495,0.8333333333333334,0.33333333333333337,0.7765587433598392,0.22232960660769407,0.0,0.1875,22.875816908763195,20000089
SPT-Threshold,10.521380018830067,8,0.6666666666666666,0.5378133876094745,0.8333333333333334,0.33333333333333337,0.8161482637921722,0.23611386225922837,0.0,0.20833333333333334,23.274289452543016,20000090
SPT-Threshold,14.210530156811103,10,0.8333333333333334,0.756685730290236,0.8333333333333334,0.16666666666666663,0.8025115259148006,0.289585060543783,0.0,0.1875,23.59223013515554,20000091
SPT-Threshold,13.016089134771045,9,0.75,0.6578757636103455,0.75,0.25,0.8161830040243472,0.2751760539641464,0.0,0.1875,23.38163034674657,20000092
SPT-Threshold,11.902229365290037,9,0.75,0.6423491843527291,0.8333333333333334,0.25,0.7846491407987354,0.18446559519985092,0.0,0.22916666666666666,23.038813395874566,20000093
SPT-Threshold,11.911007288324168,9,0.75,0.6082039164067286,0.8333333333333334,0.25,0.7793949931709516,0.2672238604123331,0.0,0.1875,23.795056501534976,20000094
SPT-Threshold,7.150491465593015,6,0.5,0.379603859243622,0.6666666666666666,0.5,0.787331131977373,0.3116117813641513,0.0,0.1875,22.090169226267083,20000095
SPT-Threshold,10.366427885411243,8,0.6666666666666666,0.5020921214023156,0.8333333333333334,0.33333333333333337,0.7998488682073385,0.3018844366040436,0.0,0.14583333333333334,24.36178951142402,20000096
SPT-Threshold,7.18537239100179,6,0.5,0.3704577566823109,0.75,0.5,0.7806968474771496,0.2539651765984669,0.0,0.20833333333333334,23.29216242736946,20000097
SPT-Threshold,9.10449770210319,7,0.5833333333333334,0.47859064677599616,0.75,0.41666666666666663,0.8246156481241368,0.28418448886145137,0.0,0.22916666666666666,23.88478544272426,20000098
SPT-Threshold,12.181330890503625,9,0.75,0.6217995880114369,0.8333333333333334,0.25,0.8434341234529809,0.2115672680768561,0.0,0.1875,24.86567095697508,20000099
SPT-Threshold,10.784436230691256,8,0.6666666666666666,0.5364880931268018,0.8333333333333334,0.33333333333333337,0.8573249214211334,0.2734643041856857,0.0,0.20833333333333334,25.662166310210424,20000100
SPT-Threshold,11.061304871120068,8,0.6666666666666666,0.5152016027397901,0.8333333333333334,0.33333333333333337,0.8329642634266018,0.311020700996765,0.0,0.14583333333333334,24.970119690784657,20000101
SPT-Threshold,13.583545187747731,10,0.8333333333333334,0.7093639463778918,0.8333333333333334,0.16666666666666663,0.8131257775890246,0.21190781574510123,0.0,0.22916666666666666,24.246089058339052,20000102
SPT-Threshold,12.385695896837069,9,0.75,0.629470385070222,0.8333333333333334,0.25,0.8116910794641514,0.22058447028574904,0.0,0.22916666666666666,23.083222555816548,20000103
SPT-Threshold,12.574213534478293,9,0.75,0.6315656082750076,0.8333333333333334,0.25,0.7837053861649158,0.2538593037314483,0.0,0.16666666666666666,24.650420637589974,20000104
SPT-Threshold,13.658486904850564,10,0.8333333333333334,0.7015178699506479,0.9166666666666666,0.16666666666666663,0.811907910957193,0.3046372331324078,0.0,0.16666666666666666,25.661516612859085,20000105
SPT-Threshold,10.678118589357176,8,0.6666666666666666,0.5470484562796436,0.75,0.33333333333333337,0.8072569670356486,0.2478943682044714,0.0,0.1875,24.583882003837743,20000106
SPT-Threshold,9.987204092655139,8,0.6666666666666666,0.48491523536495995,0.8333333333333334,0.33333333333333337,0.795054057578875,0.25997601429241896,0.0,0.1875,23.164886083292405,20000107
SPT-Threshold,13.938041033083797,10,0.8333333333333334,0.7250174608140851,0.9166666666666666,0.16666666666666663,0.8436511953661109,0.2645011388716682,0.0,0.1875,24.792199918068654,20000108
SPT-Threshold,9.230445983183241,7,0.5833333333333334,0.48604918827162213,0.6666666666666666,0.41666666666666663,0.781158866692178,0.26921231498102155,0.0,0.20833333333333334,23.46127406554075,20000109
SPT-Threshold,8.488247365849128,7,0.5833333333333334,0.3923561708466012,0.75,0.41666666666666663,0.8205769144509136,0.248495502860861,0.0,0.1875,24.304538938945797,20000110
SPT-Threshold,10.794278664199231,8,0.6666666666666666,0.5391461306701056,0.8333333333333334,0.33333333333333337,0.8155251613046941,0.2378262949444728,0.0,0.22916666666666666,24.305605571640058,20000111
SPT-Threshold,11.663575327310507,8,0.6666666666666666,0.6026833743222103,0.75,0.33333333333333337,0.8449178464041313,0.33884340704665217,0.0,0.16666666666666666,24.598901183747298,20000112
SPT-Threshold,11.834922682864672,9,0.75,0.6115289567066617,0.8333333333333334,0.25,0.7862794546638853,0.21012797933481275,0.0,0.20833333333333334,23.440014803725248,20000113
SPT-Threshold,8.989109013740343,7,0.5833333333333334,0.45919812937645926,0.75,0.41666666666666663,0.7802361516691111,0.2367620147358375,0.0,0.22916666666666666,21.73968836404365,20000114
SPT-Threshold,10.723649554557044,8,0.6666666666666666,0.5438594385055008,0.75,0.33333333333333337,0.82277128389856,0.2953672992851337,0.0,0.16666666666666666,23.203552256249647,20000115
SPT-Threshold,12.573823540850656,9,0.75,0.6526001735421054,0.9166666666666666,0.25,0.8402401795928913,0.2521773126483966,0.0,0.20833333333333334,25.85554203296463,20000116
SPT-Threshold,10.434607044620458,8,0.6666666666666666,0.5311557997913378,0.8333333333333334,0.33333333333333337,0.8234780775620044,0.24629019354608675,0.0,0.25,23.250262611816325,20000117
SPT-Threshold,12.497804397558413,9,0.75,0.6158576616612064,0.8333333333333334,0.25,0.7788294947983397,0.26859126071293143,0.0,0.16666666666666666,23.591017546654907,20000118
SPT-Threshold,12.87450142692321,9,0.75,0.6608535575830475,0.75,0.25,0.7925831251058785,0.2986784003671592,0.0,0.16666666666666666,23.092370656225043,20000119
SPT-Threshold,11.133001170621277,8,0.6666666666666666,0.5454477129649112,0.8333333333333334,0.33333333333333337,0.8441022283265388,0.28437542280091194,0.0,0.1875,25.943702939699776,20000120
SPT-Threshold,8.98378112630083,7,0.5833333333333334,0.48204427401468103,0.6666666666666666,0.41666666666666663,0.7709999292311283,0.24446648131921825,0.0,0.25,21.853836515686744,20000121
SPT-Threshold,10.581132457063928,8,0.6666666666666666,0.5733790662262425,0.75,0.33333333333333337,0.76321502213493,0.2624819046752584,0.0,0.1875,22.493624020419922,20000122
SPT-Threshold,15.8211474684624,11,0.9166666666666666,0.8486619880606532,0.9166666666666666,0.08333333333333337,0.792926960716892,0.2991658910944325,0.0,0.14583333333333334,24.85818062490125,20000123
SPT-Threshold,12.05538161544221,9,0.75,0.5818047891872653,0.9166666666666666,0.25,0.8017156699369233,0.27583752484165397,0.0,0.16666666666666666,24.308823203321356,20000124
SPT-Threshold,10.05293742329808,8,0.6666666666666666,0.4955808936130427,0.8333333333333334,0.33333333333333337,0.820366404144424,0.25110188132066014,0.0,0.16666666666666666,24.722922240435313,20000125
SPT-Threshold,11.141449868880548,8,0.6666666666666666,0.5795718314350314,0.75,0.33333333333333337,0.7947111992915467,0.25720864094538604,0.0,0.22916666666666666,22.673540214118695,20000126
SPT-Threshold,9.392362872926775,7,0.5833333333333334,0.46950071682809574,0.8333333333333334,0.41666666666666663,0.8113214194871855,0.26221588624038644,0.0,0.1875,24.51149791769085,20000127
SPT-Threshold,11.719778282165052,9,0.75,0.5964852057144181,0.8333333333333334,0.25,0.7864165308990968,0.2432713925456855,0.0,0.20833333333333334,22.82533331223904,20000128
SPT-Threshold,12.166621495174128,9,0.75,0.6504589749566678,0.75,0.25,0.7892184415965041,0.26707641862745773,0.0,0.1875,23.121652585931663,20000129
SPT-Threshold,13.960108402466432,10,0.8333333333333334,0.7262316595939903,0.8333333333333334,0.16666666666666663,0.7956424811381707,0.30913633140798175,0.0,0.16666666666666666,23.083621146445214,20000130
SPT-Threshold,11.076077839493221,8,0.6666666666666666,0.5766504232650289,0.75,0.33333333333333337,0.82647989946107,0.2798368510028059,0.0,0.1875,25.073615564079976,20000131
SPT-Threshold,7.172783081987415,6,0.5,0.35719617017956334,0.8333333333333334,0.5,0.7889396214527116,0.22423303233387,0.0,0.20833333333333334,24.43806942397957,20000132
SPT-Threshold,13.954469332703589,10,0.8333333333333334,0.7387606903405846,0.9166666666666666,0.16666666666666663,0.7921324869250873,0.2433569342393989,0.0,0.16666666666666666,23.99827300182455,20000133
SPT-Threshold,12.24522388652732,9,0.75,0.6267089652420056,0.8333333333333334,0.25,0.8178087460349853,0.22595415803981853,0.0,0.1875,24.34795895029801,20000134
SPT-Threshold,12.662420593515336,9,0.75,0.6442223747770095,0.8333333333333334,0.25,0.8574827771067236,0.38361594744288413,0.0,0.125,25.49800942880604,20000135
SPT-Threshold,12.4358207716197,9,0.75,0.6490291308879543,0.8333333333333334,0.25,0.8046275095082688,0.2896532982791776,0.0,0.1875,22.700234865146477,20000136
SPT-Threshold,14.190712209581344,10,0.8333333333333334,0.744723640314481,0.8333333333333334,0.16666666666666663,0.8155837104320224,0.2629377387118285,0.0,0.1875,23.882037035440515,20000137
SPT-Threshold,10.619338611064446,8,0.6666666666666666,0.5517000540450726,0.75,0.33333333333333337,0.7771533156474698,0.2492487796809625,0.0,0.22916666666666666,22.095744881498824,20000138
SPT-Threshold,8.799224715256411,7,0.5833333333333334,0.44317546772749244,0.8333333333333334,0.41666666666666663,0.7898398272461723,0.22484228593711764,0.0,0.20833333333333334,23.362205051895156,20000139
SPT-Threshold,13.509981491682279,10,0.8333333333333334,0.7315883054095353,0.9166666666666666,0.16666666666666663,0.7908078917966498,0.24801024436678398,0.0,0.14583333333333334,25.854932636132126,20000140
SPT-Threshold,7.248075503503954,6,0.5,0.3545502663061802,0.75,0.5,0.8105638440187093,0.2718067204765377,0.0,0.1875,24.065499822631153,20000141
SPT-Threshold,8.622327492774291,7,0.5833333333333334,0.43309645782445577,0.75,0.41666666666666663,0.784843134248583,0.24584750767292393,0.0,0.20833333333333334,22.90568001979973,20000142
SPT-Threshold,9.070865113088558,7,0.5833333333333334,0.47645403458563856,0.6666666666666666,0.41666666666666663,0.778429502787544,0.2607577139911243,0.0,0.20833333333333334,21.845613215608584,20000143
SPT-Threshold,14.099586205418298,10,0.8333333333333334,0.7526510246969337,0.8333333333333334,0.16666666666666663,0.8136548064109547,0.3076340992059321,0.0,0.14583333333333334,24.735133787214213,20000144
SPT-Threshold,10.541224863469505,8,0.6666666666666666,0.5487994752526367,0.8333333333333334,0.33333333333333337,0.8145072423858514,0.26867953721945087,0.0,0.1875,24.74817366843215,20000145
SPT-Threshold,10.650333892195825,8,0.6666666666666666,0.5509572840261097,0.75,0.33333333333333337,0.8116626969158302,0.21679570579450655,0.0,0.22916666666666666,23.18990654573924,20000146
SPT-Threshold,11.899752302976259,9,0.75,0.5885938059686346,0.8333333333333334,0.25,0.7796014681237476,0.22403304597504112,0.0,0.1875,22.051076464428007,20000147
SPT-Threshold,10.760743136124098,8,0.6666666666666666,0.5744576125837353,0.75,0.33333333333333337,0.8003359193568294,0.2401638464367949,0.0,0.20833333333333334,24.359138903971477,20000148
SPT-Threshold,10.725931325964872,8,0.6666666666666666,0.5245171277167621,0.8333333333333334,0.33333333333333337,0.8465514695874518,0.3428376141393356,0.0,0.125,25.299808011730132,20000149
SPT-Threshold,12.215961564903244,9,0.75,0.6463846667032761,0.8333333333333334,0.25,0.7851345538081684,0.22574175931507137,0.0,0.20833333333333334,22.965899484713344,20000150
SPT-Threshold,10.437938739577092,8,0.6666666666666666,0.5099611516378894,0.9166666666666666,0.33333333333333337,0.8027243351453238,0.256495451009037,0.0,0.16666666666666666,24.97350733704419,20000151
SPT-Threshold,12.687344860760314,9,0.75,0.6637567892535807,0.75,0.25,0.8117691541760937,0.25640842970049144,0.0,0.22916666666666666,23.963343842963116,20000152
SPT-Threshold,14.567056708980124,10,0.8333333333333334,0.7444508963123886,0.9166666666666666,0.16666666666666663,0.8125798898603444,0.2875410011580499,0.0,0.125,25.81515901261581,20000153
SPT-Threshold,12.847119454820001,9,0.75,0.6578766834710849,0.9166666666666666,0.25,0.8510354523739866,0.32606048815464245,0.0,0.125,26.409860706446818,20000154
SPT-Threshold,10.143131394148655,8,0.6666666666666666,0.509414760235153,0.75,0.33333333333333337,0.7991511735932173,0.20399419839106667,0.0,0.22916666666666666,23.31146728878488,20000155
SPT-Threshold,12.31891445696112,9,0.75,0.639649995988065,0.75,0.25,0.8167772430780907,0.27554374905123885,0.0,0.20833333333333334,23.927042375038663,20000156
SPT-Threshold,10.367804294415498,8,0.6666666666666666,0.4888921717756274,0.8333333333333334,0.33333333333333337,0.8329160484280704,0.2764135287840685,0.0,0.1875,24.896089035701383,20000157
SPT-Threshold,12.81825363304426,9,0.75,0.6466007077789718,0.8333333333333334,0.25,0.8096075430599378,0.3008589499098632,0.0,0.125,25.287327270799377,20000158
SPT-Threshold,8.991338764352113,7,0.5833333333333334,0.4345761684649221,0.75,0.41666666666666663,0.7795848928325771,0.27530510092227506,0.0,0.16666666666666666,22.796908021972342,20000159
SPT-Threshold,8.436623432621138,7,0.5833333333333334,0.3815027243115575,0.8333333333333334,0.41666666666666663,0.831032699625152,0.25423688063029387,0.0,0.20833333333333334,25.063983189059655,20000160
SPT-Threshold,13.335667101386646,10,0.8333333333333334,0.6932807483926408,0.8333333333333334,0.16666666666666663,0.8263307363351524,0.20168682187078604,0.0,0.20833333333333334,23.8552153427741,20000161
SPT-Threshold,10.972706369099715,8,0.6666666666666666,0.5691130925991505,0.75,0.33333333333333337,0.7920304394370513,0.2547823264227283,0.0,0.20833333333333334,22.730807581965433,20000162
SPT-Threshold,12.151117706561294,9,0.75,0.6466477715650437,0.75,0.25,0.8039742742584796,0.24945461263470717,0.0,0.20833333333333334,23.320630063152418,20000163
SPT-Threshold,11.36984303141449,8,0.6666666666666666,0.5721724402323674,0.75,0.33333333333333337,0.8071691703453409,0.2812537963376,0.0,0.1875,24.64576011096009,20000164
SPT-Threshold,14.027790857886318,10,0.8333333333333334,0.7309865993127908,0.9166666666666666,0.16666666666666663,0.8219250503463992,0.31598015708753285,0.0,0.125,24.98215013208343,20000165
SPT-Threshold,12.64864600104425,9,0.75,0.661273459703056,0.8333333333333334,0.25,0.8211993300855017,0.35752164535839387,0.0,0.125,24.902945468669508,20000166
SPT-Threshold,11.98597875769853,9,0.75,0.586631542442043,0.9166666666666666,0.25,0.7977486719616763,0.227864448152267,0.0,0.1875,23.90208440689241,20000167
SPT-Threshold,10.413083828376369,8,0.6666666666666666,0.514592866181199,0.75,0.33333333333333337,0.7799681514503716,0.2611951590572745,0.0,0.20833333333333334,22.376114969698033,20000168
SPT-Threshold,12.07835506778532,9,0.75,0.6030741194638038,0.8333333333333334,0.25,0.8367402974970967,0.2624141996841835,0.0,0.1875,23.66467243453304,20000169
SPT-Threshold,8.916909493149577,7,0.5833333333333334,0.45728338402958146,0.75,0.41666666666666663,0.7939758710344765,0.2398209677076252,0.0,0.22916666666666666,21.504670607807114,20000170
SPT-Threshold,14.264545240962084,10,0.8333333333333334,0.7438545728754695,0.9166666666666666,0.16666666666666663,0.8210027727775232,0.2823105899944586,0.0,0.125,25.95084086168912,20000171
SPT-Threshold,14.36170109881577,10,0.8333333333333334,0.7729512789821454,0.9166666666666666,0.16666666666666663,0.8257270105083236,0.2892314627174364,0.0,0.1875,25.091090902071986,20000172
SPT-Threshold,14.551608531734946,10,0.8333333333333334,0.7387637415692566,0.8333333333333334,0.16666666666666663,0.827282980222188,0.26036670265748957,0.0,0.20833333333333334,24.461525726495857,20000173
SPT-Threshold,14.30224223875075,10,0.8333333333333334,0.7505931139326821,0.8333333333333334,0.16666666666666663,0.8186672036890973,0.3125378143063326,0.0,0.14583333333333334,25.784309187557383,20000174
SPT-Threshold,7.0136451486669165,6,0.5,0.34225766407888053,0.8333333333333334,0.5,0.7738303704237852,0.2402841158803494,0.0,0.20833333333333334,23.22022150966125,20000175
SPT-Threshold,10.36336152984522,8,0.6666666666666666,0.5000556585550514,0.8333333333333334,0.33333333333333337,0.7950871307821866,0.27052420916408876,0.0,0.16666666666666666,24.876514430975465,20000176
SPT-Threshold,12.456436302547246,9,0.75,0.6474880699559009,0.8333333333333334,0.25,0.8285213855373548,0.269116831917043,0.0,0.1875,25.711678723289975,20000177
SPT-Threshold,12.79655311005253,9,0.75,0.6597468870413387,0.8333333333333334,0.25,0.8443593474925956,0.28506224722972656,0.0,0.20833333333333334,25.846312021488068,20000178
SPT-Threshold,10.86598018546756,8,0.6666666666666666,0.5379808867540236,0.8333333333333334,0.33333333333333337,0.8108651868389138,0.27002117398829534,0.0,0.1875,23.83278952765215,20000179
SPT-Threshold,11.362192163476475,8,0.6666666666666666,0.6088727276197684,0.75,0.33333333333333337,0.8006737717142544,0.25765866888160305,0.0,0.20833333333333334,23.112997769667633,20000180
SPT-Threshold,11.867770946750799,9,0.75,0.554694581043458,0.9166666666666666,0.25,0.8063218907246333,0.28839253408111243,0.0,0.125,25.328015660428427,20000181
SPT-Threshold,12.753946975334983,9,0.75,0.6666221701480307,0.75,0.25,0.8091769989941774,0.2979910775922372,0.0,0.1875,23.480973995463128,20000182
SPT-Threshold,8.656756056135569,7,0.5833333333333334,0.4453141411369856,0.6666666666666666,0.41666666666666663,0.7778465819298076,0.25783225320598274,0.0,0.1875,22.515801260058957,20000183
SPT-Threshold,10.394002135036445,8,0.6666666666666666,0.5022269357623534,0.8333333333333334,0.33333333333333337,0.8213080818360208,0.20768531454160574,0.0,0.25,22.869207315345687,20000184
SPT-Threshold,12.176223507883284,9,0.75,0.5987364907525622,0.8333333333333334,0.25,0.7990673417604747,0.2956325801909426,0.0,0.125,25.533295020880864,20000185
SPT-Threshold,12.333589364822522,9,0.75,0.5886222259008872,0.9166666666666666,0.25,0.8257084720923212,0.22145933767874904,0.0,0.1875,25.10295452834497,20000186
SPT-Threshold,11.332771806537854,8,0.6666666666666666,0.5681454699773176,0.75,0.33333333333333337,0.7943461252186094,0.3010168334115306,0.0,0.1875,23.939514464064253,20000187
SPT-Threshold,14.257277609361275,10,0.8333333333333334,0.7413404303035507,0.8333333333333334,0.16666666666666663,0.8141543548944541,0.33632064350439594,0.0,0.125,26.153503616294486,20000188
SPT-Threshold,8.586804638737096,7,0.5833333333333334,0.43420849706681097,0.75,0.41666666666666663,0.8131267267860927,0.21210216558091846,0.0,0.22916666666666666,23.271527284408005,20000189
SPT-Threshold,14.594292237698077,10,0.8333333333333334,0.7569314582271947,0.9166666666666666,0.16666666666666663,0.8377216446962142,0.3249903305527075,0.0,0.14583333333333334,25.838990217526735,20000190
SPT-Threshold,16.25699965658639,12,1.0,1.0,1.0,0.0,0.8492272787355303,0.20571248685608493,0.0,0.2916666666666667,22.642499141465986,20000191
SPT-Threshold,12.462096246783727,9,0.75,0.6526739234919968,0.8333333333333334,0.25,0.8338376125874826,0.2905227376278568,0.0,0.16666666666666666,25.82829354607041,20000192
SPT-Threshold,14.763895855327997,10,0.8333333333333334,0.7514082358751865,0.8333333333333334,0.16666666666666663,0.8460989888455015,0.32041397353252193,0.0,0.14583333333333334,26.918799685425356,20000193
SPT-Threshold,12.608779641201917,9,0.75,0.6510424576292434,0.75,0.25,0.7978949478958706,0.33671832194099327,0.0,0.16666666666666666,23.915226883150744,20000194
SPT-Threshold,10.366379515535852,8,0.6666666666666666,0.5123092750168843,0.75,0.33333333333333337,0.8104154710636035,0.2793099881052958,0.0,0.20833333333333334,23.52831160002421,20000195
SPT-Threshold,14.293116728256605,10,0.8333333333333334,0.7377106688030575,0.8333333333333334,0.16666666666666663,0.8408547128172,0.2585887979596407,0.0,0.16666666666666666,25.702361988756287,20000196
SPT-Threshold,9.425023613345223,7,0.5833333333333334,0.473332700871016,0.8333333333333334,0.41666666666666663,0.8026257665651743,0.24902542411381276,0.0,0.1875,24.510971844259494,20000197
SPT-Threshold,10.587718098077174,8,0.6666666666666666,0.5153492591592281,0.8333333333333334,0.33333333333333337,0.8076624289483355,0.23526820406577623,0.0,0.22916666666666666,23.134466617719536,20000198
SPT-Threshold,12.383308144200877,9,0.75,0.6314976372312232,0.75,0.25,0.7926116541147419,0.2669871023149471,0.0,0.20833333333333334,22.408035810121802,20000199
SPT-Threshold,12.622785909106256,9,0.75,0.6122945485987392,0.8333333333333334,0.25,0.8140668461037449,0.3249590020341882,0.0,0.125,25.944298429653802,20000200
SPT-Threshold,10.856305594534103,8,0.6666666666666666,0.5407624922303051,0.75,0.33333333333333337,0.8052887016477914,0.20949551622463672,0.0,0.25,22.79437592683375,20000201
SPT-Threshold,12.642289108830491,9,0.75,0.6289401140908646,0.8333333333333334,0.25,0.825774676006426,0.2659402392483097,0.0,0.20833333333333334,24.49865328061185,20000202
SPT-Threshold,13.846172851268346,10,0.8333333333333334,0.6965775822443484,0.9166666666666666,0.16666666666666663,0.8107528833987411,0.2775164579342236,0.0,0.14583333333333334,24.702657777196926,20000203
SPT-Threshold,8.882225519120674,7,0.5833333333333334,0.46556144957815865,0.75,0.41666666666666663,0.8005137563920482,0.23069426432476114,0.0,0.20833333333333334,23.67002621743328,20000204
SPT-Threshold,12.426774108017108,9,0.75,0.6413273286041786,0.9166666666666666,0.25,0.8228231031311607,0.23682062663163864,0.0,0.1875,24.844207544387967,20000205
SPT-Threshold,8.597753004968167,7,0.5833333333333334,0.43049251308437086,0.6666666666666666,0.41666666666666663,0.7851700580704973,0.2853484430744085,0.0,0.1875,22.62042924124297,20000206
SPT-Threshold,7.528393667329577,6,0.5,0.3949894033398009,0.75,0.5,0.8277499462406398,0.22880624798925409,0.0,0.25,22.834313883233367,20000207
SPT-Threshold,8.9879819465934,7,0.5833333333333334,0.4611858378825413,0.75,0.41666666666666663,0.8300509722497506,0.2513528456935875,0.0,0.1875,24.396054997887806,20000208
SPT-Threshold,12.459893236971592,9,0.75,0.6357340313044381,0.75,0.25,0.8101680803558325,0.2630625275745944,0.0,0.1875,23.22669529177157,20000209
SPT-Threshold,16.083508119366854,11,0.9166666666666666,0.8542140547004792,1.0,0.08333333333333337,0.8632634400520498,0.24643231539480195,0.0,0.16666666666666666,26.970653446785498,20000210
SPT-Threshold,10.314552867023883,8,0.6666666666666666,0.522142212652532,0.8333333333333334,0.33333333333333337,0.7957584065065708,0.2017033331668828,0.0,0.25,22.987804636989164,20000211
SPT-Threshold,12.258628895622866,9,0.75,0.6286045128169919,0.9166666666666666,0.25,0.8080077017569472,0.2259906027211053,0.0,0.16666666666666666,24.370512902860778,20000212
SPT-Threshold,12.036005533753658,9,0.75,0.5949116138089097,0.8333333333333334,0.25,0.8432364643933917,0.2674951473751084,0.0,0.1875,24.847323559284867,20000213
SPT-Threshold,8.544759481740861,7,0.5833333333333334,0.47235253432865104,0.6666666666666666,0.41666666666666663,0.7835010257178118,0.22737942163568703,0.0,0.2708333333333333,20.770351908448113,20000214
SPT-Threshold,15.049484755074223,10,0.8333333333333334,0.7633660559934262,0.8333333333333334,0.16666666666666663,0.8404532571284893,0.3726342517160837,0.0,0.125,26.303707700175202,20000215
SPT-Threshold,11.964127823609909,9,0.75,0.5918745476773327,0.8333333333333334,0.25,0.8105516602573505,0.23357390720855783,0.0,0.16666666666666666,24.580884798183046,20000216
SPT-Threshold,12.280330079636757,9,0.75,0.6190130503429747,0.9166666666666666,0.25,0.834427900135298,0.30632267275613895,0.0,0.125,25.96784231845387,20000217
SPT-Threshold,10.012510547934998,8,0.6666666666666666,0.5172311832371423,0.8333333333333334,0.33333333333333337,0.780586381273646,0.2521204776062781,0.0,0.22916666666666666,23.068252819796747,20000218
SPT-Threshold,10.359904056186915,8,0.6666666666666666,0.532299398700971,0.8333333333333334,0.33333333333333337,0.8064906259864659,0.22190909863525898,0.0,0.25,22.866327230981735,20000219
SPT-Threshold,12.09339228387266,9,0.75,0.6303731074305181,0.8333333333333334,0.25,0.7795685153789237,0.21208679882254258,0.0,0.1875,23.883704578619806,20000220
SPT-Threshold,14.12516005022835,10,0.8333333333333334,0.7218004764800148,0.9166666666666666,0.16666666666666663,0.8456882558033317,0.2611347587097158,0.0,0.16666666666666666,26.134248562960526,20000221
SPT-Threshold,13.83449374060305,10,0.8333333333333334,0.7102812626362262,0.8333333333333334,0.16666666666666663,0.8064045997072661,0.26442630253520377,0.0,0.1875,24.356852731775945,20000222
SPT-Threshold,13.667004625422043,10,0.8333333333333334,0.7068713477618151,0.8333333333333334,0.16666666666666663,0.8367383968033453,0.2741129729453993,0.0,0.20833333333333334,24.03382935980445,20000223
SPT-Threshold,10.881312293389001,8,0.6666666666666666,0.5405422606666327,0.8333333333333334,0.33333333333333337,0.7990908771890006,0.26063085068363095,0.0,0.16666666666666666,25.263568347221955,20000224
SPT-Threshold,14.227699259781279,10,0.8333333333333334,0.7346579660510704,0.9166666666666666,0.16666666666666663,0.8270531400682041,0.31065815736159363,0.0,0.14583333333333334,24.816368788893005,20000225
SPT-Threshold,13.065628232599256,9,0.75,0.662956889755016,0.8333333333333334,0.25,0.8292587087917863,0.2699536932519726,0.0,0.16666666666666666,25.21277520579402,20000226
SPT-Threshold,10.452568342796456,8,0.6666666666666666,0.48772766678675045,0.9166666666666666,0.33333333333333337,0.8361349748360488,0.250489454158535,0.0,0.16666666666666666,25.743411247552647,20000227
SPT-Threshold,8.324085943110388,7,0.5833333333333334,0.38225299114328604,0.8333333333333334,0.41666666666666663,0.8081391403883901,0.2820588156027776,0.0,0.1875,24.53197681751488,20000228
SPT-Threshold,11.542956073099486,8,0.6666666666666666,0.573464216035302,0.8333333333333334,0.33333333333333337,0.8284985082174501,0.3290838275428824,0.0,0.125,25.651469626792935,20000229
SPT-Threshold,12.879707117131053,9,0.75,0.6703448428519808,0.8333333333333334,0.25,0.8246894102709413,0.2698666192433183,0.0,0.16666666666666666,26.148089878082793,20000230
SPT-Threshold,10.172132352541702,8,0.6666666666666666,0.47994074649170354,0.8333333333333334,0.33333333333333337,0.8283964628145778,0.2876659766503142,0.0,0.1875,24.161015298229486,20000231
SPT-Threshold,7.099187303949506,6,0.5,0.3411175607829932,0.75,0.5,0.7823198833386725,0.22223111003804283,0.0,0.22916666666666666,22.71126185893273,20000232
SPT-Threshold,12.954542874535843,9,0.75,0.6716510977807935,0.8333333333333334,0.25,0.797148463776824,0.23458754280216162,0.0,0.20833333333333334,24.345079718416905,20000233
SPT-Threshold,10.705452484925415,8,0.6666666666666666,0.532248495775704,0.75,0.33333333333333337,0.7901693862019608,0.2017186028047064,0.0,0.25,22.51527215671136,20000234
SPT-Threshold,11.575384083797289,9,0.75,0.6064033237738624,0.8333333333333334,0.25,0.7798720614108055,0.2096379075128123,0.0,0.22916666666666666,21.5890261027825,20000235
SPT-Threshold,16.183680144694087,11,0.9166666666666666,0.8523219672518891,0.9166666666666666,0.08333333333333337,0.8452401477950836,0.31088437060246876,0.0,0.125,25.88283108698974,20000236
SPT-Threshold,9.681051879725697,7,0.5833333333333334,0.49335464568672455,0.75,0.41666666666666663,0.8357053862964344,0.3065561798589773,0.0,0.1875,25.087359326947283,20000237
SPT-Threshold,8.758161405412892,7,0.5833333333333334,0.4367439551612155,0.75,0.41666666666666663,0.8281843131341343,0.2905194990682008,0.0,0.1875,24.368766641745026,20000238
SPT-Threshold,11.600545681806421,8,0.6666666666666666,0.5773742105912917,0.8333333333333334,0.33333333333333337,0.831772311238137,0.32800281603692216,0.0,0.14583333333333334,25.68381846765325,20000239
SPT-Threshold,11.199464733853514,8,0.6666666666666666,0.5904572014902925,0.75,0.33333333333333337,0.8117804629016051,0.29520066919439664,0.0,0.20833333333333334,22.749644568802246,20000240
SPT-Threshold,12.619756472598501,9,0.75,0.6427960893343622,0.75,0.25,0.794211453466541,0.320423337902466,0.0,0.16666666666666666,23.64701375239167,20000241
SPT-Threshold,15.218885597421824,11,0.9166666666666666,0.8252998982970137,1.0,0.08333333333333337,0.8260322056733717,0.2733321838307417,0.0,0.14583333333333334,24.85677375555543,20000242
SPT-Threshold,9.143138465091862,7,0.5833333333333334,0.5055880966463897,0.6666666666666666,0.41666666666666663,0.794153543554101,0.2669259662044912,0.0,0.20833333333333334,23.08397339052803,20000243
SPT-Threshold,12.477143262462427,9,0.75,0.6700919068561599,0.8333333333333334,0.25,0.8378555664894606,0.25752444611993835,0.0,0.16666666666666666,25.289731168173812,20000244
SPT-Threshold,13.010964271116972,9,0.75,0.6812770110128694,0.8333333333333334,0.25,0.8227953124651156,0.27642841641749455,0.0,0.16666666666666666,24.308615190530926,20000245
SPT-Threshold,14.393171345366843,10,0.8333333333333334,0.7281419856309699,0.9166666666666666,0.16666666666666663,0.8420064087219489,0.30119771395751577,0.0,0.14583333333333334,26.872780300233966,20000246
SPT-Threshold,12.275552882623272,9,0.75,0.6129356844303889,0.8333333333333334,0.25,0.8202598808013817,0.3011056931920357,0.0,0.16666666666666666,24.971666201081497,20000247
SPT-Threshold,17.695278836533717,12,1.0,1.0,1.0,0.0,0.8810274988579657,0.2814442410066072,0.0,0.14583333333333334,26.238197091334296,20000248
SPT-Threshold,9.30403727124529,7,0.5833333333333334,0.45318205207818024,0.8333333333333334,0.41666666666666663,0.8382649619375343,0.31246021111527483,0.0,0.1875,25.174038769285833,20000249
SPT-Threshold,13.995859595222552,10,0.8333333333333334,0.6965656247409149,0.9166666666666666,0.16666666666666663,0.823948058486918,0.26659982065078,0.0,0.125,25.649226261436255,20000250
SPT-Threshold,14.067744431066066,10,0.8333333333333334,0.7363951948129355,0.8333333333333334,0.16666666666666663,0.7921631327548195,0.2859632581882239,0.0,0.14583333333333334,23.924931093376657,20000251
SPT-Threshold,14.389536217743657,10,0.8333333333333334,0.7613088552079311,0.9166666666666666,0.16666666666666663,0.8101154170428367,0.2837640293823201,0.0,0.125,26.04382268377188,20000252
SPT-Threshold,12.548632485910158,9,0.75,0.6403386472121143,0.75,0.25,0.8192053381196823,0.22656907259175982,0.0,0.20833333333333334,24.133393705112297,20000253
SPT-Threshold,12.760924850831579,9,0.75,0.6380048724411231,0.8333333333333334,0.25,0.8366657333560518,0.3395004269527848,0.0,0.14583333333333334,25.489522600634754,20000254
SPT-Threshold,13.046266047782634,9,0.75,0.6829389900107516,0.75,0.25,0.7741503468581125,0.3031230307841403,0.0,0.16666666666666666,22.86566511945658,20000255
SPT-Threshold,12.776968188770436,9,0.75,0.6500547943782249,0.75,0.25,0.7854170743883172,0.32522173379354946,0.0,0.125,23.673546621843762,20000256
SPT-Threshold,8.408796663873668,7,0.5833333333333334,0.44797318873789316,0.75,0.41666666666666663,0.7890280677786273,0.2551871056856229,0.0,0.1875,22.63487415090981,20000257
SPT-Threshold,12.127765518263507,9,0.75,0.6209053733690807,0.8333333333333334,0.25,0.8170752729489764,0.23367360988325112,0.0,0.22916666666666666,23.092538224616437,20000258
SPT-Threshold,10.279185469693363,8,0.6666666666666666,0.5464672160067006,0.75,0.33333333333333337,0.8032615228989317,0.27068067941498586,0.0,0.20833333333333334,22.475001639850774,20000259
SPT-Threshold,9.17434338986787,7,0.5833333333333334,0.50793887816446,0.6666666666666666,0.41666666666666663,0.8007790489873168,0.28748835780021836,0.0,0.20833333333333334,23.227573614077073,20000260
SPT-Threshold,9.149278425958789,7,0.5833333333333334,0.46947222401539496,0.6666666666666666,0.41666666666666663,0.8171773819416154,0.37240767434303845,0.0,0.14583333333333334,23.105915427029796,20000261
SPT-Threshold,12.819940787469054,9,0.75,0.6528305121109569,0.8333333333333334,0.25,0.8037573887321875,0.33749031273681646,0.0,0.14583333333333334,24.173355547712703,20000262
SPT-Threshold,12.007434642858007,9,0.75,0.6142297795905366,0.9166666666666666,0.25,0.8120397147352264,0.19919357934184365,0.0,0.20833333333333334,23.62395440832661,20000263
SPT-Threshold,10.477573756354554,8,0.6666666666666666,0.5184666437872427,0.75,0.33333333333333337,0.8173602528535637,0.2766063712399368,0.0,0.20833333333333334,23.293124201664135,20000264
SPT-Threshold,13.424164512042868,10,0.8333333333333334,0.707408697138253,0.9166666666666666,0.16666666666666663,0.8057098002515555,0.18084445059705753,0.0,0.22916666666666666,25.04877215691077,20000265
SPT-Threshold,13.863958262579583,10,0.8333333333333334,0.6968811769218228,0.9166666666666666,0.16666666666666663,0.8048140679771874,0.30561410356989044,0.0,0.125,24.829446971745853,20000266
SPT-Threshold,11.107915740406675,8,0.6666666666666666,0.5818682535093879,0.6666666666666666,0.33333333333333337,0.798422067354955,0.2976623923089126,0.0,0.1875,22.650027534221405,20000267
SPT-Threshold,10.602086176434169,8,0.6666666666666666,0.5377000072591075,0.75,0.33333333333333337,0.785616852143364,0.28710430185569663,0.0,0.16666666666666666,24.223848963085818,20000268
SPT-Threshold,12.974519892329356,9,0.75,0.6475751487256022,0.8333333333333334,0.25,0.8410627734875438,0.27092085579510544,0.0,0.1875,24.70667885024634,20000269
SPT-Threshold,10.237215563852054,8,0.6666666666666666,0.49152758977982214,0.8333333333333334,0.33333333333333337,0.8244614709824362,0.21403406633819533,0.0,0.22916666666666666,23.64546271891051,20000270
SPT-Threshold,12.649760669718015,9,0.75,0.6636171711521411,0.8333333333333334,0.25,0.809268134765272,0.30445961996424653,0.0,0.125,25.291824893861207,20000271
SPT-Threshold,13.656501434329895,10,0.8333333333333334,0.716532567598469,0.8333333333333334,0.16666666666666663,0.7990241719553252,0.2144369118918268,0.0,0.20833333333333334,24.578343536421038,20000272
SPT-Threshold,13.950020894654608,10,0.8333333333333334,0.7129806173272106,0.8333333333333334,0.16666666666666663,0.8292017570930806,0.3052040002919481,0.0,0.125,25.831451984922822,20000273
SPT-Threshold,10.589062169959679,8,0.6666666666666666,0.5143486781156442,0.8333333333333334,0.33333333333333337,0.7913785619226381,0.31831835313574436,0.0,0.14583333333333334,23.83067277651406,20000274
SPT-Threshold,14.107536478786347,10,0.8333333333333334,0.7463600627588358,0.9166666666666666,0.16666666666666663,0.7985483611857837,0.28489540513186884,0.0,0.14583333333333334,24.8760338364184,20000275
SPT-Threshold,10.634888273990253,8,0.6666666666666666,0.5379126982647277,0.75,0.33333333333333337,0.8101145353137547,0.22936522665205095,0.0,0.20833333333333334,23.318533655456122,20000276
SPT-Threshold,12.17132835355044,9,0.75,0.6245243132724361,0.75,0.25,0.7958260650351887,0.24514157043024246,0.0,0.20833333333333334,23.668199066015518,20000277
SPT-Threshold,8.74548696261652,7,0.5833333333333334,0.4529602472046542,0.75,0.41666666666666663,0.7929899177167462,0.21808258435519534,0.0,0.25,21.992151426722508,20000278
SPT-Threshold,12.358224102479953,9,0.75,0.6226850247654915,0.8333333333333334,0.25,0.7951543875290032,0.21444814536374346,0.0,0.22916666666666666,23.049918998215567,20000279
SPT-Threshold,12.077422069559866,9,0.75,0.625245853519778,1.0,0.25,0.7984638328773896,0.2439493224905855,0.0,0.16666666666666666,25.309357995850725,20000280
SPT-Threshold,13.805762060278628,10,0.8333333333333334,0.7440517128283824,0.8333333333333334,0.16666666666666663,0.7857681433846603,0.27368980337272164,0.0,0.1875,23.874717289214065,20000281
SPT-Threshold,11.019447683905241,8,0.6666666666666666,0.5478523020556594,0.8333333333333334,0.33333333333333337,0.8449116369912418,0.2729528801266653,0.0,0.1875,24.854327093113753,20000282
SPT-Threshold,13.720894995318075,10,0.8333333333333334,0.7002767983821189,0.9166666666666666,0.16666666666666663,0.8229221995807791,0.22919436508701904,0.0,0.20833333333333334,23.79879255873878,20000283
SPT-Threshold,11.049664364263327,8,0.6666666666666666,0.5549042246176072,0.8333333333333334,0.33333333333333337,0.7863008260863301,0.2600746847453543,0.0,0.1875,24.138561565271,20000284
SPT-Threshold,8.859420654161099,7,0.5833333333333334,0.43538904754903035,0.8333333333333334,0.41666666666666663,0.7827925720224483,0.231391569665738,0.0,0.20833333333333334,22.913897618906244,20000285
SPT-Threshold,11.272837380998785,8,0.6666666666666666,0.5865245924811183,0.6666666666666666,0.33333333333333337,0.795473090811223,0.3098111036218201,0.0,0.16666666666666666,24.14758769614499,20000286
SPT-Threshold,15.147654690644632,11,0.9166666666666666,0.8331260482561131,0.9166666666666666,0.08333333333333337,0.8315662289687015,0.2413264471701694,0.0,0.1875,25.19426001947545,20000287
SPT-Threshold,11.971310855643154,9,0.75,0.6183793944150346,0.8333333333333334,0.25,0.7916159974193778,0.25269986754871193,0.0,0.14583333333333334,24.73364643004955,20000288
SPT-Threshold,13.9643107527415,10,0.8333333333333334,0.7313500391379221,0.9166666666666666,0.16666666666666663,0.8296370847933533,0.17666464875819285,0.0,0.25,24.330253820944108,20000289
SPT-Threshold,8.822830548433451,7,0.5833333333333334,0.43149429661011063,0.75,0.41666666666666663,0.7875801385676239,0.2683894217054868,0.0,0.16666666666666666,23.581302700559725,20000290
SPT-Threshold,13.923068286702346,10,0.8333333333333334,0.74118907254355,0.9166666666666666,0.16666666666666663,0.8219154743102521,0.24578274714759205,0.0,0.20833333333333334,24.10874680361618,20000291
SPT-Threshold,10.747690908434256,8,0.6666666666666666,0.5672246421205701,0.75,0.33333333333333337,0.8108348412059873,0.26938071983866524,0.0,0.20833333333333334,23.23322812214412,20000292
SPT-Threshold,12.193009019636248,9,0.75,0.6223811980982854,0.8333333333333334,0.25,0.7867935048198204,0.24753773774525625,0.0,0.1875,22.43952284735007,20000293
SPT-Threshold,9.258747942426472,7,0.5833333333333334,0.4644710159524587,0.75,0.41666666666666663,0.8074724214505612,0.28997643190035627,0.0,0.1875,22.846987125860615,20000294
SPT-Threshold,11.981701351983327,9,0.75,0.6280364418443886,0.75,0.25,0.7949599929016227,0.22664065943589126,0.0,0.22916666666666666,22.94293932123285,20000295
SPT-Threshold,10.826861365962001,8,0.6666666666666666,0.5485528376658452,0.75,0.33333333333333337,0.8386046062687846,0.2974042663415644,0.0,0.1875,25.020056139570837,20000296
SPT-Threshold,9.992033104791672,8,0.6666666666666666,0.4810213804269275,0.8333333333333334,0.33333333333333337,0.8059813846656145,0.23347090364357323,0.0,0.22916666666666666,23.378780135638888,20000297
SPT-Threshold,10.684233787623498,8,0.6666666666666666,0.5171543697421006,0.8333333333333334,0.33333333333333337,0.8112131741396444,0.25984462641890954,0.0,0.1875,23.639333161373855,20000298
SPT-Threshold,9.919542346851792,8,0.6666666666666666,0.44857143672141375,0.9166666666666666,0.33333333333333337,0.7936438444274216,0.2504301711409761,0.0,0.16666666666666666,23.28159568843364,20000299
SPT-Threshold,11.113620277959939,8,0.6666666666666666,0.5579619991983538,0.75,0.33333333333333337,0.8436720213448149,0.31126633946996213,0.0,0.1875,25.297571842748813,20000300
SPT-Threshold,13.977912989804315,10,0.8333333333333334,0.7246974777084646,0.9166666666666666,0.16666666666666663,0.8133347379641536,0.2983551969513429,0.0,0.16666666666666666,25.04455161503044,20000301
SPT-Threshold,11.25048506412753,8,0.6666666666666666,0.5616721577736139,0.75,0.33333333333333337,0.7955458156235546,0.241154359677362,0.0,0.20833333333333334,23.052873935803238,20000302
SPT-Threshold,8.931037208111134,7,0.5833333333333334,0.48314553922262704,0.8333333333333334,0.41666666666666663,0.8097156743889903,0.2693861321639158,0.0,0.16666666666666666,24.805677032010855,20000303
SPT-Threshold,16.04112040262854,11,0.9166666666666666,0.8993225937310327,1.0,0.08333333333333337,0.8318252430030917,0.30284774872886605,0.0,0.125,26.308184158709544,20000304
SPT-Threshold,13.814511902778115,10,0.8333333333333334,0.7421160390139029,1.0,0.16666666666666663,0.8181819906754965,0.24235857459338164,0.0,0.14583333333333334,25.372741397584086,20000305
SPT-Threshold,13.714735660439638,10,0.8333333333333334,0.6977029879231809,0.9166666666666666,0.16666666666666663,0.7871046792536776,0.2731138140772384,0.0,0.125,25.703696025629117,20000306
SPT-Threshold,12.10021506112008,9,0.75,0.6243007937132935,0.75,0.25,0.8086151975318243,0.26565239154781534,0.0,0.25,22.616801193611643,20000307
SPT-Threshold,12.880449544354812,9,0.75,0.6288436219779537,0.8333333333333334,0.25,0.8142428604148558,0.3258836819068153,0.0,0.125,24.570740034261764,20000308
SPT-Threshold,11.298404203524282,8,0.6666666666666666,0.5706219981695612,0.75,0.33333333333333337,0.8192637329366615,0.33905359334050783,0.0,0.16666666666666666,24.949299547933496,20000309
SPT-Threshold,13.560763390397124,10,0.8333333333333334,0.7254845942423319,0.9166666666666666,0.16666666666666663,0.8195656399848246,0.2628910966464279,0.0,0.20833333333333334,24.486016484173184,20000310
SPT-Threshold,10.31245022047111,8,0.6666666666666666,0.5089903279733133,0.8333333333333334,0.33333333333333337,0.7929993664048264,0.2670023044468111,0.0,0.1875,23.498138817231556,20000311
SPT-Threshold,12.352188166715369,9,0.75,0.6194896562592949,0.8333333333333334,0.25,0.8329569546463258,0.20971323750800408,0.0,0.22916666666666666,24.45975920166444,20000312
SPT-Threshold,10.984902898152617,8,0.6666666666666666,0.5337317904687405,0.8333333333333334,0.33333333333333337,0.8312347560915517,0.29350268575022226,0.0,0.16666666666666666,24.37018327888247,20000313
SPT-Threshold,12.108659653379636,9,0.75,0.6151103606027896,0.8333333333333334,0.25,0.7983596926995955,0.2815218854630945,0.0,0.1875,23.78585884454333,20000314
SPT-Threshold,12.462255949542522,9,0.75,0.6182879015509912,0.8333333333333334,0.25,0.8351698097838834,0.26893639491050325,0.0,0.1875,24.540834486465407,20000315
SPT-Threshold,8.989910020153431,7,0.5833333333333334,0.4694860039915692,0.6666666666666666,0.41666666666666663,0.8075364737513326,0.2897070416821057,0.0,0.20833333333333334,22.38054278021985,20000316
SPT-Threshold,12.382267479495141,9,0.75,0.6453480105640452,0.8333333333333334,0.25,0.8238573822651354,0.252575214974154,0.0,0.20833333333333334,24.394544285260604,20000317
SPT-Threshold,9.236958389188295,7,0.5833333333333334,0.47769093577969635,0.75,0.41666666666666663,0.8101911033701256,0.342220238036528,0.0,0.14583333333333334,24.370138002481255,20000318
SPT-Threshold,9.513043589380116,7,0.5833333333333334,0.4916722312594497,0.75,0.41666666666666663,0.8135481693647266,0.29612559111414016,0.0,0.1875,23.289445698498753,20000319
SPT-Threshold,12.99962358975984,9,0.75,0.6548013247559447,0.75,0.25,0.8055288256600054,0.2552068087979831,0.0,0.1875,23.257976557192407,20000320
SPT-Threshold,13.405656529083036,10,0.8333333333333334,0.7177903355620265,0.8333333333333334,0.16666666666666663,0.8022621728774438,0.2489500113819925,0.0,0.16666666666666666,24.128713313665315,20000321
SPT-Threshold,10.803137101886975,8,0.6666666666666666,0.5522888958952052,0.75,0.33333333333333337,0.8056521526807671,0.2518053570638244,0.0,0.1875,23.753244745296726,20000322
SPT-Threshold,7.757027946196031,6,0.5,0.409321306943568,0.8333333333333334,0.5,0.8031396652216122,0.2917974021848739,0.0,0.14583333333333334,26.444775187951663,20000323
SPT-Threshold,12.998923773082183,9,0.75,0.687600168269735,0.8333333333333334,0.25,0.821482976549086,0.32525061398049093,0.0,0.10416666666666667,26.792333067219047,20000324
SPT-Threshold,12.345321272243352,9,0.75,0.6214747940289866,0.9166666666666666,0.25,0.8076415956946802,0.2767983053102616,0.0,0.14583333333333334,24.571666857611508,20000325
SPT-Threshold,11.330990828585879,8,0.6666666666666666,0.594063916148379,0.6666666666666666,0.33333333333333337,0.7932833102016675,0.27984167936342175,0.0,0.25,21.92566305446332,20000326
SPT-Threshold,12.04901500253875,9,0.75,0.6100879519092697,0.8333333333333334,0.25,0.8207787533294777,0.22318961842301052,0.0,0.1875,25.167911974613478,20000327
SPT-Threshold,12.512272080539558,9,0.75,0.6122801820908391,0.8333333333333334,0.25,0.8072200425295183,0.30437702935512184,0.0,0.16666666666666666,24.20019864041376,20000328
SPT-Threshold,10.973522073225702,8,0.6666666666666666,0.5483443693991289,0.75,0.33333333333333337,0.8104086493957622,0.27616715231021344,0.0,0.20833333333333334,23.707482485051617,20000329
SPT-Threshold,12.281400604662709,9,0.75,0.6314914055749848,0.8333333333333334,0.25,0.7846810410760031,0.24539852513819463,0.0,0.1875,24.034989771796884,20000330
SPT-Threshold,12.084981433009578,9,0.75,0.6204120714928565,0.9166666666666666,0.25,0.8631998310478286,0.32669494679586014,0.0,0.125,26.603629383428878,20000331
SPT-Threshold,10.431451152662065,8,0.6666666666666666,0.48192956005046156,0.9166666666666666,0.33333333333333337,0.8214506248936546,0.23076753243505385,0.0,0.1875,25.259552854178203,20000332
SPT-Threshold,10.122864664304375,8,0.6666666666666666,0.49822984038906537,0.8333333333333334,0.33333333333333337,0.7823095597377673,0.25396636701393255,0.0,0.20833333333333334,22.36740174733313,20000333
SPT-Threshold,11.04501329160104,8,0.6666666666666666,0.5788204807133247,0.75,0.33333333333333337,0.7981100985860045,0.2596823665194363,0.0,0.20833333333333334,23.662821307225997,20000334
SPT-Threshold,10.408778959007414,8,0.6666666666666666,0.5524482089432659,0.75,0.33333333333333337,0.7900215746776337,0.2681210897929263,0.0,0.1875,23.15504932351789,20000335
SPT-Threshold,10.650093959875612,8,0.6666666666666666,0.5277233331221927,0.75,0.33333333333333337,0.8340554103289675,0.32908284619942507,0.0,0.14583333333333334,24.821281624137274,20000336
SPT-Threshold,10.452759864673677,8,0.6666666666666666,0.5344478806385173,0.75,0.33333333333333337,0.8167579622575812,0.3045983375327185,0.0,0.16666666666666666,22.92126171992941,20000337
SPT-Threshold,16.17811031439124,11,0.9166666666666666,0.8588280477401384,0.9166666666666666,0.08333333333333337,0.8501736743565732,0.26119003861553175,0.0,0.14583333333333334,26.459696075013643,20000338
SPT-Threshold,13.998493411783937,10,0.8333333333333334,0.7313619783008846,0.8333333333333334,0.16666666666666663,0.822655029974873,0.2856814978444426,0.0,0.14583333333333334,25.257185592682685,20000339
SPT-Threshold,10.24138761501877,8,0.6666666666666666,0.5398103122851725,0.6666666666666666,0.33333333333333337,0.7980191204987498,0.24158739527151554,0.0,0.25,21.635577474063176,20000340
SPT-Threshold,12.242777925145887,9,0.75,0.6190377058252131,0.8333333333333334,0.25,0.8292012874605241,0.28723046254809553,0.0,0.16666666666666666,25.013544596240948,20000341
SPT-Threshold,13.48187022143813,10,0.8333333333333334,0.7215967034365264,0.8333333333333334,0.16666666666666663,0.7884421471023689,0.3145367817156313,0.0,0.14583333333333334,23.80801954988467,20000342
SPT-Threshold,10.689248450306206,8,0.6666666666666666,0.5474329592257798,0.75,0.33333333333333337,0.78147867907016,0.2622190097354118,0.0,0.1875,23.25727938646901,20000343
SPT-Threshold,12.100670602190762,9,0.75,0.6365657661621974,0.75,0.25,0.7906055989495732,0.23263108761531145,0.0,0.20833333333333334,23.32360688541003,20000344
SPT-Threshold,11.2943249130879,8,0.6666666666666666,0.5729090928700041,0.75,0.33333333333333337,0.7991091535698924,0.2940184997819426,0.0,0.16666666666666666,24.131560721062435,20000345
SPT-Threshold,6.927752717269553,6,0.5,0.34625131859015323,0.75,0.5,0.8011263080370298,0.23119735460600574,0.0,0.25,21.706725316488498,20000346
SPT-Threshold,9.244762351358217,7,0.5833333333333334,0.4819107495017886,0.8333333333333334,0.41666666666666663,0.8107320254492777,0.3045919233542879,0.0,0.14583333333333334,24.500292228662584,20000347
SPT-Threshold,13.13241069277476,9,0.75,0.6473625935241364,0.8333333333333334,0.25,0.8296200083728552,0.30958703104749086,0.0,0.14583333333333334,25.68734253080917,20000348
SPT-Threshold,13.816443462534409,10,0.8333333333333334,0.7182085894177094,1.0,0.16666666666666663,0.857993515688657,0.2834373988587896,0.0,0.14583333333333334,25.682901807159958,20000349
SPT-Threshold,10.855305542902816,8,0.6666666666666666,0.5550674845409812,0.75,0.33333333333333337,0.7909606868165016,0.3310421540013467,0.0,0.14583333333333334,23.618970816592775,20000350
SPT-Threshold,12.809823237536968,9,0.75,0.654051631137752,0.8333333333333334,0.25,0.826581987544632,0.2702083922219773,0.0,0.16666666666666666,25.317025129443817,20000351
SPT-Threshold,10.361125299299548,8,0.6666666666666666,0.5329963784892109,0.8333333333333334,0.33333333333333337,0.8146008607766495,0.23916593130904384,0.0,0.20833333333333334,24.17850226131308,20000352
SPT-Threshold,10.452062880983778,8,0.6666666666666666,0.5255290636126706,0.75,0.33333333333333337,0.8080240319987407,0.2456316833993071,0.0,0.1875,23.832597675953373,20000353
SPT-Threshold,12.299350574529079,9,0.75,0.6300918168363118,0.8333333333333334,0.25,0.780403010998003,0.23197933399101378,0.0,0.20833333333333334,22.84207445606348,20000354
SPT-Threshold,13.890730742633059,10,0.8333333333333334,0.7294566370797299,0.9166666666666666,0.16666666666666663,0.7948933587556475,0.28493898135846313,0.0,0.14583333333333334,24.572029264599927,20000355
SPT-Threshold,12.70203314809736,9,0.75,0.6290093512568393,0.9166666666666666,0.25,0.8267749365366631,0.2866861933937575,0.0,0.16666666666666666,25.70389368511823,20000356
SPT-Threshold,12.645122423060405,9,0.75,0.6503260680222743,0.8333333333333334,0.25,0.8163595968348861,0.265902228031678,0.0,0.20833333333333334,23.682119076300292,20000357
SPT-Threshold,17.19396700516832,12,1.0,1.0,1.0,0.0,0.8289536379594326,0.21753579141188528,0.0,0.20833333333333334,24.98491751292079,20000358
SPT-Threshold,15.912988192606385,11,0.9166666666666666,0.8516504870981056,0.9166666666666666,0.08333333333333337,0.8464294780455862,0.2764483630037864,0.0,0.16666666666666666,25.958957073522125,20000359
SPT-Threshold,11.918854560864744,9,0.75,0.6075503639241306,0.8333333333333334,0.25,0.8248153382543858,0.2047574751174018,0.0,0.25,23.696976339964905,20000360
SPT-Threshold,7.624353980297723,6,0.5,0.36558605149743956,0.8333333333333334,0.5,0.7956526222297041,0.2962359539506993,0.0,0.125,24.949296882452984,20000361
SPT-Threshold,12.362848439975847,9,0.75,0.6392018704969757,0.75,0.25,0.7696178010927938,0.3295135963470553,0.0,0.14583333333333334,23.475974893808782,20000362
SPT-Threshold,11.184862200014566,8,0.6666666666666666,0.5605824473700962,0.75,0.33333333333333337,0.8115012134555183,0.29441957985056716,0.0,0.1875,24.00629030912624,20000363
SPT-Threshold,7.122986263469895,6,0.5,0.3522021678431081,0.75,0.5,0.7735022478507688,0.24054228470353345,0.0,0.20833333333333334,21.754106975878837,20000364
SPT-Threshold,10.452843819710342,8,0.6666666666666666,0.5453559085172559,0.6666666666666666,0.33333333333333337,0.7860880866190839,0.19983886973552092,0.0,0.2708333333333333,21.590164355758024,20000365
SPT-Threshold,13.645603649057724,9,0.75,0.6766426850138642,0.75,0.25,0.8370092395811349,0.27934271555240464,0.0,0.20833333333333334,24.364009122644312,20000366
SPT-Threshold,10.30421270164116,8,0.6666666666666666,0.48404816089635333,0.8333333333333334,0.33333333333333337,0.8237875799239852,0.2590899108945444,0.0,0.14583333333333334,24.65544613328552,20000367
SPT-Threshold,12.49871770525567,9,0.75,0.6467157484623461,0.9166666666666666,0.25,0.8235732451963184,0.24622619898521317,0.0,0.1875,24.927075207005515,20000368
SPT-Threshold,13.062746386580596,9,0.75,0.6624025891546401,0.75,0.25,0.8275237870973188,0.33046767529108273,0.0,0.1875,24.399271111490076,20000369
SPT-Threshold,13.96494755186047,10,0.8333333333333334,0.7374919784515814,0.8333333333333334,0.16666666666666663,0.7939204179510003,0.21666735696933048,0.0,0.22916666666666666,23.749191113301688,20000370
SPT-Threshold,10.382379023275686,8,0.6666666666666666,0.5201977264341517,0.75,0.33333333333333337,0.8328027776778576,0.25026133096129,0.0,0.20833333333333334,23.232949331445376,20000371
SPT-Threshold,11.394144270468205,8,0.6666666666666666,0.5740214208634399,0.75,0.33333333333333337,0.808334325623289,0.25962305928225576,0.0,0.22916666666666666,23.465944557121837,20000372
SPT-Threshold,15.317157347425644,11,0.9166666666666666,0.8470775743093452,0.9166666666666666,0.08333333333333337,0.7893475289024119,0.2775101765505517,0.0,0.14583333333333334,26.180826653049504,20000373
SPT-Threshold,12.27989067243091,9,0.75,0.6248450649066877,0.8333333333333334,0.25,0.8013110876760946,0.27658707480520567,0.0,0.1875,24.802418198542586,20000374
SPT-Threshold,10.872812325158742,8,0.6666666666666666,0.5558482135747256,0.8333333333333334,0.33333333333333337,0.8341151052781237,0.3247488889569392,0.0,0.125,25.82892756910012,20000375
SPT-Threshold,12.182595350020954,9,0.75,0.5808699523986803,0.9166666666666666,0.25,0.7927614987264636,0.22387162116605885,0.0,0.20833333333333334,24.67120682747587,20000376
SPT-Threshold,8.174788531295022,7,0.5833333333333334,0.3986097662268358,0.75,0.41666666666666663,0.8000253676939838,0.22266681624555806,0.0,0.22916666666666666,22.244160683348092,20000377
SPT-Threshold,7.009677987089066,6,0.5,0.36435535052029955,0.75,0.5,0.8014514009097716,0.25429777672136156,0.0,0.20833333333333334,23.033290723346138,20000378
SPT-Threshold,12.04151927848576,9,0.75,0.5814916690051282,0.9166666666666666,0.25,0.8287304589425503,0.2673615109911085,0.0,0.16666666666666666,24.88875674119766,20000379
SPT-Threshold,12.35464414779549,9,0.75,0.5984155390833663,0.9166666666666666,0.25,0.8198601291900852,0.31482964547631725,0.0,0.125,25.584148893512,20000380
SPT-Threshold,9.327935211522234,7,0.5833333333333334,0.4552930952223791,0.75,0.41666666666666663,0.8047256970045261,0.26844469045816166,0.0,0.1875,23.53604978431624,20000381
SPT-Threshold,13.341511874718714,10,0.8333333333333334,0.6813536295775539,0.9166666666666666,0.16666666666666663,0.8312551593146864,0.3322011309793556,0.0,0.10416666666666667,25.381390363415683,20000382
SPT-Threshold,12.205891424781871,9,0.75,0.6196042438777722,0.8333333333333334,0.25,0.809952139257816,0.252116974288024,0.0,0.22916666666666666,23.374065617898157,20000383
SPT-Threshold,10.92699176671729,8,0.6666666666666666,0.5528991821031153,0.8333333333333334,0.33333333333333337,0.7965271528791815,0.26009911489383375,0.0,0.1875,23.998874355367597,20000384
SPT-Threshold,10.511151866471376,8,0.6666666666666666,0.47913552198983855,0.9166666666666666,0.33333333333333337,0.7965231210438937,0.23319175348228494,0.0,0.1875,25.00954076800279,20000385
SPT-Threshold,11.003708291150195,8,0.6666666666666666,0.5712253841971899,0.75,0.33333333333333337,0.7775928304779088,0.2650220936965391,0.0,0.20833333333333334,22.313174445268196,20000386
SPT-Threshold,16.128719772159815,11,0.9166666666666666,0.8493759896580907,0.9166666666666666,0.08333333333333337,0.8197895412533077,0.31955088683672245,0.0,0.10416666666666667,26.371404798377867,20000387
SPT-Threshold,12.607282750592521,9,0.75,0.6860518026964368,1.0,0.25,0.8439111696996036,0.3003001083551906,0.0,0.125,26.24807496396949,20000388
SPT-Threshold,14.152785459085688,10,0.8333333333333334,0.7295953109410926,0.8333333333333334,0.16666666666666663,0.8680400491604091,0.34256940734653,0.0,0.14583333333333334,25.909995454884545,20000389
SPT-Threshold,12.455803437060213,9,0.75,0.633914602783333,0.8333333333333334,0.25,0.8219334690027505,0.31132994563170274,0.0,0.14583333333333334,24.619378217000783,20000390
SPT-Threshold,12.490892594966834,9,0.75,0.6452056696549036,0.9166666666666666,0.25,0.8405752326867155,0.28375436893247513,0.0,0.1875,24.90470206196758,20000391
SPT-Threshold,12.697200969773073,9,0.75,0.6440610512363897,0.9166666666666666,0.25,0.8273429550007426,0.26323392614540714,0.0,0.1875,25.46960370428816,20000392
SPT-Threshold,10.900474957919052,8,0.6666666666666666,0.5569250263424985,0.75,0.33333333333333337,0.8280983521739209,0.2617303139813582,0.0,0.20833333333333334,23.66983224494354,20000393
SPT-Threshold,9.270495679843236,7,0.5833333333333334,0.482081281416888,0.6666666666666666,0.41666666666666663,0.826059436012863,0.2629721894444678,0.0,0.22916666666666666,22.670345060458505,20000394
SPT-Threshold,12.210984524026319,9,0.75,0.6128503798305939,0.8333333333333334,0.25,0.8477724185376824,0.28169041128597433,0.0,0.1875,25.4142056628309,20000395
SPT-Threshold,12.063475178929192,9,0.75,0.6278857214792278,0.8333333333333334,0.25,0.803295196494194,0.18784110129913986,0.0,0.2708333333333333,22.07895289987896,20000396
SPT-Threshold,13.611848523133716,10,0.8333333333333334,0.71078687318652,0.9166666666666666,0.16666666666666663,0.8324402937039886,0.2679354938832126,0.0,0.14583333333333334,26.537318314633197,20000397
SPT-Threshold,13.23581929225442,10,0.8333333333333334,0.693094863981352,0.9166666666666666,0.16666666666666663,0.8110512517238507,0.2729743432809089,0.0,0.14583333333333334,25.473843710767046,20000398
SPT-Threshold,11.838051782769488,9,0.75,0.5821955699904618,0.8333333333333334,0.25,0.7935885248334084,0.24922275558737006,0.0,0.20833333333333334,23.69022596176646,20000399
SPT-Threshold,10.083718494189133,8,0.6666666666666666,0.5283184993773574,0.8333333333333334,0.33333333333333337,0.8065008362052337,0.21489463295335773,0.0,0.25,22.079066547672074,20000400
SPT-Threshold,11.08912912568364,8,0.6666666666666666,0.5813150098603233,0.6666666666666666,0.33333333333333337,0.8292735999704733,0.25272819424359205,0.0,0.25,23.57869595135772,20000401
SPT-Threshold,9.287899023728045,7,0.5833333333333334,0.47612418616299695,0.6666666666666666,0.41666666666666663,0.7952203326540843,0.2537587762321254,0.0,0.22916666666666666,22.207612232343315,20000402
SPT-Threshold,13.093732713357477,9,0.75,0.6672767303194155,0.75,0.25,0.7878403318110095,0.29011004145385066,0.0,0.1875,22.9843317833937,20000403
SPT-Threshold,12.125099293681714,9,0.75,0.6371239038856882,0.75,0.25,0.7712695148123405,0.2724814492354626,0.0,0.1875,23.218673222477857,20000404
SPT-Threshold,9.401724586947262,7,0.5833333333333334,0.5005285480427604,0.6666666666666666,0.41666666666666663,0.7815916116019072,0.2200182721037642,0.0,0.2708333333333333,21.793393063900428,20000405
SPT-Threshold,10.709070240747067,8,0.6666666666666666,0.5206391763882205,0.8333333333333334,0.33333333333333337,0.8510098735820039,0.3060952719176809,0.0,0.16666666666666666,25.277531657830153,20000406
SPT-Threshold,12.423255484625551,9,0.75,0.6343936220375929,0.8333333333333334,0.25,0.8293081586252372,0.28800198238330726,0.0,0.16666666666666666,24.51482450781409,20000407
SPT-Threshold,10.721425000696698,8,0.6666666666666666,0.5358236588390303,0.9166666666666666,0.33333333333333337,0.7933534177734888,0.2191891748089229,0.0,0.20833333333333334,25.46741005426766,20000408
SPT-Threshold,10.501201163286737,8,0.6666666666666666,0.5067151105727264,0.8333333333333334,0.33333333333333337,0.8567458376701782,0.2895065188351554,0.0,0.16666666666666666,25.916651958704566,20000409
SPT-Threshold,14.063046845102008,10,0.8333333333333334,0.7369560466695871,0.9166666666666666,0.16666666666666663,0.8238092503447613,0.23171645687651257,0.0,0.1875,24.892905771645125,20000410
SPT-Threshold,12.527575617314385,9,0.75,0.6389473763554254,0.8333333333333334,0.25,0.8050212274896853,0.230061100103951,0.0,0.20833333333333334,24.005427856848797,20000411
SPT-Threshold,11.144688020234367,8,0.6666666666666666,0.6103753087334947,0.75,0.33333333333333337,0.8044950802136247,0.2643669625040703,0.0,0.25,23.1999682312385,20000412
SPT-Threshold,10.359116273213532,8,0.6666666666666666,0.5571911245841431,0.8333333333333334,0.33333333333333337,0.8232597117783261,0.20485994377785835,0.0,0.25,23.06505341768361,20000413
SPT-Threshold,10.392748507883462,8,0.6666666666666666,0.5476523482521644,0.75,0.33333333333333337,0.7747141746279308,0.2969069061201778,0.0,0.16666666666666666,23.558884250071458,20000414
SPT-Threshold,12.240061415791217,9,0.75,0.608479560636881,0.8333333333333334,0.25,0.8352239185542722,0.30069973677334866,0.0,0.125,25.525934217891347,20000415
SPT-Threshold,12.320435604843984,9,0.75,0.6327455331225998,0.8333333333333334,0.25,0.7856265752409008,0.28348877498019115,0.0,0.16666666666666666,23.43559922834819,20000416
SPT-Threshold,10.357683023343899,8,0.6666666666666666,0.49279140572141156,0.8333333333333334,0.33333333333333337,0.8206956741433489,0.24519830150155109,0.0,0.20833333333333334,23.928664931578265,20000417
SPT-Threshold,13.683118011232313,10,0.8333333333333334,0.7483886284983456,0.9166666666666666,0.16666666666666663,0.8113072493299952,0.24727164282378586,0.0,0.14583333333333334,26.00459506376654,20000418
SPT-Threshold,10.51003958464466,8,0.6666666666666666,0.5128081621227122,0.75,0.33333333333333337,0.7945944550672266,0.25472045837482565,0.0,0.25,22.019221751863988,20000419
SPT-Threshold,13.601495675622221,10,0.8333333333333334,0.6947725173759026,0.9166666666666666,0.16666666666666663,0.8366144489300188,0.29646253519248283,0.0,0.14583333333333334,25.766476173764186,20000420
SPT-Threshold,10.85098411587535,8,0.6666666666666666,0.5723721673472564,0.6666666666666666,0.33333333333333337,0.8199151749254058,0.2608297038327127,0.0,0.22916666666666666,23.279350315575687,20000421
SPT-Threshold,12.297661273063659,9,0.75,0.6515305942279838,0.8333333333333334,0.25,0.8162616032522433,0.200970801123613,0.0,0.22916666666666666,23.592535715160743,20000422
SPT-Threshold,13.534166132294363,10,0.8333333333333334,0.7045706120164547,0.9166666666666666,0.16666666666666663,0.8007739495437253,0.24294913447410926,0.0,0.16666666666666666,24.113300338041725,20000423
SPT-Threshold,10.52065352732205,8,0.6666666666666666,0.5514514992819745,0.75,0.33333333333333337,0.7934319001290188,0.2587834345789331,0.0,0.20833333333333334,22.937715904842523,20000424
SPT-Threshold,4.932433176793093,5,0.4166666666666667,0.2624705458999091,0.6666666666666666,0.5833333333333333,0.7657985190299982,0.28409645488041707,0.0,0.1875,22.00964682735144,20000425
SPT-Threshold,12.236469019779546,9,0.75,0.6183858246485167,0.8333333333333334,0.25,0.8377042908236843,0.2752095651712995,0.0,0.1875,24.74672661103297,20000426
SPT-Threshold,14.079426920765263,10,0.8333333333333334,0.7457538841514542,0.8333333333333334,0.16666666666666663,0.8507747968045335,0.24391190217685943,0.0,0.22916666666666666,24.63521198672187,20000427
SPT-Threshold,14.671657765276612,10,0.8333333333333334,0.7317906207525001,0.9166666666666666,0.16666666666666663,0.8366028310366255,0.3108222286185523,0.0,0.125,27.208544095068692,20000428
SPT-Threshold,11.603562224839463,9,0.75,0.5678122975403304,0.9166666666666666,0.25,0.7966732009086323,0.29109006435372836,0.0,0.14583333333333334,23.483360346742245,20000429
SPT-Threshold,15.249494391117187,11,0.9166666666666666,0.8282289048988517,0.9166666666666666,0.08333333333333337,0.8357497428143134,0.2400369729529562,0.0,0.1875,24.869538436523328,20000430
SPT-Threshold,10.438387333099806,8,0.6666666666666666,0.5510950245648041,0.75,0.33333333333333337,0.7909248312932657,0.2553717561711062,0.0,0.1875,23.537369142326625,20000431
SPT-Threshold,12.572788542403746,9,0.75,0.6506068270847556,0.9166666666666666,0.25,0.8503509978296786,0.2775638468943881,0.0,0.16666666666666666,26.86650352861307,20000432
SPT-Threshold,11.052320286082514,8,0.6666666666666666,0.5952397976332341,0.75,0.33333333333333337,0.8346843024571539,0.2931061427056834,0.0,0.20833333333333334,24.506157372075805,20000433
SPT-Threshold,12.496065083954553,9,0.75,0.6221253348255817,0.8333333333333334,0.25,0.8199712475202913,0.27444160575035353,0.0,0.20833333333333334,23.508856264524766,20000434
SPT-Threshold,16.352667167642856,11,0.9166666666666666,0.8707177001213569,0.9166666666666666,0.08333333333333337,0.8383335901347274,0.3329650972414514,0.0,0.10416666666666667,27.345360565662535,20000435
SPT-Threshold,13.819053408283382,10,0.8333333333333334,0.7038379920950366,0.9166666666666666,0.16666666666666663,0.8571239638212681,0.27251539973036815,0.0,0.14583333333333334,27.14469367157568,20000436
SPT-Threshold,11.967457077409453,9,0.75,0.615975829557197,0.8333333333333334,0.25,0.8302449342735345,0.30760910819285914,0.0,0.14583333333333334,24.60971508715951,20000437
SPT-Threshold,8.509830357393726,7,0.5833333333333334,0.4164702501725256,0.75,0.41666666666666663,0.7764635191625465,0.19699946720828396,0.0,0.2916666666666667,20.685487539401286,20000438
SPT-Threshold,11.27443184894275,8,0.6666666666666666,0.5859095846009627,0.6666666666666666,0.33333333333333337,0.7910006934784976,0.27695978320299447,0.0,0.20833333333333334,23.03069647121666,20000439
SPT-Threshold,15.515657125085845,11,0.9166666666666666,0.8529818445938621,1.0,0.08333333333333337,0.803612252248003,0.2521464638214866,0.0,0.1875,25.390643604545573,20000440
SPT-Threshold,8.5303776740968,7,0.5833333333333334,0.42605265629471206,0.6666666666666666,0.41666666666666663,0.7673393345326192,0.22072601848082693,0.0,0.2916666666666667,20.392868579370976,20000441
SPT-Threshold,15.52798702459393,11,0.9166666666666666,0.836642871465275,0.9166666666666666,0.08333333333333337,0.8202226912186975,0.281986581236622,0.0,0.14583333333333334,25.225604297537537,20000442
SPT-Threshold,11.109989841490894,8,0.6666666666666666,0.5447220484271117,0.8333333333333334,0.33333333333333337,0.8547396846445183,0.32590324883892136,0.0,0.14583333333333334,26.502974874252146,20000443
SPT-Threshold,10.70489722465896,8,0.6666666666666666,0.5456565902740301,0.75,0.33333333333333337,0.7902761051060455,0.2527583372309527,0.0,0.20833333333333334,23.454207287135695,20000444
SPT-Threshold,12.42929168252173,9,0.75,0.6348038971823621,0.75,0.25,0.8196628743040909,0.2231082931287597,0.0,0.25,23.206124790606957,20000445
SPT-Threshold,12.745180425555812,9,0.75,0.6392410417685618,0.8333333333333334,0.25,0.836364798772907,0.2742160394485928,0.0,0.16666666666666666,25.929391815462434,20000446
SPT-Threshold,9.357324634173931,7,0.5833333333333334,0.4812352477580071,0.6666666666666666,0.41666666666666663,0.7945602430124524,0.3356924143919123,0.0,0.14583333333333334,23.950537804004433,20000447
SPT-Threshold,12.581228935600398,9,0.75,0.6605679397352004,0.8333333333333334,0.25,0.8227736012611375,0.35087732799961024,0.0,0.125,25.140018841194745,20000448
SPT-Threshold,13.898223329017119,10,0.8333333333333334,0.7297617045910862,0.8333333333333334,0.16666666666666663,0.8199463978599506,0.21681196503432068,0.0,0.20833333333333334,24.26924887426412,20000449
SPT-Threshold,11.051438095746219,8,0.6666666666666666,0.5492833146829599,0.75,0.33333333333333337,0.8357195112577466,0.34120397617089937,0.0,0.14583333333333334,24.14732151297735,20000450
SPT-Threshold,13.947306928795319,10,0.8333333333333334,0.721701257024317,0.8333333333333334,0.16666666666666663,0.8276295464263234,0.23934367133724932,0.0,0.20833333333333334,25.04942883008187,20000451
SPT-Threshold,11.427267931613585,8,0.6666666666666666,0.5735882788802543,0.75,0.33333333333333337,0.8314344457981034,0.33697237886469417,0.0,0.1875,23.51298046453543,20000452
SPT-Threshold,9.409128434362026,7,0.5833333333333334,0.49169635037255677,0.6666666666666666,0.41666666666666663,0.7746573799543089,0.286787930359222,0.0,0.22916666666666666,21.806912140552352,20000453
SPT-Threshold,10.082120649783,8,0.6666666666666666,0.4868264941755349,0.75,0.33333333333333337,0.8126184092595402,0.25855494812958735,0.0,0.20833333333333334,23.37561885497671,20000454
SPT-Threshold,12.285741434339638,9,0.75,0.628073386117217,0.8333333333333334,0.25,0.8014084496335512,0.2808309060469487,0.0,0.1875,23.499849413078003,20000455
SPT-Threshold,10.212160380209346,8,0.6666666666666666,0.5098879479335462,0.8333333333333334,0.33333333333333337,0.8365509703409018,0.26476835977911256,0.0,0.1875,24.687730532509242,20000456
SPT-Threshold,5.47171685057273,5,0.4166666666666667,0.29944795854361067,0.6666666666666666,0.5833333333333333,0.7904474039878915,0.2475212814782225,0.0,0.20833333333333334,23.06316384506529,20000457
SPT-Threshold,9.389470241599804,7,0.5833333333333334,0.4905608572766069,0.6666666666666666,0.41666666666666663,0.7980402299511073,0.31478206398660497,0.0,0.22916666666666666,21.813046037538555,20000458
SPT-Threshold,12.844647557325777,9,0.75,0.6566916024632589,0.9166666666666666,0.25,0.8529669567400981,0.3673441293110635,0.0,0.10416666666666667,26.326049735335445,20000459
SPT-Threshold,14.186200355782738,10,0.8333333333333334,0.7488458997153511,0.9166666666666666,0.16666666666666663,0.8400027314591139,0.26265698319622327,0.0,0.14583333333333334,27.018888496096036,20000460
SPT-Threshold,11.303739730933767,8,0.6666666666666666,0.5367403725498399,0.8333333333333334,0.33333333333333337,0.8329345868102531,0.3515948889244558,0.0,0.10416666666666667,25.394839125861537,20000461
SPT-Threshold,14.230731249894369,10,0.8333333333333334,0.7372620912027931,0.9166666666666666,0.16666666666666663,0.8512102077276636,0.30385169572361975,0.0,0.16666666666666666,26.70168255717684,20000462
SPT-Threshold,13.173600295304738,9,0.75,0.6722342807623333,0.8333333333333334,0.25,0.8251236605553575,0.2841415159444984,0.0,0.16666666666666666,24.922491786457556,20000463
SPT-Threshold,10.595678462983505,8,0.6666666666666666,0.5251989953600795,0.8333333333333334,0.33333333333333337,0.7897229220702678,0.23671670557006497,0.0,0.1875,23.57740900287303,20000464
SPT-Threshold,12.134081137392576,9,0.75,0.6320268809614144,0.8333333333333334,0.25,0.8245056548990929,0.25739328853852134,0.0,0.1875,23.523643551033505,20000465
SPT-Threshold,8.790360567189525,7,0.5833333333333334,0.48852359189070776,0.6666666666666666,0.41666666666666663,0.7692457750250137,0.22340904753343357,0.0,0.25,22.152726708781397,20000466
SPT-Threshold,10.423982362729234,8,0.6666666666666666,0.543358412865939,0.9166666666666666,0.33333333333333337,0.8141592995242016,0.20993855932472108,0.0,0.20833333333333334,24.440343853248155,20000467
SPT-Threshold,11.613426258704665,9,0.75,0.5779887118587672,0.8333333333333334,0.25,0.7947270718274373,0.25670777712621345,0.0,0.1875,23.398512782172205,20000468
SPT-Threshold,8.493953252679127,7,0.5833333333333334,0.42989781109554065,0.75,0.41666666666666663,0.7863951244513396,0.25982194847279205,0.0,0.20833333333333334,22.847438301146077,20000469
SPT-Threshold,13.607783251773629,10,0.8333333333333334,0.7498943693400417,0.9166666666666666,0.16666666666666663,0.8058707721411601,0.25974577750318445,0.0,0.1875,24.097645529161028,20000470
SPT-Threshold,12.540236917241527,9,0.75,0.6450315493186644,0.8333333333333334,0.25,0.8409343682771269,0.33581955537734043,0.0,0.125,26.225273837184936,20000471
SPT-Threshold,12.228132180808087,9,0.75,0.6367439273216885,0.75,0.25,0.810423315004844,0.26886783719076973,0.0,0.1875,23.46111497247287,20000472
SPT-Threshold,13.960334353616703,10,0.8333333333333334,0.6990568540904074,0.9166666666666666,0.16666666666666663,0.8327031691369996,0.25655014885262634,0.0,0.16666666666666666,25.77538497067987,20000473
SPT-Threshold,14.633867389151206,10,0.8333333333333334,0.7488224608008338,0.8333333333333334,0.16666666666666663,0.819526106080513,0.2742235024911546,0.0,0.16666666666666666,25.341784513314558,20000474
SPT-Threshold,14.623962624331377,10,0.8333333333333334,0.7417555353780194,0.8333333333333334,0.16666666666666663,0.8150541281091642,0.30979268677690547,0.0,0.14583333333333334,24.05990656082845,20000475
SPT-Threshold,13.552911654140939,10,0.8333333333333334,0.7437862519292312,0.8333333333333334,0.16666666666666663,0.7931225500784248,0.2229043031539161,0.0,0.25,21.994235706820962,20000476
SPT-Threshold,12.227627412417416,9,0.75,0.639279345308639,0.75,0.25,0.809230563189217,0.2594702552325215,0.0,0.16666666666666666,23.767094489313834,20000477
SPT-Threshold,13.070730966472468,9,0.75,0.6422890688297734,0.8333333333333334,0.25,0.8077297461949945,0.3066012043555778,0.0,0.16666666666666666,25.03249290872459,20000478
SPT-Threshold,8.647219644911257,7,0.5833333333333334,0.4213280732159287,0.75,0.41666666666666663,0.7918185446223287,0.25289442905142634,0.0,0.1875,23.760403690308646,20000479
SPT-Threshold,10.789901415718202,8,0.6666666666666666,0.5373904588749477,0.75,0.33333333333333337,0.8463979371660741,0.34347389286003044,0.0,0.14583333333333334,25.279664503875395,20000480
SPT-Threshold,8.901460915301236,7,0.5833333333333334,0.4562035017548192,0.9166666666666666,0.41666666666666663,0.8294213012985386,0.20446851087750662,0.0,0.20833333333333334,24.25499304796566,20000481
SPT-Threshold,9.250936147240791,7,0.5833333333333334,0.4485230257218036,0.75,0.41666666666666663,0.8028863420145287,0.29241261666867013,0.0,0.1875,24.055074486248603,20000482
SPT-Threshold,14.276734328039034,10,0.8333333333333334,0.7609912549122545,0.9166666666666666,0.16666666666666663,0.8132199596723574,0.26164338800662296,0.0,0.14583333333333334,25.347199706636037,20000483
SPT-Threshold,9.29891104903131,7,0.5833333333333334,0.4702303239816619,0.75,0.41666666666666663,0.8223543818114808,0.2505512600436703,0.0,0.22916666666666666,22.797286548792343,20000484
SPT-Threshold,12.108154122059256,9,0.75,0.62178294865307,0.75,0.25,0.7804226268910476,0.21709024384450817,0.0,0.25,22.518456597458687,20000485
SPT-Threshold,12.473516331018573,9,0.75,0.6500486029294893,0.8333333333333334,0.25,0.8183495089295013,0.27648416202776455,0.0,0.20833333333333334,24.61539251625774,20000486
SPT-Threshold,10.88839140237617,8,0.6666666666666666,0.5433838246640669,0.8333333333333334,0.33333333333333337,0.8143655097226027,0.2678496252305587,0.0,0.1875,24.560659312600688,20000487
SPT-Threshold,12.681627929458815,9,0.75,0.6222601955541257,0.8333333333333334,0.25,0.8161716151924359,0.271883362053117,0.0,0.1875,24.58197552388571,20000488
SPT-Threshold,10.586030446977421,8,0.6666666666666666,0.5335970960846969,0.75,0.33333333333333337,0.8048028989212783,0.27296465893617666,0.0,0.1875,24.50504161132136,20000489
SPT-Threshold,13.950228998514145,10,0.8333333333333334,0.7157449905890214,0.8333333333333334,0.16666666666666663,0.8372660752285895,0.2545733234800552,0.0,0.1875,24.415354733056233,20000490
SPT-Threshold,12.691173892533373,9,0.75,0.6446964420891549,0.75,0.25,0.8180082350562575,0.28360934935110804,0.0,0.20833333333333334,23.91767430750031,20000491
SPT-Threshold,12.40426809539175,9,0.75,0.6254401703357457,0.8333333333333334,0.25,0.8337086577049635,0.3116470843905585,0.0,0.14583333333333334,25.328793204240636,20000492
SPT-Threshold,8.797346849187283,7,0.5833333333333334,0.43558252794572294,0.75,0.41666666666666663,0.8137476256216024,0.2564388307778193,0.0,0.22916666666666666,22.938122996061658,20000493
SPT-Threshold,12.16428409735029,9,0.75,0.6398687112271697,0.8333333333333334,0.25,0.8085328954498904,0.2764953886669457,0.0,0.16666666666666666,24.848248584159663,20000494
SPT-Threshold,10.554407695017943,8,0.6666666666666666,0.5426988896470966,0.75,0.33333333333333337,0.7999129400981664,0.2511355854989524,0.0,0.22916666666666666,23.298317539254498,20000495
SPT-Threshold,13.940219245717905,10,0.8333333333333334,0.7294936101257704,0.9166666666666666,0.16666666666666663,0.8221214675758398,0.30359172491846315,0.0,0.10416666666666667,26.807211899006845,20000496
SPT-Threshold,13.797649628919938,10,0.8333333333333334,0.7319738570352484,0.8333333333333334,0.16666666666666663,0.7974042368473784,0.2531479005316183,0.0,0.20833333333333334,24.087852864366802,20000497
SPT-Threshold,8.931326972349808,7,0.5833333333333334,0.46985522521629947,0.75,0.41666666666666663,0.815663486534115,0.2304708618133696,0.0,0.22916666666666666,23.32397426647886,20000498
SPT-Threshold,12.124953491699657,9,0.75,0.6266260354539724,0.75,0.25,0.7839287910323561,0.2589616002165336,0.0,0.20833333333333334,23.129458348104365,20000499
Cog-Heuristic,12.446906056705396,9,0.75,0.650401308827168,0.8333333333333334,0.25,0.7898591885577785,0.37166337885573425,0.0,0.125,23.91541877487342,20000000
Cog-Heuristic,10.837447804585402,8,0.6666666666666666,0.5641002098626251,0.8333333333333334,0.33333333333333337,0.8166314845481387,0.32087326764418395,0.0,0.14583333333333334,24.56337487871803,20000001
Cog-Heuristic,9.151178986307993,7,0.5833333333333334,0.47549603590239276,0.8333333333333334,0.41666666666666663,0.8398037323119626,0.3599092300028808,0.0,0.14583333333333334,24.891383569021762,20000002
Cog-Heuristic,10.465634752479174,8,0.6666666666666666,0.5471570960506101,0.8333333333333334,0.33333333333333337,0.7702157662624577,0.2896469004807642,0.0,0.16666666666666666,24.508909764255165,20000003
Cog-Heuristic,10.01261194667043,8,0.6666666666666666,0.48628242058236903,0.8333333333333334,0.33333333333333337,0.742225622200383,0.25966479688998734,0.0,0.14583333333333334,23.273456817090278,20000004
Cog-Heuristic,8.872844057290388,7,0.5833333333333334,0.47524151524844455,0.75,0.41666666666666663,0.737308456583731,0.3508264130190688,0.0,0.125,22.567876861056792,20000005
Cog-Heuristic,7.483351820722028,6,0.5,0.3819594062641454,0.75,0.5,0.7725937583869017,0.3347243540219848,0.0,0.14583333333333334,23.34663352834081,20000006
Cog-Heuristic,8.364948476212415,7,0.5833333333333334,0.3954788957597975,0.75,0.41666666666666663,0.7685767693800516,0.31186595422720575,0.0,0.16666666666666666,23.551021120949134,20000007
Cog-Heuristic,6.903557594415333,6,0.5,0.36739894824430747,0.6666666666666666,0.5,0.736014967624822,0.2848948704246568,0.0,0.1875,21.63695160418464,20000008
Cog-Heuristic,10.254719983593876,8,0.6666666666666666,0.5393795776833863,0.75,0.33333333333333337,0.7618249047442528,0.3118399848544178,0.0,0.16666666666666666,23.519856407223337,20000009
Cog-Heuristic,10.611324331436782,8,0.6666666666666666,0.5350468755648298,0.75,0.33333333333333337,0.7738324767987126,0.26593248564236194,0.0,0.1875,22.59254644224913,20000010
Cog-Heuristic,14.10343909181314,10,0.8333333333333334,0.7752782374676592,0.9166666666666666,0.16666666666666663,0.7877287009383216,0.3049612617220489,0.0,0.14583333333333334,24.347257082328802,20000011
Cog-Heuristic,10.157024662841708,8,0.6666666666666666,0.490141426658235,0.8333333333333334,0.33333333333333337,0.7963547988290888,0.3230298185515048,0.0,0.16666666666666666,22.6700967248268,20000012
Cog-Heuristic,8.65068263575615,7,0.5833333333333334,0.4465401764763833,0.75,0.41666666666666663,0.7801617111483247,0.28003634508264064,0.0,0.1875,23.136386899939616,20000013
Cog-Heuristic,8.571864726250702,7,0.5833333333333334,0.4396751358978034,0.75,0.41666666666666663,0.7239498167587605,0.336510873281918,0.0,0.14583333333333334,22.463392300584044,20000014
Cog-Heuristic,14.34045559344847,10,0.8333333333333334,0.7389424274111321,0.8333333333333334,0.16666666666666663,0.8575826484746175,0.34203387374533106,0.0,0.14583333333333334,26.669693530160053,20000015
Cog-Heuristic,11.861232104218828,9,0.75,0.6651849013532123,0.75,0.25,0.7313820756332482,0.32042299651509504,0.0,0.14583333333333334,22.971650420322124,20000016
Cog-Heuristic,10.350086449733302,8,0.6666666666666666,0.5483240944728546,0.8333333333333334,0.33333333333333337,0.745569480729511,0.3037567033778656,0.0,0.14583333333333334,23.35081906213444,20000017
Cog-Heuristic,7.935313130759836,6,0.5,0.4653285210056405,0.6666666666666666,0.5,0.7927417974313308,0.3707510375034721,0.0,0.16666666666666666,22.180054515729065,20000018
Cog-Heuristic,14.335101832310897,10,0.8333333333333334,0.7343029564351452,0.9166666666666666,0.16666666666666663,0.8347896258964105,0.31818354268918975,0.0,0.125,25.898421796910227,20000019
Cog-Heuristic,10.777569503523527,8,0.6666666666666666,0.5301026136801162,0.8333333333333334,0.33333333333333337,0.7801780238918026,0.3090095426169353,0.0,0.14583333333333334,24.31451043217391,20000020
Cog-Heuristic,13.840599470447609,10,0.8333333333333334,0.744712106537529,0.9166666666666666,0.16666666666666663,0.7254876585739242,0.30776041128304443,0.0,0.10416666666666667,23.795992465354452,20000021
Cog-Heuristic,6.5247613297642175,6,0.5,0.3126609439758241,0.75,0.5,0.7273506519302387,0.274868680327006,0.0,0.16666666666666666,21.804454487575075,20000022
Cog-Heuristic,10.80992413367073,8,0.6666666666666666,0.6015061723189619,0.75,0.33333333333333337,0.7804161267379833,0.31751916053222423,0.0,0.16666666666666666,23.678100660993465,20000023
Cog-Heuristic,14.360146644985747,10,0.8333333333333334,0.7809338407592105,0.8333333333333334,0.16666666666666663,0.8421491079714513,0.3333819260494988,0.0,0.14583333333333334,26.097606965288705,20000024
Cog-Heuristic,9.218670642030686,7,0.5833333333333334,0.4755002762751497,0.75,0.41666666666666663,0.7517966961460475,0.345294729752692,0.0,0.14583333333333334,23.249003221187216,20000025
Cog-Heuristic,13.654730821544334,10,0.8333333333333334,0.74409683682614,0.8333333333333334,0.16666666666666663,0.7783057204355327,0.33848981456450616,0.0,0.125,24.035239822860923,20000026
Cog-Heuristic,11.876359959191056,9,0.75,0.5884834722474104,0.8333333333333334,0.25,0.7638752811471189,0.28858889220197315,0.0,0.14583333333333334,23.918236075702723,20000027
Cog-Heuristic,10.461718551049877,8,0.6666666666666666,0.5890735527586528,0.8333333333333334,0.33333333333333337,0.7474068658904631,0.3273037513750614,0.0,0.10416666666666667,23.366014843576565,20000028
Cog-Heuristic,11.473443616905636,9,0.75,0.5603446069153409,0.8333333333333334,0.25,0.7416766281346471,0.2686276908919321,0.0,0.16666666666666666,22.938538968665267,20000029
Cog-Heuristic,3.7830882063835913,4,0.3333333333333333,0.31079242677886226,0.5,0.6666666666666667,0.7311529098960409,0.29579590414230594,0.0,0.25,19.229626152599003,20000030
Cog-Heuristic,9.116589853302019,7,0.5833333333333334,0.48988116745280097,0.75,0.41666666666666663,0.7588496633689438,0.326204765842776,0.0,0.14583333333333334,22.264551389675002,20000031
Cog-Heuristic,10.276803302960758,8,0.6666666666666666,0.5428556821446905,0.75,0.33333333333333337,0.7891917128594418,0.335122126890689,0.0,0.14583333333333334,23.298495988668684,20000032
Cog-Heuristic,10.70416456460371,8,0.6666666666666666,0.5540416792994556,0.75,0.33333333333333337,0.7854761171148729,0.35257258115615325,0.0,0.14583333333333334,24.08849604063088,20000033
Cog-Heuristic,6.443563648264099,6,0.5,0.2939906854284111,0.75,0.5,0.7298185925826831,0.29887997653263815,0.0,0.14583333333333334,21.84040915709671,20000034
Cog-Heuristic,10.366244191418392,8,0.6666666666666666,0.554719490956986,0.75,0.33333333333333337,0.7458341106156183,0.3375555617299786,0.0,0.16666666666666666,23.23174657833016,20000035
Cog-Heuristic,13.141725577571664,10,0.8333333333333334,0.6743699580680451,0.9166666666666666,0.16666666666666663,0.7799887095005414,0.25688874318564664,0.0,0.14583333333333334,24.468582544531515,20000036
Cog-Heuristic,7.480193929572856,6,0.5,0.4043520597610802,0.75,0.5,0.7924010149463984,0.3529109238186554,0.0,0.14583333333333334,23.94810648116727,20000037
Cog-Heuristic,10.416974326849944,8,0.6666666666666666,0.5215006446409399,0.8333333333333334,0.33333333333333337,0.7559958392370486,0.3107099627723614,0.0,0.14583333333333334,23.118580817508754,20000038
Cog-Heuristic,8.935942704156169,7,0.5833333333333334,0.4744774832046725,0.75,0.41666666666666663,0.7623852890708527,0.31157399257287627,0.0,0.14583333333333334,23.413510384668545,20000039
Cog-Heuristic,7.419229348270841,6,0.5,0.40732985183402554,0.6666666666666666,0.5,0.7696447958182725,0.294690428296609,0.0,0.1875,22.193594175803028,20000040
Cog-Heuristic,12.763032203226114,9,0.75,0.6600187290592963,0.8333333333333334,0.25,0.8139497807517406,0.32729464757515814,0.0,0.125,24.3471729052675,20000041
Cog-Heuristic,8.46376530368617,7,0.5833333333333334,0.37674894160355227,0.8333333333333334,0.41666666666666663,0.761268024564064,0.3517584053197862,0.0,0.125,22.685333721058925,20000042
Cog-Heuristic,11.976000947387124,9,0.75,0.6134712240888037,0.8333333333333334,0.25,0.7750914457790531,0.2686182770830653,0.0,0.14583333333333334,23.42524245903281,20000043
Cog-Heuristic,7.326152265946174,6,0.5,0.3946651515056037,0.75,0.5,0.7275007495190987,0.36239300148984405,0.0,0.125,22.445502139629948,20000044
Cog-Heuristic,9.419679985888747,7,0.5833333333333334,0.5443274502821023,0.6666666666666666,0.41666666666666663,0.7527672193806497,0.30962944394197695,0.0,0.20833333333333334,22.202259160748206,20000045
Cog-Heuristic,5.002536519184803,5,0.4166666666666667,0.2731407054736645,0.6666666666666666,0.5833333333333333,0.7510381132711315,0.3263965619486506,0.0,0.20833333333333334,20.920563302208155,20000046
Cog-Heuristic,13.693875613722703,10,0.8333333333333334,0.7289764563506687,0.9166666666666666,0.16666666666666663,0.7388045986123896,0.2886249418306987,0.0,0.14583333333333334,23.81596501625085,20000047
Cog-Heuristic,9.263508198810321,7,0.5833333333333334,0.5558386135322977,0.75,0.41666666666666663,0.7649039809389651,0.2945750124513762,0.0,0.1875,23.418061615082586,20000048
Cog-Heuristic,8.406819891262199,7,0.5833333333333334,0.3972947814431926,0.8333333333333334,0.41666666666666663,0.7591952025224549,0.278725017255742,0.0,0.14583333333333334,23.082013309669673,20000049
Cog-Heuristic,8.42215403711459,7,0.5833333333333334,0.3670131948930864,0.8333333333333334,0.41666666666666663,0.7659114819218434,0.27663070074995516,0.0,0.14583333333333334,24.72523770188744,20000050
Cog-Heuristic,9.13043188554867,7,0.5833333333333334,0.45046884416621147,0.8333333333333334,0.41666666666666663,0.7945509754806744,0.31716934691840565,0.0,0.14583333333333334,24.48016838152829,20000051
Cog-Heuristic,7.192755650180601,6,0.5,0.38340802942316793,0.75,0.5,0.8082858866029398,0.3127820400146111,0.0,0.20833333333333334,23.632123223215274,20000052
Cog-Heuristic,8.736349234469364,7,0.5833333333333334,0.43814179374207474,0.8333333333333334,0.41666666666666663,0.7718209543578899,0.32558825592836704,0.0,0.125,24.661645459230385,20000053
Cog-Heuristic,12.619102748977875,9,0.75,0.6838186225832273,0.8333333333333334,0.25,0.753639225876488,0.33585239089518115,0.0,0.10416666666666667,23.36325726210919,20000054
Cog-Heuristic,8.762924406328647,7,0.5833333333333334,0.41459790825273696,0.8333333333333334,0.41666666666666663,0.7899212456261192,0.31850517825393637,0.0,0.16666666666666666,23.372506172028725,20000055
Cog-Heuristic,10.591168086823364,8,0.6666666666666666,0.5423984582269334,0.8333333333333334,0.33333333333333337,0.7692432371344612,0.30548506993600616,0.0,0.14583333333333334,23.847657797749573,20000056
Cog-Heuristic,7.582041647584964,6,0.5,0.4049717539914575,0.6666666666666666,0.5,0.7492302335523662,0.3386853255453868,0.0,0.1875,22.164257977801064,20000057
Cog-Heuristic,9.995877351520651,8,0.6666666666666666,0.5203394340155897,0.75,0.33333333333333337,0.7709299159644214,0.27158393220564725,0.0,0.1875,22.91905811146276,20000058
Cog-Heuristic,7.824139419828246,6,0.5,0.46968082228989466,0.6666666666666666,0.5,0.761966518568061,0.3537435663390771,0.0,0.16666666666666666,21.731358195491993,20000059
Cog-Heuristic,12.318134996697854,9,0.75,0.6892353748612561,0.75,0.25,0.7783660018003502,0.35842834041772714,0.0,0.125,23.397511952876307,20000060
Cog-Heuristic,9.178050086959475,7,0.5833333333333334,0.5017170954416574,0.6666666666666666,0.41666666666666663,0.7982207834768341,0.30108071438074663,0.0,0.20833333333333334,23.33779886168777,20000061
Cog-Heuristic,11.499902090192892,8,0.6666666666666666,0.6227793281236749,0.75,0.33333333333333337,0.831841650858835,0.37602129423955777,0.0,0.14583333333333334,25.667408935326286,20000062
Cog-Heuristic,6.776312067513707,6,0.5,0.36184608171456895,0.6666666666666666,0.5,0.7371859120994259,0.32127998241703043,0.0,0.16666666666666666,22.071833054881274,20000063
Cog-Heuristic,8.398396952535478,7,0.5833333333333334,0.37857171020702757,0.8333333333333334,0.41666666666666663,0.791610284510194,0.3044244208875114,0.0,0.125,24.728483456725346,20000064
Cog-Heuristic,8.761695040391023,7,0.5833333333333334,0.42821328738348763,0.75,0.41666666666666663,0.7695194441339425,0.32000856117301635,0.0,0.1875,22.654235572651796,20000065
Cog-Heuristic,12.887361609247275,9,0.75,0.6420275717213665,0.8333333333333334,0.25,0.8107213320469882,0.3419680764687807,0.0,0.14583333333333334,24.42775788161643,20000066
Cog-Heuristic,10.665712820484123,8,0.6666666666666666,0.5440951729787411,0.8333333333333334,0.33333333333333337,0.8192514430446548,0.3593006635755638,0.0,0.125,23.92419027274874,20000067
Cog-Heuristic,7.748486327294324,6,0.5,0.41924800019780334,0.75,0.5,0.759369744610193,0.3180858718720782,0.0,0.14583333333333334,24.043330924396923,20000068
Cog-Heuristic,13.795510262076185,10,0.8333333333333334,0.7580147344064616,0.8333333333333334,0.16666666666666663,0.8406126100465818,0.36048513786912384,0.0,0.14583333333333334,25.283211555816393,20000069
Cog-Heuristic,11.19046818437637,8,0.6666666666666666,0.593509076351674,0.8333333333333334,0.33333333333333337,0.8266268256868027,0.3339473854507717,0.0,0.125,26.329977938309202,20000070
Cog-Heuristic,5.352329077475892,5,0.4166666666666667,0.3190012071795076,0.6666666666666666,0.5833333333333333,0.7729731673783183,0.30532448805148255,0.0,0.1875,22.438451241086398,20000071
Cog-Heuristic,14.021169435713706,10,0.8333333333333334,0.7793681933544311,0.8333333333333334,0.16666666666666663,0.7670740145648235,0.2671843156397579,0.0,0.16666666666666666,23.104170680866783,20000072
Cog-Heuristic,8.410481742313474,7,0.5833333333333334,0.40420792218498647,0.75,0.41666666666666663,0.7725587155548127,0.2955377152339884,0.0,0.16666666666666666,23.261695351794902,20000073
Cog-Heuristic,12.573373376365279,9,0.75,0.6750289097231172,0.75,0.25,0.7524230700574019,0.2923502164497063,0.0,0.16666666666666666,23.922814911912674,20000074
Cog-Heuristic,5.75555068183134,5,0.4166666666666667,0.34366785275190903,0.6666666666666666,0.5833333333333333,0.7763751579597299,0.3368990287134331,0.0,0.14583333333333334,23.67415862398431,20000075
Cog-Heuristic,7.286187661186167,6,0.5,0.3900063694587529,0.6666666666666666,0.5,0.7418328260125099,0.3310287455197887,0.0,0.1875,21.755683858233606,20000076
Cog-Heuristic,16.094470218520232,11,0.9166666666666666,0.8528703519891024,0.9166666666666666,0.08333333333333337,0.8233074421432347,0.3084980606440812,0.0,0.14583333333333334,24.986175546300576,20000077
Cog-Heuristic,10.671923320089185,8,0.6666666666666666,0.5644039064195301,0.8333333333333334,0.33333333333333337,0.7514253729700567,0.2761955615957529,0.0,0.16666666666666666,23.621243493735044,20000078
Cog-Heuristic,12.646558462176218,9,0.75,0.6612146628959773,0.8333333333333334,0.25,0.7584567944381178,0.2977318391787312,0.0,0.16666666666666666,23.621834617079546,20000079
Cog-Heuristic,9.692331079739603,7,0.5833333333333334,0.5381738358072429,0.75,0.41666666666666663,0.8410569442918144,0.3372992640042139,0.0,0.16666666666666666,25.555684636589767,20000080
Cog-Heuristic,3.35227441732299,4,0.3333333333333333,0.22931605113572784,0.5833333333333334,0.6666666666666667,0.7442068697357499,0.31483328708085684,0.0,0.20833333333333334,20.791866246132223,20000081
Cog-Heuristic,13.812198241064392,10,0.8333333333333334,0.696219218876423,0.9166666666666666,0.16666666666666663,0.818718708554295,0.29056128279525323,0.0,0.125,26.752712252020974,20000082
Cog-Heuristic,12.36098040870218,9,0.75,0.7038512970724009,0.75,0.25,0.7626212966547304,0.33217863984621154,0.0,0.16666666666666666,24.457427091726558,20000083
Cog-Heuristic,6.59746993677202,6,0.5,0.30498898420569515,0.75,0.5,0.7459833015391366,0.30061820849046056,0.0,0.16666666666666666,21.67392225463336,20000084
Cog-Heuristic,7.257721511821076,6,0.5,0.3480557068817604,0.75,0.5,0.7956436580045242,0.3221628232752997,0.0,0.14583333333333334,23.561010072073405,20000085
Cog-Heuristic,9.189073345871227,7,0.5833333333333334,0.5056022140751464,0.75,0.41666666666666663,0.7974177235009415,0.3419554228167147,0.0,0.1875,23.22487567330414,20000086
Cog-Heuristic,12.75465458919143,9,0.75,0.7226901177428343,0.75,0.25,0.8049711315362552,0.3276756214064626,0.0,0.125,26.21908457428453,20000087
Cog-Heuristic,11.425505809717844,8,0.6666666666666666,0.5615622251793686,0.8333333333333334,0.33333333333333337,0.8151218295302979,0.33979388911112135,0.0,0.14583333333333334,25.26967733283562,20000088
Cog-Heuristic,8.152182891383346,7,0.5833333333333334,0.42862972719266584,0.75,0.41666666666666663,0.7179918094876152,0.2732529607106305,0.0,0.16666666666666666,22.096603226212064,20000089
Cog-Heuristic,8.828588664083107,7,0.5833333333333334,0.4459618520357431,0.8333333333333334,0.41666666666666663,0.7771035219386414,0.2840583136351456,0.0,0.16666666666666666,24.079632141124737,20000090
Cog-Heuristic,10.334635169027695,8,0.6666666666666666,0.5618103448971926,0.75,0.33333333333333337,0.766154238524785,0.3351746507411016,0.0,0.16666666666666666,23.526222004237333,20000091
Cog-Heuristic,9.195696288956071,7,0.5833333333333334,0.5012097827396363,0.6666666666666666,0.41666666666666663,0.7710957463625135,0.3279217808417358,0.0,0.1875,22.302393933025087,20000092
Cog-Heuristic,11.891469469004546,9,0.75,0.6272622362460968,0.8333333333333334,0.25,0.7200456661362606,0.2548227815936515,0.0,0.16666666666666666,22.548035319031875,20000093
Cog-Heuristic,10.301560564084534,8,0.6666666666666666,0.5254275850607821,0.8333333333333334,0.33333333333333337,0.742981458190472,0.3085070631375126,0.0,0.16666666666666666,22.3692831909491,20000094
Cog-Heuristic,9.130533771294713,7,0.5833333333333334,0.4853188576071651,0.6666666666666666,0.41666666666666663,0.79142617612702,0.31716667300053886,0.0,0.1875,22.31023744392995,20000095
Cog-Heuristic,10.68373448397444,8,0.6666666666666666,0.5478196129416054,0.8333333333333334,0.33333333333333337,0.7545554965514741,0.3427885538353836,0.0,0.125,24.41645666806158,20000096
Cog-Heuristic,7.208862945095552,6,0.5,0.37450244837219715,0.75,0.5,0.7282163015694264,0.29225164806447695,0.0,0.16666666666666666,21.838467272386776,20000097
Cog-Heuristic,9.243865871556723,7,0.5833333333333334,0.4846644288676992,0.75,0.41666666666666663,0.8173360860140644,0.335661613657581,0.0,0.1875,23.64083197174393,20000098
Cog-Heuristic,13.908593519540617,10,0.8333333333333334,0.714416567576429,0.8333333333333334,0.16666666666666663,0.7859727439329474,0.27719903187802547,0.0,0.14583333333333334,24.255148341578906,20000099
Cog-Heuristic,8.934639144523048,7,0.5833333333333334,0.48834262208548007,0.75,0.41666666666666663,0.8051206396456809,0.3275077200442773,0.0,0.16666666666666666,23.865207587925763,20000100
Cog-Heuristic,11.03099351936811,8,0.6666666666666666,0.5745695854407624,0.75,0.33333333333333337,0.8151556558251768,0.3402191339320985,0.0,0.16666666666666666,23.340570700250144,20000101
Cog-Heuristic,8.269906792456315,7,0.5833333333333334,0.38031924269005435,0.8333333333333334,0.41666666666666663,0.7492791474025986,0.26917056390178673,0.0,0.16666666666666666,21.768362041416776,20000102
Cog-Heuristic,10.233848075213976,8,0.6666666666666666,0.5334858933828045,0.75,0.33333333333333337,0.7295623949745798,0.29551648172496825,0.0,0.14583333333333334,22.29311172206117,20000103
Cog-Heuristic,8.858459767528883,7,0.5833333333333334,0.4630951976715367,0.75,0.41666666666666663,0.738046370365321,0.30481929030331206,0.0,0.16666666666666666,23.229654148547752,20000104
Cog-Heuristic,15.747280507497393,11,0.9166666666666666,0.8763481396211382,0.9166666666666666,0.08333333333333337,0.7748317336334555,0.3585711128364493,0.0,0.125,24.709708310309548,20000105
Cog-Heuristic,9.265010818088783,7,0.5833333333333334,0.5015574381645642,0.75,0.41666666666666663,0.7564302404714871,0.3061817234524212,0.0,0.14583333333333334,22.551365724826894,20000106
Cog-Heuristic,10.024566787227778,8,0.6666666666666666,0.48491523536495995,0.8333333333333334,0.33333333333333337,0.7573765932605047,0.3267566963930843,0.0,0.125,23.321325203624237,20000107
Cog-Heuristic,12.203862054632197,9,0.75,0.6959513399069606,0.8333333333333334,0.25,0.8043969921723164,0.31975772528703167,0.0,0.14583333333333334,24.191256518070308,20000108
Cog-Heuristic,5.948112558976021,5,0.4166666666666667,0.34703817759570676,0.6666666666666666,0.5833333333333333,0.7310601630757622,0.3304457180758912,0.0,0.16666666666666666,22.615933100266666,20000109
Cog-Heuristic,8.624938946714082,7,0.5833333333333334,0.41127764140568124,0.75,0.41666666666666663,0.7661735334441918,0.32118551263231554,0.0,0.14583333333333334,24.410091100463735,20000110
Cog-Heuristic,10.446358296147897,8,0.6666666666666666,0.5457776629545409,0.75,0.33333333333333337,0.765633774523201,0.3027382832692431,0.0,0.16666666666666666,23.618228990206035,20000111
Cog-Heuristic,11.658909754869821,8,0.6666666666666666,0.6532964488848012,0.6666666666666666,0.33333333333333337,0.8362988195295643,0.3593655495588399,0.0,0.16666666666666666,24.763435081740845,20000112
Cog-Heuristic,9.96912951348967,8,0.6666666666666666,0.4764465679204399,0.8333333333333334,0.33333333333333337,0.7310723165917383,0.27456706532991926,0.0,0.14583333333333334,23.683151069344124,20000113
Cog-Heuristic,5.306719703478631,5,0.4166666666666667,0.2993208305668986,0.6666666666666666,0.5833333333333333,0.7270352237990564,0.3040613958447271,0.0,0.20833333333333334,20.868997477890986,20000114
Cog-Heuristic,7.496636824511501,6,0.5,0.4029699925190053,0.75,0.5,0.7972480615543521,0.32124472558325295,0.0,0.16666666666666666,24.55809891716731,20000115
Cog-Heuristic,10.649061052502741,8,0.6666666666666666,0.5868812474338181,0.8333333333333334,0.33333333333333337,0.8115437678790256,0.2979247583220494,0.0,0.16666666666666666,25.09652272843502,20000116
Cog-Heuristic,10.33934562747979,8,0.6666666666666666,0.5792647901551805,0.75,0.33333333333333337,0.7517281574073493,0.32875752457947677,0.0,0.16666666666666666,23.486234009077272,20000117
Cog-Heuristic,10.174765189580555,8,0.6666666666666666,0.5055395162364378,0.75,0.33333333333333337,0.7237824174492937,0.33661992062324786,0.0,0.125,22.507174363270384,20000118
Cog-Heuristic,9.4050362595176,7,0.5833333333333334,0.4940017213080762,0.75,0.41666666666666663,0.7701105519844108,0.32255935439834654,0.0,0.14583333333333334,24.016719302892138,20000119
Cog-Heuristic,8.887936737604262,7,0.5833333333333334,0.4482034387007302,0.75,0.41666666666666663,0.8289586922079116,0.333741578181809,0.0,0.14583333333333334,24.31404911919022,20000120
Cog-Heuristic,1.7960838918462847,3,0.25,0.17847227138948296,0.5833333333333334,0.75,0.7223319347140252,0.3109631563773481,0.0,0.20833333333333334,20.42801113357782,20000121
Cog-Heuristic,8.59048334666443,7,0.5833333333333334,0.5018473263412675,0.6666666666666666,0.41666666666666663,0.6855999509274402,0.3227240299612061,0.0,0.14583333333333334,21.516554069105908,20000122
Cog-Heuristic,11.48606821611908,9,0.75,0.5580255250662239,0.8333333333333334,0.25,0.7381890541650437,0.3542007854356403,0.0,0.10416666666666667,23.411385060240075,20000123
Cog-Heuristic,12.177477963863515,9,0.75,0.6070569783813935,0.9166666666666666,0.25,0.7710313128134342,0.32885258000954315,0.0,0.125,24.34726682970554,20000124
Cog-Heuristic,11.73637758290969,9,0.75,0.5851201879577043,0.8333333333333334,0.25,0.7767613627450934,0.3110575174258958,0.0,0.14583333333333334,24.551956351843415,20000125
Cog-Heuristic,9.38113463297423,7,0.5833333333333334,0.5474633024914225,0.6666666666666666,0.41666666666666663,0.7467392502826127,0.3160585255764116,0.0,0.1875,22.209946339610248,20000126
Cog-Heuristic,7.38345617921434,6,0.5,0.39183825019392765,0.75,0.5,0.7739674888712541,0.32012801576728594,0.0,0.14583333333333334,23.463338090888683,20000127
Cog-Heuristic,9.921727126230712,8,0.6666666666666666,0.47532089377908726,0.8333333333333334,0.33333333333333337,0.7419833837288007,0.2888374818649924,0.0,0.14583333333333334,22.85412534621073,20000128
Cog-Heuristic,8.662912151291891,7,0.5833333333333334,0.44744828225307776,0.75,0.41666666666666663,0.7589620376388866,0.31162326956121555,0.0,0.16666666666666666,23.24804652212556,20000129
Cog-Heuristic,13.960108402466433,10,0.8333333333333334,0.7262316595939903,0.8333333333333334,0.16666666666666663,0.7674517429178215,0.34257755865584355,0.0,0.125,24.58419263071469,20000130
Cog-Heuristic,9.630131192179652,7,0.5833333333333334,0.5308728990000914,0.75,0.41666666666666663,0.8176660744442069,0.29715702521825876,0.0,0.1875,24.6684438789661,20000131
Cog-Heuristic,8.476996688695314,7,0.5833333333333334,0.45162191478112484,0.75,0.41666666666666663,0.7302553207399806,0.2914858847386354,0.0,0.14583333333333334,23.097882662288097,20000132
Cog-Heuristic,13.954469332703587,10,0.8333333333333334,0.7387606903405846,0.9166666666666666,0.16666666666666663,0.7468583777437487,0.2958026231407904,0.0,0.125,23.99827300182454,20000133
Cog-Heuristic,8.539572124155562,7,0.5833333333333334,0.44757559850317363,0.75,0.41666666666666663,0.7549742195959358,0.3122378449522263,0.0,0.14583333333333334,23.899426632193794,20000134
Cog-Heuristic,13.000114563793314,9,0.75,0.7043697794133729,0.8333333333333334,0.25,0.8574307544164882,0.36812922980312884,0.0,0.14583333333333334,25.737066173534007,20000135
Cog-Heuristic,12.277251209089375,9,0.75,0.6104504307467321,0.8333333333333334,0.25,0.7474058061022274,0.358943309162253,0.0,0.125,23.144910650522146,20000136
Cog-Heuristic,14.190712209581342,10,0.8333333333333334,0.744723640314481,0.8333333333333334,0.16666666666666663,0.7942803691538173,0.2951731228582766,0.0,0.16666666666666666,23.564565951193515,20000137
Cog-Heuristic,5.121170519732106,5,0.4166666666666667,0.29300606318410016,0.6666666666666666,0.5833333333333333,0.7339142355930212,0.3110452958755506,0.0,0.20833333333333334,20.080925690504436,20000138
Cog-Heuristic,8.300070586199432,7,0.5833333333333334,0.4206163463801997,0.75,0.41666666666666663,0.7288948412622093,0.2867293252446949,0.0,0.16666666666666666,21.455414948557827,20000139
Cog-Heuristic,11.545064068892525,9,0.75,0.633400524193513,0.8333333333333334,0.25,0.7528864253039448,0.28821915196677655,0.0,0.14583333333333334,24.13662814599348,20000140
Cog-Heuristic,9.293247369247231,7,0.5833333333333334,0.4699278810590689,0.75,0.41666666666666663,0.7750262119540267,0.3213959901355558,0.0,0.14583333333333334,23.236915597444895,20000141
Cog-Heuristic,6.499306439399351,6,0.5,0.3446974110042466,0.6666666666666666,0.5,0.714113930891262,0.30937475486858546,0.0,0.16666666666666666,21.72910180180179,20000142
Cog-Heuristic,7.348588558868231,6,0.5,0.3867437835695187,0.6666666666666666,0.5,0.7410012488402113,0.3033119895994878,0.0,0.1875,21.269572671203434,20000143
Cog-Heuristic,12.591555615929025,9,0.75,0.6822604306828428,0.8333333333333334,0.25,0.7977803004647906,0.3351659528521859,0.0,0.125,24.324260977251452,20000144
Cog-Heuristic,12.546117481826832,9,0.75,0.6833526857842109,0.8333333333333334,0.25,0.7845762048455845,0.3215718339005542,0.0,0.14583333333333334,23.70447100952358,20000145
Cog-Heuristic,7.418002758601169,6,0.5,0.40854774033077823,0.75,0.5,0.7424392044462821,0.2842584206187593,0.0,0.16666666666666666,22.27245331527352,20000146
Cog-Heuristic,11.600080332157017,9,0.75,0.6146620820937472,0.75,0.25,0.741518413870606,0.2802515057362553,0.0,0.16666666666666666,22.2181193326333,20000147
Cog-Heuristic,5.761582608887466,5,0.4166666666666667,0.33862438754501195,0.75,0.5833333333333333,0.7524998717654481,0.30954023801775027,0.0,0.16666666666666666,22.382619558205935,20000148
Cog-Heuristic,9.963326560134712,7,0.5833333333333334,0.6405646363704072,0.75,0.41666666666666663,0.8198374304335627,0.3911853398905238,0.0,0.125,25.119912552484205,20000149
Cog-Heuristic,8.210557843765692,7,0.5833333333333334,0.4287845146410583,0.75,0.41666666666666663,0.7427548786684767,0.26582852355362313,0.0,0.16666666666666666,22.16613388856043,20000150
Cog-Heuristic,10.040169481100714,8,0.6666666666666666,0.5204856315373011,0.8333333333333334,0.33333333333333337,0.7376462375628342,0.3143332656855448,0.0,0.125,23.02984626209895,20000151
Cog-Heuristic,7.145337989654372,6,0.5,0.41360853002238157,0.6666666666666666,0.5,0.7626061299546762,0.31933508928212245,0.0,0.1875,21.53178721046784,20000152
Cog-Heuristic,12.624121797944557,9,0.75,0.681076872425854,0.8333333333333334,0.25,0.7906960563993138,0.3127923327657007,0.0,0.14583333333333334,23.65095010116631,20000153
Cog-Heuristic,14.265072390974762,10,0.8333333333333334,0.7718924763414122,0.8333333333333334,0.16666666666666663,0.8384068238977438,0.3245023843204858,0.0,0.16666666666666666,24.767165431682173,20000154
Cog-Heuristic,8.505412325815742,7,0.5833333333333334,0.42110503535499705,0.75,0.41666666666666663,0.746262810354947,0.2691922250873024,0.0,0.16666666666666666,21.66313410160498,20000155
Cog-Heuristic,10.754398520164258,8,0.6666666666666666,0.5652079479325169,0.75,0.33333333333333337,0.7615337168856661,0.3459738495576468,0.0,0.16666666666666666,22.758114654886363,20000156
Cog-Heuristic,10.52563361066489,8,0.6666666666666666,0.5096339905835502,0.8333333333333334,0.33333333333333337,0.788196803071127,0.32677584284867633,0.0,0.14583333333333334,24.046287254898623,20000157
Cog-Heuristic,7.015750198340328,6,0.5,0.3523721315662943,0.75,0.5,0.7937745552829606,0.3035515916064805,0.0,0.16666666666666666,23.17695035967936,20000158
Cog-Heuristic,7.285807077593432,6,0.5,0.35252762211500943,0.75,0.5,0.7322317147730684,0.3184421790688332,0.0,0.14583333333333334,22.743468964208184,20000159
Cog-Heuristic,10.18456491310181,8,0.6666666666666666,0.4742733796481496,0.8333333333333334,0.33333333333333337,0.7669365862971772,0.31430204660866434,0.0,0.14583333333333334,24.818467764568556,20000160
Cog-Heuristic,11.90567719109574,9,0.75,0.6251766294382887,0.8333333333333334,0.25,0.7798947463571775,0.2688468463311123,0.0,0.16666666666666666,24.287710668909906,20000161
Cog-Heuristic,5.355474106862065,5,0.4166666666666667,0.3112048903623779,0.6666666666666666,0.5833333333333333,0.7515917561289592,0.2993323481823847,0.0,0.1875,22.30364545170841,20000162
Cog-Heuristic,12.423419943977006,9,0.75,0.6845061200580619,0.75,0.25,0.7491484344398383,0.3004184050484509,0.0,0.14583333333333334,24.15748044771844,20000163
Cog-Heuristic,10.922609673728168,8,0.6666666666666666,0.5740352946270262,0.6666666666666666,0.33333333333333337,0.7760544323760028,0.3146801274850819,0.0,0.1875,22.200710390852475,20000164
Cog-Heuristic,13.78152949211731,10,0.8333333333333334,0.7647603172304964,0.8333333333333334,0.16666666666666663,0.8101354011397229,0.3323929885892318,0.0,0.14583333333333334,24.4869256550278,20000165
Cog-Heuristic,11.015073670514848,8,0.6666666666666666,0.5796619517388903,0.8333333333333334,0.33333333333333337,0.8271311809864687,0.3421332474497319,0.0,0.14583333333333334,26.099411169104254,20000166
Cog-Heuristic,9.848888844142905,8,0.6666666666666666,0.48265281056383036,0.8333333333333334,0.33333333333333337,0.7278822014786807,0.2884085746060891,0.0,0.125,22.397623933099894,20000167
Cog-Heuristic,8.863273727866583,7,0.5833333333333334,0.4514646222680538,0.75,0.41666666666666663,0.717731389703062,0.3279118993314553,0.0,0.14583333333333334,21.717254839003324,20000168
Cog-Heuristic,12.216579620879347,9,0.75,0.623354074557774,0.8333333333333334,0.25,0.7913940930386727,0.33163470669141565,0.0,0.14583333333333334,24.05872133470503,20000169
Cog-Heuristic,4.923390645099272,5,0.4166666666666667,0.2695853941290216,0.6666666666666666,0.5833333333333333,0.7281902642518604,0.30501468029122863,0.0,0.16666666666666666,21.964023317995096,20000170
Cog-Heuristic,12.425336842042269,9,0.75,0.6194701433004307,0.9166666666666666,0.25,0.815886194626084,0.29359979587374724,0.0,0.16666666666666666,25.11625611455667,20000171
Cog-Heuristic,12.244853273049088,9,0.75,0.676936092500986,0.8333333333333334,0.25,0.8137335749395191,0.3276257899509574,0.0,0.14583333333333334,25.09651917635595,20000172
Cog-Heuristic,10.84067940974775,8,0.6666666666666666,0.5213199107286325,0.8333333333333334,0.33333333333333337,0.7694329648501342,0.3258131014417767,0.0,0.14583333333333334,24.024964346161873,20000173
Cog-Heuristic,12.696490727339272,9,0.75,0.674279336687592,0.8333333333333334,0.25,0.8111758719959932,0.3266194794800492,0.0,0.14583333333333334,24.33885524457308,20000174
Cog-Heuristic,8.260243954438614,7,0.5833333333333334,0.42683588627877567,0.75,0.41666666666666663,0.7065089765282456,0.2971749034184572,0.0,0.14583333333333334,21.984720070660522,20000175
Cog-Heuristic,8.62172611808918,7,0.5833333333333334,0.4038085968143188,0.8333333333333334,0.41666666666666663,0.7443704210277278,0.32306666780924304,0.0,0.125,24.09721325217999,20000176
Cog-Heuristic,10.775969589377835,8,0.6666666666666666,0.5653026518048468,0.8333333333333334,0.33333333333333337,0.7913145608067421,0.3276505877458901,0.0,0.14583333333333334,24.970927122674194,20000177
Cog-Heuristic,9.06501472430356,7,0.5833333333333334,0.5018089655277428,0.75,0.41666666666666663,0.8058004744176767,0.33880003965773153,0.0,0.14583333333333334,24.170937562137897,20000178
Cog-Heuristic,5.199875265016862,5,0.4166666666666667,0.2560976491193131,0.75,0.5833333333333333,0.7583313688340002,0.3223886364034655,0.0,0.14583333333333334,23.210257434394574,20000179
Cog-Heuristic,9.212251885064072,7,0.5833333333333334,0.5317735663090855,0.6666666666666666,0.41666666666666663,0.7528405270653611,0.3115307885020781,0.0,0.16666666666666666,22.305602794029426,20000180
Cog-Heuristic,10.081441834809997,8,0.6666666666666666,0.43897727636754347,0.9166666666666666,0.33333333333333337,0.7748657105001385,0.32365448714889056,0.0,0.10416666666666667,24.557847477106012,20000181
Cog-Heuristic,13.017705559474907,9,0.75,0.7000879284779038,0.75,0.25,0.7853130301859524,0.32119484222016614,0.0,0.1875,22.794263898687266,20000182
Cog-Heuristic,5.25195870564147,5,0.4166666666666667,0.28678545596822885,0.6666666666666666,0.5833333333333333,0.7256629610222437,0.308621326116624,0.0,0.16666666666666666,21.489921083682386,20000183
Cog-Heuristic,8.145487757494008,7,0.5833333333333334,0.3932698050322462,0.75,0.41666666666666663,0.7420824910325919,0.2904253707930819,0.0,0.16666666666666666,23.104890545467153,20000184
Cog-Heuristic,14.321104323282865,10,0.8333333333333334,0.7576979955862565,0.8333333333333334,0.16666666666666663,0.7909284702408007,0.3042020388947336,0.0,0.16666666666666666,23.302760808207154,20000185
Cog-Heuristic,10.116960531122848,8,0.6666666666666666,0.477719393211058,0.8333333333333334,0.33333333333333337,0.7564410319525341,0.2644633940765156,0.0,0.14583333333333334,23.801271658548114,20000186
Cog-Heuristic,7.489429019932695,6,0.5,0.41423109009574943,0.6666666666666666,0.5,0.7673705468160744,0.33513662193653815,0.0,0.16666666666666666,22.44727545523323,20000187
Cog-Heuristic,12.195076383576367,9,0.75,0.6620631827223252,0.75,0.25,0.7948429128604914,0.35716495657950276,0.0,0.125,24.857537389208673,20000188
Cog-Heuristic,6.955578069864458,6,0.5,0.3447300498789262,0.75,0.5,0.7446834118669073,0.28191986736805524,0.0,0.16666666666666666,22.43984098034954,20000189
Cog-Heuristic,14.30329614596102,10,0.8333333333333334,0.7798878496221773,0.8333333333333334,0.16666666666666663,0.8095714437936224,0.36036245460079436,0.0,0.14583333333333334,24.02454143586666,20000190
Cog-Heuristic,16.25699965658639,12,1.0,1.0,1.0,0.0,0.8095199080473318,0.2653073765737544,0.0,0.22916666666666666,22.642499141465983,20000191
Cog-Heuristic,8.89333417476412,7,0.5833333333333334,0.4982443592127624,0.75,0.41666666666666663,0.7947764638074033,0.3404223197588221,0.0,0.14583333333333334,24.026116767922062,20000192
Cog-Heuristic,9.268146076359695,7,0.5833333333333334,0.4942674061910156,0.75,0.41666666666666663,0.8420142763655148,0.3268070758854382,0.0,0.16666666666666666,25.290539869057806,20000193
Cog-Heuristic,7.229980357557807,6,0.5,0.3590171231361986,0.75,0.5,0.7755288343986623,0.35629045118692854,0.0,0.16666666666666666,22.670543709024162,20000194
Cog-Heuristic,10.517952136859986,8,0.6666666666666666,0.5322544157558301,0.75,0.33333333333333337,0.7634044610390366,0.3403066156973901,0.0,0.14583333333333334,23.469412740256455,20000195
Cog-Heuristic,10.966733313522536,8,0.6666666666666666,0.5645881697249936,0.8333333333333334,0.33333333333333337,0.8092646554669137,0.3185713734171389,0.0,0.14583333333333334,24.872727181687715,20000196
Cog-Heuristic,9.051495573478478,7,0.5833333333333334,0.4708433698587942,0.75,0.41666666666666663,0.7637640999413909,0.3193221952856465,0.0,0.14583333333333334,22.991549344741124,20000197
Cog-Heuristic,8.401356826068085,7,0.5833333333333334,0.41735384483841365,0.75,0.41666666666666663,0.7676889266171507,0.2726696791464471,0.0,0.1875,22.715804645623628,20000198
Cog-Heuristic,4.981962952810859,5,0.4166666666666667,0.2729067743314724,0.6666666666666666,0.5833333333333333,0.7489008190600234,0.30942586312318654,0.0,0.16666666666666666,22.038688081304883,20000199
Cog-Heuristic,10.459278275994938,8,0.6666666666666666,0.5245646793145973,0.75,0.33333333333333337,0.7777947158126194,0.37202649978168534,0.0,0.125,24.530793510516045,20000200
Cog-Heuristic,8.634677257942881,7,0.5833333333333334,0.4506731267834255,0.6666666666666666,0.41666666666666663,0.7533931896090338,0.2723225926877919,0.0,0.1875,22.551650978846116,20000201
Cog-Heuristic,6.8772419471278825,6,0.5,0.3356569230098442,0.75,0.5,0.7883221388203173,0.3188253202483752,0.0,0.16666666666666666,22.762770267740493,20000202
Cog-Heuristic,11.870380300094137,9,0.75,0.6183489634683421,0.8333333333333334,0.25,0.7832046535592516,0.32242470348495106,0.0,0.14583333333333334,23.376402242174436,20000203
Cog-Heuristic,8.965725770844086,7,0.5833333333333334,0.4645384253435034,0.75,0.41666666666666663,0.7421746839143916,0.2801549980407065,0.0,0.16666666666666666,23.068287121519493,20000204
Cog-Heuristic,12.555209764718473,9,0.75,0.6623922987629847,0.9166666666666666,0.25,0.7767487501328801,0.3106678305817605,0.0,0.125,25.129275920375154,20000205
Cog-Heuristic,5.096129618126866,5,0.4166666666666667,0.2569095418791492,0.6666666666666666,0.5833333333333333,0.757315363132908,0.31768798923669495,0.0,0.1875,22.173568034332618,20000206
Cog-Heuristic,5.841695520509524,5,0.4166666666666667,0.3158996731052699,0.75,0.5833333333333333,0.7679982796657591,0.29038967728031934,0.0,0.1875,23.26282614136781,20000207
Cog-Heuristic,7.331080549500221,6,0.5,0.3853306834681361,0.75,0.5,0.7962927812399746,0.3015157327988041,0.0,0.16666666666666666,24.163287022558432,20000208
Cog-Heuristic,9.13161705530979,7,0.5833333333333334,0.4754874079498781,0.75,0.41666666666666663,0.7659339837021891,0.3231373455399522,0.0,0.14583333333333334,23.485141139963403,20000209
Cog-Heuristic,15.868377390428872,11,0.9166666666666666,0.8964834784118206,0.9166666666666666,0.08333333333333337,0.842648620519043,0.3192989848694863,0.0,0.125,26.192021872073614,20000210
Cog-Heuristic,10.389014206552527,8,0.6666666666666666,0.5245899874393913,0.8333333333333334,0.33333333333333337,0.7246232557128173,0.2708169501876289,0.0,0.16666666666666666,22.900437638262076,20000211
Cog-Heuristic,8.396212870205837,7,0.5833333333333334,0.41656006256613987,0.8333333333333334,0.41666666666666663,0.756254898050534,0.28972910082271897,0.0,0.125,24.507961622245663,20000212
Cog-Heuristic,11.993492446513024,9,0.75,0.5854566380752462,0.8333333333333334,0.25,0.7971404998366284,0.33218140620961467,0.0,0.125,24.92392559171726,20000213
Cog-Heuristic,6.849936544398972,6,0.5,0.39144110605598853,0.6666666666666666,0.5,0.7073637839774197,0.30793464481287286,0.0,0.1875,21.41380865939342,20000214
Cog-Heuristic,11.458293607268557,8,0.6666666666666666,0.6391030364479797,0.75,0.33333333333333337,0.8257128279007953,0.38489789842855743,0.0,0.14583333333333334,24.299486054481907,20000215
Cog-Heuristic,8.285732194926844,7,0.5833333333333334,0.41489374670234486,0.75,0.41666666666666663,0.7481053901846844,0.30067671833348836,0.0,0.14583333333333334,23.375826861714813,20000216
Cog-Heuristic,15.956258345785084,11,0.9166666666666666,0.8686182199383675,0.9166666666666666,0.08333333333333337,0.8223945495095157,0.3360036035736916,0.0,0.125,25.348267304753975,20000217
Cog-Heuristic,10.040015079563297,8,0.6666666666666666,0.5217133052772166,0.8333333333333334,0.33333333333333337,0.7507360584957651,0.2913551029868336,0.0,0.16666666666666666,22.95108748844305,20000218
Cog-Heuristic,8.635149382817737,7,0.5833333333333334,0.41830703775875444,0.8333333333333334,0.41666666666666663,0.7357108467170693,0.30421732134005786,0.0,0.16666666666666666,23.026165615821668,20000219
Cog-Heuristic,8.26834128678759,7,0.5833333333333334,0.4401437463786182,0.75,0.41666666666666663,0.7273220344156895,0.2574326669755804,0.0,0.16666666666666666,22.482114666416855,20000220
Cog-Heuristic,14.100186126036967,10,0.8333333333333334,0.7885939790903718,0.8333333333333334,0.16666666666666663,0.830826111879699,0.31973360391225886,0.0,0.16666666666666666,24.78249125347026,20000221
Cog-Heuristic,10.17327055492287,8,0.6666666666666666,0.4800701800392613,0.8333333333333334,0.33333333333333337,0.7561911810231393,0.33459021122952376,0.0,0.125,23.775545282490274,20000222
Cog-Heuristic,11.971644902467753,9,0.75,0.6029176533662839,0.8333333333333334,0.25,0.77753601010222,0.3350885750753701,0.0,0.14583333333333334,23.487696719196272,20000223
Cog-Heuristic,8.851397992948556,7,0.5833333333333334,0.46022215547809076,0.75,0.41666666666666663,0.7361153496164207,0.327631620315112,0.0,0.125,23.002897767214556,20000224
Cog-Heuristic,12.464349790786132,9,0.75,0.6204407002086195,0.9166666666666666,0.25,0.7964610418308427,0.35875437126252785,0.0,0.125,25.273671884095116,20000225
Cog-Heuristic,13.095657979586974,9,0.75,0.6599983492870682,0.8333333333333334,0.25,0.8032829121666533,0.3105063594044074,0.0,0.16666666666666666,25.125593131916414,20000226
Cog-Heuristic,11.950325160944749,9,0.75,0.6232751675166921,0.8333333333333334,0.25,0.7853544052180895,0.33363498585769724,0.0,0.10416666666666667,24.542321059048838,20000227
Cog-Heuristic,8.416607238445732,7,0.5833333333333334,0.3874766811136882,0.8333333333333334,0.41666666666666663,0.7766265438391406,0.33298644623017326,0.0,0.14583333333333334,23.7535130716228,20000228
Cog-Heuristic,6.052346601442224,5,0.4166666666666667,0.35385866497237367,0.75,0.5833333333333333,0.8104225832000109,0.35083752909290605,0.0,0.125,24.867950202608647,20000229
Cog-Heuristic,9.213309962520311,7,0.5833333333333334,0.45579706948772203,0.8333333333333334,0.41666666666666663,0.7861931487499284,0.3236484231892102,0.0,0.125,25.057691324813756,20000230
Cog-Heuristic,10.084544386722515,8,0.6666666666666666,0.5263925932774997,0.75,0.33333333333333337,0.7617898090608546,0.3726190891101712,0.0,0.125,22.686429691288538,20000231
Cog-Heuristic,4.987338413135396,5,0.4166666666666667,0.26328736786055223,0.6666666666666666,0.5833333333333333,0.7219665236179892,0.2743167827083477,0.0,0.16666666666666666,21.817710999345856,20000232
Cog-Heuristic,12.552813707592012,9,0.75,0.6751385519987061,0.75,0.25,0.743822022710868,0.2917742505078729,0.0,0.16666666666666666,23.369253900825093,20000233
Cog-Heuristic,6.73637825264192,6,0.5,0.3552107085687263,0.6666666666666666,0.5,0.7353923963621413,0.25349520961501093,0.0,0.22916666666666666,21.32199097073563,20000234
Cog-Heuristic,11.58172813229812,9,0.75,0.6064033237738624,0.8333333333333334,0.25,0.7303278947957117,0.2672552360858958,0.0,0.1875,22.55881555823269,20000235
Cog-Heuristic,14.57551001444767,10,0.8333333333333334,0.7760516925731151,0.9166666666666666,0.16666666666666663,0.8263125088817738,0.3378355832386233,0.0,0.125,25.44204211762801,20000236
Cog-Heuristic,7.807747098367388,6,0.5,0.4555535125379535,0.6666666666666666,0.5,0.8331976701344276,0.3280965753650464,0.0,0.16666666666666666,24.65264102051713,20000237
Cog-Heuristic,14.8637425107611,10,0.8333333333333334,0.7657531345335549,0.8333333333333334,0.16666666666666663,0.8004677928895655,0.33529269595630157,0.0,0.14583333333333334,25.349160462254893,20000238
Cog-Heuristic,9.657698138280374,7,0.5833333333333334,0.5198998347488465,0.75,0.41666666666666663,0.8139719626294069,0.35909873802206,0.0,0.14583333333333334,24.357317839518,20000239
Cog-Heuristic,10.889784626929652,8,0.6666666666666666,0.6057927660489404,0.6666666666666666,0.33333333333333337,0.771067632933962,0.3525309933515275,0.0,0.16666666666666666,23.116378735618742,20000240
Cog-Heuristic,9.174173337702198,7,0.5833333333333334,0.4724934687542642,0.75,0.41666666666666663,0.7628863350533984,0.35615659325194143,0.0,0.14583333333333334,23.101092790506506,20000241
Cog-Heuristic,13.110207354059094,10,0.8333333333333334,0.7069423976254863,0.9166666666666666,0.16666666666666663,0.7649263879064131,0.3075462312483764,0.0,0.10416666666666667,23.717222296280173,20000242
Cog-Heuristic,9.624759876468152,7,0.5833333333333334,0.5618412458621649,0.6666666666666666,0.41666666666666663,0.7536598620254366,0.31747155622132595,0.0,0.1875,22.471433083720587,20000243
Cog-Heuristic,14.490046042334049,10,0.8333333333333334,0.8019067316123569,0.8333333333333334,0.16666666666666663,0.8283898461955418,0.3083177882289625,0.0,0.125,25.660499257283337,20000244
Cog-Heuristic,10.719996996847676,8,0.6666666666666666,0.5671502247484392,0.75,0.33333333333333337,0.7925932594046169,0.31682860302184207,0.0,0.14583333333333334,25.49181933537102,20000245
Cog-Heuristic,10.900911311598549,8,0.6666666666666666,0.6034716865729702,0.8333333333333334,0.33333333333333337,0.7833358804775953,0.37844292993639644,0.0,0.125,24.78236404479227,20000246
Cog-Heuristic,10.586218710327286,8,0.6666666666666666,0.5093301694506963,0.8333333333333334,0.33333333333333337,0.7902517280324961,0.3285110924859927,0.0,0.14583333333333334,24.44618729376555,20000247
Cog-Heuristic,17.695278836533717,12,1.0,1.0,1.0,0.0,0.8882513003988545,0.29334298406701403,0.0,0.16666666666666666,26.238197091334296,20000248
Cog-Heuristic,9.455914223828112,7,0.5833333333333334,0.5346645038546037,0.75,0.41666666666666663,0.8068129119294077,0.35334297369501516,0.0,0.16666666666666666,22.929540119973,20000249
Cog-Heuristic,10.201665491710452,8,0.6666666666666666,0.5102589755457557,0.8333333333333334,0.33333333333333337,0.7739246668980367,0.33548593910877544,0.0,0.125,24.813339508075174,20000250
Cog-Heuristic,14.232857284842277,10,0.8333333333333334,0.7603877843715761,0.8333333333333334,0.16666666666666663,0.7541211464426286,0.3118878369139055,0.0,0.14583333333333334,23.762455217070155,20000251
Cog-Heuristic,13.759403292450978,10,0.8333333333333334,0.728300790472111,0.8333333333333334,0.16666666666666663,0.7948686946057034,0.2963588103623101,0.0,0.14583333333333334,24.948405193636095,20000252
Cog-Heuristic,8.997427474091529,7,0.5833333333333334,0.45315019185310207,0.75,0.41666666666666663,0.7589263364641331,0.2826859924403637,0.0,0.16666666666666666,22.178428634173663,20000253
Cog-Heuristic,11.133476356989096,8,0.6666666666666666,0.5634510914319263,0.8333333333333334,0.33333333333333337,0.8392188002156562,0.3360060481794336,0.0,0.14583333333333334,24.575701070121603,20000254
Cog-Heuristic,7.224262637502436,6,0.5,0.4131261694708326,0.6666666666666666,0.5,0.7496616603544656,0.33401052403506704,0.0,0.16666666666666666,22.363665998983286,20000255
Cog-Heuristic,9.167421036440123,7,0.5833333333333334,0.4599101210939426,0.75,0.41666666666666663,0.759742147294331,0.3449808410567341,0.0,0.125,23.279089014109946,20000256
Cog-Heuristic,10.351591673214278,8,0.6666666666666666,0.5759882440040116,0.75,0.33333333333333337,0.7316580549120966,0.31960516026441027,0.0,0.125,22.77379498644405,20000257
Cog-Heuristic,8.322598873728111,7,0.5833333333333334,0.43253134449294267,0.75,0.41666666666666663,0.7676767697224172,0.28478234096780736,0.0,0.1875,21.574708217667613,20000258
Cog-Heuristic,8.619347051185665,7,0.5833333333333334,0.46147750312241376,0.75,0.41666666666666663,0.7532364258484635,0.3246131538623272,0.0,0.16666666666666666,23.01563876928623,20000259
Cog-Heuristic,9.209063944585445,7,0.5833333333333334,0.5085261735538518,0.6666666666666666,0.41666666666666663,0.7550032746225391,0.3401956541968902,0.0,0.16666666666666666,22.078656388502186,20000260
Cog-Heuristic,7.5340756229564025,6,0.5,0.402523348772508,0.6666666666666666,0.5,0.8280250544467594,0.3529084120834614,0.0,0.1875,23.52659536053406,20000261
Cog-Heuristic,8.871139142026717,7,0.5833333333333334,0.4589072233340891,0.75,0.41666666666666663,0.8089477992610643,0.36697298340667933,0.0,0.14583333333333334,24.21489381693079,20000262
Cog-Heuristic,11.574502744572793,9,0.75,0.607725945235933,0.8333333333333334,0.25,0.7659297567052502,0.24679696710551502,0.0,0.16666666666666666,24.34958913856425,20000263
Cog-Heuristic,6.888735539719628,6,0.5,0.31501888506028014,0.75,0.5,0.7727554699600327,0.3205926691334581,0.0,0.16666666666666666,23.204462066220884,20000264
Cog-Heuristic,13.6168005472469,10,0.8333333333333334,0.7414764090537421,0.9166666666666666,0.16666666666666663,0.7468839854084819,0.2569766489216622,0.0,0.16666666666666666,23.222891989702056,20000265
Cog-Heuristic,13.563072206616956,10,0.8333333333333334,0.7249622738955646,0.8333333333333334,0.16666666666666663,0.7850040352379519,0.3317746185614119,0.0,0.125,24.134078718153546,20000266
Cog-Heuristic,5.849595190301966,5,0.4166666666666667,0.3371483495703131,0.6666666666666666,0.5833333333333333,0.7574811989423816,0.34472939049259854,0.0,0.16666666666666666,22.486043762951194,20000267
Cog-Heuristic,7.078479050146002,6,0.5,0.3470615641872021,0.75,0.5,0.7703834463623515,0.3019149466040838,0.0,0.1875,22.80835675778024,20000268
Cog-Heuristic,9.454263913266894,7,0.5833333333333334,0.5320000518704666,0.75,0.41666666666666663,0.8095082687765193,0.34036996480423437,0.0,0.14583333333333334,24.40789972037152,20000269
Cog-Heuristic,8.095571527052073,7,0.5833333333333334,0.3936144998160544,0.75,0.41666666666666663,0.7464400251446488,0.2691878303459572,0.0,0.16666666666666666,22.914002174802174,20000270
Cog-Heuristic,14.597877200639715,10,0.8333333333333334,0.7898917055254481,0.8333333333333334,0.16666666666666663,0.809613961671201,0.3200261244424205,0.0,0.125,25.478631623722837,20000271
Cog-Heuristic,11.930302310756925,9,0.75,0.6063540388318632,0.8333333333333334,0.25,0.7651351585769386,0.2567645769337407,0.0,0.16666666666666666,24.11953091785281,20000272
Cog-Heuristic,16.44762091696536,11,0.9166666666666666,0.85667081478089,0.9166666666666666,0.08333333333333337,0.8087855973217059,0.3293526735512024,0.0,0.14583333333333334,25.869052292413404,20000273
Cog-Heuristic,10.219003766142155,8,0.6666666666666666,0.5256112374389356,0.75,0.33333333333333337,0.7670633107546464,0.3448871464821777,0.0,0.14583333333333334,23.57727280241356,20000274
Cog-Heuristic,6.6935195456272805,6,0.5,0.3148264844072419,0.8333333333333334,0.5,0.7565158457831843,0.32613190420331367,0.0,0.14583333333333334,23.22347195225194,20000275
Cog-Heuristic,12.436292447906384,9,0.75,0.6320493872719308,0.75,0.25,0.7555612392898081,0.2777752019273694,0.0,0.16666666666666666,22.690844567745305,20000276
Cog-Heuristic,8.552982383851578,7,0.5833333333333334,0.4138833967405221,0.75,0.41666666666666663,0.7162750331143256,0.33024477778985434,0.0,0.125,21.71157685069838,20000277
Cog-Heuristic,8.635680972525476,7,0.5833333333333334,0.41450264437456597,0.75,0.41666666666666663,0.7278256098952043,0.2906846341424874,0.0,0.1875,21.778644339928334,20000278
Cog-Heuristic,6.773726551047928,6,0.5,0.34172766357346185,0.75,0.5,0.7262676062569193,0.2930984504586122,0.0,0.1875,21.680457185688255,20000279
Cog-Heuristic,11.673983849712869,9,0.75,0.6248442078416921,0.9166666666666666,0.25,0.7670115931308228,0.28546438557052195,0.0,0.14583333333333334,24.68537999618493,20000280
Cog-Heuristic,10.388133572486945,8,0.6666666666666666,0.5379928864380534,0.8333333333333334,0.33333333333333337,0.7642453046027292,0.3105882120977321,0.0,0.16666666666666666,22.819983827879774,20000281
Cog-Heuristic,10.658463404236675,8,0.6666666666666666,0.5598423346177965,0.75,0.33333333333333337,0.8238960844032017,0.3074350746235268,0.0,0.16666666666666666,23.967379929680558,20000282
Cog-Heuristic,13.339254909465428,10,0.8333333333333334,0.7141956786211926,0.8333333333333334,0.16666666666666663,0.7716981263641758,0.3005028633230122,0.0,0.16666666666666666,23.938768760946903,20000283
Cog-Heuristic,8.637746115705621,7,0.5833333333333334,0.4900111246731384,0.6666666666666666,0.41666666666666663,0.7244856776952143,0.31941686330899993,0.0,0.14583333333333334,21.90016641757315,20000284
Cog-Heuristic,10.462620631737154,8,0.6666666666666666,0.5708029576779783,0.75,0.33333333333333337,0.7117710947585926,0.2720465119957079,0.0,0.16666666666666666,22.567178947922553,20000285
Cog-Heuristic,7.91773140491518,6,0.5,0.4405470210692772,0.6666666666666666,0.5,0.7715582568184641,0.3380866226409791,0.0,0.1875,22.473536527795893,20000286
Cog-Heuristic,15.147654690644632,11,0.9166666666666666,0.8331260482561131,0.9166666666666666,0.08333333333333337,0.7850393225248915,0.2992069259233436,0.0,0.125,24.995773370262732,20000287
Cog-Heuristic,8.552179008825329,7,0.5833333333333334,0.4171974977782152,0.8333333333333334,0.41666666666666663,0.7343753635046383,0.28673766482473145,0.0,0.125,23.049361253101154,20000288
Cog-Heuristic,10.388106109155686,8,0.6666666666666666,0.4926770601004009,0.9166666666666666,0.33333333333333337,0.777205623757395,0.25602356663867165,0.0,0.16666666666666666,25.1756859831982,20000289
Cog-Heuristic,7.015017024503724,6,0.5,0.333193666397213,0.75,0.5,0.752642574596924,0.3016902171926034,0.0,0.14583333333333334,24.033094886132535,20000290
Cog-Heuristic,10.460392974073443,8,0.6666666666666666,0.5219524316776702,0.9166666666666666,0.33333333333333337,0.79467051956808,0.2978835662409813,0.0,0.16666666666666666,24.42704089267946,20000291
Cog-Heuristic,6.818533129176632,6,0.5,0.38667034045993176,0.6666666666666666,0.5,0.7440215737265602,0.33355607943087867,0.0,0.14583333333333334,22.191159887969835,20000292
Cog-Heuristic,12.029422981769711,9,0.75,0.6609044327033715,0.75,0.25,0.767746681750029,0.2795503400561116,0.0,0.1875,22.72436583556173,20000293
Cog-Heuristic,8.94589189954902,7,0.5833333333333334,0.47910089383355264,0.6666666666666666,0.41666666666666663,0.7612203449433331,0.353251901640437,0.0,0.14583333333333334,22.561399304674257,20000294
Cog-Heuristic,8.606757388536911,7,0.5833333333333334,0.44009702344481055,0.75,0.41666666666666663,0.7400482823052473,0.27779651871788025,0.0,0.1875,22.676767941068398,20000295
Cog-Heuristic,9.365639349749506,7,0.5833333333333334,0.5000558575190099,0.75,0.41666666666666663,0.8027490866407491,0.3435401974983027,0.0,0.14583333333333334,23.829911217004717,20000296
Cog-Heuristic,10.077153965625799,8,0.6666666666666666,0.49855876302112634,0.8333333333333334,0.33333333333333337,0.7730407412058776,0.2673059283275064,0.0,0.20833333333333334,22.21094922460774,20000297
Cog-Heuristic,4.70775566804035,5,0.4166666666666667,0.1944494811628147,0.75,0.5833333333333333,0.7388627913169544,0.3090118273701103,0.0,0.14583333333333334,21.904634253685686,20000298
Cog-Heuristic,11.648718360224215,9,0.75,0.5592887435790597,0.9166666666666666,0.25,0.7861293420272343,0.25486013046789524,0.0,0.1875,23.281595688433644,20000299
Cog-Heuristic,11.612726887928437,8,0.6666666666666666,0.6160947000174959,0.75,0.33333333333333337,0.8074647534810909,0.3625747219587206,0.0,0.14583333333333334,24.705631461552723,20000300
Cog-Heuristic,10.19549420067897,8,0.6666666666666666,0.5343590386620881,0.8333333333333334,0.33333333333333337,0.7816808659117408,0.3439073236169041,0.0,0.14583333333333334,22.548410484078552,20000301
Cog-Heuristic,7.638600178942445,6,0.5,0.43277172815681253,0.6666666666666666,0.5,0.7549754710699182,0.2831053123345661,0.0,0.20833333333333334,21.684790550551217,20000302
Cog-Heuristic,10.655776226988204,8,0.6666666666666666,0.5749122746155345,0.8333333333333334,0.33333333333333337,0.7917143337314781,0.29156971837517126,0.0,0.16666666666666666,23.468441885714963,20000303
Cog-Heuristic,13.955589013548682,10,0.8333333333333334,0.7989505017968654,0.9166666666666666,0.16666666666666663,0.8068758679457471,0.33422844720346095,0.0,0.10416666666666667,25.021048597320338,20000304
Cog-Heuristic,15.416622315378396,11,0.9166666666666666,0.829884234063746,1.0,0.08333333333333337,0.7890033079970794,0.282018617060208,0.0,0.125,25.372741397584093,20000305
Cog-Heuristic,10.408846609292645,8,0.6666666666666666,0.5956179494984796,0.8333333333333334,0.33333333333333337,0.7694250795040256,0.3081515285392993,0.0,0.125,24.276255488772662,20000306
Cog-Heuristic,8.595199950858657,7,0.5833333333333334,0.4267744592637493,0.75,0.41666666666666663,0.7355437523155244,0.33708976403543445,0.0,0.16666666666666666,21.965378445127204,20000307
Cog-Heuristic,7.811469170725021,6,0.5,0.4526702099551981,0.75,0.5,0.7883198722773358,0.3629272179669993,0.0,0.14583333333333334,23.8167741057776,20000308
Cog-Heuristic,7.834471712487574,6,0.5,0.406089167690036,0.75,0.5,0.8184609818419691,0.34756741787775686,0.0,0.16666666666666666,24.072643058544596,20000309
Cog-Heuristic,12.004133741551682,9,0.75,0.6401854150076576,0.9166666666666666,0.25,0.7957293485022511,0.3057234796047445,0.0,0.14583333333333334,24.320058286433415,20000310
Cog-Heuristic,10.3547739183334,8,0.6666666666666666,0.5089903279733133,0.8333333333333334,0.33333333333333337,0.7612212643267467,0.30450834751374783,0.0,0.16666666666666666,22.698540263779556,20000311
Cog-Heuristic,8.391611027996111,7,0.5833333333333334,0.40984429339539036,0.75,0.41666666666666663,0.7689119802895142,0.28871441750275295,0.0,0.16666666666666666,23.928850424838934,20000312
Cog-Heuristic,5.337674924871459,5,0.4166666666666667,0.26494688554953605,0.75,0.5833333333333333,0.7830019742306932,0.3398304106545733,0.0,0.14583333333333334,22.246911775536656,20000313
Cog-Heuristic,10.722677073473895,8,0.6666666666666666,0.5731540536221815,0.8333333333333334,0.33333333333333337,0.7563214368076295,0.33178321444851827,0.0,0.14583333333333334,23.141345055620977,20000314
Cog-Heuristic,8.602000248362403,7,0.5833333333333334,0.43458889202739875,0.75,0.41666666666666663,0.8106898192480295,0.3100504787550408,0.0,0.1875,23.790489501450068,20000315
Cog-Heuristic,11.083129941538754,8,0.6666666666666666,0.5911399307665731,0.6666666666666666,0.33333333333333337,0.7623497413807389,0.3405737887387594,0.0,0.16666666666666666,21.72420321660238,20000316
Cog-Heuristic,10.663935066584662,8,0.6666666666666666,0.5547643307070456,0.8333333333333334,0.33333333333333337,0.8106890774124501,0.28686867424045476,0.0,0.14583333333333334,25.48815869574865,20000317
Cog-Heuristic,6.020915887046553,5,0.4166666666666667,0.3445234980051775,0.75,0.5833333333333333,0.8094918702038075,0.3491288888065178,0.0,0.16666666666666666,23.45346572672028,20000318
Cog-Heuristic,5.60597689897336,5,0.4166666666666667,0.3301451104145307,0.6666666666666666,0.5833333333333333,0.7706133020594851,0.35510768952140476,0.0,0.14583333333333334,23.102954298271186,20000319
Cog-Heuristic,6.976375305261676,6,0.5,0.3558822494113438,0.6666666666666666,0.5,0.7673008099746976,0.2970394137650426,0.0,0.1875,22.3744942595239,20000320
Cog-Heuristic,13.666773861503595,10,0.8333333333333334,0.7603328025977458,0.8333333333333334,0.16666666666666663,0.7389118554708638,0.31236466219929276,0.0,0.125,23.578802242478872,20000321
Cog-Heuristic,8.712190634497523,7,0.5833333333333334,0.47727835756164444,0.6666666666666666,0.41666666666666663,0.7400805913399576,0.31165504132341487,0.0,0.14583333333333334,22.391892907982132,20000322
Cog-Heuristic,5.712269961701142,5,0.4166666666666667,0.3263927143845573,0.75,0.5833333333333333,0.7868381512354174,0.31063680545011874,0.0,0.16666666666666666,24.07081594630205,20000323
Cog-Heuristic,9.65485467235115,7,0.5833333333333334,0.5276174436674427,0.8333333333333334,0.41666666666666663,0.8018324186741147,0.333938762227261,0.0,0.125,24.910518497027848,20000324
Cog-Heuristic,10.531375069708618,8,0.6666666666666666,0.5775678424359038,0.8333333333333334,0.33333333333333337,0.757615378124903,0.34564060182013007,0.0,0.10416666666666667,23.825013097681197,20000325
Cog-Heuristic,11.382947527673585,8,0.6666666666666666,0.5998537591855637,0.6666666666666666,0.33333333333333337,0.7490296763633184,0.3456180042861972,0.0,0.1875,21.99482022898113,20000326
Cog-Heuristic,13.861093235230904,10,0.8333333333333334,0.7180745029385069,0.8333333333333334,0.16666666666666663,0.7679609450915655,0.28373895231519225,0.0,0.14583333333333334,25.274182675182082,20000327
Cog-Heuristic,10.380820241647548,8,0.6666666666666666,0.527023352274012,0.75,0.33333333333333337,0.7793181865403804,0.3405152153342419,0.0,0.14583333333333334,23.481629891851536,20000328
Cog-Heuristic,5.048549117993267,5,0.4166666666666667,0.26293124179272337,0.6666666666666666,0.5833333333333333,0.765094739117481,0.32206946332597264,0.0,0.16666666666666666,21.783673918214,20000329
Cog-Heuristic,10.03760885946434,8,0.6666666666666666,0.5232091267741417,0.75,0.33333333333333337,0.7362169553306798,0.29568717554766294,0.0,0.14583333333333334,23.34872192265456,20000330
Cog-Heuristic,10.392138459703103,8,0.6666666666666666,0.5147431757725197,0.9166666666666666,0.33333333333333337,0.8471685312908822,0.36210666924015517,0.0,0.10416666666666667,26.906347612194413,20000331
Cog-Heuristic,11.877442137996605,9,0.75,0.6034008743365735,0.8333333333333334,0.25,0.7678368900696929,0.29337056347965335,0.0,0.125,24.559054796947983,20000332
Cog-Heuristic,7.917428652920346,7,0.5833333333333334,0.39109077345011656,0.75,0.41666666666666663,0.7376388512775103,0.29177358823584415,0.0,0.1875,21.549143303229414,20000333
Cog-Heuristic,10.944222735960803,8,0.6666666666666666,0.6235620092256641,0.6666666666666666,0.33333333333333337,0.760661012775563,0.3080628413016684,0.0,0.1875,22.718445425127126,20000334
Cog-Heuristic,8.941879546553096,7,0.5833333333333334,0.49332082539239624,0.75,0.41666666666666663,0.7735507888365237,0.2955064730807424,0.0,0.1875,23.02878402604228,20000335
Cog-Heuristic,7.299469976601458,6,0.5,0.3697749539373021,0.75,0.5,0.7921165166551815,0.38840083355065785,0.0,0.14583333333333334,23.662471752533115,20000336
Cog-Heuristic,10.640368750068077,8,0.6666666666666666,0.5595420250406646,0.75,0.33333333333333337,0.7933019413503558,0.3508756591889814,0.0,0.14583333333333334,23.85798197102772,20000337
Cog-Heuristic,16.232807702814554,11,0.9166666666666666,0.8671011612788134,0.9166666666666666,0.08333333333333337,0.8159052399090356,0.3063169532961664,0.0,0.14583333333333334,26.07412281709096,20000338
Cog-Heuristic,12.360501098337123,9,0.75,0.6482731035856821,0.8333333333333334,0.25,0.8016028573801383,0.32254321004637737,0.0,0.14583333333333334,24.59328458048482,20000339
Cog-Heuristic,8.802185899457177,7,0.5833333333333334,0.49257822434170634,0.6666666666666666,0.41666666666666663,0.72529815220975,0.3204826291478831,0.0,0.1875,21.022753478979297,20000340
Cog-Heuristic,14.35965886127925,10,0.8333333333333334,0.773253063044652,0.8333333333333334,0.16666666666666663,0.8101055913332668,0.32839191205929463,0.0,0.16666666666666666,23.39914715319813,20000341
Cog-Heuristic,13.697642499585333,10,0.8333333333333334,0.7563367911479572,0.8333333333333334,0.16666666666666663,0.7652660915474216,0.3505099824778528,0.0,0.14583333333333334,21.74410624896333,20000342
Cog-Heuristic,10.750228175294126,8,0.6666666666666666,0.554798600667037,0.75,0.33333333333333337,0.7292859826425331,0.2973357211839575,0.0,0.14583333333333334,22.36427150949328,20000343
Cog-Heuristic,10.219088771170037,8,0.6666666666666666,0.5147229625358845,0.75,0.33333333333333337,0.7093172475563124,0.3021170977549897,0.0,0.14583333333333334,21.73659385550887,20000344
Cog-Heuristic,7.402282841482331,6,0.5,0.4068080999672295,0.6666666666666666,0.5,0.7736981792200709,0.32768305111956025,0.0,0.14583333333333334,23.21847075663522,20000345
Cog-Heuristic,6.939389222773848,6,0.5,0.3483007931951674,0.75,0.5,0.758521859393778,0.28524321435515404,0.0,0.1875,22.172613166780017,20000346
Cog-Heuristic,9.321035140967062,7,0.5833333333333334,0.48810437439957965,0.8333333333333334,0.41666666666666663,0.7818482955406352,0.3349519216654942,0.0,0.14583333333333334,24.352293151619527,20000347
Cog-Heuristic,8.911842346350683,7,0.5833333333333334,0.4317256596377056,0.75,0.41666666666666663,0.8104103401064368,0.3460594114220929,0.0,0.125,24.40138949076435,20000348
Cog-Heuristic,17.473160722863984,12,1.0,1.0,1.0,0.0,0.8383872520454504,0.34900940657182616,0.0,0.10416666666666667,25.682901807159947,20000349
Cog-Heuristic,5.7946336453679015,5,0.4166666666666667,0.3204116704109605,0.75,0.5833333333333333,0.7742590511586723,0.36186447082809403,0.0,0.16666666666666666,22.765859379147297,20000350
Cog-Heuristic,9.092948967174044,7,0.5833333333333334,0.49717537325765954,0.75,0.41666666666666663,0.7734397091960266,0.3250888290079243,0.0,0.14583333333333334,22.855198926394664,20000351
Cog-Heuristic,8.893430888848426,7,0.5833333333333334,0.46578186525324855,0.8333333333333334,0.41666666666666663,0.7550552697042723,0.31958527731032743,0.0,0.14583333333333334,23.236697841402773,20000352
Cog-Heuristic,8.930271221658458,7,0.5833333333333334,0.4606934809343159,0.75,0.41666666666666663,0.764928278951366,0.31140962103246284,0.0,0.14583333333333334,23.676820450285327,20000353
Cog-Heuristic,8.833002195438784,7,0.5833333333333334,0.4348728253460609,0.8333333333333334,0.41666666666666663,0.7327528234908227,0.268015447623071,0.0,0.16666666666666666,23.294861527081736,20000354
Cog-Heuristic,10.073470424904855,8,0.6666666666666666,0.5180182886332677,0.8333333333333334,0.33333333333333337,0.7539700653965143,0.32989812381144756,0.0,0.125,24.432117834087418,20000355
Cog-Heuristic,12.535076785699856,9,0.75,0.6631761517913434,0.8333333333333334,0.25,0.7912083684645185,0.33413158586454444,0.0,0.125,25.112954792115968,20000356
Cog-Heuristic,8.861762441544952,7,0.5833333333333334,0.4803668411007435,0.75,0.41666666666666663,0.7885537039598441,0.2972306738972809,0.0,0.1875,22.993192763861053,20000357
Cog-Heuristic,15.332460804813206,11,0.9166666666666666,0.8430214131776023,1.0,0.08333333333333337,0.7878306870634443,0.2769384622481852,0.0,0.14583333333333334,24.98491751292079,20000358
Cog-Heuristic,16.06215947402953,11,0.9166666666666666,0.8751202952640644,0.9166666666666666,0.08333333333333337,0.8183945622165968,0.3171487902857207,0.0,0.125,25.561115691630317,20000359
Cog-Heuristic,12.04207594507796,9,0.75,0.622239096554747,0.8333333333333334,0.25,0.7742151565034091,0.2739628203614519,0.0,0.1875,23.03432277756623,20000360
Cog-Heuristic,5.451751392344258,5,0.4166666666666667,0.27829992778003254,0.75,0.5833333333333333,0.7664064727510738,0.30220336227042843,0.0,0.14583333333333334,24.193446828060765,20000361
Cog-Heuristic,8.861765208208702,7,0.5833333333333334,0.4459471344611006,0.75,0.41666666666666663,0.7695611522293371,0.3351709340431886,0.0,0.16666666666666666,22.778806882762503,20000362
Cog-Heuristic,5.756724361644206,5,0.4166666666666667,0.28785037193789975,0.75,0.5833333333333333,0.7707924925265507,0.34794492103311053,0.0,0.16666666666666666,23.364380392417136,20000363
Cog-Heuristic,6.710155389398594,6,0.5,0.35291659237300704,0.6666666666666666,0.5,0.7294932086504167,0.284935162056275,0.0,0.1875,22.29096272093247,20000364
Cog-Heuristic,5.1017543067997675,5,0.4166666666666667,0.3261587604870714,0.5833333333333334,0.5833333333333333,0.7304024247593041,0.2704173460627976,0.0,0.20833333333333334,20.366995610393467,20000365
Cog-Heuristic,9.844776088309482,7,0.5833333333333334,0.533789659396841,0.6666666666666666,0.41666666666666663,0.7736250062151232,0.35897950218012636,0.0,0.14583333333333334,23.73048146061654,20000366
Cog-Heuristic,8.595373611481829,7,0.5833333333333334,0.3856837884431871,0.8333333333333334,0.41666666666666663,0.7616520391176538,0.33708066120943836,0.0,0.125,23.921345290032622,20000367
Cog-Heuristic,8.564613085707661,7,0.5833333333333334,0.4375693184533894,0.8333333333333334,0.41666666666666663,0.7721484121954689,0.2888726253098524,0.0,0.14583333333333334,23.89138107450282,20000368
Cog-Heuristic,9.583221001676598,7,0.5833333333333334,0.5018386173957772,0.75,0.41666666666666663,0.8075132844569048,0.3559448973224037,0.0,0.1875,23.22453288878696,20000369
Cog-Heuristic,9.898357700947887,8,0.6666666666666666,0.5098786811795449,0.75,0.33333333333333337,0.7471117876436745,0.26682828394480146,0.0,0.1875,21.780069119938013,20000370
Cog-Heuristic,8.76225913287697,7,0.5833333333333334,0.4391308946368094,0.75,0.41666666666666663,0.7890019941638574,0.30404602065918596,0.0,0.1875,22.914693759225994,20000371
Cog-Heuristic,5.53962479811121,5,0.4166666666666667,0.3074973903430582,0.6666666666666666,0.5833333333333333,0.7700609239916814,0.3070358436005967,0.0,0.1875,22.103599595420917,20000372
Cog-Heuristic,15.317157347425645,11,0.9166666666666666,0.8470775743093452,0.9166666666666666,0.08333333333333337,0.781046184659831,0.2991071481501378,0.0,0.14583333333333334,24.272049493443102,20000373
Cog-Heuristic,10.521560919372716,8,0.6666666666666666,0.5176898662069973,0.8333333333333334,0.33333333333333337,0.7381472427872771,0.34169487582795965,0.0,0.125,23.232065412978294,20000374
Cog-Heuristic,9.391468105399499,7,0.5833333333333334,0.504585390085431,0.8333333333333334,0.41666666666666663,0.828127384693572,0.3530389709789019,0.0,0.125,24.173021809823588,20000375
Cog-Heuristic,11.90582283280155,9,0.75,0.6106855119253857,0.8333333333333334,0.25,0.7540748041343938,0.2646936056154187,0.0,0.1875,23.081971238905794,20000376
Cog-Heuristic,8.351507704892324,7,0.5833333333333334,0.42363950697194996,0.75,0.41666666666666663,0.7220501667323004,0.2892261729737908,0.0,0.16666666666666666,21.73834030565698,20000377
Cog-Heuristic,10.486953152138186,8,0.6666666666666666,0.5375570291067434,0.75,0.33333333333333337,0.7365566354277512,0.32324468030173237,0.0,0.14583333333333334,22.793856815916367,20000378
Cog-Heuristic,9.942079566042507,8,0.6666666666666666,0.4827397682564665,0.8333333333333334,0.33333333333333337,0.7924480760653255,0.31099737619833184,0.0,0.14583333333333334,23.12983229887371,20000379
Cog-Heuristic,11.97168584297705,9,0.75,0.6062857008121092,0.8333333333333334,0.25,0.7775138791537173,0.32981878702052825,0.0,0.125,24.307893062473575,20000380
Cog-Heuristic,5.6174630799345495,5,0.4166666666666667,0.31442590161758244,0.6666666666666666,0.5833333333333333,0.7639242153321004,0.3035049023745117,0.0,0.1875,22.127126505129493,20000381
Cog-Heuristic,15.205085407763866,11,0.9166666666666666,0.8247587964879989,0.9166666666666666,0.08333333333333337,0.8323412969785723,0.3300879863569168,0.0,0.125,25.4960937400691,20000382
Cog-Heuristic,10.368350229964737,8,0.6666666666666666,0.5014081643506231,0.8333333333333334,0.33333333333333337,0.7521338344299261,0.31732884983881554,0.0,0.14583333333333334,23.46397786946736,20000383
Cog-Heuristic,9.355720811859626,7,0.5833333333333334,0.4942191933281607,0.8333333333333334,0.41666666666666663,0.7675058923216719,0.29979576525954593,0.0,0.14583333333333334,24.623573837806298,20000384
Cog-Heuristic,8.224062114699633,7,0.5833333333333334,0.3592972628664708,0.8333333333333334,0.41666666666666663,0.770331702308997,0.2604854509585531,0.0,0.16666666666666666,23.367343328682665,20000385
Cog-Heuristic,7.127126101989191,6,0.5,0.39752231486325074,0.6666666666666666,0.5,0.7421632680997506,0.29621399158334255,0.0,0.1875,21.044439431762846,20000386
Cog-Heuristic,13.942193954062795,10,0.8333333333333334,0.7457789782992822,0.8333333333333334,0.16666666666666663,0.8119131920398989,0.3337391076909479,0.0,0.125,24.90110944766238,20000387
Cog-Heuristic,15.55773207133284,11,0.9166666666666666,0.8874413006884836,0.9166666666666666,0.08333333333333337,0.8180398104940961,0.3063971868721491,0.0,0.14583333333333334,24.27268496045123,20000388
Cog-Heuristic,11.212168715234727,8,0.6666666666666666,0.6228975063768253,0.8333333333333334,0.33333333333333337,0.8619029611452534,0.3507000781493665,0.0,0.14583333333333334,26.994489429964638,20000389
Cog-Heuristic,12.547272715402963,9,0.75,0.6495686529380776,0.8333333333333334,0.25,0.8033996704129388,0.3438021480276358,0.0,0.10416666666666667,25.06380177663113,20000390
Cog-Heuristic,8.700510156362418,7,0.5833333333333334,0.45630399237339897,0.8333333333333334,0.41666666666666663,0.7978158329129911,0.3524423834815791,0.0,0.125,24.291066328189988,20000391
Cog-Heuristic,12.31876143124736,9,0.75,0.6540287144530846,0.8333333333333334,0.25,0.7760457944850933,0.3177806720865111,0.0,0.14583333333333334,23.98330908617567,20000392
Cog-Heuristic,9.246468107475799,7,0.5833333333333334,0.4771832058334536,0.75,0.41666666666666663,0.8000294275305383,0.3066968636120963,0.0,0.16666666666666666,24.895090169599385,20000393
Cog-Heuristic,9.598953635262951,7,0.5833333333333334,0.5134425604397369,0.6666666666666666,0.41666666666666663,0.7790667217279156,0.3273226698372192,0.0,0.1875,21.927900694988395,20000394
Cog-Heuristic,14.363789893015834,10,0.8333333333333334,0.7704879260355053,0.8333333333333334,0.16666666666666663,0.8049353027109355,0.3313302289363122,0.0,0.16666666666666666,24.901405056170375,20000395
Cog-Heuristic,8.25216123851449,7,0.5833333333333334,0.4380720976953915,0.75,0.41666666666666663,0.7332721369311149,0.2575185152826696,0.0,0.1875,22.734095341489724,20000396
Cog-Heuristic,15.712101844627682,11,0.9166666666666666,0.8888703956687699,0.9166666666666666,0.08333333333333337,0.7538594657879293,0.33851483039840896,0.0,0.125,24.03025461156921,20000397
Cog-Heuristic,11.453742559351062,9,0.75,0.5639039519462097,0.9166666666666666,0.25,0.7581932146768485,0.33324409731477767,0.0,0.10416666666666667,24.806099648834582,20000398
Cog-Heuristic,10.202560057903385,8,0.6666666666666666,0.4875341493856373,0.8333333333333334,0.33333333333333337,0.7426224228256308,0.3137520884399149,0.0,0.16666666666666666,23.1640651941277,20000399
Cog-Heuristic,8.379862202101902,7,0.5833333333333334,0.4245408624339147,0.8333333333333334,0.41666666666666663,0.7429711474687934,0.2787427487340288,0.0,0.16666666666666666,22.252419829665428,20000400
Cog-Heuristic,9.699115631159968,7,0.5833333333333334,0.5395314554678471,0.6666666666666666,0.41666666666666663,0.7827640439624363,0.3155973856760344,0.0,0.1875,23.08026482959132,20000401
Cog-Heuristic,3.592934835164523,4,0.3333333333333333,0.24520865392111377,0.5833333333333334,0.6666666666666667,0.7408623558034387,0.30319432984222366,0.0,0.1875,21.26649902291286,20000402
Cog-Heuristic,9.427098369187908,7,0.5833333333333334,0.5289806479878172,0.6666666666666666,0.41666666666666663,0.7467526990778363,0.34010360387260724,0.0,0.1875,22.124913067989,20000403
Cog-Heuristic,6.464177971825625,6,0.5,0.35181569133967,0.6666666666666666,0.5,0.7046449055021267,0.3203650374368753,0.0,0.16666666666666666,20.352526377226347,20000404
Cog-Heuristic,5.735628433764081,5,0.4166666666666667,0.3748652894633961,0.5833333333333334,0.5833333333333333,0.7455432381168743,0.2641223336279172,0.0,0.22916666666666666,21.364979593899072,20000405
Cog-Heuristic,12.74225424801453,9,0.75,0.647915957226557,0.8333333333333334,0.25,0.816937141072365,0.34830514378885247,0.0,0.14583333333333334,24.289347826482448,20000406
Cog-Heuristic,10.855870893604976,8,0.6666666666666666,0.5542740839703876,0.8333333333333334,0.33333333333333337,0.7985480225575544,0.3329548483575939,0.0,0.14583333333333334,25.3726285826575,20000407
Cog-Heuristic,6.83267799816396,6,0.5,0.3245574226313276,0.8333333333333334,0.5,0.7415332809435146,0.2736163994600895,0.0,0.16666666666666666,23.966621968033344,20000408
Cog-Heuristic,10.80112236788334,8,0.6666666666666666,0.5459154040091416,0.8333333333333334,0.33333333333333337,0.8052436630349865,0.3778032821755715,0.0,0.125,25.185591376821552,20000409
Cog-Heuristic,8.340413146288148,7,0.5833333333333334,0.4021412583363995,0.8333333333333334,0.41666666666666663,0.7814286196666641,0.293419523300304,0.0,0.14583333333333334,23.245675269840866,20000410
Cog-Heuristic,8.533817749294068,7,0.5833333333333334,0.4257946102883307,0.75,0.41666666666666663,0.7474466952112486,0.28744897105183703,0.0,0.14583333333333334,22.49039023920442,20000411
Cog-Heuristic,5.61528168278809,5,0.4166666666666667,0.3634325184660272,0.6666666666666666,0.5833333333333333,0.7727729126294962,0.30689446094649414,0.0,0.20833333333333334,22.31501070308766,20000412
Cog-Heuristic,10.359116273213534,8,0.6666666666666666,0.5571911245841431,0.8333333333333334,0.33333333333333337,0.7793139032310323,0.25936493541840205,0.0,0.1875,23.257315678871247,20000413
Cog-Heuristic,8.756695368382633,7,0.5833333333333334,0.4727233911785812,0.75,0.41666666666666663,0.7634782527523623,0.31380279179121584,0.0,0.16666666666666666,22.883107084480223,20000414
Cog-Heuristic,10.640963360746353,8,0.6666666666666666,0.598396862434903,0.75,0.33333333333333337,0.8275243363425909,0.31854215650722933,0.0,0.16666666666666666,24.175485295043895,20000415
Cog-Heuristic,6.653472312365347,6,0.5,0.33805353458690196,0.75,0.5,0.7411475648067603,0.3323328161685796,0.0,0.16666666666666666,22.416523406492843,20000416
Cog-Heuristic,8.220102035261798,7,0.5833333333333334,0.41253765790363783,0.75,0.41666666666666663,0.7771547385790379,0.2838329059522147,0.0,0.14583333333333334,22.747686722242044,20000417
Cog-Heuristic,10.344148244225794,8,0.6666666666666666,0.5448155161192105,0.9166666666666666,0.33333333333333337,0.7709752070787501,0.28914647958742146,0.0,0.14583333333333334,23.691630512169297,20000418
Cog-Heuristic,8.521526273095018,7,0.5833333333333334,0.4553534068483685,0.6666666666666666,0.41666666666666663,0.7568915060593272,0.29926740389120693,0.0,0.22916666666666666,20.804474623722133,20000419
Cog-Heuristic,16.082241194356435,11,0.9166666666666666,0.8592895854049483,1.0,0.08333333333333337,0.8288777182937815,0.3688669178935234,0.0,0.10416666666666667,26.90340076084178,20000420
Cog-Heuristic,7.7018912091003955,6,0.5,0.4422593369297194,0.6666666666666666,0.5,0.770099617650617,0.3192087747669783,0.0,0.20833333333333334,21.90704964030019,20000421
Cog-Heuristic,12.165781792724077,9,0.75,0.6231943822593955,0.8333333333333334,0.25,0.7595695170398195,0.27099241374595695,0.0,0.16666666666666666,24.374457226030707,20000422
Cog-Heuristic,11.277679031977938,9,0.75,0.5745486926002403,0.8333333333333334,0.25,0.7580474288144723,0.2901662496872799,0.0,0.14583333333333334,23.156039618275933,20000423
Cog-Heuristic,7.230963367940726,6,0.5,0.3899085997700913,0.75,0.5,0.7479249743685686,0.3168371374994234,0.0,0.16666666666666666,22.107144723142298,20000424
Cog-Heuristic,5.409687155934354,5,0.4166666666666667,0.2624705458999091,0.75,0.5833333333333333,0.7360663858914446,0.3202120689701288,0.0,0.16666666666666666,22.401457502054964,20000425
Cog-Heuristic,14.2128695051347,10,0.8333333333333334,0.7539338551397055,0.8333333333333334,0.16666666666666663,0.8031302607185052,0.3251934575300665,0.0,0.16666666666666666,23.75834329257104,20000426
Cog-Heuristic,14.104398256825688,10,0.8333333333333334,0.7494201384651809,0.8333333333333334,0.16666666666666663,0.8249552322313445,0.2796233178791179,0.0,0.1875,24.34593103381432,20000427
Cog-Heuristic,12.730650644167117,9,0.75,0.6696550848195644,0.8333333333333334,0.25,0.8052746409331847,0.35922031712749386,0.0,0.125,24.73417765647394,20000428
Cog-Heuristic,13.386086773925006,10,0.8333333333333334,0.6929976712677246,0.9166666666666666,0.16666666666666663,0.7866194334759564,0.30933148314465414,0.0,0.125,24.042464273235137,20000429
Cog-Heuristic,15.60218889416827,11,0.9166666666666666,0.8897326688725851,0.9166666666666666,0.08333333333333337,0.7784583253851506,0.3089441062309175,0.0,0.14583333333333334,23.755472235420683,20000430
Cog-Heuristic,9.097190693444077,7,0.5833333333333334,0.5051091053120508,0.75,0.41666666666666663,0.7439636419876537,0.30998751528634627,0.0,0.16666666666666666,23.05359757667484,20000431
Cog-Heuristic,12.50506680368147,9,0.75,0.7057296851915801,0.8333333333333334,0.25,0.8092060330752373,0.3449521650908423,0.0,0.125,25.085292871163777,20000432
Cog-Heuristic,5.378153525173618,5,0.4166666666666667,0.32725810994199234,0.6666666666666666,0.5833333333333333,0.7562466532344043,0.35007884294741304,0.0,0.14583333333333334,21.570624851093783,20000433
Cog-Heuristic,10.404738085691164,8,0.6666666666666666,0.549174936959945,0.75,0.33333333333333337,0.7795994618160984,0.3256257562077307,0.0,0.16666666666666666,23.750864977522006,20000434
Cog-Heuristic,10.506601606042466,8,0.6666666666666666,0.6009459776265408,0.75,0.33333333333333337,0.8227016863924094,0.34572993839385413,0.0,0.125,25.410208149378935,20000435
Cog-Heuristic,14.128613648313436,10,0.8333333333333334,0.8301642378986454,0.8333333333333334,0.16666666666666663,0.8180845230727026,0.3537644978104771,0.0,0.10416666666666667,26.092332120663272,20000436
Cog-Heuristic,10.126036469711561,8,0.6666666666666666,0.49302916699554356,0.8333333333333334,0.33333333333333337,0.8089583329794704,0.32466674776904236,0.0,0.125,24.567008056225248,20000437
Cog-Heuristic,10.198729373061813,8,0.6666666666666666,0.5601566263407969,0.6666666666666666,0.33333333333333337,0.7214788243730936,0.2530869604042,0.0,0.22916666666666666,20.851548672307676,20000438
Cog-Heuristic,7.62694529788429,6,0.5,0.4067752280536294,0.6666666666666666,0.5,0.7501976040995101,0.3144234937390759,0.0,0.1875,21.805639347066098,20000439
Cog-Heuristic,13.438673773894934,10,0.8333333333333334,0.7522010937459938,0.9166666666666666,0.16666666666666663,0.7506324186942693,0.29957790017218905,0.0,0.125,23.802211929488546,20000440
Cog-Heuristic,4.952777768361094,5,0.4166666666666667,0.23841250264384306,0.6666666666666666,0.5833333333333333,0.7376699880828834,0.26628365541498256,0.0,0.25,20.129205831946404,20000441
Cog-Heuristic,13.409444115211116,10,0.8333333333333334,0.7337190744667499,0.8333333333333334,0.16666666666666663,0.7885183742275181,0.3293284079355573,0.0,0.125,24.429916036508327,20000442
Cog-Heuristic,9.636598276229506,7,0.5833333333333334,0.49127627588117706,0.8333333333333334,0.41666666666666663,0.8364762258768265,0.3446196522359765,0.0,0.14583333333333334,25.474698863466198,20000443
Cog-Heuristic,6.815106155130346,6,0.5,0.37399022783858604,0.6666666666666666,0.5,0.7541388692756733,0.2938117094108485,0.0,0.16666666666666666,22.058865552598647,20000444
Cog-Heuristic,8.411659824088547,7,0.5833333333333334,0.4418445851538243,0.6666666666666666,0.41666666666666663,0.765449500040829,0.28576647671121885,0.0,0.20833333333333334,21.99249817183688,20000445
Cog-Heuristic,9.114510609583007,7,0.5833333333333334,0.432123420421822,0.8333333333333334,0.41666666666666663,0.7905629154291623,0.3273241812915475,0.0,0.14583333333333334,24.403506722764106,20000446
Cog-Heuristic,5.981906502236338,5,0.4166666666666667,0.3435688706258188,0.6666666666666666,0.5833333333333333,0.7713567102684596,0.3698216015180604,0.0,0.14583333333333334,22.76829728903309,20000447
Cog-Heuristic,11.010071456524448,8,0.6666666666666666,0.5848920277365456,0.8333333333333334,0.33333333333333337,0.8236785903394152,0.3363730185487153,0.0,0.16666666666666666,24.919229066231768,20000448
Cog-Heuristic,13.94167899851065,10,0.8333333333333334,0.7362359466404191,0.8333333333333334,0.16666666666666663,0.7666178625024186,0.27975301797170443,0.0,0.14583333333333334,24.196828811252487,20000449
Cog-Heuristic,13.152615960109934,9,0.75,0.6766788133583052,0.75,0.25,0.8080361006680873,0.3708798324953116,0.0,0.14583333333333334,24.4039280444804,20000450
Cog-Heuristic,12.257247824637616,9,0.75,0.6352575322383088,0.8333333333333334,0.25,0.7557700975462267,0.32220540824479676,0.0,0.14583333333333334,23.73374319159838,20000451
Cog-Heuristic,11.576018310235044,8,0.6666666666666666,0.5934696842692511,0.75,0.33333333333333337,0.8278955589046131,0.3439913264090409,0.0,0.16666666666666666,24.282269188173974,20000452
Cog-Heuristic,3.5180597045776816,4,0.3333333333333333,0.284193314903592,0.5,0.6666666666666667,0.7213235253578995,0.34825763341313504,0.0,0.20833333333333334,19.5211163080956,20000453
Cog-Heuristic,6.440441049784538,6,0.5,0.26807105111055834,0.75,0.5,0.7580547053799238,0.3217919815061638,0.0,0.14583333333333334,23.42560477959199,20000454
Cog-Heuristic,8.883183379593264,7,0.5833333333333334,0.4407679511042019,0.8333333333333334,0.41666666666666663,0.7888950419086577,0.3185561912681953,0.0,0.16666666666666666,23.51773506423684,20000455
Cog-Heuristic,8.188806237520721,7,0.5833333333333334,0.42112848272188225,0.75,0.41666666666666663,0.7696064819066452,0.347846112722538,0.0,0.125,23.138120201344943,20000456
Cog-Heuristic,5.275036212694912,5,0.4166666666666667,0.329033947185316,0.5833333333333334,0.5833333333333333,0.7302495056583359,0.30317928056532745,0.0,0.20833333333333334,19.638523987719797,20000457
Cog-Heuristic,3.5814548819911805,4,0.3333333333333333,0.23515175676654348,0.5833333333333334,0.6666666666666667,0.7588696298625139,0.36648257412689295,0.0,0.1875,21.244579145827334,20000458
Cog-Heuristic,16.41501766595854,11,0.9166666666666666,0.8655226712036665,0.9166666666666666,0.08333333333333337,0.8715689434445313,0.3194861114755319,0.0,0.14583333333333334,27.036019558308844,20000459
Cog-Heuristic,14.195686704575866,10,0.8333333333333334,0.7503422016582137,0.9166666666666666,0.16666666666666663,0.8069663105614867,0.3139410072915245,0.0,0.10416666666666667,25.335444495356022,20000460
Cog-Heuristic,9.166738662031282,7,0.5833333333333334,0.4581839855667171,0.75,0.41666666666666663,0.8169112890421073,0.37234352599531545,0.0,0.125,24.681993478108254,20000461
Cog-Heuristic,14.298264418317416,10,0.8333333333333334,0.7372620912027931,0.9166666666666666,0.16666666666666663,0.8247241335781629,0.3509360209568961,0.0,0.125,26.113329454272726,20000462
Cog-Heuristic,12.628450666816747,9,0.75,0.6576976165059198,0.75,0.25,0.7665183470499762,0.354334851029858,0.0,0.125,24.673389519966626,20000463
Cog-Heuristic,10.50357462285173,8,0.6666666666666666,0.5079026173233004,0.8333333333333334,0.33333333333333337,0.7553533416179313,0.28260517063986823,0.0,0.14583333333333334,24.124356842235482,20000464
Cog-Heuristic,8.568149390331042,7,0.5833333333333334,0.41170232665397927,0.8333333333333334,0.41666666666666663,0.7678356889535843,0.31222807668793345,0.0,0.14583333333333334,24.26699991429382,20000465
Cog-Heuristic,6.982320938610738,6,0.5,0.39394374970847984,0.6666666666666666,0.5,0.7164462860604495,0.27625619992272243,0.0,0.16666666666666666,22.370454287786597,20000466
Cog-Heuristic,11.827327003393034,9,0.75,0.6662443299749576,0.8333333333333334,0.25,0.7751647137674725,0.26564041812464184,0.0,0.14583333333333334,24.326479510368795,20000467
Cog-Heuristic,10.100149985591214,8,0.6666666666666666,0.505654952754471,0.8333333333333334,0.33333333333333337,0.7425604627699954,0.3134490925219417,0.0,0.14583333333333334,23.53761262927196,20000468
Cog-Heuristic,6.846276708338112,6,0.5,0.35393846891992325,0.75,0.5,0.7226886990700402,0.31196914611550114,0.0,0.14583333333333334,22.43840569993668,20000469
Cog-Heuristic,13.752390158836187,10,0.8333333333333334,0.7737385690924725,0.9166666666666666,0.16666666666666663,0.7532422516738305,0.3296793893079183,0.0,0.125,24.010440583203987,20000470
Cog-Heuristic,14.560938909721111,10,0.8333333333333334,0.7809049579713419,0.8333333333333334,0.16666666666666663,0.8443890607751605,0.3162085318949078,0.0,0.16666666666666666,25.0466709520177,20000471
Cog-Heuristic,10.86178593572913,8,0.6666666666666666,0.5964781963659552,0.75,0.33333333333333337,0.7651275605506891,0.3207657896245129,0.0,0.16666666666666666,23.85939736147526,20000472
Cog-Heuristic,11.837407379221096,9,0.75,0.601652072450687,0.8333333333333334,0.25,0.7879747876895493,0.30920157411286087,0.0,0.125,24.844568256888078,20000473
Cog-Heuristic,10.63918341853956,8,0.6666666666666666,0.5582781615348484,0.75,0.33333333333333337,0.7852478773708752,0.31972534249262086,0.0,0.14583333333333334,23.867715929296406,20000474
Cog-Heuristic,7.429378061538001,6,0.5,0.4108217432955258,0.75,0.5,0.7706271943030352,0.3691632320360217,0.0,0.125,23.507014997178025,20000475
Cog-Heuristic,12.153021638810968,9,0.75,0.6916552529944455,0.8333333333333334,0.25,0.7524369898579456,0.2905142198092314,0.0,0.16666666666666666,22.805078416603532,20000476
Cog-Heuristic,8.801770975578219,7,0.5833333333333334,0.45966995983019654,0.75,0.41666666666666663,0.7671311225322041,0.3113501789209607,0.0,0.14583333333333334,23.8642383827036,20000477
Cog-Heuristic,8.941765697356605,7,0.5833333333333334,0.4438850967420167,0.75,0.41666666666666663,0.7877357029684656,0.3390111764717783,0.0,0.14583333333333334,23.68472096407728,20000478
Cog-Heuristic,8.9123877079763,7,0.5833333333333334,0.4584135912281558,0.75,0.41666666666666663,0.7455498086803575,0.2840760505099769,0.0,0.16666666666666666,22.966911197450543,20000479
Cog-Heuristic,12.75471161735898,9,0.75,0.65468041776416,0.75,0.25,0.8411969271700827,0.35708525812262426,0.0,0.16666666666666666,23.98913093741184,20000480
Cog-Heuristic,10.534091531311303,8,0.6666666666666666,0.5402885956308862,0.9166666666666666,0.33333333333333337,0.7667233528000729,0.27453595684927373,0.0,0.125,25.174888556058935,20000481
Cog-Heuristic,6.9887690532802536,6,0.5,0.3584004778905424,0.6666666666666666,0.5,0.7780279444104323,0.3112633565149367,0.0,0.16666666666666666,22.881708671998325,20000482
Cog-Heuristic,15.987285195525658,11,0.9166666666666666,0.856882779499462,0.9166666666666666,0.08333333333333337,0.7577247250485604,0.32423710043431814,0.0,0.08333333333333333,25.18318760958097,20000483
Cog-Heuristic,5.934646041018889,5,0.4166666666666667,0.32507063744275055,0.75,0.5833333333333333,0.7834501274119944,0.29940206575735434,0.0,0.1875,23.166126788921254,20000484
Cog-Heuristic,12.445763067632857,9,0.75,0.6673368689669592,0.75,0.25,0.7103988642282265,0.2914190870288482,0.0,0.16666666666666666,21.90217543014136,20000485
Cog-Heuristic,12.582798541736777,9,0.75,0.6679542500636225,0.8333333333333334,0.25,0.7734522448924986,0.34966318518805517,0.0,0.125,23.35659615293575,20000486
Cog-Heuristic,11.098520246026055,8,0.6666666666666666,0.5691042930068662,0.8333333333333334,0.33333333333333337,0.7798307804013781,0.3147903225328329,0.0,0.14583333333333334,24.62421471151358,20000487
Cog-Heuristic,9.242082611962605,7,0.5833333333333334,0.4522778689209497,0.8333333333333334,0.41666666666666663,0.7920572680267561,0.3130805987523641,0.0,0.14583333333333334,24.29382675394725,20000488
Cog-Heuristic,12.565156512588745,9,0.75,0.6547865842197075,0.75,0.25,0.764898164454466,0.3161690969326336,0.0,0.14583333333333334,22.820176567899487,20000489
Cog-Heuristic,8.66961472593046,7,0.5833333333333334,0.4006729231944913,0.8333333333333334,0.41666666666666663,0.7810756189862701,0.3238563400822591,0.0,0.16666666666666666,23.412669036657046,20000490
Cog-Heuristic,10.911902618479179,8,0.6666666666666666,0.5513131511142672,0.75,0.33333333333333337,0.7770508222400613,0.34114813024247326,0.0,0.16666666666666666,23.02500916997463,20000491
Cog-Heuristic,10.804248656235513,8,0.6666666666666666,0.5597567990759124,0.8333333333333334,0.33333333333333337,0.8283230879342662,0.3164183775591355,0.0,0.16666666666666666,24.316163030847612,20000492
Cog-Heuristic,6.95860560657272,6,0.5,0.3285801460298403,0.75,0.5,0.7345199485536605,0.3278921196740463,0.0,0.16666666666666666,21.850395282663598,20000493
Cog-Heuristic,8.85548101306102,7,0.5833333333333334,0.46973436461093826,0.8333333333333334,0.41666666666666663,0.7423739582668983,0.34713516977826187,0.0,0.10416666666666667,23.88540203503272,20000494
Cog-Heuristic,10.6597076125305,8,0.6666666666666666,0.5522125936152901,0.75,0.33333333333333337,0.7280488817463756,0.31197577687259737,0.0,0.16666666666666666,22.323286615919635,20000495
Cog-Heuristic,15.70192825370491,11,0.9166666666666666,0.8396167351634318,0.9166666666666666,0.08333333333333337,0.8105566870432764,0.3316335966750821,0.0,0.10416666666666667,26.5115582124467,20000496
Cog-Heuristic,13.841211491890565,10,0.8333333333333334,0.7386200582638759,0.8333333333333334,0.16666666666666663,0.7666308279853928,0.29226541490416885,0.0,0.16666666666666666,23.33917112395641,20000497
Cog-Heuristic,8.73962937626357,7,0.5833333333333334,0.43539636204696547,0.75,0.41666666666666663,0.7664529570090995,0.28404024577597037,0.0,0.16666666666666666,23.184426371693036,20000498
Cog-Heuristic,6.8765947036195385,6,0.5,0.33396607825960256,0.75,0.5,0.7479613461532271,0.30486474013162773,0.0,0.16666666666666666,22.81141892146076,20000499
